date,pressure_hpa,max_temp_degC,min_temp_degC,mean_temp_degC,mean_humidity_percent,max_humidity_percent,min_humidity_percent,mean_wind_direction_compass,mean_wind_speed_kts,max_wind_direction_compass,max_wind_speed_kts,rainfall_mm,sunshine_hrs,cloud_cover_oktas
6/1/1991,1004.1,29.4,23.4,26.3,91,100,86,WNW,45,WNW,64,65.0,,8
6/2/1991,1003.9,29.2,25.4,27.8,89,98,83,WNW,51,NW,62,9.9,,8
6/3/1991,1005.1,29.6,26.0,28.8,80,86,71,WNW,50,NNW,76,4.7,,7
6/4/1991,1005.9,29.0,23.0,27.3,87,98,72,W,37,WNW,68,29.1,,7
6/5/1991,1005.9,28.6,24.0,27.1,89,100,78,WNW,41,WNW,70,57.1,,8
6/6/1991,1006.3,29.4,24.2,27.7,84,98,70,W,32,W,64,40.5,,7
6/7/1991,1007.0,30.0,26.0,28.9,80,87,78,WSW,22,WSW,52,0.0,,6
6/8/1991,1007.3,29.6,25.0,28.7,82,83,80,WSW,20,W,52,6.6,,7
6/9/1991,1008.0,31.6,26.4,29.3,79,85,76,WNW,19,WNW,25,5.2,,5
6/10/1991,1008.2,31.4,27.2,29.3,82,87,77,WNW,18,WNW,20,0.0,,4
6/11/1991,1008.5,31.0,25.6,29.8,72,78,65,W,16,W,18,3.2,,4
6/12/1991,1008.7,30.0,27.0,29.4,78,81,74,WNW,18,W,20,0.0,,6
6/13/1991,1008.7,30.2,25.6,28.2,86,95,81,WNW,16,WNW,22,40.2,,7
6/14/1991,1008.6,29.6,27.2,29.1,83,85,81,W,13,WNW,15,0.0,,8
6/15/1991,1010.6,30.2,25.6,29.4,83,92,78,WNW,14,WNW,18,18.4,,6
6/16/1991,1011.5,30.2,26.4,29.3,80,85,77,W,14,W,48,10.1,,7
6/17/1991,1012.7,30.2,25.0,28.3,83,97,71,SW,15,W,54,6.5,,7
6/18/1991,1011.5,30.0,26.2,28.5,80,85,76,W,19,W,56,11.6,,6
6/19/1991,1010.4,30.2,27.4,29.0,74,76,69,WNW,19,WNW,22,0.0,,6
6/20/1991,1009.6,30.4,27.6,29.5,73,79,71,NW,13,NW,14,0.0,,6
6/21/1991,1010.7,32.0,27.4,29.9,72,76,68,WNW,12,WNW,13,0.0,,4
6/22/1991,1011.9,31.0,24.0,29.0,78,90,69,NW,13,WNW,56,24.7,,7
6/23/1991,1010.5,29.2,25.0,27.6,88,92,83,WNW,12,WNW,14,27.2,,7
6/24/1991,1010.1,28.6,24.5,26.4,92,98,82,WNW,16,NW,52,19.3,,7
6/25/1991,1010.2,29.0,23.8,27.6,83,92,78,NW,16,NW,36,21.6,,7
6/26/1991,1009.9,30.7,24.8,27.3,86,93,79,WNW,15,WNW,52,4.7,,8
6/27/1991,1008.6,29.2,24.0,27.5,86,93,82,WNW,15,WNW,62,12.0,,7
6/28/1991,1008.0,30.8,24.4,29.3,77,83,73,WNW,15,W,17,0.0,,7
6/29/1991,1010.7,30.6,23.2,28.7,82,87,77,WNW,15,WNW,54,5.5,,6
6/30/1991,1008.2,29.8,24.0,27.8,85,92,79,WNW,14,WNW,20,0.6,,8
7/1/1991,1010.7,29.8,24.6,28.0,86,89,83,NW,8,NNE,12,0.6,,8
7/2/1991,1010.0,30.9,27.2,29.5,79,81,74,NW,12,NW,15,0.0,,5
7/3/1991,1010.3,30.7,27.2,29.7,79,85,71,NW,11,NW,12,0.0,,4
7/4/1991,1011.8,31.9,26.7,29.7,76,80,71,WNW,10,NW,12,0.0,,5
7/5/1991,1011.7,31.9,26.8,29.6,76,90,65,WSW,8,WNW,10,0.0,,7
7/6/1991,1011.3,30.8,27.2,28.9,72,75,71,WSW,11,W,14,0.0,,6
7/7/1991,1010.6,30.3,27.2,28.8,73,77,70,WSW,14,WSW,17,0.0,,7
7/8/1991,1008.4,30.4,26.7,28.9,79,83,77,WSW,17,WSW,19,0.7,,7
7/9/1991,1007.7,29.9,23.6,28.4,81,89,76,WSW,15,W,35,20.4,,7
7/10/1991,1008.4,29.5,23.0,27.5,85,93,82,WSW,10,NW,56,11.2,,7
7/11/1991,1009.3,30.0,24.2,28.1,81,89,73,WNW,15,NW,62,5.4,,7
7/12/1991,1009.0,28.2,24.5,27.2,84,86,83,NW,23,NW,60,7.9,,8
7/13/1991,1008.0,31.1,24.6,28.7,80,92,73,WNW,13,W,43,5.9,,7
7/14/1991,1008.6,29.8,25.2,27.8,85,90,79,WNW,10,WNW,14,0.0,,8
7/15/1991,1008.2,30.6,25.0,29.1,77,83,74,WNW,12,WSW,14,0.0,,6
7/16/1991,1009.1,31.1,27.4,28.9,78,88,74,WNW,8,WNW,14,0.0,,7
7/17/1991,1009.4,31.8,25.4,29.4,81,87,74,WNW,8,WNW,14,5.7,,7
7/18/1991,1010.0,30.8,25.6,28.9,82,87,77,WNW,11,NW,24,4.1,,7
7/19/1991,1010.7,30.6,24.6,29.1,81,86,77,NW,11,NW,16,10.1,,7
7/20/1991,1010.1,30.3,25.5,28.9,80,84,77,NW,13,NW,48,3.7,,6
7/21/1991,1010.4,30.9,25.5,28.8,79,83,76,NW,14,NW,52,1.4,,7
7/22/1991,1010.6,31.4,26.6,29.3,78,82,72,W,10,W,14,0.4,,6
7/23/1991,1011.1,31.8,27.4,29.7,76,84,73,WNW,9,WNW,12,0.0,,5
7/24/1991,1010.9,30.9,26.4,29.2,75,81,70,WSW,11,WSW,13,0.0,,4
7/25/1991,1010.0,31.1,26.5,29.4,75,81,71,WSW,10,WSW,13,0.0,,4
7/26/1991,1009.0,31.8,27.0,29.6,76,87,63,SW,12,SW,18,0.0,,6
7/27/1991,1009.2,31.2,26.4,29.6,78,83,73,WSW,13,WSW,17,4.3,,7
7/28/1991,1008.3,30.9,24.4,28.6,82,86,78,WSW,13,W,56,10.6,,7
7/29/1991,1008.4,30.0,26.0,28.6,83,85,81,WNW,18,W,48,2.8,,8
7/30/1991,1008.6,30.4,25.5,28.7,78,82,75,WNW,18,WNW,64,17.1,,7
7/31/1991,1008.5,28.2,24.0,26.8,86,93,83,WSW,25,WNW,68,22.8,,8
8/1/1991,1008.6,28.8,25.6,26.9,85,95,76,NW,20,WNW,60,0.0,,7
8/2/1991,1008.6,29.2,25.2,28.3,77,79,71,NW,15,WNW,27,0.1,,7
8/3/1991,1009.5,30.6,26.6,28.7,78,80,75,NW,12,NW,19,0.4,,7
8/4/1991,1009.9,30.0,27.6,28.4,81,83,78,NNW,12,NW,17,1.1,,7
8/5/1991,1010.2,30.5,25.6,28.9,76,81,73,VRB,6,WNW,12,0.0,,7
8/6/1991,1010.5,31.0,25.4,28.9,77,86,70,CALM,0,NNW,7,0.0,,7
8/7/1991,1010.6,31.2,25.9,29.4,72,80,66,VRB,5,WNW,10,0.0,,6
8/8/1991,1009.9,31.2,27.3,29.1,73,84,67,WNW,8,WNW,11,0.0,,6
8/9/1991,1010.3,31.4,27.1,29.4,72,77,67,W,7,W,10,0.0,,7
8/10/1991,1010.4,31.7,27.2,29.7,75,83,70,W,8,W,15,0.1,,6
8/11/1991,1010.6,31.1,25.6,29.2,74,80,68,WSW,9,WSW,11,0.0,,7
8/12/1991,1010.6,30.5,27.4,28.8,76,86,71,SW,9,SW,11,0.0,,7
8/13/1991,1010.7,30.0,24.6,28.9,78,79,75,WSW,12,WNW,60,1.6,,8
8/14/1991,1011.0,30.3,22.2,28.7,80,86,75,WNW,14,WNW,56,27.5,,8
8/15/1991,1011.0,29.9,24.5,27.4,82,98,77,WNW,21,NW,20,30.0,,7
8/16/1991,1011.0,28.8,25.6,27.5,77,79,76,WNW,12,NW,38,12.8,,7
8/17/1991,1011.6,28.0,25.8,26.8,83,87,78,WNW,19,WNW,32,1.2,,8
8/18/1991,1011.3,27.6,24.5,27.0,79,86,70,NW,12,NNW,62,5.6,,8
8/19/1991,1011.2,28.5,25.6,28.0,79,83,76,NW,11,NW,14,0.0,,7
8/20/1991,1009.8,30.2,25.5,28.7,78,84,75,NNW,10,NNW,35,2.0,,6
8/21/1991,1009.6,30.5,27.0,28.9,80,83,76,WNW,11,WNW,14,0.0,,6
8/22/1991,1010.5,30.8,25.8,29.0,78,81,75,W,8,W,13,1.6,,7
8/23/1991,1011.1,31.5,26.0,29.3,78,84,73,WNW,7,NW,15,0.2,,5
8/24/1991,1010.5,30.4,25.6,28.8,78,83,73,WNW,14,WNW,52,1.8,,6
8/25/1991,1010.3,29.5,23.8,27.8,81,84,80,WNW,11,WNW,56,16.0,,7
8/26/1991,1011.2,29.0,25.4,26.9,83,87,81,WNW,13,WNW,48,2.8,,7
8/27/1991,1011.5,30.0,24.6,28.3,77,81,75,NNW,14,NW,54,4.9,,7
8/28/1991,1011.0,29.2,22.8,27.4,80,86,75,NW,13,NW,78,44.9,,7
8/29/1991,1011.9,29.8,23.2,26.0,84,96,75,NW,14,NW,54,13.5,,8
8/30/1991,1011.4,28.0,24.0,27.0,82,85,80,NW,20,NW,58,6.5,,7
8/31/1991,1011.6,29.8,22.8,26.8,83,85,81,NNW,14,NW,60,5.2,,8
9/1/1991,1012.6,29.8,26.2,28.2,78,83,75,N,13,N,18,0.0,,6
9/2/1991,1012.1,30.0,26.0,28.4,77,83,71,NNW,15,NNW,20,0.1,,5
9/3/1991,1010.4,29.9,23.0,27.9,78,83,73,NNW,11,NNW,24,4.4,,5
9/4/1991,1010.7,30.0,26.9,27.8,80,93,74,N,11,N,17,0.0,,5
9/5/1991,1012.8,30.2,25.2,28.6,76,83,71,WNW,10,NNW,12,0.0,,3
9/6/1991,1013.4,30.5,27.0,28.9,76,84,71,NW,8,NNW,15,0.0,,5
9/7/1991,1012.0,30.0,27.0,28.6,74,77,70,NNW,12,NNW,18,0.2,,4
9/8/1991,1011.8,30.4,27.0,28.9,74,80,67,NNW,13,NNW,18,0.0,,5
9/9/1991,1012.3,30.5,27.2,29.3,75,79,74,NNW,12,NNW,20,0.0,,4
9/10/1991,1011.4,30.5,27.1,28.9,75,84,70,NNW,14,NNW,18,0.0,,5
9/11/1991,1012.0,30.6,27.0,28.9,74,80,70,NNW,14,NNW,17,0.0,,4
9/12/1991,1011.9,31.0,26.5,29.2,75,80,72,NNW,13,N,15,0.0,,5
9/13/1991,1011.3,31.0,25.8,28.6,75,81,70,NNW,7,NNW,10,0.8,,4
9/14/1991,1010.8,31.3,25.4,29.2,74,81,69,NNW,7,NNW,11,0.0,,3
9/15/1991,1010.8,31.2,25.2,29.4,70,78,66,VRB,5,NNW,8,0.0,,3
9/16/1991,1011.2,32.2,24.6,29.7,69,78,61,CALM,0,CALM,6,0.0,,5
9/17/1991,1011.9,31.2,25.6,28.7,75,87,67,VRB,3,CALM,6,0.1,,7
9/18/1991,1010.9,30.6,25.4,28.3,76,81,65,NW,8,NNW,25,13.0,,7
9/19/1991,1010.4,30.8,26.4,28.9,75,81,70,NNW,9,NNW,13,0.0,,6
9/20/1991,1010.2,30.7,25.4,28.7,75,87,70,NNW,9,WNW,24,0.1,,5
9/21/1991,1010.1,30.9,26.8,28.9,74,83,70,WNW,10,WNW,14,0.0,,7
9/22/1991,1009.3,31.2,26.4,29.6,72,80,70,NW,9,NW,13,0.0,,4
9/23/1991,1009.9,31.0,27.4,29.4,72,76,69,NW,11,NW,15,0.0,,3
9/24/1991,1010.3,31.2,27.5,29.3,71,75,68,NW,15,NW,24,0.0,,3
9/25/1991,1010.5,30.6,27.4,29.2,73,80,68,NW,14,NW,16,0.0,,3
9/26/1991,1010.6,31.1,27.0,29.3,74,79,70,NW,12,NNW,14,0.0,,4
9/27/1991,1011.1,31.2,26.5,28.8,76,78,73,NW,10,NW,18,0.1,,4
9/28/1991,1011.4,31.0,27.0,29.1,76,87,70,NW,11,NNW,14,0.0,,7
9/29/1991,1011.3,31.2,26.8,29.3,74,80,68,NNW,12,NNW,17,0.0,,6
9/30/1991,1010.8,32.2,26.8,29.6,74,84,66,WNW,9,NNW,20,0.0,,6
10/1/1991,1009.9,31.6,27.2,29.2,75,81,68,NNW,8,NNW,9,0.0,,5
10/2/1991,1009.4,31.2,24.0,29.1,76,83,74,NW,9,NNW,40,9.9,,5
10/3/1991,1008.9,30.4,26.0,28.7,78,80,75,NW,9,W,18,5.1,,7
10/4/1991,1008.5,31.0,27.2,29.2,76,80,70,WNW,12,WSW,20,1.6,,7
10/5/1991,1008.7,31.0,26.4,29.3,78,85,73,WNW,12,WNW,18,0.0,,3
10/6/1991,1009.1,31.0,27.2,29.4,75,83,70,NNW,12,NNW,14,0.0,,3
10/7/1991,1008.9,31.0,27.2,29.3,69,70,64,NNW,12,NW,15,0.0,,5
10/8/1991,1009.1,30.6,26.6,29.2,70,76,67,NW,13,NW,15,0.0,,6
10/9/1991,1009.0,31.6,24.4,29.5,65,74,60,WNW,6,W,11,0.0,,1
10/10/1991,1010.3,31.6,27.2,29.2,68,81,61,WSW,7,SW,12,0.0,,2
10/11/1991,1010.2,31.2,27.0,29.3,69,80,64,NW,9,SW,11,0.1,,4
10/12/1991,1009.7,30.4,25.2,28.5,74,77,71,W,12,W,20,5.0,,7
10/13/1991,1009.5,28.0,25.2,27.3,80,87,79,W,12,NNW,22,1.5,,8
10/14/1991,1010.0,30.2,24.4,27.3,81,86,73,WSW,8,WSW,18,2.2,,7
10/15/1991,1010.4,30.2,25.4,28.1,79,87,75,VRB,4,NNW,20,0.0,,7
10/16/1991,1011.6,30.8,26.2,28.4,77,84,69,VRB,3,NNW,7,0.0,,7
10/17/1991,1010.9,31.4,25.0,29.4,71,81,66,NW,8,NW,10,0.0,,5
10/18/1991,1010.9,30.0,23.8,27.4,82,92,73,VRB,3,N,10,0.0,,7
10/19/1991,1011.3,28.8,21.7,25.7,87,95,83,VRB,3,E,45,59.9,,8
10/20/1991,1010.5,27.0,22.4,25.2,88,100,79,NW,7,NW,20,27.8,,8
10/21/1991,1009.9,26.8,23.2,25.8,89,93,84,VRB,4,ENE,20,8.2,,8
10/22/1991,1010.2,30.4,23.9,27.9,78,85,71,VRB,3,W,18,0.2,,6
10/23/1991,1009.4,31.0,23.4,28.7,77,90,71,VRB,3,NW,14,27.6,,5
10/24/1991,1009.0,29.0,23.4,26.2,86,92,80,SW,18,SSW,40,13.8,,7
10/25/1991,1009.2,30.2,23.6,27.7,79,83,69,WNW,14,W,62,22.0,,7
10/26/1991,1009.7,30.6,23.8,28.6,80,87,75,WNW,12,W,62,1.5,,5
10/27/1991,1009.9,30.5,24.2,29.0,77,81,73,NW,17,NW,64,7.1,,6
10/28/1991,1007.7,29.4,26.0,28.2,84,85,83,WNW,15,W,23,1.6,,8
10/29/1991,1005.8,30.4,24.8,28.4,81,87,75,W,19,N,35,12.8,,7
10/30/1991,1006.9,28.6,24.2,27.2,88,92,83,WNW,22,W,72,30.0,,8
10/31/1991,1008.3,29.8,26.0,28.8,79,82,76,WNW,17,W,30,0.0,,6
11/1/1991,1008.9,30.4,24.4,29.1,77,80,74,WNW,11,WNW,14,1.5,,2
11/2/1991,1010.4,31.2,26.6,28.8,79,87,76,NW,7,NW,12,0.0,,3
11/3/1991,1010.8,30.6,24.4,29.0,76,81,72,VRB,2,NW,6,0.0,,3
11/4/1991,1010.9,31.2,24.4,28.6,77,93,69,VRB,3,SW,8,0.0,,2
11/5/1991,1011.1,30.6,25.0,28.4,74,91,67,N,4,N,9,1.9,,1
11/6/1991,1012.2,31.4,24.2,28.4,76,81,74,NW,5,NW,9,0.0,,3
11/7/1991,1013.1,30.4,22.8,26.3,87,96,74,WSW,5,WNW,20,25.1,,5
11/8/1991,1011.4,30.0,23.2,27.4,83,98,75,VRB,4,E,7,0.0,,6
11/9/1991,1011.5,30.4,23.4,27.1,85,98,74,VRB,2,N,12,16.3,,3
11/10/1991,1011.9,30.4,23.4,27.2,84,95,77,SE,5,SSE,24,4.2,,6
11/11/1991,1012.2,30.6,23.8,28.3,82,92,77,ESE,8,ESE,20,4.0,,4
11/12/1991,1012.1,30.5,23.0,27.4,84,98,77,VRB,3,SE,30,27.1,,4
11/13/1991,1012.4,30.4,24.6,28.1,82,96,71,VRB,2,SSW,7,0.0,,2
11/14/1991,1011.7,30.4,27.0,29.0,78,84,75,NW,10,NW,16,0.0,,3
11/15/1991,1010.1,30.4,27.4,29.1,80,85,77,WNW,15,WNW,20,0.0,,2
11/16/1991,1009.5,30.8,25.6,29.5,78,86,72,WNW,14,WNW,23,7.7,,2
11/17/1991,1010.2,30.8,23.9,29.4,75,79,73,NNW,9,NNW,11,0.0,,2
11/18/1991,1011.8,30.9,25.1,28.6,77,96,71,VRB,4,NNW,9,0.0,,1
11/19/1991,1011.7,30.7,25.4,28.9,75,79,71,ESE,7,ESE,14,0.0,,3
11/20/1991,1011.5,30.8,24.4,28.3,75,87,69,NE,5,NE,10,0.0,,6
11/21/1991,1010.8,31.2,25.5,27.8,78,91,66,VRB,5,ENE,11,0.0,,5
11/22/1991,1011.0,30.8,22.4,27.6,78,84,69,NNE,10,NE,39,72.1,,8
11/23/1991,1011.6,27.4,23.0,24.5,95,100,86,E,9,ESE,43,34.2,,8
11/24/1991,1010.6,30.0,27.2,28.7,79,80,77,E,20,ESE,36,0.0,,5
11/25/1991,1011.7,29.6,24.0,27.4,83,95,77,ESE,18,SE,36,12.5,,5
11/26/1991,1013.3,30.0,26.8,28.1,79,89,74,SE,12,SE,19,0.0,,5
11/27/1991,1013.6,30.7,25.2,29.0,77,85,74,ESE,9,ESE,12,0.0,,3
11/28/1991,1013.2,30.9,23.8,28.7,77,85,71,VRB,3,ESE,7,0.0,,2
11/29/1991,1012.6,30.8,24.8,28.7,77,87,72,VRB,5,NW,20,0.6,,2
11/30/1991,1011.6,30.4,24.7,28.0,78,87,72,NE,7,NW,24,3.7,,4
12/1/1991,1011.5,30.0,25.4,28.2,72,81,65,E,9,E,11,0.0,,2
12/2/1991,1012.9,30.2,26.4,28.1,69,74,63,NE,8,E,11,0.0,,2
12/3/1991,1013.0,30.4,25.2,28.5,74,81,69,E,10,ENE,15,0.0,,2
12/4/1991,1012.8,30.4,26.2,28.4,70,78,71,ENE,9,E,15,0.0,,2
12/5/1991,1013.2,30.6,24.5,28.4,70,75,68,ENE,8,E,14,0.0,,2
12/6/1991,1014.2,30.6,24.9,28.4,60,79,69,NE,7,NE,10,0.0,,2
12/7/1991,1014.4,30.6,26.0,28.4,75,82,69,ENE,7,ENE,11,0.0,,1
12/8/1991,1013.6,30.4,24.6,28.3,73,82,68,NNE,9,NE,14,0.0,,4
12/9/1991,1013.0,30.3,26.0,27.9,77,84,74,ENE,8,E,14,0.0,,2
12/10/1991,1013.5,30.2,21.8,28.2,77,82,71,E,10,E,13,0.0,,2
12/11/1991,1012.7,30.8,23.5,28.3,75,82,71,ENE,9,ENE,14,0.0,,2
12/12/1991,1012.3,30.9,23.8,28.1,78,91,71,ENE,8,NE,12,0.0,,4
12/13/1991,1011.5,31.2,25.1,29.1,77,84,72,ENE,11,NE,14,0.0,,4
12/14/1991,1010.4,30.9,26.0,28.4,83,90,77,VRB,4,ENE,10,0.0,,7
12/15/1991,1009.9,31.1,25.0,28.7,83,89,80,ENE,8,E,10,0.0,,7
12/16/1991,1009.5,30.2,24.8,28.7,82,89,76,ENE,7,E,50,0.8,,7
12/17/1991,1009.5,30.0,23.3,26.9,85,96,81,ENE,16,ESE,54,23.5,,8
12/18/1991,1009.2,29.0,23.8,26.8,84,90,78,ESE,14,E,28,19.9,,7
12/19/1991,1009.0,29.5,23.8,27.5,82,86,79,SE,13,SE,19,0.0,,5
12/20/1991,1008.9,30.0,26.4,28.2,81,83,79,ESE,12,ESE,17,0.0,,4
12/21/1991,1009.2,30.0,26.2,28.3,81,87,76,ENE,7,ENE,10,0.2,,3
12/22/1991,1010.6,30.2,24.4,28.0,80,88,74,VRB,4,ESE,7,0.0,,5
12/23/1991,1010.4,29.8,24.0,27.4,82,93,72,VRB,4,ENE,9,0.0,,6
12/24/1991,1010.7,30.2,23.2,27.0,84,93,74,VRB,5,ESE,15,0.0,,5
12/25/1991,1009.5,29.9,24.2,27.8,79,96,71,VRB,5,N,7,0.1,,2
12/26/1991,1010.5,29.4,25.5,27.5,79,84,73,N,9,NNW,12,0.0,,4
12/27/1991,1009.9,29.6,22.2,27.8,69,79,62,N,8,N,12,0.0,,3
12/28/1991,1011.3,30.2,21.2,27.7,66,76,60,VRB,4,W,7,0.0,,3
12/29/1991,1013.5,30.5,21.4,27.5,70,83,66,VRB,4,CALM,6,0.0,,2
12/30/1991,1012.7,30.0,24.8,26.6,74,94,63,VRB,4,E,7,0.0,,2
12/31/1991,1012.5,30.6,23.4,27.9,71,82,65,VRB,4,SSW,7,0.0,,3
1/1/1992,1012.4,29.5,25.4,27.6,68,79,62,ESE,6,ESE,10,0.0,,1
1/2/1992,1012.7,30.2,25.5,27.8,72,82,66,E,9,ENE,13,0.0,,2
1/3/1992,1013.8,30.4,22.8,28.0,75,85,66,E,8,ENE,17,0.0,,3
1/4/1992,1015.2,30.4,25.2,27.8,75,89,67,NNE,8,NNE,12,0.0,,1
1/5/1992,1013.4,31.2,23.8,28.4,74,85,63,NNE,10,NNE,15,0.0,,2
1/6/1992,1013.2,30.2,23.2,28.0,73,86,60,N,7,N,12,0.0,,4
1/7/1992,1013.4,30.4,24.2,27.7,68,85,57,VRB,5,NNE,8,0.0,,2
1/8/1992,1013.0,30.8,26.2,27.8,71,77,67,VRB,3,ESE,8,0.0,,1
1/9/1992,1013.5,30.8,25.0,28.4,72,80,61,ESE,8,ESE,11,0.0,,4
1/10/1992,1014.0,31.0,24.4,28.2,73,84,63,NE,11,NE,14,0.0,,3
1/11/1992,1013.4,30.4,25.4,27.4,75,87,68,NE,10,NE,13,0.0,,6
1/12/1992,1013.1,30.5,26.2,28.1,67,70,62,NE,12,W,20,0.0,,2
1/13/1992,1013.1,30.6,22.0,28.3,68,80,60,E,11,E,15,0.0,,3
1/14/1992,1013.4,30.5,26.0,27.9,67,78,59,NE,11,NE,16,0.0,,2
1/15/1992,1011.9,31.2,24.2,28.6,70,78,63,NE,12,NE,20,0.0,,4
1/16/1992,1012.4,31.0,25.5,28.8,66,75,61,ENE,10,ENE,14,0.0,,2
1/17/1992,1013.2,30.8,26.6,27.8,70,74,66,E,12,E,15,0.0,,5
1/18/1992,1012.9,31.0,26.6,28.7,74,78,69,E,11,E,15,0.0,,4
1/19/1992,1013.2,30.8,26.4,28.8,75,83,70,NE,9,NNE,16,0.0,,5
1/20/1992,1013.1,30.8,26.6,28.4,73,79,69,ESE,12,ESE,17,0.0,,6
1/21/1992,1013.1,30.5,25.4,28.4,70,74,67,E,13,E,17,0.0,,6
1/22/1992,1014.8,30.8,25.0,28.5,64,66,62,E,10,ESE,13,0.0,,2
1/23/1992,1014.3,30.8,26.0,28.4,66,68,60,E,8,E,10,0.0,,3
1/24/1992,1013.3,31.4,24.8,28.7,65,75,59,E,9,NE,11,0.0,,2
1/25/1992,1012.9,30.6,24.8,28.2,67,75,62,ESE,12,ESE,15,0.0,,3
1/26/1992,1011.9,30.4,26.6,28.0,63,69,58,ENE,9,ESE,29,0.0,,2
1/27/1992,1012.6,31.0,26.1,28.5,61,69,57,ENE,16,ESE,28,0.0,,2
1/28/1992,1012.3,30.0,24.0,28.2,65,71,62,ESE,14,ESE,18,0.0,,2
1/29/1992,1013.1,30.9,21.5,28.2,59,74,49,ENE,9,E,11,0.0,,2
1/30/1992,1014.0,30.6,23.8,27.5,70,88,60,VRB,4,ENE,9,0.0,,2
1/31/1992,1013.7,31.2,24.2,28.5,69,80,64,ENE,10,ENE,13,0.0,,3
2/1/1992,1012.8,30.6,23.0,28.0,72,83,67,NE,7,ENE,11,0.0,,5
2/2/1992,1012.6,30.1,25.6,27.8,69,83,62,NNE,9,N,14,0.0,,3
2/3/1992,1013.0,30.7,23.0,28.1,64,74,58,NNE,11,N,16,0.0,,6
2/4/1992,1012.9,30.0,23.5,27.3,69,81,63,NNE,9,N,11,0.0,,2
2/5/1992,1012.7,30.7,23.2,28.1,73,91,63,VRB,5,ENE,8,0.0,,6
2/6/1992,1013.8,31.0,24.2,28.2,71,81,66,VRB,5,NNE,10,0.0,,2
2/7/1992,1014.1,30.2,22.0,27.8,70,80,65,VRB,4,NNE,8,0.0,,2
2/8/1992,1011.9,30.6,23.0,27.9,75,90,64,NNE,6,NNE,13,0.0,,3
2/9/1992,1011.8,30.8,23.0,27.9,73,90,63,VRB,5,NNE,12,0.0,,3
2/10/1992,1011.3,30.8,22.4,28.0,74,90,67,VRB,4,NNE,11,0.0,,3
2/11/1992,1011.6,31.0,20.0,27.9,70,88,62,VRB,4,E,10,0.0,,1
2/12/1992,1012.4,30.4,21.8,27.0,68,82,57,VRB,3,E,10,0.0,,2
2/13/1992,1012.7,30.8,24.0,27.5,74,91,63,N,7,NNE,16,0.9,,6
2/14/1992,1012.0,29.6,24.2,26.0,83,91,71,NNW,7,N,11,1.5,,2
2/15/1992,1012.0,30.8,24.3,28.6,68,79,60,VRB,4,S,7,0.0,,5
2/16/1992,1012.3,31.2,25.0,28.9,71,81,63,VRB,5,S,8,0.0,,4
2/17/1992,1011.7,31.6,25.2,29.0,67,79,60,NNE,10,ENE,13,0.0,,2
2/18/1992,1011.2,31.5,24.6,28.9,67,78,62,NE,8,NNE,14,0.0,,2
2/19/1992,1012.5,30.8,25.6,28.6,68,78,61,NNE,9,NNE,13,0.0,,1
2/20/1992,1011.9,30.4,22.4,28.3,63,71,56,N,10,N,13,0.0,,3
2/21/1992,1011.7,31.5,24.3,28.0,71,89,62,VRB,3,NNE,7,0.0,,5
2/22/1992,1013.3,31.6,24.4,27.9,76,84,65,NE,9,NE,16,0.5,,2
2/23/1992,1012.9,31.5,24.5,28.9,73,82,66,NE,12,NE,15,0.0,,2
2/24/1992,1013.1,31.8,23.6,28.5,72,85,63,NE,7,NE,13,0.0,,2
2/25/1992,1013.5,31.0,24.6,28.1,75,90,68,NE,7,NNE,15,0.0,,2
2/26/1992,1013.3,31.8,26.1,28.5,71,82,64,NE,7,N,14,0.0,,2
2/27/1992,1012.5,31.2,24.2,28.8,71,80,64,VRB,5,N,10,0.0,,1
2/28/1992,1012.3,31.9,22.2,28.9,71,81,62,NNE,7,NNE,12,0.0,,2
2/29/1992,1012.1,31.3,23.8,28.4,73,88,67,ENE,6,ENE,11,0.0,,2
3/1/1992,1013.3,32.0,23.6,28.9,71,85,60,NE,9,NNE,12,0.0,,3
3/2/1992,1013.2,31.4,21.4,28.5,72,88,62,N,8,N,12,0.0,,2
3/3/1992,1012.9,31.0,22.1,27.9,72,91,63,VRB,6,NNW,9,0.0,,1
3/4/1992,1013.9,31.5,23.5,28.4,71,89,59,VRB,6,WNW,8,0.0,,2
3/5/1992,1013.9,31.9,23.4,28.7,71,90,63,E,7,N,10,0.0,,2
3/6/1992,1013.9,31.5,23.0,28.8,69,88,60,NNE,9,N,12,0.0,,2
3/7/1992,1013.3,31.6,22.5,28.7,69,83,63,E,6,ESE,12,0.0,,2
3/8/1992,1014.4,32.0,21.0,28.8,66,78,61,VRB,4,ENE,10,0.0,,2
3/9/1992,1014.6,31.8,23.1,28.3,61,82,52,VRB,4,E,10,0.0,,1
3/10/1992,1013.7,31.6,23.5,29.0,66,78,59,NNE,6,NNE,12,0.0,,1
3/11/1992,1013.6,31.4,23.6,28.6,73,95,59,VRB,5,NNE,12,0.0,,2
3/12/1992,1013.1,31.5,23.5,29.1,72,88,66,NNE,7,N,13,0.0,,2
3/13/1992,1013.5,32.0,24.0,29.0,72,95,62,NE,7,NE,12,0.0,,3
3/14/1992,1012.8,32.0,22.8,29.2,71,89,62,NE,8,NE,11,0.0,,2
3/15/1992,1012.3,32.0,24.5,28.6,75,93,67,ENE,7,ENE,11,0.0,,1
3/16/1992,1011.9,32.3,24.8,29.4,69,90,59,NE,11,ENE,14,0.0,,1
3/17/1992,1011.0,32.4,24.0,29.3,69,85,62,NNE,8,NNE,11,0.0,,3
3/18/1992,1010.6,31.5,23.8,29.0,70,85,63,NNE,9,NNE,11,0.0,,2
3/19/1992,1009.1,32.4,23.2,29.1,71,90,63,VRB,5,E,9,0.0,,2
3/20/1992,1011.2,33.0,23.8,29.2,68,88,59,VRB,3,SE,6,0.0,,2
3/21/1992,1010.6,32.3,23.2,29.1,69,87,61,NE,7,NE,9,0.0,,3
3/22/1992,1010.8,32.6,23.0,29.1,67,85,63,NE,9,NE,14,0.0,,4
3/23/1992,1010.9,32.4,25.4,29.5,69,90,59,ENE,8,NE,11,0.0,,6
3/24/1992,1010.3,32.2,26.2,29.1,73,88,66,ENE,8,ENE,12,0.0,,5
3/25/1992,1009.7,33.0,26.1,29.4,74,92,66,NE,8,NNE,13,0.0,,7
3/26/1992,1009.6,32.2,23.6,29.6,71,84,69,NE,9,NNE,13,0.0,,5
3/27/1992,1010.5,31.6,26.0,29.7,74,86,67,VRB,6,N,9,0.0,,6
3/28/1992,1010.5,32.2,23.8,29.2,69,79,63,NNW,8,NNW,12,0.0,,2
3/29/1992,1009.3,31.8,25.5,30.0,72,91,62,N,6,NNW,8,0.0,,3
3/30/1992,1009.0,32.2,25.5,29.2,68,82,60,NNW,7,NW,11,0.0,,2
3/31/1992,1009.8,32.4,27.4,29.9,69,81,60,N,9,N,12,0.0,,2
4/1/1992,1011.0,32.5,24.0,30.4,67,79,62,N,7,NNE,14,0.0,,2
4/2/1992,1011.0,31.8,23.0,29.1,71,85,66,NNE,6,NNE,10,0.0,,4
4/3/1992,1012.2,32.4,24.0,29.5,70,88,60,VRB,5,NNE,13,0.0,,1
4/4/1992,1012.2,33.0,26.0,29.5,70,87,61,VRB,3,E,10,0.0,,2
4/5/1992,1011.0,32.4,27.6,30.0,70,84,62,N,8,N,14,0.0,,2
4/6/1992,1009.4,32.1,27.8,29.8,69,79,63,NNW,11,N,15,0.0,,2
4/7/1992,1009.6,31.9,27.8,29.8,70,74,65,NW,13,NW,18,0.0,,2
4/8/1992,1010.8,32.0,28.0,30.0,71,77,67,NW,12,NW,18,0.0,,2
4/9/1992,1008.9,32.2,28.0,30.3,69,77,63,N,10,NNW,15,0.0,,3
4/10/1992,1010.0,32.3,28.0,30.2,71,79,62,NNW,10,NNW,14,0.0,,3
4/11/1992,1010.6,32.2,27.2,30.2,70,77,63,N,10,N,12,0.0,,2
4/12/1992,1010.8,32.4,26.8,30.2,69,77,63,N,8,NNE,11,0.0,,2
4/13/1992,1010.7,32.6,26.0,30.4,70,79,65,N,9,N,12,0.0,,2
4/14/1992,1011.0,32.6,27.8,30.6,69,80,63,N,6,NNW,11,0.0,,2
4/15/1992,1011.2,32.6,27.8,30.2,68,79,61,NNW,9,NNW,12,0.0,,2
4/16/1992,1010.7,32.7,26.4,30.2,69,77,61,NNW,9,NNW,11,0.0,,3
4/17/1992,1010.7,32.8,26.8,30.2,69,76,63,NNW,7,NNW,10,0.0,,5
4/18/1992,1010.9,32.6,26.8,30.3,71,79,63,VRB,4,NNE,10,0.0,,3
4/19/1992,1011.5,33.0,24.6,30.5,71,83,65,CALM,0,CALM,6,0.0,,2
4/20/1992,1012.1,33.8,26.1,30.3,71,90,64,CALM,0,SSE,8,7.4,,3
4/21/1992,1012.1,32.0,25.8,29.4,77,92,66,CALM,0,W,8,8.0,,3
4/22/1992,1010.3,31.8,28.2,29.6,79,93,74,NNW,8,NNW,20,0.0,,5
4/23/1992,1008.7,32.4,28.2,30.4,69,76,64,NNW,9,NNW,13,0.0,,4
4/24/1992,1008.4,32.8,26.6,30.7,68,75,61,NNW,8,NNW,12,10.3,,4
4/25/1992,1011.1,31.2,23.6,27.9,81,95,72,ESE,11,E,32,21.0,,6
4/26/1992,1009.8,32.5,24.0,30.1,75,79,70,E,9,E,13,9.9,,5
4/27/1992,1009.5,30.9,24.0,27.3,87,95,82,E,7,ESE,34,14.4,,7
4/28/1992,1008.2,31.8,27.2,30.0,71,72,69,ENE,8,E,13,0.0,,2
4/29/1992,1009.1,32.2,25.2,30.4,73,79,71,E,8,E,10,0.0,,2
4/30/1992,1009.9,32.1,25.2,29.7,75,93,70,VRB,5,NNE,9,0.0,,2
5/1/1992,1009.4,32.8,25.5,30.1,73,95,64,VRB,4,CALM,6,0.0,,3
5/2/1992,1008.9,33.4,28.2,30.4,74,93,66,VRB,5,S,7,0.0,,3
5/3/1992,1007.8,33.1,28.0,30.9,73,82,69,NW,7,WNW,9,0.0,,3
5/4/1992,1007.7,32.4,28.9,30.7,74,81,72,NNW,10,NNW,13,0.0,,4
5/5/1992,1009.6,32.4,28.6,30.6,72,76,68,NW,10,NNW,14,1.1,,6
5/6/1992,1011.0,30.4,23.0,28.0,85,90,80,CALM,0,SE,25,44.4,,7
5/7/1992,1009.1,30.4,25.2,28.8,80,90,74,SW,8,SW,14,22.5,,7
5/8/1992,1008.4,30.4,26.0,29.3,80,92,71,NNW,9,NW,13,0.0,,5
5/9/1992,1009.2,31.8,26.6,29.8,76,80,71,VRB,5,W,12,0.1,,4
5/10/1992,1009.6,32.4,28.8,30.7,74,83,69,W,9,WNW,12,0.0,,3
5/11/1992,1008.4,31.4,26.8,28.9,78,82,75,WNW,11,NE,28,0.0,,7
5/12/1992,1008.1,32.2,28.4,30.4,71,76,66,W,9,W,12,0.0,,4
5/13/1992,1010.4,30.2,25.2,28.4,75,82,73,WSW,9,NE,29,9.6,,7
5/14/1992,1010.7,31.4,27.6,29.3,75,77,72,WNW,13,W,16,0.0,,6
5/15/1992,1009.3,31.4,27.0,30.2,72,79,68,WNW,13,W,17,0.0,,5
5/16/1992,1009.3,31.2,25.2,28.6,81,86,77,WSW,10,WSW,28,18.7,,7
5/17/1992,1008.3,30.6,24.6,28.4,81,86,75,WSW,11,WNW,34,34.7,,8
5/18/1992,1007.5,29.5,26.0,27.5,85,92,77,W,11,WSW,26,8.1,,8
5/19/1992,1008.8,31.2,27.2,29.2,79,80,73,WNW,10,WNW,24,0.0,,7
5/20/1992,1009.6,30.2,26.0,27.8,85,87,82,WNW,8,NW,16,7.8,,8
5/21/1992,1009.6,31.8,28.0,29.8,76,83,72,NNW,8,NW,11,0.0,,5
5/22/1992,1009.5,31.2,28.0,29.8,75,85,68,N,9,N,12,0.0,,6
5/23/1992,1009.9,31.6,27.8,29.8,68,76,62,N,7,N,10,0.0,,4
5/24/1992,1009.6,31.4,28.0,29.8,68,75,63,N,8,N,10,0.0,,2
5/25/1992,1009.5,31.6,28.2,30.0,70,76,67,WNW,11,WNW,16,0.0,,2
5/26/1992,1009.1,32.2,28.2,30.2,69,77,62,WNW,9,WNW,11,0.0,,2
5/27/1992,1009.1,32.4,27.4,30.5,69,78,64,WNW,8,W,12,0.0,,2
5/28/1992,1010.3,31.5,26.6,29.8,74,78,71,WNW,9,W,14,0.9,,6
5/29/1992,1010.1,32.2,28.6,30.3,73,79,68,NNW,8,NW,10,0.0,,4
5/30/1992,1009.2,32.8,24.6,30.1,76,85,68,NW,6,NW,23,20.1,,4
5/31/1992,1007.9,30.7,25.0,29.0,78,80,76,W,13,WSW,21,13.5,,6
6/1/1992,1008.0,30.2,24.8,28.4,77,82,73,WSW,7,SE,23,3.2,,7
6/2/1992,1009.1,29.6,24.5,27.2,82,91,74,WSW,15,SW,34,33.9,,8
6/3/1992,1008.4,30.2,24.0,28.5,78,84,75,W,13,W,30,12.8,,8
6/4/1992,1008.3,30.4,26.0,28.1,81,89,74,WSW,10,WSW,30,0.5,,6
6/5/1992,1008.0,30.4,26.0,28.7,79,83,70,WSW,16,WSW,34,6.7,,6
6/6/1992,1008.3,29.0,24.0,27.2,88,90,83,W,16,WSW,38,32.1,,8
6/7/1992,1008.0,30.4,23.6,29.3,78,83,75,WNW,15,WNW,38,12.5,,7
6/8/1992,1007.5,30.6,26.8,28.8,81,83,76,WNW,14,SW,36,0.0,,7
6/9/1992,1006.4,29.6,23.6,28.4,78,82,74,WSW,20,WSW,38,60.9,,8
6/10/1992,1008.0,29.0,23.8,25.9,88,93,83,W,12,NW,38,3.6,,8
6/11/1992,1006.8,30.4,24.6,28.6,79,83,74,WNW,18,NW,37,21.0,,7
6/12/1992,1006.4,29.2,23.8,27.8,83,87,76,WNW,20,WNW,39,26.9,,8
6/13/1992,1006.3,29.8,24.2,27.9,83,89,81,WNW,24,WNW,39,24.1,,8
6/14/1992,1007.9,30.2,25.2,28.7,82,85,82,WNW,18,WNW,38,1.1,,8
6/15/1992,1009.1,30.6,26.6,29.1,80,83,78,W,14,WNW,30,4.0,,7
6/16/1992,1008.7,30.8,26.8,29.5,80,86,78,WNW,13,WNW,25,0.0,,5
6/17/1992,1007.6,30.8,27.2,29.2,80,85,77,WNW,15,WNW,24,2.8,,6
6/18/1992,1007.4,30.4,28.2,29.1,80,85,75,W,19,WNW,26,0.0,,7
6/19/1992,1007.9,30.6,27.6,29.3,78,82,74,W,18,WNW,27,0.0,,7
6/20/1992,1008.1,30.6,26.4,29.1,79,85,77,W,18,WNW,34,1.4,,6
6/21/1992,1008.7,30.2,27.2,28.6,82,87,79,W,17,W,29,3.0,,8
6/22/1992,1008.9,30.8,26.8,29.3,78,85,73,WNW,17,WNW,28,1.3,,5
6/23/1992,1009.7,30.4,25.2,29.1,78,84,73,WNW,14,NNW,26,5.7,,6
6/24/1992,1009.8,30.4,27.5,29.1,77,80,74,WNW,13,WNW,23,0.0,,4
6/25/1992,1010.3,30.5,27.2,29.2,73,79,69,NW,11,WNW,18,0.0,,5
6/26/1992,1010.2,30.6,27.2,29.2,74,78,70,WNW,8,WNW,16,0.0,,2
6/27/1992,1009.2,31.0,27.5,28.9,75,78,71,WNW,8,WNW,16,0.0,,7
6/28/1992,1009.8,31.4,27.5,29.6,71,77,66,W,9,W,16,0.0,,6
6/29/1992,1010.0,31.0,26.4,29.2,74,78,69,WSW,10,WNW,32,1.9,,5
6/30/1992,1009.6,30.6,24.4,28.8,77,80,73,W,13,WNW,33,9.0,,5
7/1/1992,1009.6,28.8,24.4,27.3,81,87,77,WNW,18,NNW,32,0.6,,7
7/2/1992,1009.5,29.8,23.0,28.0,84,97,79,WNW,14,NNW,31,26.0,,7
7/3/1992,1010.3,28.8,25.6,27.5,87,93,83,NW,12,NNW,28,2.4,,8
7/4/1992,1009.6,29.6,22.8,28.3,83,93,79,NW,14,NNW,33,65.0,,7
7/5/1992,1010.0,29.8,22.8,27.9,81,90,78,NW,17,NW,28,29.6,,6
7/6/1992,1012.0,27.4,23.0,25.6,85,100,74,NW,21,WNW,30,0.4,,8
7/7/1992,1010.9,27.6,23.5,27.0,82,90,71,WNW,15,WNW,34,22.2,,8
7/8/1992,1010.7,27.8,23.9,26.1,81,88,75,NW,9,NW,30,2.2,,8
7/9/1992,1009.4,29.8,25.4,28.2,82,89,73,WNW,12,N,16,0.4,,7
7/10/1992,1008.9,29.8,23.2,27.8,81,84,78,W,15,NNE,27,32.4,,8
7/11/1992,1008.9,28.0,23.2,26.1,87,89,85,NNW,11,NW,32,44.0,,8
7/12/1992,1009.3,27.8,24.8,26.9,83,88,81,WNW,13,NNW,25,4.0,,8
7/13/1992,1008.9,28.9,23.5,27.2,84,93,80,WNW,7,NNW,28,16.9,,7
7/14/1992,1008.3,28.6,23.5,27.1,82,87,82,W,11,WNW,29,14.7,,7
7/15/1992,1008.8,29.6,22.1,27.7,81,85,75,WNW,13,WNW,30,46.0,,6
7/16/1992,1010.3,29.0,23.4,26.9,81,82,80,W,11,NNW,35,3.1,,8
7/17/1992,1009.9,28.2,23.8,26.9,83,93,76,WNW,10,WSW,23,7.7,,8
7/18/1992,1010.0,28.7,23.0,26.3,84,88,73,WSW,10,W,29,48.1,,8
7/19/1992,1009.9,28.6,22.8,25.6,88,96,83,W,14,WNW,40,14.3,,8
7/20/1992,1010.0,29.8,25.4,28.0,83,89,79,W,6,W,24,1.1,,7
7/21/1992,1010.9,30.0,26.4,28.7,81,86,77,WNW,6,WNW,11,0.1,,7
7/22/1992,1011.1,30.4,25.4,27.9,82,87,78,VRB,4,NNW,22,1.4,,7
7/23/1992,1010.2,30.0,24.4,28.4,81,92,74,WSW,6,NNW,23,4.0,,4
7/24/1992,1010.8,30.0,25.0,27.8,83,90,75,WNW,10,WNW,25,0.3,,7
7/25/1992,1010.9,30.0,23.5,26.7,85,98,75,WNW,14,WNW,32,33.9,,7
7/26/1992,1010.2,28.4,23.8,27.5,77,80,74,W,17,WNW,32,20.7,,6
7/27/1992,1009.9,28.6,24.0,27.4,79,83,73,WSW,15,W,33,8.7,,8
7/28/1992,1009.8,28.4,24.0,27.4,82,90,77,W,13,NNW,29,9.8,,8
7/29/1992,1010.6,30.1,25.0,27.1,84,93,78,W,12,W,25,7.2,,6
7/30/1992,1010.7,29.6,24.2,27.5,81,85,81,NW,12,WNW,32,3.9,,7
7/31/1992,1010.5,29.2,23.4,27.3,83,90,79,WNW,15,WNW,35,25.9,,6
8/1/1992,1009.8,28.8,23.8,27.5,82,84,79,WNW,13,NW,30,23.6,,8
8/2/1992,1008.7,27.6,23.2,26.2,85,91,81,NNW,14,WNW,34,41.6,,8
8/3/1992,1008.4,27.8,23.0,26.0,87,93,81,WNW,18,WNW,38,26.2,,8
8/4/1992,1009.6,27.6,23.5,25.7,88,93,82,WNW,14,WNW,31,18.1,,8
8/5/1992,1010.5,27.4,24.0,26.2,83,88,81,NW,19,WNW,32,2.6,,8
8/6/1992,1009.4,28.2,23.6,26.6,86,96,81,NW,17,NNW,34,56.8,,8
8/7/1992,1010.4,26.8,23.8,25.3,90,92,88,NW,17,WNW,31,61.1,,7
8/8/1992,1010.9,29.0,23.2,26.7,82,92,77,WNW,16,NW,30,19.3,,8
8/9/1992,1012.7,27.4,23.8,25.7,87,90,82,WNW,8,WNW,20,14.2,,6
8/10/1992,1012.2,29.2,26.2,27.6,81,88,80,WNW,10,WNW,16,0.0,,8
8/11/1992,1012.4,29.2,26.5,27.6,83,90,80,WNW,12,WNW,14,0.0,,6
8/12/1992,1011.9,29.8,26.0,28.0,79,86,73,WNW,11,WNW,14,2.0,,8
8/13/1992,1011.6,29.6,26.4,28.2,78,84,73,W,11,WNW,15,0.0,,4
8/14/1992,1011.3,29.8,25.4,28.0,81,87,78,WNW,10,WNW,14,0.5,,6
8/15/1992,1012.0,30.2,26.4,28.5,80,93,77,WNW,8,WNW,14,0.0,,7
8/16/1992,1011.9,30.0,25.3,28.2,81,83,78,WNW,10,WNW,23,2.1,,6
8/17/1992,1010.9,30.1,26.5,28.6,77,83,73,W,12,W,16,0.0,,6
8/18/1992,1010.6,30.6,26.7,28.8,77,83,73,WNW,9,WNW,16,0.0,,4
8/19/1992,1011.7,30.3,26.8,28.7,77,84,71,WNW,10,NW,18,0.0,,3
8/20/1992,1011.7,30.0,25.8,28.5,75,84,70,NW,13,NNW,20,0.2,,6
8/21/1992,1011.0,30.0,26.8,28.5,76,86,71,NNW,11,NNW,20,0.0,,5
8/22/1992,1010.7,29.8,24.6,28.3,76,84,72,NW,12,NW,20,0.6,,3
8/23/1992,1011.1,29.4,23.0,26.7,84,93,78,NW,12,NW,28,23.1,,4
8/24/1992,1011.5,29.2,24.4,28.2,78,81,76,WNW,10,WNW,23,2.2,,6
8/25/1992,1011.8,29.2,26.1,28.1,81,86,75,NW,11,WNW,22,0.0,,7
8/26/1992,1011.4,29.8,26.4,28.4,75,83,68,NW,9,WNW,14,0.0,,4
8/27/1992,1011.7,30.4,26.2,28.7,75,83,71,WNW,10,W,18,0.0,,7
8/28/1992,1011.9,30.4,26.5,28.4,76,83,71,WNW,10,WNW,18,0.0,,3
8/29/1992,1010.4,30.2,23.8,28.6,76,81,73,W,10,WNW,32,2.3,,6
8/30/1992,1008.8,31.2,27.2,28.5,76,83,71,WNW,16,WNW,25,0.0,,4
8/31/1992,1008.7,28.6,23.2,27.8,78,80,76,WNW,19,WNW,32,8.9,,8
9/1/1992,1009.7,29.0,24.4,27.1,83,84,81,WNW,17,NW,33,17.6,,8
9/2/1992,1010.7,28.2,25.4,27.4,82,84,80,WNW,15,WNW,27,2.5,,8
9/3/1992,1010.5,29.0,25.6,27.9,80,83,78,WNW,13,WNW,20,0.2,,7
9/4/1992,1010.4,29.6,26.4,27.9,78,83,72,WNW,10,W,16,0.3,,3
9/5/1992,1010.1,30.2,25.4,28.6,76,81,71,WNW,8,WNW,15,0.0,,5
9/6/1992,1010.3,30.0,25.5,28.4,77,83,74,WNW,11,WNW,16,0.0,,7
9/7/1992,1010.9,30.6,25.2,28.5,76,83,72,W,10,W,15,0.0,,7
9/8/1992,1010.1,30.2,26.2,28.1,79,86,74,W,9,WNW,16,0.0,,6
9/9/1992,1009.5,30.2,27.0,28.1,78,83,74,NW,10,NW,17,0.0,,6
9/10/1992,1009.8,30.2,25.2,28.4,77,81,73,NW,12,NW,17,0.4,,6
9/11/1992,1010.2,30.0,25.2,28.4,76,84,70,NW,9,NNW,17,0.0,,6
9/12/1992,1009.9,30.0,25.5,28.4,77,86,70,NW,9,N,18,2.8,,4
9/13/1992,1010.8,30.0,23.2,28.4,75,86,67,VRB,6,N,10,0.0,,3
9/14/1992,1012.1,30.6,26.2,28.0,75,93,65,CALM,0,WNW,9,0.0,,2
9/15/1992,1012.9,30.4,26.6,28.6,73,81,68,VRB,6,WNW,10,0.0,,2
9/16/1992,1013.1,30.4,26.5,28.6,70,79,65,NW,5,NNW,10,0.0,,3
9/17/1992,1011.9,30.0,25.0,28.6,70,78,64,VRB,7,WNW,20,0.7,,3
9/18/1992,1011.3,30.6,26.6,28.6,71,77,66,NW,7,NNW,13,0.0,,3
9/19/1992,1011.6,30.7,26.7,28.5,71,84,64,NNW,6,NNW,11,0.0,,2
9/20/1992,1011.8,30.6,26.8,28.6,73,80,70,VRB,8,N,17,0.0,,5
9/21/1992,1010.9,30.6,27.2,28.8,74,78,67,NW,10,NNW,19,0.0,,3
9/22/1992,1010.1,29.4,25.6,28.0,76,81,71,NNW,14,NNW,22,0.0,,7
9/23/1992,1009.0,30.4,25.8,28.7,74,80,69,NW,10,N,22,0.0,,7
9/24/1992,1009.1,30.2,24.6,28.4,77,83,72,NW,12,N,23,5.9,,7
9/25/1992,1008.7,29.4,25.4,27.4,83,89,76,NW,14,NNW,25,2.3,,7
9/26/1992,1008.5,29.8,24.0,27.6,80,86,74,NW,12,NNW,25,6.7,,8
9/27/1992,1008.9,30.0,24.0,28.5,77,83,74,NW,8,WNW,16,0.0,,6
9/28/1992,1009.9,30.0,26.8,28.4,78,81,75,NW,11,WNW,18,0.0,,7
9/29/1992,1009.2,30.1,25.0,27.7,77,87,74,WNW,11,NW,24,4.2,,5
9/30/1992,1009.0,30.0,23.8,28.1,80,86,74,W,10,WNW,34,28.2,,5
10/1/1992,1009.3,28.6,23.5,26.6,83,92,76,NW,16,WNW,29,25.3,,7
10/2/1992,1010.1,27.8,23.6,25.8,89,90,86,WNW,13,NNW,25,37.4,,8
10/3/1992,1010.3,27.2,25.0,26.2,86,91,83,WSW,7,W,18,0.4,,8
10/4/1992,1009.7,29.2,25.6,27.8,79,84,75,W,14,W,30,0.3,,5
10/5/1992,1009.9,29.5,25.1,28.0,79,83,76,W,16,W,31,0.8,,6
10/6/1992,1009.8,30.4,25.2,28.2,79,84,75,W,15,W,23,3.5,,7
10/7/1992,1008.7,30.0,24.2,28.4,80,83,75,WNW,16,W,29,1.7,,5
10/8/1992,1008.2,29.8,25.6,28.2,77,81,72,W,24,W,37,0.0,,7
10/9/1992,1008.0,29.8,24.2,27.9,82,89,75,WNW,23,WNW,35,1.9,,7
10/10/1992,1008.9,29.2,25.6,27.2,84,90,83,WNW,15,W,24,0.1,,8
10/11/1992,1009.5,30.4,24.6,28.0,80,83,74,WNW,9,WNW,22,5.6,,4
10/12/1992,1009.5,30.0,23.2,27.2,83,88,78,W,8,WNW,27,28.3,,7
10/13/1992,1010.5,26.7,24.2,25.4,87,88,84,W,9,W,20,1.6,,8
10/14/1992,1010.3,29.6,26.2,27.9,80,89,75,WNW,10,WNW,15,0.0,,6
10/15/1992,1010.0,30.4,26.2,28.3,77,80,74,WNW,10,WNW,16,0.0,,7
10/16/1992,1009.7,29.8,26.4,27.9,77,80,72,NW,10,NNW,16,0.4,,5
10/17/1992,1009.7,29.4,26.4,28.0,74,77,70,NW,8,N,14,0.0,,6
10/18/1992,1010.6,29.5,26.2,28.1,74,86,70,NW,9,NNW,13,0.0,,3
10/19/1992,1011.3,29.4,26.0,27.8,71,77,65,NW,9,NNW,12,0.0,,6
10/20/1992,1011.9,29.6,26.0,28.0,70,74,66,VRB,5,N,13,0.0,,4
10/21/1992,1011.7,30.0,26.2,28.0,72,77,67,VRB,6,WNW,13,0.0,,7
10/22/1992,1011.8,29.8,25.6,28.3,71,80,66,WNW,7,WNW,13,0.0,,2
10/23/1992,1012.6,30.1,22.6,28.5,72,81,67,CALM,0,CALM,4,0.0,,3
10/24/1992,1013.5,30.4,22.2,28.6,71,80,66,CALM,0,CALM,3,0.0,,2
10/25/1992,1014.5,30.5,22.4,27.4,74,95,66,CALM,0,CALM,4,0.0,,1
10/26/1992,1014.6,30.0,25.8,27.7,73,93,66,VRB,3,N,9,0.0,,2
10/27/1992,1013.7,30.1,22.8,28.1,74,81,69,VRB,5,N,13,0.0,,4
10/28/1992,1012.9,30.5,24.6,28.4,73,90,65,VRB,4,NNW,9,0.0,,2
10/29/1992,1013.0,31.2,23.2,28.7,75,88,69,CALM,0,N,10,0.0,,2
10/30/1992,1011.9,30.4,25.6,28.4,73,88,66,VRB,3,N,10,0.0,,2
10/31/1992,1011.4,30.8,25.0,29.0,73,83,68,NNW,6,NNW,14,0.0,,2
11/1/1992,1011.0,31.0,26.2,28.9,74,82,68,VRB,5,N,16,0.0,,2
11/2/1992,1011.1,30.2,26.0,27.7,76,81,73,VRB,6,NE,18,0.0,,4
11/3/1992,1010.7,30.2,27.0,28.8,65,75,60,NNW,9,NNW,16,0.0,,3
11/4/1992,1010.5,30.4,26.4,28.8,70,75,66,WNW,8,N,16,0.0,,2
11/5/1992,1010.5,31.9,25.8,28.2,75,78,69,WNW,11,WNW,22,0.4,,5
11/6/1992,1010.8,30.6,25.0,28.6,77,82,73,WNW,6,NW,18,3.3,,6
11/7/1992,1010.9,30.4,23.2,28.9,74,83,70,NW,9,WNW,22,36.0,,4
11/8/1992,1010.4,29.0,23.8,26.6,83,85,75,VRB,6,NNW,18,2.4,,7
11/9/1992,1010.6,30.9,24.8,28.9,76,86,71,VRB,4,ENE,11,2.4,,2
11/10/1992,1011.1,30.6,26.8,28.9,76,86,70,VRB,2,NE,15,0.0,,2
11/11/1992,1010.4,30.7,25.8,29.1,77,84,73,VRB,5,NE,11,0.0,,3
11/12/1992,1009.3,30.2,26.8,28.1,81,92,70,N,6,NNE,14,2.3,,6
11/13/1992,1008.6,29.9,23.6,27.4,83,92,76,NW,7,NNE,22,13.6,,7
11/14/1992,1007.7,30.2,27.4,28.6,77,80,76,NW,11,NNW,20,0.0,,7
11/15/1992,1007.1,30.8,25.6,28.6,79,80,72,W,11,WNW,24,0.3,,7
11/16/1992,1007.1,30.4,27.1,29.0,75,83,71,WNW,14,WNW,20,0.0,,6
11/17/1992,1008.6,30.2,26.4,29.0,71,83,65,WSW,10,WNW,16,0.0,,3
11/18/1992,1009.6,30.8,26.8,29.1,69,77,64,WNW,11,WNW,16,0.0,,4
11/19/1992,1009.8,31.0,23.8,29.0,73,80,69,W,12,N,22,9.6,,4
11/20/1992,1010.9,30.0,25.6,27.2,82,88,75,NW,7,WNW,13,0.0,,7
11/21/1992,1010.1,30.4,23.6,28.4,78,90,73,NNW,6,NNW,12,0.0,,3
11/22/1992,1011.3,30.6,24.6,28.6,75,90,67,CALM,0,NNW,7,0.0,,2
11/23/1992,1012.7,30.6,26.2,28.8,74,83,70,VRB,4,E,16,0.1,,5
11/24/1992,1013.4,28.8,25.2,27.6,81,83,79,E,9,ESE,22,3.0,,7
11/25/1992,1012.3,29.8,25.0,28.0,80,84,78,VRB,4,NNE,11,0.0,,7
11/26/1992,1010.3,30.2,23.6,28.1,79,88,73,VRB,3,NNE,8,0.0,,7
11/27/1992,1011.3,30.4,25.0,27.8,79,93,73,VRB,3,ENE,12,0.3,,5
11/28/1992,1011.3,30.8,24.8,28.4,75,90,70,CALM,0,SE,11,0.0,,7
11/29/1992,1012.7,30.0,25.6,28.4,77,83,73,NW,7,NNW,14,2.3,,7
11/30/1992,1012.0,29.2,23.6,26.8,80,87,76,VRB,6,NNE,23,0.9,,8
12/1/1992,1010.9,28.6,22.6,25.3,87,93,77,W,7,N,24,41.3,,8
12/2/1992,1010.6,26.0,23.0,24.5,90,95,85,WNW,7,WNW,14,47.2,,8
12/3/1992,1010.1,28.2,24.6,26.8,85,90,79,VRB,3,SSW,18,8.2,,8
12/4/1992,1011.4,29.8,24.4,27.1,82,93,76,SSE,8,SE,22,6.2,,5
12/5/1992,1012.6,29.6,25.6,27.6,80,87,76,SE,9,SE,22,0.0,,5
12/6/1992,1012.7,30.0,24.0,28.2,77,83,72,ESE,8,SE,16,0.0,,3
12/7/1992,1012.7,29.8,24.4,27.8,78,90,71,VRB,4,ENE,10,0.0,,2
12/8/1992,1012.7,30.0,25.0,28.2,74,85,67,VRB,5,NE,8,0.0,,2
12/9/1992,1011.9,29.6,26.0,27.5,72,88,64,VRB,5,E,10,0.0,,3
12/10/1992,1012.2,29.6,24.4,28.2,68,75,64,E,7,NE,12,0.0,,1
12/11/1992,1012.9,30.2,23.7,28.0,71,84,62,NNE,9,NNE,15,0.0,,1
12/12/1992,1013.0,29.7,23.5,28.2,72,83,67,VRB,5,E,8,0.0,,3
12/13/1992,1012.4,29.8,24.0,28.0,72,82,66,VRB,5,NE,8,0.0,,3
12/14/1992,1012.1,30.0,22.2,27.8,74,83,69,VRB,6,NE,10,0.0,,3
12/15/1992,1012.3,29.6,23.6,27.8,75,88,69,VRB,5,NNE,20,11.7,,2
12/16/1992,1011.9,29.4,21.8,27.2,89,95,82,VRB,7,NNE,12,0.5,,7
12/17/1992,1010.6,30.0,23.2,28.0,80,93,73,VRB,3,NE,18,12.6,,3
12/18/1992,1011.0,29.2,24.2,27.1,83,93,77,ENE,10,ENE,27,1.9,,7
12/19/1992,1010.6,28.6,24.2,27.0,81,91,76,ESE,20,SE,31,1.3,,7
12/20/1992,1010.6,29.4,27.0,28.1,78,82,76,ESE,17,ESE,25,0.0,,4
12/21/1992,1011.9,29.8,26.8,28.3,76,77,74,ESE,16,ESE,24,0.0,,4
12/22/1992,1012.9,30.2,24.2,28.4,76,81,73,ESE,9,ESE,16,0.0,,6
12/23/1992,1012.1,30.0,25.0,28.2,73,85,67,VRB,6,ENE,11,0.0,,3
12/24/1992,1012.0,29.8,24.6,27.7,73,81,68,VRB,3,ENE,7,0.0,,4
12/25/1992,1012.4,30.2,25.4,28.1,71,76,67,VRB,5,ENE,14,0.0,,2
12/26/1992,1012.4,29.8,22.8,27.9,65,77,58,ENE,8,ENE,12,0.0,,4
12/27/1992,1012.9,29.2,25.0,27.2,63,74,58,VRB,5,E,11,0.0,,2
12/28/1992,1012.9,29.6,24.8,27.3,58,66,54,ENE,7,E,13,0.0,,2
12/29/1992,1013.9,29.6,25.2,26.9,67,84,60,VRB,5,ENE,13,0.0,,2
12/30/1992,1014.4,30.4,24.5,28.2,74,85,67,ENE,8,E,14,0.0,,4
12/31/1992,1014.9,30.4,23.6,28.1,70,84,63,ENE,7,NE,13,0.0,,2
1/1/1993,1015.5,30.0,24.8,27.9,70,76,62,NE,9,NE,14,0.0,,5
1/2/1993,1013.7,30.0,22.8,27.9,69,78,63,NE,11,ENE,18,0.0,,2
1/3/1993,1013.4,29.8,23.6,27.5,71,81,65,NE,8,NE,11,0.0,,4
1/4/1993,1013.0,29.8,25.2,28.0,73,81,67,NE,10,ESE,17,0.0,,5
1/5/1993,1013.1,30.2,23.8,28.0,69,75,63,NE,10,ENE,13,0.0,,1
1/6/1993,1012.3,30.2,24.2,27.6,74,88,65,ENE,8,ENE,17,0.0,,6
1/7/1993,1011.1,29.3,24.8,27.5,72,87,65,NE,7,NE,13,0.0,,5
1/8/1993,1011.3,29.8,23.5,27.7,65,73,62,NE,8,NE,12,0.0,,5
1/9/1993,1011.2,30.2,24.5,27.8,68,80,62,NE,7,NE,14,0.0,,1
1/10/1993,1010.4,30.1,24.6,27.9,75,85,67,NE,7,NE,16,0.0,,7
1/11/1993,1009.9,30.5,24.0,28.4,76,90,70,NE,7,ENE,14,14.8,,4
1/12/1993,1009.9,29.4,24.0,27.7,78,88,71,NNE,7,NNE,13,0.0,,7
1/13/1993,1010.7,29.2,22.8,27.0,76,85,69,NNE,7,NNE,13,0.0,,7
1/14/1993,1010.5,29.4,21.8,27.0,74,88,66,VRB,3,ENE,12,0.0,,5
1/15/1993,1011.8,28.4,22.8,26.4,75,89,70,VRB,4,NNE,11,0.0,,6
1/16/1993,1012.5,28.4,24.8,26.7,75,85,68,VRB,4,E,13,0.0,,7
1/17/1993,1011.9,29.6,24.6,28.1,66,71,63,E,7,ENE,12,0.0,,4
1/18/1993,1012.4,29.6,25.3,27.6,72,75,69,E,6,E,13,0.0,,5
1/19/1993,1012.8,29.8,23.0,28.2,70,73,66,ENE,6,NNE,9,0.0,,4
1/20/1993,1012.9,29.6,24.2,27.5,73,78,66,VRB,4,NE,11,0.0,,5
1/21/1993,1012.9,29.4,24.8,27.4,72,83,68,NE,8,NE,12,0.0,,5
1/22/1993,1013.8,29.8,23.6,28.0,66,75,62,VRB,5,E,8,0.0,,4
1/23/1993,1013.1,29.4,23.0,27.5,72,77,65,VRB,5,SW,11,3.6,,5
1/24/1993,1012.2,29.2,25.8,27.3,74,78,71,VRB,2,ENE,12,0.0,,5
1/25/1993,1011.5,30.4,26.0,28.3,69,79,62,E,10,E,25,0.0,,6
1/26/1993,1012.9,29.4,25.9,27.6,83,85,81,ESE,16,ESE,22,1.1,,5
1/27/1993,1014.5,30.2,23.8,28.3,77,83,71,ESE,9,ESE,14,0.0,,2
1/28/1993,1014.3,29.6,24.0,27.5,80,86,72,VRB,5,NNE,9,0.0,,2
1/29/1993,1013.8,29.8,23.8,27.4,75,88,68,VRB,5,N,7,0.0,,2
1/30/1993,1012.6,30.2,25.0,27.6,74,90,65,ESE,6,ESE,12,0.0,,2
1/31/1993,1013.5,30.2,26.0,27.7,73,87,66,ESE,9,ESE,17,0.0,,2
2/1/1993,1014.3,29.9,25.6,28.0,69,78,65,ESE,11,E,17,0.0,,2
2/2/1993,1014.1,30.5,25.2,28.4,67,75,60,E,11,ENE,14,0.0,,1
2/3/1993,1013.7,30.2,25.9,28.1,67,76,61,E,11,E,18,0.0,,1
2/4/1993,1014.2,29.8,25.8,28.0,71,75,66,ESE,12,ESE,16,0.0,,1
2/5/1993,1014.3,30.5,23.6,28.1,68,78,62,NE,9,NE,15,0.0,,1
2/6/1993,1014.2,30.6,24.2,27.8,72,82,65,NE,8,ENE,12,0.0,,2
2/7/1993,1013.9,29.6,23.4,27.8,73,82,68,VRB,5,NNE,13,0.0,,1
2/8/1993,1013.2,30.0,21.6,27.6,72,80,65,VRB,6,NNE,11,0.0,,2
2/9/1993,1012.3,30.4,20.5,27.2,70,86,61,VRB,4,N,7,0.0,,2
2/10/1993,1012.1,30.3,24.6,26.9,67,87,56,CALM,0,SE,17,0.0,,2
2/11/1993,1012.3,30.1,25.6,28.0,67,75,62,SE,8,ESE,12,0.0,,2
2/12/1993,1012.5,30.2,25.5,28.0,70,74,64,ESE,9,SE,14,0.0,,2
2/13/1993,1012.9,30.0,24.3,27.9,66,70,60,E,7,E,13,0.0,,1
2/14/1993,1011.9,29.7,24.8,27.8,70,76,65,ENE,7,ENE,13,0.0,,2
2/15/1993,1011.5,30.1,26.4,28.2,72,79,68,E,7,N,13,0.0,,2
2/16/1993,1009.9,30.5,26.0,28.5,75,81,71,NNE,9,NNE,14,0.0,,2
2/17/1993,1010.1,30.3,26.0,28.2,75,82,71,N,9,N,14,0.0,,2
2/18/1993,1011.4,30.2,26.2,28.2,72,81,67,N,8,N,11,0.0,,2
2/19/1993,1011.8,29.8,21.4,28.2,70,75,67,VRB,6,N,16,0.0,,2
2/20/1993,1011.5,30.6,21.9,28.6,65,75,60,N,9,N,13,0.0,,2
2/21/1993,1011.1,30.1,20.8,27.9,66,73,61,VRB,3,N,8,0.0,,2
2/22/1993,1011.7,30.7,25.0,28.3,65,74,57,CALM,0,CALM,5,0.0,,2
2/23/1993,1011.8,29.8,23.8,26.7,72,91,65,NNW,6,NNW,12,0.0,,2
2/24/1993,1012.6,30.1,23.8,28.0,69,75,64,N,8,N,12,0.0,,2
2/25/1993,1013.4,30.7,25.8,28.2,75,87,70,NNE,7,NNE,15,0.0,,5
2/26/1993,1012.9,30.6,23.5,28.5,70,81,65,NNE,9,NNE,17,0.0,,3
2/27/1993,1011.8,31.1,25.2,28.4,70,88,62,VRB,6,E,13,0.0,,2
2/28/1993,1012.1,30.7,23.6,28.4,66,75,62,VRB,3,E,9,0.0,,2
3/1/1993,1012.5,30.8,25.8,28.8,67,74,64,VRB,4,E,14,0.4,,2
3/2/1993,1012.9,31.0,26.4,28.8,69,76,64,E,8,ENE,15,0.0,,3
3/3/1993,1012.7,31.1,24.6,28.4,70,75,64,ENE,7,E,20,0.5,,3
3/4/1993,1012.7,30.9,25.2,28.4,76,91,65,NNE,9,NNE,16,0.0,,3
3/5/1993,1011.8,31.0,24.8,28.6,73,84,66,N,9,NNE,17,0.0,,3
3/6/1993,1011.6,29.2,24.5,27.6,80,83,78,VRB,5,ESE,14,9.6,,5
3/7/1993,1011.2,31.3,26.6,29.4,71,78,67,E,9,E,18,0.0,,2
3/8/1993,1012.7,31.0,23.8,29.0,71,75,65,ESE,9,ESE,13,0.0,,2
3/9/1993,1012.2,30.9,23.6,28.8,70,79,64,NE,8,ENE,13,0.0,,2
3/10/1993,1011.7,30.9,23.7,27.8,75,90,70,VRB,4,NNE,9,0.0,,2
3/11/1993,1011.7,30.8,22.8,28.6,71,85,64,VRB,5,ENE,12,0.0,,2
3/12/1993,1012.2,31.0,26.7,27.8,76,91,66,VRB,2,NNE,8,0.0,,4
3/13/1993,1012.8,30.8,26.6,28.8,74,81,69,N,7,NNE,15,0.0,,4
3/14/1993,1012.1,30.4,26.8,28.7,72,83,65,N,9,NNE,12,0.0,,3
3/15/1993,1011.9,30.4,26.4,28.6,67,74,62,NNW,9,NNW,14,0.0,,3
3/16/1993,1011.3,30.2,24.6,28.4,66,72,58,NNW,8,NW,14,0.0,,3
3/17/1993,1010.4,30.3,26.7,28.3,72,81,65,NNW,6,N,15,0.0,,3
3/18/1993,1010.5,30.7,24.5,29.0,72,78,68,NNW,7,N,15,0.0,,2
3/19/1993,1011.0,31.3,26.7,29.1,71,80,64,VRB,4,N,11,0.0,,2
3/20/1993,1010.8,31.0,24.5,29.1,71,81,66,VRB,4,NW,11,0.0,,2
3/21/1993,1010.9,31.4,25.4,29.2,72,81,66,VRB,5,NNW,9,0.4,,2
3/22/1993,1011.9,30.2,24.5,26.7,84,89,79,VRB,3,SW,15,3.8,,6
3/23/1993,1013.6,30.7,25.5,27.8,81,93,74,CALM,0,SW,9,0.0,,6
3/24/1993,1013.3,32.0,25.2,29.2,75,87,67,VRB,5,WNW,9,0.0,,4
3/25/1993,1012.3,31.4,23.5,28.8,75,90,67,VRB,2,W,10,0.0,,4
3/26/1993,1012.6,32.6,23.6,28.5,73,91,61,CALM,0,SSE,9,0.0,,4
3/27/1993,1012.8,31.3,26.0,28.8,73,88,67,VRB,4,N,15,0.0,,2
3/28/1993,1011.7,31.4,27.2,29.2,71,81,64,N,10,NNE,16,0.0,,2
3/29/1993,1012.1,31.2,25.2,29.2,70,77,65,N,7,N,13,0.0,,2
3/30/1993,1011.6,31.2,23.5,28.8,73,85,69,VRB,3,ESE,10,0.0,,2
3/31/1993,1012.0,31.9,26.0,29.1,67,87,58,VRB,2,NNW,9,0.0,,2
4/1/1993,1012.2,31.3,27.0,29.4,71,75,67,VRB,6,N,13,0.0,,2
4/2/1993,1011.3,31.6,27.4,29.5,71,80,66,VRB,4,N,13,0.0,,2
4/3/1993,1010.8,31.2,25.6,29.6,68,79,63,N,7,N,11,0.0,,2
4/4/1993,1010.5,31.0,25.5,29.2,71,80,65,NNW,6,NNW,12,0.0,,2
4/5/1993,1011.0,30.8,26.4,29.1,71,83,64,N,6,NNW,10,0.0,,2
4/6/1993,1011.3,31.4,26.8,29.3,70,78,65,NNE,8,NNE,12,0.0,,5
4/7/1993,1011.3,32.4,25.6,29.7,75,77,73,VRB,2,NNE,7,0.0,,4
4/8/1993,1010.5,31.0,24.4,29.3,75,79,70,VRB,2,N,11,0.0,,7
4/9/1993,1010.8,31.8,25.6,29.2,77,92,69,VRB,3,NNE,13,0.0,,4
4/10/1993,1011.9,32.3,26.3,29.5,75,87,63,VRB,3,ENE,13,2.2,,3
4/11/1993,1012.1,32.4,24.2,29.8,70,86,67,VRB,3,SE,8,0.0,,2
4/12/1993,1011.3,32.7,24.2,29.3,74,91,67,CALM,0,CALM,4,0.0,,2
4/13/1993,1012.0,32.2,26.5,29.2,74,87,68,CALM,0,NE,18,0.0,,3
4/14/1993,1013.2,31.3,24.5,29.5,73,84,62,VRB,6,N,13,0.0,,2
4/15/1993,1013.5,32.0,24.6,29.2,68,84,65,VRB,4,N,9,0.0,,2
4/16/1993,1013.2,31.9,28.2,29.4,72,88,62,VRB,3,N,11,0.0,,2
4/17/1993,1011.8,32.0,28.0,29.4,67,73,64,NNW,8,NNW,14,0.0,,2
4/18/1993,1010.5,31.9,27.4,30.2,69,76,62,VRB,5,NNW,11,0.0,,2
4/19/1993,1010.5,32.3,28.4,30.4,68,76,65,VRB,5,WNW,13,0.0,,1
4/20/1993,1011.0,31.9,28.8,30.2,70,76,66,NW,9,NW,18,0.0,,3
4/21/1993,1010.2,32.4,28.7,30.6,72,78,67,NNW,10,NW,17,0.0,,3
4/22/1993,1009.8,31.9,28.4,30.4,70,76,68,NNW,10,NNW,18,0.0,,2
4/23/1993,1009.3,32.4,28.0,30.6,73,78,69,NW,7,NNW,13,0.0,,4
4/24/1993,1009.3,32.3,28.1,30.3,73,82,69,VRB,4,NW,8,0.0,,3
4/25/1993,1008.9,32.4,26.9,30.1,76,80,69,VRB,5,NW,11,4.4,,3
4/26/1993,1008.9,32.0,24.8,30.0,76,86,70,VRB,4,NNW,21,24.3,,5
4/27/1993,1008.9,30.8,26.5,28.4,83,86,76,VRB,4,ESE,18,0.1,,8
4/28/1993,1008.5,32.4,23.7,28.3,84,91,77,NW,6,NNW,26,49.6,,6
4/29/1993,1008.4,31.6,28.2,30.1,80,86,76,NW,9,NW,15,0.0,,7
4/30/1993,1008.8,31.4,28.0,29.8,75,79,72,NNW,7,NNW,11,0.0,,7
5/1/1993,1008.5,31.6,28.5,30.0,74,86,68,NNW,7,NNW,15,0.0,,3
5/2/1993,1008.7,31.7,28.6,30.1,74,79,71,NNW,9,NNW,15,0.0,,5
5/3/1993,1008.2,31.8,28.5,30.4,69,74,65,N,9,N,13,0.0,,3
5/4/1993,1008.8,31.4,28.6,30.0,72,74,68,NNW,8,N,12,0.0,,6
5/5/1993,1008.9,30.0,25.5,28.8,79,86,76,VRB,5,NE,12,0.2,,7
5/6/1993,1009.6,31.0,26.5,28.6,81,87,75,VRB,3,SSW,10,2.5,,6
5/7/1993,1010.0,31.4,27.4,29.2,76,87,71,VRB,6,SSE,18,0.0,,6
5/8/1993,1010.6,31.8,27.4,30.0,72,80,66,SW,9,SW,10,0.0,,3
5/9/1993,1010.9,32.0,28.4,30.1,76,81,70,VRB,4,NW,12,0.0,,2
5/10/1993,1010.0,32.2,28.2,30.4,74,78,71,NW,6,NW,10,0.0,,3
5/11/1993,1010.2,32.3,28.2,30.4,74,82,69,VRB,4,NW,11,0.0,,2
5/12/1993,1010.0,32.4,28.7,30.6,75,79,71,VRB,5,WNW,9,0.0,,5
5/13/1993,1009.3,32.4,25.4,30.4,76,81,72,VRB,6,S,11,11.2,,4
5/14/1993,1010.9,31.0,27.5,28.6,79,86,73,VRB,6,SW,16,0.0,,7
5/15/1993,1011.2,32.0,26.5,30.1,72,77,68,VRB,5,SE,13,0.0,,5
5/16/1993,1009.5,31.7,24.0,30.0,75,80,71,WNW,8,WNW,20,45.8,,3
5/17/1993,1009.4,30.8,24.8,26.2,87,92,83,WNW,11,WSW,24,5.4,,8
5/18/1993,1009.8,30.4,24.4,27.1,86,95,78,WNW,11,NNW,22,11.4,,6
5/19/1993,1009.9,30.9,27.4,29.2,74,82,70,WNW,6,NW,25,0.0,,5
5/20/1993,1009.3,30.7,25.2,28.9,78,83,73,WNW,12,NNW,20,5.0,,6
5/21/1993,1008.6,31.5,25.5,29.5,78,82,75,WNW,10,NW,26,4.0,,6
5/22/1993,1008.7,31.6,25.2,29.6,76,83,73,VRB,5,WNW,22,16.2,,7
5/23/1993,1009.2,30.0,27.4,28.3,81,90,75,WSW,10,W,10,0.0,,7
5/24/1993,1008.6,30.4,24.8,28.1,81,84,75,WSW,9,NW,16,4.7,,7
5/25/1993,1007.9,29.6,24.2,27.5,83,89,79,WNW,10,WNW,24,39.2,,7
5/26/1993,1009.8,28.2,23.6,26.8,88,95,82,WSW,9,NNW,34,68.0,,8
5/27/1993,1009.8,30.8,25.2,29.2,78,83,74,W,12,WNW,22,14.2,,6
5/28/1993,1009.5,30.0,25.6,28.5,82,86,78,WNW,17,W,27,23.5,,7
5/29/1993,1008.4,30.4,25.8,28.7,83,90,77,WNW,15,W,31,4.9,,7
5/30/1993,1008.2,29.7,25.6,27.5,86,90,80,WNW,22,WNW,26,1.6,,8
5/31/1993,1008.9,30.7,25.2,28.4,82,87,78,WNW,15,W,31,9.4,,7
6/1/1993,1009.6,30.2,26.0,28.6,80,84,75,WNW,11,N,26,5.8,,7
6/2/1993,1008.7,30.8,24.6,28.4,82,90,79,WNW,14,WNW,35,5.4,,7
6/3/1993,1007.7,30.9,23.8,28.9,80,87,75,WNW,18,NW,38,30.9,,6
6/4/1993,1007.9,29.0,25.2,27.9,82,89,75,WNW,18,WNW,26,11.6,,8
6/5/1993,1007.2,30.3,23.0,27.4,85,87,81,WNW,16,NW,48,62.5,,7
6/6/1993,1006.8,29.2,23.5,28.2,79,83,72,NW,21,WNW,40,0.8,,8
6/7/1993,1006.8,30.4,23.7,28.5,81,89,78,WNW,15,NW,42,4.2,,7
6/8/1993,1007.5,31.1,25.0,29.0,83,89,80,W,12,W,32,7.1,,7
6/9/1993,1008.9,30.3,24.2,28.4,81,90,75,WNW,14,NNW,32,5.2,,7
6/10/1993,1009.9,31.2,27.5,29.7,80,86,76,W,12,W,16,0.0,,3
6/11/1993,1010.2,30.5,27.6,29.6,75,85,70,WNW,10,WNW,12,0.0,,2
6/12/1993,1009.7,31.0,27.5,29.4,76,79,73,WNW,11,WNW,13,0.0,,3
6/13/1993,1009.9,30.8,26.5,29.3,77,79,74,WNW,11,WNW,14,1.2,,3
6/14/1993,1010.9,30.4,27.2,28.8,78,80,75,W,11,W,20,0.0,,6
6/15/1993,1011.4,30.8,27.2,29.2,77,80,73,WSW,9,W,13,0.0,,4
6/16/1993,1011.5,31.2,27.4,29.6,75,79,69,SW,10,WSW,14,0.0,,5
6/17/1993,1011.6,31.5,25.2,29.7,75,80,71,SW,10,SW,15,1.3,,4
6/18/1993,1011.9,31.2,27.0,29.3,77,79,74,SW,11,WSW,15,0.0,,5
6/19/1993,1011.4,31.6,25.2,29.6,77,81,73,SW,9,WNW,21,4.8,,4
6/20/1993,1010.9,31.4,26.8,29.5,77,85,73,W,8,W,16,0.1,,2
6/21/1993,1011.7,30.8,24.9,29.6,76,79,73,WNW,9,W,26,5.2,,3
6/22/1993,1011.5,30.4,26.2,28.2,79,80,78,NW,10,NNW,24,0.5,,4
6/23/1993,1010.5,31.2,27.2,29.4,79,85,73,WNW,9,W,18,0.4,,4
6/24/1993,1009.5,31.7,25.2,29.6,77,83,72,WNW,9,W,24,16.5,,5
6/25/1993,1009.0,29.8,23.0,27.7,86,92,80,W,13,WNW,26,41.9,,7
6/26/1993,1009.9,27.4,24.0,26.2,89,95,81,WNW,17,W,34,53.8,,8
6/27/1993,1010.7,27.8,23.5,26.1,86,92,77,NW,24,NW,39,15.0,,8
6/28/1993,1009.2,29.0,24.0,27.6,84,90,79,WNW,19,NNW,35,13.7,,8
6/29/1993,1009.7,29.8,22.1,26.7,82,96,74,WNW,19,W,41,50.6,,7
6/30/1993,1008.6,29.8,24.6,27.3,83,88,80,WNW,17,NW,38,5.2,,8
7/1/1993,1007.9,30.0,23.8,28.1,77,83,73,WNW,19,WNW,38,32.0,,7
7/2/1993,1009.6,28.2,23.8,25.5,90,95,81,WNW,20,WNW,39,45.7,,8
7/3/1993,1009.3,29.9,24.6,28.2,79,81,76,WNW,16,WNW,32,6.6,,7
7/4/1993,1009.7,29.4,27.0,28.2,80,83,76,WNW,13,NW,25,0.1,,7
7/5/1993,1010.4,30.6,27.1,29.0,77,83,74,WNW,12,WNW,16,0.0,,5
7/6/1993,1010.5,30.4,26.9,28.9,77,80,74,WNW,10,WNW,20,0.0,,3
7/7/1993,1009.6,30.4,26.7,28.6,78,83,74,WNW,13,WNW,18,0.0,,4
7/8/1993,1010.8,29.8,23.6,27.8,76,90,71,WSW,8,NW,31,7.6,,7
7/9/1993,1010.0,29.7,26.7,28.2,81,87,78,WSW,8,WSW,13,0.0,,7
7/10/1993,1009.4,30.4,26.0,28.5,78,83,74,SW,8,WSW,13,0.0,,7
7/11/1993,1009.1,29.7,24.0,27.4,81,90,68,WNW,13,WNW,29,8.9,,7
7/12/1993,1009.2,30.2,24.8,27.4,82,84,76,NW,17,WNW,32,3.2,,7
7/13/1993,1008.0,29.4,25.4,28.1,80,86,75,NW,18,WNW,30,1.8,,7
7/14/1993,1007.3,29.7,23.8,27.6,81,90,75,NW,20,WNW,38,19.7,,7
7/15/1993,1008.3,29.8,23.8,28.2,80,86,75,WNW,21,WNW,38,18.4,,7
7/16/1993,1008.8,29.7,24.6,27.8,81,91,76,WNW,20,WNW,32,0.8,,8
7/17/1993,1010.2,30.2,24.2,27.8,81,93,74,WNW,11,WNW,34,34.4,,5
7/18/1993,1010.8,28.2,22.4,26.4,84,91,81,NW,20,WNW,36,12.8,,7
7/19/1993,1010.8,30.0,22.4,27.2,77,83,70,NW,13,WNW,42,70.8,,7
7/20/1993,1011.0,28.0,23.5,26.0,82,88,73,NW,16,NW,37,6.8,,7
7/21/1993,1011.0,29.2,23.4,27.4,81,84,75,NW,14,NW,35,21.1,,7
7/22/1993,1012.5,28.0,24.7,26.4,83,88,77,NW,16,NW,28,1.7,,7
7/23/1993,1012.4,28.3,22.1,26.9,84,93,76,NW,13,NNW,31,45.6,,7
7/24/1993,1012.0,28.4,23.2,26.8,80,83,77,NNW,17,NW,39,14.0,,7
7/25/1993,1012.4,29.0,23.6,26.6,79,84,76,WNW,15,NW,35,6.6,,7
7/26/1993,1011.8,29.6,26.5,28.3,80,83,77,WNW,13,WNW,22,0.6,,7
7/27/1993,1012.0,29.2,25.4,28.2,80,83,76,WNW,15,WNW,24,5.4,,7
7/28/1993,1011.5,29.3,26.8,28.4,78,80,76,WNW,16,WNW,23,0.0,,5
7/29/1993,1011.4,29.4,26.5,28.3,82,89,78,WNW,16,WNW,23,0.0,,4
7/30/1993,1009.6,29.8,26.0,28.5,79,86,74,WNW,18,WNW,25,0.0,,7
7/31/1993,1009.4,29.4,26.8,28.6,79,84,74,WNW,16,WNW,30,0.0,,6
8/1/1993,1009.9,29.9,26.6,28.7,79,86,75,WNW,17,WNW,23,0.0,,5
8/2/1993,1009.9,29.7,25.2,28.5,79,83,76,WNW,14,WNW,26,2.2,,7
8/3/1993,1009.9,29.6,24.8,28.6,74,81,74,WNW,19,WNW,32,0.3,,2
8/4/1993,1009.8,29.5,26.4,28.3,77,83,72,NW,17,NW,23,2.1,,3
8/5/1993,1010.7,29.8,23.0,28.2,79,87,75,WNW,11,N,25,52.6,,4
8/6/1993,1012.4,29.7,23.2,27.5,78,90,72,VRB,5,NNE,22,6.0,,5
8/7/1993,1013.4,29.2,25.4,27.5,80,87,75,NNW,8,WNW,20,0.1,,5
8/8/1993,1013.5,29.6,26.8,28.2,79,87,75,NNW,8,NNW,14,0.0,,2
8/9/1993,1012.3,30.0,26.4,28.5,75,76,73,WNW,8,NW,11,0.0,,6
8/10/1993,1012.4,29.8,26.6,28.3,74,77,71,WSW,8,WSW,12,0.0,,6
8/11/1993,1012.3,30.2,27.0,28.4,79,82,77,WSW,8,WSW,15,0.0,,6
8/12/1993,1011.3,30.6,23.4,28.8,77,83,73,WNW,8,NNE,28,43.2,,7
8/13/1993,1010.9,30.1,23.8,28.2,80,90,75,WNW,11,WNW,18,6.8,,5
8/14/1993,1011.7,29.5,26.5,28.0,81,90,75,NW,15,WNW,20,0.0,,7
8/15/1993,1012.1,30.2,26.3,28.5,79,85,71,WNW,15,W,25,0.0,,5
8/16/1993,1011.6,29.8,25.3,28.4,79,81,76,WNW,14,WNW,25,1.8,,7
8/17/1993,1012.1,29.9,26.2,28.6,75,80,72,WNW,11,NW,22,0.0,,6
8/18/1993,1012.4,29.7,27.0,28.4,76,79,74,NW,15,NW,20,0.0,,3
8/19/1993,1011.9,30.0,26.9,28.7,74,80,70,NW,13,WNW,18,0.0,,3
8/20/1993,1012.5,29.7,26.6,28.6,74,81,68,NW,12,NW,19,0.0,,2
8/21/1993,1011.6,29.8,26.8,28.6,72,77,71,NW,12,NW,17,0.0,,2
8/22/1993,1011.3,29.6,26.9,28.5,73,77,67,WNW,11,NW,19,0.0,,2
8/23/1993,1012.2,29.7,26.2,28.6,71,75,69,NW,11,NW,16,0.0,,5
8/24/1993,1012.5,30.4,26.7,28.5,76,83,71,WNW,8,W,14,0.0,,5
8/25/1993,1012.3,30.2,24.6,28.4,76,79,74,W,8,W,13,0.0,,6
8/26/1993,1011.9,30.9,23.5,28.1,77,84,70,W,8,NW,29,13.0,,7
8/27/1993,1010.7,28.8,22.8,25.7,88,95,80,NW,13,NNW,29,39.1,,7
8/28/1993,1009.5,29.2,23.3,27.9,79,84,75,NW,15,NNW,31,32.5,,7
8/29/1993,1010.7,28.4,22.2,25.1,89,91,84,NW,11,NNW,27,25.5,,8
8/30/1993,1010.3,27.8,22.6,26.0,86,92,78,WNW,12,NNW,29,32.2,,7
8/31/1993,1010.8,27.8,23.2,25.8,81,91,80,NW,16,NW,30,5.9,,8
9/1/1993,1010.6,29.2,25.0,27.4,82,87,75,NW,14,W,30,0.2,,7
9/2/1993,1011.5,29.4,26.6,28.0,82,89,78,NW,11,NNW,24,0.0,,3
9/3/1993,1011.3,29.2,23.2,28.0,81,86,78,NW,13,N,34,16.9,,5
9/4/1993,1011.2,28.6,25.8,26.9,84,93,80,NNW,8,NNW,20,0.0,,8
9/5/1993,1011.6,29.6,25.2,28.3,80,84,77,NNW,9,NNW,26,1.2,,7
9/6/1993,1012.8,30.0,26.6,28.2,79,84,75,NW,10,NW,15,0.1,,7
9/7/1993,1011.9,29.5,26.7,28.3,77,84,72,NW,10,NW,17,0.0,,4
9/8/1993,1011.3,30.2,26.7,28.6,75,83,70,WNW,7,NW,13,0.0,,4
9/9/1993,1011.3,29.7,25.8,28.4,75,82,70,NW,10,NW,16,2.0,,2
9/10/1993,1011.6,30.0,25.6,28.4,76,82,71,NW,8,NW,16,0.0,,4
9/11/1993,1012.5,30.5,24.6,28.4,75,84,70,WNW,8,WNW,22,2.7,,5
9/12/1993,1012.5,29.0,24.2,27.0,83,87,80,NNW,7,NNW,21,3.1,,6
9/13/1993,1011.8,30.3,25.8,27.9,79,84,75,VRB,4,N,20,1.6,,5
9/14/1993,1011.5,30.2,24.5,27.1,82,85,76,WSW,8,NNW,17,3.8,,7
9/15/1993,1011.4,29.8,26.4,27.6,78,88,73,NNW,6,N,16,0.0,,4
9/16/1993,1010.5,29.7,24.2,28.2,75,84,71,N,8,WNW,17,0.0,,2
9/17/1993,1010.7,29.2,23.2,26.4,83,87,81,NW,12,NW,26,11.0,,7
9/18/1993,1009.9,29.8,26.6,28.1,77,87,71,N,9,N,18,0.0,,5
9/19/1993,1010.6,29.9,24.6,27.9,77,82,75,NNW,8,N,21,6.0,,7
9/20/1993,1010.5,28.8,23.8,26.8,83,91,79,NNW,7,NW,24,6.2,,7
9/21/1993,1009.7,29.2,26.8,28.1,77,83,75,NW,14,NNW,17,0.0,,7
9/22/1993,1009.3,29.5,26.4,28.3,75,80,71,NW,12,WNW,18,0.0,,2
9/23/1993,1009.4,29.8,26.9,28.4,77,82,73,NW,10,WNW,15,0.0,,5
9/24/1993,1010.2,30.4,25.0,28.4,76,81,70,WNW,11,WNW,18,0.0,,2
9/25/1993,1010.9,30.6,25.8,28.7,76,83,70,W,10,WNW,17,1.4,,4
9/26/1993,1010.7,30.4,25.5,28.8,76,83,73,WNW,10,WNW,20,0.8,,3
9/27/1993,1010.3,30.3,25.0,27.6,82,86,75,WNW,10,W,18,5.7,,6
9/28/1993,1009.8,28.4,24.0,26.0,88,95,81,WNW,16,NW,32,52.7,,7
9/29/1993,1010.1,28.2,25.0,26.4,86,92,86,WNW,16,W,24,17.4,,8
9/30/1993,1010.4,29.2,25.0,27.5,79,87,76,NNW,11,NNW,15,0.0,,5
10/1/1993,1010.7,30.2,26.2,28.1,78,85,75,WNW,8,WNW,14,0.0,,3
10/2/1993,1010.9,30.4,24.1,27.8,82,90,75,W,11,NW,28,1.9,,5
10/3/1993,1011.0,29.8,24.2,27.4,85,96,75,WNW,10,WNW,24,9.8,,7
10/4/1993,1012.2,29.4,26.6,28.1,79,93,74,NW,11,NW,15,0.0,,7
10/5/1993,1011.2,29.4,27.0,28.4,76,83,72,NW,12,NW,18,0.0,,6
10/6/1993,1010.4,29.6,26.0,28.5,77,81,74,NW,14,NW,19,0.0,,3
10/7/1993,1010.3,29.8,25.9,28.4,78,87,73,NW,14,WNW,22,1.7,,6
10/8/1993,1011.3,30.0,25.0,28.2,81,90,77,WNW,16,N,26,1.6,,7
10/9/1993,1011.8,29.4,26.4,27.9,79,90,75,WNW,12,N,17,0.0,,6
10/10/1993,1010.3,30.2,26.5,28.4,78,86,73,WNW,16,NW,24,0.2,,2
10/11/1993,1009.6,30.0,26.2,28.2,78,83,70,WNW,15,NW,20,0.0,,2
10/12/1993,1009.8,29.8,27.2,28.4,80,84,77,NW,14,NW,21,0.0,,5
10/13/1993,1010.2,30.4,26.6,28.7,75,81,71,NW,9,WNW,11,0.0,,2
10/14/1993,1010.0,30.6,24.6,28.6,78,89,71,CALM,4,WNW,24,2.6,,3
10/15/1993,1009.9,29.6,25.2,27.4,83,95,79,WNW,12,WNW,22,0.5,,5
10/16/1993,1010.5,30.2,25.8,27.8,79,80,73,NW,9,NW,18,0.0,,5
10/17/1993,1010.9,30.4,23.0,28.2,82,93,75,WNW,9,N,18,59.8,,5
10/18/1993,1011.7,29.2,25.4,27.2,80,93,69,NW,9,NW,16,0.0,,6
10/19/1993,1010.9,29.8,25.2,28.1,80,90,78,NNW,7,N,18,2.6,,4
10/20/1993,1011.1,29.8,24.2,27.8,80,85,75,NNW,7,NNE,20,0.3,,4
10/21/1993,1011.5,30.8,24.2,28.0,81,86,74,VRB,3,SW,34,4.0,,4
10/22/1993,1012.5,29.8,24.4,28.1,78,84,71,WSW,9,SW,22,4.4,,6
10/23/1993,1012.4,30.4,23.5,28.3,76,82,74,VRB,4,E,10,0.0,,3
10/24/1993,1011.7,31.2,25.2,28.5,75,86,66,VRB,2,W,7,0.0,,2
10/25/1993,1012.1,30.8,25.5,29.4,74,87,68,VRB,4,NNW,16,0.0,,2
10/26/1993,1012.6,30.1,25.6,28.2,80,88,74,VRB,4,NNW,12,0.0,,5
10/27/1993,1011.6,30.2,25.6,28.6,77,86,73,VRB,5,N,11,0.0,,3
10/28/1993,1010.4,30.8,24.6,28.9,77,85,74,NNE,8,NNE,16,0.0,,3
10/29/1993,1009.9,30.4,25.6,28.1,83,93,75,VRB,2,ENE,10,0.0,,7
10/30/1993,1009.9,31.2,25.4,29.2,75,90,68,VRB,2,SW,8,0.0,,4
10/31/1993,1009.7,30.8,24.2,28.2,82,87,77,VRB,3,NNW,12,8.8,,7
11/1/1993,1009.3,30.8,24.0,27.7,83,93,74,VRB,3,SW,12,13.4,,7
11/2/1993,1009.2,30.5,25.5,27.7,83,95,78,CALM,0,SSE,18,2.0,,7
11/3/1993,1009.3,30.4,23.9,27.6,84,95,77,VRB,7,W,20,34.2,,7
11/4/1993,1009.0,27.2,24.0,25.8,91,95,87,WNW,10,NW,26,86.7,,8
11/5/1993,1006.3,26.8,24.2,25.8,93,96,85,E,9,ESE,30,49.4,,8
11/6/1993,1007.1,28.2,23.2,25.1,92,95,85,NNW,15,NNW,30,135.6,,8
11/7/1993,1007.6,26.0,22.2,25.2,93,95,84,NW,13,N,34,101.8,,8
11/8/1993,1008.1,27.5,23.4,26.0,84,93,74,NNW,13,NNW,28,5.5,,8
11/9/1993,1006.0,28.4,24.3,27.0,83,89,81,NW,15,N,34,13.3,,6
11/10/1993,1005.9,28.4,24.1,26.5,85,88,83,WNW,18,WNW,36,13.2,,7
11/11/1993,1008.1,29.8,23.7,27.4,81,88,75,WNW,13,W,28,9.2,,7
11/12/1993,1010.4,30.4,23.6,28.2,78,84,70,SW,7,SW,12,0.0,,2
11/13/1993,1010.7,29.6,23.4,27.8,79,82,75,CALM,0,SW,6,0.0,,3
11/14/1993,1011.3,30.4,22.6,28.1,74,90,64,CALM,0,CALM,5,0.0,,1
11/15/1993,1011.5,30.4,23.6,27.9,74,82,71,CALM,0,SSW,6,0.0,,2
11/16/1993,1011.8,30.3,25.2,28.0,80,95,74,VRB,2,NNW,8,0.0,,2
11/17/1993,1011.8,29.6,26.6,28.0,76,88,71,NNW,7,NNW,12,0.0,,1
11/18/1993,1011.1,29.6,23.5,27.9,81,84,78,NW,9,SW,18,9.0,,3
11/19/1993,1011.0,28.8,23.5,26.0,90,95,87,SW,8,S,20,63.0,,6
11/20/1993,1010.7,30.4,24.4,28.1,80,88,74,VRB,2,SW,15,0.3,,4
11/21/1993,1010.8,29.8,24.2,27.4,82,90,75,VRB,3,SW,10,0.0,,7
11/22/1993,1010.6,29.8,24.6,27.6,81,88,73,VRB,2,CALM,5,0.0,,7
11/23/1993,1010.8,30.2,23.4,28.4,79,87,73,VRB,2,NNW,8,1.2,,7
11/24/1993,1010.4,30.2,23.7,26.6,85,93,77,NW,5,WSW,10,0.4,,7
11/25/1993,1010.9,28.8,23.8,26.7,86,91,83,NNW,4,NW,18,7.3,,7
11/26/1993,1010.3,30.2,24.0,27.9,79,95,73,VRB,3,NE,13,30.0,,4
11/27/1993,1010.1,28.6,26.4,26.9,84,92,77,VRB,4,ENE,11,0.0,,8
11/28/1993,1010.1,29.2,26.4,27.8,81,84,79,VRB,4,ESE,15,0.0,,7
11/29/1993,1009.9,30.2,26.4,28.8,75,84,71,ESE,10,SE,15,0.0,,3
11/30/1993,1009.9,30.6,25.5,28.8,77,86,69,NE,8,NE,12,0.0,,6
12/1/1993,1009.1,29.6,26.2,27.9,83,87,82,NNW,8,NNW,10,0.2,,6
12/2/1993,1008.5,29.6,24.2,27.9,81,89,76,VRB,3,ENE,9,0.0,,7
12/3/1993,1008.0,30.5,25.6,28.8,76,80,68,VRB,3,W,15,0.3,,6
12/4/1993,1007.2,30.1,26.7,28.6,76,82,70,NNW,8,NNW,12,0.0,,7
12/5/1993,1009.0,30.0,22.8,27.7,78,83,76,NW,7,W,12,0.0,,7
12/6/1993,1010.2,30.6,22.4,27.9,75,93,73,CALM,0,CALM,5,0.0,,2
12/7/1993,1010.8,29.8,22.5,27.4,76,93,72,CALM,0,CALM,5,0.0,,5
12/8/1993,1010.8,29.0,22.5,26.8,79,93,71,CALM,0,CALM,2,0.0,,7
12/9/1993,1011.0,31.0,24.0,27.9,76,90,70,CALM,0,S,11,4.6,,4
12/10/1993,1010.1,30.2,23.1,28.2,78,92,73,VRB,3,NE,10,0.0,,4
12/11/1993,1010.1,30.4,23.4,27.8,75,88,69,VRB,2,NE,9,0.0,,2
12/12/1993,1010.5,30.9,24.5,28.4,69,93,58,VRB,2,E,8,0.0,,3
12/13/1993,1010.9,31.2,24.2,28.3,74,85,70,CALM,0,NE,18,0.0,,2
12/14/1993,1011.5,30.6,22.6,28.1,75,91,70,VRB,2,E,8,0.0,,4
12/15/1993,1011.4,30.3,23.5,28.0,77,93,73,CALM,0,NE,7,0.0,,1
12/16/1993,1011.6,30.6,25.6,28.2,76,98,67,VRB,4,NNE,17,0.0,,4
12/17/1993,1011.8,30.7,23.6,28.2,77,88,70,VRB,6,SE,22,9.0,,6
12/18/1993,1012.4,29.0,24.0,27.0,81,88,75,VRB,3,NE,24,7.1,,7
12/19/1993,1012.3,30.1,24.9,27.8,80,95,74,ESE,10,SE,15,0.0,,7
12/20/1993,1011.7,30.4,23.0,28.2,79,93,74,CALM,0,CALM,5,0.0,,3
12/21/1993,1011.5,29.8,25.0,27.8,78,90,73,VRB,3,NNW,10,0.0,,2
12/22/1993,1011.9,30.4,25.4,28.1,76,88,71,VRB,4,NNW,16,1.1,,2
12/23/1993,1012.3,29.8,25.2,28.0,73,79,70,SSE,11,ESE,25,0.0,,2
12/24/1993,1012.4,29.9,27.0,28.0,75,82,68,E,16,E,26,0.0,,4
12/25/1993,1013.4,29.8,23.6,27.6,80,90,73,SE,13,SE,22,56.4,,6
12/26/1993,1014.3,29.6,24.2,26.3,87,93,78,VRB,5,E,21,0.4,,6
12/27/1993,1012.5,29.3,25.2,27.6,81,95,76,CALM,0,NW,7,0.0,,7
12/28/1993,1011.6,30.0,23.9,27.4,82,88,77,VRB,3,NE,11,0.3,,5
12/29/1993,1012.2,30.1,23.0,27.8,78,84,72,VRB,2,CALM,6,0.0,,3
12/30/1993,1013.0,29.9,24.5,27.6,77,90,73,VRB,3,N,9,1.0,,1
12/31/1993,1012.8,30.1,24.0,27.4,83,91,78,VRB,3,NE,10,0.0,,3
1/1/1994,1011.7,29.8,23.5,27.1,83,90,76,VRB,3,SE,11,0.0,,3
1/2/1994,1011.3,30.4,27.2,27.8,78,90,69,VRB,3,SE,18,0.0,,5
1/3/1994,1011.4,29.8,26.5,28.3,75,86,68,SE,13,E,20,0.2,,4
1/4/1994,1011.4,30.4,26.4,28.0,77,85,73,E,8,E,15,0.0,,2
1/5/1994,1009.7,30.4,23.5,28.5,74,82,70,ENE,7,E,11,0.0,,2
1/6/1994,1009.7,30.6,25.0,28.2,76,90,67,ENE,6,SE,18,0.0,,2
1/7/1994,1010.7,30.7,24.0,28.5,75,90,69,VRB,4,NE,17,7.6,,2
1/8/1994,1011.3,29.8,26.2,27.7,81,90,75,E,14,E,27,0.0,,7
1/9/1994,1010.9,29.6,26.7,28.2,77,83,72,ESE,15,E,24,0.0,,3
1/10/1994,1010.8,29.7,25.4,28.0,79,83,76,E,9,E,14,0.0,,7
1/11/1994,1010.9,29.4,22.8,27.6,77,89,72,ESE,6,ESE,11,0.0,,6
1/12/1994,1011.5,29.8,24.0,27.5,76,91,72,CALM,0,ESE,6,0.0,,1
1/13/1994,1011.8,30.0,22.5,27.6,77,87,70,CALM,0,CALM,5,0.0,,2
1/14/1994,1010.1,30.1,23.6,27.2,80,95,73,CALM,0,CALM,2,0.0,,2
1/15/1994,1008.8,30.2,24.8,28.0,75,90,66,CALM,0,CALM,5,0.0,,1
1/16/1994,1008.7,30.4,26.5,28.1,76,88,70,VRB,3,E,8,0.0,,1
1/17/1994,1010.0,30.6,24.5,28.5,76,88,71,VRB,4,E,9,0.0,,2
1/18/1994,1011.8,30.7,24.4,28.3,76,90,70,VRB,4,S,10,0.0,,4
1/19/1994,1011.2,30.0,24.1,27.9,79,90,71,VRB,4,NE,11,0.0,,3
1/20/1994,1010.7,31.0,23.0,28.3,77,90,70,VRB,4,E,9,0.2,,4
1/21/1994,1010.4,31.4,25.4,27.4,79,91,69,VRB,3,NNE,16,0.0,,4
1/22/1994,1010.7,30.6,23.6,28.6,71,88,63,VRB,3,E,10,0.0,,2
1/23/1994,1011.8,30.8,25.4,28.2,71,87,63,NNE,7,ENE,20,0.0,,7
1/24/1994,1011.9,30.7,25.3,28.3,77,86,71,E,7,E,16,0.0,,7
1/25/1994,1012.2,30.3,24.2,28.1,70,84,64,VRB,5,NE,15,0.0,,3
1/26/1994,1011.2,30.8,26.2,28.5,68,87,59,ENE,8,ENE,16,0.0,,2
1/27/1994,1012.3,30.6,25.1,28.8,63,74,56,ENE,9,E,18,0.0,,3
1/28/1994,1013.3,30.4,20.4,28.3,66,81,62,VRB,4,E,10,0.0,,3
1/29/1994,1011.5,30.4,20.6,27.0,68,91,56,ENE,7,ENE,12,0.0,,2
1/30/1994,1010.6,30.0,22.6,26.9,71,91,62,VRB,2,NNE,11,0.0,,1
1/31/1994,1009.6,30.1,23.0,27.5,69,83,63,VRB,3,NE,8,0.0,,2
2/1/1994,1010.0,30.9,24.2,28.4,67,83,57,NE,7,NE,13,0.0,,2
2/2/1994,1010.4,30.4,22.0,28.0,70,83,63,VRB,5,NNE,13,0.0,,2
2/3/1994,1009.9,30.5,23.0,27.2,75,91,67,VRB,3,N,8,0.0,,2
2/4/1994,1011.1,30.0,24.6,28.0,73,87,67,VRB,6,N,13,0.0,,2
2/5/1994,1009.9,30.4,25.3,28.7,74,82,70,NNE,9,NNE,15,0.0,,2
2/6/1994,1009.9,30.7,26.8,28.6,77,88,71,NNE,8,NNE,13,0.0,,2
2/7/1994,1010.4,30.8,27.0,28.7,77,90,70,NNE,10,NNE,16,0.0,,2
2/8/1994,1010.0,30.4,25.8,28.4,75,83,65,N,11,NNE,17,0.0,,7
2/9/1994,1009.3,30.4,23.6,28.4,77,86,65,N,9,NE,17,22.4,,6
2/10/1994,1009.9,29.8,24.9,27.2,87,96,82,VRB,3,NNE,13,0.0,,7
2/11/1994,1009.1,30.3,24.7,28.4,80,90,73,NNE,7,N,15,0.0,,4
2/12/1994,1009.1,30.0,25.4,28.0,79,91,74,VRB,6,N,13,0.0,,2
2/13/1994,1010.1,30.4,23.8,28.2,79,88,71,N,6,N,15,0.0,,2
2/14/1994,1011.9,29.9,25.1,27.8,80,91,73,VRB,6,N,16,0.0,,5
2/15/1994,1011.2,29.7,23.4,28.0,75,88,70,VRB,6,N,13,0.0,,7
2/16/1994,1010.9,30.6,23.8,27.7,77,91,70,VRB,3,N,9,0.0,,2
2/17/1994,1011.9,30.6,25.8,28.2,77,90,69,VRB,5,NNE,11,0.1,,2
2/18/1994,1011.9,30.9,25.6,28.6,76,87,70,NNE,7,NNE,17,0.0,,4
2/19/1994,1010.7,31.2,22.8,28.9,75,85,70,NNE,8,S,22,30.4,,2
2/20/1994,1012.1,30.2,24.9,27.2,83,98,74,NNE,10,S,20,0.0,,6
2/21/1994,1011.7,30.0,26.4,28.7,77,81,73,NNE,10,N,17,0.0,,7
2/22/1994,1009.7,30.7,25.5,28.7,78,84,73,NNE,8,N,18,0.0,,7
2/23/1994,1009.6,30.4,24.5,28.3,75,88,70,NNE,6,N,14,0.0,,2
2/24/1994,1011.5,30.7,25.6,28.4,77,90,70,NNE,6,NE,13,0.0,,2
2/25/1994,1011.9,31.0,26.2,28.8,72,77,68,E,7,NE,13,0.0,,6
2/26/1994,1011.4,30.7,24.5,28.8,76,86,69,NNE,7,NNE,16,0.0,,2
2/27/1994,1010.3,30.9,26.5,28.4,77,90,68,VRB,4,NE,13,0.0,,3
2/28/1994,1011.5,30.7,26.4,28.9,70,84,64,VRB,3,E,13,0.0,,2
3/1/1994,1012.3,31.2,22.1,29.0,68,87,60,E,8,E,14,0.0,,1
3/2/1994,1012.7,30.4,23.6,28.0,70,90,60,VRB,3,N,10,0.0,,2
3/3/1994,1011.1,31.2,25.0,28.4,69,87,60,ENE,7,ENE,16,0.0,,2
3/4/1994,1011.9,30.7,23.8,28.9,65,79,59,E,7,E,16,0.0,,1
3/5/1994,1011.3,31.2,26.2,28.8,71,85,63,VRB,4,E,17,0.0,,3
3/6/1994,1010.9,30.9,24.0,28.9,72,81,67,NE,7,NE,14,0.0,,2
3/7/1994,1010.9,31.2,23.6,28.6,73,88,65,NNE,8,NNE,17,0.0,,4
3/8/1994,1010.1,31.4,22.0,28.6,73,88,62,NE,7,NE,16,0.0,,3
3/9/1994,1010.7,30.8,26.0,28.1,72,91,61,VRB,4,E,13,0.0,,1
3/10/1994,1012.2,31.4,23.8,29.0,65,82,55,ENE,10,ENE,19,0.0,,2
3/11/1994,1011.3,30.8,24.0,28.8,70,81,62,NNE,6,NNE,14,0.0,,1
3/12/1994,1010.8,31.2,22.9,28.8,71,85,63,VRB,6,NNE,15,0.0,,2
3/13/1994,1011.5,31.2,24.0,28.6,71,88,61,CALM,0,CALM,5,0.0,,2
3/14/1994,1011.1,31.0,26.4,28.7,71,85,64,VRB,5,NW,12,0.0,,2
3/15/1994,1010.6,31.2,25.4,29.0,70,81,66,VRB,2,WNW,8,0.0,,4
3/16/1994,1010.4,31.2,25.1,29.4,72,80,67,VRB,5,NNW,10,0.1,,7
3/17/1994,1010.3,30.0,24.5,27.8,83,84,79,VRB,3,SE,11,18.4,,7
3/18/1994,1010.3,27.8,23.8,26.0,90,90,86,VRB,5,SE,21,32.6,,4
3/19/1994,1010.6,30.1,23.9,28.9,77,81,74,S,12,S,22,0.0,,2
3/20/1994,1009.6,30.9,24.5,28.4,75,88,69,CALM,0,CALM,6,0.0,,4
3/21/1994,1008.9,31.4,26.2,28.7,76,90,68,VRB,2,WNW,8,0.0,,3
3/22/1994,1010.2,31.2,27.5,29.5,72,79,67,VRB,5,WNW,11,0.0,,2
3/23/1994,1011.7,31.7,27.4,29.5,73,86,65,W,7,W,12,0.0,,2
3/24/1994,1011.4,31.5,27.8,29.7,73,81,69,WNW,8,WNW,14,0.0,,4
3/25/1994,1009.7,31.0,27.7,29.6,75,79,71,NW,7,NW,14,0.0,,4
3/26/1994,1011.5,31.3,27.5,29.7,74,78,71,WNW,8,WNW,13,0.0,,6
3/27/1994,1012.1,31.3,27.4,29.6,74,80,69,VRB,5,W,9,0.0,,2
3/28/1994,1011.7,31.3,27.6,29.6,76,80,72,NW,7,NW,15,0.0,,6
3/29/1994,1011.2,30.8,25.9,29.4,78,81,74,NW,7,NW,20,0.4,,6
3/30/1994,1011.8,31.6,27.2,29.1,78,87,74,VRB,3,N,11,0.0,,2
3/31/1994,1012.3,31.8,26.5,29.8,74,82,70,VRB,2,SW,18,0.0,,2
4/1/1994,1011.4,31.6,26.2,29.7,75,83,71,VRB,4,NNW,12,0.0,,3
4/2/1994,1010.4,31.4,25.8,30.1,73,78,70,VRB,4,N,10,0.0,,2
4/3/1994,1008.9,31.7,25.6,29.7,75,89,67,VRB,4,N,9,0.0,,2
4/4/1994,1010.2,31.8,25.7,30.1,74,85,68,VRB,5,ENE,10,0.0,,3
4/5/1994,1011.1,31.5,25.4,29.2,75,85,67,NE,8,ENE,24,1.0,,6
4/6/1994,1010.4,29.5,21.8,27.4,83,90,74,VRB,4,E,32,28.3,,7
4/7/1994,1009.5,29.1,23.9,26.2,82,93,74,N,7,NNE,18,0.2,,7
4/8/1994,1009.5,31.2,26.0,29.2,75,87,70,VRB,4,ENE,21,1.4,,7
4/9/1994,1007.6,31.1,24.2,29.6,74,82,71,VRB,4,S,13,34.4,,4
4/10/1994,1009.6,31.4,26.0,29.2,78,93,71,VRB,3,SW,10,0.3,,4
4/11/1994,1010.1,31.2,26.1,29.0,79,87,71,VRB,3,S,10,0.0,,6
4/12/1994,1009.6,31.7,25.6,29.7,77,87,71,VRB,2,SSE,11,0.0,,5
4/13/1994,1010.5,31.7,25.0,30.1,73,81,69,VRB,3,S,8,0.0,,2
4/14/1994,1010.7,31.8,25.4,29.4,76,90,70,VRB,3,ENE,16,0.0,,4
4/15/1994,1011.3,30.6,22.8,27.4,84,90,74,VRB,4,ESE,32,26.0,,5
4/16/1994,1011.5,30.9,26.6,29.4,76,81,73,VRB,3,SE,16,0.4,,7
4/17/1994,1011.1,31.3,24.8,29.7,75,79,72,VRB,3,E,8,0.0,,5
4/18/1994,1010.5,31.7,26.0,29.1,76,88,72,CALM,0,CALM,6,0.0,,7
4/19/1994,1010.1,31.4,25.2,29.3,80,89,75,VRB,4,WNW,7,0.8,,7
4/20/1994,1009.5,32.4,26.6,29.8,75,88,70,VRB,2,SW,11,0.0,,3
4/21/1994,1009.1,31.8,28.1,30.1,77,86,71,NW,7,W,13,0.0,,6
4/22/1994,1009.0,31.7,28.2,30.0,75,86,68,NNW,8,NNW,16,0.0,,4
4/23/1994,1009.7,31.9,28.3,30.4,72,85,67,NW,7,WNW,13,0.0,,2
4/24/1994,1010.3,32.0,28.4,30.5,72,83,66,NW,8,NNW,15,0.0,,3
4/25/1994,1009.6,31.9,28.5,30.5,73,79,69,NNW,8,NNW,15,0.0,,3
4/26/1994,1008.0,32.0,28.4,30.4,72,78,69,NNW,7,NNW,15,0.0,,2
4/27/1994,1008.9,32.1,28.7,30.6,72,79,69,NNW,7,NNW,15,0.0,,4
4/28/1994,1009.3,32.1,28.8,30.6,74,82,71,NNW,9,NNW,13,0.0,,5
4/29/1994,1008.7,32.3,28.8,30.6,76,78,71,NNW,9,NNW,15,0.0,,3
4/30/1994,1007.9,32.4,28.6,30.8,75,81,70,NNW,9,NNW,13,0.0,,3
5/1/1994,1008.3,31.8,28.7,30.3,73,81,67,NNW,8,NNW,13,0.0,,2
5/2/1994,1009.2,32.0,24.5,30.4,70,81,65,NNW,8,NNW,9,0.0,,2
5/3/1994,1010.4,31.6,26.5,30.2,67,75,64,VRB,5,NNW,8,0.0,,3
5/4/1994,1012.1,31.8,27.2,30.1,67,73,61,VRB,6,N,13,0.0,,3
5/5/1994,1011.6,31.9,28.0,30.4,68,75,64,NNW,7,NNW,10,0.0,,2
5/6/1994,1011.4,31.8,28.4,30.3,69,76,65,NNW,6,NNW,10,0.0,,5
5/7/1994,1012.1,33.1,26.8,30.3,72,76,69,WNW,7,NNW,14,0.0,,6
5/8/1994,1012.7,31.7,28.2,30.0,73,76,69,NW,8,N,12,0.0,,4
5/9/1994,1012.0,32.0,28.5,30.4,70,78,66,NW,9,NW,13,0.0,,2
5/10/1994,1010.9,31.8,28.5,30.4,70,75,67,NW,10,NW,15,0.0,,2
5/11/1994,1009.8,32.0,28.8,30.6,71,76,67,NNW,11,NNW,18,0.0,,2
5/12/1994,1009.5,32.4,28.8,31.0,72,76,68,NNW,9,NNW,12,0.2,,2
5/13/1994,1010.3,32.4,26.6,30.7,75,81,69,VRB,6,NW,11,0.0,,1
5/14/1994,1011.1,31.2,25.0,29.0,73,77,66,VRB,3,ESE,22,0.0,,6
5/15/1994,1010.1,32.9,28.8,30.3,75,87,65,VRB,3,W,12,0.0,,2
5/16/1994,1009.6,33.0,26.4,30.9,74,82,66,W,9,SW,18,2.0,,4
5/17/1994,1010.1,32.4,28.8,30.2,76,86,68,W,12,NW,15,0.0,,6
5/18/1994,1009.8,32.8,26.4,30.8,74,81,68,NW,8,NNW,20,5.0,,5
5/19/1994,1008.7,32.2,27.6,29.9,79,86,73,W,9,NW,18,0.0,,7
5/20/1994,1009.4,30.6,24.1,27.8,81,87,73,NNW,7,NNW,26,21.4,,8
5/21/1994,1010.6,30.2,23.9,28.1,83,86,78,SW,9,WSW,20,39.0,,7
5/22/1994,1010.3,29.0,24.6,26.1,86,93,78,VRB,5,SW,12,7.0,,8
5/23/1994,1008.8,30.8,26.8,29.4,76,80,71,W,10,WSW,18,0.6,,7
5/24/1994,1008.7,30.6,25.0,28.7,78,82,71,W,13,NW,26,6.0,,6
5/25/1994,1008.1,29.9,25.9,28.4,82,87,78,W,12,W,24,11.4,,8
5/26/1994,1007.3,30.8,28.0,28.8,80,85,76,WNW,16,NW,26,1.4,,8
5/27/1994,1006.0,29.4,23.0,27.8,86,91,83,NW,16,NW,32,85.2,,8
5/28/1994,1007.0,28.7,23.0,27.9,83,86,80,WNW,16,WSW,38,90.7,,8
5/29/1994,1007.3,30.2,22.6,27.7,84,90,79,W,18,WNW,43,7.0,,7
5/30/1994,1007.4,29.4,25.0,27.2,85,90,76,WNW,18,W,38,11.7,,8
5/31/1994,1007.6,30.2,24.1,27.9,84,93,79,WNW,18,WNW,42,26.0,,8
6/1/1994,1007.6,31.4,23.8,28.4,80,90,72,W,13,NW,43,4.1,,7
6/2/1994,1007.7,31.2,28.2,29.5,79,83,77,W,10,W,20,0.0,,6
6/3/1994,1007.4,30.3,24.0,28.9,82,85,78,W,12,WNW,32,10.2,,7
6/4/1994,1005.6,30.0,24.4,28.9,83,86,80,W,17,WNW,38,9.1,,7
6/5/1994,1005.3,30.7,21.5,28.0,84,90,79,WNW,18,WNW,41,31.2,,7
6/6/1994,1005.8,29.7,23.2,27.4,89,98,82,WSW,21,WNW,38,45.0,,7
6/7/1994,1006.7,30.2,24.2,28.2,81,87,71,WNW,8,WNW,35,4.7,,7
6/8/1994,1007.6,30.7,27.2,28.6,82,87,78,WSW,8,WSW,15,0.0,,7
6/9/1994,1007.6,30.5,24.9,28.8,82,87,77,WSW,13,WNW,31,7.8,,7
6/10/1994,1008.3,29.6,27.2,28.6,84,87,81,WNW,15,WNW,23,0.0,,5
6/11/1994,1007.9,31.2,27.6,29.3,82,89,76,W,12,WNW,18,0.0,,7
6/12/1994,1009.1,30.6,25.0,28.7,83,89,79,W,9,W,32,6.8,,7
6/13/1994,1010.2,29.8,25.1,28.1,78,89,72,W,15,W,30,1.4,,6
6/14/1994,1010.3,30.4,26.3,28.9,82,90,79,WSW,10,WNW,22,3.2,,7
6/15/1994,1009.5,30.4,24.8,27.8,82,87,78,WNW,13,NW,35,3.6,,7
6/16/1994,1009.2,28.8,25.2,27.4,83,85,81,WNW,19,WNW,32,9.3,,7
6/17/1994,1010.8,30.4,24.2,28.4,81,85,77,WNW,12,WNW,35,5.6,,7
6/18/1994,1009.7,30.1,24.4,28.9,81,87,77,NW,16,WNW,36,10.7,,6
6/19/1994,1009.6,29.9,26.2,28.2,80,88,76,WNW,11,WNW,24,0.8,,7
6/20/1994,1009.5,30.4,27.5,29.0,81,87,75,NW,10,WNW,18,0.0,,4
6/21/1994,1009.7,30.9,27.2,28.7,78,83,71,NW,9,WNW,22,0.0,,7
6/22/1994,1009.2,30.3,27.4,29.2,78,82,75,NW,11,WNW,18,0.0,,2
6/23/1994,1009.2,30.7,26.2,29.2,77,83,73,WNW,11,WNW,24,0.0,,3
6/24/1994,1008.8,30.8,24.6,27.8,81,85,76,WNW,8,WNW,32,11.4,,7
6/25/1994,1009.1,30.6,25.8,28.8,79,84,76,WNW,12,WNW,28,0.8,,6
6/26/1994,1008.8,30.1,25.7,28.5,82,86,77,WNW,13,WNW,31,3.9,,7
6/27/1994,1007.8,30.7,27.6,29.2,77,86,72,WNW,13,W,20,0.0,,7
6/28/1994,1007.9,30.8,23.9,28.8,80,86,74,W,13,W,29,7.1,,7
6/29/1994,1008.0,29.9,26.2,27.9,82,86,75,W,17,WNW,34,0.0,,6
6/30/1994,1007.8,30.9,27.4,29.5,77,83,73,WNW,12,W,18,0.0,,5
7/1/1994,1007.6,31.3,25.0,29.6,77,85,71,W,10,W,16,0.0,,7
7/2/1994,1008.4,31.0,23.9,28.8,79,86,66,W,10,WNW,32,5.4,,7
7/3/1994,1008.8,30.4,23.7,28.0,80,81,77,W,13,WNW,38,5.7,,7
7/4/1994,1009.0,29.7,23.8,27.1,86,93,78,W,14,WNW,30,12.0,,7
7/5/1994,1009.9,28.6,24.3,27.1,84,90,79,WNW,9,WNW,25,3.7,,7
7/6/1994,1010.7,30.7,27.2,28.8,78,84,74,W,9,W,16,0.0,,6
7/7/1994,1011.3,30.6,25.3,29.0,79,84,78,VRB,5,NW,11,0.0,,7
7/8/1994,1011.3,30.7,25.2,29.0,76,86,71,VRB,5,W,12,0.0,,6
7/9/1994,1010.9,30.2,24.0,28.6,77,88,71,VRB,4,NW,32,19.4,,7
7/10/1994,1010.9,30.3,26.4,27.9,81,88,74,VRB,6,W,15,0.0,,7
7/11/1994,1009.7,30.5,27.0,28.9,78,87,74,WSW,10,WSW,18,0.0,,5
7/12/1994,1009.5,30.9,25.2,29.4,80,89,74,SW,9,W,20,3.9,,6
7/13/1994,1009.7,31.3,27.6,29.4,80,87,76,SW,12,SW,21,0.0,,7
7/14/1994,1008.9,30.7,27.2,29.3,79,83,74,SW,12,SW,19,0.0,,7
7/15/1994,1008.9,30.4,24.0,29.2,78,83,74,WSW,10,WSW,18,54.0,,6
7/16/1994,1009.4,29.4,22.9,25.5,88,98,85,WNW,17,WNW,38,56.8,,8
7/17/1994,1009.9,30.7,27.2,29.0,80,83,77,W,10,WNW,16,0.6,,6
7/18/1994,1010.3,30.8,27.8,29.5,77,85,74,WNW,11,WNW,15,0.0,,3
7/19/1994,1010.4,30.4,27.1,29.0,77,80,75,W,11,W,17,0.0,,6
7/20/1994,1009.9,29.7,24.0,27.8,83,90,74,WNW,11,WNW,29,12.9,,7
7/21/1994,1009.8,30.5,27.0,28.8,77,82,74,W,10,W,15,0.0,,7
7/22/1994,1010.2,30.9,23.8,28.9,78,87,74,WSW,7,W,31,7.6,,5
7/23/1994,1010.4,30.1,24.0,27.2,84,90,80,VRB,5,NNW,26,4.9,,7
7/24/1994,1010.1,30.2,27.3,28.6,79,89,73,WNW,8,NW,15,0.0,,7
7/25/1994,1009.5,30.6,27.5,29.1,77,86,71,NW,12,WNW,20,0.0,,5
7/26/1994,1008.5,30.5,26.5,29.2,75,79,73,WNW,11,WNW,28,0.3,,3
7/27/1994,1008.5,31.2,23.6,28.9,78,81,74,W,14,NW,32,20.3,,7
7/28/1994,1010.3,29.4,23.2,25.7,90,96,86,WNW,15,NW,36,52.7,,7
7/29/1994,1009.7,29.8,23.5,27.4,82,93,74,WNW,11,WNW,38,18.2,,7
7/30/1994,1008.6,28.8,24.5,27.1,85,87,83,W,17,NW,36,7.6,,7
7/31/1994,1009.0,28.4,23.0,26.8,85,93,82,WNW,19,NW,39,53.1,,7
8/1/1994,1009.5,28.7,19.7,25.7,87,96,77,NW,24,NW,45,79.2,,7
8/2/1994,1008.7,30.1,24.0,28.5,81,81,80,WNW,15,WNW,36,5.0,,7
8/3/1994,1009.7,29.4,23.1,27.7,81,86,77,W,13,NW,32,7.4,,6
8/4/1994,1010.7,29.6,23.6,28.2,79,84,77,WNW,16,WNW,34,2.1,,5
8/5/1994,1010.9,30.0,23.9,26.8,85,90,80,WNW,19,NW,30,24.1,,7
8/6/1994,1010.8,28.5,23.7,27.2,85,89,83,NW,15,N,30,4.4,,7
8/7/1994,1011.9,29.4,25.5,27.8,82,90,76,NNW,13,NNW,24,0.2,,6
8/8/1994,1011.3,29.9,26.6,28.6,80,86,77,NNW,12,NNW,19,0.0,,4
8/9/1994,1009.9,29.8,26.8,28.4,76,81,71,NW,9,NW,15,0.0,,6
8/10/1994,1009.6,30.1,27.0,28.5,78,83,74,NW,8,NW,16,0.0,,7
8/11/1994,1010.5,30.8,24.9,28.9,76,83,73,VRB,6,WNW,12,0.0,,7
8/12/1994,1011.1,30.8,24.6,28.5,80,95,74,VRB,3,WNW,9,0.0,,4
8/13/1994,1011.3,30.7,24.8,28.8,78,88,72,VRB,4,SE,12,0.0,,3
8/14/1994,1011.8,31.2,23.2,28.8,77,92,69,CALM,0,CALM,6,0.0,,2
8/15/1994,1011.5,30.5,27.0,28.2,78,96,70,VRB,3,NNW,11,0.0,,5
8/16/1994,1011.1,31.0,26.7,29.0,74,80,68,VRB,6,W,21,0.5,,7
8/17/1994,1010.7,30.6,27.4,28.9,78,83,73,WNW,11,WNW,17,0.0,,7
8/18/1994,1009.8,30.1,25.0,28.8,81,86,77,WNW,12,NW,31,1.4,,7
8/19/1994,1009.3,31.0,25.9,28.2,79,87,71,WNW,12,NW,28,0.0,,5
8/20/1994,1009.0,31.6,24.4,29.3,78,84,73,VRB,6,WNW,19,5.9,,5
8/21/1994,1009.8,30.5,25.0,27.8,83,90,77,VRB,5,WNW,26,1.6,,7
8/22/1994,1010.6,30.0,22.8,27.2,82,96,75,NNW,10,WNW,41,47.5,,7
8/23/1994,1010.6,30.2,25.0,28.3,80,86,76,NW,11,NW,24,8.8,,7
8/24/1994,1010.9,30.6,26.6,28.2,83,91,77,WNW,9,NW,19,0.2,,7
8/25/1994,1010.9,29.5,27.2,28.4,81,83,79,NW,10,NW,18,0.0,,7
8/26/1994,1011.0,31.1,26.4,29.0,80,86,76,NW,7,NW,20,0.0,,7
8/27/1994,1012.1,30.9,23.4,29.2,78,83,74,WNW,8,WNW,38,4.2,,7
8/28/1994,1011.6,30.2,24.5,28.6,80,84,76,W,10,WNW,32,0.0,,7
8/29/1994,1010.7,30.8,26.7,29.2,79,86,74,WNW,11,WNW,19,0.0,,7
8/30/1994,1010.3,30.9,26.5,29.2,75,80,73,W,11,W,16,0.0,,6
8/31/1994,1009.5,30.1,24.6,28.6,76,81,72,W,10,WNW,28,4.8,,5
9/1/1994,1009.2,30.6,25.4,28.3,83,89,77,WSW,10,W,31,1.1,,7
9/2/1994,1009.7,30.7,24.0,28.6,83,90,76,W,8,W,31,6.7,,7
9/3/1994,1010.2,30.0,25.6,28.2,84,90,81,WSW,6,W,28,0.0,,7
9/4/1994,1010.9,30.6,26.5,29.1,78,82,74,WSW,8,W,18,1.2,,7
9/5/1994,1011.1,30.6,23.6,28.6,80,85,77,WSW,8,WNW,38,34.1,,7
9/6/1994,1011.1,28.7,24.1,26.4,86,90,78,NW,10,WNW,32,7.9,,7
9/7/1994,1010.6,30.2,24.9,28.8,79,86,75,NW,12,NW,31,1.6,,4
9/8/1994,1012.3,30.1,25.6,28.5,82,89,77,NNW,12,NW,27,10.6,,4
9/9/1994,1012.5,30.0,27.2,28.7,79,83,77,NNW,12,NNW,23,0.0,,7
9/10/1994,1012.5,30.1,27.4,28.8,78,84,75,NW,14,NNW,25,0.0,,6
9/11/1994,1011.8,30.3,27.4,29.0,77,83,74,NNW,15,NNW,23,0.0,,5
9/12/1994,1011.8,30.2,27.2,28.8,79,83,74,NNW,13,N,20,0.2,,5
9/13/1994,1011.0,30.6,25.4,28.9,78,83,74,VRB,6,NNW,19,0.0,,7
9/14/1994,1010.9,29.5,25.5,27.6,83,84,76,NW,10,NNW,18,0.1,,7
9/15/1994,1010.9,30.6,26.4,28.6,78,83,73,NW,7,NNW,13,4.2,,7
9/16/1994,1011.9,30.5,27.0,29.0,77,83,73,NW,7,NW,14,0.0,,7
9/17/1994,1012.9,30.4,26.8,28.8,77,83,74,NW,10,NNW,13,0.0,,3
9/18/1994,1012.9,30.3,26.4,28.7,77,83,74,NW,8,NW,14,0.0,,2
9/19/1994,1012.3,30.6,27.0,28.9,72,77,68,NW,6,NW,12,0.0,,2
9/20/1994,1011.9,30.4,27.3,29.0,71,75,68,N,9,N,14,0.0,,2
9/21/1994,1011.6,30.6,27.0,29.0,73,78,69,N,9,N,13,0.0,,2
9/22/1994,1012.1,30.5,26.6,28.7,73,78,66,VRB,6,N,12,0.0,,6
9/23/1994,1012.4,30.2,24.0,28.6,71,78,65,NNW,6,NNW,10,0.0,,2
9/24/1994,1012.9,30.1,22.6,28.5,67,75,62,VRB,3,NNW,9,0.0,,2
9/25/1994,1013.1,30.4,23.4,27.8,72,89,66,VRB,2,CALM,6,0.0,,7
9/26/1994,1012.6,30.9,26.4,28.6,74,88,67,VRB,3,N,7,0.0,,4
9/27/1994,1012.2,31.4,23.9,29.3,73,84,66,VRB,3,NW,9,0.0,,4
9/28/1994,1012.4,31.9,26.9,28.6,74,88,65,CALM,0,CALM,5,0.0,,7
9/29/1994,1010.9,31.3,26.0,29.3,70,75,68,VRB,5,NNW,9,0.0,,4
9/30/1994,1010.1,31.8,27.4,29.5,74,86,68,VRB,3,NW,10,0.0,,3
10/1/1994,1010.2,31.9,25.3,29.7,71,80,63,VRB,3,NW,16,4.6,,7
10/2/1994,1009.5,31.4,23.5,27.1,83,92,77,WNW,9,WNW,18,44.6,,7
10/3/1994,1009.3,28.4,23.4,25.6,89,90,88,VRB,5,W,24,5.9,,7
10/4/1994,1009.5,30.8,23.3,27.9,80,90,73,WSW,10,WSW,30,37.2,,7
10/5/1994,1010.3,28.8,25.0,27.3,83,87,79,WSW,10,WNW,24,4.6,,7
10/6/1994,1010.8,28.4,23.9,27.1,85,92,77,VRB,5,NW,31,19.9,,7
10/7/1994,1010.4,30.7,27.5,28.8,77,83,71,WNW,12,WNW,21,0.0,,5
10/8/1994,1009.5,30.4,24.5,28.8,78,80,74,NW,7,NW,18,2.1,,5
10/9/1994,1009.6,31.6,25.5,29.1,74,84,70,CALM,0,S,10,0.0,,5
10/10/1994,1011.1,31.0,24.5,28.9,75,87,70,VRB,2,S,8,0.0,,3
10/11/1994,1012.1,30.9,26.5,28.8,76,87,69,SSE,4,S,14,0.0,,4
10/12/1994,1012.5,31.0,23.6,28.0,79,83,70,VRB,4,WNW,13,0.1,,7
10/13/1994,1012.8,30.8,25.0,28.6,75,93,70,VRB,4,SSE,9,0.1,,2
10/14/1994,1013.7,29.4,24.6,26.8,84,95,73,SW,13,S,27,9.1,,7
10/15/1994,1013.1,30.7,25.5,28.9,75,84,73,VRB,4,WNW,17,0.0,,2
10/16/1994,1011.6,30.6,25.0,28.0,78,88,72,WNW,8,WNW,22,12.1,,7
10/17/1994,1010.6,28.9,22.6,26.5,85,93,78,NW,9,NW,31,51.2,,7
10/18/1994,1010.4,29.4,24.0,26.6,81,85,78,NW,9,WNW,18,4.4,,7
10/19/1994,1011.3,29.9,23.9,27.4,80,85,71,SW,9,SW,20,12.6,,7
10/20/1994,1011.2,30.0,25.8,27.3,81,93,71,VRB,4,S,17,0.0,,6
10/21/1994,1010.5,30.6,24.1,27.4,82,90,76,SSE,9,SSE,25,24.2,,4
10/22/1994,1011.3,30.1,24.5,28.4,80,84,77,VRB,5,S,16,0.0,,6
10/23/1994,1012.0,30.0,24.6,28.1,81,90,73,VRB,3,NNE,18,7.2,,7
10/24/1994,1011.7,30.9,24.5,28.7,79,86,74,VRB,4,NE,18,17.0,,5
10/25/1994,1011.2,29.6,24.4,27.9,82,93,76,W,7,WNW,24,7.0,,6
10/26/1994,1011.5,28.8,24.6,26.7,86,93,81,W,12,W,26,5.4,,7
10/27/1994,1010.3,29.2,24.5,27.2,84,90,79,WNW,7,WSW,27,10.3,,7
10/28/1994,1009.8,30.0,24.6,27.7,83,92,76,WSW,8,ENE,25,3.4,,7
10/29/1994,1010.1,27.6,24.2,26.5,89,95,86,SSW,9,WSW,28,16.1,,7
10/30/1994,1009.9,29.4,23.8,27.6,84,87,81,SSW,10,WNW,21,74.2,,7
10/31/1994,1010.7,30.0,26.0,27.2,84,89,77,SW,9,SW,18,0.1,,7
11/1/1994,1011.6,30.7,23.2,28.8,78,84,74,SW,8,WSW,29,39.2,,7
11/2/1994,1011.9,30.0,23.1,27.1,85,95,77,SW,7,SSW,22,89.3,,7
11/3/1994,1011.9,28.7,23.6,26.1,89,98,83,CALM,0,SW,18,3.0,,7
11/4/1994,1012.0,29.6,23.5,27.5,81,85,76,VRB,4,SSE,12,0.1,,6
11/5/1994,1011.9,30.4,24.0,27.8,82,90,74,CALM,0,S,14,4.1,,7
11/6/1994,1011.2,30.2,24.4,27.8,81,93,75,VRB,2,ENE,13,3.9,,4
11/7/1994,1010.7,30.2,24.3,27.8,83,92,78,SE,7,SE,28,23.7,,6
11/8/1994,1010.3,30.6,23.8,28.8,78,90,73,SE,11,ENE,29,50.2,,7
11/9/1994,1010.8,30.4,23.2,27.6,81,87,76,ESE,13,SSE,28,8.2,,7
11/10/1994,1011.1,29.1,24.2,27.1,85,88,81,N,9,S,21,21.3,,7
11/11/1994,1010.2,27.9,23.4,25.5,90,92,90,VRB,5,NE,14,41.9,,7
11/12/1994,1009.6,29.4,24.7,27.2,80,90,75,VRB,4,SW,18,1.6,,7
11/13/1994,1010.2,28.4,24.0,25.6,91,96,86,ESE,9,SSE,25,58.2,,8
11/14/1994,1010.5,30.4,25.4,27.9,82,87,74,S,7,SSW,28,0.1,,6
11/15/1994,1009.5,30.6,24.2,28.4,81,83,77,ESE,11,SE,25,15.9,,6
11/16/1994,1010.3,29.9,27.2,28.7,79,82,76,ESE,13,ESE,27,0.0,,7
11/17/1994,1010.8,30.0,24.0,28.2,81,84,79,ESE,10,ESE,31,2.8,,6
11/18/1994,1011.4,30.1,23.5,27.4,83,89,78,VRB,5,NE,22,4.6,,5
11/19/1994,1010.8,30.6,24.0,28.3,79,88,73,VRB,6,NE,15,0.0,,6
11/20/1994,1010.5,29.9,23.9,28.0,79,90,73,VRB,3,NE,8,0.0,,7
11/21/1994,1010.4,30.0,24.4,28.0,81,88,75,VRB,4,ESE,15,0.0,,7
11/22/1994,1011.5,28.8,23.6,26.5,86,90,83,VRB,3,E,18,4.6,,7
11/23/1994,1010.1,30.1,24.6,28.3,81,87,74,NNE,8,NNE,15,0.0,,6
11/24/1994,1009.9,30.4,24.7,28.4,78,88,73,N,6,NNW,13,0.0,,2
11/25/1994,1009.9,30.8,23.3,28.7,77,84,73,VRB,4,NNE,12,0.0,,2
11/26/1994,1009.8,30.3,24.0,28.0,79,96,71,VRB,4,NNE,11,0.0,,3
11/27/1994,1010.1,30.4,24.5,28.2,75,85,67,VRB,3,NE,9,0.0,,2
11/28/1994,1010.0,30.9,25.0,28.2,77,86,67,VRB,3,E,11,0.0,,3
11/29/1994,1010.8,30.2,23.4,27.9,80,87,75,VRB,2,NNE,14,0.0,,7
11/30/1994,1011.7,30.9,24.2,28.1,79,95,73,CALM,0,CALM,6,0.0,,6
12/1/1994,1012.7,31.0,24.2,28.6,77,80,72,CALM,0,W,12,8.4,,7
12/2/1994,1012.6,29.5,23.0,27.1,84,90,76,VRB,3,NNE,20,22.9,,6
12/3/1994,1011.9,29.3,25.4,26.9,84,90,78,VRB,4,NE,15,0.0,,7
12/4/1994,1011.9,30.9,27.4,29.1,75,92,72,SE,8,ESE,17,0.0,,3
12/5/1994,1013.8,30.8,25.8,29.1,74,81,70,ESE,8,ESE,15,0.0,,2
12/6/1994,1012.7,30.9,24.4,29.0,67,78,60,NE,8,NE,16,0.0,,1
12/7/1994,1011.7,30.4,23.4,28.4,71,78,65,ENE,8,ENE,16,0.0,,2
12/8/1994,1011.8,30.6,24.5,27.8,73,81,65,VRB,6,NE,14,0.0,,5
12/9/1994,1012.6,30.9,24.0,28.3,70,80,63,VRB,5,NE,14,0.0,,7
12/10/1994,1012.5,30.7,23.8,28.1,74,82,67,VRB,5,NE,15,0.0,,2
12/11/1994,1011.4,30.2,25.5,28.2,75,87,69,VRB,5,ENE,13,0.0,,2
12/12/1994,1011.6,30.7,25.1,28.6,76,88,70,VRB,3,ENE,13,0.2,,2
12/13/1994,1011.6,29.7,25.3,27.6,82,84,77,E,9,E,18,2.8,,4
12/14/1994,1012.0,30.1,21.9,28.1,64,66,62,E,8,E,16,0.0,,2
12/15/1994,1012.7,30.2,24.2,27.6,70,83,63,VRB,5,ENE,13,0.0,,1
12/16/1994,1012.4,30.7,24.4,28.1,76,88,68,VRB,6,NNE,14,0.2,,4
12/17/1994,1011.9,30.4,24.6,28.2,79,90,70,VRB,6,NE,16,0.0,,5
12/18/1994,1012.5,31.4,24.5,29.1,77,90,71,NE,6,E,24,17.6,,3
12/19/1994,1013.3,30.4,27.2,29.0,78,84,73,ESE,11,E,22,0.0,,3
12/20/1994,1013.1,30.3,26.5,28.8,81,87,74,E,13,E,25,0.0,,2
12/21/1994,1012.8,30.9,24.3,28.9,81,89,77,E,9,E,15,0.0,,3
12/22/1994,1013.1,30.6,24.5,28.3,81,90,77,VRB,4,ENE,8,0.0,,5
12/23/1994,1012.8,30.8,22.1,28.4,81,91,72,ENE,7,ENE,11,0.0,,5
12/24/1994,1011.9,30.6,24.0,27.5,81,95,70,VRB,4,ENE,12,0.0,,5
12/25/1994,1011.9,30.0,25.5,27.8,81,82,78,VRB,3,CALM,6,0.0,,7
12/26/1994,1011.5,31.1,25.8,28.7,76,84,70,ENE,7,ENE,13,0.0,,4
12/27/1994,1011.9,31.4,25.9,28.4,79,89,72,NE,7,ESE,20,0.5,,6
12/28/1994,1011.4,31.3,26.8,28.8,78,86,69,ENE,9,ENE,19,0.0,,2
12/29/1994,1012.2,30.7,25.6,28.9,73,77,70,ENE,9,ENE,16,0.0,,2
12/30/1994,1011.8,30.8,23.4,28.6,76,86,70,ESE,8,E,14,0.0,,2
12/31/1994,1011.7,30.4,23.7,28.2,78,90,71,VRB,5,NE,12,0.0,,3
1/1/1995,1012.0,30.6,26.2,28.1,79,90,70,VRB,5,ENE,10,0.0,,2
1/2/1995,1011.7,30.8,24.5,28.9,77,84,71,ESE,8,ESE,13,0.0,,3
1/3/1995,1011.4,30.7,23.0,28.5,76,87,70,ESE,8,SW,30,64.8,,5
1/4/1995,1011.9,29.8,25.6,27.5,82,90,76,VRB,5,ESE,18,0.0,,6
1/5/1995,1011.7,30.6,27.0,28.8,81,92,74,ESE,10,ESE,19,0.0,,3
1/6/1995,1012.0,30.4,27.0,28.9,79,84,75,ESE,11,ESE,18,0.0,,2
1/7/1995,1013.3,30.7,24.5,28.8,80,84,75,VRB,6,ESE,12,0.0,,6
1/8/1995,1012.5,30.2,24.4,28.3,82,90,79,N,6,N,11,0.0,,2
1/9/1995,1012.0,30.3,24.8,28.3,79,90,71,NNE,7,NNE,13,0.0,,3
1/10/1995,1012.0,30.9,25.6,28.7,76,92,70,NNE,10,NNE,18,0.0,,2
1/11/1995,1013.1,30.8,25.4,28.6,78,88,73,NE,10,NE,19,0.0,,4
1/12/1995,1013.0,30.6,24.2,28.8,74,82,66,NE,9,NE,15,0.1,,2
1/13/1995,1011.7,30.5,24.0,28.0,79,90,70,VRB,5,ENE,12,0.2,,4
1/14/1995,1010.3,30.4,26.2,27.8,78,90,74,VRB,6,ENE,13,0.0,,2
1/15/1995,1011.8,29.8,23.2,27.2,83,87,77,E,7,E,17,4.3,,6
1/16/1995,1012.2,29.4,22.5,25.1,80,91,75,SW,8,SW,19,0.0,,5
1/17/1995,1012.4,30.3,24.2,27.9,79,90,73,N,7,NNE,16,0.0,,2
1/18/1995,1012.1,30.6,24.5,28.5,77,91,70,NNE,8,ESE,21,0.0,,3
1/19/1995,1012.2,30.4,25.0,28.2,78,90,71,VRB,5,NNE,13,0.0,,4
1/20/1995,1011.4,31.4,25.3,29.0,76,90,70,ENE,7,NE,14,0.0,,5
1/21/1995,1011.6,30.8,25.5,28.8,81,90,77,VRB,6,NNE,15,0.0,,6
1/22/1995,1012.8,30.9,25.6,28.2,83,88,77,E,6,NE,16,2.4,,6
1/23/1995,1012.8,30.8,23.8,29.0,77,89,71,VRB,5,NNE,13,0.0,,4
1/24/1995,1012.1,30.6,25.4,28.3,76,90,69,ENE,8,ENE,12,0.0,,2
1/25/1995,1013.5,30.8,24.0,28.8,71,79,66,VRB,5,E,9,0.0,,1
1/26/1995,1013.4,30.9,26.3,28.4,76,88,70,VRB,4,ESE,15,0.0,,5
1/27/1995,1012.7,31.2,25.0,28.1,80,88,70,E,8,NE,13,0.4,,4
1/28/1995,1012.5,30.7,26.9,28.9,75,81,71,E,9,E,12,0.0,,4
1/29/1995,1012.6,31.0,25.1,29.2,78,86,73,ENE,8,ENE,11,0.0,,3
1/30/1995,1012.6,30.7,23.2,28.9,75,85,69,VRB,5,ENE,9,0.0,,2
1/31/1995,1012.5,30.4,26.7,27.7,80,90,76,VRB,3,ESE,18,0.0,,4
2/1/1995,1012.6,30.5,23.7,28.0,84,95,75,E,10,ESE,20,9.4,,5
2/2/1995,1012.8,31.2,23.9,27.6,83,90,76,VRB,4,ENE,23,8.6,,5
2/3/1995,1012.4,30.7,26.2,28.8,81,88,76,ENE,7,ENE,12,0.0,,3
2/4/1995,1011.4,30.9,25.0,27.7,84,87,79,VRB,5,E,13,7.3,,5
2/5/1995,1012.5,30.2,27.0,28.6,81,84,78,E,12,ESE,24,0.0,,5
2/6/1995,1011.8,30.4,27.1,29.1,79,84,76,ESE,16,ESE,23,0.0,,3
2/7/1995,1012.6,30.9,27.0,29.0,77,86,71,E,11,ESE,20,0.0,,6
2/8/1995,1012.0,30.8,25.8,28.9,77,83,74,E,10,ESE,15,0.0,,5
2/9/1995,1012.5,30.7,22.8,28.3,80,90,72,VRB,3,ENE,11,0.0,,7
2/10/1995,1012.4,30.6,24.8,27.9,79,95,70,VRB,5,E,11,0.0,,6
2/11/1995,1011.9,30.5,22.8,28.5,76,88,70,VRB,3,E,9,0.0,,6
2/12/1995,1012.5,30.9,24.1,27.8,78,93,69,VRB,2,CALM,6,0.0,,2
2/13/1995,1012.2,31.3,24.6,28.7,75,83,67,CALM,0,NNE,16,0.0,,3
2/14/1995,1011.9,30.8,23.2,28.3,75,84,69,CALM,0,CALM,6,0.0,,6
2/15/1995,1010.6,31.5,26.2,28.5,77,95,69,NNE,8,NNE,16,0.0,,5
2/16/1995,1010.9,30.7,25.1,28.8,77,86,70,N,10,NNE,15,5.8,,7
2/17/1995,1011.5,30.2,24.5,27.5,82,88,75,VRB,6,S,19,0.4,,7
2/18/1995,1010.8,30.7,25.8,28.9,79,87,73,VRB,6,ENE,10,0.0,,3
2/19/1995,1011.4,31.2,24.4,29.1,77,88,73,ENE,8,ENE,13,0.6,,4
2/20/1995,1011.5,31.6,23.4,28.8,78,87,70,VRB,3,SSE,19,2.8,,3
2/21/1995,1011.3,31.7,25.1,28.4,81,90,74,ENE,7,ENE,14,0.0,,3
2/22/1995,1011.0,31.1,25.9,28.9,74,88,68,ENE,6,ENE,10,0.0,,2
2/23/1995,1011.3,30.7,26.0,28.9,72,84,68,VRB,5,ENE,10,0.0,,2
2/24/1995,1011.2,31.2,24.8,29.1,73,85,67,VRB,5,E,9,0.0,,2
2/25/1995,1011.1,31.2,23.9,28.9,72,85,65,VRB,5,ENE,10,0.0,,2
2/26/1995,1011.6,31.5,22.0,29.0,75,90,68,VRB,2,CALM,5,0.0,,2
2/27/1995,1012.0,30.8,23.5,27.9,78,95,69,VRB,3,NNE,9,0.0,,4
2/28/1995,1011.2,30.9,26.0,28.6,76,90,69,NNE,6,NNE,13,0.0,,3
3/1/1995,1011.3,30.8,26.4,29.1,76,85,71,NNE,10,NNE,15,0.0,,3
3/2/1995,1013.3,31.4,25.0,29.2,77,87,70,N,8,N,13,0.0,,3
3/3/1995,1012.1,31.7,23.5,29.2,76,86,68,ENE,8,NNE,14,0.0,,7
3/4/1995,1012.9,31.4,22.1,28.7,74,88,67,VRB,6,NE,10,0.0,,2
3/5/1995,1011.9,31.0,25.5,28.3,76,90,69,VRB,6,NE,11,0.0,,2
3/6/1995,1011.8,31.1,24.6,28.9,75,85,69,N,6,N,12,0.0,,3
3/7/1995,1011.0,31.3,25.4,28.9,73,88,66,VRB,5,N,9,0.0,,2
3/8/1995,1010.9,32.1,26.8,29.3,71,85,65,VRB,5,E,9,0.0,,2
3/9/1995,1010.8,31.8,22.8,29.6,72,83,67,VRB,5,E,10,0.0,,2
3/10/1995,1011.8,32.0,23.5,29.3,74,90,66,CALM,0,CALM,6,0.0,,1
3/11/1995,1011.8,32.2,27.4,29.4,74,90,68,VRB,5,ENE,10,0.0,,2
3/12/1995,1011.2,31.9,27.0,29.8,77,85,71,SE,8,SSE,15,0.0,,2
3/13/1995,1010.8,32.2,24.5,29.9,71,81,65,VRB,4,CALM,6,0.0,,4
3/14/1995,1011.3,31.9,25.4,28.7,78,88,72,VRB,4,ESE,18,0.0,,3
3/15/1995,1013.2,32.2,27.4,29.4,78,90,72,NNE,8,NNE,14,0.0,,3
3/16/1995,1013.4,32.6,24.9,30.3,75,83,67,E,8,ESE,18,1.6,,4
3/17/1995,1012.9,32.1,24.7,29.6,76,88,70,VRB,6,SW,15,0.7,,2
3/18/1995,1013.2,32.3,23.8,29.6,75,90,68,ENE,7,S,14,0.0,,2
3/19/1995,1013.2,32.4,26.0,29.5,75,90,65,NE,6,NNE,14,0.0,,3
3/20/1995,1012.0,32.0,26.1,29.9,73,87,68,E,8,E,12,0.0,,2
3/21/1995,1011.4,32.2,24.8,29.4,74,84,67,E,7,E,21,0.1,,4
3/22/1995,1011.0,32.3,25.2,29.7,75,90,65,NNE,8,NNE,14,0.0,,2
3/23/1995,1009.8,31.8,25.6,29.4,74,85,70,N,6,N,12,0.0,,3
3/24/1995,1009.9,31.7,26.8,29.3,76,87,71,VRB,3,N,9,0.0,,3
3/25/1995,1009.9,32.3,27.6,30.2,72,81,66,VRB,3,NNW,7,0.0,,1
3/26/1995,1009.9,32.2,27.7,30.3,70,81,65,VRB,5,NNW,14,0.0,,1
3/27/1995,1009.3,32.1,25.6,30.2,71,82,67,N,6,N,13,0.0,,2
3/28/1995,1009.3,31.4,27.6,29.4,73,87,67,VRB,5,N,12,0.0,,3
3/29/1995,1010.0,31.8,25.2,29.8,67,72,65,NNW,7,NNW,15,0.0,,1
3/30/1995,1009.9,31.8,27.4,29.6,71,85,63,VRB,6,N,14,0.0,,2
3/31/1995,1009.5,32.2,27.9,30.1,69,76,64,N,10,NNE,14,0.0,,2
4/1/1995,1010.0,31.9,27.2,30.0,72,79,67,NNW,9,NNW,19,0.0,,2
4/2/1995,1009.2,32.2,27.3,30.1,70,80,63,N,11,N,14,0.0,,2
4/3/1995,1009.8,32.5,26.9,30.2,71,78,67,NNE,8,NNE,12,0.0,,5
4/4/1995,1009.7,32.9,26.0,30.5,74,83,72,NNE,8,NE,18,1.5,,4
4/5/1995,1010.1,31.4,25.2,28.9,80,86,76,VRB,4,SSW,14,29.2,,4
4/6/1995,1010.7,32.2,27.1,29.6,79,90,73,VRB,6,ESE,12,0.2,,7
4/7/1995,1009.2,32.2,25.0,28.7,77,87,70,SE,7,SE,20,23.0,,4
4/8/1995,1009.3,31.9,25.0,29.7,74,83,70,VRB,4,SSW,10,0.0,,5
4/9/1995,1009.1,31.8,27.2,29.7,76,88,70,VRB,3,NNE,10,0.0,,2
4/10/1995,1011.2,32.2,27.3,30.1,73,84,66,VRB,4,SSE,9,0.0,,2
4/11/1995,1011.9,32.0,25.4,30.3,73,83,67,VRB,4,ESE,8,0.0,,2
4/12/1995,1011.6,32.6,25.0,29.8,77,90,72,CALM,0,CALM,5,0.0,,2
4/13/1995,1011.2,32.4,28.1,29.9,75,93,68,VRB,4,NW,9,0.0,,2
4/14/1995,1010.5,32.5,26.0,30.7,74,80,69,VRB,4,NW,7,0.0,,2
4/15/1995,1010.9,31.7,26.4,29.4,74,90,68,VRB,4,SSW,18,0.0,,4
4/16/1995,1010.8,32.4,25.4,29.7,74,84,68,W,9,N,21,0.0,,6
4/17/1995,1009.9,32.5,26.6,29.6,76,88,66,N,6,NNW,13,0.0,,3
4/18/1995,1009.7,32.3,26.9,30.0,77,89,71,VRB,5,N,8,0.0,,2
4/19/1995,1009.2,32.8,27.1,30.6,72,86,67,VRB,3,NW,12,0.0,,5
4/20/1995,1009.4,31.0,24.9,28.3,84,89,77,VRB,4,NW,17,15.4,,6
4/21/1995,1008.5,31.7,25.4,29.7,78,96,70,VRB,2,N,9,0.0,,3
4/22/1995,1009.1,32.5,26.2,30.3,75,95,66,VRB,2,S,10,0.1,,2
4/23/1995,1009.5,32.1,25.6,29.6,77,90,66,VRB,4,N,15,0.1,,4
4/24/1995,1009.2,33.0,26.2,30.5,72,90,65,CALM,0,NE,14,7.6,,3
4/25/1995,1009.2,32.4,28.6,30.5,75,89,65,VRB,3,NW,10,0.0,,5
4/26/1995,1008.2,31.7,23.6,26.9,79,91,76,VRB,3,NE,22,35.7,,3
4/27/1995,1008.5,32.4,26.4,30.5,78,97,70,CALM,0,CALM,5,1.2,,2
4/28/1995,1009.4,32.1,24.5,29.8,81,90,74,VRB,2,NE,25,46.8,,5
4/29/1995,1009.4,30.9,25.9,28.1,82,89,73,NE,6,ESE,23,0.1,,7
4/30/1995,1008.7,32.4,25.2,29.6,81,89,74,VRB,2,NE,24,8.2,,5
5/1/1995,1007.3,32.2,26.0,29.6,77,90,68,VRB,5,NNW,15,0.0,,4
5/2/1995,1008.3,32.2,26.0,30.0,76,89,70,CALM,0,ESE,9,0.0,,4
5/3/1995,1008.3,32.5,27.4,30.5,75,89,68,VRB,3,E,15,0.0,,7
5/4/1995,1007.3,31.7,27.0,28.9,82,86,74,SW,8,WSW,26,0.0,,7
5/5/1995,1004.9,31.8,26.0,29.2,80,89,73,NW,12,WNW,26,2.6,,7
5/6/1995,1006.6,29.6,24.5,27.5,84,90,80,WSW,12,WNW,33,10.1,,7
5/7/1995,1007.6,30.4,28.9,29.8,80,85,77,WNW,21,WNW,32,0.0,,7
5/8/1995,1008.7,31.6,28.7,30.4,74,78,71,WNW,19,WNW,29,0.0,,6
5/9/1995,1007.9,31.7,28.7,30.2,73,78,68,WNW,18,WNW,27,0.0,,6
5/10/1995,1007.3,31.7,28.6,30.2,71,75,69,WNW,19,WNW,26,0.0,,6
5/11/1995,1008.9,31.9,28.8,30.5,73,78,70,WNW,15,WNW,21,0.0,,6
5/12/1995,1010.2,31.9,28.7,30.4,77,83,73,WNW,13,WNW,22,0.0,,5
5/13/1995,1008.6,32.0,25.4,30.6,76,83,71,WNW,13,WNW,25,2.2,,2
5/14/1995,1007.6,32.2,27.2,30.1,79,90,72,WNW,14,WNW,32,2.1,,5
5/15/1995,1007.9,31.9,24.5,30.1,78,83,74,WNW,14,WNW,38,16.8,,6
5/16/1995,1010.5,32.0,27.2,29.3,78,87,70,WNW,12,WNW,25,0.0,,6
5/17/1995,1011.2,31.6,27.1,30.2,79,89,75,WNW,12,WNW,27,0.0,,2
5/18/1995,1010.2,31.9,27.0,30.3,77,82,74,WNW,9,WNW,19,0.1,,3
5/19/1995,1010.1,32.4,26.0,30.5,77,83,74,W,7,W,20,4.4,,3
5/20/1995,1011.3,31.4,23.2,26.6,88,92,80,WSW,10,WNW,38,14.6,,7
5/21/1995,1010.7,29.7,24.0,27.5,83,87,77,VRB,4,NNW,17,26.0,,7
5/22/1995,1010.9,31.2,27.0,28.4,79,95,71,NW,8,WNW,20,0.0,,7
5/23/1995,1010.3,31.6,27.1,29.1,78,85,71,VRB,5,W,18,0.0,,6
5/24/1995,1010.7,31.7,25.8,30.3,74,85,70,VRB,6,W,17,2.4,,2
5/25/1995,1010.4,31.4,26.5,29.7,79,86,73,VRB,5,WNW,16,0.0,,7
5/26/1995,1010.4,32.0,28.3,30.0,76,89,70,VRB,3,NW,12,0.0,,2
5/27/1995,1010.2,31.9,27.8,30.5,74,83,71,NNW,8,WNW,17,0.0,,2
5/28/1995,1009.7,32.1,24.6,29.5,79,90,71,WNW,9,W,23,28.9,,5
5/29/1995,1009.8,29.6,24.3,27.4,85,90,77,WNW,10,WNW,24,1.8,,7
5/30/1995,1009.3,31.4,27.6,29.5,80,89,71,WNW,8,W,20,0.0,,5
5/31/1995,1009.2,32.1,28.4,30.4,76,83,70,WNW,9,W,15,0.0,,6
6/1/1995,1008.6,31.9,28.2,30.3,77,83,73,WNW,10,WNW,19,0.0,,7
6/2/1995,1008.2,31.9,28.3,30.3,77,83,71,WNW,11,W,21,0.0,,7
6/3/1995,1008.1,31.4,25.0,27.9,85,90,79,W,12,WNW,22,2.1,,7
6/4/1995,1008.7,31.5,25.0,29.5,78,86,72,WNW,11,W,21,0.0,,7
6/5/1995,1008.6,31.8,27.4,30.1,79,82,73,WNW,10,WNW,17,0.1,,7
6/6/1995,1008.7,31.0,26.2,29.4,82,86,80,WNW,6,WNW,20,12.4,,7
6/7/1995,1009.1,30.7,25.8,29.2,79,82,77,W,11,W,19,2.4,,7
6/8/1995,1009.5,30.4,24.2,28.1,84,90,81,WNW,10,W,31,20.1,,7
6/9/1995,1008.9,29.2,24.7,26.9,86,90,80,WNW,16,W,37,15.5,,7
6/10/1995,1007.9,30.4,25.0,28.3,82,87,78,WSW,15,W,32,8.0,,7
6/11/1995,1007.9,30.5,24.9,27.7,82,90,78,W,14,NW,27,16.4,,7
6/12/1995,1007.4,30.6,26.4,29.2,78,85,69,WNW,17,WSW,32,2.4,,7
6/13/1995,1007.3,30.7,24.0,28.3,80,82,77,WNW,19,WNW,42,5.9,,7
6/14/1995,1008.2,31.2,26.0,28.9,80,83,77,WNW,18,W,34,0.6,,6
6/15/1995,1009.0,31.1,26.4,29.6,80,90,75,WNW,13,WNW,30,0.1,,3
6/16/1995,1010.2,30.3,26.8,29.1,78,83,74,WNW,15,WNW,21,2.1,,7
6/17/1995,1009.6,30.9,24.0,29.4,77,85,75,WNW,13,WNW,24,18.6,,6
6/18/1995,1010.1,30.2,23.8,26.9,88,95,82,WNW,12,NNW,35,25.7,,7
6/19/1995,1009.8,30.7,27.8,29.5,79,86,74,WNW,13,WNW,21,0.0,,6
6/20/1995,1010.8,30.7,27.5,29.5,76,85,67,WNW,14,WNW,20,0.0,,6
6/21/1995,1011.3,30.4,24.2,27.9,79,83,75,WNW,11,WNW,36,11.4,,7
6/22/1995,1010.1,30.7,27.7,29.5,80,86,77,WNW,11,W,17,0.0,,7
6/23/1995,1009.7,30.6,22.8,28.6,80,90,76,W,11,WNW,28,7.9,,6
6/24/1995,1009.0,30.2,26.4,28.7,81,83,79,W,12,WNW,21,1.4,,7
6/25/1995,1009.6,29.2,23.5,27.0,86,95,79,WNW,13,WNW,31,72.1,,7
6/26/1995,1010.1,29.4,26.9,28.4,81,89,78,WNW,15,WNW,23,0.0,,7
6/27/1995,1009.1,30.5,24.6,28.9,81,86,78,WNW,12,WNW,22,3.7,,7
6/28/1995,1007.7,30.4,24.7,27.7,83,89,74,WNW,13,W,31,7.0,,7
6/29/1995,1007.7,30.7,23.5,28.9,80,86,76,W,17,WNW,38,5.8,,4
6/30/1995,1008.7,30.8,27.2,29.2,79,89,74,W,22,WNW,30,0.0,,6
7/1/1995,1008.3,30.7,25.5,29.4,79,81,76,NW,18,NW,37,1.0,,5
7/2/1995,1007.8,30.6,27.6,29.4,79,86,76,NW,16,NW,20,0.0,,3
7/3/1995,1009.0,30.6,27.8,29.4,76,80,71,WNW,14,WNW,18,0.0,,4
7/4/1995,1009.0,30.7,26.4,29.4,77,80,74,WNW,13,WSW,26,1.4,,2
7/5/1995,1007.1,30.0,24.6,27.9,83,85,79,WSW,15,WNW,34,7.8,,8
7/6/1995,1007.6,28.4,24.5,26.3,86,95,82,WNW,14,WNW,28,13.6,,8
7/7/1995,1007.8,30.4,27.5,28.6,83,89,79,WNW,15,WNW,17,0.0,,8
7/8/1995,1007.9,30.5,24.0,29.3,78,85,75,WNW,15,NNW,38,1.6,,3
7/9/1995,1007.9,30.6,27.6,29.1,80,82,74,WNW,17,NNW,24,0.0,,3
7/10/1995,1006.3,31.0,25.0,29.2,82,87,77,W,15,W,28,4.3,,4
7/11/1995,1006.6,30.0,23.6,27.9,86,96,79,WSW,15,WNW,40,19.5,,7
7/12/1995,1008.4,30.0,27.5,28.6,82,86,79,WSW,9,WSW,13,0.0,,7
7/13/1995,1008.4,30.8,26.4,29.3,79,81,76,WSW,7,WSW,10,0.0,,3
7/14/1995,1008.8,31.1,26.0,29.5,78,87,73,WSW,7,W,18,0.0,,2
7/15/1995,1008.1,31.4,24.0,29.1,80,89,75,WSW,10,W,38,11.1,,3
7/16/1995,1007.9,30.6,26.5,28.7,79,84,76,WSW,11,WSW,18,1.4,,7
7/17/1995,1008.2,30.5,25.5,28.2,82,89,79,WSW,14,W,24,5.4,,8
7/18/1995,1009.1,30.4,27.2,29.2,79,84,77,W,10,W,14,0.0,,7
7/19/1995,1008.6,30.3,24.5,29.1,81,85,76,WSW,12,SW,30,11.0,,5
7/20/1995,1008.5,29.0,25.2,26.4,86,93,82,WSW,18,WSW,24,2.2,,8
7/21/1995,1009.0,31.0,25.1,29.2,79,89,73,WSW,11,WSW,17,0.0,,3
7/22/1995,1009.1,31.8,25.6,29.2,80,90,75,CALM,0,NW,10,1.2,,5
7/23/1995,1010.0,30.8,26.0,28.8,82,89,77,WSW,5,NW,22,1.1,,5
7/24/1995,1010.4,29.2,23.1,26.0,89,95,84,NW,12,NNW,28,36.4,,8
7/25/1995,1010.1,30.2,25.9,28.7,80,87,77,NW,13,W,22,0.2,,6
7/26/1995,1009.8,29.8,24.4,28.2,83,90,81,WNW,9,WNW,28,4.6,,7
7/27/1995,1009.5,30.6,25.2,28.7,82,92,77,SW,11,WNW,20,1.3,,7
7/28/1995,1008.5,30.1,22.7,27.6,85,90,79,NW,11,W,30,68.4,,7
7/29/1995,1007.5,28.4,23.9,26.3,88,93,83,WNW,17,WNW,33,3.5,,7
7/30/1995,1008.3,28.8,22.6,25.4,90,95,84,W,17,WNW,35,68.1,,7
7/31/1995,1009.2,29.9,24.8,28.2,81,89,78,WNW,10,W,25,1.2,,6
8/1/1995,1010.2,30.9,27.0,29.3,80,89,77,W,8,W,16,0.0,,3
8/2/1995,1009.9,30.2,27.1,28.9,81,87,76,WNW,11,WNW,18,0.0,,7
8/3/1995,1008.2,30.1,25.4,26.7,79,86,75,WNW,12,WNW,20,4.7,,3
8/4/1995,1009.6,30.6,27.4,29.2,77,81,74,WNW,13,W,19,0.0,,3
8/5/1995,1010.4,30.7,25.6,29.3,78,81,74,NW,10,NNW,27,1.4,,2
8/6/1995,1009.8,30.6,26.2,29.1,78,80,75,NW,12,WNW,24,7.8,,5
8/7/1995,1009.8,30.1,25.6,29.1,80,82,78,WNW,12,WNW,24,2.1,,7
8/8/1995,1008.9,30.9,27.2,29.3,78,80,77,WNW,12,WNW,17,0.0,,7
8/9/1995,1008.9,30.8,27.1,29.3,79,85,74,WNW,10,WNW,16,0.0,,5
8/10/1995,1009.4,30.9,27.2,29.3,77,81,73,NW,9,WNW,15,0.0,,3
8/11/1995,1010.6,31.2,24.4,29.2,79,87,75,NW,8,NW,15,8.4,,5
8/12/1995,1011.5,30.8,24.5,28.1,84,92,74,VRB,2,E,18,0.0,,4
8/13/1995,1010.0,30.8,25.4,28.9,80,87,76,VRB,4,WNW,29,2.4,,2
8/14/1995,1010.2,30.2,25.8,28.4,81,86,76,NW,9,WNW,20,0.0,,7
8/15/1995,1012.0,31.2,25.0,29.4,78,85,74,W,10,W,23,0.0,,5
8/16/1995,1011.7,30.6,26.7,28.7,80,87,77,WNW,11,WNW,20,0.7,,7
8/17/1995,1010.8,30.8,23.8,29.0,79,86,71,WNW,11,WSW,21,1.8,,5
8/18/1995,1011.3,30.0,24.5,27.2,84,92,74,WNW,9,WNW,27,6.4,,6
8/19/1995,1011.6,30.2,27.2,28.7,81,86,77,WNW,12,WNW,25,0.0,,4
8/20/1995,1011.2,30.0,25.4,28.7,81,93,77,NW,15,NNW,27,2.1,,5
8/21/1995,1010.8,28.5,23.3,25.9,89,93,87,NW,16,NW,36,44.5,,7
8/22/1995,1008.8,29.8,22.8,27.6,86,96,78,NW,14,W,35,45.4,,7
8/23/1995,1009.4,27.9,25.4,26.9,86,87,83,NW,19,WNW,30,0.8,,7
8/24/1995,1009.7,30.2,25.6,27.7,81,84,78,WNW,11,NW,26,2.1,,7
8/25/1995,1010.2,29.8,25.4,27.9,84,87,81,W,12,NNW,24,7.9,,6
8/26/1995,1009.7,30.4,24.0,28.4,84,89,79,W,11,WNW,32,12.5,,6
8/27/1995,1009.8,29.2,24.5,27.2,87,90,83,NW,13,WNW,30,12.8,,7
8/28/1995,1010.2,29.4,23.9,26.4,86,93,79,WNW,14,WNW,32,21.1,,7
8/29/1995,1009.1,30.0,23.7,27.2,83,89,78,WNW,15,WNW,32,15.3,,7
8/30/1995,1009.5,28.6,23.8,26.1,88,95,80,WNW,20,WNW,40,6.8,,7
8/31/1995,1009.1,30.2,27.4,28.8,82,83,79,WSW,15,WSW,25,0.3,,6
9/1/1995,1008.7,30.1,26.4,28.1,82,83,80,W,15,WNW,32,0.1,,7
9/2/1995,1009.9,30.4,24.9,27.9,83,87,78,WNW,15,WSW,34,6.6,,7
9/3/1995,1010.5,30.3,24.4,28.6,86,92,81,W,14,WNW,30,8.4,,7
9/4/1995,1010.7,30.6,24.9,28.7,85,89,82,W,11,W,20,6.8,,7
9/5/1995,1011.3,30.1,26.5,27.8,85,90,81,WNW,11,NW,26,0.0,,7
9/6/1995,1011.4,30.4,26.6,29.0,79,83,74,WNW,10,WNW,15,0.0,,5
9/7/1995,1011.2,30.5,26.5,29.0,77,83,73,WNW,7,WNW,12,0.0,,2
9/8/1995,1011.7,30.8,23.8,29.1,77,83,70,VRB,4,NNW,24,16.7,,3
9/9/1995,1011.3,30.2,27.0,28.4,79,90,75,VRB,6,NNW,16,0.0,,7
9/10/1995,1010.4,30.4,26.9,28.9,79,81,77,WNW,10,W,18,0.1,,4
9/11/1995,1010.1,30.2,26.8,28.7,78,80,76,NW,8,NNW,15,0.0,,6
9/12/1995,1011.9,30.0,26.9,28.8,73,81,70,NW,7,WNW,16,0.0,,2
9/13/1995,1013.0,30.2,27.2,28.9,74,78,70,WNW,10,WNW,20,0.0,,4
9/14/1995,1011.7,30.3,27.1,28.8,77,83,73,WNW,12,WNW,21,0.0,,6
9/15/1995,1011.1,30.1,26.0,28.3,77,83,73,WNW,16,WNW,28,1.6,,2
9/16/1995,1010.8,30.4,26.6,28.8,76,80,74,WNW,19,WNW,27,0.0,,5
9/17/1995,1011.7,30.6,25.0,28.6,76,83,73,WNW,14,WNW,30,1.0,,6
9/18/1995,1012.0,29.9,23.5,27.6,84,90,76,WNW,14,WNW,30,31.2,,6
9/19/1995,1011.3,30.1,26.8,28.9,79,84,74,WNW,11,WNW,17,0.2,,3
9/20/1995,1011.9,30.2,26.7,29.0,78,83,75,WNW,12,WNW,19,0.0,,3
9/21/1995,1012.3,30.4,25.0,29.1,76,81,73,NW,12,W,24,3.4,,5
9/22/1995,1012.6,29.8,26.5,28.5,79,83,75,NW,12,WNW,23,0.0,,7
9/23/1995,1011.6,30.1,27.0,28.9,79,86,75,NW,11,N,20,0.0,,2
9/24/1995,1010.9,30.0,27.1,28.7,78,83,74,NW,11,NNW,18,0.0,,6
9/25/1995,1010.4,30.3,26.9,28.8,77,83,73,NW,11,WNW,17,0.0,,7
9/26/1995,1010.8,30.4,26.6,28.8,79,84,74,WNW,9,WNW,16,0.0,,7
9/27/1995,1011.6,29.0,23.7,26.4,86,92,81,WNW,10,N,20,46.2,,7
9/28/1995,1011.3,29.4,24.0,27.0,84,93,75,WNW,9,N,23,0.1,,6
9/29/1995,1011.1,30.1,25.6,28.6,80,87,77,WNW,9,W,21,1.3,,5
9/30/1995,1010.5,30.0,25.2,27.8,85,90,78,WNW,11,NNW,20,0.6,,5
10/1/1995,1010.4,30.7,25.6,29.1,79,84,76,WNW,9,WSW,19,1.1,,3
10/2/1995,1011.4,30.9,24.0,28.6,80,86,73,W,7,WSW,29,20.4,,4
10/3/1995,1012.3,29.2,24.6,27.6,82,88,79,W,17,WSW,30,2.1,,7
10/4/1995,1011.4,28.8,24.8,27.1,85,90,81,WNW,17,WNW,28,5.4,,7
10/5/1995,1010.3,30.6,24.9,29.0,78,83,73,WNW,11,WNW,31,1.5,,5
10/6/1995,1010.3,29.7,23.4,27.7,80,86,77,WNW,15,NW,31,6.7,,7
10/7/1995,1010.6,29.6,23.5,26.5,87,93,80,W,15,WNW,32,23.9,,7
10/8/1995,1010.1,28.1,24.4,26.5,84,88,81,W,19,WNW,33,11.8,,7
10/9/1995,1009.6,29.9,24.8,28.0,83,87,79,W,13,W,31,5.4,,7
10/10/1995,1008.8,30.7,25.8,29.0,80,86,77,WNW,11,WSW,20,0.8,,3
10/11/1995,1009.1,30.4,25.1,28.2,84,89,75,W,10,W,21,0.9,,3
10/12/1995,1009.7,30.5,26.1,28.7,82,87,78,WSW,10,WSW,18,3.5,,2
10/13/1995,1010.3,31.1,26.2,29.3,78,84,74,VRB,5,WSW,12,0.1,,2
10/14/1995,1010.3,30.6,26.7,29.1,78,86,73,VRB,3,WNW,8,0.0,,2
10/15/1995,1010.1,30.8,23.4,29.1,74,83,68,VRB,2,CALM,6,0.0,,2
10/16/1995,1010.2,30.6,23.2,28.6,75,93,66,VRB,3,WNW,10,0.0,,2
10/17/1995,1010.5,31.0,25.4,28.6,76,93,69,VRB,2,NW,7,0.0,,2
10/18/1995,1011.9,31.4,27.4,28.9,79,90,74,VRB,4,WNW,15,0.0,,6
10/19/1995,1011.4,30.9,27.6,29.4,74,83,68,NW,7,W,16,0.0,,3
10/20/1995,1009.9,31.1,24.8,29.7,75,79,71,WNW,12,WNW,29,5.7,,2
10/21/1995,1009.6,30.6,25.0,28.7,79,86,71,WNW,11,WNW,21,8.4,,6
10/22/1995,1009.6,29.5,25.0,27.8,80,84,75,NNW,8,NNW,16,0.0,,7
10/23/1995,1009.7,30.0,24.7,27.6,84,93,77,VRB,5,SSW,17,14.1,,6
10/24/1995,1009.9,30.9,24.6,27.9,80,87,76,CALM,0,ESE,11,11.4,,5
10/25/1995,1009.6,30.6,23.6,26.9,87,93,80,VRB,3,NE,21,6.9,,7
10/26/1995,1010.2,30.5,23.6,27.9,83,90,78,VRB,5,ESE,21,2.8,,6
10/27/1995,1008.9,31.4,24.8,28.8,79,98,69,CALM,0,N,12,0.0,,3
10/28/1995,1008.3,31.1,24.4,28.6,82,90,72,VRB,4,WSW,10,1.1,,6
10/29/1995,1008.3,31.4,24.6,28.8,80,96,72,CALM,0,ESE,10,0.0,,4
10/30/1995,1008.4,31.5,25.5,28.8,80,96,73,CALM,0,W,11,0.0,,7
10/31/1995,1008.7,30.5,24.5,28.8,82,87,75,SW,8,WSW,24,23.6,,7
11/1/1995,1009.1,28.7,24.2,26.5,88,93,83,W,11,W,25,48.4,,7
11/2/1995,1009.7,28.3,24.4,26.0,90,96,87,WNW,14,W,29,14.5,,7
11/3/1995,1010.7,29.4,24.6,27.3,84,90,76,WNW,14,WNW,26,8.5,,7
11/4/1995,1010.0,30.6,27.4,28.8,84,89,78,WNW,10,WNW,17,0.0,,7
11/5/1995,1009.7,30.7,26.9,29.2,76,81,71,NW,9,NW,14,0.0,,3
11/6/1995,1009.2,30.8,24.3,29.1,73,83,64,VRB,5,WNW,11,0.0,,2
11/7/1995,1008.8,30.4,27.0,28.8,76,88,70,NNW,6,WNW,15,0.0,,3
11/8/1995,1008.9,30.9,27.3,28.9,78,80,76,W,13,WNW,21,0.0,,4
11/9/1995,1008.6,30.1,25.4,28.2,78,87,71,WSW,17,WSW,34,0.0,,7
11/10/1995,1010.9,30.9,25.6,29.2,73,80,65,WNW,7,NW,18,0.0,,5
11/11/1995,1011.9,30.4,26.6,28.9,75,83,68,NW,7,WNW,13,0.0,,4
11/12/1995,1011.4,30.2,25.0,28.8,71,84,66,NNW,8,NW,15,0.0,,2
11/13/1995,1012.6,30.2,26.7,28.6,70,77,64,NW,6,NNW,14,0.0,,5
11/14/1995,1012.4,30.0,23.0,28.2,77,86,70,WNW,9,NNW,23,82.5,,7
11/15/1995,1010.5,29.8,24.6,28.2,82,90,75,NNW,10,N,22,2.1,,5
11/16/1995,1008.8,30.4,23.8,28.5,79,93,70,NNW,8,NNW,15,0.0,,6
11/17/1995,1009.9,30.3,22.5,28.8,72,84,65,VRB,5,NNW,12,0.0,,3
11/18/1995,1010.4,30.6,21.2,28.2,70,85,62,VRB,2,NNW,8,0.0,,1
11/19/1995,1009.9,30.1,21.6,27.6,72,91,66,VRB,2,W,7,0.0,,1
11/20/1995,1010.1,30.0,22.8,27.7,76,94,70,VRB,3,NW,9,0.0,,2
11/21/1995,1010.7,30.2,26.8,28.3,75,90,70,VRB,3,WNW,13,0.0,,1
11/22/1995,1011.2,30.6,27.0,28.9,75,83,70,WNW,8,WNW,15,0.0,,6
11/23/1995,1011.4,30.0,26.6,28.8,73,81,69,NW,8,WNW,15,0.8,,6
11/24/1995,1011.4,30.1,26.7,28.9,75,84,69,NNW,10,NNW,17,0.0,,3
11/25/1995,1011.4,30.4,26.6,28.9,71,80,66,NW,7,NW,13,0.0,,1
11/26/1995,1012.3,30.4,26.5,28.9,70,77,65,VRB,6,NW,13,0.0,,2
11/27/1995,1013.5,30.0,24.0,28.6,71,83,65,NNW,7,NNW,14,0.0,,2
11/28/1995,1013.2,30.6,25.5,28.5,72,84,65,N,7,N,17,0.0,,2
11/29/1995,1013.4,31.4,24.5,29.1,75,84,70,N,8,NNE,16,0.0,,3
11/30/1995,1013.6,31.8,23.5,28.7,74,82,68,VRB,2,SE,11,0.0,,2
12/1/1995,1012.6,31.4,25.6,28.8,72,93,63,VRB,5,NNE,13,0.0,,2
12/2/1995,1013.9,31.0,23.3,28.9,75,83,66,VRB,3,NE,17,0.1,,3
12/3/1995,1014.0,30.9,23.4,28.9,69,79,64,VRB,4,NNE,12,0.0,,2
12/4/1995,1012.8,30.7,23.6,28.5,68,83,63,VRB,5,NE,13,0.0,,1
12/5/1995,1011.9,31.4,25.4,28.6,74,90,68,VRB,2,NNE,13,0.0,,3
12/6/1995,1012.7,31.5,23.5,29.2,70,83,63,VRB,4,ENE,11,0.0,,2
12/7/1995,1013.1,31.0,23.5,28.9,71,81,64,N,5,ENE,20,1.7,,1
12/8/1995,1013.2,30.9,23.8,28.3,76,90,66,VRB,3,ENE,10,0.0,,2
12/9/1995,1012.9,31.4,25.0,28.5,75,93,64,VRB,4,ENE,12,0.0,,2
12/10/1995,1012.4,30.8,24.7,29.1,72,80,66,ENE,7,ENE,13,0.0,,2
12/11/1995,1013.1,31.2,24.5,29.0,74,90,68,ENE,7,ENE,13,0.0,,2
12/12/1995,1013.5,30.8,26.6,28.8,74,84,68,ENE,8,E,21,0.0,,3
12/13/1995,1014.1,31.0,26.1,29.0,72,84,64,VRB,6,ENE,14,0.0,,3
12/14/1995,1013.4,31.3,26.2,29.2,68,81,62,ENE,9,ENE,16,0.0,,2
12/15/1995,1013.0,31.0,26.1,28.9,63,82,53,NE,7,ENE,15,0.0,,1
12/16/1995,1013.6,30.9,21.4,28.7,68,82,61,NE,8,NE,15,0.0,,2
12/17/1995,1014.3,30.6,23.7,28.6,68,90,56,VRB,5,SE,15,0.2,,1
12/18/1995,1014.2,31.0,23.2,28.9,64,77,56,ENE,9,ENE,16,0.0,,2
12/19/1995,1014.0,30.9,26.0,28.7,68,90,60,N,7,NE,16,0.0,,1
12/20/1995,1013.3,31.2,25.5,29.1,70,80,64,VRB,5,E,12,0.0,,1
12/21/1995,1012.3,31.6,25.1,29.0,70,78,64,VRB,6,NE,15,0.0,,6
12/22/1995,1013.0,30.6,24.6,28.8,74,84,68,ENE,9,ENE,16,0.0,,2
12/23/1995,1013.4,30.7,22.4,28.2,76,90,66,VRB,5,NE,13,0.0,,5
12/24/1995,1012.8,30.5,24.2,27.5,78,96,67,VRB,4,ENE,12,0.0,,2
12/25/1995,1012.7,30.7,21.5,27.6,78,89,70,VRB,5,NNE,24,36.6,,4
12/26/1995,1014.4,28.6,24.0,26.5,85,96,77,VRB,3,W,12,0.0,,7
12/27/1995,1014.0,30.2,21.5,28.4,74,85,68,NE,8,NE,14,0.0,,2
12/28/1995,1014.7,29.6,23.1,27.1,74,94,67,VRB,3,N,13,0.0,,3
12/29/1995,1014.4,30.0,23.6,27.0,78,93,71,VRB,5,ENE,13,0.0,,5
12/30/1995,1013.4,30.7,23.8,28.6,71,85,66,VRB,2,CALM,6,0.0,,4
12/31/1995,1013.3,30.1,23.2,28.2,71,85,62,NE,6,NE,13,0.0,,2
1/1/1996,1013.5,30.2,24.0,27.6,76,90,65,VRB,3,ENE,12,0.0,,3
1/2/1996,1013.4,30.1,26.5,28.1,74,82,70,N,8,NNE,17,0.0,,2
1/3/1996,1013.3,30.6,27.2,28.6,76,81,71,ENE,9,ENE,23,0.0,,3
1/4/1996,1011.7,30.4,26.8,28.9,75,80,70,E,9,E,22,0.0,,2
1/5/1996,1011.1,30.1,26.4,28.5,76,80,73,E,13,ENE,21,0.0,,2
1/6/1996,1011.5,30.4,24.8,28.5,74,80,66,E,9,E,15,0.0,,2
1/7/1996,1012.3,30.4,25.0,28.3,74,84,68,VRB,5,E,15,0.0,,1
1/8/1996,1012.8,30.3,21.8,28.4,69,76,64,VRB,5,ENE,12,0.0,,3
1/9/1996,1012.8,30.4,21.0,27.6,72,94,61,VRB,4,E,11,0.0,,5
1/10/1996,1012.1,30.5,24.7,27.5,71,94,61,VRB,3,ENE,10,0.0,,2
1/11/1996,1010.9,30.1,23.8,28.2,72,84,66,VRB,4,ENE,10,0.0,,2
1/12/1996,1010.6,31.2,25.0,28.4,74,85,65,NE,7,NE,14,0.0,,2
1/13/1996,1010.5,30.4,24.0,28.5,76,84,71,VRB,6,ENE,11,0.0,,2
1/14/1996,1010.6,28.8,22.9,25.8,90,95,85,VRB,5,SSE,32,14.5,,6
1/15/1996,1009.9,29.5,24.2,26.7,84,96,75,ESE,8,ESE,22,0.8,,6
1/16/1996,1011.6,28.4,24.8,26.6,83,88,80,VRB,6,SSE,21,0.0,,5
1/17/1996,1011.8,30.0,23.5,28.2,77,84,72,ESE,7,E,14,7.6,,2
1/18/1996,1012.4,29.9,23.6,27.9,80,96,72,VRB,3,NE,11,0.0,,3
1/19/1996,1011.5,30.1,25.0,27.6,80,95,73,VRB,3,NNE,14,0.0,,6
1/20/1996,1010.8,28.9,23.2,26.2,83,85,79,VRB,3,S,16,31.4,,7
1/21/1996,1010.9,30.0,25.4,28.2,74,85,66,VRB,4,E,13,0.0,,4
1/22/1996,1011.6,30.1,26.2,28.4,73,81,63,ESE,10,E,18,0.0,,4
1/23/1996,1012.1,30.2,26.0,28.4,71,80,67,ENE,8,ENE,18,0.0,,2
1/24/1996,1011.9,30.0,22.5,28.1,68,75,65,E,7,E,15,1.2,,3
1/25/1996,1011.7,30.9,23.2,27.3,73,91,64,CALM,0,E,8,0.0,,3
1/26/1996,1010.2,30.1,21.8,27.8,73,90,65,ENE,6,ENE,13,0.0,,5
1/27/1996,1010.6,29.9,24.2,27.2,72,84,62,VRB,5,NNE,13,0.0,,2
1/28/1996,1011.3,30.4,25.5,28.0,75,85,69,E,8,E,17,0.0,,5
1/29/1996,1011.3,30.4,24.5,28.3,70,79,63,NE,8,NE,15,0.0,,1
1/30/1996,1010.8,30.7,24.8,27.8,77,96,65,VRB,3,ENE,11,0.0,,7
1/31/1996,1010.7,30.4,23.0,28.3,75,85,70,VRB,4,N,10,0.0,,4
2/1/1996,1010.4,30.6,26.0,27.8,76,93,68,NE,6,NE,15,0.0,,7
2/2/1996,1009.9,30.6,21.8,28.7,68,73,66,VRB,5,ENE,13,0.0,,3
2/3/1996,1010.4,30.6,22.2,28.1,73,95,64,VRB,4,ESE,11,0.0,,1
2/4/1996,1010.8,31.0,22.0,27.7,73,93,59,VRB,4,ENE,13,0.0,,2
2/5/1996,1010.2,31.2,24.7,28.6,69,75,65,N,6,N,11,3.1,,2
2/6/1996,1010.5,30.4,24.0,27.1,84,91,75,ENE,8,ENE,17,8.0,,7
2/7/1996,1011.1,30.0,23.9,28.4,72,81,68,ESE,7,ESE,14,0.0,,4
2/8/1996,1011.5,30.4,22.5,28.6,77,90,71,VRB,3,NE,14,0.0,,3
2/9/1996,1010.8,30.5,23.0,27.6,76,93,66,VRB,3,CALM,6,0.0,,7
2/10/1996,1012.0,30.4,23.6,27.9,73,85,67,VRB,2,NE,8,0.0,,3
2/11/1996,1012.4,31.0,24.3,27.7,78,90,70,N,7,N,18,0.0,,3
2/12/1996,1011.7,30.9,22.8,28.4,74,87,66,N,7,NNE,14,0.0,,2
2/13/1996,1011.2,30.4,22.6,27.6,74,93,67,VRB,4,N,11,0.0,,1
2/14/1996,1010.6,30.2,24.6,27.5,77,93,68,VRB,3,NNE,13,0.0,,4
2/15/1996,1009.7,30.6,23.5,28.7,70,80,64,N,9,N,16,0.0,,1
2/16/1996,1009.1,31.4,22.8,28.4,72,87,64,N,6,NNE,15,0.0,,2
2/17/1996,1010.4,30.7,24.0,28.0,76,93,69,VRB,4,N,14,0.0,,3
2/18/1996,1010.4,31.6,23.3,28.6,77,95,68,VRB,4,NE,13,0.0,,4
2/19/1996,1011.0,31.2,25.6,28.5,73,85,67,N,7,N,18,0.0,,3
2/20/1996,1010.2,30.7,24.2,28.9,78,83,73,VRB,5,ESE,24,5.4,,2
2/21/1996,1011.2,30.5,23.5,28.3,83,93,76,ESE,7,E,15,0.2,,5
2/22/1996,1011.4,30.6,25.7,28.6,78,90,70,VRB,4,ESE,8,0.0,,1
2/23/1996,1011.4,31.2,26.8,29.1,78,84,73,ENE,9,ENE,16,0.0,,2
2/24/1996,1012.2,31.0,23.5,29.1,75,86,68,VRB,5,ENE,11,0.0,,2
2/25/1996,1012.0,31.4,22.8,28.6,76,95,67,VRB,5,E,13,0.0,,1
2/26/1996,1012.3,31.6,24.6,28.6,72,95,63,VRB,5,E,10,0.0,,1
2/27/1996,1012.4,31.4,25.2,28.0,77,87,70,ENE,5,E,16,0.0,,5
2/28/1996,1011.6,31.5,26.6,29.1,76,83,70,ENE,10,ESE,21,0.0,,3
2/29/1996,1011.5,31.5,25.7,29.2,77,83,67,ESE,8,E,15,0.0,,3
3/1/1996,1011.8,31.4,26.3,29.1,76,88,70,E,7,E,17,0.0,,3
3/2/1996,1011.3,31.8,23.8,29.1,72,83,61,ESE,10,ESE,19,0.0,,5
3/3/1996,1011.7,31.4,22.3,28.6,71,88,64,NE,7,ESE,12,0.0,,6
3/4/1996,1012.1,31.4,24.9,28.8,70,84,62,ENE,8,ENE,14,0.0,,2
3/5/1996,1012.9,31.5,24.0,29.0,72,84,65,VRB,6,ENE,13,0.0,,2
3/6/1996,1011.9,32.0,22.4,29.1,71,83,62,NE,6,NNE,12,0.0,,2
3/7/1996,1011.6,31.2,22.5,28.3,73,91,64,VRB,4,NE,9,0.0,,2
3/8/1996,1012.5,31.5,22.4,28.2,76,91,68,VRB,4,NW,11,0.0,,2
3/9/1996,1012.3,31.0,22.8,28.2,78,95,69,N,5,N,12,0.0,,1
3/10/1996,1011.0,31.7,25.8,28.2,76,95,66,VRB,3,ESE,12,0.0,,2
3/11/1996,1011.4,31.1,22.4,28.8,69,81,64,VRB,2,ESE,10,0.0,,1
3/12/1996,1012.2,31.2,22.6,28.6,71,91,63,N,5,N,12,0.0,,1
3/13/1996,1011.0,31.0,24.6,28.6,69,82,64,VRB,4,N,10,0.0,,2
3/14/1996,1009.5,31.0,23.8,29.0,75,90,69,N,6,N,8,0.0,,1
3/15/1996,1009.9,31.6,21.6,29.4,74,92,67,VRB,4,NNE,6,0.0,,2
3/16/1996,1009.8,31.1,23.2,28.2,73,93,65,VRB,2,N,7,0.0,,1
3/17/1996,1010.1,31.2,23.4,28.6,77,91,70,VRB,2,CALM,5,0.0,,1
3/18/1996,1009.6,31.4,25.8,28.8,76,93,70,VRB,5,N,11,0.0,,1
3/19/1996,1008.9,31.8,24.7,29.7,75,81,71,N,6,N,13,0.0,,2
3/20/1996,1008.1,31.5,24.9,28.8,81,93,71,VRB,3,N,9,0.0,,2
3/21/1996,1010.0,32.5,26.2,29.8,77,95,66,VRB,3,N,13,0.0,,2
3/22/1996,1010.1,32.6,25.2,30.3,72,83,67,N,11,N,18,0.0,,2
3/23/1996,1008.6,32.7,24.0,29.6,74,87,65,VRB,5,NE,13,0.0,,4
3/24/1996,1009.4,31.4,25.0,29.6,74,83,68,VRB,5,NE,13,0.0,,3
3/25/1996,1009.2,31.6,27.4,29.8,74,83,68,NNW,7,NNW,13,0.0,,6
3/26/1996,1008.8,31.2,27.7,29.5,74,80,70,NNW,6,NNW,13,0.0,,7
3/27/1996,1008.6,32.0,28.1,30.0,76,82,71,NNW,9,NNW,14,0.0,,5
3/28/1996,1009.2,32.0,28.0,30.0,75,78,71,NW,9,NW,12,0.0,,3
3/29/1996,1008.4,31.0,28.0,29.5,75,82,71,NW,10,NW,14,0.0,,5
3/30/1996,1008.3,31.2,27.7,30.1,75,82,70,NW,7,NW,15,0.0,,5
3/31/1996,1007.8,31.7,27.5,29.6,78,86,73,NNW,7,NNW,14,0.0,,7
4/1/1996,1007.8,31.4,27.7,29.8,76,86,73,NW,7,NW,14,0.0,,6
4/2/1996,1007.7,31.4,28.0,29.7,73,83,67,NNW,11,NNW,15,0.0,,3
4/3/1996,1008.5,31.6,27.9,29.9,74,77,71,NNW,9,NNW,14,0.0,,7
4/4/1996,1008.9,32.0,28.0,30.2,76,82,70,NNW,7,NNW,13,0.0,,4
4/5/1996,1008.9,32.0,25.8,29.9,72,82,62,N,6,NE,19,0.7,,4
4/6/1996,1009.3,32.4,25.3,29.0,77,83,69,E,7,E,20,3.0,,7
4/7/1996,1010.8,32.3,27.8,30.2,72,79,66,ESE,7,ESE,16,0.0,,4
4/8/1996,1011.2,32.8,26.4,30.6,71,77,68,VRB,4,SW,13,0.2,,2
4/9/1996,1010.2,32.4,27.7,30.1,74,84,66,VRB,4,WSW,15,0.0,,2
4/10/1996,1009.3,32.3,27.9,30.4,73,82,67,WNW,7,WSW,12,0.0,,2
4/11/1996,1008.7,32.7,26.6,30.6,72,78,65,WNW,6,WSW,16,0.2,,2
4/12/1996,1009.7,31.7,27.6,29.6,76,82,69,VRB,5,N,15,0.0,,5
4/13/1996,1011.1,32.5,25.6,30.4,71,77,65,VRB,3,SSE,17,0.7,,2
4/14/1996,1011.7,31.2,25.7,28.0,81,93,70,VRB,4,WNW,15,2.2,,6
4/15/1996,1011.2,32.2,24.4,30.0,75,83,70,VRB,3,N,13,0.0,,2
4/16/1996,1010.1,31.8,24.5,29.7,75,90,68,VRB,4,NW,10,0.0,,2
4/17/1996,1009.6,32.4,26.0,30.0,75,90,67,VRB,4,N,13,0.0,,2
4/18/1996,1010.3,32.2,27.2,29.8,75,82,70,VRB,6,NNW,16,0.0,,5
4/19/1996,1010.3,31.9,25.7,29.1,77,83,73,VRB,5,NNW,18,2.1,,6
4/20/1996,1009.7,33.2,25.3,29.7,75,90,68,VRB,2,WNW,20,16.1,,6
4/21/1996,1010.7,31.8,27.8,29.8,77,86,70,NW,7,NNW,16,0.0,,6
4/22/1996,1010.4,30.3,25.5,28.2,83,85,78,NW,8,N,27,1.8,,6
4/23/1996,1009.9,31.8,28.3,29.9,75,88,70,NW,6,NNW,15,0.0,,2
4/24/1996,1009.7,32.0,28.6,30.3,73,76,71,NNW,9,N,14,0.0,,3
4/25/1996,1008.4,32.4,28.5,30.6,74,79,68,NNW,10,N,17,0.0,,6
4/26/1996,1008.2,31.7,28.7,30.4,74,80,71,NNW,11,NW,18,0.0,,5
4/27/1996,1008.8,32.0,28.5,30.1,76,79,73,NW,11,NW,20,0.0,,7
4/28/1996,1008.5,31.7,28.5,30.3,73,79,71,NNW,11,NW,20,0.0,,6
4/29/1996,1008.8,31.9,28.3,30.5,72,75,68,NW,12,WNW,21,0.0,,5
4/30/1996,1009.0,32.0,28.5,30.3,75,80,70,WNW,12,WNW,19,0.0,,2
5/1/1996,1010.0,31.7,25.8,30.1,78,83,71,W,11,W,25,5.1,,7
5/2/1996,1010.4,30.2,23.9,25.8,89,96,80,W,12,WNW,23,35.2,,7
5/3/1996,1009.5,31.7,28.0,29.8,69,78,63,VRB,5,W,16,0.0,,3
5/4/1996,1009.3,32.4,28.1,30.4,76,83,71,VRB,4,WNW,12,0.0,,2
5/5/1996,1009.2,31.8,28.5,30.2,76,82,71,WNW,8,WNW,15,0.0,,2
5/6/1996,1009.3,31.7,28.1,30.1,76,79,71,WNW,9,WNW,14,0.0,,5
5/7/1996,1010.2,31.8,27.6,30.3,75,82,71,VRB,6,NW,11,0.0,,4
5/8/1996,1010.8,31.9,27.8,30.2,72,82,67,WNW,6,WNW,12,0.0,,3
5/9/1996,1010.6,31.8,27.8,30.0,72,77,68,NW,7,WNW,15,0.0,,6
5/10/1996,1011.2,31.7,25.0,30.2,71,76,67,VRB,6,NW,13,0.0,,3
5/11/1996,1012.7,31.8,25.8,29.9,68,82,63,VRB,2,WNW,7,0.0,,1
5/12/1996,1013.2,31.9,27.5,30.2,70,81,65,VRB,2,NW,8,0.0,,2
5/13/1996,1013.1,31.6,28.5,30.3,71,77,68,WNW,7,WNW,15,0.0,,1
5/14/1996,1011.9,31.9,28.5,30.6,70,78,66,WNW,9,WNW,15,0.0,,1
5/15/1996,1012.2,32.0,25.4,29.4,77,82,73,WNW,10,N,27,3.7,,5
5/16/1996,1012.3,32.1,26.1,30.0,75,92,65,VRB,3,WNW,13,0.0,,2
5/17/1996,1011.8,32.1,25.4,30.2,70,77,65,VRB,4,N,12,0.0,,1
5/18/1996,1011.2,32.3,28.2,30.6,72,82,66,VRB,5,N,12,0.0,,2
5/19/1996,1010.3,32.1,28.7,30.6,71,80,66,NW,8,WNW,14,0.0,,1
5/20/1996,1010.4,32.5,28.5,30.8,74,78,71,NW,9,WNW,16,0.2,,2
5/21/1996,1010.4,32.4,27.7,30.9,74,83,71,NW,8,N,17,0.1,,2
5/22/1996,1010.0,32.6,28.7,30.8,76,85,71,NNW,8,NW,15,0.0,,3
5/23/1996,1009.8,32.8,28.8,31.0,71,76,65,VRB,6,WNW,14,0.0,,5
5/24/1996,1010.2,32.4,27.6,30.8,72,79,68,WNW,11,WNW,20,2.3,,3
5/25/1996,1009.9,32.3,26.5,30.6,73,76,68,WNW,7,W,18,3.4,,6
5/26/1996,1010.4,32.4,25.4,30.4,77,85,71,W,6,WSW,24,4.4,,6
5/27/1996,1010.0,31.4,26.5,29.2,82,90,77,WSW,11,WNW,25,8.4,,7
5/28/1996,1009.2,30.0,23.2,26.3,89,96,81,W,12,WNW,32,48.3,,7
5/29/1996,1006.2,31.8,26.1,30.0,77,85,70,NW,9,W,26,0.4,,7
5/30/1996,1006.6,32.0,25.5,30.4,74,78,71,VRB,4,WSW,24,7.2,,7
5/31/1996,1008.9,31.5,25.9,28.4,82,87,75,WNW,18,NW,34,0.4,,6
6/1/1996,1008.5,31.2,26.1,29.8,78,81,73,WNW,15,WNW,35,14.5,,7
6/2/1996,1008.0,30.1,24.2,27.5,89,93,81,WNW,20,NNW,34,8.4,,8
6/3/1996,1008.0,30.6,25.7,29.3,81,86,77,WNW,10,WNW,24,5.0,,7
6/4/1996,1008.3,30.7,22.5,28.8,82,93,77,WNW,12,WSW,36,81.4,,7
6/5/1996,1008.0,30.4,25.2,27.6,85,93,80,WNW,21,WNW,38,3.4,,3
6/6/1996,1009.6,31.4,27.4,29.7,79,87,75,W,7,W,19,0.0,,3
6/7/1996,1009.9,30.8,26.5,29.5,81,86,77,W,8,WSW,20,1.9,,7
6/8/1996,1008.5,30.4,23.5,29.3,81,83,78,W,14,WNW,34,14.4,,7
6/9/1996,1008.5,29.6,23.0,26.7,89,92,86,NNW,11,NNW,38,18.9,,7
6/10/1996,1009.3,29.4,23.1,26.8,86,98,79,NW,15,NNW,39,10.0,,7
6/11/1996,1009.2,30.6,27.2,29.0,84,88,78,WNW,9,NNW,18,0.0,,7
6/12/1996,1008.2,30.0,28.3,29.0,84,90,81,WNW,12,WNW,19,0.0,,7
6/13/1996,1006.9,30.2,25.8,29.3,83,85,81,WNW,13,W,34,2.0,,7
6/14/1996,1006.4,30.1,27.8,28.8,83,87,81,WNW,17,W,27,0.0,,7
6/15/1996,1006.5,31.0,26.5,29.2,82,88,73,WNW,13,WNW,29,0.0,,7
6/16/1996,1005.6,30.4,23.4,28.6,86,94,81,WSW,13,NW,42,11.6,,7
6/17/1996,1006.2,30.4,27.5,29.3,82,85,78,WSW,12,WSW,21,0.0,,7
6/18/1996,1007.1,31.2,25.8,29.1,83,89,75,SW,11,SW,22,0.0,,7
6/19/1996,1008.1,31.7,23.0,29.5,82,86,75,SSW,13,WNW,34,45.4,,7
6/20/1996,1010.1,29.0,22.6,25.4,92,96,86,W,11,W,33,23.9,,7
6/21/1996,1010.7,28.6,23.4,26.8,86,90,83,WNW,15,WNW,28,37.6,,7
6/22/1996,1010.5,30.4,24.0,27.0,83,86,78,WNW,11,NW,35,17.5,,7
6/23/1996,1010.2,29.6,25.0,28.0,85,95,77,NW,12,NW,32,4.0,,7
6/24/1996,1010.6,30.4,27.4,28.7,79,83,74,NW,12,WNW,24,0.0,,3
6/25/1996,1009.8,30.4,27.2,29.2,79,82,75,NW,12,NW,19,0.0,,2
6/26/1996,1009.9,30.8,27.3,29.3,76,81,74,NW,9,WNW,15,0.0,,2
6/27/1996,1011.5,30.7,27.2,29.1,79,84,78,NW,9,NW,16,0.0,,6
6/28/1996,1011.9,30.9,27.1,29.4,78,84,74,VRB,5,NNW,9,0.0,,2
6/29/1996,1012.9,30.8,26.4,28.8,80,86,74,W,7,WSW,18,0.0,,5
6/30/1996,1012.5,30.6,27.1,29.0,78,83,73,NW,7,WNW,16,0.0,,3
7/1/1996,1011.3,30.5,27.2,29.3,76,83,71,WNW,10,WNW,15,0.0,,2
7/2/1996,1011.6,31.0,27.4,29.4,75,83,70,WNW,8,WNW,16,0.0,,6
7/3/1996,1012.5,30.8,27.3,29.3,75,81,70,WNW,9,WNW,18,0.0,,4
7/4/1996,1011.8,31.2,27.1,29.2,76,79,71,NW,10,WNW,19,0.1,,4
7/5/1996,1009.7,30.7,26.9,29.3,75,81,71,NW,11,NW,18,0.0,,2
7/6/1996,1008.4,30.6,24.4,29.0,78,83,75,WNW,15,NW,28,10.1,,7
7/7/1996,1008.5,29.3,23.7,26.7,88,98,81,WNW,17,NW,34,57.4,,7
7/8/1996,1008.4,29.4,23.5,27.5,82,90,76,NW,15,WNW,36,3.7,,7
7/9/1996,1008.9,30.3,25.0,29.0,76,83,70,WNW,16,WNW,30,5.4,,5
7/10/1996,1009.1,30.9,24.0,28.9,79,87,73,W,13,WSW,34,10.2,,7
7/11/1996,1007.3,29.5,23.7,26.9,85,91,79,NW,17,WNW,38,14.8,,7
7/12/1996,1007.9,29.3,23.9,27.3,83,86,80,WNW,15,W,36,6.9,,7
7/13/1996,1009.1,30.2,24.8,27.5,83,87,75,WNW,18,WNW,40,4.3,,7
7/14/1996,1009.1,30.0,25.9,28.0,83,87,79,WNW,14,W,32,2.4,,7
7/15/1996,1008.9,30.4,24.9,28.6,82,85,78,W,12,WSW,24,8.4,,7
7/16/1996,1008.6,30.6,27.5,28.7,81,87,75,W,13,W,20,0.0,,7
7/17/1996,1009.2,30.8,26.2,28.8,81,90,74,WNW,12,W,20,8.9,,7
7/18/1996,1009.8,30.1,24.2,28.5,83,85,81,WSW,12,WSW,30,33.1,,7
7/19/1996,1009.8,28.9,23.7,26.7,85,87,81,W,14,W,37,12.1,,7
7/20/1996,1010.2,28.7,23.9,26.5,88,93,84,W,20,W,36,19.2,,7
7/21/1996,1010.3,29.3,24.2,27.9,84,90,80,WNW,14,W,31,7.8,,7
7/22/1996,1010.2,28.7,23.6,27.0,86,90,80,W,13,W,38,30.8,,7
7/23/1996,1010.0,29.2,23.8,27.7,83,86,80,W,13,W,39,13.0,,7
7/24/1996,1009.9,30.0,26.5,27.8,83,90,79,W,15,W,29,0.2,,7
7/25/1996,1009.8,29.8,24.2,27.7,82,86,77,WNW,16,WNW,32,12.0,,7
7/26/1996,1011.3,28.8,24.3,27.3,82,84,81,WNW,15,WNW,31,2.3,,7
7/27/1996,1011.5,29.7,25.2,28.4,81,85,75,WNW,13,WSW,24,0.0,,6
7/28/1996,1011.2,29.4,23.0,27.4,84,89,80,WNW,12,W,36,13.9,,7
7/29/1996,1011.3,30.4,26.4,28.6,81,86,77,WNW,10,W,16,0.0,,4
7/30/1996,1012.0,30.2,26.6,28.5,78,86,70,WNW,7,WNW,12,0.0,,4
7/31/1996,1011.9,30.1,26.5,28.7,78,86,73,WNW,8,WNW,11,0.0,,7
8/1/1996,1012.4,30.7,25.0,28.9,79,84,75,VRB,5,W,9,0.0,,6
8/2/1996,1011.8,30.4,25.9,28.4,81,90,74,VRB,4,W,10,0.0,,6
8/3/1996,1010.7,30.1,24.3,28.4,81,83,76,WNW,7,NNW,25,23.8,,7
8/4/1996,1009.8,30.9,23.9,26.8,88,96,80,WNW,11,WNW,29,25.3,,7
8/5/1996,1010.9,30.1,23.7,28.1,83,89,78,WNW,10,WSW,32,84.7,,7
8/6/1996,1012.1,29.4,26.4,27.4,83,86,80,WNW,16,W,20,0.0,,7
8/7/1996,1012.5,30.0,26.6,28.1,83,86,78,VRB,6,NW,14,0.0,,7
8/8/1996,1012.6,30.0,26.1,28.5,83,87,78,NW,7,NW,22,0.0,,6
8/9/1996,1011.7,30.2,24.9,28.9,79,86,73,WNW,11,WNW,23,3.4,,6
8/10/1996,1011.1,30.0,26.0,28.4,82,87,77,WNW,11,W,20,0.1,,7
8/11/1996,1010.3,29.7,25.6,28.0,80,86,74,WNW,14,NW,21,0.0,,7
8/12/1996,1010.7,30.0,25.0,28.3,81,86,76,NW,15,WNW,32,3.2,,7
8/13/1996,1009.2,29.8,26.4,28.6,78,81,75,WNW,19,WNW,25,0.0,,7
8/14/1996,1008.2,29.7,25.0,28.4,79,86,75,WNW,15,WNW,27,4.5,,7
8/15/1996,1009.7,30.0,27.0,28.5,75,87,70,NW,14,WNW,21,0.0,,5
8/16/1996,1010.3,30.1,27.1,28.8,75,78,74,NW,13,WNW,22,0.1,,3
8/17/1996,1010.5,29.6,25.4,28.2,79,83,74,WNW,15,WNW,32,0.0,,6
8/18/1996,1010.0,30.1,27.0,28.5,77,83,73,WNW,15,WNW,22,0.0,,7
8/19/1996,1008.9,30.0,24.9,28.7,73,78,70,NW,13,WNW,24,2.8,,5
8/20/1996,1009.1,30.1,26.3,28.5,78,84,73,NW,12,WNW,22,0.0,,3
8/21/1996,1009.8,29.7,25.0,27.9,78,86,73,NW,14,NW,26,1.6,,6
8/22/1996,1010.4,29.9,26.7,28.2,79,83,76,NW,11,WNW,19,0.0,,6
8/23/1996,1011.2,28.9,23.9,27.4,84,86,81,WNW,9,WNW,29,4.0,,7
8/24/1996,1010.7,29.4,24.5,27.4,80,88,75,WNW,12,N,28,4.8,,7
8/25/1996,1011.0,29.4,24.7,27.3,81,87,75,WNW,13,WNW,29,4.0,,7
8/26/1996,1011.4,29.4,25.6,28.1,81,87,76,WNW,15,WNW,21,1.9,,7
8/27/1996,1011.1,29.3,26.6,28.3,78,84,72,WNW,14,WNW,20,0.0,,7
8/28/1996,1011.1,29.9,26.5,28.6,76,83,74,WNW,12,WNW,17,0.0,,5
8/29/1996,1011.0,30.4,26.6,28.7,75,84,68,NW,12,WNW,16,0.0,,3
8/30/1996,1010.8,30.5,26.5,28.9,76,84,73,NW,9,NW,14,0.0,,2
8/31/1996,1010.7,30.2,26.6,28.7,75,83,69,NW,9,NW,14,0.0,,4
9/1/1996,1010.8,30.3,25.1,28.8,74,86,67,NW,8,NW,18,0.0,,2
9/2/1996,1010.2,30.2,26.4,28.7,74,83,70,NW,9,NNW,14,0.0,,2
9/3/1996,1009.6,30.6,25.6,28.8,75,81,69,WNW,8,NNW,19,1.8,,2
9/4/1996,1009.3,30.0,24.4,28.5,78,84,73,WNW,11,WNW,21,3.4,,4
9/5/1996,1009.0,28.6,24.3,26.4,87,93,83,WNW,11,WNW,20,2.0,,7
9/6/1996,1008.8,30.4,26.0,28.9,75,83,71,WNW,9,WNW,16,0.0,,2
9/7/1996,1008.8,30.6,25.6,28.9,76,83,71,WNW,10,WNW,20,2.4,,2
9/8/1996,1008.8,30.0,25.8,28.1,79,86,74,WNW,10,WNW,20,1.3,,4
9/9/1996,1008.3,30.4,26.7,28.9,75,81,69,NW,6,NW,14,0.0,,3
9/10/1996,1008.6,30.6,26.4,29.0,75,84,71,NW,8,WNW,14,0.4,,2
9/11/1996,1009.4,30.3,25.5,28.4,81,84,77,NW,6,WNW,20,1.7,,4
9/12/1996,1009.8,31.0,24.6,28.3,76,86,69,WNW,10,NW,20,1.2,,4
9/13/1996,1009.7,30.8,24.5,28.9,80,87,73,WNW,11,WNW,14,3.8,,5
9/14/1996,1009.6,29.4,25.0,27.5,86,92,80,WNW,11,WNW,16,8.1,,7
9/15/1996,1009.6,30.5,26.4,29.0,80,92,73,W,10,W,15,0.4,,5
9/16/1996,1011.1,30.2,27.0,28.8,77,83,71,SW,9,WSW,15,0.0,,7
9/17/1996,1010.7,30.7,27.1,29.1,77,81,71,W,11,W,17,0.0,,5
9/18/1996,1010.4,30.8,25.8,28.7,79,83,75,W,9,NNW,28,1.8,,6
9/19/1996,1011.0,30.4,23.4,28.6,80,87,75,WNW,11,NW,28,11.4,,5
9/20/1996,1012.1,28.3,23.1,25.4,89,93,83,W,10,W,38,117.0,,7
9/21/1996,1011.8,28.5,23.0,26.8,85,93,79,NNW,14,NNW,29,17.8,,7
9/22/1996,1011.8,27.9,24.7,26.5,83,85,81,NW,15,WNW,32,0.6,,7
9/23/1996,1009.6,30.0,24.6,28.7,76,81,74,NW,11,WNW,30,0.0,,5
9/24/1996,1010.5,30.4,25.2,28.4,78,83,73,WSW,9,W,17,0.4,,6
9/25/1996,1012.1,29.2,25.5,27.4,83,89,79,WSW,8,W,19,2.4,,7
9/26/1996,1010.9,30.2,23.6,28.5,78,86,75,WNW,11,W,29,25.6,,7
9/27/1996,1010.0,29.6,23.9,27.0,82,85,79,W,14,W,30,17.5,,7
9/28/1996,1011.4,28.9,24.0,26.7,86,90,75,W,18,W,34,1.6,,7
9/29/1996,1010.8,29.6,24.6,28.4,78,84,70,WNW,13,NW,23,1.6,,6
9/30/1996,1010.6,30.0,27.0,28.2,78,87,73,NW,14,WNW,21,0.0,,7
10/1/1996,1010.0,29.9,25.2,28.7,77,83,73,NW,13,NW,21,3.1,,6
10/2/1996,1010.7,29.0,24.0,27.8,80,88,71,WNW,14,W,20,0.0,,6
10/3/1996,1010.7,30.5,24.6,28.8,77,81,75,WNW,11,W,20,31.5,,4
10/4/1996,1011.2,29.5,24.5,27.6,78,81,76,WNW,12,WNW,22,15.2,,4
10/5/1996,1011.5,29.9,26.0,28.4,77,85,72,WNW,8,NW,16,0.0,,6
10/6/1996,1011.3,29.9,26.5,28.6,74,83,68,NNW,12,NNW,18,0.0,,5
10/7/1996,1011.4,29.6,26.6,28.3,77,83,71,NNW,10,NNW,17,0.0,,4
10/8/1996,1011.9,29.9,27.0,28.6,73,77,71,NNW,13,NW,18,0.0,,2
10/9/1996,1011.2,29.4,25.0,28.2,77,80,74,NW,10,NNW,21,1.0,,6
10/10/1996,1010.2,29.3,24.2,27.7,84,90,79,NW,10,NNW,21,45.6,,7
10/11/1996,1009.0,30.2,24.0,28.6,79,83,73,VRB,6,W,20,1.6,,5
10/12/1996,1009.7,30.7,24.2,28.6,79,90,73,VRB,2,W,20,0.0,,4
10/13/1996,1011.2,30.4,25.2,28.5,83,89,79,CALM,0,CALM,4,2.1,,7
10/14/1996,1010.2,30.5,24.0,28.6,81,84,79,VRB,4,WSW,18,15.0,,6
10/15/1996,1009.5,29.6,25.2,27.8,83,87,78,WSW,10,WSW,15,0.8,,7
10/16/1996,1009.1,29.4,25.0,27.5,84,92,79,WSW,9,W,20,0.6,,7
10/17/1996,1009.9,28.0,24.2,26.0,88,93,83,W,14,W,28,36.6,,8
10/18/1996,1009.8,29.5,24.0,27.2,79,81,76,W,15,WNW,31,14.1,,7
10/19/1996,1009.3,29.5,24.6,27.8,82,95,74,WNW,16,WNW,26,9.9,,7
10/20/1996,1008.6,30.0,24.2,27.9,82,90,76,W,12,WNW,26,16.5,,4
10/21/1996,1008.8,29.5,26.6,28.5,73,80,71,W,15,W,25,0.0,,1
10/22/1996,1009.8,29.8,26.5,28.5,76,80,71,W,15,W,22,0.0,,6
10/23/1996,1010.6,30.1,26.4,28.8,76,80,74,W,13,W,20,0.8,,3
10/24/1996,1011.8,30.0,25.0,27.9,78,83,72,W,11,WNW,24,1.9,,3
10/25/1996,1012.1,29.9,26.5,28.5,78,88,69,NW,9,NW,15,0.0,,3
10/26/1996,1011.1,30.0,26.6,28.6,73,79,66,WNW,8,WNW,16,0.0,,3
10/27/1996,1009.8,30.0,26.5,28.8,72,83,66,WNW,13,WNW,19,0.0,,2
10/28/1996,1010.3,30.1,26.4,28.7,73,78,70,W,7,WNW,15,0.0,,2
10/29/1996,1011.2,30.6,26.0,29.0,73,78,68,W,8,W,14,0.0,,2
10/30/1996,1011.1,30.3,26.3,28.6,71,75,66,NW,7,WNW,13,0.0,,2
10/31/1996,1010.7,30.4,25.9,28.7,73,79,67,WNW,7,WNW,14,0.0,,2
11/1/1996,1010.6,29.8,23.5,28.0,73,78,70,VRB,5,NNW,8,0.2,,2
11/2/1996,1010.4,30.2,26.0,27.9,75,86,70,VRB,4,WNW,8,0.0,,2
11/3/1996,1010.2,29.8,26.5,28.5,72,77,68,WNW,8,WNW,11,0.0,,2
11/4/1996,1010.1,29.8,26.5,28.5,72,78,68,WNW,11,WNW,14,0.0,,2
11/5/1996,1009.9,30.4,26.5,28.6,74,80,70,WNW,9,WNW,13,0.0,,2
11/6/1996,1009.8,29.8,26.2,28.4,68,74,61,NW,9,NW,12,0.0,,2
11/7/1996,1009.9,29.8,26.2,28.3,68,75,62,NW,9,NW,11,0.0,,3
11/8/1996,1011.2,30.6,20.3,28.5,69,80,63,VRB,5,NW,8,0.0,,1
11/9/1996,1012.8,30.2,20.8,27.4,69,95,61,CALM,0,CALM,3,0.0,,1
11/10/1996,1013.0,29.8,22.1,27.4,73,94,64,CALM,0,CALM,3,0.0,,1
11/11/1996,1013.3,30.4,24.4,27.9,72,86,66,VRB,3,WSW,7,0.0,,1
11/12/1996,1013.1,30.8,22.6,28.7,73,88,67,VRB,5,WSW,8,0.0,,1
11/13/1996,1011.5,30.4,22.5,28.0,75,95,67,CALM,0,CALM,5,0.0,,1
11/14/1996,1011.9,30.7,22.6,27.9,77,93,66,CALM,0,CALM,4,0.0,,1
11/15/1996,1012.8,31.0,23.5,28.0,76,83,71,VRB,2,ENE,7,0.0,,1
11/16/1996,1012.1,30.0,23.8,27.7,78,93,67,VRB,2,ENE,8,0.9,,2
11/17/1996,1011.6,30.8,23.6,28.5,76,93,70,VRB,3,NNW,6,0.0,,1
11/18/1996,1013.0,30.8,24.5,28.4,77,93,67,VRB,3,N,8,0.2,,6
11/19/1996,1012.1,31.0,23.5,28.5,77,87,70,VRB,3,ESE,25,10.6,,5
11/20/1996,1011.9,30.7,23.2,28.3,78,83,74,ESE,7,ESE,17,0.2,,6
11/21/1996,1010.8,30.7,24.5,28.2,78,96,73,CALM,0,NNW,11,0.0,,6
11/22/1996,1009.0,30.4,23.8,28.4,77,84,70,CALM,0,CALM,4,0.0,,6
11/23/1996,1009.1,31.2,24.5,28.4,80,95,74,CALM,0,SSW,11,0.0,,5
11/24/1996,1009.6,31.1,25.5,28.3,78,88,73,VRB,4,WSW,16,0.8,,5
11/25/1996,1010.1,29.2,24.5,27.7,84,90,80,W,7,WSW,20,12.0,,7
11/26/1996,1010.0,29.8,27.0,28.0,82,86,79,W,8,NNW,12,0.0,,7
11/27/1996,1009.0,30.0,25.0,28.4,79,83,76,N,8,N,18,0.0,,7
11/28/1996,1008.9,29.0,23.5,26.7,87,91,85,VRB,4,NNE,15,8.2,,7
11/29/1996,1009.4,30.6,26.6,28.4,81,90,75,W,9,NNW,20,0.2,,3
11/30/1996,1010.2,29.8,25.4,28.2,82,87,78,NNW,9,N,22,0.2,,5
12/1/1996,1011.0,30.2,24.0,28.6,78,84,75,VRB,5,NNE,10,0.0,,6
12/2/1996,1010.4,30.4,21.4,28.5,74,91,64,N,5,NNW,13,0.0,,2
12/3/1996,1010.7,30.0,22.1,27.5,70,89,63,VRB,2,NNW,8,0.0,,5
12/4/1996,1011.9,30.4,24.2,27.8,70,89,60,VRB,3,NW,7,0.0,,4
12/5/1996,1011.0,29.9,26.6,28.1,69,83,64,VRB,6,NNW,10,0.0,,5
12/6/1996,1011.1,30.4,25.0,28.7,70,80,63,NNW,7,NNW,10,0.0,,2
12/7/1996,1011.9,30.4,25.4,28.6,72,82,67,N,6,WNW,9,0.0,,5
12/8/1996,1011.7,30.3,23.0,28.5,74,84,67,WNW,6,WNW,11,0.0,,5
12/9/1996,1010.4,30.6,24.6,28.3,75,88,69,VRB,3,NW,9,0.0,,4
12/10/1996,1010.1,30.2,25.0,28.2,78,90,69,NNW,5,W,22,1.2,,7
12/11/1996,1010.3,30.0,23.0,28.0,78,83,72,WNW,8,S,27,7.4,,7
12/12/1996,1009.3,30.7,25.0,28.3,78,90,73,VRB,3,S,17,6.8,,6
12/13/1996,1008.9,30.8,24.9,28.4,81,90,71,VRB,2,SW,22,0.0,,5
12/14/1996,1008.8,30.4,25.2,28.7,79,89,74,WSW,11,S,20,0.4,,6
12/15/1996,1008.6,29.4,25.0,26.8,87,90,85,SW,14,SW,21,7.6,,7
12/16/1996,1009.8,30.2,26.0,28.5,79,83,74,SW,11,SW,14,0.0,,7
12/17/1996,1011.3,30.6,25.8,28.9,71,77,68,SSW,10,SSW,17,0.0,,3
12/18/1996,1012.4,30.2,24.0,28.6,72,80,69,S,7,S,10,0.0,,2
12/19/1996,1012.6,30.5,24.1,28.5,73,85,68,VRB,4,SE,8,0.0,,2
12/20/1996,1013.0,31.0,25.5,28.2,78,90,71,VRB,2,N,15,0.0,,2
12/21/1996,1013.6,30.7,25.2,28.5,76,85,66,ENE,6,E,12,0.0,,3
12/22/1996,1014.6,30.8,25.0,29.1,74,80,68,ENE,7,E,11,0.0,,1
12/23/1996,1015.0,30.8,24.2,28.8,75,90,66,VRB,5,NE,11,0.0,,1
12/24/1996,1014.4,30.4,22.9,28.2,75,88,68,VRB,5,NNW,10,0.0,,1
12/25/1996,1013.0,30.2,21.0,28.3,72,82,67,VRB,3,WNW,8,0.0,,1
12/26/1996,1013.3,30.5,25.5,28.0,71,93,62,CALM,0,E,14,0.0,,1
12/27/1996,1013.2,31.0,25.2,29.0,72,77,67,VRB,6,E,10,0.0,,3
12/28/1996,1013.5,30.6,24.4,28.9,74,81,70,VRB,5,SSE,19,0.1,,3
12/29/1996,1013.1,31.0,24.5,29.1,74,84,67,VRB,6,E,12,4.2,,2
12/30/1996,1012.4,30.7,25.0,28.6,76,85,70,E,7,ESE,16,0.2,,2
12/31/1996,1012.9,30.0,24.8,28.5,72,81,66,E,11,E,15,0.0,,2
1/1/1997,1013.2,30.2,22.7,28.5,73,81,67,VRB,6,ESE,8,0.0,,1
1/2/1997,1013.4,31.0,25.5,28.5,78,88,71,VRB,4,NE,8,1.2,,1
1/3/1997,1013.2,30.8,24.6,28.8,80,86,75,VRB,3,NE,7,0.0,,2
1/4/1997,1013.1,31.4,24.0,28.7,78,90,67,N,8,N,13,0.0,,2
1/5/1997,1012.9,31.1,23.5,28.6,69,87,57,N,7,N,14,0.0,,1
1/6/1997,1013.3,30.4,21.5,28.3,68,80,62,VRB,4,N,8,0.0,,2
1/7/1997,1013.0,30.6,22.5,27.6,70,84,65,CALM,0,N,6,0.0,,1
1/8/1997,1012.7,30.6,22.6,28.0,72,91,63,VRB,5,ENE,10,0.0,,1
1/9/1997,1012.2,30.6,26.2,27.9,73,88,66,NE,6,NE,12,0.0,,2
1/10/1997,1012.7,30.6,23.2,28.2,75,81,68,NE,7,N,16,0.0,,2
1/11/1997,1014.0,31.2,26.5,28.4,74,90,64,NE,6,E,14,0.0,,1
1/12/1997,1013.7,30.9,24.0,28.8,75,86,67,ESE,9,ESE,13,0.6,,7
1/13/1997,1013.6,30.6,25.2,28.7,74,85,67,VRB,5,E,11,0.0,,1
1/14/1997,1013.6,30.6,25.2,29.0,73,86,66,VRB,5,E,12,0.1,,1
1/15/1997,1012.9,30.8,22.8,28.9,73,87,64,VRB,6,E,10,0.0,,1
1/16/1997,1012.6,30.7,25.5,28.3,77,96,67,VRB,4,ENE,9,0.0,,1
1/17/1997,1012.6,31.0,26.5,28.8,72,81,65,VRB,6,ESE,15,0.0,,2
1/18/1997,1013.9,30.7,26.0,28.8,73,80,66,E,10,E,16,0.0,,3
1/19/1997,1013.0,30.8,22.8,28.8,72,82,64,E,10,E,13,0.0,,2
1/20/1997,1012.7,30.6,24.5,28.0,73,90,62,VRB,3,N,10,0.0,,1
1/21/1997,1011.9,31.1,23.6,28.2,70,84,64,N,8,N,14,0.0,,2
1/22/1997,1011.9,30.1,24.1,28.0,72,80,67,VRB,6,NE,12,0.0,,3
1/23/1997,1012.4,30.9,24.6,28.4,72,82,62,NE,8,N,14,0.0,,1
1/24/1997,1011.5,31.0,25.2,28.9,69,72,66,ENE,7,ENE,10,0.0,,1
1/25/1997,1010.9,30.0,23.2,27.1,79,93,70,VRB,6,E,18,6.2,,4
1/26/1997,1012.5,31.0,23.9,28.3,72,84,60,VRB,6,NE,12,0.0,,1
1/27/1997,1012.4,31.2,22.4,28.6,70,82,61,VRB,6,N,17,22.8,,1
1/28/1997,1011.0,30.5,26.2,28.5,73,82,66,E,8,ESE,14,0.0,,2
1/29/1997,1011.5,30.6,24.0,26.4,61,74,48,E,9,ENE,13,0.0,,1
1/30/1997,1011.7,30.8,23.6,27.7,66,80,59,VRB,4,N,10,0.0,,3
1/31/1997,1011.0,31.1,24.2,28.2,67,79,59,NNE,7,NNE,12,0.0,,2
2/1/1997,1011.8,29.5,22.6,27.8,77,84,69,VRB,3,NE,10,0.0,,4
2/2/1997,1010.4,30.4,22.5,28.2,66,80,59,VRB,4,NE,7,0.0,,2
2/3/1997,1010.1,31.0,24.0,28.4,75,85,67,VRB,2,CALM,5,0.0,,3
2/4/1997,1009.8,30.6,23.6,28.4,70,79,65,VRB,2,SSW,7,0.0,,3
2/5/1997,1010.5,31.0,26.4,27.8,78,90,70,VRB,3,NNW,10,0.1,,3
2/6/1997,1012.2,30.9,26.0,28.8,74,81,68,N,9,N,15,0.0,,6
2/7/1997,1012.1,30.8,24.2,28.9,74,84,67,N,9,N,16,0.0,,2
2/8/1997,1011.8,30.4,24.5,28.6,74,78,70,N,8,N,15,0.0,,2
2/9/1997,1010.6,30.6,21.8,28.6,69,83,58,N,7,N,12,0.0,,3
2/10/1997,1010.7,30.0,24.0,26.9,73,91,60,VRB,5,N,10,0.0,,7
2/11/1997,1011.9,30.6,24.0,28.4,70,78,65,N,6,N,9,0.0,,5
2/12/1997,1012.1,30.8,22.5,28.3,74,88,67,VRB,5,NNE,10,0.0,,3
2/13/1997,1011.7,31.0,22.2,27.3,79,93,71,VRB,4,ENE,10,1.0,,4
2/14/1997,1011.4,31.0,22.1,27.8,72,91,62,VRB,2,N,7,0.0,,1
2/15/1997,1011.2,30.6,24.5,28.6,71,84,63,VRB,4,NE,8,0.0,,1
2/16/1997,1011.7,31.2,23.6,28.4,76,88,68,VRB,5,NNW,8,0.0,,2
2/17/1997,1012.0,30.4,24.8,28.2,72,87,65,NNW,6,N,12,0.0,,4
2/18/1997,1012.0,30.6,23.5,28.5,70,85,63,N,8,N,15,0.0,,2
2/19/1997,1012.6,31.4,25.0,28.6,72,84,64,N,5,N,10,0.0,,2
2/20/1997,1013.3,31.0,25.4,28.6,77,88,70,N,10,N,17,0.7,,6
2/21/1997,1013.4,31.6,24.8,28.9,76,86,69,N,9,N,14,0.0,,3
2/22/1997,1013.0,31.2,24.8,28.9,76,89,67,NE,8,NE,15,0.0,,3
2/23/1997,1013.1,31.8,25.2,29.2,73,85,67,NE,8,NE,13,0.0,,4
2/24/1997,1013.3,32.0,25.4,29.3,72,90,62,NNE,9,NNE,17,0.0,,2
2/25/1997,1013.1,31.8,23.2,29.5,71,83,64,N,7,NE,12,0.0,,1
2/26/1997,1012.2,31.4,22.4,28.7,72,90,64,VRB,4,NE,10,0.0,,1
2/27/1997,1012.5,31.7,22.5,28.4,70,96,56,VRB,3,NE,9,0.0,,1
2/28/1997,1012.8,31.0,24.1,28.3,69,89,59,VRB,4,NNE,9,0.0,,1
3/1/1997,1012.7,31.0,24.5,28.7,70,87,63,VRB,3,CALM,6,0.0,,1
3/2/1997,1012.5,31.6,23.0,28.6,74,88,67,VRB,1,ENE,11,0.0,,2
3/3/1997,1013.4,31.3,25.1,28.5,79,87,74,VRB,5,E,18,0.1,,3
3/4/1997,1013.9,31.4,24.5,27.8,77,86,66,ENE,7,NE,20,17.5,,7
3/5/1997,1013.1,31.4,26.2,29.0,75,81,69,VRB,6,ENE,14,0.0,,3
3/6/1997,1013.3,31.5,26.4,29.5,72,78,67,ESE,7,ENE,13,0.0,,2
3/7/1997,1014.2,31.4,25.0,29.5,70,80,63,VRB,6,ENE,12,0.0,,1
3/8/1997,1013.9,31.6,23.5,29.1,72,88,64,VRB,5,E,10,0.0,,1
3/9/1997,1013.6,31.6,24.0,28.8,75,90,68,VRB,3,N,9,0.0,,1
3/10/1997,1013.5,32.2,24.9,29.6,75,90,68,ENE,7,NE,11,0.0,,2
3/11/1997,1014.4,32.0,25.0,29.5,70,87,60,ENE,8,E,15,0.0,,2
3/12/1997,1014.4,31.9,24.8,29.5,72,87,65,VRB,4,E,10,0.0,,1
3/13/1997,1012.6,31.7,22.2,27.2,68,79,61,VRB,4,ENE,10,0.0,,2
3/14/1997,1011.7,31.8,23.5,28.6,73,95,63,VRB,1,CALM,4,0.0,,1
3/15/1997,1012.8,31.7,23.0,29.0,70,90,61,VRB,2,CALM,6,0.0,,1
3/16/1997,1013.0,31.6,25.6,28.9,73,93,64,VRB,1,WNW,7,0.0,,2
3/17/1997,1013.1,32.5,26.4,29.7,73,81,67,VRB,3,W,7,0.0,,2
3/18/1997,1013.1,32.2,24.5,29.8,74,82,68,VRB,1,CALM,5,0.0,,2
3/19/1997,1012.2,32.4,25.6,29.8,72,87,65,VRB,1,CALM,4,0.0,,2
3/20/1997,1012.0,32.2,26.4,30.2,72,83,66,VRB,3,W,6,0.0,,1
3/21/1997,1012.6,32.1,24.5,30.1,70,79,64,VRB,5,NW,12,0.1,,3
3/22/1997,1011.3,32.4,27.2,29.8,76,90,69,VRB,1,S,7,0.0,,1
3/23/1997,1010.2,32.9,25.4,30.5,70,83,61,VRB,6,S,10,0.0,,5
3/24/1997,1010.0,32.5,23.0,30.0,72,81,65,VRB,2,CALM,6,0.0,,2
3/25/1997,1009.8,32.6,26.4,29.6,70,90,61,VRB,4,ENE,10,0.0,,2
3/26/1997,1009.5,32.7,26.2,30.6,66,78,60,VRB,6,ENE,12,0.0,,1
3/27/1997,1009.9,33.2,26.3,30.8,70,89,61,NE,7,NE,13,0.0,,2
3/28/1997,1009.2,33.3,26.2,30.6,71,86,60,NE,8,NE,15,5.9,,5
3/29/1997,1009.4,32.9,25.2,30.2,74,87,68,VRB,5,NE,11,0.9,,7
3/30/1997,1010.8,32.6,25.2,29.5,77,81,70,VRB,1,NW,18,4.8,,7
3/31/1997,1011.4,31.9,27.2,30.1,77,90,71,VRB,4,NW,14,0.0,,6
4/1/1997,1010.7,32.0,25.5,30.0,74,82,69,N,7,NNW,13,0.0,,6
4/2/1997,1008.8,32.4,25.7,29.9,71,87,62,VRB,2,CALM,6,0.0,,5
4/3/1997,1009.4,32.6,25.6,30.0,74,84,67,VRB,1,NE,9,0.0,,4
4/4/1997,1009.5,32.8,26.0,30.1,73,90,64,VRB,3,E,8,4.2,,5
4/5/1997,1010.9,32.0,24.0,29.1,77,88,68,VRB,7,ESE,17,10.1,,5
4/6/1997,1010.9,32.2,24.6,29.1,73,87,65,VRB,5,NE,18,3.6,,4
4/7/1997,1010.9,31.0,23.4,27.2,83,91,71,NE,6,NE,18,17.6,,7
4/8/1997,1011.2,32.4,25.2,30.4,75,83,71,VRB,3,NE,10,0.0,,4
4/9/1997,1012.5,32.0,25.2,29.6,80,95,76,CALM,0,SW,17,0.0,,2
4/10/1997,1012.5,32.2,26.4,30.2,76,90,69,VRB,5,NNW,8,0.0,,3
4/11/1997,1013.0,32.1,26.4,30.2,74,81,68,VRB,4,NW,11,0.0,,2
4/12/1997,1012.9,32.2,27.6,30.4,72,82,67,VRB,5,N,12,0.0,,6
4/13/1997,1012.5,32.1,27.2,30.4,69,79,62,N,7,N,13,0.0,,1
4/14/1997,1012.8,32.0,25.4,30.4,67,82,59,VRB,6,N,9,0.0,,1
4/15/1997,1012.4,32.2,24.5,30.5,68,73,64,VRB,5,N,8,0.0,,1
4/16/1997,1011.6,33.0,25.2,29.9,71,88,64,VRB,1,CALM,6,0.0,,2
4/17/1997,1011.4,32.6,28.0,30.0,73,87,65,VRB,2,E,8,0.0,,7
4/18/1997,1011.9,32.6,27.6,30.6,68,79,64,NE,4,CALM,6,0.0,,2
4/19/1997,1011.9,33.0,27.0,30.8,66,79,57,VRB,7,NE,12,0.0,,2
4/20/1997,1010.5,33.6,26.2,31.1,67,78,63,ENE,6,ENE,16,1.3,,2
4/21/1997,1009.7,32.9,25.0,30.8,70,80,65,VRB,7,E,12,0.0,,4
4/22/1997,1010.0,32.9,25.0,30.4,67,85,61,VRB,4,ENE,10,0.0,,3
4/23/1997,1010.9,33.1,26.9,30.6,72,86,65,VRB,5,E,10,0.0,,2
4/24/1997,1010.9,33.0,26.0,31.0,68,78,64,VRB,4,ENE,12,0.0,,1
4/25/1997,1010.2,32.8,26.8,30.2,75,87,70,VRB,2,NNE,13,0.1,,2
4/26/1997,1010.5,33.4,27.6,31.2,72,81,64,VRB,4,NW,15,0.0,,2
4/27/1997,1010.6,32.4,24.1,30.3,74,79,70,VRB,5,ESE,20,17.4,,7
4/28/1997,1010.7,32.6,25.4,29.5,75,91,70,VRB,2,NE,9,0.0,,6
4/29/1997,1010.7,33.0,27.4,30.1,72,90,65,VRB,1,CALM,5,0.0,,5
4/30/1997,1011.1,32.8,25.5,29.9,80,86,68,VRB,4,NNE,18,4.8,,5
5/1/1997,1011.2,32.6,26.7,30.5,75,93,69,VRB,1,CALM,3,0.0,,1
5/2/1997,1010.5,33.4,26.5,30.9,72,83,64,VRB,2,ESE,7,0.0,,2
5/3/1997,1009.8,33.8,25.4,31.0,70,82,62,VRB,2,N,13,0.0,,5
5/4/1997,1009.3,33.0,27.0,30.5,73,90,65,VRB,1,CALM,6,0.0,,5
5/5/1997,1008.6,33.0,26.0,30.0,76,89,64,VRB,3,NW,18,1.8,,6
5/6/1997,1009.0,32.2,28.9,30.5,71,79,65,N,11,NNW,19,0.0,,6
5/7/1997,1008.7,32.6,27.6,30.7,71,78,66,NNW,9,NNW,17,0.0,,5
5/8/1997,1009.8,31.8,27.0,29.8,74,81,68,NW,12,NNW,19,0.1,,7
5/9/1997,1009.6,32.8,29.0,30.8,71,82,63,NNW,9,NW,15,0.0,,6
5/10/1997,1008.8,32.4,28.8,30.7,71,79,68,NW,9,NW,16,0.0,,7
5/11/1997,1008.7,32.4,29.0,30.6,74,79,67,NW,9,NW,14,0.0,,7
5/12/1997,1009.3,33.6,29.0,30.5,75,81,70,WNW,10,WNW,15,0.0,,6
5/13/1997,1008.9,31.0,21.4,29.0,81,90,76,WNW,9,S,29,58.5,,7
5/14/1997,1009.0,31.6,26.2,28.3,71,86,61,NW,7,NNW,20,0.0,,6
5/15/1997,1010.0,30.6,25.8,28.7,77,87,71,N,11,N,25,1.7,,7
5/16/1997,1009.6,31.4,23.0,28.6,77,84,67,NW,8,NW,30,4.5,,7
5/17/1997,1009.6,29.4,22.1,27.2,83,96,76,W,8,W,26,46.8,,7
5/18/1997,1009.9,31.7,28.8,30.2,75,79,71,WNW,16,W,24,1.2,,4
5/19/1997,1010.9,31.4,28.4,30.3,73,78,66,WNW,15,WNW,20,0.0,,2
5/20/1997,1011.2,32.4,28.2,30.5,76,81,71,WNW,7,W,16,0.0,,5
5/21/1997,1011.0,32.2,26.4,30.5,75,82,71,W,9,W,15,0.0,,2
5/22/1997,1011.1,32.4,27.5,30.1,76,85,70,W,7,WNW,16,0.2,,3
5/23/1997,1010.9,32.6,26.6,30.5,75,86,69,VRB,4,WNW,11,0.0,,2
5/24/1997,1011.0,32.4,28.7,30.1,76,83,71,VRB,4,W,12,0.0,,4
5/25/1997,1011.0,32.5,27.1,30.7,75,82,69,WNW,7,W,13,0.0,,2
5/26/1997,1010.9,33.0,26.5,30.9,74,82,70,VRB,3,WNW,14,0.2,,2
5/27/1997,1012.2,31.6,25.0,27.7,87,93,82,WSW,9,W,18,2.5,,7
5/28/1997,1012.9,31.7,26.8,29.6,76,84,71,VRB,4,WSW,8,0.0,,2
5/29/1997,1012.4,32.0,27.4,30.3,75,86,66,VRB,6,WSW,11,0.0,,2
5/30/1997,1011.5,32.8,26.0,30.8,73,86,68,VRB,6,WSW,17,0.1,,2
5/31/1997,1012.9,31.6,27.4,29.7,79,86,74,WSW,9,WSW,15,0.0,,7
6/1/1997,1013.1,32.4,25.6,30.5,74,83,70,WSW,7,WNW,18,10.0,,3
6/2/1997,1013.5,31.4,27.6,29.5,79,87,74,W,7,WSW,16,0.0,,5
6/3/1997,1012.9,31.6,25.5,30.0,75,80,71,WNW,8,NW,16,0.1,,2
6/4/1997,1013.2,31.9,27.0,29.7,76,81,70,NW,7,NNW,17,6.4,,3
6/5/1997,1012.0,32.0,25.8,30.9,71,80,66,VRB,4,NNE,9,0.0,,2
6/6/1997,1011.4,32.8,25.6,30.4,76,86,68,CALM,0,NW,8,0.0,,2
6/7/1997,1011.8,32.4,27.6,30.2,75,86,70,CALM,0,SW,9,0.0,,1
6/8/1997,1012.7,32.0,24.8,29.8,77,82,74,VRB,6,WNW,15,1.8,,7
6/9/1997,1011.8,31.8,26.5,29.4,80,92,74,CALM,0,WNW,15,0.0,,5
6/10/1997,1011.2,32.0,26.4,30.1,77,85,70,VRB,6,SSW,15,0.0,,3
6/11/1997,1011.0,31.8,26.8,29.9,76,85,73,WSW,7,WNW,16,0.0,,3
6/12/1997,1010.0,32.4,24.2,29.8,77,86,71,SW,9,WSW,26,35.0,,5
6/13/1997,1010.3,30.4,24.3,27.5,86,93,77,WSW,10,WNW,20,1.3,,7
6/14/1997,1009.7,29.8,24.4,27.6,81,90,74,SW,7,WSW,20,5.7,,7
6/15/1997,1009.7,30.0,26.5,28.4,76,80,70,WNW,9,W,24,1.2,,7
6/16/1997,1011.1,31.6,26.8,29.9,73,83,70,VRB,5,W,17,0.0,,4
6/17/1997,1012.0,32.0,26.4,27.7,76,79,73,VRB,5,W,17,0.0,,2
6/18/1997,1011.0,31.6,26.6,29.6,76,86,72,VRB,5,W,21,0.0,,5
6/19/1997,1010.7,31.7,27.6,29.9,76,83,71,S,6,S,12,0.0,,6
6/20/1997,1011.0,32.0,28.2,30.0,75,82,68,S,9,S,13,0.0,,5
6/21/1997,1011.4,32.2,26.4,30.5,73,77,70,SE,8,SE,13,0.0,,2
6/22/1997,1011.6,32.2,27.4,30.2,76,87,72,VRB,4,SSW,12,0.0,,5
6/23/1997,1010.4,31.0,28.0,29.7,78,83,73,SSW,8,SSW,12,0.0,,6
6/24/1997,1009.0,31.4,24.2,29.6,80,89,74,SSW,10,WNW,34,24.0,,7
6/25/1997,1008.4,31.0,25.0,28.4,84,93,79,VRB,3,SW,22,10.0,,7
6/26/1997,1007.8,30.8,23.8,27.5,86,92,80,SSW,9,NW,26,27.3,,8
6/27/1997,1007.5,30.6,24.5,28.1,82,85,78,WSW,13,W,32,1.8,,8
6/28/1997,1006.8,30.0,24.2,28.4,81,86,77,W,13,W,34,13.8,,8
6/29/1997,1006.7,29.5,24.5,27.3,81,87,74,WNW,18,W,37,3.9,,8
6/30/1997,1007.1,30.1,26.8,29.2,80,84,77,WSW,11,W,17,0.0,,8
7/1/1997,1007.6,31.0,24.6,28.8,80,86,74,WSW,10,W,28,6.8,,7
7/2/1997,1008.0,30.7,24.4,29.1,78,83,75,WSW,10,W,29,5.8,,7
7/3/1997,1008.8,30.9,24.0,28.9,80,85,74,SW,9,W,30,7.3,,7
7/4/1997,1009.4,31.0,23.9,29.0,79,83,72,WSW,9,WNW,31,7.6,,7
7/5/1997,1009.7,31.4,26.6,29.5,76,80,74,WSW,8,W,15,1.2,,6
7/6/1997,1009.8,31.3,27.9,29.7,75,77,74,W,9,WSW,15,0.0,,5
7/7/1997,1010.2,31.4,27.6,29.8,77,81,72,W,10,WSW,15,0.0,,7
7/8/1997,1010.8,30.9,27.4,29.5,79,85,75,WSW,9,W,18,0.0,,7
7/9/1997,1011.3,31.3,26.4,29.7,75,82,70,WSW,11,W,28,15.3,,4
7/10/1997,1010.6,30.0,24.4,28.3,82,86,79,WSW,12,W,24,2.5,,7
7/11/1997,1010.8,29.5,24.2,27.9,84,90,80,W,10,WNW,30,0.5,,7
7/12/1997,1011.0,31.4,27.9,29.6,81,86,75,W,11,W,19,0.0,,7
7/13/1997,1011.0,31.2,24.5,29.1,80,83,77,W,11,NNW,31,1.9,,5
7/14/1997,1012.2,29.6,24.4,27.4,85,92,81,NW,15,WNW,34,23.3,,7
7/15/1997,1010.4,30.8,24.8,28.7,83,86,80,WNW,15,WNW,29,10.5,,7
7/16/1997,1008.7,30.6,25.5,28.4,80,89,76,W,15,W,25,2.1,,7
7/17/1997,1008.3,30.0,24.5,27.6,87,91,85,WNW,22,NNW,36,27.3,,5
7/18/1997,1010.0,30.7,24.8,29.5,78,80,73,WNW,18,NW,37,1.6,,7
7/19/1997,1010.3,29.8,24.2,26.7,87,92,79,NW,19,NW,35,42.9,,7
7/20/1997,1009.7,29.6,23.6,28.7,80,85,76,WNW,18,NW,36,55.4,,7
7/21/1997,1010.6,30.0,24.0,27.4,84,93,77,NW,13,NNW,34,23.6,,7
7/22/1997,1011.1,30.5,23.2,29.9,81,86,78,WNW,16,WNW,44,51.0,,7
7/23/1997,1011.0,29.0,24.5,26.1,88,93,80,NW,12,NW,28,12.2,,8
7/24/1997,1011.4,28.2,24.0,25.3,90,95,83,WNW,17,WNW,29,51.8,,8
7/25/1997,1011.4,29.2,24.5,26.9,85,90,77,WNW,15,WNW,28,7.2,,7
7/26/1997,1011.6,30.2,24.7,28.0,80,87,74,WSW,8,W,24,2.1,,6
7/27/1997,1012.0,30.8,25.9,29.0,77,86,73,SSW,8,SSW,13,0.0,,5
7/28/1997,1013.2,30.7,25.5,29.0,78,86,73,VRB,5,SSW,10,0.0,,5
7/29/1997,1011.9,31.4,26.9,28.9,80,87,77,VRB,5,WSW,12,0.0,,4
7/30/1997,1010.4,30.8,27.1,29.3,79,83,75,WSW,9,WSW,13,0.0,,6
7/31/1997,1009.0,31.0,25.1,29.3,75,81,70,WSW,7,WSW,22,3.4,,4
8/1/1997,1010.1,31.2,26.2,28.5,81,88,76,WSW,9,W,16,1.2,,7
8/2/1997,1012.0,31.5,26.9,30.0,80,87,76,WNW,10,WNW,15,1.4,,3
8/3/1997,1012.4,30.6,27.5,29.1,82,87,79,WNW,10,WNW,16,0.0,,7
8/4/1997,1012.2,31.6,27.6,29.7,79,86,73,WNW,11,WNW,14,0.0,,5
8/5/1997,1012.1,31.0,26.9,29.2,80,83,78,WNW,8,W,17,0.0,,7
8/6/1997,1011.6,31.2,24.6,29.6,76,80,70,WSW,11,W,29,5.8,,4
8/7/1997,1011.4,30.4,26.0,28.5,81,87,78,WSW,11,WSW,18,0.8,,6
8/8/1997,1012.1,30.8,23.8,29.2,80,83,75,WSW,9,WNW,28,28.8,,7
8/9/1997,1013.8,30.0,24.5,27.4,84,92,78,VRB,6,NNW,24,13.2,,7
8/10/1997,1014.2,29.6,24.6,27.2,84,86,80,WNW,9,WNW,25,19.7,,6
8/11/1997,1013.6,31.0,25.7,29.0,79,84,73,WNW,10,WSW,20,2.5,,6
8/12/1997,1013.9,30.2,24.0,28.2,86,92,83,WNW,8,NW,21,39.2,,7
8/13/1997,1014.1,28.4,23.5,25.7,90,96,79,WNW,7,NW,20,14.0,,7
8/14/1997,1013.4,31.1,25.8,29.1,78,81,74,NW,6,NW,13,0.0,,4
8/15/1997,1013.5,30.7,27.0,29.2,78,83,75,VRB,5,NNW,8,0.0,,2
8/16/1997,1013.2,30.6,27.1,29.2,73,78,67,NW,6,NW,14,0.0,,2
8/17/1997,1012.6,30.6,27.1,29.1,75,83,71,NW,9,NW,15,0.0,,3
8/18/1997,1011.2,30.4,25.8,28.9,78,81,76,WNW,12,WNW,19,1.4,,7
8/19/1997,1010.6,30.8,27.0,29.4,79,85,71,WNW,13,WNW,20,0.8,,7
8/20/1997,1010.8,31.0,24.1,28.7,80,85,76,WNW,12,NNW,34,27.7,,7
8/21/1997,1012.6,29.2,23.2,25.6,91,93,89,W,17,WNW,30,48.6,,8
8/22/1997,1011.2,29.4,24.9,26.8,87,93,82,WNW,14,W,29,13.8,,7
8/23/1997,1011.3,30.8,25.1,27.8,82,85,74,W,12,WNW,19,4.3,,7
8/24/1997,1011.4,31.5,25.5,29.6,77,86,73,VRB,4,WNW,8,0.0,,1
8/25/1997,1010.9,31.6,25.0,29.3,78,89,72,VRB,3,WSW,28,0.2,,2
8/26/1997,1010.6,31.2,24.9,29.3,81,86,77,WNW,12,WNW,29,1.2,,6
8/27/1997,1010.6,30.6,26.4,28.7,83,86,78,WNW,16,WNW,23,0.2,,7
8/28/1997,1010.2,30.8,24.2,29.2,82,87,78,WNW,16,NW,38,6.2,,7
8/29/1997,1011.0,30.4,23.0,28.1,86,92,78,W,14,WNW,34,63.4,,8
8/30/1997,1011.2,31.0,26.2,28.9,83,90,78,WNW,10,WNW,20,0.2,,7
8/31/1997,1012.4,31.0,25.9,28.7,80,83,76,NW,10,NNW,21,4.1,,5
9/1/1997,1011.9,30.2,27.5,29.0,79,82,77,NNW,13,NW,18,0.0,,6
9/2/1997,1011.7,31.0,27.4,29.4,78,82,77,WNW,11,WNW,16,0.0,,5
9/3/1997,1011.5,30.7,25.4,29.3,77,81,74,NW,9,NW,21,1.3,,6
9/4/1997,1011.2,30.6,27.5,29.2,77,80,75,NNW,11,NNW,18,0.0,,5
9/5/1997,1011.3,30.9,27.2,29.5,77,79,75,NNW,9,NNW,14,0.7,,2
9/6/1997,1011.9,31.0,26.2,29.4,77,83,73,NW,7,NW,14,0.4,,2
9/7/1997,1011.4,31.4,25.5,28.6,79,83,73,NNW,7,NW,24,1.7,,3
9/8/1997,1010.7,29.6,25.7,27.8,85,92,79,WNW,15,NW,22,0.0,,7
9/9/1997,1010.3,30.9,24.8,28.9,78,82,74,NW,8,WNW,16,0.1,,7
9/10/1997,1011.1,31.4,24.0,29.2,78,87,74,VRB,3,NW,13,18.6,,3
9/11/1997,1012.3,30.2,23.2,25.1,93,96,90,VRB,5,NE,18,89.1,,8
9/12/1997,1012.1,30.0,24.8,28.4,78,85,73,NW,7,NW,11,0.0,,7
9/13/1997,1012.2,30.6,24.6,28.1,83,91,77,VRB,2,S,10,0.1,,6
9/14/1997,1013.0,30.1,23.4,28.0,83,88,77,W,8,WSW,18,2.1,,5
9/15/1997,1012.7,28.4,23.8,25.8,88,93,80,WSW,14,WSW,21,4.2,,7
9/16/1997,1012.3,29.3,24.5,27.3,83,89,77,WSW,14,WSW,24,3.8,,7
9/17/1997,1013.3,28.6,24.9,27.4,83,86,81,W,10,W,22,0.5,,7
9/18/1997,1014.5,31.2,25.8,28.9,76,84,71,SW,9,WSW,19,0.1,,4
9/19/1997,1014.1,30.8,25.4,28.2,83,87,77,WSW,7,W,20,4.4,,6
9/20/1997,1013.5,30.4,23.4,28.4,82,90,77,WSW,12,WSW,26,41.6,,4
9/21/1997,1012.7,29.4,24.0,26.6,88,95,82,WNW,13,NW,30,6.6,,7
9/22/1997,1011.9,30.0,23.6,27.8,87,90,83,W,15,W,32,52.4,,6
9/23/1997,1012.6,28.4,24.0,26.0,89,96,81,WNW,17,NW,34,43.6,,7
9/24/1997,1012.8,28.8,24.5,26.9,85,89,80,W,14,WNW,24,6.0,,7
9/25/1997,1012.6,30.9,26.5,29.1,79,83,76,W,9,W,16,0.0,,2
9/26/1997,1012.4,30.9,24.9,29.1,79,83,74,WSW,8,WNW,32,10.8,,3
9/27/1997,1012.2,29.9,26.0,27.9,82,89,76,WNW,13,WNW,25,0.0,,7
9/28/1997,1013.0,32.0,25.0,29.8,78,83,73,VRB,5,WNW,9,0.0,,3
9/29/1997,1014.3,31.6,23.5,29.6,75,83,65,CALM,0,CALM,4,0.0,,1
9/30/1997,1014.4,31.2,25.1,29.0,78,96,69,VRB,1,CALM,5,0.0,,1
10/1/1997,1014.7,31.0,24.5,29.1,75,90,68,VRB,5,SSW,8,0.0,,2
10/2/1997,1014.7,31.2,24.6,29.1,76,84,73,VRB,1,SSW,16,0.0,,7
10/3/1997,1015.6,31.2,26.0,29.1,79,91,74,VRB,2,CALM,6,0.0,,2
10/4/1997,1015.3,32.0,26.8,29.7,76,83,71,VRB,3,WNW,10,0.0,,2
10/5/1997,1013.8,31.7,22.7,28.6,80,90,75,WNW,8,NW,24,10.1,,4
10/6/1997,1013.0,29.8,23.8,27.5,84,87,81,W,7,WNW,22,10.2,,7
10/7/1997,1012.5,31.0,25.9,29.3,80,90,76,VRB,4,NNW,7,0.0,,2
10/8/1997,1013.2,31.4,26.8,29.7,78,87,71,VRB,4,WSW,6,0.0,,4
10/9/1997,1012.8,31.2,25.4,29.5,77,83,74,VRB,5,SE,19,7.6,,3
10/10/1997,1012.2,31.0,25.0,29.2,82,90,77,SE,7,SE,11,0.0,,3
10/11/1997,1011.6,31.4,25.4,29.2,77,83,73,E,8,E,17,1.8,,2
10/12/1997,1012.1,32.0,23.9,29.6,79,90,72,ENE,7,ESE,19,17.8,,5
10/13/1997,1012.2,31.1,26.6,29.0,81,90,73,ESE,9,E,16,0.0,,6
10/14/1997,1012.0,30.6,24.5,28.7,83,86,81,VRB,5,ESE,13,1.8,,7
10/15/1997,1011.6,31.4,24.5,28.7,81,90,78,VRB,5,ENE,14,3.8,,3
10/16/1997,1011.2,31.6,25.8,29.3,80,88,73,VRB,5,N,8,7.6,,3
10/17/1997,1012.7,31.7,26.4,28.9,82,92,75,VRB,6,NE,14,1.0,,3
10/18/1997,1012.4,31.6,24.4,28.5,80,89,71,VRB,4,NE,15,6.0,,4
10/19/1997,1012.2,30.5,24.8,27.7,87,93,81,VRB,2,SW,12,8.5,,6
10/20/1997,1012.0,30.7,25.4,28.1,82,93,74,CALM,0,NNW,16,0.1,,7
10/21/1997,1012.4,31.0,25.5,28.5,79,90,70,VRB,3,N,15,0.0,,6
10/22/1997,1012.6,29.6,24.9,26.4,87,91,83,VRB,5,NE,15,0.3,,7
10/23/1997,1012.4,30.3,24.0,27.3,85,90,77,VRB,2,WSW,14,15.2,,7
10/24/1997,1012.7,31.7,26.1,29.0,77,88,69,CALM,0,ENE,8,0.0,,4
10/25/1997,1012.5,31.4,25.4,29.8,76,83,71,ENE,7,ENE,12,0.0,,1
10/26/1997,1013.0,31.8,24.2,27.9,85,96,73,VRB,6,E,15,15.2,,5
10/27/1997,1013.3,31.0,24.6,29.1,77,86,70,VRB,2,N,9,0.0,,6
10/28/1997,1012.3,32.4,25.2,29.4,76,90,71,CALM,0,SE,9,0.0,,2
10/29/1997,1012.7,31.5,24.7,28.9,79,90,74,VRB,3,WNW,16,0.0,,3
10/30/1997,1013.8,31.7,26.1,28.7,80,90,73,VRB,3,S,15,0.1,,4
10/31/1997,1013.8,32.2,25.6,29.7,74,83,67,VRB,5,SE,17,0.0,,3
11/1/1997,1013.2,31.8,24.9,29.4,76,89,69,CALM,0,WNW,13,4.2,,2
11/2/1997,1012.9,31.8,25.1,28.2,79,90,69,VRB,3,NNW,16,0.4,,6
11/3/1997,1012.3,31.4,24.4,27.9,82,88,76,VRB,5,SW,18,6.3,,5
11/4/1997,1013.3,30.0,23.8,26.9,90,96,84,S,7,S,15,37.5,,7
11/5/1997,1013.2,30.2,27.0,28.7,79,87,73,ENE,8,ENE,18,0.0,,4
11/6/1997,1013.1,31.4,25.4,29.4,76,79,73,VRB,3,ENE,9,0.0,,4
11/7/1997,1013.5,32.0,25.0,29.7,77,81,74,VRB,1,CALM,5,0.2,,4
11/8/1997,1012.8,32.5,25.4,29.9,76,83,68,CALM,0,W,10,0.1,,6
11/9/1997,1011.5,29.6,25.0,26.3,91,92,89,SSE,9,SSE,18,4.5,,8
11/10/1997,1011.6,31.4,26.1,29.1,76,82,72,S,10,SSE,19,0.1,,4
11/11/1997,1011.8,31.4,25.0,29.6,76,83,69,SSE,8,ESE,17,2.1,,5
11/12/1997,1011.3,30.8,24.6,28.3,81,88,75,ESE,6,SSW,18,7.4,,6
11/13/1997,1010.8,31.2,25.5,29.0,79,86,74,VRB,5,ESE,14,0.0,,7
11/14/1997,1010.8,31.2,24.6,28.2,83,89,79,SSE,8,E,17,10.4,,7
11/15/1997,1010.5,30.9,24.8,28.1,82,90,74,VRB,5,S,20,6.0,,6
11/16/1997,1009.8,31.2,25.2,28.7,81,83,77,VRB,5,E,12,12.2,,5
11/17/1997,1010.3,30.8,25.0,27.8,84,90,78,VRB,6,SE,19,9.6,,7
11/18/1997,1010.7,31.0,23.4,29.1,78,83,74,VRB,3,SE,9,0.0,,6
11/19/1997,1011.5,30.8,23.2,28.3,79,91,73,CALM,0,CALM,2,0.0,,7
11/20/1997,1011.9,31.8,23.7,28.9,79,88,72,VRB,2,CALM,5,0.0,,3
11/21/1997,1012.1,31.7,24.0,29.3,76,93,67,VRB,2,CALM,6,0.0,,1
11/22/1997,1012.0,32.0,26.5,29.1,79,93,72,CALM,0,SE,8,0.0,,3
11/23/1997,1011.4,29.8,23.1,26.8,88,96,82,VRB,5,WNW,19,65.6,,7
11/24/1997,1011.2,28.4,23.0,25.9,88,93,83,WNW,8,WNW,20,56.6,,8
11/25/1997,1010.9,30.8,25.7,29.1,76,87,70,VRB,3,SW,10,0.0,,3
11/26/1997,1011.9,31.6,24.1,29.6,76,87,71,VRB,4,SW,8,0.1,,2
11/27/1997,1011.6,31.3,25.0,28.6,78,84,70,VRB,4,S,15,0.0,,5
11/28/1997,1010.9,31.4,23.8,29.4,77,87,72,VRB,4,SE,21,17.3,,4
11/29/1997,1010.2,31.2,25.9,29.0,82,89,74,ENE,10,E,27,2.2,,5
11/30/1997,1010.8,31.0,26.6,29.3,79,83,74,E,12,E,27,0.2,,7
12/1/1997,1011.2,30.4,24.4,27.1,85,90,80,ESE,11,SSE,25,31.1,,5
12/2/1997,1010.9,32.0,26.5,30.0,76,81,72,NE,10,ENE,14,0.0,,4
12/3/1997,1010.6,30.4,25.8,28.6,81,92,76,E,13,SE,28,2.5,,6
12/4/1997,1010.5,31.4,24.5,28.8,79,89,73,ESE,9,ESE,16,8.2,,7
12/5/1997,1011.1,30.0,25.0,27.5,83,89,78,VRB,6,SE,13,0.0,,7
12/6/1997,1011.9,31.1,24.0,29.6,78,83,74,VRB,4,S,26,54.2,,4
12/7/1997,1011.0,30.5,24.2,27.8,84,87,80,CALM,0,S,10,0.0,,7
12/8/1997,1009.9,31.2,24.8,29.1,79,92,73,VRB,3,NW,12,0.0,,1
12/9/1997,1011.4,30.8,24.8,27.9,86,92,81,VRB,3,N,21,0.8,,5
12/10/1997,1011.2,31.2,25.6,29.4,76,86,70,VRB,5,N,10,0.0,,2
12/11/1997,1010.5,31.4,26.5,29.5,79,89,74,ENE,7,ESE,23,2.1,,2
12/12/1997,1011.7,30.2,24.2,26.4,86,90,81,E,12,E,29,23.3,,7
12/13/1997,1011.2,31.1,26.7,28.9,81,90,74,ESE,10,ESE,19,1.8,,7
12/14/1997,1011.1,31.4,25.0,29.6,82,90,74,E,8,ENE,24,3.4,,6
12/15/1997,1011.3,31.2,24.6,29.5,80,86,74,E,7,E,25,10.8,,7
12/16/1997,1011.9,31.1,28.0,29.6,80,87,73,ESE,10,ESE,19,0.0,,7
12/17/1997,1012.1,31.0,23.7,27.9,86,95,81,ESE,8,ESE,29,26.0,,7
12/18/1997,1012.2,31.5,26.1,28.4,83,93,75,VRB,4,ESE,13,0.0,,7
12/19/1997,1011.9,30.9,26.7,29.3,77,81,74,VRB,5,ESE,10,0.0,,3
12/20/1997,1012.4,31.2,25.5,29.1,81,86,74,SE,6,ESE,18,1.3,,4
12/21/1997,1013.2,31.5,25.7,29.4,79,90,72,VRB,5,S,12,0.6,,3
12/22/1997,1014.2,32.0,26.4,29.0,78,89,69,VRB,2,E,10,0.0,,4
12/23/1997,1014.1,31.6,25.2,29.1,79,86,74,VRB,3,E,20,10.1,,3
12/24/1997,1012.4,31.7,27.6,29.6,76,79,72,E,9,ESE,17,0.0,,2
12/25/1997,1012.3,31.2,27.4,29.6,77,82,73,E,9,ESE,18,0.0,,3
12/26/1997,1012.3,31.0,27.2,29.2,78,83,76,E,10,E,17,0.8,,6
12/27/1997,1012.1,31.2,27.9,29.5,77,83,73,ENE,8,ESE,19,0.0,,2
12/28/1997,1012.3,30.9,27.2,29.4,75,82,71,E,14,E,22,0.0,,2
12/29/1997,1013.0,32.0,25.8,29.4,77,83,73,ENE,8,ENE,16,0.1,,2
12/30/1997,1013.3,31.2,26.2,29.2,78,89,71,VRB,5,E,20,1.8,,4
12/31/1997,1012.1,31.1,26.4,29.2,78,90,72,E,14,E,21,0.0,,4
1/1/1998,1011.1,31.3,24.5,29.4,76,83,72,ESE,9,ESE,23,18.1,,4
1/2/1998,1012.0,29.4,23.7,26.9,88,92,86,ESE,7,ESE,25,47.3,,7
1/3/1998,1013.0,31.1,26.0,28.0,83,95,74,E,6,ENE,19,0.0,,7
1/4/1998,1013.6,31.4,24.3,29.0,80,86,73,E,11,ESE,36,16.0,,6
1/5/1998,1012.4,30.7,25.6,29.3,76,82,71,E,14,ESE,23,0.0,,5
1/6/1998,1011.3,30.9,25.2,28.9,75,82,68,VRB,5,E,12,0.0,,2
1/7/1998,1011.8,31.0,26.3,29.0,76,86,71,NE,7,E,19,0.0,,1
1/8/1998,1011.6,30.6,26.9,28.5,82,87,76,ENE,7,ENE,15,0.1,,4
1/9/1998,1009.8,31.3,26.0,28.4,82,89,78,NE,10,ENE,21,1.4,,6
1/10/1998,1010.0,30.4,26.9,28.8,82,86,79,ENE,7,E,14,0.0,,7
1/11/1998,1010.4,31.4,24.4,29.3,81,85,75,ENE,8,ENE,13,0.0,,7
1/12/1998,1009.9,31.2,23.2,28.7,78,90,68,NNE,7,NNE,13,0.0,,5
1/13/1998,1010.8,31.5,25.0,28.3,80,90,68,VRB,3,N,9,0.0,,7
1/14/1998,1011.1,31.2,23.9,28.7,76,88,70,NE,6,NE,10,0.1,,2
1/15/1998,1012.6,31.4,25.3,28.4,78,90,70,VRB,2,NNE,9,0.0,,4
1/16/1998,1011.0,31.6,25.8,29.1,76,85,65,VRB,5,N,11,0.0,,4
1/17/1998,1011.9,31.1,26.9,28.4,83,89,76,VRB,4,NE,10,0.1,,5
1/18/1998,1011.8,31.2,27.0,29.4,77,83,72,VRB,5,E,11,0.0,,2
1/19/1998,1011.9,31.6,26.2,29.5,76,83,69,VRB,4,E,9,0.0,,2
1/20/1998,1012.1,31.8,27.3,29.8,75,84,70,VRB,5,ESE,10,0.0,,1
1/21/1998,1011.6,31.7,27.5,29.9,76,83,71,ESE,7,ESE,13,0.0,,2
1/22/1998,1012.1,31.4,26.2,29.4,80,86,77,NNE,7,NNE,15,0.1,,3
1/23/1998,1011.5,31.5,25.7,29.3,78,83,73,VRB,5,ENE,21,6.1,,5
1/24/1998,1011.9,31.6,27.4,29.8,75,79,72,ESE,9,ESE,19,0.0,,3
1/25/1998,1013.7,31.7,27.6,29.9,76,82,72,ESE,10,ESE,18,0.0,,2
1/26/1998,1013.1,31.9,27.0,29.8,76,80,71,E,8,ENE,15,0.0,,2
1/27/1998,1012.3,31.6,26.5,29.6,76,83,70,NE,6,ENE,11,1.6,,1
1/28/1998,1013.8,31.7,27.0,29.3,78,86,72,NE,7,ENE,13,0.0,,2
1/29/1998,1014.4,31.8,27.6,29.8,76,79,72,ENE,10,E,20,0.0,,2
1/30/1998,1013.6,32.2,24.9,30.0,75,80,71,NE,12,NE,16,0.0,,3
1/31/1998,1013.8,32.0,25.6,29.5,78,90,71,NE,8,ENE,15,0.0,,1
2/1/1998,1013.3,31.9,25.1,27.4,77,90,68,ENE,8,ENE,12,0.0,,1
2/2/1998,1014.1,31.4,23.4,29.4,77,87,73,NE,6,ENE,15,0.1,,3
2/3/1998,1013.9,32.0,23.0,28.8,75,87,60,N,6,ENE,14,0.0,,6
2/4/1998,1014.0,31.4,23.3,28.8,73,98,60,VRB,6,N,11,0.0,,6
2/5/1998,1014.4,31.4,23.0,28.5,72,87,65,VRB,4,NNE,11,0.0,,4
2/6/1998,1013.0,31.3,23.4,28.2,78,95,65,VRB,5,S,12,0.0,,4
2/7/1998,1012.2,32.0,24.7,28.8,76,91,68,NE,7,NE,12,0.0,,3
2/8/1998,1011.6,32.0,26.4,30.6,71,74,67,NE,10,NE,11,0.0,,4
2/9/1998,1012.9,32.1,24.4,29.1,81,86,76,NE,9,ENE,13,8.2,,6
2/10/1998,1012.8,31.6,27.0,29.7,76,87,70,NE,9,ENE,13,0.0,,6
2/11/1998,1012.8,31.6,27.5,29.7,77,86,73,E,11,ESE,19,0.0,,3
2/12/1998,1012.5,31.7,26.4,29.8,78,86,73,E,9,E,18,0.0,,4
2/13/1998,1013.7,31.8,24.6,29.6,79,97,69,VRB,5,NE,11,0.2,,5
2/14/1998,1014.8,31.7,25.1,29.7,75,86,68,VRB,5,NNE,11,0.0,,3
2/15/1998,1013.8,32.1,24.0,29.8,73,80,69,N,8,N,12,0.0,,3
2/16/1998,1013.5,31.7,23.6,28.9,70,90,58,N,7,N,12,0.0,,2
2/17/1998,1013.4,31.7,23.4,28.8,76,88,69,CALM,0,N,10,0.0,,4
2/18/1998,1013.5,31.2,26.4,29.3,70,83,62,CALM,0,N,15,0.0,,2
2/19/1998,1012.9,31.7,23.7,29.8,71,82,64,N,8,N,15,0.0,,3
2/20/1998,1012.4,31.9,26.4,28.9,71,93,63,VRB,4,CALM,6,0.0,,2
2/21/1998,1013.9,31.3,24.0,29.5,66,75,56,N,8,N,15,0.0,,1
2/22/1998,1012.6,30.6,22.7,28.8,68,77,60,VRB,3,CALM,6,0.0,,1
2/23/1998,1011.8,31.6,23.6,28.9,69,91,59,VRB,3,ENE,12,0.0,,1
2/24/1998,1013.0,32.1,23.6,29.0,69,90,57,VRB,1,CALM,6,0.0,,1
2/25/1998,1013.1,31.4,25.6,28.6,76,88,70,VRB,2,ENE,19,10.9,,2
2/26/1998,1012.3,32.4,25.7,30.0,77,85,71,VRB,5,NE,11,0.0,,3
2/27/1998,1012.2,32.7,26.9,30.0,78,86,72,NNE,7,NNE,13,0.0,,3
2/28/1998,1013.1,32.1,26.4,30.0,78,87,68,N,7,N,14,0.0,,5
3/1/1998,1012.6,31.4,25.1,29.6,76,84,69,VRB,5,NNW,8,0.0,,3
3/2/1998,1012.8,32.2,24.2,29.2,75,88,69,CALM,0,CALM,4,0.0,,1
3/3/1998,1013.1,32.1,26.4,29.3,75,93,68,VRB,3,ENE,8,0.0,,2
3/4/1998,1012.9,32.7,25.4,30.2,70,86,61,ENE,8,ENE,13,0.0,,3
3/5/1998,1011.9,32.6,25.3,30.0,71,81,64,VRB,5,N,15,0.1,,1
3/6/1998,1012.5,30.4,24.2,28.1,79,88,74,NNW,8,SE,21,14.2,,5
3/7/1998,1009.9,32.0,26.6,29.8,74,87,68,VRB,6,NE,14,0.0,,2
3/8/1998,1011.6,31.7,25.4,30.0,72,79,67,N,8,N,15,0.0,,1
3/9/1998,1011.4,31.4,25.2,29.3,71,84,63,N,6,NNE,18,0.0,,2
3/10/1998,1010.3,31.5,27.5,29.1,70,75,67,VRB,3,NNW,14,0.0,,2
3/11/1998,1012.9,31.4,25.9,29.7,71,76,65,NNW,7,NNW,13,0.0,,1
3/12/1998,1013.5,31.7,26.2,29.8,70,80,65,VRB,4,N,10,0.0,,3
3/13/1998,1013.6,31.9,27.5,30.0,74,86,68,VRB,4,N,12,0.0,,2
3/14/1998,1012.1,32.6,27.6,30.4,72,79,67,N,9,NNE,17,0.0,,2
3/15/1998,1011.4,32.3,25.9,30.3,70,76,63,N,8,NNE,14,0.0,,1
3/16/1998,1012.3,32.9,24.6,30.2,74,84,66,NE,7,E,23,8.2,,2
3/17/1998,1012.7,32.1,28.6,30.4,75,79,71,E,12,ENE,22,0.0,,4
3/18/1998,1013.1,32.5,26.4,30.5,74,81,68,E,10,E,13,0.0,,4
3/19/1998,1012.2,32.9,25.7,30.3,73,84,66,ENE,7,ENE,13,0.0,,3
3/20/1998,1011.9,32.2,24.5,29.8,74,87,65,VRB,5,N,11,0.0,,2
3/21/1998,1012.6,32.8,25.3,29.9,74,88,65,VRB,5,ENE,12,0.0,,7
3/22/1998,1012.6,32.1,25.6,29.7,72,87,66,VRB,4,CALM,6,0.0,,3
3/23/1998,1011.3,33.0,25.4,30.2,73,89,60,VRB,2,CALM,5,0.0,,2
3/24/1998,1011.0,33.2,25.2,30.3,71,81,63,VRB,1,CALM,6,0.0,,1
3/25/1998,1010.9,32.6,24.6,30.0,73,88,66,VRB,2,CALM,6,0.0,,1
3/26/1998,1010.7,32.5,27.8,29.9,73,88,65,VRB,3,NNE,10,0.0,,1
3/27/1998,1010.6,33.4,25.5,31.2,70,80,63,VRB,5,E,11,0.0,,1
3/28/1998,1011.0,33.2,25.3,30.6,72,88,64,VRB,5,E,13,0.0,,2
3/29/1998,1011.7,33.3,26.2,30.4,73,89,64,VRB,3,ESE,10,0.0,,2
3/30/1998,1012.5,33.8,25.7,30.9,73,86,67,VRB,5,NE,11,0.0,,2
3/31/1998,1012.1,33.6,25.2,31.0,74,90,65,VRB,3,NE,9,0.0,,2
4/1/1998,1012.1,33.4,27.1,30.7,74,90,67,VRB,2,WSW,13,0.0,,3
4/2/1998,1012.2,33.0,25.4,29.2,73,80,66,VRB,5,E,15,19.8,,6
4/3/1998,1011.4,32.2,25.9,29.3,82,89,77,NW,6,NNW,17,0.2,,6
4/4/1998,1010.0,32.5,26.9,30.2,76,89,69,NE,5,NNW,12,0.0,,2
4/5/1998,1011.0,33.0,29.3,30.8,78,91,71,E,11,E,20,3.6,,4
4/6/1998,1011.8,33.3,28.0,31.1,75,82,69,E,9,ESE,17,0.1,,4
4/7/1998,1011.3,32.1,26.1,29.2,80,86,76,ENE,7,ESE,23,26.8,,7
4/8/1998,1009.7,31.3,26.0,29.7,79,86,76,VRB,5,ESE,11,0.0,,7
4/9/1998,1008.6,32.8,25.0,30.6,76,90,71,VRB,4,NNW,10,0.0,,2
4/10/1998,1009.5,32.6,26.7,30.2,77,93,70,VRB,1,NNW,8,0.0,,2
4/11/1998,1010.5,33.0,26.2,30.9,72,83,67,VRB,5,ENE,9,0.0,,1
4/12/1998,1010.3,33.1,28.5,30.4,77,87,71,VRB,2,NNW,8,0.0,,3
4/13/1998,1008.7,32.1,26.8,30.0,81,91,71,VRB,2,SE,7,0.2,,6
4/14/1998,1009.4,32.8,27.0,29.9,80,90,71,VRB,3,NNE,17,5.2,,5
4/15/1998,1010.6,33.4,27.4,31.6,73,78,69,ESE,7,SSE,15,1.9,,2
4/16/1998,1011.6,33.1,26.7,31.4,74,81,68,VRB,4,SSE,9,0.0,,2
4/17/1998,1011.9,33.0,26.9,31.0,74,90,69,VRB,3,NNW,26,0.0,,2
4/18/1998,1011.7,33.1,29.6,31.0,74,87,69,VRB,4,NNW,14,0.0,,3
4/19/1998,1011.7,33.0,29.7,31.5,72,77,68,NNW,9,NNW,16,0.0,,4
4/20/1998,1010.0,32.9,29.3,31.3,71,75,68,NNW,9,NNW,14,0.0,,2
4/21/1998,1010.1,33.4,25.7,31.3,72,77,68,VRB,4,NNW,9,0.0,,2
4/22/1998,1010.7,33.7,24.9,31.1,71,90,62,CALM,0,CALM,4,0.0,,1
4/23/1998,1011.5,34.1,26.7,31.2,72,95,64,VRB,1,W,7,0.0,,1
4/24/1998,1010.6,33.4,25.9,31.7,68,75,65,VRB,3,NNW,7,0.0,,2
4/25/1998,1010.0,34.2,25.6,31.0,73,83,67,VRB,4,WNW,15,1.3,,6
4/26/1998,1010.9,33.6,26.8,31.0,73,89,65,VRB,3,WSW,10,0.0,,7
4/27/1998,1011.2,34.4,25.9,31.8,70,86,63,VRB,1,ENE,8,0.0,,2
4/28/1998,1011.5,33.7,28.8,31.4,72,89,66,VRB,1,WNW,9,0.0,,3
4/29/1998,1010.7,34.0,27.6,31.9,71,79,66,VRB,6,NW,14,0.0,,3
4/30/1998,1009.7,33.7,28.4,31.6,70,82,63,VRB,4,N,10,0.0,,3
5/1/1998,1009.5,34.1,28.9,31.9,70,78,66,VRB,5,N,10,0.0,,1
5/2/1998,1009.4,33.9,26.9,32.1,71,84,66,N,7,NE,16,0.1,,6
5/3/1998,1009.5,34.3,28.6,31.7,71,87,65,VRB,1,CALM,6,0.0,,4
5/4/1998,1008.2,34.2,27.7,32.4,68,74,64,VRB,2,NW,16,0.0,,2
5/5/1998,1006.9,34.3,27.0,31.8,72,83,66,VRB,1,SSE,9,0.0,,5
5/6/1998,1007.5,34.0,29.5,31.7,70,82,64,VRB,1,NE,9,0.0,,5
5/7/1998,1008.8,33.9,28.5,31.0,74,82,65,VRB,4,NE,17,0.0,,7
5/8/1998,1009.7,34.3,28.4,32.5,67,77,60,VRB,1,WSW,8,0.0,,7
5/9/1998,1008.8,33.0,26.4,30.1,78,83,73,VRB,4,NE,18,0.0,,7
5/10/1998,1007.5,33.9,25.9,31.4,72,84,66,VRB,3,W,16,25.8,,6
5/11/1998,1008.3,31.6,25.1,27.6,87,97,75,WNW,7,WNW,24,95.7,,7
5/12/1998,1007.3,33.0,27.3,30.4,78,86,69,VRB,4,W,17,2.1,,6
5/13/1998,1008.2,31.4,24.2,27.9,85,98,78,WNW,8,WNW,16,93.4,,7
5/14/1998,1009.0,29.6,24.7,26.2,89,98,80,WSW,7,W,22,74.7,,8
5/15/1998,1007.1,30.8,27.6,29.8,77,80,74,NNW,13,W,25,0.1,,7
5/16/1998,1008.1,31.6,25.6,29.3,80,86,76,WNW,12,NW,27,6.8,,7
5/17/1998,1009.1,32.6,25.9,30.9,77,85,71,WNW,8,WNW,25,21.3,,7
5/18/1998,1009.8,32.7,29.5,30.7,78,89,70,WNW,13,WNW,21,0.0,,5
5/19/1998,1008.9,32.9,29.7,31.3,76,83,69,WNW,13,WNW,19,0.0,,6
5/20/1998,1009.1,32.7,29.6,31.5,73,78,70,WNW,13,WNW,17,0.0,,4
5/21/1998,1009.4,32.8,29.7,31.4,71,75,68,NW,9,NW,15,0.0,,5
5/22/1998,1010.2,33.1,29.8,31.5,73,78,68,NW,9,NW,15,0.0,,2
5/23/1998,1010.1,33.2,29.9,31.7,73,80,69,NW,11,WNW,17,0.0,,3
5/24/1998,1010.1,33.0,28.6,31.6,73,81,68,WNW,11,WNW,16,0.1,,3
5/25/1998,1010.0,33.1,28.3,31.2,74,81,70,WSW,10,NW,18,3.8,,2
5/26/1998,1009.7,32.9,25.9,31.0,74,83,71,WSW,9,WSW,32,4.4,,3
5/27/1998,1012.2,31.7,24.5,27.1,88,95,82,WSW,18,WSW,31,69.8,,7
5/28/1998,1011.5,32.4,26.2,29.7,79,84,71,WNW,16,WNW,28,3.6,,6
5/29/1998,1010.6,29.0,23.9,27.0,87,92,83,WNW,12,NNW,24,100.6,,8
5/30/1998,1008.8,31.0,26.4,27.3,82,89,79,WNW,13,NW,20,11.3,,7
5/31/1998,1009.7,30.3,25.0,27.4,89,95,83,NW,8,WSW,21,27.4,,7
6/1/1998,1009.6,30.7,25.7,28.4,83,85,80,WSW,11,W,22,6.2,,7
6/2/1998,1008.6,30.0,25.6,27.7,85,93,79,W,15,WNW,22,5.5,,7
6/3/1998,1008.8,31.4,26.2,29.0,82,90,74,W,14,W,22,4.2,,6
6/4/1998,1009.6,31.2,25.1,28.7,84,92,77,WNW,13,WNW,34,23.6,,7
6/5/1998,1009.4,31.4,25.0,28.2,81,85,77,WSW,13,WNW,37,10.7,,7
6/6/1998,1008.7,31.0,27.7,29.4,79,83,74,SW,13,WNW,25,0.6,,5
6/7/1998,1009.9,31.8,25.7,29.6,82,85,80,SW,9,WSW,21,4.2,,6
6/8/1998,1010.4,32.0,26.1,30.4,79,85,76,WSW,10,W,22,0.4,,5
6/9/1998,1011.2,32.4,28.2,30.9,77,82,71,WNW,9,WNW,19,0.0,,3
6/10/1998,1011.6,32.1,27.8,30.6,78,84,76,W,13,W,26,0.0,,7
6/11/1998,1011.2,31.6,26.9,30.0,79,82,77,WSW,13,W,20,2.2,,7
6/12/1998,1010.9,32.0,28.0,30.3,76,89,70,WNW,13,WNW,21,0.0,,6
6/13/1998,1009.2,31.7,26.8,30.0,80,89,76,WNW,15,WNW,28,1.5,,6
6/14/1998,1008.7,31.4,25.4,29.6,79,84,72,WNW,17,WNW,30,8.0,,6
6/15/1998,1009.2,31.6,25.5,29.6,81,89,72,WNW,17,WNW,28,4.6,,7
6/16/1998,1009.8,30.7,24.4,28.2,82,86,76,WNW,15,WNW,32,8.4,,7
6/17/1998,1009.8,29.7,26.4,27.5,85,90,81,WNW,10,WNW,23,1.2,,7
6/18/1998,1008.5,31.1,27.6,29.8,77,81,74,WSW,13,WSW,25,0.0,,6
6/19/1998,1010.1,31.3,27.2,30.1,77,82,74,WSW,14,W,24,0.8,,7
6/20/1998,1011.1,31.6,27.5,30.2,75,78,73,W,11,W,21,0.4,,7
6/21/1998,1010.0,31.8,25.0,29.5,80,87,74,W,9,W,22,12.5,,7
6/22/1998,1009.6,29.3,24.9,27.5,85,90,79,WSW,14,W,28,2.0,,7
6/23/1998,1009.1,30.2,25.3,28.6,83,86,78,WSW,12,W,32,9.2,,7
6/24/1998,1008.7,32.1,24.6,29.7,80,86,75,WSW,10,WSW,39,13.3,,7
6/25/1998,1008.7,30.4,24.1,28.0,83,90,80,WSW,15,WNW,48,15.2,,8
6/26/1998,1007.9,29.8,23.9,27.4,84,86,79,WSW,15,W,45,35.7,,7
6/27/1998,1008.4,29.3,23.2,26.9,85,90,79,WNW,16,WNW,41,60.5,,7
6/28/1998,1009.1,30.2,26.2,28.5,83,93,76,WSW,13,WNW,26,1.3,,7
6/29/1998,1008.5,30.9,27.9,29.5,83,88,79,WSW,14,WSW,24,0.0,,7
6/30/1998,1007.9,31.0,24.1,29.5,79,83,77,WSW,11,W,28,2.4,,7
7/1/1998,1007.3,30.0,25.1,28.5,82,83,79,W,16,WNW,36,5.2,,7
7/2/1998,1008.0,30.6,24.2,28.7,81,87,76,WNW,19,WNW,47,5.7,,6
7/3/1998,1009.2,30.8,25.6,28.4,81,87,74,W,18,WNW,38,0.1,,7
7/4/1998,1010.6,31.3,26.9,29.4,77,83,73,W,10,WNW,16,0.0,,7
7/5/1998,1011.6,31.2,26.4,29.5,78,85,73,WNW,7,WNW,12,0.0,,5
7/6/1998,1011.7,31.9,27.4,29.9,78,82,75,WNW,8,WNW,12,0.0,,2
7/7/1998,1011.2,31.6,26.2,29.9,77,85,72,WSW,6,W,10,0.5,,7
7/8/1998,1009.7,31.7,26.9,29.8,77,83,72,WNW,9,WNW,17,0.1,,3
7/9/1998,1010.2,31.4,26.5,29.5,78,83,74,W,12,W,25,1.6,,7
7/10/1998,1010.0,31.4,27.6,29.8,76,82,71,WNW,14,WNW,21,0.0,,7
7/11/1998,1008.9,31.5,26.5,29.9,76,82,72,WNW,14,WNW,28,0.0,,3
7/12/1998,1008.9,31.2,25.4,29.8,79,83,74,WNW,14,WNW,25,0.4,,3
7/13/1998,1009.9,30.6,23.5,28.9,81,86,73,WNW,16,WNW,39,50.4,,7
7/14/1998,1011.2,29.4,25.2,26.8,84,96,74,WNW,19,NW,26,0.0,,8
7/15/1998,1011.5,30.4,25.8,28.9,76,79,75,NW,13,WNW,28,0.1,,7
7/16/1998,1010.3,30.8,25.0,29.4,76,79,72,NW,14,NNW,32,0.4,,5
7/17/1998,1010.2,29.4,25.1,27.6,81,88,76,NW,19,NW,27,11.2,,7
7/18/1998,1010.4,28.6,23.5,27.5,82,90,76,NW,15,WNW,40,12.0,,7
7/19/1998,1010.9,27.8,24.1,26.4,85,92,78,WNW,21,WNW,33,7.3,,8
7/20/1998,1009.7,30.6,24.3,28.5,75,81,70,WNW,14,WNW,34,1.1,,5
7/21/1998,1009.7,30.1,25.5,28.8,75,78,72,WNW,14,WNW,29,0.9,,3
7/22/1998,1009.9,30.2,24.6,28.6,79,83,76,WNW,14,WNW,27,11.2,,6
7/23/1998,1009.7,29.1,23.6,27.1,85,93,80,WNW,17,WNW,30,33.2,,7
7/24/1998,1010.2,28.4,23.4,26.8,84,90,79,WNW,19,WNW,29,21.7,,8
7/25/1998,1010.4,28.2,23.2,26.9,85,98,80,WNW,18,WNW,27,13.4,,8
7/26/1998,1009.9,30.8,24.2,29.2,78,83,75,W,10,WNW,20,3.2,,4
7/27/1998,1010.1,30.5,23.9,28.4,80,86,74,WNW,13,WNW,39,15.8,,7
7/28/1998,1009.6,30.2,26.4,28.2,83,85,79,WNW,13,WNW,22,0.6,,7
7/29/1998,1009.4,30.7,26.9,29.0,79,81,77,WNW,13,WNW,18,0.0,,7
7/30/1998,1009.4,31.1,26.7,29.5,80,86,76,W,9,WNW,14,0.0,,6
7/31/1998,1009.1,31.0,24.6,29.4,79,87,74,WNW,9,WNW,16,1.3,,3
8/1/1998,1009.7,30.0,23.9,27.7,83,90,73,NW,11,NW,24,0.7,,6
8/2/1998,1010.1,30.3,25.0,29.0,76,83,73,NW,14,NW,29,1.7,,7
8/3/1998,1011.6,29.4,24.1,26.8,86,93,72,NW,13,NW,22,25.6,,8
8/4/1998,1011.6,30.1,26.7,29.0,78,83,75,NW,13,NW,18,0.0,,3
8/5/1998,1011.5,30.2,26.6,29.0,78,80,76,NW,12,NW,17,0.0,,6
8/6/1998,1010.4,30.0,26.4,28.8,77,81,74,NW,11,NW,18,0.0,,7
8/7/1998,1010.4,30.0,26.7,28.6,79,83,74,WNW,14,NW,24,0.2,,7
8/8/1998,1010.7,30.0,25.7,28.8,79,80,78,WNW,13,NW,20,1.2,,7
8/9/1998,1009.7,29.9,26.5,28.5,81,85,76,NW,13,WNW,22,0.0,,7
8/10/1998,1009.5,31.2,26.7,29.3,77,80,74,WNW,13,WNW,20,0.1,,7
8/11/1998,1010.4,31.0,27.0,29.6,78,83,73,WNW,12,WNW,17,0.0,,4
8/12/1998,1009.9,30.4,22.8,29.3,76,82,71,WNW,12,NNW,29,16.8,,3
8/13/1998,1009.4,30.4,26.9,29.0,78,83,73,NW,14,NW,20,0.0,,5
8/14/1998,1009.5,30.2,26.7,29.1,77,83,74,NNW,14,NNW,18,0.0,,2
8/15/1998,1009.9,30.1,26.7,29.0,77,83,73,NNW,10,NNW,14,0.0,,4
8/16/1998,1011.3,30.6,26.5,28.9,78,84,75,WNW,7,NW,17,0.0,,7
8/17/1998,1010.5,31.3,26.4,29.2,76,81,73,WNW,7,WNW,11,0.4,,3
8/18/1998,1010.6,31.1,26.9,29.2,78,86,73,W,9,WNW,14,0.1,,4
8/19/1998,1010.6,30.4,24.6,28.6,82,86,78,WNW,9,NW,23,4.0,,6
8/20/1998,1009.1,30.3,24.7,28.2,82,90,77,WNW,11,NW,22,3.5,,6
8/21/1998,1009.1,29.2,23.8,27.4,85,89,82,NW,15,WNW,32,3.5,,7
8/22/1998,1007.7,30.5,23.5,28.0,82,87,77,WNW,16,NW,35,37.9,,7
8/23/1998,1008.1,29.3,23.9,26.5,90,98,86,NW,20,WNW,39,20.7,,8
8/24/1998,1008.8,30.6,26.2,28.6,81,92,75,WNW,17,NW,32,2.8,,5
8/25/1998,1009.9,30.4,26.6,28.9,80,86,75,WNW,12,WNW,20,0.0,,7
8/26/1998,1010.8,31.1,24.3,29.2,76,81,73,WNW,9,WNW,13,0.0,,6
8/27/1998,1011.7,31.4,25.7,28.8,79,90,73,VRB,3,W,9,0.0,,6
8/28/1998,1013.3,31.7,25.4,29.5,77,87,72,VRB,5,WSW,8,0.0,,2
8/29/1998,1013.1,30.7,26.8,29.0,76,83,73,VRB,5,NW,11,0.0,,1
8/30/1998,1011.8,30.6,26.5,29.2,75,81,70,WNW,9,WNW,14,0.0,,2
8/31/1998,1011.4,31.6,25.0,29.4,75,83,69,W,7,SW,24,0.0,,2
9/1/1998,1011.9,31.5,26.9,29.1,76,83,70,W,9,WSW,18,0.0,,6
9/2/1998,1012.0,31.4,26.1,29.3,76,86,70,WNW,7,WNW,18,0.2,,3
9/3/1998,1012.0,31.4,25.8,29.2,76,83,71,WNW,7,WNW,12,0.3,,4
9/4/1998,1011.6,31.0,22.8,28.2,83,92,76,WNW,9,WNW,32,42.4,,7
9/5/1998,1011.5,30.0,24.4,27.4,82,85,79,WNW,13,WNW,34,11.1,,7
9/6/1998,1011.6,30.3,24.5,28.1,81,87,74,NW,10,NW,31,1.5,,6
9/7/1998,1010.6,30.7,24.1,28.4,82,87,78,WNW,10,WNW,32,19.9,,7
9/8/1998,1011.6,29.4,23.9,26.8,87,93,80,W,11,WNW,29,22.4,,8
9/9/1998,1013.3,28.4,25.6,26.8,85,91,78,NW,12,WNW,24,0.1,,7
9/10/1998,1010.9,30.4,26.7,28.8,76,81,72,NW,10,WNW,14,0.0,,5
9/11/1998,1010.4,31.2,25.1,29.5,78,83,76,WNW,7,WNW,17,0.8,,3
9/12/1998,1011.5,30.7,25.0,28.4,78,88,70,WNW,9,W,21,1.2,,4
9/13/1998,1011.5,30.8,26.5,29.1,78,84,74,WNW,10,W,15,0.4,,3
9/14/1998,1011.2,31.0,26.8,29.5,77,81,71,WNW,9,W,17,0.0,,3
9/15/1998,1010.2,30.8,25.2,29.3,76,81,71,W,12,WNW,19,0.4,,4
9/16/1998,1009.9,30.6,24.9,28.3,82,83,78,W,12,WNW,27,7.1,,6
9/17/1998,1010.4,30.2,24.1,27.9,84,93,77,WNW,13,W,22,20.5,,5
9/18/1998,1010.3,29.6,23.4,27.9,85,92,80,NW,11,NNW,29,14.8,,7
9/19/1998,1010.2,28.9,22.9,26.4,88,93,85,NW,9,NNW,28,17.1,,7
9/20/1998,1009.4,30.9,25.1,29.2,78,87,74,WNW,12,W,24,1.2,,4
9/21/1998,1009.7,30.4,23.7,28.4,82,86,78,WNW,17,WNW,34,7.8,,6
9/22/1998,1010.7,29.4,24.7,28.4,81,83,77,WNW,18,WNW,24,2.6,,7
9/23/1998,1011.5,29.5,25.0,28.1,84,89,82,WNW,12,WNW,23,0.3,,7
9/24/1998,1011.6,30.3,24.5,27.7,83,87,78,NW,13,NNW,28,3.2,,7
9/25/1998,1011.5,30.7,26.8,28.9,79,86,74,NW,9,WNW,18,0.0,,6
9/26/1998,1010.8,30.2,26.9,29.0,77,83,74,WNW,13,W,20,0.0,,5
9/27/1998,1008.9,30.2,24.1,28.2,83,86,81,W,19,W,31,11.0,,6
9/28/1998,1008.8,29.9,25.9,27.7,81,89,75,WNW,19,W,30,0.0,,7
9/29/1998,1008.8,30.8,25.4,29.3,78,81,77,WNW,16,NW,25,3.2,,4
9/30/1998,1009.3,31.0,26.2,29.0,79,86,74,WNW,13,WNW,19,2.1,,7
10/1/1998,1010.5,30.9,26.7,29.2,77,84,73,WNW,9,WNW,13,0.0,,4
10/2/1998,1011.6,30.8,26.5,29.0,79,86,74,NW,8,NW,13,0.0,,6
10/3/1998,1011.6,30.4,24.1,28.9,79,83,74,NW,9,NW,21,0.0,,7
10/4/1998,1011.8,30.1,24.6,28.1,82,86,77,VRB,6,W,14,3.2,,7
10/5/1998,1010.8,31.0,26.7,29.1,77,87,70,WNW,9,WSW,14,0.0,,5
10/6/1998,1009.8,31.0,27.2,29.1,78,83,73,WSW,9,W,19,0.0,,4
10/7/1998,1009.5,30.9,24.9,28.8,76,84,70,WSW,12,WSW,29,2.4,,6
10/8/1998,1009.2,29.4,24.2,27.2,85,88,82,WSW,20,WSW,31,3.2,,7
10/9/1998,1008.4,29.5,24.0,27.5,82,86,79,WSW,21,W,32,13.0,,7
10/10/1998,1008.5,29.0,24.1,26.4,89,92,83,SW,22,WSW,33,24.3,,7
10/11/1998,1008.9,29.6,23.9,27.5,83,90,76,WSW,19,W,35,10.8,,7
10/12/1998,1009.8,28.8,24.6,27.2,85,90,79,SW,13,SW,26,2.2,,8
10/13/1998,1011.1,29.4,23.9,27.1,83,90,80,WSW,14,SSW,24,11.3,,7
10/14/1998,1010.8,30.1,23.4,28.6,82,86,78,WSW,11,WSW,15,0.2,,7
10/15/1998,1010.6,30.4,25.8,28.6,79,87,74,WSW,10,SW,24,0.0,,4
10/16/1998,1012.1,31.0,25.0,29.4,75,84,70,SW,8,SW,12,0.0,,3
10/17/1998,1014.1,31.4,26.4,29.4,77,84,72,VRB,5,WNW,13,0.0,,2
10/18/1998,1013.9,31.1,26.2,29.0,79,84,74,WNW,8,WNW,16,0.0,,3
10/19/1998,1012.2,30.4,26.7,29.0,79,83,74,WNW,11,NW,21,0.0,,2
10/20/1998,1011.4,30.0,26.3,28.9,75,81,73,NNW,11,NNW,20,0.0,,3
10/21/1998,1011.4,30.2,26.1,28.6,73,87,68,NNW,9,WNW,13,0.0,,2
10/22/1998,1011.6,29.8,25.6,28.5,68,78,56,NW,8,NW,13,0.0,,3
10/23/1998,1011.1,29.6,24.4,28.3,69,77,62,NNW,6,NNW,12,0.0,,5
10/24/1998,1012.1,30.0,25.6,28.5,69,75,65,VRB,4,NNW,7,0.0,,1
10/25/1998,1013.5,30.4,26.0,28.4,72,79,68,VRB,4,NNW,8,0.0,,7
10/26/1998,1013.1,30.6,26.4,28.8,73,80,66,NNW,7,NNW,17,0.0,,7
10/27/1998,1012.1,30.7,26.5,28.8,74,81,68,NW,9,NW,14,0.0,,6
10/28/1998,1012.6,30.9,26.8,29.0,75,83,70,NW,11,NW,17,0.0,,6
10/29/1998,1011.5,30.0,23.7,27.1,87,95,75,W,11,WNW,28,44.8,,7
10/30/1998,1010.7,30.4,23.9,27.5,87,93,81,WNW,14,WNW,26,45.3,,7
10/31/1998,1010.8,29.8,26.0,27.8,79,86,75,WNW,12,WNW,18,0.0,,7
11/1/1998,1011.4,30.9,26.4,28.9,74,84,70,WNW,8,NW,19,0.0,,3
11/2/1998,1011.4,30.6,24.1,28.9,75,84,69,WNW,11,W,20,6.6,,2
11/3/1998,1011.2,29.8,25.4,27.9,80,89,73,WNW,12,W,21,0.0,,6
11/4/1998,1011.2,30.1,26.4,28.6,70,80,65,WNW,13,W,23,0.0,,3
11/5/1998,1010.6,30.0,24.4,28.1,77,83,68,WNW,17,NNW,31,0.1,,5
11/6/1998,1009.3,30.4,25.6,28.2,81,86,77,WNW,12,WNW,19,0.0,,5
11/7/1998,1008.5,30.2,26.4,28.7,81,83,78,WNW,7,NW,14,0.0,,6
11/8/1998,1009.1,31.1,25.2,28.4,84,89,77,SW,8,WSW,23,0.1,,7
11/9/1998,1010.2,28.4,23.9,26.2,88,91,83,W,15,WNW,27,42.6,,7
11/10/1998,1011.0,28.9,25.4,27.4,87,89,84,WSW,7,W,14,0.0,,7
11/11/1998,1011.3,30.4,25.6,28.7,78,87,74,VRB,3,WNW,8,0.0,,2
11/12/1998,1011.7,30.4,24.2,28.8,80,92,74,VRB,5,W,10,19.4,,1
11/13/1998,1010.3,30.6,25.1,28.4,83,87,80,W,10,WNW,19,0.2,,4
11/14/1998,1010.2,29.0,25.0,26.8,89,92,83,WNW,12,WNW,16,0.0,,7
11/15/1998,1010.6,30.6,24.7,28.5,78,82,73,WNW,11,WNW,17,2.4,,4
11/16/1998,1010.9,30.2,22.7,28.1,79,83,73,WSW,7,W,19,12.4,,3
11/17/1998,1011.1,29.6,23.5,26.9,84,90,78,WNW,7,W,22,2.8,,6
11/18/1998,1011.1,30.8,25.7,28.9,78,86,74,W,7,WNW,11,0.0,,6
11/19/1998,1011.6,30.4,24.9,28.2,79,89,76,W,7,WSW,16,0.2,,6
11/20/1998,1011.4,30.2,26.0,28.6,79,90,71,NW,6,NW,13,0.0,,3
11/21/1998,1011.2,30.3,22.8,28.7,77,89,69,VRB,5,NW,11,0.0,,1
11/22/1998,1010.8,30.0,20.3,28.2,73,88,68,VRB,3,NW,11,0.0,,3
11/23/1998,1011.5,29.9,21.3,27.1,78,93,68,VRB,2,N,8,0.0,,4
11/24/1998,1012.3,30.2,21.8,28.2,76,93,70,VRB,3,NE,8,0.0,,3
11/25/1998,1012.7,29.9,25.4,27.8,79,95,72,VRB,2,CALM,6,0.0,,2
11/26/1998,1012.4,30.6,24.5,28.8,76,84,71,N,8,N,14,0.0,,2
11/27/1998,1012.0,30.2,24.4,28.6,76,81,71,VRB,5,N,12,0.0,,3
11/28/1998,1011.0,30.7,24.6,28.9,75,87,67,VRB,3,NW,8,0.0,,2
11/29/1998,1012.0,30.6,23.9,28.7,77,84,73,VRB,5,NNW,11,0.0,,2
11/30/1998,1013.5,30.4,26.3,28.9,77,86,70,VRB,4,NW,13,0.0,,1
12/1/1998,1013.7,30.7,25.0,28.9,75,83,70,NNW,7,NW,12,0.0,,3
12/2/1998,1012.6,30.7,26.4,28.8,75,86,69,VRB,5,NNW,12,0.1,,2
12/3/1998,1012.6,29.0,23.2,26.5,86,93,81,VRB,4,NNW,16,33.5,,6
12/4/1998,1013.0,30.5,24.2,28.1,80,95,73,VRB,2,N,8,0.0,,3
12/5/1998,1012.5,30.7,25.0,28.6,81,93,77,VRB,3,NW,8,0.0,,3
12/6/1998,1012.6,30.1,24.2,28.2,83,89,79,VRB,4,NE,19,1.2,,7
12/7/1998,1011.2,29.9,23.2,27.8,85,93,79,VRB,1,SSE,21,21.7,,7
12/8/1998,1011.1,28.8,23.0,26.2,88,96,79,SE,7,ESE,22,12.9,,7
12/9/1998,1010.2,28.6,23.9,26.4,87,93,81,N,6,S,15,7.4,,7
12/10/1998,1009.6,30.0,24.5,26.8,88,93,82,SW,8,WSW,29,12.8,,7
12/11/1998,1009.1,28.0,23.9,26.7,89,92,86,SW,12,SW,24,22.7,,7
12/12/1998,1009.5,27.6,22.9,25.5,93,95,90,S,9,SSW,32,42.1,,8
12/13/1998,1011.2,27.4,23.1,25.5,91,96,87,S,17,WSW,32,83.3,,7
12/14/1998,1012.7,27.9,22.9,25.1,90,95,83,W,9,W,28,16.2,,7
12/15/1998,1012.3,30.7,22.6,27.5,85,93,75,WSW,7,W,21,17.7,,6
12/16/1998,1012.9,29.6,25.2,27.4,86,95,79,NW,7,NW,15,0.1,,6
12/17/1998,1012.7,30.0,24.0,28.8,79,83,74,NW,9,NNW,23,14.9,,6
12/18/1998,1012.0,30.0,24.9,27.8,84,93,77,VRB,2,SSE,12,0.0,,4
12/19/1998,1012.0,30.4,23.9,28.3,81,90,75,VRB,5,SSE,15,0.0,,2
12/20/1998,1011.0,30.5,24.0,28.6,80,90,75,VRB,3,SW,15,0.0,,2
12/21/1998,1010.6,31.4,23.9,28.3,79,90,71,CALM,0,CALM,5,0.1,,3
12/22/1998,1011.6,30.1,24.0,27.5,82,91,74,VRB,3,NNW,16,0.6,,5
12/23/1998,1011.5,29.6,23.6,27.0,81,84,79,NNE,7,NNE,17,0.0,,6
12/24/1998,1012.8,29.9,23.4,28.0,73,84,66,NE,7,NE,16,0.0,,2
12/25/1998,1013.4,30.0,21.9,28.4,78,88,70,NE,6,NE,12,0.0,,4
12/26/1998,1012.7,30.1,20.7,27.8,75,96,64,VRB,5,ENE,10,0.0,,2
12/27/1998,1013.3,30.4,21.9,27.9,67,96,54,VRB,2,NE,8,0.0,,1
12/28/1998,1013.4,29.2,22.9,27.0,78,90,72,VRB,4,N,11,14.2,,5
12/29/1998,1013.8,27.9,21.6,24.5,93,98,90,VRB,5,NE,19,59.1,,7
12/30/1998,1011.5,29.0,22.6,27.1,85,91,82,VRB,5,S,19,2.9,,7
12/31/1998,1011.3,29.5,24.4,27.3,86,98,80,VRB,2,E,13,4.8,,7
1/1/1999,1012.6,29.1,23.0,27.2,83,95,75,VRB,4,NW,21,24.0,,6
1/2/1999,1011.8,29.4,24.1,26.4,85,98,76,N,8,NE,20,3.2,,6
1/3/1999,1010.3,29.7,23.9,28.1,79,87,73,N,8,N,15,0.0,,6
1/4/1999,1009.5,30.6,23.1,28.3,77,93,70,VRB,2,NE,11,0.0,,3
1/5/1999,1009.8,29.8,23.9,27.2,81,96,70,VRB,1,NE,12,0.0,,2
1/6/1999,1009.5,30.0,23.6,28.0,79,85,74,N,6,N,15,0.0,,1
1/7/1999,1009.9,30.1,24.9,27.7,78,83,73,N,6,N,18,0.3,,6
1/8/1999,1010.1,30.0,24.1,28.0,75,82,69,N,11,N,20,0.0,,6
1/9/1999,1009.9,30.2,23.0,28.4,76,90,72,NE,7,NE,12,0.0,,2
1/10/1999,1011.5,30.4,23.1,27.9,74,87,67,NE,6,N,13,0.0,,2
1/11/1999,1011.7,30.3,23.4,28.3,69,75,64,VRB,3,NNW,15,8.2,,1
1/12/1999,1012.1,29.1,22.9,26.9,79,90,71,NNW,7,NNW,13,0.0,,7
1/13/1999,1011.1,30.1,26.0,28.2,76,90,70,NE,6,ENE,14,0.0,,3
1/14/1999,1011.7,30.4,24.2,28.5,75,80,70,ENE,9,NE,17,0.0,,5
1/15/1999,1012.2,30.6,23.2,28.6,76,87,70,NE,8,NE,14,0.0,,7
1/16/1999,1013.2,30.5,23.0,27.8,80,93,71,VRB,4,N,12,0.0,,7
1/17/1999,1012.6,30.4,26.0,28.1,80,98,71,VRB,5,ENE,16,0.0,,6
1/18/1999,1011.1,31.0,24.0,28.8,74,78,71,VRB,6,E,11,0.0,,4
1/19/1999,1010.8,31.4,24.2,28.4,79,93,73,NE,6,NE,12,0.0,,6
1/20/1999,1011.4,30.4,25.0,28.6,76,90,67,VRB,5,N,10,0.0,,5
1/21/1999,1012.3,30.5,24.5,28.8,74,81,70,N,7,N,10,0.0,,6
1/22/1999,1012.3,30.6,23.1,28.8,74,88,65,N,6,N,11,0.0,,6
1/23/1999,1011.0,30.5,23.4,28.5,72,82,66,N,7,N,12,0.0,,4
1/24/1999,1012.2,29.8,23.4,27.5,77,87,71,VRB,6,N,12,0.0,,6
1/25/1999,1012.6,31.2,24.2,28.2,77,83,73,N,6,N,12,0.0,,6
1/26/1999,1011.5,30.4,22.8,28.0,83,93,78,N,7,NNW,13,0.0,,4
1/27/1999,1010.5,30.2,20.0,27.8,79,96,71,VRB,5,NE,11,0.0,,3
1/28/1999,1011.5,30.2,23.5,27.3,70,89,64,VRB,5,N,9,0.0,,1
1/29/1999,1011.8,29.9,22.9,28.1,68,78,63,N,8,N,16,0.0,,2
1/30/1999,1011.1,30.0,23.1,27.9,68,85,62,NNW,6,N,12,0.0,,2
1/31/1999,1009.9,30.2,25.2,28.2,69,74,63,N,6,N,13,0.0,,2
2/1/1999,1010.5,30.4,24.6,28.5,73,80,67,N,7,E,22,0.0,,2
2/2/1999,1011.0,30.6,26.1,28.5,77,88,69,VRB,6,E,15,0.0,,3
2/3/1999,1011.6,30.7,25.2,28.8,74,78,69,ESE,7,ESE,14,0.0,,2
2/4/1999,1012.3,31.4,26.6,29.2,77,83,70,E,7,SE,15,0.0,,3
2/5/1999,1013.7,31.6,24.4,29.3,76,83,71,SE,6,ESE,14,0.0,,2
2/6/1999,1013.0,31.0,25.5,28.0,77,90,70,VRB,5,N,9,0.0,,2
2/7/1999,1013.6,31.4,24.0,29.1,73,78,70,N,7,N,12,0.0,,2
2/8/1999,1013.6,30.4,24.6,27.7,81,90,76,N,8,E,15,1.2,,4
2/9/1999,1012.2,31.0,24.2,28.6,76,92,69,N,6,N,9,0.0,,3
2/10/1999,1011.0,31.3,24.5,28.7,76,88,70,VRB,3,NNW,16,0.0,,2
2/11/1999,1012.0,32.0,23.4,29.2,75,92,68,NE,7,NE,13,0.0,,3
2/12/1999,1014.3,31.4,26.0,28.7,76,91,69,VRB,4,N,12,0.0,,2
2/13/1999,1013.9,31.6,24.5,29.3,69,80,64,VRB,6,NE,10,0.0,,2
2/14/1999,1012.0,30.6,24.7,28.6,75,90,69,VRB,5,N,12,0.0,,2
2/15/1999,1012.0,32.2,23.5,29.2,75,91,66,VRB,4,E,15,0.0,,2
2/16/1999,1013.5,31.8,25.1,28.9,74,90,67,VRB,3,ENE,10,0.0,,2
2/17/1999,1013.2,31.6,25.3,29.3,77,90,71,N,7,N,15,0.0,,1
2/18/1999,1012.6,31.4,25.4,29.4,75,86,68,N,6,N,13,0.0,,2
2/19/1999,1012.0,31.4,24.4,27.8,82,90,74,VRB,3,ESE,19,6.4,,4
2/20/1999,1011.2,30.4,24.2,27.5,82,93,66,N,6,ESE,18,2.6,,5
2/21/1999,1010.0,31.7,26.4,28.5,80,90,71,VRB,5,E,24,2.8,,3
2/22/1999,1012.8,30.4,25.2,28.5,80,86,76,E,15,E,25,13.5,,6
2/23/1999,1013.1,30.9,22.5,27.0,80,88,70,E,9,SE,27,12.4,,6
2/24/1999,1012.1,31.4,23.4,29.2,78,83,74,ENE,8,ENE,15,0.0,,2
2/25/1999,1011.8,30.7,22.8,28.1,80,96,71,VRB,4,NNW,9,0.0,,1
2/26/1999,1011.6,31.4,24.4,27.8,81,98,68,VRB,3,NE,8,0.0,,1
2/27/1999,1011.0,31.2,24.2,28.6,76,90,64,VRB,3,NE,13,0.0,,3
2/28/1999,1011.0,31.8,24.3,29.0,77,90,71,VRB,3,NNE,14,1.2,,4
3/1/1999,1010.8,31.6,25.2,28.9,81,93,70,VRB,5,ESE,22,2.4,,4
3/2/1999,1009.8,31.6,24.0,29.5,76,80,74,ENE,8,NE,15,0.0,,6
3/3/1999,1009.2,32.1,24.2,29.1,80,95,73,VRB,6,NE,14,0.0,,2
3/4/1999,1009.0,31.4,23.2,29.1,75,90,68,N,6,N,14,0.0,,2
3/5/1999,1008.3,31.7,22.5,28.8,77,96,69,VRB,5,NE,12,0.0,,3
3/6/1999,1007.5,31.5,23.0,28.4,76,95,68,CALM,0,CALM,5,0.0,,1
3/7/1999,1007.7,31.7,23.2,28.7,74,93,65,VRB,4,N,10,0.0,,1
3/8/1999,1007.6,31.4,23.5,28.5,77,93,70,CALM,0,CALM,5,0.0,,2
3/9/1999,1007.8,31.8,24.5,29.5,74,93,65,VRB,3,NNW,10,0.0,,2
3/10/1999,1008.5,31.7,28.0,29.5,74,84,69,VRB,5,NNW,13,0.0,,1
3/11/1999,1008.1,31.1,27.4,29.5,75,81,73,NNW,9,N,16,0.0,,5
3/12/1999,1008.3,31.4,27.4,29.7,74,79,67,NNW,7,NNW,14,0.0,,3
3/13/1999,1008.8,31.4,25.8,29.8,73,83,67,NNW,6,NNW,13,0.0,,2
3/14/1999,1008.6,31.8,24.5,29.7,74,81,68,VRB,5,NNW,14,0.0,,2
3/15/1999,1008.3,31.5,24.8,29.2,75,90,67,NNW,6,NNW,13,0.0,,2
3/16/1999,1007.5,31.6,25.8,29.1,78,93,72,VRB,1,NW,7,0.0,,5
3/17/1999,1008.5,32.4,27.4,30.1,76,89,68,VRB,4,SSE,12,0.0,,7
3/18/1999,1009.5,31.9,27.4,29.9,77,83,72,NNW,6,NNW,15,0.0,,7
3/19/1999,1008.7,32.0,27.6,30.2,76,81,70,N,7,NNW,15,0.0,,7
3/20/1999,1008.4,31.8,27.7,29.7,74,80,68,VRB,5,NNW,12,0.0,,7
3/21/1999,1008.4,31.8,28.0,30.1,72,77,68,VRB,5,NW,12,0.0,,3
3/22/1999,1009.5,31.9,28.0,30.0,71,76,66,NW,8,NW,15,0.0,,5
3/23/1999,1010.0,32.0,25.0,30.1,70,75,65,NNW,7,NNW,13,0.0,,7
3/24/1999,1010.9,31.5,26.4,29.1,77,90,71,VRB,4,NNW,11,0.0,,6
3/25/1999,1010.9,32.1,25.4,29.9,74,86,65,VRB,5,N,12,0.0,,5
3/26/1999,1010.4,31.7,27.9,29.6,74,89,66,VRB,3,NW,11,0.0,,2
3/27/1999,1010.4,32.1,28.0,30.1,72,79,68,NW,9,NW,16,0.0,,3
3/28/1999,1010.3,32.1,27.5,30.2,70,76,66,WNW,9,WNW,14,0.0,,2
3/29/1999,1009.8,31.8,27.6,30.0,71,79,67,NW,7,NW,13,0.0,,3
3/30/1999,1009.8,32.1,27.4,30.2,72,82,68,VRB,2,NW,7,0.0,,4
3/31/1999,1010.0,32.0,27.4,30.2,71,79,65,VRB,2,NW,11,0.0,,1
4/1/1999,1009.7,32.1,28.1,30.3,72,78,65,NW,7,NW,15,0.0,,4
4/2/1999,1009.6,32.4,28.3,30.4,72,79,68,NW,7,NNW,13,0.0,,2
4/3/1999,1009.9,32.4,25.0,30.4,72,80,66,NNW,6,NNW,10,0.0,,5
4/4/1999,1010.5,32.8,25.4,29.9,74,90,66,VRB,1,CALM,5,0.0,,3
4/5/1999,1010.8,33.2,28.3,30.4,74,87,67,VRB,2,SW,15,0.0,,3
4/6/1999,1010.9,33.0,27.0,30.4,73,79,67,WSW,9,WNW,17,0.0,,5
4/7/1999,1009.3,32.4,25.8,29.6,77,85,74,WNW,11,NW,20,2.6,,7
4/8/1999,1010.0,31.6,23.8,30.1,75,83,70,WNW,15,E,24,1.6,,7
4/9/1999,1010.9,31.4,27.8,29.6,75,80,73,WNW,13,WNW,20,0.0,,7
4/10/1999,1010.4,32.4,28.1,30.5,73,75,70,WNW,11,WNW,16,0.0,,4
4/11/1999,1010.7,31.8,28.4,30.2,73,76,71,WNW,13,WNW,20,0.0,,5
4/12/1999,1011.2,32.1,28.2,30.1,76,82,72,WNW,12,WNW,21,1.2,,7
4/13/1999,1011.6,31.4,28.2,30.1,73,75,67,WNW,14,WNW,21,0.0,,7
4/14/1999,1011.3,31.4,28.4,30.2,71,78,65,WNW,15,WNW,21,0.0,,3
4/15/1999,1010.4,31.3,28.2,29.9,75,82,69,WNW,11,WNW,16,0.2,,7
4/16/1999,1010.3,31.8,28.1,30.2,74,79,70,NW,9,WNW,14,0.0,,5
4/17/1999,1010.6,31.3,28.2,29.8,73,79,68,NW,11,NW,17,0.0,,7
4/18/1999,1010.2,30.4,27.8,29.3,77,79,75,WNW,12,WNW,19,0.0,,7
4/19/1999,1009.5,30.8,28.0,29.6,77,82,74,WNW,12,WNW,19,0.0,,5
4/20/1999,1010.1,31.4,28.1,29.8,74,80,68,WNW,13,NW,18,0.0,,4
4/21/1999,1011.5,31.6,28.2,30.0,74,80,67,WNW,13,WNW,20,0.0,,6
4/22/1999,1011.5,31.4,27.6,29.8,73,79,69,WNW,14,WNW,21,0.0,,7
4/23/1999,1008.9,31.2,27.4,29.7,74,79,68,WNW,15,WNW,20,0.0,,3
4/24/1999,1008.7,31.2,26.8,29.5,72,82,65,WSW,11,W,16,0.0,,7
4/25/1999,1010.1,30.9,26.7,29.4,67,83,59,WSW,9,WSW,13,0.0,,2
4/26/1999,1010.2,32.1,27.0,30.0,68,86,60,W,7,WNW,12,0.0,,4
4/27/1999,1010.0,31.4,27.5,29.6,73,86,67,WSW,9,WSW,14,0.0,,2
4/28/1999,1010.7,31.9,27.2,29.8,70,77,65,WSW,9,WSW,15,0.0,,2
4/29/1999,1010.8,32.0,27.0,30.0,72,83,65,WSW,8,WSW,16,0.0,,2
4/30/1999,1009.1,32.2,27.2,29.6,75,87,68,WSW,9,WSW,15,0.0,,7
5/1/1999,1010.7,31.9,27.4,29.9,75,83,71,W,9,WNW,15,1.6,,5
5/2/1999,1010.3,32.2,28.0,29.9,79,87,70,NW,7,NNW,16,0.0,,6
5/3/1999,1009.2,31.8,27.6,30.1,77,85,71,NNW,9,NNW,16,0.0,,5
5/4/1999,1009.3,31.8,27.9,30.1,72,79,67,WNW,7,WNW,15,0.0,,3
5/5/1999,1009.6,32.3,26.4,30.4,75,83,69,WNW,8,WNW,17,0.0,,5
5/6/1999,1009.8,31.6,24.4,29.2,79,85,73,N,8,N,23,8.9,,7
5/7/1999,1009.4,30.4,24.9,28.2,78,86,72,WSW,11,WSW,25,0.3,,7
5/8/1999,1010.2,31.6,26.5,29.5,75,82,68,W,12,WNW,23,0.0,,4
5/9/1999,1010.6,31.9,26.3,29.6,75,81,67,WNW,7,WSW,16,0.1,,5
5/10/1999,1010.3,30.1,24.9,27.5,83,87,74,WSW,10,WNW,24,3.4,,7
5/11/1999,1009.1,30.7,23.9,29.0,80,83,77,SW,11,WNW,26,24.0,,7
5/12/1999,1009.9,29.4,24.4,27.3,86,96,76,WSW,12,W,29,16.1,,7
5/13/1999,1010.0,30.2,24.6,27.1,86,96,75,WNW,13,WNW,30,17.0,,7
5/14/1999,1007.9,29.3,24.2,27.3,87,92,80,WNW,13,W,29,22.8,,7
5/15/1999,1006.6,29.1,24.9,26.9,89,93,83,W,12,WNW,30,11.7,,7
5/16/1999,1007.0,29.4,24.8,27.1,86,95,80,WSW,18,WNW,35,20.6,,7
5/17/1999,1008.3,31.1,25.3,29.0,79,86,76,WSW,10,SW,24,3.8,,6
5/18/1999,1010.1,31.2,26.8,29.4,78,89,73,SW,9,SSW,15,0.0,,4
5/19/1999,1011.1,31.3,27.4,29.4,79,83,73,WSW,8,WSW,16,0.0,,4
5/20/1999,1010.8,30.4,24.1,28.1,85,90,82,WSW,7,WNW,28,30.3,,7
5/21/1999,1010.7,28.9,24.5,26.6,89,96,79,WNW,10,WNW,33,2.0,,7
5/22/1999,1010.0,30.6,25.4,29.1,80,83,74,W,11,WSW,26,0.9,,7
5/23/1999,1010.5,30.1,26.5,28.9,78,80,74,WSW,13,WNW,25,0.0,,7
5/24/1999,1009.9,30.4,23.4,28.7,80,81,78,WSW,16,W,35,22.2,,7
5/25/1999,1009.3,29.4,22.9,26.7,89,98,78,WNW,16,WNW,38,38.9,,7
5/26/1999,1009.4,28.1,23.4,26.3,88,93,84,W,19,WNW,34,15.8,,7
5/27/1999,1010.7,30.1,24.5,28.3,80,85,77,W,15,WNW,27,5.4,,7
5/28/1999,1011.0,29.1,24.4,26.8,87,92,80,W,14,W,33,27.8,,7
5/29/1999,1010.3,28.4,24.2,25.8,90,92,85,W,16,WNW,30,41.9,,8
5/30/1999,1010.7,29.1,24.6,27.8,82,86,79,W,13,W,30,5.5,,7
5/31/1999,1011.7,30.0,26.7,28.6,82,87,78,WNW,9,WNW,16,0.0,,6
6/1/1999,1012.0,31.2,26.8,29.3,79,87,73,VRB,6,W,15,0.0,,4
6/2/1999,1012.9,30.8,26.5,29.2,77,83,73,W,8,W,15,0.0,,6
6/3/1999,1012.2,31.0,27.0,29.3,77,87,73,WNW,9,WNW,15,0.0,,2
6/4/1999,1012.0,30.6,25.4,29.2,75,81,71,WSW,7,NW,19,6.8,,2
6/5/1999,1011.8,30.2,24.5,27.9,83,90,73,WNW,12,WNW,26,11.1,,7
6/6/1999,1011.7,29.4,25.0,27.6,83,86,80,WSW,11,WSW,25,1.8,,7
6/7/1999,1011.7,30.0,23.5,26.8,84,96,75,W,14,W,27,21.0,,6
6/8/1999,1011.3,29.6,24.1,28.0,84,87,81,W,14,WNW,32,9.3,,7
6/9/1999,1010.1,30.0,23.8,28.1,80,86,76,WNW,17,WNW,39,9.4,,7
6/10/1999,1010.8,29.8,24.4,28.0,82,86,76,W,18,W,28,2.4,,7
6/11/1999,1011.4,28.8,23.6,26.1,90,98,86,WSW,19,WSW,36,16.9,,8
6/12/1999,1010.8,29.0,23.5,26.8,86,93,80,W,20,WNW,34,21.8,,7
6/13/1999,1011.1,28.6,24.0,26.7,83,90,79,W,18,WSW,28,7.0,,6
6/14/1999,1011.9,29.2,24.1,27.5,84,87,79,W,15,WNW,29,12.4,,5
6/15/1999,1011.5,29.7,24.3,27.2,86,90,81,W,14,W,30,4.6,,7
6/16/1999,1010.2,29.9,25.8,28.6,80,84,77,W,10,W,21,1.2,,7
6/17/1999,1009.3,30.1,26.6,28.8,80,83,77,W,9,W,16,0.0,,3
6/18/1999,1009.3,30.1,26.4,28.8,78,84,76,WSW,10,WSW,15,0.0,,4
6/19/1999,1009.5,30.8,25.8,29.1,77,84,71,SSW,9,SSW,15,0.0,,3
6/20/1999,1010.1,30.7,25.1,28.9,77,87,72,SSW,6,WSW,10,0.0,,2
6/21/1999,1012.6,30.6,26.6,28.9,80,87,74,VRB,4,WNW,16,0.0,,6
6/22/1999,1011.5,31.2,26.4,29.4,79,87,73,W,8,W,15,0.0,,4
6/23/1999,1011.8,30.8,25.8,29.4,79,87,74,W,9,W,16,0.0,,3
6/24/1999,1012.1,30.9,25.1,29.4,78,87,73,WNW,8,W,15,0.0,,6
6/25/1999,1010.8,31.0,26.6,29.0,78,86,73,VRB,5,NW,11,0.0,,7
6/26/1999,1009.8,30.8,27.2,29.5,76,83,73,VRB,6,NW,12,0.0,,2
6/27/1999,1010.6,30.9,27.0,29.3,76,86,73,WNW,9,WNW,14,0.0,,7
6/28/1999,1011.5,31.0,26.8,29.5,76,86,70,NW,7,NW,12,0.0,,6
6/29/1999,1011.6,30.7,26.0,29.2,75,86,66,VRB,5,WNW,16,2.1,,6
6/30/1999,1012.2,30.9,27.0,29.4,72,83,68,WNW,9,WNW,13,0.0,,1
7/1/1999,1011.4,31.0,26.9,29.3,75,83,70,W,9,WSW,15,0.0,,2
7/2/1999,1009.4,30.7,25.4,29.2,76,80,71,W,10,WNW,18,3.2,,5
7/3/1999,1009.3,30.9,23.2,28.6,78,83,74,WNW,10,WNW,37,40.2,,6
7/4/1999,1009.7,30.2,23.0,27.6,83,92,76,WNW,16,WNW,46,65.2,,7
7/5/1999,1010.0,28.4,23.2,26.0,89,96,83,WNW,19,WNW,38,39.7,,7
7/6/1999,1009.1,28.6,23.3,26.5,88,90,83,W,18,WNW,38,31.1,,7
7/7/1999,1009.9,28.7,22.6,26.7,86,89,83,WNW,16,WNW,39,65.5,,7
7/8/1999,1010.9,27.8,24.0,26.3,90,95,86,WNW,15,NW,38,4.0,,8
7/9/1999,1010.1,28.5,26.4,27.4,84,91,79,NW,16,NW,27,0.1,,7
7/10/1999,1011.1,30.4,25.2,28.5,79,83,75,WNW,12,NW,21,2.1,,3
7/11/1999,1010.7,30.2,26.9,29.1,78,87,75,NW,10,NW,15,0.0,,4
7/12/1999,1011.3,30.4,26.6,29.1,79,89,73,WNW,8,WNW,14,0.0,,6
7/13/1999,1011.9,30.5,26.4,29.0,78,84,75,WNW,9,NW,15,0.0,,7
7/14/1999,1011.3,30.2,26.5,28.6,79,83,75,WNW,9,NW,14,0.0,,7
7/15/1999,1011.0,30.4,26.6,28.8,79,86,75,WSW,10,SW,15,0.0,,6
7/16/1999,1009.1,29.9,26.5,28.7,80,83,75,SW,11,SW,24,2.2,,6
7/17/1999,1009.0,30.8,25.2,28.9,80,87,74,SW,13,SSW,21,4.3,,7
7/18/1999,1010.2,28.7,23.5,26.1,90,93,87,WNW,9,WNW,30,39.4,,8
7/19/1999,1010.2,31.0,25.8,29.1,79,89,73,W,9,W,21,0.7,,5
7/20/1999,1010.6,30.4,25.8,28.6,80,86,77,SW,9,SW,28,1.6,,7
7/21/1999,1011.4,30.4,24.0,28.2,82,86,79,WNW,10,WNW,29,5.8,,6
7/22/1999,1011.2,30.3,25.7,28.2,84,89,81,WNW,11,W,28,0.0,,7
7/23/1999,1011.3,30.2,25.0,27.9,85,90,81,WNW,14,WNW,27,0.1,,7
7/24/1999,1010.9,30.3,26.9,28.7,81,84,75,WNW,11,WNW,16,0.0,,7
7/25/1999,1011.3,29.4,22.9,26.8,86,92,82,WNW,11,WNW,33,47.9,,7
7/26/1999,1011.7,28.4,25.0,27.1,86,90,79,WNW,16,WNW,30,3.3,,7
7/27/1999,1011.7,30.2,27.1,28.8,81,83,77,WNW,13,WNW,21,0.0,,7
7/28/1999,1011.4,30.6,25.7,29.1,79,83,74,WNW,14,WNW,29,0.9,,6
7/29/1999,1010.1,30.4,26.0,28.9,77,83,74,WNW,15,WNW,22,0.5,,3
7/30/1999,1009.0,30.2,24.7,28.8,78,87,74,WNW,18,WNW,29,6.4,,4
7/31/1999,1009.7,30.0,24.9,28.7,80,83,77,WNW,17,WNW,23,0.4,,7
8/1/1999,1011.0,29.8,25.1,28.1,80,83,78,WNW,16,WNW,30,0.2,,7
8/2/1999,1010.3,29.6,24.7,28.5,79,83,75,WNW,13,WNW,25,2.8,,7
8/3/1999,1010.0,29.8,24.5,28.2,77,84,73,WNW,12,NW,31,1.8,,4
8/4/1999,1010.9,30.4,27.0,28.9,77,86,70,WNW,8,WNW,13,0.0,,6
8/5/1999,1011.6,30.6,25.6,28.9,76,83,71,WNW,8,WNW,19,0.1,,4
8/6/1999,1011.3,30.2,25.8,28.9,78,86,71,WSW,8,WSW,14,0.1,,5
8/7/1999,1010.8,30.4,26.7,28.9,77,83,73,WSW,9,WSW,15,0.0,,6
8/8/1999,1010.4,30.7,26.8,29.2,77,83,73,W,8,W,13,0.0,,7
8/9/1999,1010.2,30.6,25.8,29.2,74,83,70,WSW,9,WSW,14,0.0,,3
8/10/1999,1011.6,30.9,23.4,28.7,79,92,71,VRB,4,NW,28,16.2,,5
8/11/1999,1012.0,30.4,23.4,27.1,83,92,76,VRB,5,NW,28,16.3,,7
8/12/1999,1011.1,30.3,23.2,27.7,82,92,75,NW,8,NW,27,26.1,,6
8/13/1999,1010.6,29.4,22.7,26.8,84,93,76,VRB,5,WNW,28,85.1,,7
8/14/1999,1011.2,29.4,24.5,27.0,82,93,73,VRB,4,WNW,20,0.0,,7
8/15/1999,1012.1,29.7,23.2,28.2,79,83,75,NW,8,NW,28,42.9,,6
8/16/1999,1011.9,29.0,23.9,26.2,89,95,83,NW,15,NW,25,10.8,,7
8/17/1999,1009.8,29.4,22.8,27.9,82,90,76,NW,17,WNW,31,96.4,,7
8/18/1999,1011.9,28.6,23.6,26.0,85,93,80,NW,18,NW,32,37.6,,7
8/19/1999,1012.6,27.8,22.8,24.7,94,96,92,WNW,15,NNW,26,58.8,,8
8/20/1999,1011.5,28.3,25.0,27.3,86,89,83,NW,11,WNW,19,6.6,,7
8/21/1999,1010.3,29.6,24.0,28.2,82,89,76,WNW,11,NNW,27,4.5,,7
8/22/1999,1011.0,28.4,24.0,26.3,88,90,84,NW,10,NW,20,5.6,,7
8/23/1999,1011.5,29.6,25.1,28.2,80,87,74,NW,11,NW,28,9.4,,7
8/24/1999,1011.4,30.0,23.9,27.8,83,92,72,NW,13,NW,26,19.4,,5
8/25/1999,1011.1,29.6,25.4,27.9,82,87,80,WNW,11,WNW,14,1.8,,7
8/26/1999,1011.7,30.0,25.0,28.5,81,86,76,W,7,WNW,13,0.0,,6
8/27/1999,1012.5,30.4,25.2,28.6,77,87,73,SW,6,WSW,27,0.1,,5
8/28/1999,1012.5,30.2,23.9,27.2,82,93,74,NW,9,WNW,14,8.6,,7
8/29/1999,1012.1,29.8,25.6,28.2,81,85,77,NW,7,NW,21,3.2,,7
8/30/1999,1011.9,30.2,24.8,28.5,80,87,76,NW,7,NW,22,1.6,,6
8/31/1999,1012.3,29.4,24.0,27.1,83,92,78,NW,10,WNW,22,18.2,,7
9/1/1999,1011.9,30.6,25.4,29.0,77,83,74,WNW,7,W,24,0.1,,5
9/2/1999,1012.3,29.8,26.8,28.8,77,86,73,WSW,8,W,14,0.0,,5
9/3/1999,1012.7,30.4,26.8,29.0,76,83,71,WSW,7,W,18,0.0,,4
9/4/1999,1012.5,30.6,25.4,29.1,75,86,71,WNW,9,WSW,24,5.2,,4
9/5/1999,1011.5,30.2,27.0,29.0,75,83,71,WNW,7,WNW,16,0.0,,5
9/6/1999,1010.5,30.3,26.7,29.1,75,81,71,WNW,7,NW,20,0.0,,6
9/7/1999,1010.5,30.1,25.6,29.1,76,83,71,NW,9,NW,19,0.0,,6
9/8/1999,1010.5,30.4,23.7,29.1,76,83,71,NW,11,NNW,28,1.9,,7
9/9/1999,1009.7,30.4,26.5,29.0,76,83,71,NW,11,NW,18,0.3,,4
9/10/1999,1009.2,30.6,26.5,29.2,78,87,73,NW,11,NW,17,0.0,,3
9/11/1999,1010.2,30.8,26.4,29.2,76,81,73,WNW,9,WNW,14,0.0,,2
9/12/1999,1010.0,31.2,25.4,29.3,76,87,69,VRB,5,WNW,12,0.0,,3
9/13/1999,1011.1,30.9,25.0,29.4,73,81,68,VRB,5,WNW,12,0.0,,4
9/14/1999,1011.1,31.4,26.0,29.4,74,84,69,CALM,0,CALM,6,0.0,,2
9/15/1999,1010.8,31.5,27.0,29.6,72,81,68,VRB,3,NNW,17,0.0,,2
9/16/1999,1010.3,31.4,27.4,29.6,73,79,70,NNW,6,NNW,17,0.2,,2
9/17/1999,1010.2,31.2,23.9,29.7,71,80,65,NW,7,WNW,22,24.4,,2
9/18/1999,1010.7,30.0,24.0,26.9,84,93,78,WNW,9,WNW,24,0.3,,6
9/19/1999,1011.2,30.4,25.2,29.2,75,83,70,VRB,4,NNW,11,0.1,,4
9/20/1999,1012.1,31.2,25.0,28.7,80,90,70,VRB,1,NW,26,3.4,,6
9/21/1999,1011.7,30.0,26.0,27.6,81,87,76,WNW,11,WNW,27,0.0,,7
9/22/1999,1010.4,30.4,25.0,29.1,76,80,74,NNW,9,NW,20,4.4,,4
9/23/1999,1010.1,30.2,25.4,28.6,82,87,78,NNW,9,WNW,17,0.8,,7
9/24/1999,1010.8,30.8,25.8,29.1,79,86,73,NNW,7,NW,14,0.0,,7
9/25/1999,1010.9,29.8,25.9,27.8,83,88,77,NNW,11,W,28,0.0,,7
9/26/1999,1009.8,30.6,27.0,28.4,78,82,74,W,7,WNW,19,0.0,,7
9/27/1999,1009.4,30.6,25.1,28.8,78,81,76,WNW,8,NW,24,0.1,,7
9/28/1999,1009.2,31.2,24.5,28.5,80,83,74,WNW,8,WNW,25,0.0,,7
9/29/1999,1008.7,29.0,23.5,26.9,87,98,82,WNW,7,NW,30,30.4,,7
9/30/1999,1009.3,28.6,24.1,26.2,88,98,84,W,10,W,26,1.0,,7
10/1/1999,1009.2,28.9,24.5,27.9,82,86,79,WNW,7,WSW,24,6.8,,7
10/2/1999,1009.8,29.4,24.4,27.0,84,93,76,W,9,WSW,24,10.9,,6
10/3/1999,1009.5,28.2,25.0,26.7,85,88,81,W,14,WSW,25,0.1,,7
10/4/1999,1008.8,29.6,23.6,27.1,84,92,76,WNW,9,NNW,26,1.2,,7
10/5/1999,1008.8,29.8,24.2,26.9,87,95,78,WNW,14,WNW,30,8.0,,7
10/6/1999,1009.5,28.3,23.0,26.1,89,96,84,NW,14,WNW,29,33.4,,7
10/7/1999,1008.4,28.6,23.8,26.5,86,93,82,WNW,19,W,35,31.1,,7
10/8/1999,1008.7,28.4,23.2,26.4,86,92,83,W,20,W,28,1.8,,7
10/9/1999,1009.4,30.4,24.8,28.7,81,86,75,SSW,8,WSW,25,0.0,,7
10/10/1999,1010.8,30.1,25.2,28.7,82,88,76,SW,13,W,26,6.0,,7
10/11/1999,1012.4,29.7,23.2,26.4,87,95,77,WSW,8,WSW,27,14.6,,7
10/12/1999,1011.0,28.9,25.8,27.6,83,86,79,WNW,14,NW,23,0.0,,7
10/13/1999,1011.0,28.4,23.2,26.0,86,95,81,WNW,11,W,25,32.1,,7
10/14/1999,1011.0,28.1,24.2,26.9,84,89,81,WNW,18,NNW,29,1.4,,7
10/15/1999,1009.9,29.6,23.4,27.3,85,93,75,NW,18,NW,38,15.4,,7
10/16/1999,1009.3,29.7,24.5,28.1,80,85,75,W,18,WNW,33,0.8,,7
10/17/1999,1008.6,29.4,24.5,28.4,80,89,76,W,21,W,29,0.3,,7
10/18/1999,1008.1,29.7,24.4,28.3,79,83,74,W,20,WNW,30,5.1,,6
10/19/1999,1008.9,29.8,26.1,28.5,79,83,76,WNW,19,WNW,27,0.0,,6
10/20/1999,1009.4,30.0,26.4,28.4,78,81,74,WNW,13,WNW,19,0.0,,7
10/21/1999,1009.7,29.8,27.0,28.4,76,84,70,WNW,13,WNW,20,0.0,,7
10/22/1999,1010.7,30.1,26.7,28.6,78,83,75,WNW,10,WNW,14,0.2,,7
10/23/1999,1011.1,30.2,24.5,28.6,79,83,76,WNW,8,WNW,18,0.1,,7
10/24/1999,1010.7,28.6,23.8,25.2,91,98,87,NW,10,NW,30,61.1,,8
10/25/1999,1009.8,29.1,26.3,27.9,81,83,80,W,9,WNW,18,0.0,,6
10/26/1999,1010.3,29.5,25.2,28.3,80,83,76,WNW,11,WNW,17,0.8,,6
10/27/1999,1010.6,29.2,26.4,28.0,80,82,79,W,9,WNW,17,0.0,,6
10/28/1999,1010.8,30.0,26.6,28.4,79,83,76,W,10,W,18,0.0,,7
10/29/1999,1011.8,29.6,26.4,28.3,79,83,74,W,10,W,18,0.1,,6
10/30/1999,1011.3,30.2,26.5,28.9,77,83,73,WNW,14,WNW,22,0.0,,2
10/31/1999,1010.2,29.9,26.1,28.6,78,83,75,NW,13,NW,19,0.0,,2
11/1/1999,1010.5,30.0,26.2,28.7,76,83,71,NNW,8,NW,14,0.0,,3
11/2/1999,1012.0,30.1,26.4,28.7,69,80,64,VRB,4,WNW,11,0.0,,1
11/3/1999,1012.0,29.9,26.0,28.7,71,78,65,WNW,9,WNW,14,0.0,,2
11/4/1999,1011.6,30.0,25.9,28.5,71,81,67,WNW,8,WNW,14,0.0,,1
11/5/1999,1011.5,29.6,25.6,28.3,74,87,68,VRB,5,WNW,11,0.0,,2
11/6/1999,1012.2,29.9,25.1,28.2,71,78,68,WNW,7,WNW,11,0.0,,5
11/7/1999,1011.6,30.0,25.4,28.3,73,79,67,VRB,4,W,7,0.0,,5
11/8/1999,1011.3,30.6,24.5,28.4,81,90,71,VRB,5,NW,16,0.1,,5
11/9/1999,1011.6,30.4,22.4,28.6,78,87,72,VRB,4,S,9,0.0,,2
11/10/1999,1011.3,30.4,24.2,28.1,74,90,67,CALM,0,CALM,5,0.0,,1
11/11/1999,1013.2,30.4,22.6,28.1,74,96,64,VRB,1,CALM,5,0.0,,1
11/12/1999,1012.2,30.6,25.4,28.6,73,90,64,VRB,3,NW,7,0.0,,1
11/13/1999,1013.7,30.7,25.4,28.9,73,83,65,VRB,5,WNW,10,0.1,,2
11/14/1999,1013.4,30.9,24.1,28.6,79,88,70,VRB,4,NW,9,0.0,,3
11/15/1999,1012.4,30.4,24.6,28.3,78,90,73,VRB,4,S,12,0.2,,3
11/16/1999,1012.9,28.7,22.1,26.2,86,96,81,VRB,5,S,16,71.4,,7
11/17/1999,1013.5,31.3,23.4,28.8,79,95,71,VRB,1,CALM,5,0.0,,2
11/18/1999,1012.6,30.6,25.4,28.4,79,95,73,VRB,1,CALM,6,0.0,,4
11/19/1999,1011.0,29.4,23.4,27.5,84,86,79,VRB,5,SE,14,0.1,,6
11/20/1999,1010.5,30.4,23.5,27.9,82,93,71,VRB,5,NNW,14,0.9,,5
11/21/1999,1010.6,30.1,25.0,27.2,84,95,75,VRB,3,W,19,0.3,,5
11/22/1999,1009.7,30.4,25.0,28.6,79,89,74,VRB,2,SE,11,0.0,,2
11/23/1999,1009.1,30.5,26.6,29.0,77,86,73,SSE,7,SE,13,0.0,,2
11/24/1999,1009.6,30.6,24.4,28.4,79,86,73,E,7,SE,19,8.4,,3
11/25/1999,1009.7,30.7,26.4,29.3,76,82,72,ENE,8,ENE,14,0.0,,3
11/26/1999,1009.1,30.6,25.4,29.1,76,84,70,VRB,4,NNE,9,0.0,,4
11/27/1999,1009.4,30.5,23.2,27.3,83,95,75,VRB,4,SE,13,54.2,,7
11/28/1999,1010.0,29.8,24.6,28.1,81,90,78,VRB,2,CALM,6,0.6,,6
11/29/1999,1009.7,30.6,23.0,28.0,84,92,78,VRB,1,SW,15,45.0,,7
11/30/1999,1009.8,29.4,24.0,27.0,87,96,80,VRB,2,ESE,27,21.6,,7
12/1/1999,1010.6,29.8,23.6,27.5,85,93,78,ESE,15,ESE,25,46.3,,7
12/2/1999,1012.3,28.6,24.5,27.0,85,95,75,VRB,5,SE,19,1.0,,7
12/3/1999,1012.4,28.5,23.4,25.9,89,93,80,S,9,ESE,18,50.8,,7
12/4/1999,1013.5,29.6,23.7,26.8,82,90,71,VRB,5,WSW,19,1.4,,7
12/5/1999,1012.8,30.6,23.5,28.6,74,90,66,VRB,3,SW,13,0.0,,5
12/6/1999,1012.7,30.4,24.2,27.9,79,95,74,VRB,5,ESE,20,8.8,,6
12/7/1999,1013.4,29.0,24.8,27.0,82,90,76,VRB,3,N,17,0.0,,7
12/8/1999,1013.9,30.2,23.9,28.7,69,78,66,N,6,N,17,0.0,,4
12/9/1999,1012.9,30.2,24.6,28.4,68,88,60,N,6,N,11,0.0,,1
12/10/1999,1012.2,30.3,24.2,28.3,68,87,60,N,6,N,12,0.0,,1
12/11/1999,1012.4,30.2,23.2,28.3,68,88,56,N,7,NNW,13,0.0,,1
12/12/1999,1011.8,29.8,22.1,28.0,70,75,66,VRB,2,CALM,6,0.0,,2
12/13/1999,1011.3,30.2,21.4,27.9,74,93,65,VRB,1,CALM,6,0.0,,1
12/14/1999,1010.6,30.5,24.5,28.1,72,96,60,VRB,1,CALM,5,0.0,,1
12/15/1999,1010.4,31.1,23.8,28.4,77,87,71,VRB,4,ESE,16,0.0,,4
12/16/1999,1011.0,30.7,24.1,28.9,76,88,71,VRB,3,NNW,8,0.0,,2
12/17/1999,1011.6,31.4,25.0,28.6,77,90,69,VRB,1,WNW,7,0.0,,2
12/18/1999,1010.8,30.7,24.6,28.9,76,90,70,N,6,N,11,0.0,,2
12/19/1999,1010.0,30.5,24.7,28.6,79,88,74,VRB,3,SSE,16,5.2,,4
12/20/1999,1010.9,29.8,22.4,25.7,85,91,79,SSE,7,NE,19,10.1,,7
12/21/1999,1010.8,29.0,25.4,27.8,78,83,75,VRB,4,ENE,14,0.0,,6
12/22/1999,1011.6,30.4,25.6,28.7,72,81,65,VRB,6,E,13,0.0,,2
12/23/1999,1012.2,29.8,27.0,28.4,73,80,70,VRB,9,ESE,19,0.0,,2
12/24/1999,1012.6,30.0,25.4,28.6,75,83,68,E,11,ESE,17,0.0,,2
12/25/1999,1012.1,30.4,24.8,28.8,77,84,73,VRB,4,ENE,10,0.0,,4
12/26/1999,1011.4,30.2,26.4,27.3,82,90,78,VRB,4,ENE,15,0.0,,7
12/27/1999,1011.2,30.6,26.5,28.6,76,83,73,E,6,E,17,0.0,,2
12/28/1999,1012.1,30.0,25.8,28.5,74,78,68,E,13,ESE,20,0.0,,4
12/29/1999,1011.9,30.1,23.5,28.4,75,77,73,E,14,E,23,0.0,,7
12/30/1999,1010.5,30.2,21.3,28.1,72,87,64,NE,7,ENE,12,0.0,,2
12/31/1999,1010.2,29.9,21.1,28.1,68,75,62,VRB,4,ENE,11,0.0,,5
1/1/2000,1010.2,29.7,23.1,27.1,73,96,64,VRB,4,N,10,0.0,,5
1/2/2000,1010.8,30.2,21.2,27.9,76,96,66,VRB,2,CALM,6,0.0,,6
1/3/2000,1010.0,29.5,21.6,26.9,78,96,70,VRB,4,N,9,0.0,,3
1/4/2000,1009.6,30.0,24.0,27.2,78,93,67,VRB,3,N,10,0.0,,5
1/5/2000,1009.7,30.4,22.4,28.1,76,90,69,VRB,3,N,8,0.0,,2
1/6/2000,1009.7,30.2,25.1,27.6,79,95,70,VRB,4,N,9,0.0,,3
1/7/2000,1009.4,30.1,24.9,27.7,83,90,78,VRB,5,E,18,1.2,,5
1/8/2000,1009.3,30.6,24.4,28.6,77,86,71,VRB,6,ESE,22,7.2,,4
1/9/2000,1009.4,29.4,25.1,26.6,86,89,80,E,9,ESE,17,0.0,,7
1/10/2000,1009.0,30.4,23.4,28.3,82,92,76,E,8,ESE,26,29.8,,4
1/11/2000,1009.8,29.2,23.6,26.7,87,92,80,E,9,ENE,18,38.5,,7
1/12/2000,1010.3,29.8,23.4,27.3,86,96,79,SE,8,NE,17,24.6,,6
1/13/2000,1010.5,30.2,25.0,28.0,79,88,74,VRB,4,CALM,6,0.0,,7
1/14/2000,1010.4,30.0,23.8,27.9,81,86,78,SE,6,SE,13,0.0,,7
1/15/2000,1010.1,30.4,23.2,28.1,78,90,74,VRB,2,CALM,6,0.0,,3
1/16/2000,1010.1,30.4,23.6,28.1,79,93,73,VRB,1,CALM,5,0.0,,1
1/17/2000,1011.5,30.1,21.8,26.2,86,95,74,VRB,3,ENE,32,10.4,,6
1/18/2000,1012.6,29.8,24.6,27.5,82,91,74,E,13,E,27,0.0,,7
1/19/2000,1012.7,30.0,21.4,28.6,74,84,68,ENE,11,ENE,18,0.0,,6
1/20/2000,1011.7,30.1,24.4,27.7,75,94,66,VRB,3,NE,9,0.0,,2
1/21/2000,1012.7,30.2,20.9,28.1,76,82,72,VRB,5,N,10,0.0,,2
1/22/2000,1013.2,29.8,21.7,27.0,76,94,64,VRB,1,CALM,6,0.0,,2
1/23/2000,1013.4,30.6,23.8,27.6,77,96,61,VRB,3,NNW,10,0.0,,6
1/24/2000,1012.9,30.4,24.2,28.2,71,90,61,NNE,7,NNE,13,0.0,,2
1/25/2000,1013.0,30.4,25.2,28.3,76,90,69,VRB,6,NNE,10,0.0,,2
1/26/2000,1013.0,30.1,25.6,28.1,76,82,70,ENE,7,ENE,14,0.0,,2
1/27/2000,1012.2,30.0,20.6,28.3,73,82,64,E,7,ESE,13,0.0,,6
1/28/2000,1012.0,30.1,23.4,26.9,75,96,63,VRB,4,N,10,0.0,,3
1/29/2000,1012.7,30.0,24.1,28.0,77,90,70,NNE,6,NNE,13,0.0,,6
1/30/2000,1012.9,30.8,23.4,28.7,79,92,71,NE,8,NNE,13,0.0,,5
1/31/2000,1013.4,30.2,20.9,27.7,79,95,72,VRB,1,CALM,6,0.0,,7
2/1/2000,1012.0,30.0,22.1,27.1,78,96,67,CALM,0,CALM,5,0.0,,5
2/2/2000,1012.1,29.2,25.0,26.5,79,98,70,VRB,2,N,11,0.0,,6
2/3/2000,1012.1,30.4,23.2,28.3,81,87,76,N,6,N,12,12.5,,7
2/4/2000,1012.7,28.0,22.8,24.8,92,96,87,VRB,2,N,20,11.4,,8
2/5/2000,1011.3,29.6,24.4,27.9,84,93,75,VRB,3,N,10,3.3,,6
2/6/2000,1011.8,30.4,24.5,27.8,85,93,79,CALM,0,CALM,6,0.0,,7
2/7/2000,1011.4,29.8,24.8,27.8,83,92,76,NNW,6,WNW,28,11.9,,3
2/8/2000,1010.3,29.9,25.0,28.0,79,85,75,N,7,N,14,0.0,,6
2/9/2000,1011.0,29.6,22.0,27.9,71,85,64,NNW,7,NNW,14,0.0,,4
2/10/2000,1012.0,30.0,22.6,27.2,73,89,64,VRB,3,N,10,0.0,,2
2/11/2000,1012.4,29.9,22.8,27.5,75,88,67,VRB,3,CALM,6,0.0,,3
2/12/2000,1011.4,29.8,22.4,27.9,71,82,64,VRB,2,CALM,5,0.0,,2
2/13/2000,1010.0,30.4,22.4,27.8,73,90,66,CALM,0,CALM,5,0.0,,2
2/14/2000,1009.8,30.3,24.5,27.9,74,90,67,VRB,4,N,10,0.0,,2
2/15/2000,1010.6,30.4,24.4,28.1,76,90,65,VRB,6,W,18,1.4,,3
2/16/2000,1011.8,30.2,25.4,27.6,81,90,75,VRB,5,W,15,0.0,,5
2/17/2000,1010.2,30.4,25.2,28.7,76,84,66,N,8,N,14,0.0,,5
2/18/2000,1010.8,30.3,24.9,28.4,79,90,73,VRB,5,NNW,13,0.0,,7
2/19/2000,1010.7,30.0,26.2,28.5,75,83,70,N,7,NNW,16,0.0,,7
2/20/2000,1010.5,30.0,26.0,28.4,73,83,68,WNW,9,WNW,14,0.0,,5
2/21/2000,1010.4,29.8,24.4,28.2,70,81,63,NNW,6,WNW,14,0.0,,4
2/22/2000,1010.8,29.9,21.4,28.0,66,85,57,VRB,5,N,11,0.0,,3
2/23/2000,1010.6,29.6,21.0,27.1,72,89,64,VRB,2,N,8,0.0,,4
2/24/2000,1011.7,30.0,21.8,27.0,74,91,62,VRB,1,N,9,0.0,,5
2/25/2000,1011.7,30.4,24.4,27.5,72,89,64,VRB,2,NNW,12,0.0,,4
2/26/2000,1009.5,30.4,24.1,28.6,69,90,58,VRB,6,NNW,15,0.0,,3
2/27/2000,1009.0,30.5,24.0,28.7,67,81,60,N,9,N,16,0.0,,7
2/28/2000,1009.6,31.7,24.6,29.0,74,90,67,ENE,7,ENE,13,0.0,,4
2/29/2000,1010.4,30.2,24.9,27.2,86,95,80,VRB,4,NE,18,12.6,,7
3/1/2000,1010.2,31.4,24.6,29.5,76,84,70,VRB,6,ESE,13,0.0,,7
3/2/2000,1011.1,31.2,27.0,28.9,79,90,74,VRB,3,N,13,0.0,,6
3/3/2000,1011.9,31.2,26.8,29.4,78,86,74,N,7,N,16,0.0,,3
3/4/2000,1011.8,31.2,24.0,29.1,73,81,68,NNW,8,N,13,0.0,,5
3/5/2000,1010.5,31.2,26.6,28.9,76,90,69,N,8,N,15,0.0,,6
3/6/2000,1010.9,30.7,26.4,29.0,71,81,65,NNW,7,NNW,13,0.0,,5
3/7/2000,1011.4,30.7,25.0,29.0,68,80,60,N,8,N,14,0.0,,3
3/8/2000,1010.6,31.2,25.1,28.4,78,86,64,N,6,NNW,14,0.0,,4
3/9/2000,1010.3,31.2,27.0,29.4,74,80,69,NNW,6,N,14,0.0,,2
3/10/2000,1010.5,31.2,27.2,29.4,74,81,68,N,9,N,13,0.0,,4
3/11/2000,1010.9,31.7,25.4,29.3,76,83,70,N,9,N,14,0.0,,6
3/12/2000,1010.8,31.0,24.4,29.2,76,89,69,VRB,5,NNW,10,0.0,,5
3/13/2000,1009.9,31.2,25.6,28.5,76,93,69,NNW,6,NNW,10,0.0,,1
3/14/2000,1010.4,31.3,25.0,29.0,72,82,67,VRB,3,NNW,8,0.0,,3
3/15/2000,1011.3,31.7,26.9,29.0,73,82,66,N,7,N,14,0.0,,1
3/16/2000,1010.5,31.6,27.5,29.7,70,81,61,N,9,N,16,0.0,,2
3/17/2000,1009.9,31.4,27.0,29.6,73,79,67,NNW,9,NNW,14,0.0,,2
3/18/2000,1010.3,31.3,26.4,29.4,73,81,67,N,8,N,13,0.0,,2
3/19/2000,1011.2,31.0,24.1,29.4,72,84,67,VRB,5,N,11,0.0,,2
3/20/2000,1009.6,31.4,26.9,29.0,74,88,68,VRB,5,N,11,0.0,,2
3/21/2000,1010.3,31.4,27.0,29.4,74,83,70,VRB,4,WNW,9,0.0,,2
3/22/2000,1010.7,31.7,27.2,29.7,73,84,66,NW,6,WNW,12,0.0,,2
3/23/2000,1010.7,31.6,25.0,29.4,75,81,70,NE,9,NW,17,1.2,,3
3/24/2000,1010.1,31.8,25.2,28.3,80,89,67,VRB,2,NNE,14,2.2,,5
3/25/2000,1010.4,30.8,26.6,29.0,77,83,73,ENE,7,ESE,20,0.0,,4
3/26/2000,1011.2,31.8,24.2,29.4,74,83,69,VRB,5,NE,14,0.0,,5
3/27/2000,1010.5,31.9,27.1,29.1,74,88,66,VRB,2,NNW,13,0.0,,2
3/28/2000,1010.1,31.9,27.6,29.9,74,81,69,NNW,6,NNW,10,0.0,,2
3/29/2000,1010.7,32.0,27.8,29.9,75,83,69,VRB,3,NW,10,0.0,,2
3/30/2000,1010.9,32.1,27.8,30.1,75,83,70,WNW,6,WNW,13,0.0,,2
3/31/2000,1009.2,32.0,28.0,29.6,77,85,74,NW,8,WNW,16,0.0,,5
4/1/2000,1008.8,32.0,28.5,30.1,76,83,71,W,12,WNW,18,0.0,,5
4/2/2000,1009.2,30.0,23.0,26.2,87,98,78,SW,12,SSW,26,54.1,,8
4/3/2000,1008.7,31.4,25.2,29.3,76,85,69,VRB,3,W,10,0.0,,2
4/4/2000,1008.9,31.8,26.2,29.5,79,93,74,VRB,2,SW,8,0.0,,2
4/5/2000,1008.9,31.8,26.4,29.9,75,86,67,VRB,4,W,9,0.0,,5
4/6/2000,1009.3,30.4,25.0,27.0,85,90,80,SW,8,SW,16,0.2,,6
4/7/2000,1010.6,31.4,26.6,29.1,75,88,68,VRB,1,SW,7,0.0,,5
4/8/2000,1011.2,32.0,26.4,29.8,76,83,72,CALM,0,WNW,8,0.0,,5
4/9/2000,1010.7,32.0,27.9,30.2,75,86,72,VRB,4,NW,12,0.0,,2
4/10/2000,1010.1,31.7,27.8,30.1,75,78,73,NW,10,NNW,14,0.0,,2
4/11/2000,1009.3,31.7,28.4,30.3,75,79,71,NW,11,NW,16,0.0,,2
4/12/2000,1009.2,31.9,27.8,30.2,73,75,70,NW,9,NW,15,0.0,,3
4/13/2000,1009.0,32.1,27.6,30.3,73,83,68,WNW,6,NW,15,0.0,,4
4/14/2000,1008.0,31.7,28.5,30.0,74,83,68,NW,8,NW,16,0.0,,2
4/15/2000,1009.2,31.7,28.3,30.3,73,79,68,NW,11,NW,17,0.0,,3
4/16/2000,1009.9,32.0,28.2,30.3,73,82,69,NW,9,NW,16,0.0,,1
4/17/2000,1009.7,32.1,28.0,30.3,73,80,68,NW,7,NW,11,0.0,,3
4/18/2000,1009.7,31.9,27.6,30.3,73,80,68,NNW,7,NNW,12,0.0,,2
4/19/2000,1009.9,32.2,27.0,30.5,74,80,70,VRB,4,NNW,10,0.0,,2
4/20/2000,1009.2,32.8,28.5,30.2,75,86,67,CALM,0,WNW,7,0.0,,2
4/21/2000,1009.9,32.5,25.6,30.6,74,81,69,VRB,6,W,17,0.0,,7
4/22/2000,1010.5,30.9,26.5,28.8,82,83,79,WNW,8,WNW,14,0.0,,6
4/23/2000,1010.9,31.4,23.9,27.7,82,92,73,WSW,7,NNW,17,57.2,,7
4/24/2000,1011.1,31.3,27.6,29.7,77,83,72,WNW,9,WNW,19,0.0,,6
4/25/2000,1009.9,31.3,27.4,29.7,79,82,77,WNW,12,WNW,20,0.0,,6
4/26/2000,1009.4,31.5,28.4,30.2,76,79,73,NW,11,NW,17,0.0,,6
4/27/2000,1009.7,31.4,28.1,29.9,75,80,72,NW,10,NW,14,0.0,,3
4/28/2000,1009.4,31.6,28.4,29.9,74,82,69,WNW,10,NW,14,0.0,,2
4/29/2000,1010.9,31.7,28.1,30.3,77,81,74,NW,10,NW,14,0.0,,2
4/30/2000,1011.0,32.1,28.5,30.5,74,82,70,NW,7,NW,13,0.0,,2
5/1/2000,1010.3,31.8,28.7,30.5,73,78,68,NW,9,NW,13,0.0,,2
5/2/2000,1010.5,31.9,28.4,30.6,73,81,67,NW,8,WNW,13,0.0,,2
5/3/2000,1011.6,32.4,28.5,30.6,74,81,70,WNW,8,NW,17,0.0,,4
5/4/2000,1010.7,31.8,28.4,30.4,74,82,67,NW,10,NW,16,0.0,,7
5/5/2000,1010.4,32.0,26.2,30.5,73,81,69,WNW,8,NW,18,0.0,,2
5/6/2000,1010.0,32.0,28.2,29.7,76,89,71,WNW,6,NW,14,0.0,,4
5/7/2000,1011.6,32.4,25.7,30.0,73,80,67,WNW,7,WNW,17,0.1,,2
5/8/2000,1010.8,32.4,27.5,30.3,73,80,67,WNW,6,WNW,17,0.0,,2
5/9/2000,1010.3,32.2,28.2,30.7,73,79,70,NW,7,W,10,0.0,,2
5/10/2000,1010.4,32.4,28.4,30.8,74,80,69,VRB,5,WNW,10,0.0,,2
5/11/2000,1010.4,32.7,28.7,31.0,71,79,66,VRB,4,W,9,0.0,,2
5/12/2000,1010.4,32.9,27.2,31.0,74,82,67,VRB,5,W,12,2.4,,3
5/13/2000,1010.8,32.0,26.4,30.4,72,75,68,WNW,8,WNW,16,2.1,,4
5/14/2000,1011.0,32.4,28.2,30.7,72,78,65,WNW,7,WNW,11,0.0,,5
5/15/2000,1011.1,32.2,26.8,30.6,72,78,68,W,6,SSW,18,1.3,,2
5/16/2000,1011.2,31.4,26.4,30.0,77,86,72,WSW,10,NW,29,0.0,,6
5/17/2000,1010.5,32.0,23.4,29.5,78,83,67,W,16,WNW,28,17.4,,6
5/18/2000,1009.8,31.3,24.4,28.5,79,90,75,W,11,NW,27,33.1,,7
5/19/2000,1010.2,30.1,24.6,27.5,87,95,81,WNW,15,WNW,35,14.0,,7
5/20/2000,1009.9,30.8,26.2,29.1,79,83,75,WNW,15,WNW,23,0.8,,7
5/21/2000,1009.7,30.6,26.2,28.9,82,89,77,NW,11,WNW,24,0.0,,7
5/22/2000,1009.5,31.9,28.3,30.4,74,82,70,NW,9,NNW,14,0.0,,4
5/23/2000,1009.3,31.8,26.2,30.2,76,81,72,WNW,9,WNW,19,1.1,,2
5/24/2000,1009.0,32.1,26.1,30.4,75,81,71,WNW,9,NNW,20,1.3,,5
5/25/2000,1009.4,31.0,25.1,29.0,81,87,77,WNW,12,W,24,20.5,,7
5/26/2000,1009.3,28.8,24.0,26.9,88,96,83,WNW,17,WNW,28,10.3,,8
5/27/2000,1009.3,29.0,23.2,27.1,85,87,80,W,9,WNW,30,36.9,,8
5/28/2000,1009.4,29.6,25.9,28.2,81,90,76,VRB,5,W,14,2.1,,7
5/29/2000,1010.9,30.2,26.5,28.4,84,89,81,CALM,0,WNW,15,0.4,,7
5/30/2000,1011.0,31.6,27.6,29.7,78,83,74,NW,10,NW,17,0.0,,7
5/31/2000,1010.6,31.0,24.7,29.5,80,82,76,NW,10,WNW,25,2.1,,7
6/1/2000,1009.4,29.9,25.0,28.1,84,95,75,WNW,14,WNW,32,7.8,,7
6/2/2000,1008.6,30.0,27.5,29.0,80,87,75,WNW,13,WNW,23,0.0,,7
6/3/2000,1007.9,31.0,25.1,28.9,79,86,74,NW,13,W,28,4.1,,7
6/4/2000,1006.6,30.7,25.7,29.1,77,83,73,WNW,17,WNW,27,2.3,,7
6/5/2000,1006.4,30.2,22.1,27.8,84,90,79,W,21,WSW,38,24.7,,7
6/6/2000,1006.0,30.2,24.2,28.6,82,93,75,SW,20,W,36,12.5,,7
6/7/2000,1008.7,29.4,22.9,26.4,88,90,83,WSW,15,NW,39,30.5,,7
6/8/2000,1010.6,29.0,23.9,26.3,88,93,81,W,10,W,27,22.2,,8
6/9/2000,1010.1,30.4,24.1,28.5,80,85,74,WNW,10,WNW,38,37.2,,7
6/10/2000,1011.5,29.9,23.9,27.3,83,90,76,WNW,18,WNW,36,21.4,,7
6/11/2000,1012.8,28.6,24.8,27.0,84,90,79,WNW,17,WNW,28,0.9,,7
6/12/2000,1013.0,30.0,24.7,28.2,82,87,79,WNW,14,W,24,10.7,,8
6/13/2000,1012.9,30.1,25.4,27.7,83,86,79,WNW,13,WNW,26,8.0,,7
6/14/2000,1013.3,30.4,26.4,29.4,78,83,72,WNW,8,NW,18,0.0,,6
6/15/2000,1012.3,30.8,26.7,29.3,77,86,70,NW,6,NW,15,0.0,,3
6/16/2000,1011.7,30.4,26.7,29.2,77,86,70,WNW,11,WNW,19,0.0,,3
6/17/2000,1011.6,30.7,25.2,29.3,77,86,71,WNW,13,WNW,17,0.3,,4
6/18/2000,1010.3,30.0,25.9,28.8,82,86,78,WNW,14,WNW,24,2.5,,5
6/19/2000,1009.2,30.6,25.8,29.3,77,83,74,WNW,15,WNW,28,6.3,,6
6/20/2000,1008.4,30.8,27.6,29.5,79,86,76,W,13,WNW,23,0.0,,4
6/21/2000,1009.7,30.4,25.1,28.6,79,86,75,WNW,15,WNW,27,5.3,,6
6/22/2000,1010.5,29.4,24.2,27.9,84,89,78,WNW,13,NW,25,11.8,,7
6/23/2000,1010.9,30.0,25.4,28.4,81,89,77,WNW,12,NW,23,0.6,,5
6/24/2000,1010.3,30.2,25.6,28.7,80,84,74,NW,10,NW,27,0.9,,4
6/25/2000,1010.3,30.6,24.1,26.5,80,95,73,WNW,11,WSW,22,29.3,,6
6/26/2000,1010.8,29.5,24.6,27.4,85,90,75,WNW,16,SW,26,1.2,,6
6/27/2000,1011.1,29.4,25.4,28.1,81,84,76,WSW,11,W,21,0.0,,7
6/28/2000,1010.7,30.4,25.1,28.9,81,86,77,WNW,13,W,22,2.4,,7
6/29/2000,1010.0,29.2,23.5,27.6,82,85,79,WNW,17,WNW,40,13.5,,7
6/30/2000,1009.1,29.5,22.8,27.1,85,90,80,W,19,WNW,33,13.6,,7
7/1/2000,1009.3,29.4,23.0,26.4,86,91,76,WNW,15,W,31,26.7,,7
7/2/2000,1009.2,30.5,25.2,28.0,84,89,80,W,14,WNW,25,1.9,,7
7/3/2000,1008.9,30.4,27.2,28.9,78,82,74,WNW,13,WNW,19,0.0,,6
7/4/2000,1008.6,30.6,24.4,29.0,82,92,77,WNW,15,WNW,25,6.3,,7
7/5/2000,1009.0,29.4,26.9,28.4,81,85,76,WNW,14,WNW,23,0.0,,7
7/6/2000,1009.5,30.0,26.1,28.6,82,85,79,WNW,15,WNW,23,2.3,,7
7/7/2000,1008.9,30.1,26.5,28.7,80,87,74,WNW,15,NW,21,0.0,,5
7/8/2000,1009.6,30.8,26.7,29.0,80,85,75,WNW,11,WNW,17,0.1,,7
7/9/2000,1009.4,30.8,27.4,29.2,78,83,75,WNW,11,WNW,18,0.0,,4
7/10/2000,1009.2,30.6,27.4,29.2,79,86,74,WNW,10,WNW,17,0.0,,6
7/11/2000,1009.0,30.7,24.2,29.2,78,85,74,WNW,12,WNW,29,2.4,,6
7/12/2000,1008.6,31.0,24.4,29.2,81,85,77,WNW,12,WNW,28,11.5,,6
7/13/2000,1009.9,29.6,22.3,27.7,83,89,78,WNW,17,WSW,37,12.1,,7
7/14/2000,1010.9,29.8,25.7,28.0,88,90,83,WNW,7,NW,20,3.6,,7
7/15/2000,1010.0,30.4,27.2,29.1,79,87,74,NW,9,NW,14,0.0,,2
7/16/2000,1010.0,30.6,27.2,29.3,81,86,77,NW,10,NW,14,0.0,,5
7/17/2000,1010.6,30.5,27.2,29.2,78,83,73,NW,10,WNW,19,0.0,,6
7/18/2000,1010.1,30.4,27.0,29.2,81,86,77,W,8,WNW,14,0.0,,7
7/19/2000,1009.0,30.8,27.0,29.4,77,86,70,VRB,5,NW,13,0.0,,2
7/20/2000,1009.4,31.0,27.0,29.3,79,84,76,NW,7,NW,12,0.0,,2
7/21/2000,1010.2,30.8,27.1,29.3,79,83,74,NW,7,NNW,13,0.0,,2
7/22/2000,1011.7,30.8,27.3,29.3,75,81,70,NW,8,NNW,19,0.0,,4
7/23/2000,1010.7,30.7,27.0,29.3,76,80,73,NW,12,NNW,18,0.0,,4
7/24/2000,1010.2,30.7,27.1,29.3,77,82,74,NW,11,NNW,17,0.0,,4
7/25/2000,1011.3,30.9,25.5,29.4,76,83,70,NW,10,NNW,25,0.0,,5
7/26/2000,1011.5,31.0,23.1,28.6,80,84,75,NW,12,WNW,27,62.2,,5
7/27/2000,1011.6,28.9,22.0,26.1,88,93,82,WNW,17,WNW,30,0.5,,7
7/28/2000,1010.2,29.6,22.7,28.5,80,83,77,WNW,14,WNW,31,12.3,,5
7/29/2000,1009.9,29.6,23.0,28.0,83,89,76,WNW,12,NW,28,4.2,,6
7/30/2000,1010.3,30.0,27.0,28.6,81,88,74,WNW,15,WNW,20,0.0,,6
7/31/2000,1010.4,29.6,24.6,27.8,82,86,76,WNW,10,NW,24,5.4,,6
8/1/2000,1009.6,29.6,24.1,28.0,83,89,79,WNW,12,NNW,25,4.8,,7
8/2/2000,1010.1,29.4,22.8,26.8,86,90,82,NNW,9,NNW,29,24.1,,7
8/3/2000,1010.0,28.0,22.6,25.8,87,95,81,NNW,12,NW,29,30.1,,8
8/4/2000,1010.5,28.1,23.4,24.9,92,95,90,NNW,19,NNW,30,19.4,,7
8/5/2000,1009.6,29.0,24.8,27.7,84,86,81,NW,14,NNW,23,2.3,,7
8/6/2000,1008.9,28.4,23.5,26.3,84,90,80,NW,13,NW,27,28.2,,7
8/7/2000,1010.4,28.9,23.7,26.6,89,98,83,SSW,9,WNW,31,30.8,,7
8/8/2000,1011.4,29.0,23.8,27.1,84,89,79,WNW,16,WNW,30,10.9,,7
8/9/2000,1010.8,28.8,24.6,26.9,87,93,83,W,13,WNW,28,4.7,,8
8/10/2000,1009.7,29.8,24.8,27.7,80,83,76,WNW,15,WNW,24,1.8,,7
8/11/2000,1008.8,30.2,25.3,28.6,84,86,83,WNW,12,NW,26,2.1,,5
8/12/2000,1009.9,30.4,26.8,28.9,79,81,73,WNW,9,NW,14,0.0,,2
8/13/2000,1011.8,30.4,26.6,29.0,80,87,73,NW,6,NW,12,0.0,,4
8/14/2000,1011.6,30.2,26.4,28.8,80,87,74,NNW,8,NNW,13,0.0,,4
8/15/2000,1011.6,30.4,26.3,28.5,80,87,77,VRB,5,WNW,8,0.0,,6
8/16/2000,1012.1,30.5,24.0,28.9,78,86,73,VRB,4,WNW,21,4.9,,5
8/17/2000,1011.6,29.4,25.0,27.5,84,90,78,WNW,11,WNW,24,4.2,,7
8/18/2000,1011.7,29.3,24.2,27.4,86,90,82,NW,11,NW,23,0.1,,6
8/19/2000,1012.0,30.2,27.1,28.6,82,85,77,W,11,WNW,19,0.0,,7
8/20/2000,1011.9,30.8,27.2,29.0,79,85,74,W,11,WNW,23,0.0,,7
8/21/2000,1010.7,29.9,27.4,28.8,81,85,77,WNW,15,WNW,20,0.0,,7
8/22/2000,1009.6,30.7,27.1,29.1,79,83,74,WNW,14,WNW,25,0.0,,7
8/23/2000,1009.9,30.0,27.2,28.9,81,83,79,W,15,WNW,24,0.3,,7
8/24/2000,1008.4,29.6,23.2,27.5,84,93,80,W,17,WNW,37,41.3,,6
8/25/2000,1008.1,29.4,23.4,27.0,92,95,85,WSW,17,WNW,39,33.4,,8
8/26/2000,1009.9,30.0,23.4,26.8,83,86,82,SW,14,WNW,35,11.9,,7
8/27/2000,1011.3,29.8,23.8,26.9,86,90,82,W,9,W,33,13.0,,7
8/28/2000,1011.2,30.4,23.4,29.0,79,83,75,WNW,10,NNE,21,27.4,,6
8/29/2000,1011.4,30.2,25.2,27.5,83,90,75,VRB,4,N,18,0.0,,4
8/30/2000,1011.3,30.4,24.7,28.9,78,86,73,VRB,5,WSW,10,0.0,,7
8/31/2000,1011.3,30.8,25.0,29.0,76,86,70,CALM,0,CALM,4,0.0,,3
9/1/2000,1011.1,30.7,25.5,28.7,78,90,71,VRB,2,CALM,6,0.0,,5
9/2/2000,1010.7,31.0,25.7,29.1,78,88,72,VRB,4,WNW,11,0.0,,4
9/3/2000,1010.6,31.0,25.9,29.4,78,87,71,VRB,5,NNW,19,0.0,,5
9/4/2000,1011.6,31.6,26.1,29.4,77,86,69,VRB,3,WNW,14,0.0,,5
9/5/2000,1011.1,30.8,26.2,29.2,75,84,70,WNW,9,NNW,17,0.0,,5
9/6/2000,1010.0,31.0,26.4,29.2,80,84,76,NW,8,NNW,16,0.4,,2
9/7/2000,1010.2,30.8,26.8,29.2,77,83,70,NNW,8,NW,14,0.0,,2
9/8/2000,1011.7,30.9,25.2,29.2,77,83,70,N,6,SW,20,0.6,,6
9/9/2000,1012.4,31.2,26.9,29.1,77,88,70,VRB,5,N,11,0.0,,3
9/10/2000,1012.3,31.0,25.2,29.5,78,86,72,VRB,2,N,18,0.0,,3
9/11/2000,1011.1,31.2,24.0,29.2,76,88,69,VRB,3,SW,14,7.2,,2
9/12/2000,1010.3,30.0,26.4,28.1,81,83,77,NNW,10,NW,18,0.6,,6
9/13/2000,1010.2,30.3,26.5,28.8,78,86,71,NNW,10,NW,17,0.0,,7
9/14/2000,1010.0,30.8,26.5,28.7,81,87,77,VRB,6,NW,13,0.0,,7
9/15/2000,1009.6,31.2,24.1,29.3,76,84,70,NW,6,WNW,24,12.8,,4
9/16/2000,1010.0,30.6,24.9,28.8,78,89,73,WNW,6,WNW,27,4.6,,6
9/17/2000,1011.0,30.0,23.2,27.4,85,91,80,WNW,12,NNW,29,10.8,,7
9/18/2000,1010.1,29.7,23.1,27.1,85,90,82,NNW,17,NNW,31,19.2,,7
9/19/2000,1010.1,28.8,22.7,25.6,91,98,87,NW,16,NNW,29,47.0,,7
9/20/2000,1010.2,27.9,24.2,25.6,89,93,86,WNW,14,WNW,30,47.1,,7
9/21/2000,1010.4,28.6,23.6,26.3,88,96,83,WNW,12,WNW,31,15.9,,7
9/22/2000,1009.9,29.8,25.0,28.2,81,89,76,WNW,10,WNW,20,0.1,,5
9/23/2000,1009.4,30.0,25.1,26.9,87,92,83,W,7,W,19,15.8,,6
9/24/2000,1008.9,29.9,25.3,27.9,85,92,78,WNW,6,WNW,27,7.6,,6
9/25/2000,1009.0,28.4,23.0,26.1,91,98,86,WNW,12,WNW,34,78.7,,8
9/26/2000,1009.2,27.5,24.0,25.9,91,93,87,WNW,12,WSW,32,24.9,,8
9/27/2000,1008.8,29.3,24.7,27.9,82,88,78,W,21,WSW,33,4.4,,6
9/28/2000,1009.6,29.4,24.6,27.1,84,91,82,WSW,10,WSW,20,0.2,,5
9/29/2000,1010.7,30.7,24.8,29.0,79,86,73,WNW,9,WNW,14,2.4,,3
9/30/2000,1010.7,30.0,25.2,28.0,83,88,78,WSW,9,WSW,16,0.1,,5
10/1/2000,1010.7,29.4,23.3,27.2,88,98,81,WSW,13,W,30,20.6,,7
10/2/2000,1011.3,28.4,22.9,25.5,91,95,86,SW,10,WSW,29,67.4,,8
10/3/2000,1010.8,29.4,22.7,27.2,85,92,79,SW,7,SW,28,49.6,,7
10/4/2000,1011.1,28.4,24.2,26.0,89,95,82,VRB,4,WSW,14,1.4,,7
10/5/2000,1010.9,29.6,24.8,27.4,82,86,80,W,7,W,19,15.1,,7
10/6/2000,1011.9,29.9,26.4,27.9,82,84,79,W,9,W,17,0.0,,6
10/7/2000,1011.6,30.6,26.6,29.0,78,84,74,WNW,8,W,15,0.0,,3
10/8/2000,1011.3,30.2,25.7,28.8,78,86,73,W,8,W,16,1.8,,2
10/9/2000,1010.2,30.7,25.9,28.7,77,84,70,WNW,8,W,14,0.0,,4
10/10/2000,1010.7,31.0,25.1,29.2,77,86,72,VRB,4,W,14,0.0,,2
10/11/2000,1011.8,30.1,24.9,28.2,82,90,77,VRB,4,WNW,17,0.3,,5
10/12/2000,1012.1,30.9,25.1,29.0,76,84,70,VRB,6,WSW,27,7.2,,7
10/13/2000,1010.2,30.8,25.7,28.7,78,88,73,WSW,10,W,18,0.4,,4
10/14/2000,1010.4,30.9,25.9,28.7,78,85,73,WNW,10,WNW,14,0.0,,7
10/15/2000,1011.0,30.3,26.2,28.7,78,84,74,WNW,11,WNW,19,0.0,,6
10/16/2000,1011.2,30.4,26.3,28.9,78,84,74,WNW,12,WNW,18,0.0,,5
10/17/2000,1010.4,30.5,26.8,29.1,75,84,70,WNW,12,WNW,22,0.0,,3
10/18/2000,1009.4,30.7,25.1,29.0,76,83,72,WNW,12,WNW,24,1.1,,2
10/19/2000,1009.7,30.6,25.6,28.5,81,88,75,WNW,8,NW,13,0.0,,5
10/20/2000,1011.1,30.5,25.8,29.1,75,83,71,WNW,9,WNW,14,0.0,,4
10/21/2000,1012.1,31.0,26.0,29.1,74,85,68,WNW,6,WNW,10,0.0,,3
10/22/2000,1011.7,30.9,24.9,28.8,78,86,71,WNW,7,WNW,33,10.2,,5
10/23/2000,1010.8,30.1,24.2,28.2,82,89,78,WNW,10,WNW,30,6.6,,7
10/24/2000,1011.4,30.0,26.4,28.3,79,88,74,WNW,9,WNW,18,0.0,,6
10/25/2000,1011.9,30.4,26.2,28.9,77,84,73,NW,11,NW,18,0.0,,5
10/26/2000,1011.2,30.0,23.4,28.0,80,86,73,NW,7,NW,12,0.1,,5
10/27/2000,1011.0,30.5,23.0,28.7,76,93,68,VRB,1,CALM,5,0.0,,2
10/28/2000,1012.2,31.1,22.9,28.5,77,95,69,VRB,2,CALM,5,0.0,,2
10/29/2000,1012.5,30.8,22.1,28.6,75,93,66,VRB,1,CALM,6,0.0,,1
10/30/2000,1012.2,30.6,25.1,28.4,77,95,66,VRB,3,NW,9,0.0,,1
10/31/2000,1010.9,30.8,24.9,29.0,75,90,68,WNW,6,NNW,14,0.0,,1
11/1/2000,1010.2,31.4,24.2,29.0,75,85,70,VRB,5,NW,10,0.0,,3
11/2/2000,1009.8,31.0,23.9,28.8,74,90,62,VRB,1,CALM,4,0.0,,1
11/3/2000,1011.3,31.4,25.0,29.0,72,95,64,VRB,3,E,9,0.0,,1
11/4/2000,1012.6,31.6,24.6,29.4,72,88,64,VRB,3,CALM,6,0.0,,2
11/5/2000,1011.8,31.9,24.9,29.2,76,88,72,N,6,NW,13,0.0,,2
11/6/2000,1010.4,32.1,24.5,29.4,75,90,66,VRB,3,NW,9,0.0,,4
11/7/2000,1009.9,31.4,24.6,29.1,81,92,73,VRB,2,NW,18,6.3,,4
11/8/2000,1010.1,31.3,24.0,28.8,77,85,70,VRB,3,ESE,9,4.0,,5
11/9/2000,1010.1,29.1,25.0,26.8,85,90,81,VRB,4,NNE,11,0.0,,7
11/10/2000,1010.4,30.4,23.9,27.9,81,88,73,VRB,5,N,12,15.1,,7
11/11/2000,1011.1,29.7,24.4,27.2,83,90,70,VRB,3,ESE,19,0.1,,7
11/12/2000,1009.5,30.4,23.5,28.5,82,90,74,N,6,SSW,20,19.8,,7
11/13/2000,1007.8,30.9,24.5,28.6,79,91,73,VRB,2,CALM,6,0.0,,5
11/14/2000,1008.5,31.0,24.7,28.6,79,95,73,VRB,3,E,9,1.8,,6
11/15/2000,1008.7,30.7,25.1,28.6,80,92,73,VRB,3,E,9,0.0,,6
11/16/2000,1009.4,31.1,25.2,29.1,77,88,71,VRB,5,NE,10,0.0,,7
11/17/2000,1008.7,31.1,25.0,28.9,78,88,70,NE,7,ENE,12,0.0,,7
11/18/2000,1008.7,30.3,25.1,28.4,81,90,73,VRB,3,NNW,9,0.0,,7
11/19/2000,1009.5,30.0,24.1,28.1,82,87,75,VRB,6,WNW,19,6.7,,7
11/20/2000,1010.6,28.9,25.4,27.0,84,90,79,N,7,N,14,0.0,,7
11/21/2000,1009.6,30.2,24.5,28.8,74,85,69,VRB,5,NNW,10,0.1,,3
11/22/2000,1010.2,29.1,23.1,27.0,84,93,76,NNW,8,N,19,18.4,,6
11/23/2000,1011.1,29.2,24.7,27.2,82,91,76,W,6,W,14,0.0,,5
11/24/2000,1012.0,30.4,25.2,28.5,79,88,73,VRB,3,CALM,6,0.0,,4
11/25/2000,1011.9,30.7,25.2,29.0,77,90,70,VRB,6,SE,14,0.0,,7
11/26/2000,1011.9,31.4,25.4,29.1,74,84,68,VRB,1,CALM,6,0.1,,5
11/27/2000,1011.9,30.7,24.5,28.9,75,87,67,VRB,6,N,10,0.0,,2
11/28/2000,1010.8,30.4,25.2,29.0,76,87,69,NW,8,NNW,14,0.0,,6
11/29/2000,1009.7,30.7,27.1,29.3,75,83,70,NNW,9,NW,19,0.0,,7
11/30/2000,1011.5,30.4,27.4,29.2,73,80,68,NW,13,NW,19,0.0,,5
12/1/2000,1011.4,31.1,24.2,29.4,72,83,66,WNW,7,WNW,12,0.0,,2
12/2/2000,1011.5,30.9,22.4,28.8,73,86,64,VRB,3,S,10,0.0,,1
12/3/2000,1012.4,31.0,25.8,28.6,73,93,63,VRB,2,ESE,7,0.0,,2
12/4/2000,1012.0,31.3,24.4,29.2,75,89,68,VRB,3,CALM,6,0.0,,5
12/5/2000,1011.4,30.7,25.3,28.6,77,91,69,VRB,4,NNE,14,0.2,,3
12/6/2000,1011.4,30.7,24.9,28.8,79,84,73,VRB,2,E,19,0.5,,6
12/7/2000,1011.1,31.7,25.0,29.4,76,86,69,VRB,5,NE,20,12.9,,5
12/8/2000,1010.9,30.4,25.0,28.8,78,90,68,ESE,10,ESE,18,0.0,,7
12/9/2000,1010.7,31.3,25.9,29.1,73,90,68,VRB,2,ESE,7,0.0,,2
12/10/2000,1011.4,30.9,24.4,29.1,74,83,68,ENE,6,ENE,13,0.0,,2
12/11/2000,1012.4,31.1,23.2,29.0,74,89,67,VRB,5,E,11,0.0,,2
12/12/2000,1012.5,30.7,21.7,28.6,72,93,60,VRB,5,NE,9,0.0,,1
12/13/2000,1012.1,30.9,23.9,28.4,73,95,64,VRB,3,E,9,0.0,,1
12/14/2000,1011.4,30.6,25.4,28.4,75,92,61,VRB,3,SE,8,0.0,,2
12/15/2000,1011.8,30.7,23.0,28.9,73,87,65,VRB,6,E,13,0.0,,2
12/16/2000,1012.9,30.6,22.1,28.5,70,90,60,N,7,N,14,0.0,,2
12/17/2000,1012.9,31.3,23.2,28.3,76,91,65,VRB,3,WSW,10,0.1,,4
12/18/2000,1012.7,29.4,26.4,28.1,76,82,72,VRB,5,N,11,0.0,,6
12/19/2000,1010.5,31.3,25.0,29.2,75,84,70,VRB,6,NNE,12,0.0,,6
12/20/2000,1010.6,31.2,24.8,28.7,78,87,71,VRB,3,N,9,0.1,,6
12/21/2000,1011.3,31.4,26.3,29.1,74,87,68,VRB,2,CALM,6,0.0,,6
12/22/2000,1011.8,31.1,23.1,29.0,70,84,58,N,6,N,11,0.0,,4
12/23/2000,1010.8,30.7,22.3,28.4,72,90,64,VRB,5,ENE,10,0.0,,2
12/24/2000,1010.9,30.5,25.2,28.1,75,91,64,VRB,2,NNW,10,0.0,,2
12/25/2000,1010.9,30.9,24.9,29.1,73,80,69,NNW,6,NNW,11,0.0,,6
12/26/2000,1011.2,30.4,26.7,29.1,72,78,66,NNW,9,NNW,15,0.0,,6
12/27/2000,1009.9,30.6,26.0,29.1,74,83,66,NNW,11,NNW,16,0.0,,7
12/28/2000,1010.3,30.7,25.2,28.7,76,85,70,NW,10,NW,17,0.0,,7
12/29/2000,1010.2,31.0,22.5,28.5,74,88,64,VRB,3,NNW,9,0.0,,3
12/30/2000,1010.3,30.7,22.1,28.4,73,93,64,VRB,4,SE,11,0.0,,1
12/31/2000,1011.0,30.4,22.3,28.2,72,95,60,VRB,1,CALM,5,0.0,,1
1/1/2001,1010.9,30.6,22.3,28.0,73,91,63,VRB,3,N,9,0.0,,2
1/2/2001,1011.2,30.4,22.7,28.2,75,93,65,VRB,4,NNW,10,0.0,,2
1/3/2001,1011.7,30.9,25.0,28.4,72,90,64,VRB,3,NE,9,0.0,,2
1/4/2001,1011.3,31.1,26.4,28.9,72,87,64,VRB,6,E,14,0.0,,2
1/5/2001,1011.1,30.7,26.8,29.2,73,86,66,ENE,8,E,16,0.0,,2
1/6/2001,1011.6,30.8,23.1,29.3,71,83,68,E,7,E,13,0.0,,3
1/7/2001,1011.1,31.4,22.5,28.2,76,90,70,VRB,5,NNE,10,0.0,,2
1/8/2001,1010.4,31.0,22.1,28.5,74,88,64,VRB,5,NNE,10,0.0,,2
1/9/2001,1011.4,30.7,24.5,28.0,79,91,61,VRB,4,E,18,0.0,,4
1/10/2001,1012.0,31.4,24.1,28.9,71,86,64,CALM,0,CALM,5,0.0,,4
1/11/2001,1010.7,31.4,23.6,28.8,76,91,65,VRB,4,NNE,11,0.0,,3
1/12/2001,1010.6,31.6,25.8,28.9,73,93,64,VRB,3,E,9,0.0,,3
1/13/2001,1011.0,31.2,26.9,28.7,78,87,72,ENE,11,ESE,22,0.0,,6
1/14/2001,1011.6,31.4,25.7,29.4,75,81,69,ESE,10,ESE,15,0.0,,4
1/15/2001,1012.3,31.2,25.0,29.1,75,84,70,VRB,5,E,11,0.0,,3
1/16/2001,1012.0,31.2,26.6,29.0,76,88,68,VRB,5,E,18,0.0,,5
1/17/2001,1011.8,30.7,24.5,28.9,72,83,69,E,11,E,19,0.0,,6
1/18/2001,1011.8,31.2,24.5,29.0,68,80,60,NE,7,NE,11,0.0,,4
1/19/2001,1011.0,32.1,26.0,29.0,69,75,63,NE,7,NE,17,0.0,,4
1/20/2001,1011.2,32.0,24.2,29.0,74,80,69,NE,7,NE,13,0.0,,7
1/21/2001,1010.3,31.7,23.8,28.9,75,91,66,VRB,5,N,11,0.0,,5
1/22/2001,1009.9,31.6,24.9,28.7,75,87,66,VRB,2,NNW,8,0.0,,4
1/23/2001,1009.3,31.4,25.0,29.1,73,81,67,N,6,N,15,0.0,,6
1/24/2001,1009.9,31.6,25.4,29.0,73,86,66,N,6,N,10,10.6,,6
1/25/2001,1010.2,30.0,22.2,26.1,90,93,86,NW,11,NW,26,85.0,,7
1/26/2001,1009.6,27.4,24.0,25.9,87,93,84,VRB,6,ENE,21,2.7,,8
1/27/2001,1010.8,30.4,23.9,28.2,80,92,68,VRB,6,SSW,13,0.0,,7
1/28/2001,1010.1,30.4,23.9,28.4,80,90,73,CALM,0,E,18,0.3,,7
1/29/2001,1010.5,30.0,26.2,28.1,79,84,74,E,8,SE,13,0.0,,7
1/30/2001,1010.0,30.8,24.5,29.2,75,89,67,VRB,6,NE,9,0.0,,5
1/31/2001,1008.9,30.9,23.8,27.6,82,91,76,NE,8,NE,21,61.2,,7
2/1/2001,1009.7,28.8,23.9,26.0,91,96,81,S,10,S,22,14.2,,8
2/2/2001,1009.3,30.1,25.8,27.4,84,88,76,E,7,E,20,0.0,,7
2/3/2001,1009.5,30.8,24.4,28.5,81,89,76,VRB,6,SSE,10,0.0,,7
2/4/2001,1010.2,30.9,25.0,28.6,79,92,74,VRB,3,CALM,6,0.0,,5
2/5/2001,1011.2,31.4,24.6,29.0,78,85,72,CALM,0,CALM,4,0.0,,3
2/6/2001,1011.5,30.4,25.4,28.7,77,89,73,VRB,3,NNW,16,0.0,,4
2/7/2001,1010.9,30.6,23.2,28.8,78,87,71,N,7,N,13,0.0,,2
2/8/2001,1011.1,31.0,22.9,28.6,76,87,68,VRB,3,CALM,6,0.0,,2
2/9/2001,1012.2,31.1,22.7,28.5,74,93,63,VRB,4,NE,11,0.0,,1
2/10/2001,1012.4,30.9,23.2,27.2,74,93,61,VRB,4,ENE,10,0.0,,1
2/11/2001,1011.6,30.6,23.6,28.2,70,91,63,NW,6,N,11,0.0,,1
2/12/2001,1011.3,30.5,25.2,28.3,72,87,61,VRB,5,NW,13,0.0,,2
2/13/2001,1011.9,30.8,25.8,28.6,72,90,63,N,7,N,12,0.0,,2
2/14/2001,1011.1,30.4,24.2,28.6,76,86,71,N,8,N,14,4.8,,2
2/15/2001,1012.2,30.7,24.6,27.9,78,84,73,VRB,6,ESE,19,7.0,,4
2/16/2001,1012.8,29.4,24.6,27.3,84,91,82,N,7,N,16,0.5,,7
2/17/2001,1012.6,30.6,24.9,28.4,79,90,74,N,8,N,13,0.0,,3
2/18/2001,1012.3,30.7,26.2,28.5,77,90,68,N,8,NNE,16,0.0,,3
2/19/2001,1012.9,31.2,24.5,28.6,82,89,78,N,8,N,14,0.0,,3
2/20/2001,1013.2,30.8,24.0,28.6,79,87,74,N,7,N,11,0.0,,2
2/21/2001,1011.6,31.0,24.6,28.2,75,92,67,N,5,N,12,0.0,,3
2/22/2001,1011.4,31.0,25.6,28.4,75,90,68,N,8,N,16,0.0,,2
2/23/2001,1011.5,30.8,22.6,28.9,75,85,69,N,7,N,11,0.0,,2
2/24/2001,1012.1,31.6,23.0,28.6,74,85,67,VRB,3,N,7,0.0,,1
2/25/2001,1011.1,31.4,25.6,28.8,74,87,67,VRB,3,NW,7,0.0,,2
2/26/2001,1010.8,31.4,24.0,29.0,73,84,67,NW,7,NW,11,0.0,,2
2/27/2001,1011.7,31.0,23.0,29.0,73,82,67,NW,5,NW,11,0.0,,1
2/28/2001,1012.7,31.8,23.4,28.6,74,84,65,VRB,3,N,10,0.0,,1
3/1/2001,1013.2,32.0,24.5,29.2,71,90,62,VRB,5,ENE,9,0.0,,1
3/2/2001,1012.9,31.9,26.6,29.7,68,75,62,ENE,8,ENE,13,0.0,,1
3/3/2001,1012.9,31.9,27.0,29.6,70,75,64,E,9,E,15,0.0,,2
3/4/2001,1013.3,32.1,25.2,29.8,73,79,67,VRB,6,E,11,0.0,,3
3/5/2001,1012.8,32.6,23.5,29.5,72,79,66,VRB,4,E,10,0.0,,1
3/6/2001,1013.1,31.6,24.4,29.1,74,84,68,VRB,2,N,8,0.0,,1
3/7/2001,1012.3,32.4,24.0,29.5,76,91,69,N,7,N,14,0.0,,1
3/8/2001,1010.9,32.4,23.5,29.3,72,83,63,NE,6,NE,12,0.0,,1
3/9/2001,1011.7,32.4,24.0,29.0,72,93,63,CALM,0,CALM,6,0.0,,2
3/10/2001,1011.9,32.6,24.7,29.4,75,90,67,VRB,2,CALM,6,0.0,,2
3/11/2001,1012.7,32.2,25.0,29.3,75,91,67,VRB,4,N,9,0.0,,1
3/12/2001,1012.0,32.1,25.5,29.2,76,88,72,N,6,N,10,0.0,,2
3/13/2001,1011.3,32.6,25.4,29.5,74,88,67,N,6,N,11,0.0,,1
3/14/2001,1011.4,32.8,24.5,29.5,73,87,66,N,4,N,8,0.0,,1
3/15/2001,1012.5,32.4,23.8,29.7,74,84,66,E,4,N,9,0.0,,2
3/16/2001,1011.8,32.4,25.2,29.6,73,91,65,NE,5,N,10,0.0,,1
3/17/2001,1010.8,32.0,26.0,29.7,75,82,70,NNW,4,N,10,0.0,,4
3/18/2001,1010.7,32.6,23.8,29.6,74,89,74,NNW,5,NNW,9,0.0,,2
3/19/2001,1011.7,32.4,24.0,29.4,74,85,66,N,3,N,8,0.0,,1
3/20/2001,1011.3,32.4,25.0,29.6,74,90,68,NNW,5,N,10,0.0,,1
3/21/2001,1010.5,32.1,25.0,29.7,74,82,68,NNW,4,NNW,8,0.0,,1
3/22/2001,1009.9,32.2,26.2,29.7,77,90,68,NNW,7,NW,11,0.0,,1
3/23/2001,1009.8,32.0,25.8,29.7,76,86,71,NW,7,NW,13,0.0,,2
3/24/2001,1010.0,32.0,26.6,29.5,75,87,69,NW,7,NW,13,0.0,,2
3/25/2001,1010.5,31.8,27.8,29.8,75,86,68,NW,9,NW,13,0.0,,2
3/26/2001,1010.1,31.6,27.4,29.9,75,82,71,NW,9,NW,12,0.0,,2
3/27/2001,1009.6,31.6,27.6,29.8,73,82,68,NW,9,NW,12,0.0,,1
3/28/2001,1009.9,32.0,25.6,30.0,71,80,66,NW,10,NW,14,0.0,,1
3/29/2001,1009.0,32.2,25.0,30.1,71,77,66,NW,4,NW,7,0.0,,1
3/30/2001,1010.0,32.4,26.2,29.7,72,85,65,NW,4,NW,10,0.0,,1
3/31/2001,1010.8,32.5,27.0,30.0,75,82,70,NW,8,NW,13,0.0,,1
4/1/2001,1010.7,31.8,27.6,29.9,71,84,63,N,11,N,17,0.0,,1
4/2/2001,1009.4,32.5,24.6,30.0,69,79,65,N,8,N,12,0.0,,2
4/3/2001,1009.6,32.4,24.2,29.9,70,79,65,N,5,N,10,0.0,,1
4/4/2001,1010.6,33.4,24.5,29.8,72,93,60,VRB,2,E,8,0.0,,2
4/5/2001,1010.3,33.6,25.4,30.4,71,90,60,NE,4,NE,8,0.0,,3
4/6/2001,1010.1,33.1,26.3,30.4,72,89,63,SE,4,E,7,0.0,,3
4/7/2001,1012.1,31.8,25.4,28.0,82,92,69,N,4,N,15,5.6,,5
4/8/2001,1010.7,33.3,25.6,30.1,74,89,67,VRB,1,SSW,8,0.0,,3
4/9/2001,1009.6,33.0,23.8,30.0,75,88,70,VRB,3,NW,20,7.8,,5
4/10/2001,1010.5,31.2,24.4,28.8,80,93,70,NW,4,NNW,16,3.1,,7
4/11/2001,1010.8,30.4,23.6,27.6,83,93,74,SW,7,SW,27,25.6,,7
4/12/2001,1009.9,31.4,26.5,28.3,79,88,72,NW,7,NNW,24,0.2,,7
4/13/2001,1009.9,32.2,24.8,29.9,76,83,70,S,7,S,14,2.3,,4
4/14/2001,1011.5,31.4,25.5,28.9,76,84,70,S,10,S,18,1.0,,7
4/15/2001,1012.6,32.1,25.4,29.6,78,87,72,VRB,4,WNW,15,2.6,,6
4/16/2001,1012.4,31.6,26.2,29.5,75,85,70,WSW,6,W,15,0.0,,3
4/17/2001,1011.4,31.8,26.4,29.8,78,86,71,W,8,WNW,18,0.0,,3
4/18/2001,1010.2,32.4,26.8,29.9,73,81,68,WNW,5,WNW,18,3.6,,6
4/19/2001,1010.1,31.8,25.2,29.0,81,91,74,NW,5,NE,14,4.0,,6
4/20/2001,1009.0,31.6,26.0,29.2,78,88,70,SE,5,SE,16,2.3,,6
4/21/2001,1008.2,32.1,24.2,29.2,81,89,75,VRB,2,NNW,19,9.8,,6
4/22/2001,1008.5,31.8,25.8,29.2,78,92,70,VRB,3,WSW,11,0.0,,4
4/23/2001,1008.4,32.6,26.4,29.9,78,89,74,VRB,2,WSW,11,0.0,,5
4/24/2001,1009.5,32.4,27.5,30.2,76,86,69,NW,4,NNW,10,0.0,,5
4/25/2001,1009.6,32.6,28.2,30.5,74,83,64,WNW,4,NW,11,0.0,,6
4/26/2001,1009.6,32.4,24.6,30.2,76,83,70,WNW,6,N,15,6.6,,7
4/27/2001,1009.6,32.4,24.2,27.8,83,93,76,VRB,4,N,15,2.1,,7
4/28/2001,1008.5,31.2,24.0,28.7,80,84,76,WNW,9,WSW,23,54.8,,7
4/29/2001,1008.5,31.2,24.1,28.6,82,86,77,W,10,NW,25,13.2,,8
4/30/2001,1009.2,31.0,24.6,28.2,80,86,75,NW,9,WNW,19,20.6,,7
5/1/2001,1009.9,30.5,24.7,27.6,85,92,81,NW,7,WNW,20,17.2,,7
5/2/2001,1008.8,28.4,24.5,26.5,88,90,84,VRB,3,WSW,16,4.1,,7
5/3/2001,1007.5,31.0,25.2,28.7,81,90,74,SW,10,W,20,0.8,,6
5/4/2001,1008.3,30.8,27.2,29.2,76,86,70,WSW,11,WSW,19,0.2,,3
5/5/2001,1009.7,31.6,27.8,29.8,76,81,73,NW,9,W,14,0.0,,2
5/6/2001,1009.5,31.4,28.2,29.9,76,79,73,WSW,10,WSW,16,0.0,,2
5/7/2001,1010.6,32.2,28.0,30.3,75,79,71,W,8,WSW,18,0.0,,5
5/8/2001,1010.1,32.2,28.3,30.1,77,82,73,WNW,9,WNW,18,0.0,,7
5/9/2001,1010.1,32.2,28.1,30.3,75,80,69,W,10,WNW,19,0.0,,4
5/10/2001,1010.6,32.0,28.5,30.5,75,79,69,NW,9,WNW,17,0.0,,3
5/11/2001,1010.5,32.3,28.2,30.8,75,82,69,WNW,8,WNW,19,0.0,,3
5/12/2001,1010.4,32.4,27.9,30.1,75,80,70,WNW,8,WNW,20,0.0,,4
5/13/2001,1010.0,30.8,23.5,27.4,87,97,78,WNW,8,NNW,21,89.4,,7
5/14/2001,1010.2,31.4,27.1,29.9,77,81,75,WSW,6,WSW,15,0.4,,3
5/15/2001,1010.7,31.7,27.2,29.8,77,82,72,WNW,7,WNW,18,0.0,,4
5/16/2001,1011.2,32.1,27.1,29.9,79,87,75,W,6,NW,15,0.1,,3
5/17/2001,1012.4,31.2,24.7,28.6,79,87,75,WNW,8,WSW,24,10.0,,6
5/18/2001,1011.3,31.2,27.8,29.6,79,86,72,WSW,6,WNW,15,0.0,,7
5/19/2001,1010.3,31.1,27.0,27.1,77,83,73,W,8,WNW,27,0.0,,7
5/20/2001,1010.0,30.9,24.9,29.7,78,82,74,NW,10,WNW,35,9.8,,7
5/21/2001,1009.1,31.7,26.1,29.3,76,80,69,WNW,7,NW,26,0.2,,7
5/22/2001,1009.3,30.6,26.5,29.3,81,85,78,SW,10,WNW,21,0.3,,7
5/23/2001,1009.9,31.5,22.4,29.7,78,80,76,WSW,11,WSW,22,0.7,,7
5/24/2001,1009.5,31.4,27.8,29.8,78,82,76,WSW,10,WSW,19,0.0,,5
5/25/2001,1007.9,31.7,25.0,29.3,78,83,73,WSW,9,W,23,6.7,,2
5/26/2001,1008.7,31.0,24.5,28.4,84,87,83,SW,14,SW,34,7.6,,6
5/27/2001,1009.0,30.7,25.3,29.1,82,88,78,W,8,WSW,29,2.5,,7
5/28/2001,1009.6,31.4,24.7,28.8,83,85,80,SW,11,WNW,30,2.7,,7
5/29/2001,1010.5,30.7,24.0,26.8,87,96,74,WNW,13,NNW,35,52.4,,7
5/30/2001,1011.1,30.8,24.7,27.0,84,89,80,WNW,18,WSW,32,0.5,,8
5/31/2001,1009.4,31.2,25.8,29.0,81,87,78,NW,10,NW,19,2.6,,7
6/1/2001,1008.9,31.2,26.7,27.2,78,83,71,WNW,11,WNW,23,0.1,,7
6/2/2001,1009.9,31.2,26.4,29.9,77,79,74,WNW,13,NW,24,0.2,,3
6/3/2001,1009.9,31.4,27.2,29.4,85,92,81,WNW,11,NW,17,0.0,,6
6/4/2001,1009.5,30.0,23.0,26.6,85,90,81,NW,13,NW,29,41.0,,7
6/5/2001,1009.0,30.0,26.7,28.2,84,85,83,W,12,W,26,0.0,,7
6/6/2001,1007.6,30.9,23.2,28.6,80,83,76,W,11,WNW,27,11.5,,7
6/7/2001,1008.6,28.4,24.1,26.5,89,97,86,WNW,14,WNW,28,11.1,,7
6/8/2001,1007.3,29.4,24.0,27.2,82,84,79,W,15,WNW,36,14.0,,7
6/9/2001,1008.0,30.2,23.4,27.9,84,92,81,W,10,WNW,30,24.4,,8
6/10/2001,1008.0,29.5,24.1,27.8,84,93,79,WSW,15,WNW,30,24.1,,7
6/11/2001,1008.9,29.0,23.7,25.7,91,96,86,W,15,W,31,19.3,,8
6/12/2001,1009.2,28.4,24.0,26.8,87,90,83,SW,12,W,28,16.8,,7
6/13/2001,1010.7,29.6,24.2,27.7,88,90,86,WSW,11,WSW,20,3.5,,7
6/14/2001,1010.4,29.4,25.1,27.4,86,88,81,W,9,W,27,1.2,,8
6/15/2001,1010.9,30.7,26.9,29.1,78,81,74,W,10,WNW,21,0.0,,5
6/16/2001,1010.5,30.8,26.4,29.3,77,83,73,W,8,W,16,0.0,,3
6/17/2001,1010.5,31.0,27.0,29.3,77,89,73,WSW,9,WSW,12,0.0,,6
6/18/2001,1010.7,30.7,26.2,29.4,76,82,71,WSW,7,WNW,17,0.0,,3
6/19/2001,1011.5,30.6,27.1,29.1,78,83,75,WSW,7,W,12,0.0,,6
6/20/2001,1011.6,31.4,26.6,29.6,75,82,72,W,8,WNW,14,0.0,,4
6/21/2001,1011.7,31.4,26.8,29.6,76,81,72,W,9,WNW,17,0.0,,4
6/22/2001,1011.1,30.5,24.5,29.0,77,81,71,WSW,10,WNW,28,5.3,,6
6/23/2001,1010.6,30.4,25.6,29.0,83,86,80,W,13,W,28,1.2,,7
6/24/2001,1010.5,30.7,27.5,29.4,77,83,70,WNW,14,WNW,22,0.0,,7
6/25/2001,1011.6,31.0,25.6,29.7,77,82,74,WNW,12,WSW,21,0.2,,5
6/26/2001,1011.1,30.8,25.0,28.7,78,82,74,WNW,13,WNW,36,5.0,,6
6/27/2001,1011.6,30.6,26.4,29.1,78,80,75,W,11,NW,25,0.7,,6
6/28/2001,1011.6,30.2,25.5,28.6,78,83,73,W,11,WNW,25,7.2,,7
6/29/2001,1010.6,30.7,26.7,28.5,80,86,77,W,10,WSW,18,0.3,,6
6/30/2001,1010.7,30.8,25.1,29.3,75,80,69,W,9,WNW,21,0.0,,5
7/1/2001,1011.7,30.6,25.6,28.6,82,89,79,WSW,9,W,24,3.8,,4
7/2/2001,1011.9,31.1,24.5,29.3,76,86,70,W,12,WNW,24,2.8,,6
7/3/2001,1010.7,30.4,24.1,27.6,81,86,75,W,14,W,28,17.1,,6
7/4/2001,1009.7,29.4,24.5,27.8,83,86,79,WSW,16,WNW,36,11.7,,7
7/5/2001,1009.0,30.4,26.9,29.2,79,83,75,WSW,14,W,22,0.0,,5
7/6/2001,1009.2,30.5,24.4,29.3,77,80,73,W,14,WNW,28,4.6,,6
7/7/2001,1009.6,30.6,23.8,29.4,78,82,78,WSW,10,WNW,35,21.3,,6
7/8/2001,1008.8,30.1,23.8,27.0,85,91,81,WSW,20,W,40,17.7,,7
7/9/2001,1009.1,29.2,22.9,28.1,86,90,83,WSW,13,WNW,35,17.1,,8
7/10/2001,1010.3,30.2,23.2,27.7,84,90,82,SW,12,W,37,15.5,,7
7/11/2001,1010.0,30.6,24.2,28.5,81,84,78,WSW,7,WSW,19,0.0,,7
7/12/2001,1010.2,30.6,24.4,28.5,85,90,81,WNW,5,W,12,0.0,,4
7/13/2001,1011.0,30.8,24.2,26.2,82,88,78,VRB,3,W,18,2.4,,5
7/14/2001,1012.2,30.4,24.5,28.7,79,85,73,NNW,6,N,12,0.0,,6
7/15/2001,1012.7,30.8,25.8,29.1,80,86,74,NW,7,WNW,16,0.2,,4
7/16/2001,1012.3,30.1,26.6,28.6,80,86,75,WNW,9,WNW,14,0.0,,6
7/17/2001,1012.2,30.4,27.1,28.9,80,83,77,WNW,6,WNW,19,0.0,,8
7/18/2001,1010.8,30.6,26.9,29.2,76,81,71,WNW,9,WNW,17,0.0,,6
7/19/2001,1010.1,30.8,24.7,29.3,77,82,73,WNW,8,WNW,22,1.7,,6
7/20/2001,1010.9,29.4,25.8,27.2,83,86,80,WNW,14,WNW,26,0.0,,7
7/21/2001,1009.4,30.8,26.7,29.4,79,85,73,WNW,11,WNW,18,0.0,,7
7/22/2001,1009.4,30.4,25.4,29.1,76,80,73,WNW,11,WNW,19,0.0,,6
7/23/2001,1009.5,30.8,26.2,29.2,79,82,77,W,10,WNW,19,0.0,,6
7/24/2001,1009.4,30.8,23.9,29.1,78,80,74,WNW,11,WNW,18,6.2,,5
7/25/2001,1009.6,30.4,24.0,28.3,78,81,74,WNW,13,WNW,33,4.6,,3
7/26/2001,1010.6,30.6,23.2,27.2,91,98,83,WNW,15,WNW,31,13.8,,7
7/27/2001,1010.1,30.0,23.9,27.9,85,90,82,WNW,14,WNW,32,1.0,,7
7/28/2001,1010.3,29.3,24.4,26.9,84,87,80,WNW,17,W,28,10.6,,7
7/29/2001,1011.8,30.0,25.4,28.6,85,86,83,WNW,10,WNW,19,0.0,,7
7/30/2001,1010.8,29.9,27.0,28.7,80,82,76,WNW,14,WNW,22,0.0,,6
7/31/2001,1011.0,30.0,26.4,28.8,82,83,80,W,16,W,22,0.0,,7
8/1/2001,1011.5,29.9,25.0,28.6,80,83,77,WNW,14,WNW,25,0.1,,7
8/2/2001,1010.6,30.0,25.6,28.4,85,90,83,WNW,16,WNW,31,4.6,,7
8/3/2001,1009.1,30.0,24.0,28.8,80,83,73,WNW,17,WNW,27,7.7,,7
8/4/2001,1011.5,28.6,23.5,26.4,88,92,83,W,15,WNW,36,11.4,,8
8/5/2001,1011.9,29.7,26.5,28.4,80,83,76,WNW,13,WNW,24,0.0,,6
8/6/2001,1011.2,30.2,26.1,28.8,82,85,79,NW,11,NW,20,0.1,,5
8/7/2001,1009.8,30.2,24.6,28.8,80,82,77,WNW,9,WNW,18,0.0,,6
8/8/2001,1010.7,30.2,24.2,26.3,83,97,79,WNW,11,WNW,27,1.4,,6
8/9/2001,1011.8,30.1,24.5,28.6,80,82,76,NW,9,NW,29,5.2,,7
8/10/2001,1011.2,30.1,26.1,28.8,84,87,79,NW,13,NW,21,0.9,,3
8/11/2001,1010.6,30.5,25.4,28.9,79,83,75,WNW,11,NNW,21,1.4,,2
8/12/2001,1010.6,30.0,24.2,28.6,84,89,79,WSW,8,WNW,18,6.3,,6
8/13/2001,1010.8,30.1,24.4,28.2,82,90,77,SW,10,WNW,19,2.3,,4
8/14/2001,1012.1,30.5,23.9,29.1,82,88,79,WSW,6,SW,13,18.6,,3
8/15/2001,1013.1,30.4,25.6,28.5,79,81,77,SW,6,WSW,14,0.0,,5
8/16/2001,1012.6,30.8,25.0,28.8,85,87,83,SSW,5,WNW,18,0.0,,3
8/17/2001,1012.3,31.4,25.5,29.0,79,86,73,WSW,5,W,11,0.0,,4
8/18/2001,1011.9,31.0,26.5,28.9,81,90,75,WSW,6,WSW,13,0.0,,5
8/19/2001,1011.9,30.8,25.7,29.3,77,83,70,WSW,10,WNW,17,2.3,,6
8/20/2001,1011.9,31.0,25.4,28.8,81,84,77,WSW,10,W,24,0.6,,6
8/21/2001,1012.2,30.9,26.0,28.6,81,86,74,WNW,11,WNW,24,0.0,,5
8/22/2001,1011.0,30.8,27.1,29.0,79,84,77,WNW,9,WNW,17,0.0,,2
8/23/2001,1010.2,30.7,25.8,29.3,77,84,73,WNW,10,WSW,21,1.5,,2
8/24/2001,1010.5,31.0,25.1,28.6,81,87,78,W,10,W,17,0.3,,4
8/25/2001,1012.8,29.2,23.7,25.8,87,93,83,NW,15,NW,31,32.5,,6
8/26/2001,1012.4,28.6,24.9,27.5,85,90,80,NW,15,NW,27,0.0,,8
8/27/2001,1011.3,30.2,26.5,28.1,82,90,79,NW,13,NW,26,0.0,,7
8/28/2001,1011.6,30.2,24.1,28.2,80,92,70,NW,13,W,34,12.9,,7
8/29/2001,1011.0,30.0,25.5,28.5,79,83,76,NW,9,NW,22,0.6,,7
8/30/2001,1010.5,30.0,23.7,28.3,85,100,81,NW,12,WNW,28,2.8,,7
8/31/2001,1010.1,30.4,24.0,29.0,78,83,73,NW,12,NNW,26,11.7,,6
9/1/2001,1010.2,29.8,25.6,28.5,80,83,78,NW,13,NW,23,1.5,,7
9/2/2001,1010.6,29.6,25.2,28.4,80,82,76,NW,8,NW,15,0.7,,7
9/3/2001,1011.7,30.6,25.4,29.1,81,89,76,NW,7,N,17,0.0,,3
9/4/2001,1012.4,30.7,26.1,29.0,78,86,73,NW,5,N,9,0.0,,5
9/5/2001,1012.2,31.0,26.5,29.1,78,86,72,NW,5,NW,10,0.0,,4
9/6/2001,1012.0,30.7,26.2,29.1,77,83,73,NW,6,NNW,13,0.0,,3
9/7/2001,1012.2,30.7,26.5,28.9,76,83,73,WNW,6,NNW,14,0.1,,6
9/8/2001,1012.1,30.8,26.2,29.1,76,86,70,NW,7,NW,13,0.0,,3
9/9/2001,1011.6,30.8,26.1,29.2,78,83,74,W,7,NW,14,0.0,,5
9/10/2001,1010.6,31.2,26.0,29.4,74,83,69,NW,5,NNW,17,0.0,,2
9/11/2001,1010.2,31.0,26.5,29.2,76,80,75,NW,6,NNW,16,0.0,,2
9/12/2001,1010.4,31.1,24.2,28.5,76,83,71,NNW,11,NNW,25,3.5,,5
9/13/2001,1009.8,29.8,25.9,28.0,81,90,75,NW,8,NNW,17,1.8,,7
9/14/2001,1009.8,31.2,26.7,29.2,75,81,70,NW,7,NW,15,0.0,,7
9/15/2001,1010.5,31.0,23.6,29.2,79,82,75,NNW,8,NNW,20,2.3,,5
9/16/2001,1011.1,30.1,25.2,27.4,86,92,80,WNW,9,SSW,17,1.4,,7
9/17/2001,1011.1,31.4,25.8,29.0,80,84,76,W,5,NNW,14,0.0,,5
9/18/2001,1010.4,31.4,24.0,29.3,77,84,72,W,4,WNW,19,0.1,,7
9/19/2001,1010.8,30.4,25.4,27.9,86,90,81,WSW,12,WSW,28,0.2,,7
9/20/2001,1010.5,31.8,25.2,28.9,79,84,73,WNW,7,WSW,15,0.0,,6
9/21/2001,1010.2,31.0,22.5,27.2,86,92,83,WSW,8,W,23,74.7,,7
9/22/2001,1011.7,29.1,23.2,25.9,89,95,83,WSW,10,SSW,24,49.1,,7
9/23/2001,1011.8,29.0,23.1,27.1,86,95,83,WSW,13,SW,26,32.4,,7
9/24/2001,1011.6,28.2,22.6,26.0,89,92,83,WSW,13,WSW,27,69.9,,7
9/25/2001,1010.9,28.4,23.2,27.3,84,89,81,W,12,NW,30,1.7,,8
9/26/2001,1009.8,30.4,25.6,28.8,77,83,73,WNW,9,W,22,1.2,,6
9/27/2001,1009.9,30.2,23.2,27.4,83,89,77,W,9,WNW,28,25.2,,7
9/28/2001,1009.3,28.5,24.2,26.8,86,90,82,WNW,15,WNW,35,18.9,,7
9/29/2001,1009.2,29.4,23.3,27.4,81,84,79,W,17,WNW,37,39.3,,7
9/30/2001,1009.5,29.6,24.1,26.8,82,91,76,WNW,17,WNW,38,9.2,,7
10/1/2001,1010.5,30.0,23.5,28.2,82,86,80,W,17,WNW,34,5.9,,4
10/2/2001,1011.5,29.6,23.8,27.7,83,88,79,WNW,15,WNW,33,11.4,,5
10/3/2001,1011.7,28.8,23.5,26.3,88,95,83,WNW,16,W,32,12.3,,7
10/4/2001,1010.9,29.8,25.7,28.4,83,87,78,WNW,12,WNW,20,0.1,,6
10/5/2001,1010.6,29.8,26.5,28.4,81,83,78,WNW,12,WNW,22,0.4,,7
10/6/2001,1010.1,30.0,26.2,28.7,82,89,78,WNW,14,WNW,23,0.0,,6
10/7/2001,1010.6,30.0,24.2,28.6,81,85,75,WNW,14,WNW,36,4.8,,3
10/8/2001,1010.8,30.4,25.0,28.7,79,87,74,WNW,9,NNW,20,2.1,,3
10/9/2001,1011.3,30.6,24.3,29.1,76,83,73,W,9,NW,21,6.9,,2
10/10/2001,1012.3,30.2,25.2,28.5,79,83,73,W,9,NW,20,0.0,,2
10/11/2001,1013.6,29.2,24.4,26.7,83,92,73,WSW,10,W,22,19.5,,5
10/12/2001,1012.6,30.2,25.2,28.2,81,87,74,WSW,8,SSW,19,1.3,,5
10/13/2001,1011.3,30.6,25.5,28.7,77,81,73,SSW,11,WSW,23,0.1,,3
10/14/2001,1010.8,29.7,24.8,27.9,81,86,76,WSW,13,W,30,2.0,,5
10/15/2001,1011.1,29.8,24.4,27.9,82,90,75,WNW,15,WNW,31,4.1,,7
10/16/2001,1010.6,30.4,24.9,28.4,81,85,78,WNW,12,WNW,27,1.2,,7
10/17/2001,1009.8,30.6,24.9,28.2,81,86,77,W,11,WNW,29,8.8,,7
10/18/2001,1010.3,30.3,24.6,27.9,81,89,78,W,11,WNW,24,18.7,,7
10/19/2001,1011.9,30.9,26.4,28.7,77,84,73,W,6,W,15,0.0,,3
10/20/2001,1012.6,30.4,26.2,29.1,79,86,75,WNW,6,WNW,13,0.0,,3
10/21/2001,1011.0,30.3,25.4,28.6,80,87,74,WNW,8,WNW,18,0.2,,3
10/22/2001,1010.1,30.5,24.1,28.6,80,84,75,WNW,8,WNW,23,9.8,,6
10/23/2001,1010.0,30.9,25.6,28.9,80,86,75,WNW,5,NW,12,0.0,,4
10/24/2001,1009.3,31.2,24.2,27.9,83,87,80,VRB,4,WNW,14,10.4,,7
10/25/2001,1009.3,30.7,24.2,29.0,78,83,73,W,7,W,16,0.0,,7
10/26/2001,1008.9,30.4,25.8,28.9,78,83,73,WNW,9,WNW,15,0.0,,6
10/27/2001,1010.2,30.9,26.3,29.0,77,83,73,W,8,WNW,16,0.0,,7
10/28/2001,1010.7,30.2,24.0,29.0,80,83,77,W,10,WNW,17,0.5,,7
10/29/2001,1010.4,31.2,25.1,27.9,83,90,76,W,10,W,17,0.0,,7
10/30/2001,1010.5,30.9,25.8,28.9,79,90,74,WNW,6,WNW,13,0.8,,4
10/31/2001,1011.3,31.0,24.3,28.5,86,90,83,WNW,6,NW,18,3.2,,6
11/1/2001,1011.9,30.4,25.5,28.9,76,83,70,NW,6,NW,9,0.0,,2
11/2/2001,1012.7,31.0,23.4,29.2,78,90,73,VRB,3,WNW,6,0.0,,1
11/3/2001,1011.8,31.3,25.5,29.0,76,89,69,VRB,3,W,7,0.0,,2
11/4/2001,1011.3,30.8,25.4,28.8,80,86,77,WSW,4,WSW,8,0.0,,5
11/5/2001,1011.6,31.1,24.5,28.8,77,90,69,VRB,4,WSW,10,0.0,,2
11/6/2001,1011.3,31.0,24.3,29.4,74,80,67,WSW,6,SW,12,3.2,,3
11/7/2001,1010.3,31.1,26.5,29.1,78,84,74,WSW,7,WSW,12,0.0,,3
11/8/2001,1009.2,31.2,26.2,29.3,83,90,79,WSW,8,WSW,14,0.0,,5
11/9/2001,1009.6,30.7,26.5,28.9,81,83,77,WNW,6,WNW,14,0.0,,6
11/10/2001,1009.4,32.0,27.0,29.7,80,86,73,W,6,WNW,16,0.0,,5
11/11/2001,1009.5,31.0,26.4,29.2,77,80,71,WNW,10,WNW,16,0.0,,6
11/12/2001,1010.0,31.2,26.1,29.1,74,80,70,WNW,6,WNW,11,0.0,,5
11/13/2001,1011.3,31.4,26.6,29.3,73,77,70,W,6,WNW,10,0.0,,2
11/14/2001,1012.5,31.2,25.4,29.0,69,80,62,WNW,5,WSW,13,0.0,,6
11/15/2001,1012.6,31.1,26.4,28.8,71,78,66,W,9,WNW,16,0.0,,4
11/16/2001,1011.7,30.4,25.9,28.8,74,77,69,WNW,9,WNW,14,0.0,,6
11/17/2001,1012.3,29.7,23.4,28.0,80,82,78,NW,10,WNW,21,1.8,,5
11/18/2001,1012.1,31.6,25.8,29.1,76,90,67,VRB,2,ENE,8,0.0,,5
11/19/2001,1012.0,31.2,23.3,29.1,76,83,72,VRB,2,ENE,10,0.0,,6
11/20/2001,1012.8,30.4,22.1,27.2,82,89,70,VRB,3,NE,16,2.1,,6
11/21/2001,1012.6,31.6,23.7,28.5,77,96,67,VRB,2,NW,7,0.0,,3
11/22/2001,1011.1,32.1,23.2,29.1,77,90,69,VRB,2,S,12,0.0,,6
11/23/2001,1012.3,30.6,24.1,27.6,80,91,69,VRB,3,NW,14,0.0,,7
11/24/2001,1012.1,30.9,25.6,28.7,80,89,75,ESE,6,ESE,14,0.0,,5
11/25/2001,1012.1,31.4,22.7,28.7,77,83,70,VRB,4,N,15,52.0,,3
11/26/2001,1011.9,31.5,22.8,28.4,79,92,71,VRB,2,WNW,8,0.0,,4
11/27/2001,1012.2,31.3,23.6,28.4,79,91,71,VRB,2,W,9,0.2,,3
11/28/2001,1011.3,31.4,25.0,28.3,81,95,70,VRB,2,E,8,0.0,,4
11/29/2001,1010.9,31.5,23.9,29.3,77,83,70,VRB,3,ESE,12,10.8,,5
11/30/2001,1011.5,31.3,24.2,28.2,81,90,69,ESE,6,SSE,18,0.0,,7
12/1/2001,1011.2,31.1,22.1,28.4,80,90,75,VRB,3,NNE,8,0.0,,3
12/2/2001,1011.1,31.2,24.5,28.3,78,93,69,VRB,1,WNW,15,2.1,,2
12/3/2001,1011.4,30.9,24.4,28.8,79,86,74,WNW,5,NW,11,1.2,,3
12/4/2001,1011.5,29.5,23.2,26.7,87,98,85,VRB,4,SSE,22,14.1,,7
12/5/2001,1011.1,30.6,24.3,28.1,82,91,73,ENE,6,ENE,18,0.0,,5
12/6/2001,1012.0,30.9,22.8,29.3,80,83,75,E,9,ENE,18,20.3,,4
12/7/2001,1012.1,31.0,25.6,28.3,81,86,74,E,9,ENE,28,0.0,,6
12/8/2001,1012.2,30.9,22.5,29.2,78,84,71,E,5,E,11,0.0,,2
12/9/2001,1013.2,31.0,23.9,28.0,81,95,74,VRB,1,E,12,0.0,,2
12/10/2001,1013.9,30.7,22.8,28.7,74,87,66,NNE,6,NNE,15,0.0,,2
12/11/2001,1013.6,30.4,22.5,28.2,73,90,61,ENE,4,E,11,0.0,,6
12/12/2001,1014.1,30.5,25.2,28.3,72,91,64,NE,7,ENE,14,0.0,,2
12/13/2001,1013.7,30.3,22.1,28.4,73,82,68,ENE,8,ENE,13,0.0,,2
12/14/2001,1014.8,30.6,21.7,28.0,76,93,65,VRB,4,E,10,0.0,,5
12/15/2001,1015.0,30.4,22.5,27.8,75,87,71,VRB,4,N,11,0.0,,3
12/16/2001,1013.8,30.7,21.0,28.0,74,93,64,NE,7,NE,14,0.0,,1
12/17/2001,1013.4,30.4,22.1,27.8,76,91,68,VRB,4,NE,9,0.0,,1
12/18/2001,1013.9,31.3,22.5,27.8,78,93,68,NNE,5,E,23,5.3,,1
12/19/2001,1012.9,28.5,24.3,27.1,87,93,83,VRB,4,SE,14,0.1,,7
12/20/2001,1012.5,30.4,23.6,28.4,82,88,75,NNW,4,NNW,7,0.0,,7
12/21/2001,1012.4,30.2,25.1,27.7,84,90,78,VRB,3,NW,7,0.0,,3
12/22/2001,1012.7,30.6,25.6,28.7,81,87,74,NE,6,NE,11,0.0,,7
12/23/2001,1014.3,30.8,23.2,28.5,80,85,73,ESE,5,E,18,19.6,,5
12/24/2001,1014.0,29.4,25.2,27.5,81,90,72,E,8,E,19,0.0,,3
12/25/2001,1013.6,30.5,26.1,28.8,79,85,76,E,6,E,14,0.0,,3
12/26/2001,1014.2,30.2,22.6,29.0,74,81,70,ENE,11,E,21,46.7,,2
12/27/2001,1015.2,30.6,24.2,27.5,81,89,76,NE,10,NE,23,0.1,,3
12/28/2001,1014.8,31.0,24.2,28.7,78,90,70,NE,7,NE,13,0.0,,3
12/29/2001,1013.6,29.6,22.4,27.3,85,90,80,VRB,5,N,21,1.1,,6
12/30/2001,1014.1,30.8,25.2,27.8,84,96,78,VRB,3,ENE,8,0.0,,7
12/31/2001,1013.2,30.9,25.8,29.1,80,86,73,E,6,E,13,0.0,,5
1/1/2002,1013.4,30.4,24.6,28.1,83,89,79,NE,7,ENE,16,9.4,,4
1/2/2002,1013.1,31.0,23.9,29.0,79,88,74,ENE,7,ENE,14,0.0,,5
1/3/2002,1012.7,30.9,24.2,28.7,78,95,70,NE,5,NE,11,0.0,,1
1/4/2002,1012.5,31.0,24.5,29.0,77,90,70,N,5,N,12,0.0,,3
1/5/2002,1011.7,31.1,25.8,28.9,77,89,70,NNE,6,NE,12,0.0,,4
1/6/2002,1011.6,31.2,22.4,29.1,79,89,71,ENE,7,NE,22,19.8,,4
1/7/2002,1012.3,31.1,24.0,28.4,81,90,75,NE,9,NE,19,0.0,,7
1/8/2002,1012.0,31.0,25.5,28.9,79,92,70,ENE,5,ENE,12,0.0,,1
1/9/2002,1012.5,30.9,24.6,29.0,76,84,73,NE,8,E,15,0.0,,2
1/10/2002,1012.6,31.0,24.4,29.1,77,82,74,NE,6,NE,12,0.0,,3
1/11/2002,1011.8,31.4,22.2,28.9,76,87,70,NE,4,ENE,10,0.0,,6
1/12/2002,1012.4,30.8,24.0,27.8,80,96,71,VRB,2,N,9,0.0,,6
1/13/2002,1010.3,30.9,25.0,28.5,77,90,66,NE,6,NE,12,0.0,,6
1/14/2002,1010.5,30.5,24.3,28.3,69,81,61,E,6,E,11,0.0,,4
1/15/2002,1011.7,30.6,22.1,28.4,73,84,64,NE,6,NNE,14,0.0,,2
1/16/2002,1011.7,30.6,21.8,27.8,71,91,61,VRB,5,N,13,0.0,,2
1/17/2002,1010.6,30.4,25.0,27.6,78,93,65,NE,5,NE,13,0.0,,4
1/18/2002,1009.8,30.7,25.3,28.4,71,79,65,ESE,4,E,10,0.0,,2
1/19/2002,1010.0,30.9,24.6,28.6,73,90,64,E,6,E,13,0.0,,6
1/20/2002,1010.6,31.2,25.8,28.6,76,85,68,NE,8,NE,15,0.0,,3
1/21/2002,1010.3,31.1,24.5,29.0,76,87,69,NE,10,ENE,16,0.0,,7
1/22/2002,1010.4,31.5,24.7,28.8,83,87,81,NE,9,E,18,0.0,,6
1/23/2002,1011.2,31.4,25.0,29.3,78,87,72,ENE,8,ENE,14,0.0,,6
1/24/2002,1012.3,31.6,24.1,29.0,81,90,76,N,6,N,14,0.0,,4
1/25/2002,1012.0,31.5,24.6,28.8,80,92,74,N,7,NNW,18,6.4,,5
1/26/2002,1012.4,30.6,25.0,28.7,81,83,78,N,9,NNW,17,0.0,,6
1/27/2002,1012.2,30.4,25.5,28.4,78,86,73,NNW,10,NNW,15,0.0,,6
1/28/2002,1012.6,30.4,25.4,28.7,79,84,74,N,8,N,15,0.0,,4
1/29/2002,1013.3,30.0,24.4,28.2,74,84,68,NNW,9,NNW,15,0.0,,5
1/30/2002,1012.2,29.8,23.7,27.9,70,74,67,N,6,N,13,2.7,,6
1/31/2002,1012.9,30.6,25.6,27.3,82,93,74,NNW,5,NNW,15,0.6,,2
2/1/2002,1012.3,29.6,24.3,27.8,83,89,79,NNW,11,NNW,20,1.6,,6
2/2/2002,1012.1,30.9,24.6,28.7,80,86,74,NNW,8,N,16,0.0,,6
2/3/2002,1011.2,31.1,24.9,28.5,85,90,77,NE,8,ESE,15,0.0,,7
2/4/2002,1010.8,29.4,25.8,27.8,82,90,78,E,10,E,20,0.0,,7
2/5/2002,1012.2,30.6,24.5,28.0,87,90,82,E,10,E,25,11.2,,6
2/6/2002,1012.0,31.0,24.6,28.9,86,92,81,E,7,NE,18,6.7,,2
2/7/2002,1012.2,31.5,24.0,28.8,86,97,77,E,5,ESE,16,8.9,,4
2/8/2002,1011.5,30.4,24.7,27.1,91,100,82,VRB,3,ENE,12,4.8,,6
2/9/2002,1011.4,30.7,25.2,29.0,77,81,72,ESE,7,SE,15,0.0,,2
2/10/2002,1011.5,31.0,24.2,28.9,80,86,75,ESE,7,ESE,14,0.0,,1
2/11/2002,1012.0,30.6,25.8,28.8,78,87,73,ENE,6,E,15,0.0,,3
2/12/2002,1012.2,30.9,24.2,29.0,80,89,74,ENE,11,ENE,18,0.0,,2
2/13/2002,1012.4,30.8,26.2,28.8,77,90,71,ENE,6,ENE,14,0.0,,2
2/14/2002,1012.8,31.0,23.7,29.0,77,86,72,ENE,10,ENE,19,0.0,,1
2/15/2002,1013.2,30.9,22.5,28.6,78,90,71,N,6,N,14,0.0,,2
2/16/2002,1013.4,31.0,23.4,28.3,79,93,71,VRB,2,NNW,9,0.0,,2
2/17/2002,1013.9,31.3,26.0,28.6,75,93,65,ENE,7,ENE,16,0.0,,2
2/18/2002,1015.0,31.4,22.8,29.1,73,77,70,ENE,8,NNW,15,0.0,,2
2/19/2002,1016.6,31.4,22.5,28.7,75,92,64,N,5,NNW,11,0.0,,2
2/20/2002,1015.6,31.8,22.3,28.6,84,93,69,ENE,4,ENE,10,0.0,,1
2/21/2002,1014.9,31.4,24.0,28.4,74,93,63,ENE,4,ENE,20,0.1,,1
2/22/2002,1015.5,32.0,25.4,29.2,74,81,70,ENE,9,ENE,17,0.0,,1
2/23/2002,1014.5,32.4,22.4,29.8,71,81,63,NE,11,ENE,18,0.0,,2
2/24/2002,1013.5,31.6,20.9,28.4,72,91,62,VRB,3,NNW,10,0.0,,1
2/25/2002,1012.3,31.7,25.0,28.5,74,91,64,VRB,2,ENE,11,0.0,,1
2/26/2002,1012.1,31.6,22.5,29.1,72,78,69,ENE,6,NE,13,0.0,,1
2/27/2002,1011.7,32.4,24.0,28.7,77,91,71,NE,5,NE,12,0.0,,2
2/28/2002,1011.0,32.4,23.4,29.1,80,91,74,NE,6,N,13,0.0,,2
3/1/2002,1011.0,32.2,23.8,28.5,77,92,67,NE,6,ENE,20,2.4,,2
3/2/2002,1011.9,30.0,23.4,27.3,86,91,85,NE,6,ENE,17,7.3,,7
3/3/2002,1010.7,31.7,24.0,29.3,76,93,66,ENE,5,ENE,11,0.0,,1
3/4/2002,1010.0,32.1,21.4,29.3,77,87,70,NE,6,ENE,11,0.0,,1
3/5/2002,1011.3,31.7,21.8,28.4,76,93,63,NE,4,NE,12,0.0,,4
3/6/2002,1012.6,31.4,24.1,28.4,77,93,65,VRB,4,NNW,10,0.0,,3
3/7/2002,1012.5,31.3,25.4,28.8,76,83,70,NNW,6,NNW,12,0.0,,4
3/8/2002,1011.1,32.4,24.0,29.3,73,90,63,N,6,ENE,14,2.3,,2
3/9/2002,1011.6,32.4,27.1,29.7,74,90,63,ENE,6,ENE,12,0.0,,2
3/10/2002,1012.8,32.2,25.8,30.1,71,83,63,E,7,E,18,0.0,,2
3/11/2002,1011.6,32.8,21.9,30.0,71,80,65,NE,9,ENE,17,0.0,,2
3/12/2002,1011.9,32.6,22.6,29.1,74,93,63,VRB,3,ENE,10,0.0,,4
3/13/2002,1012.9,32.2,21.4,29.6,74,84,67,VRB,3,N,9,0.0,,3
3/14/2002,1012.6,32.0,24.3,28.4,76,94,68,VRB,3,ENE,10,0.0,,2
3/15/2002,1011.9,32.6,26.4,29.8,73,88,65,VRB,3,ENE,11,0.0,,6
3/16/2002,1010.9,33.0,23.6,29.8,76,86,65,ENE,4,ENE,12,0.0,,4
3/17/2002,1010.9,32.6,23.9,30.0,75,79,74,NNW,5,NNE,14,0.0,,3
3/18/2002,1011.2,33.0,27.4,30.4,71,82,65,ENE,5,ENE,15,0.0,,2
3/19/2002,1011.9,32.6,25.6,30.3,72,78,67,E,10,E,18,0.0,,2
3/20/2002,1010.9,33.2,24.6,30.0,70,81,62,NE,6,NNW,14,0.0,,2
3/21/2002,1011.1,33.4,24.1,30.2,74,85,64,NE,5,NE,12,0.0,,2
3/22/2002,1010.0,33.2,23.7,30.0,73,87,68,NNW,5,NNW,12,0.0,,7
3/23/2002,1010.2,32.4,27.0,30.0,74,86,67,WNW,7,NNW,14,0.0,,2
3/24/2002,1009.1,32.4,27.0,30.1,76,82,73,WNW,8,NW,14,0.0,,3
3/25/2002,1007.7,31.8,26.3,30.0,72,79,66,NNW,10,NNW,16,0.0,,3
3/26/2002,1008.2,32.1,26.7,30.1,72,83,65,WNW,5,WNW,12,0.0,,2
3/27/2002,1009.1,32.4,26.8,30.3,74,82,70,NW,6,NW,11,0.0,,1
3/28/2002,1009.9,31.8,24.6,29.8,76,82,73,NW,4,WSW,14,0.0,,6
3/29/2002,1010.5,32.6,25.4,30.0,79,90,68,NNW,4,NNW,10,0.0,,2
3/30/2002,1010.7,33.2,24.4,30.3,75,86,69,NNW,4,NE,10,0.0,,1
3/31/2002,1010.6,33.4,25.1,30.3,78,95,71,E,5,E,12,0.0,,1
4/1/2002,1013.2,33.9,25.8,30.7,74,92,61,VRB,3,SSE,14,0.0,,5
4/2/2002,1013.7,33.2,25.1,30.0,78,94,72,VRB,3,WSW,9,0.0,,2
4/3/2002,1010.5,32.8,27.4,30.6,73,83,69,NW,5,WNW,10,0.0,,2
4/4/2002,1009.4,33.4,27.6,30.9,76,82,68,W,6,NW,17,0.0,,2
4/5/2002,1010.0,32.9,23.5,30.8,71,79,63,N,6,N,14,0.0,,4
4/6/2002,1010.8,32.5,24.1,29.8,76,92,70,NW,4,NW,9,0.0,,1
4/7/2002,1010.7,32.6,22.6,29.7,75,90,68,VRB,3,SSE,20,2.0,,2
4/8/2002,1011.1,33.4,23.4,29.6,73,90,63,VRB,2,NE,8,0.0,,1
4/9/2002,1010.6,33.2,23.5,24.2,74,95,65,VRB,2,NNW,9,0.0,,2
4/10/2002,1008.6,33.6,24.4,30.2,74,92,66,ENE,4,NNW,14,0.0,,1
4/11/2002,1009.0,33.7,24.5,30.3,73,93,67,VRB,2,N,11,0.0,,2
4/12/2002,1010.1,34.2,24.8,30.8,73,86,69,VRB,3,ENE,14,0.0,,1
4/13/2002,1011.2,32.7,24.2,30.0,75,90,65,SSE,5,SSE,17,0.0,,5
4/14/2002,1010.1,31.8,23.4,29.7,81,83,78,VRB,4,W,17,0.0,,5
4/15/2002,1010.7,33.2,24.0,30.3,72,92,65,VRB,3,NNW,9,0.0,,2
4/16/2002,1010.4,33.4,23.9,29.9,78,90,71,VRB,4,NNW,14,0.2,,5
4/17/2002,1009.6,33.2,26.4,29.7,77,90,71,VRB,2,NNE,11,0.2,,2
4/18/2002,1008.5,33.6,23.9,30.9,75,82,68,VRB,3,WNW,8,0.0,,2
4/19/2002,1009.3,32.4,24.2,28.7,78,92,67,VRB,4,NNE,23,4.7,,6
4/20/2002,1009.8,33.0,21.9,30.2,77,85,76,ESE,7,ESE,20,19.6,,6
4/21/2002,1009.5,30.6,25.4,27.9,84,89,78,SE,7,ESE,25,0.3,,6
4/22/2002,1009.2,32.0,24.1,29.8,80,87,70,VRB,3,ESE,9,0.0,,6
4/23/2002,1008.8,33.2,24.6,30.1,77,93,68,VRB,2,N,9,0.3,,2
4/24/2002,1008.5,32.9,27.4,29.9,81,92,75,W,4,W,12,0.0,,6
4/25/2002,1007.5,33.2,26.2,31.1,74,83,68,NNW,4,S,12,0.0,,6
4/26/2002,1007.8,33.2,24.8,30.1,79,94,71,VRB,4,W,18,1.2,,5
4/27/2002,1008.9,31.0,22.2,27.3,86,92,81,VRB,4,N,21,1.4,,7
4/28/2002,1008.2,32.9,25.1,30.1,76,92,69,VRB,4,SW,9,0.0,,4
4/29/2002,1007.7,32.6,26.2,30.4,72,79,66,VRB,3,WNW,8,0.0,,4
4/30/2002,1006.6,33.2,24.2,31.2,74,82,69,WNW,6,SSE,20,0.1,,2
5/1/2002,1005.2,32.3,25.1,29.5,77,89,63,W,5,NW,16,0.0,,7
5/2/2002,1005.0,32.8,23.2,30.8,71,77,65,NW,7,ENE,26,39.2,,6
5/3/2002,1006.5,32.4,23.3,28.9,80,93,68,NE,9,NE,27,29.1,,7
5/4/2002,1006.4,30.1,25.1,28.4,83,89,78,ESE,9,S,23,0.9,,7
5/5/2002,1005.7,31.8,24.8,29.3,80,90,70,S,11,S,28,0.4,,6
5/6/2002,1006.8,33.1,24.1,30.7,73,82,63,S,12,S,22,6.2,,5
5/7/2002,1008.3,33.1,25.4,30.6,73,82,66,SSW,9,SSW,15,0.0,,7
5/8/2002,1009.2,32.4,23.9,29.9,75,80,71,SSW,7,SSW,18,23.5,,6
5/9/2002,1011.3,32.6,27.1,30.7,75,81,70,W,7,WNW,16,0.0,,4
5/10/2002,1012.4,32.4,27.1,30.7,76,82,72,W,10,WNW,19,0.0,,5
5/11/2002,1010.5,32.2,27.5,30.7,76,79,72,NW,11,NW,17,0.0,,4
5/12/2002,1009.7,32.4,27.8,30.9,74,79,71,WNW,10,WNW,16,0.0,,7
5/13/2002,1010.8,32.2,25.7,30.4,78,82,75,W,12,WNW,22,3.4,,6
5/14/2002,1011.4,32.6,23.5,29.1,80,87,71,WNW,10,NW,30,8.2,,6
5/15/2002,1010.5,31.4,24.5,29.1,79,82,78,WNW,10,WNW,23,4.3,,4
5/16/2002,1009.4,32.1,24.5,29.8,75,80,72,W,10,WNW,21,3.0,,3
5/17/2002,1009.4,31.9,24.6,30.3,77,82,73,W,11,WSW,27,7.2,,4
5/18/2002,1009.6,32.0,26.2,29.8,79,85,76,WSW,14,WSW,24,0.4,,5
5/19/2002,1009.9,31.8,26.1,29.8,76,78,74,W,13,W,28,0.7,,6
5/20/2002,1009.2,31.7,27.2,30.2,75,83,70,WSW,12,WSW,23,0.4,,4
5/21/2002,1010.1,31.6,24.6,29.9,80,84,77,WSW,12,W,25,7.0,,3
5/22/2002,1011.2,31.4,26.5,29.4,80,87,76,W,9,WNW,24,0.0,,5
5/23/2002,1010.9,32.0,25.1,30.3,79,85,76,W,7,SW,19,0.2,,4
5/24/2002,1010.9,32.2,26.0,30.3,76,86,70,WNW,6,W,15,1.6,,5
5/25/2002,1011.7,31.6,24.2,27.8,89,94,83,WSW,9,SW,21,0.0,,6
5/26/2002,1012.0,31.0,24.9,29.3,81,83,79,VRB,5,WSW,14,0.0,,7
5/27/2002,1010.7,31.5,24.8,29.8,80,89,75,WSW,6,SW,14,0.0,,2
5/28/2002,1010.5,31.0,22.6,28.5,84,92,79,WSW,9,W,30,15.2,,3
5/29/2002,1011.6,31.8,22.7,28.6,84,89,74,W,8,WNW,29,13.2,,7
5/30/2002,1010.9,31.4,25.7,29.5,81,87,78,WNW,7,WNW,20,1.2,,7
5/31/2002,1010.5,31.4,23.9,29.0,80,85,76,W,9,W,25,8.3,,7
6/1/2002,1009.6,31.5,22.7,28.8,81,87,78,W,10,WNW,29,10.0,,7
6/2/2002,1009.4,31.6,23.8,28.5,85,90,78,W,8,WNW,23,4.8,,7
6/3/2002,1009.7,31.5,23.9,29.9,79,83,75,WNW,8,WNW,24,2.3,,6
6/4/2002,1009.3,31.8,26.8,30.2,78,81,74,WNW,9,WNW,20,0.0,,5
6/5/2002,1009.5,31.6,22.8,30.3,77,81,72,WNW,11,WNW,34,3.8,,4
6/6/2002,1009.5,31.2,24.5,28.8,80,89,76,W,13,W,30,1.4,,6
6/7/2002,1009.0,31.0,22.1,29.4,79,85,75,W,17,NW,32,10.8,,7
6/8/2002,1008.4,31.2,24.7,28.3,83,90,77,WNW,14,WNW,30,0.1,,3
6/9/2002,1007.6,30.4,23.2,27.9,82,83,81,W,15,WNW,37,5.6,,7
6/10/2002,1007.5,30.0,23.5,28.1,82,87,76,WNW,19,NW,33,10.7,,7
6/11/2002,1008.1,29.2,22.0,28.2,91,97,85,WNW,16,WNW,42,27.1,,8
6/12/2002,1008.2,29.0,22.6,27.1,87,95,82,W,17,WNW,45,61.9,,8
6/13/2002,1007.7,29.0,23.4,26.7,90,95,82,W,16,W,33,1.4,,8
6/14/2002,1008.1,29.6,24.4,27.7,84,87,82,W,12,W,28,1.0,,7
6/15/2002,1008.7,31.2,25.4,29.5,82,85,77,W,12,W,18,0.0,,7
6/16/2002,1008.9,31.4,26.2,29.6,81,85,79,W,10,W,15,0.0,,6
6/17/2002,1009.5,31.4,26.0,29.7,80,87,76,WNW,6,WNW,14,0.0,,5
6/18/2002,1009.9,31.0,26.4,29.5,81,86,76,WNW,8,WNW,16,0.0,,6
6/19/2002,1009.7,31.2,26.2,29.8,81,86,77,WNW,9,WNW,16,0.0,,5
6/20/2002,1010.0,31.2,26.4,29.6,82,83,79,W,11,W,16,0.0,,7
6/21/2002,1009.9,31.2,26.6,29.7,82,86,79,W,11,WNW,19,0.0,,6
6/22/2002,1009.6,31.4,23.9,29.7,78,83,73,WNW,12,W,28,1.6,,7
6/23/2002,1011.1,30.2,22.7,26.6,92,100,89,W,18,WNW,41,24.7,,7
6/24/2002,1011.5,30.8,25.8,28.9,82,84,78,WNW,17,WNW,30,0.0,,7
6/25/2002,1011.3,31.0,26.1,29.5,80,85,75,WNW,13,WNW,21,0.0,,6
6/26/2002,1010.7,30.8,25.2,29.4,79,83,75,W,13,WSW,24,0.2,,3
6/27/2002,1011.9,31.0,26.1,29.7,78,83,75,WNW,11,WNW,19,0.1,,2
6/28/2002,1013.0,31.1,26.2,29.5,78,83,76,NW,10,NW,18,0.0,,2
6/29/2002,1012.8,30.8,25.9,29.5,77,80,74,NW,12,NW,19,0.0,,2
6/30/2002,1011.8,30.6,26.1,29.4,76,83,71,WNW,13,WNW,22,0.0,,2
7/1/2002,1011.9,30.8,25.7,29.5,77,83,71,W,14,W,21,0.0,,3
7/2/2002,1012.6,31.2,25.4,29.5,78,83,76,W,12,WNW,22,0.0,,2
7/3/2002,1012.4,30.4,25.6,29.5,78,83,75,W,12,W,19,0.0,,2
7/4/2002,1011.9,31.0,26.0,29.5,78,82,76,WNW,11,WNW,19,0.0,,2
7/5/2002,1012.6,31.2,25.1,29.5,82,86,77,W,11,WNW,25,0.0,,3
7/6/2002,1011.8,30.7,23.7,29.0,83,92,77,NW,12,WNW,35,1.3,,6
7/7/2002,1010.9,30.8,24.9,29.5,80,86,77,NW,13,NW,21,0.0,,5
7/8/2002,1010.8,31.0,25.4,29.2,81,84,78,WNW,11,WNW,24,0.0,,7
7/9/2002,1011.0,31.0,25.4,29.4,81,83,77,WNW,11,WNW,24,0.0,,7
7/10/2002,1011.3,31.0,26.0,29.4,78,83,74,WNW,12,WNW,22,0.0,,6
7/11/2002,1010.7,31.0,26.2,29.3,81,83,77,W,15,W,23,0.0,,7
7/12/2002,1011.6,31.1,26.0,29.3,81,85,77,W,14,W,21,0.0,,7
7/13/2002,1012.4,30.2,25.8,29.0,82,86,78,WNW,12,WNW,18,0.0,,6
7/14/2002,1012.5,31.0,26.2,29.1,79,85,74,WNW,13,WNW,23,0.0,,6
7/15/2002,1012.1,31.0,25.8,29.2,78,83,74,WNW,14,WNW,31,0.2,,7
7/16/2002,1012.1,30.6,25.9,29.2,79,83,74,WNW,13,WNW,23,0.1,,7
7/17/2002,1011.6,30.9,24.1,29.2,77,83,73,WNW,11,WNW,18,1.1,,7
7/18/2002,1010.3,30.7,22.8,27.6,80,83,75,WSW,7,W,24,6.1,,7
7/19/2002,1011.9,30.2,22.5,28.3,86,95,83,WSW,10,WNW,31,33.3,,7
7/20/2002,1012.4,30.7,22.1,28.1,79,93,70,W,10,W,27,0.9,,7
7/21/2002,1012.3,30.5,23.2,28.6,80,89,75,WSW,9,WSW,25,0.6,,6
7/22/2002,1012.2,29.8,25.0,28.6,81,85,76,WSW,7,WSW,14,0.1,,7
7/23/2002,1013.5,31.0,24.2,28.9,80,86,74,WSW,5,WSW,11,0.0,,7
7/24/2002,1013.6,31.2,23.2,29.1,79,86,73,WSW,5,WSW,10,0.0,,7
7/25/2002,1013.0,31.4,25.8,29.2,82,92,77,W,4,NW,18,0.0,,7
7/26/2002,1011.6,30.4,24.5,28.9,79,83,75,NW,10,NNW,23,0.0,,7
7/27/2002,1011.1,31.0,24.6,29.4,79,83,75,NW,10,WNW,19,0.0,,5
7/28/2002,1011.9,31.0,24.0,29.5,79,83,71,WNW,13,WNW,33,0.0,,7
7/29/2002,1010.7,31.2,24.0,29.3,82,85,78,WNW,17,WNW,35,0.0,,7
7/30/2002,1008.8,30.2,25.4,28.8,81,85,76,WNW,17,WNW,31,0.0,,7
7/31/2002,1007.9,29.0,22.0,27.1,85,95,79,WNW,20,WNW,41,87.9,,8
8/1/2002,1008.2,28.8,22.5,27.1,88,95,80,W,19,W,44,10.2,0.0,8
8/2/2002,1008.8,29.2,22.7,26.7,87,93,83,W,20,WNW,50,16.7,0.2,8
8/3/2002,1009.4,30.2,22.8,26.7,83,90,79,WNW,19,WNW,36,13.1,1.5,7
8/4/2002,1009.3,30.4,24.0,29.2,81,83,77,W,16,W,25,0.8,9.1,7
8/5/2002,1010.3,30.2,25.7,29.2,80,83,77,W,16,WNW,26,0.0,10.1,3
8/6/2002,1010.5,30.4,25.6,29.1,79,83,74,W,12,W,23,0.0,7.5,6
8/7/2002,1011.3,29.8,24.9,28.6,82,86,79,WSW,11,WSW,21,0.0,2.2,7
8/8/2002,1011.8,29.0,22.8,27.8,87,97,82,WSW,9,W,25,2.7,0.0,8
8/9/2002,1011.5,30.2,25.1,28.8,80,83,75,WSW,7,WSW,14,0.0,2.3,7
8/10/2002,1011.7,30.4,24.5,28.9,81,86,77,SW,8,SW,14,0.0,6.2,7
8/11/2002,1013.2,30.0,24.9,28.8,77,83,71,WSW,7,SW,14,0.0,9.2,7
8/12/2002,1013.6,30.5,24.2,28.9,78,82,74,WSW,7,SW,13,0.0,9.8,6
8/13/2002,1012.3,30.6,23.9,29.1,76,82,71,WSW,7,NNW,17,0.7,8.0,7
8/14/2002,1011.2,31.2,25.6,29.2,78,84,75,WSW,7,WSW,15,0.0,10.4,6
8/15/2002,1011.3,31.1,25.6,29.4,76,84,71,W,9,W,15,0.0,10.7,2
8/16/2002,1010.7,30.8,24.2,28.5,87,95,79,WSW,9,WNW,24,0.7,6.4,7
8/17/2002,1010.8,31.7,23.6,29.4,80,85,75,WSW,10,WNW,25,6.2,6.7,6
8/18/2002,1011.2,31.0,25.6,28.5,81,83,78,W,9,WSW,23,0.0,9.3,6
8/19/2002,1011.4,31.0,23.5,29.4,78,85,75,WNW,9,WNW,34,1.2,10.9,3
8/20/2002,1010.5,30.9,22.1,28.9,80,92,75,WNW,12,NW,29,13.9,10.7,6
8/21/2002,1010.1,29.8,22.1,26.0,91,93,84,WNW,17,WNW,39,73.5,0.3,8
8/22/2002,1011.2,27.5,21.9,25.4,92,98,86,WNW,16,WNW,31,22.9,0.0,8
8/23/2002,1011.9,29.0,23.4,27.4,81,90,76,WNW,16,WSW,28,4.4,0.0,7
8/24/2002,1012.7,30.0,24.2,27.6,83,89,81,WNW,12,W,30,2.1,8.5,6
8/25/2002,1012.5,30.2,25.1,28.9,75,80,73,WNW,11,WNW,17,0.0,11.0,2
8/26/2002,1012.3,30.2,25.0,28.7,78,86,73,NW,9,NW,17,0.1,10.2,4
8/27/2002,1011.8,30.6,25.0,29.0,77,82,73,NNW,10,NW,16,0.0,11.1,2
8/28/2002,1012.0,30.6,25.0,29.1,78,83,74,NW,10,NW,16,0.0,10.3,2
8/29/2002,1012.2,30.5,25.0,28.3,82,87,79,NW,8,NW,15,0.0,8.5,7
8/30/2002,1012.0,30.4,23.1,29.1,78,89,74,WNW,8,WNW,16,0.1,10.6,4
8/31/2002,1011.5,30.6,21.8,28.8,79,90,71,WNW,7,WNW,22,4.6,9.6,5
9/1/2002,1011.9,30.5,24.8,28.9,76,83,73,WNW,11,WNW,19,0.4,11.2,2
9/2/2002,1012.2,30.2,25.2,28.9,78,81,73,WNW,8,WNW,17,0.0,10.0,2
9/3/2002,1012.8,30.5,25.0,29.1,76,83,73,WNW,10,NNW,17,0.0,11.1,3
9/4/2002,1011.9,30.8,24.9,29.1,75,81,70,NW,8,WNW,15,0.0,10.5,2
9/5/2002,1011.1,30.7,23.3,29.0,76,83,70,W,8,WNW,18,0.0,11.0,1
9/6/2002,1011.4,30.7,25.2,29.1,75,83,70,W,8,WNW,14,0.0,10.8,3
9/7/2002,1012.0,30.5,25.0,28.9,74,83,69,W,9,W,16,0.0,10.0,5
9/8/2002,1013.0,30.8,25.0,29.1,73,80,69,W,7,W,13,0.0,10.5,7
9/9/2002,1012.5,31.0,25.5,29.0,76,90,70,WSW,8,WSW,14,0.0,8.4,6
9/10/2002,1010.9,31.2,25.1,29.2,78,83,70,WNW,7,WNW,14,0.0,9.1,5
9/11/2002,1011.0,31.0,21.4,29.3,76,83,69,WNW,6,WNW,28,6.3,10.2,5
9/12/2002,1012.2,30.8,23.8,28.8,78,90,73,NW,8,NNW,23,2.3,0.0,5
9/13/2002,1012.7,30.6,25.1,29.1,74,81,70,NNW,7,NNW,14,0.0,11.1,2
9/14/2002,1013.0,30.9,25.1,29.1,74,83,70,NNW,8,NNW,14,0.0,10.7,3
9/15/2002,1014.0,31.4,25.2,29.4,74,86,68,WNW,5,WNW,11,0.0,9.9,3
9/16/2002,1015.2,31.7,24.9,29.4,73,84,67,W,5,W,10,0.1,10.1,2
9/17/2002,1013.7,31.4,24.9,29.3,73,83,67,WNW,4,WNW,14,0.0,8.9,3
9/18/2002,1012.7,31.4,23.0,29.4,70,84,64,NNW,4,NNW,9,0.0,10.7,2
9/19/2002,1013.2,31.4,24.2,29.4,72,83,66,VRB,3,WNW,8,0.0,10.6,5
9/20/2002,1013.5,31.4,25.1,29.3,73,83,67,VRB,3,WNW,9,0.0,7.5,5
9/21/2002,1012.2,31.4,23.2,29.7,73,78,72,WNW,7,WNW,18,1.1,10.7,2
9/22/2002,1011.4,31.6,23.9,29.5,75,83,71,WNW,5,WSW,18,0.2,9.3,2
9/23/2002,1011.2,31.2,21.4,28.6,78,81,75,WSW,6,NNW,20,18.8,8.3,3
9/24/2002,1010.6,31.0,20.9,27.7,82,95,70,WNW,6,W,25,51.7,6.0,6
9/25/2002,1011.2,30.4,23.2,27.4,81,93,78,W,8,W,26,2.8,1.2,7
9/26/2002,1011.8,30.8,25.5,29.6,74,80,69,NW,5,NW,13,0.0,10.0,4
9/27/2002,1011.1,31.5,24.9,29.4,75,81,72,NW,6,NNW,18,1.2,10.2,2
9/28/2002,1010.8,31.9,22.8,29.5,74,83,66,VRB,4,NW,14,0.0,10.1,3
9/29/2002,1010.5,32.0,23.0,28.6,79,95,73,VRB,1,NW,8,0.2,9.3,2
9/30/2002,1009.9,31.7,22.9,29.7,75,83,71,VRB,3,SSE,9,0.0,10.9,5
10/1/2002,1010.2,31.5,23.1,28.8,81,96,74,ESE,4,SSE,16,2.8,8.5,6
10/2/2002,1010.9,31.6,23.9,29.2,75,83,71,VRB,4,S,12,0.0,10.5,2
10/3/2002,1010.9,31.5,23.9,29.4,76,90,69,VRB,4,WSW,15,0.5,10.9,4
10/4/2002,1010.1,31.0,22.8,28.4,81,90,74,NNW,6,SW,18,4.8,3.2,7
10/5/2002,1009.9,31.4,22.0,28.5,80,93,75,W,7,SSW,25,21.3,8.2,6
10/6/2002,1009.5,30.2,22.9,28.4,80,87,78,WNW,6,NW,14,0.0,2.9,7
10/7/2002,1009.7,31.5,23.6,29.3,79,86,73,VRB,3,S,9,0.0,8.6,6
10/8/2002,1009.4,30.9,21.9,28.2,83,87,79,SW,5,WSW,35,50.8,3.7,6
10/9/2002,1010.7,28.7,22.5,26.1,90,93,81,WSW,15,WSW,37,24.0,0.0,8
10/10/2002,1011.5,31.1,25.0,29.5,76,82,70,SW,13,SW,21,0.7,9.1,7
10/11/2002,1013.1,30.8,25.2,29.8,77,82,70,WSW,11,WSW,20,0.0,11.2,3
10/12/2002,1009.8,30.7,25.1,29.2,77,84,73,WSW,14,WSW,24,0.0,7.1,4
10/13/2002,1009.9,30.9,25.3,29.2,80,89,75,WSW,13,WSW,26,0.6,10.6,6
10/14/2002,1009.1,30.6,22.4,27.7,83,92,73,WSW,15,W,44,43.6,5.6,5
10/15/2002,1010.3,30.6,24.6,28.8,81,87,74,W,10,WSW,23,0.6,5.9,7
10/16/2002,1011.2,30.2,23.4,27.0,87,98,79,SSW,12,SSW,26,4.8,2.1,6
10/17/2002,1012.3,31.0,24.3,28.9,79,82,75,WSW,6,SW,12,0.0,4.0,7
10/18/2002,1011.3,30.7,24.0,29.0,79,89,73,WSW,7,SW,16,0.6,9.6,3
10/19/2002,1011.7,30.0,24.0,28.5,81,90,75,WSW,11,SW,22,3.3,9.9,2
10/20/2002,1012.8,30.4,21.2,27.8,88,100,78,WSW,11,WNW,36,29.3,3.8,6
10/21/2002,1012.9,31.0,22.4,29.0,79,83,75,WNW,9,WNW,27,14.5,7.1,6
10/22/2002,1011.9,30.2,24.6,28.6,84,95,78,W,9,W,19,2.7,10.8,3
10/23/2002,1010.8,30.6,24.8,29.2,80,81,74,W,10,WNW,20,0.0,10.7,2
10/24/2002,1010.5,30.8,25.0,29.0,78,83,70,WNW,8,W,12,0.0,10.0,1
10/25/2002,1011.2,31.0,25.1,29.2,74,81,70,W,6,W,11,0.0,11.0,1
10/26/2002,1011.5,31.2,25.4,29.3,73,80,70,W,8,WNW,12,0.0,10.5,2
10/27/2002,1010.3,30.4,24.6,29.2,79,83,74,WSW,7,SW,14,0.0,9.5,5
10/28/2002,1009.4,30.8,24.6,29.0,78,81,75,WSW,7,WSW,14,6.0,9.7,6
10/29/2002,1009.5,31.0,23.4,29.1,79,87,74,WSW,7,WSW,18,5.1,10.0,5
10/30/2002,1010.6,31.2,23.0,28.6,78,80,73,WSW,6,SW,13,15.0,9.8,4
10/31/2002,1010.6,31.0,22.2,28.4,82,98,70,VRB,4,NE,14,48.4,5.4,7
11/1/2002,1010.7,30.8,22.5,28.0,82,87,77,VRB,4,SE,13,24.6,4.6,5
11/2/2002,1011.7,30.4,22.4,27.5,82,92,76,VRB,3,SE,13,2.0,7.5,4
11/3/2002,1010.5,31.0,24.3,27.9,81,89,75,ENE,7,ENE,22,2.8,5.7,6
11/4/2002,1011.5,30.8,21.6,27.7,85,92,77,ENE,6,ESE,19,17.6,2.7,6
11/5/2002,1011.3,30.2,22.0,29.6,83,98,76,NE,5,ENE,20,0.0,5.5,7
11/6/2002,1011.0,30.8,22.4,27.9,81,91,74,VRB,3,S,10,0.0,5.4,6
11/7/2002,1011.5,31.4,22.8,28.9,78,83,74,W,5,NNW,16,1.1,5.3,6
11/8/2002,1010.7,31.0,23.2,27.5,88,93,79,VRB,2,NNW,12,0.8,2.1,6
11/9/2002,1010.5,30.6,21.7,28.2,85,92,75,W,5,WNW,25,15.5,4.0,7
11/10/2002,1010.7,29.8,25.0,28.2,81,87,78,WNW,11,WNW,20,0.2,0.4,7
11/11/2002,1010.8,30.6,24.4,29.0,76,80,71,WNW,10,WNW,15,0.0,7.2,7
11/12/2002,1010.1,31.2,22.8,29.2,76,81,74,WNW,7,WNW,11,0.0,9.9,7
11/13/2002,1009.9,30.6,24.6,28.8,78,90,73,VRB,3,W,10,0.0,6.7,7
11/14/2002,1009.6,31.4,22.6,28.8,78,83,74,W,5,WNW,11,0.0,7.0,6
11/15/2002,1010.7,31.2,23.2,28.7,80,90,70,VRB,3,NNW,9,0.0,6.5,7
11/16/2002,1011.2,30.2,24.2,28.5,81,87,73,N,4,N,9,0.0,0.0,7
11/17/2002,1011.8,28.8,21.6,26.7,86,93,81,S,5,NNW,15,6.2,0.0,8
11/18/2002,1010.8,28.4,22.0,26.4,86,93,81,N,7,NNW,16,7.5,0.3,7
11/19/2002,1010.5,28.2,21.5,25.6,89,95,81,VRB,3,SSE,15,22.0,0.5,8
11/20/2002,1010.3,30.0,22.5,27.3,83,90,76,VRB,4,W,16,19.3,2.9,7
11/21/2002,1010.7,29.6,21.5,27.3,88,95,82,SW,4,WNW,13,54.6,1.2,7
11/22/2002,1011.9,28.4,22.4,25.3,91,96,87,SSW,7,SSW,17,2.0,0.0,7
11/23/2002,1011.9,30.4,24.1,28.8,79,84,76,SSE,4,SSE,9,0.0,9.7,3
11/24/2002,1011.5,31.6,22.5,29.8,79,86,72,VRB,4,NNW,12,0.9,9.5,5
11/25/2002,1011.4,31.2,23.5,27.9,85,96,76,VRB,5,SW,21,8.3,8.1,5
11/26/2002,1011.9,30.8,22.5,29.0,84,90,81,VRB,4,SW,10,1.9,8.5,3
11/27/2002,1012.8,30.8,22.5,28.4,85,90,80,VRB,3,SE,15,1.3,4.1,5
11/28/2002,1013.8,31.0,25.0,29.0,82,90,77,VRB,3,ENE,8,0.0,11.3,2
11/29/2002,1014.6,31.0,21.3,29.2,82,90,78,E,5,ESE,13,0.0,9.1,4
11/30/2002,1013.9,31.0,22.4,28.3,83,95,78,VRB,2,W,7,0.0,10.0,1
12/1/2002,1012.1,31.4,21.5,29.1,82,92,75,VRB,3,WNW,6,0.0,10.6,1
12/2/2002,1012.2,31.0,23.5,28.6,83,95,76,VRB,3,ESE,9,0.0,11.0,1
12/3/2002,1013.1,31.2,21.5,29.3,79,82,74,ESE,4,ESE,9,0.0,9.7,3
12/4/2002,1012.4,31.2,23.6,28.4,83,95,76,VRB,4,ENE,10,0.0,10.0,4
12/5/2002,1011.5,31.8,23.2,29.0,81,87,73,VRB,3,SE,7,0.0,5.7,6
12/6/2002,1011.2,31.2,22.1,29.0,82,94,79,VRB,3,E,6,0.0,4.2,6
12/7/2002,1011.7,31.8,23.6,28.6,84,93,75,VRB,2,E,18,0.0,5.8,6
12/8/2002,1011.5,30.8,24.1,28.8,84,90,82,E,9,E,22,0.0,7.7,6
12/9/2002,1012.4,31.4,22.0,29.2,81,87,77,ENE,5,E,24,6.8,8.2,4
12/10/2002,1012.6,30.6,23.6,28.1,84,93,78,E,6,E,21,3.4,4.7,7
12/11/2002,1013.4,30.4,24.6,29.1,82,87,75,E,12,ENE,23,0.4,10.5,3
12/12/2002,1014.2,31.2,25.8,29.0,83,92,79,ENE,9,E,20,0.0,5.4,7
12/13/2002,1014.7,31.3,22.5,28.9,83,88,76,E,10,E,27,4.3,1.9,7
12/14/2002,1016.0,29.0,22.4,27.9,90,92,84,NE,6,SE,18,12.3,0.9,7
12/15/2002,1012.5,30.8,24.2,28.6,87,93,86,E,8,ENE,17,0.0,7.7,6
12/16/2002,1012.1,30.9,23.8,28.3,86,92,81,NE,6,SSE,19,0.2,2.2,6
12/17/2002,1010.7,28.6,23.2,26.8,90,95,86,NNE,5,NE,20,4.8,0.0,7
12/18/2002,1011.3,30.6,23.4,28.1,87,89,85,NE,5,ENE,15,0.4,0.1,6
12/19/2002,1010.2,30.4,23.0,28.0,87,93,79,N,5,N,10,0.0,2.8,7
12/20/2002,1010.1,30.2,22.4,27.9,88,92,85,NNW,5,NW,10,0.0,3.1,7
12/21/2002,1010.4,32.9,20.0,28.1,84,88,81,NNE,5,NE,12,0.0,2.3,7
12/22/2002,1010.7,30.1,20.4,27.4,87,96,85,VRB,3,ENE,9,0.0,8.6,6
12/23/2002,1011.3,29.6,18.2,27.1,82,95,76,VRB,4,NE,9,0.0,7.0,7
12/24/2002,1010.8,29.4,20.1,26.3,82,95,72,VRB,3,N,8,0.0,7.3,4
12/25/2002,1011.8,30.2,21.4,27.4,83,95,78,NE,5,ENE,10,0.0,10.4,5
12/26/2002,1012.6,30.4,21.4,27.7,82,91,77,NE,4,ENE,11,0.0,10.4,3
12/27/2002,1012.3,30.5,19.4,28.4,79,90,75,E,4,E,9,0.0,10.6,3
12/28/2002,1012.0,30.2,20.1,27.1,84,91,76,NE,5,NE,11,0.0,9.8,5
12/29/2002,1013.1,30.4,20.0,27.9,82,95,77,ENE,4,NE,9,0.0,10.7,1
12/30/2002,1013.4,30.4,20.1,27.5,84,96,77,NNE,4,N,10,0.0,9.9,3
12/31/2002,1012.1,30.2,24.2,27.7,83,95,75,N,5,N,12,0.0,10.5,5
1/1/2003,1011.1,31.0,25.4,28.6,80,87,75,N,6,N,14,0.0,10.3,3
1/2/2003,1011.8,30.8,22.1,28.6,83,90,77,NE,8,ENE,13,0.0,10.8,4
1/3/2003,1011.9,31.1,20.7,28.3,82,91,77,NE,6,NE,13,0.0,10.2,6
1/4/2003,1011.8,31.0,21.4,27.8,84,95,77,NE,5,ENE,11,0.0,10.1,4
1/5/2003,1011.5,31.1,25.0,28.0,77,95,66,ENE,6,ENE,12,0.0,10.6,2
1/6/2003,1011.9,30.4,23.8,27.8,83,89,76,NNW,6,ENE,26,3.8,1.5,8
1/7/2003,1011.8,31.2,26.2,29.0,77,84,70,NE,6,NE,13,0.8,7.9,5
1/8/2003,1011.4,31.4,26.6,29.2,76,80,69,ENE,5,ENE,10,0.0,7.4,4
1/9/2003,1011.3,31.4,26.6,28.9,78,83,70,E,7,E,21,0.0,5.9,5
1/10/2003,1011.7,31.0,26.8,29.0,79,83,73,E,10,E,19,0.0,10.5,2
1/11/2003,1011.8,31.2,26.6,29.1,77,81,70,E,11,E,23,0.0,9.1,2
1/12/2003,1011.8,31.4,26.2,28.6,79,85,74,E,8,E,16,0.0,8.0,5
1/13/2003,1012.0,31.1,26.2,28.2,81,86,73,E,5,E,14,0.0,1.1,5
1/14/2003,1011.6,31.0,26.4,28.5,73,84,66,E,7,SE,16,0.0,9.4,4
1/15/2003,1012.4,31.4,25.4,28.7,70,77,64,E,7,E,14,0.0,10.5,2
1/16/2003,1011.4,31.2,23.6,28.6,71,78,65,E,4,E,8,0.0,8.9,2
1/17/2003,1011.6,30.9,23.2,28.2,76,87,67,NE,5,NE,9,0.0,9.6,3
1/18/2003,1011.9,31.4,23.6,28.0,80,93,69,ENE,4,NE,9,0.0,10.0,2
1/19/2003,1011.7,31.6,24.4,28.8,77,96,68,NE,4,NE,11,0.0,9.8,2
1/20/2003,1011.0,31.7,25.4,28.9,77,83,70,N,7,NNE,15,0.6,10.1,4
1/21/2003,1010.6,31.6,24.6,29.2,80,86,73,ENE,7,NNE,13,0.0,8.3,4
1/22/2003,1010.0,32.0,24.5,28.8,82,95,74,NE,7,NE,18,8.8,8.8,6
1/23/2003,1009.8,31.4,24.6,28.7,80,89,77,ENE,6,NE,13,0.0,7.0,7
1/24/2003,1009.1,31.2,24.0,28.4,80,95,67,N,5,NNW,14,0.0,10.0,5
1/25/2003,1008.7,31.5,25.0,28.6,80,88,73,NE,5,NE,12,0.0,8.7,5
1/26/2003,1010.0,30.9,26.1,28.6,77,83,70,E,7,E,14,0.0,7.4,7
1/27/2003,1011.0,31.0,24.2,28.9,74,80,70,ENE,8,ENE,16,0.0,9.7,3
1/28/2003,1011.1,31.0,24.1,28.2,71,74,65,ENE,6,ENE,12,0.0,9.8,6
1/29/2003,1011.5,31.2,21.2,28.1,68,78,59,NE,5,ENE,12,0.0,9.4,5
1/30/2003,1011.6,31.6,23.0,27.5,78,93,66,VRB,2,E,8,0.0,10.9,2
1/31/2003,1011.9,31.0,21.6,27.9,77,89,68,E,4,E,10,0.0,10.9,1
2/1/2003,1012.5,31.2,21.8,27.3,81,96,71,VRB,3,E,8,0.0,8.8,6
2/2/2003,1011.7,31.5,23.6,28.3,76,95,65,ENE,6,E,13,0.0,10.7,4
2/3/2003,1011.6,31.2,24.2,28.3,80,93,69,VRB,4,E,12,0.0,9.6,6
2/4/2003,1011.3,31.4,24.8,28.6,78,92,69,NE,6,E,14,0.0,9.4,2
2/5/2003,1010.4,31.4,25.0,28.7,79,92,70,NNE,8,NNE,16,0.0,9.5,2
2/6/2003,1010.7,31.8,25.0,28.6,79,89,68,NNW,5,NNW,13,0.0,7.4,3
2/7/2003,1009.3,31.4,24.0,28.8,78,87,73,NNW,8,NNW,14,0.0,9.1,5
2/8/2003,1007.7,32.0,22.6,28.7,79,90,72,NE,6,NE,18,0.0,8.3,2
2/9/2003,1007.8,31.4,24.6,28.1,83,98,70,NE,4,N,13,0.0,8.8,2
2/10/2003,1007.7,32.2,22.8,29.1,79,89,71,NE,6,NE,12,0.0,10.7,2
2/11/2003,1007.9,32.4,25.4,28.3,80,95,71,NNE,6,NNE,15,0.0,9.8,3
2/12/2003,1008.1,31.6,21.7,28.9,78,90,75,N,8,ESE,23,37.7,5.8,6
2/13/2003,1009.4,30.6,25.4,27.4,85,96,75,NNE,5,NE,13,0.0,2.6,7
2/14/2003,1008.6,31.4,27.0,29.1,85,87,72,E,5,SE,11,0.0,11.3,2
2/15/2003,1010.6,31.4,25.3,29.1,78,89,72,SE,5,ESE,13,0.0,11.2,4
2/16/2003,1011.2,31.4,26.4,28.9,82,87,75,ENE,7,ENE,15,0.0,10.1,6
2/17/2003,1011.2,31.1,25.6,28.9,78,89,71,E,7,E,14,0.0,10.8,2
2/18/2003,1011.4,31.4,24.7,28.9,77,87,66,ENE,6,ENE,13,0.0,11.2,1
2/19/2003,1010.8,30.8,24.3,28.5,79,89,73,ENE,5,ENE,12,0.0,10.4,2
2/20/2003,1011.1,31.0,26.0,28.6,79,90,71,N,6,N,13,0.0,11.3,1
2/21/2003,1011.7,31.0,26.4,28.6,80,90,74,N,6,N,13,0.0,10.9,2
2/22/2003,1011.4,31.0,23.5,28.4,79,88,73,NNW,6,NNW,13,0.0,11.0,1
2/23/2003,1010.4,31.2,24.3,28.6,81,93,75,VRB,4,NE,10,0.0,10.8,1
2/24/2003,1010.7,32.0,23.6,28.9,79,90,72,VRB,3,E,9,0.0,11.2,2
2/25/2003,1012.1,31.4,25.8,29.0,76,83,71,VRB,3,WNW,8,0.7,10.3,2
2/26/2003,1010.1,31.6,25.6,29.0,81,89,73,NNW,5,W,13,0.0,9.8,4
2/27/2003,1010.1,31.4,24.2,29.2,80,89,74,NNW,7,NW,13,0.0,10.5,2
2/28/2003,1010.0,32.2,25.8,28.8,80,87,72,VRB,3,NE,10,0.0,7.1,4
3/1/2003,1010.3,32.1,27.2,29.4,79,86,72,NW,6,NW,13,0.0,8.0,6
3/2/2003,1009.7,32.2,26.6,29.5,83,86,76,NW,8,NW,13,0.0,10.0,6
3/3/2003,1009.8,32.0,26.9,29.3,78,86,73,NNW,7,NNW,13,0.0,7.9,5
3/4/2003,1008.9,31.8,26.6,29.3,77,82,70,NNW,7,NNW,14,0.0,9.6,6
3/5/2003,1008.2,31.6,26.6,29.1,76,83,69,NNW,6,NNW,11,0.0,7.9,6
3/6/2003,1009.1,32.4,25.0,29.5,75,82,68,NNW,5,NNW,12,0.0,10.6,3
3/7/2003,1009.2,32.2,24.9,28.9,79,95,70,N,5,NNW,12,0.0,8.8,5
3/8/2003,1009.2,32.8,27.4,29.4,77,93,69,ENE,5,ENE,15,0.0,10.0,3
3/9/2003,1009.6,32.4,27.2,30.2,71,75,67,ENE,9,ENE,18,0.0,10.6,2
3/10/2003,1009.5,32.6,24.5,30.2,71,79,63,E,6,E,15,0.0,10.1,1
3/11/2003,1009.6,32.4,26.2,29.2,78,90,67,VRB,4,N,9,0.0,8.2,6
3/12/2003,1009.9,32.9,25.0,30.2,70,78,59,ESE,4,SSE,9,0.0,10.6,1
3/13/2003,1010.5,32.8,25.6,30.1,71,82,64,ENE,4,ENE,10,0.0,11.0,1
3/14/2003,1012.1,32.9,26.9,29.7,75,92,64,ENE,4,NE,11,0.0,10.1,4
3/15/2003,1009.5,33.0,25.4,29.7,77,86,67,VRB,4,ENE,10,0.0,7.5,4
3/16/2003,1010.1,32.6,24.8,29.6,76,93,67,NNW,5,NNW,14,0.0,10.3,2
3/17/2003,1009.8,32.4,25.2,29.6,76,93,68,N,5,NNW,11,0.0,10.1,2
3/18/2003,1011.0,32.7,24.9,29.8,75,87,66,N,6,ENE,33,3.2,10.3,2
3/19/2003,1009.7,31.4,24.2,28.6,80,85,75,ESE,8,ESE,25,15.8,3.6,6
3/20/2003,1009.0,32.1,25.8,29.2,79,90,71,NE,5,ENE,14,0.0,8.4,6
3/21/2003,1007.6,32.4,27.6,30.0,75,83,70,ENE,7,ENE,16,0.0,11.1,3
3/22/2003,1009.7,32.6,27.4,30.2,77,83,72,E,9,ENE,16,0.0,10.9,3
3/23/2003,1010.1,33.2,26.2,30.0,74,85,68,ENE,6,ENE,13,0.0,10.8,3
3/24/2003,1010.6,32.6,25.9,29.6,73,85,65,NNE,5,NE,12,0.0,10.4,3
3/25/2003,1009.7,32.4,25.6,29.3,73,84,64,NNW,4,NNW,10,0.0,10.6,2
3/26/2003,1011.3,32.6,24.3,29.4,70,84,61,VRB,3,NNE,9,0.0,10.7,1
3/27/2003,1010.5,32.4,24.6,29.3,74,90,65,NW,4,NW,9,0.0,10.9,1
3/28/2003,1010.6,32.7,27.4,29.7,73,90,65,WNW,4,NW,11,0.0,10.1,2
3/29/2003,1007.5,33.0,26.4,30.3,73,78,65,NW,6,NW,11,0.0,10.3,1
3/30/2003,1008.2,32.9,27.4,30.4,75,83,67,NW,5,NW,9,0.0,10.0,1
3/31/2003,1009.0,33.0,27.6,30.4,76,83,69,W,6,W,14,0.0,9.9,2
4/1/2003,1008.3,33.0,27.6,30.5,75,81,69,WNW,6,WNW,13,0.0,10.4,1
4/2/2003,1008.0,33.6,27.6,30.3,76,83,67,WSW,6,SW,13,0.0,10.5,1
4/3/2003,1010.3,33.2,25.2,30.3,80,94,68,W,6,WNW,20,3.5,8.3,4
4/4/2003,1009.2,31.6,22.8,27.6,83,91,75,WSW,7,WSW,31,25.4,5.3,7
4/5/2003,1009.4,32.4,26.4,29.6,79,89,71,NW,7,NNW,23,5.9,6.5,5
4/6/2003,1008.2,32.2,27.6,30.2,76,83,72,NNW,7,NNW,13,0.0,10.5,4
4/7/2003,1011.0,32.4,27.6,30.2,77,82,70,N,6,N,11,0.0,9.5,4
4/8/2003,1010.0,32.6,27.7,30.3,79,82,74,NNW,6,NNW,13,0.0,10.2,3
4/9/2003,1010.0,32.7,26.4,30.2,77,83,68,NW,6,NW,12,0.0,10.1,2
4/10/2003,1009.5,31.8,26.6,30.3,77,83,70,WNW,4,NW,8,0.0,10.8,1
4/11/2003,1010.9,33.2,24.8,29.5,80,98,69,ENE,4,ENE,20,8.7,10.5,3
4/12/2003,1011.0,33.0,25.2,30.2,78,93,71,ENE,5,NE,12,0.0,10.7,5
4/13/2003,1009.4,33.0,24.6,30.1,76,86,69,VRB,3,WNW,6,0.0,9.4,2
4/14/2003,1009.6,32.8,27.4,30.2,77,90,68,VRB,3,NNW,13,0.0,11.1,3
4/15/2003,1009.9,32.2,26.0,28.8,85,90,79,NW,4,NNE,15,0.0,1.9,7
4/16/2003,1010.6,33.2,25.2,30.2,79,86,71,VRB,3,SSE,9,0.7,5.0,7
4/17/2003,1010.2,33.7,26.2,30.9,73,87,66,VRB,3,S,9,0.0,10.8,4
4/18/2003,1010.1,33.2,25.4,30.3,77,85,67,NW,4,NW,8,0.0,7.5,6
4/19/2003,1008.3,33.7,28.0,30.8,77,98,68,VRB,3,WNW,10,0.0,10.6,2
4/20/2003,1007.9,33.4,26.2,29.3,80,85,68,WNW,5,WSW,18,1.4,4.2,6
4/21/2003,1008.3,33.3,24.6,28.4,83,91,75,WNW,4,NE,22,33.0,6.2,6
4/22/2003,1009.5,32.9,24.4,29.2,80,97,66,VRB,3,S,23,31.6,8.6,4
4/23/2003,1010.3,31.0,26.6,29.0,80,86,74,SW,4,SSE,19,0.0,0.4,7
4/24/2003,1008.3,32.4,25.7,30.2,78,82,71,NW,7,NW,16,3.0,9.5,5
4/25/2003,1006.8,32.6,28.8,30.8,76,81,71,NNW,7,NW,13,0.0,9.5,6
4/26/2003,1007.2,32.2,28.5,30.5,75,81,71,NNW,8,NNW,14,0.0,4.9,7
4/27/2003,1006.5,32.6,26.6,30.4,72,79,66,N,5,N,13,0.0,9.4,3
4/28/2003,1007.2,31.2,24.0,28.1,84,90,77,E,6,ENE,25,30.9,0.1,7
4/29/2003,1008.2,32.0,25.4,28.6,82,97,72,ENE,6,E,33,23.4,2.0,6
4/30/2003,1009.1,30.0,24.4,27.3,87,95,81,NE,10,NE,25,24.5,0.6,7
5/1/2003,1006.5,31.8,26.6,29.3,79,83,72,E,5,ESE,14,0.1,5.6,7
5/2/2003,1006.3,32.2,27.0,30.2,78,83,74,E,5,SE,14,4.1,9.4,5
5/3/2003,1007.2,32.4,27.6,30.3,78,83,71,S,7,S,13,0.0,10.0,4
5/4/2003,1007.5,32.6,26.8,30.4,77,83,72,SSW,6,SSW,15,0.0,10.1,4
5/5/2003,1007.5,32.6,26.6,30.1,79,89,75,S,8,SSW,24,0.0,9.1,7
5/6/2003,1008.7,32.0,26.8,29.2,82,86,76,WSW,10,SSW,24,0.0,5.2,7
5/7/2003,1008.9,31.8,26.6,29.8,76,78,72,SW,10,WNW,22,1.8,5.5,7
5/8/2003,1008.9,32.3,27.8,30.3,76,83,70,W,9,WNW,21,1.0,10.7,4
5/9/2003,1008.8,32.4,28.0,29.3,81,84,79,WSW,7,WSW,19,0.0,8.3,6
5/10/2003,1008.9,32.3,28.4,30.5,75,79,73,NW,9,NW,16,0.0,6.6,7
5/11/2003,1008.4,32.7,28.8,30.8,75,79,69,WNW,11,WNW,20,0.0,8.7,7
5/12/2003,1008.2,32.6,28.6,30.9,77,82,71,WNW,13,WNW,20,0.0,9.0,7
5/13/2003,1008.1,33.0,28.8,30.5,78,81,76,W,13,W,21,0.0,4.9,7
5/14/2003,1008.2,32.8,26.7,30.5,78,84,72,W,14,WNW,26,1.6,6.4,7
5/15/2003,1009.4,32.6,26.6,30.8,78,84,74,W,14,WNW,30,9.4,10.4,3
5/16/2003,1010.4,32.4,25.0,30.3,80,89,75,W,13,WNW,32,20.0,10.0,7
5/17/2003,1010.7,32.4,27.0,30.1,84,88,75,W,11,WNW,21,1.3,7.4,7
5/18/2003,1010.4,32.6,27.1,30.4,79,85,73,W,9,WSW,19,0.0,10.5,5
5/19/2003,1010.9,32.0,27.6,29.6,82,89,75,W,7,W,21,0.0,9.4,7
5/20/2003,1011.5,32.4,26.6,30.5,79,88,71,WNW,5,WNW,11,0.0,9.9,5
5/21/2003,1012.4,30.4,25.4,28.0,86,90,83,WSW,5,WSW,22,1.3,0.3,7
5/22/2003,1010.9,31.6,25.4,28.8,85,93,77,WNW,5,NW,21,12.8,4.9,7
5/23/2003,1010.4,31.8,27.1,29.3,81,85,76,WNW,5,WNW,16,0.0,4.7,7
5/24/2003,1010.5,32.4,25.4,30.1,76,86,66,NNW,6,NNW,15,0.0,8.1,3
5/25/2003,1010.9,32.2,26.0,29.8,73,80,69,NW,4,NW,7,0.0,10.9,1
5/26/2003,1011.2,32.6,27.6,29.9,74,90,66,VRB,3,W,8,0.0,10.8,3
5/27/2003,1010.5,32.6,28.0,29.8,78,88,75,W,6,WNW,18,0.0,8.9,6
5/28/2003,1009.8,32.0,26.8,29.4,80,82,75,W,9,W,31,0.0,5.3,7
5/29/2003,1011.3,32.8,24.6,29.6,82,90,72,W,7,SW,18,29.9,7.4,6
5/30/2003,1011.0,32.2,25.6,29.4,81,86,73,W,7,WNW,24,4.6,7.0,5
5/31/2003,1010.3,32.4,27.0,30.2,80,91,74,WNW,7,WNW,18,0.0,8.9,4
6/1/2003,1008.8,32.7,26.4,30.3,76,89,74,WSW,5,WSW,25,3.0,10.7,4
6/2/2003,1008.3,32.4,25.0,29.1,82,95,71,W,7,WNW,24,18.1,7.4,7
6/3/2003,1008.3,31.9,26.2,29.5,81,86,79,WSW,9,WSW,19,0.0,7.8,7
6/4/2003,1008.7,31.8,25.9,29.2,82,90,76,SW,7,SSW,26,8.2,5.6,7
6/5/2003,1009.3,30.4,24.6,27.1,83,89,78,W,7,SSW,23,21.0,3.9,7
6/6/2003,1008.8,32.2,26.4,30.1,78,87,73,W,9,WNW,31,4.2,10.6,6
6/7/2003,1008.1,31.4,26.4,28.9,83,92,77,WSW,12,W,41,2.9,5.4,7
6/8/2003,1009.3,32.4,25.5,29.8,76,84,69,W,8,W,39,13.4,9.7,6
6/9/2003,1009.5,31.4,25.8,28.5,81,85,75,W,11,WNW,39,0.9,4.4,7
6/10/2003,1008.2,32.4,26.0,29.9,79,85,72,NW,7,NW,24,5.7,8.1,6
6/11/2003,1008.7,32.2,25.2,30.2,78,81,74,WNW,6,WNW,27,7.4,9.1,5
6/12/2003,1009.5,31.8,24.0,27.9,88,98,83,WSW,7,WNW,24,72.9,3.5,7
6/13/2003,1010.6,30.6,24.6,26.8,88,96,82,W,12,W,27,3.6,0.0,7
6/14/2003,1009.8,32.4,24.4,29.6,78,85,72,W,8,W,28,13.8,7.9,7
6/15/2003,1009.0,31.6,25.4,28.6,79,86,72,SW,7,WSW,27,0.4,4.5,7
6/16/2003,1008.2,31.2,24.6,28.4,82,97,78,SW,10,WNW,31,20.9,7.8,7
6/17/2003,1009.2,29.6,25.2,26.9,88,93,83,WSW,9,WSW,26,26.9,0.7,7
6/18/2003,1009.6,31.4,24.6,28.9,81,97,77,WSW,11,WNW,31,35.0,7.0,7
6/19/2003,1010.4,30.6,24.6,26.9,87,90,81,W,9,WSW,35,6.9,0.6,7
6/20/2003,1008.9,31.8,24.6,28.6,85,90,77,SSW,12,WNW,41,29.8,7.3,7
6/21/2003,1008.2,31.6,24.8,29.1,83,93,80,SSW,8,SW,28,17.0,2.2,7
6/22/2003,1008.0,30.4,25.0,28.2,86,91,83,WSW,14,W,43,4.8,1.1,8
6/23/2003,1008.5,29.5,24.0,28.9,89,98,82,W,12,NW,36,76.8,0.0,8
6/24/2003,1008.6,30.0,24.4,27.8,87,97,83,W,11,W,35,30.9,0.0,8
6/25/2003,1008.7,31.0,24.8,28.0,85,90,79,W,9,WNW,27,6.6,1.6,7
6/26/2003,1009.1,31.2,27.6,29.0,80,89,74,W,9,W,24,0.0,10.4,7
6/27/2003,1009.4,32.2,26.5,29.7,80,86,75,W,7,W,23,0.0,10.5,7
6/28/2003,1010.1,31.0,25.1,29.0,77,80,73,WNW,13,WNW,35,4.6,7.6,6
6/29/2003,1009.8,31.2,27.4,28.8,80,86,75,W,10,WNW,25,0.0,5.1,7
6/30/2003,1008.6,30.8,25.8,28.8,80,85,75,W,11,W,23,2.4,1.6,7
7/1/2003,1008.2,30.4,24.4,27.6,84,85,78,W,11,W,37,9.7,0.4,7
7/2/2003,1009.0,30.6,25.2,28.3,81,82,77,WSW,9,WNW,28,4.1,6.9,6
7/3/2003,1009.5,30.4,24.4,28.2,83,87,80,WSW,7,W,32,4.7,3.3,7
7/4/2003,1008.9,30.8,24.4,27.6,84,93,78,W,10,WSW,32,5.2,4.4,7
7/5/2003,1009.0,29.6,24.2,26.7,87,93,80,SW,8,WSW,30,7.9,2.0,7
7/6/2003,1009.1,30.8,24.0,28.8,82,87,78,NW,4,WNW,29,7.2,5.0,7
7/7/2003,1009.9,31.2,26.4,28.4,81,95,72,WNW,9,NW,27,0.0,7.9,7
7/8/2003,1008.8,31.6,27.8,29.0,79,86,75,WNW,11,WNW,23,0.0,10.4,6
7/9/2003,1008.8,31.4,27.6,29.3,79,83,77,WNW,10,W,18,0.0,7.9,7
7/10/2003,1009.7,30.4,25.8,28.9,80,83,78,WSW,5,ENE,9,0.5,0.2,8
7/11/2003,1009.2,30.2,24.4,27.6,84,92,80,NW,11,WSW,33,6.2,2.0,7
7/12/2003,1009.0,30.8,24.1,27.5,83,96,77,WNW,8,W,43,15.4,2.6,7
7/13/2003,1008.9,29.8,23.4,27.9,83,93,74,WNW,12,WNW,36,30.2,1.7,7
7/14/2003,1008.8,30.0,24.6,27.1,84,88,80,W,13,WNW,37,4.2,0.0,7
7/15/2003,1009.5,29.5,23.8,27.3,83,98,81,WSW,14,WSW,37,60.0,1.2,8
7/16/2003,1010.1,29.0,25.6,26.8,90,95,83,W,6,WNW,28,6.4,0.0,7
7/17/2003,1009.5,31.4,24.4,29.3,81,89,79,W,5,WNW,41,10.9,10.3,7
7/18/2003,1010.6,30.4,25.7,28.0,84,95,82,W,12,WNW,32,0.6,1.7,7
7/19/2003,1008.8,30.6,28.1,29.1,81,86,78,NW,12,NW,23,0.0,10.3,5
7/20/2003,1008.6,30.6,25.7,29.3,79,83,77,NW,11,WNW,24,1.4,10.5,3
7/21/2003,1009.9,31.2,26.8,29.4,79,87,76,WNW,10,WNW,17,0.0,10.7,3
7/22/2003,1010.0,31.2,27.2,29.3,78,82,75,WNW,8,WNW,15,0.0,10.7,5
7/23/2003,1009.1,30.9,24.0,29.2,80,87,76,W,6,WNW,35,9.4,8.4,7
7/24/2003,1009.2,31.4,24.0,28.5,81,85,75,W,9,W,41,8.6,7.0,7
7/25/2003,1009.0,31.4,25.2,29.0,85,93,78,W,7,W,27,2.6,8.7,7
7/26/2003,1008.9,30.8,24.8,28.0,85,90,77,W,8,W,36,2.7,4.2,7
7/27/2003,1009.1,31.4,25.4,28.4,84,87,75,WSW,7,W,16,3.1,5.1,7
7/28/2003,1010.4,29.4,23.6,26.3,88,96,80,W,11,W,31,41.0,0.0,7
7/29/2003,1009.7,31.6,25.6,29.3,78,86,73,NW,5,NW,18,0.0,10.6,3
7/30/2003,1010.1,31.0,25.4,28.0,83,95,77,NW,11,W,34,1.8,2.5,6
7/31/2003,1010.4,30.2,25.8,28.5,79,86,74,WNW,11,WNW,19,0.1,0.0,7
8/1/2003,1010.0,31.2,27.4,29.2,80,85,76,WNW,10,WNW,15,0.0,7.1,6
8/2/2003,1010.5,31.2,25.8,29.1,81,85,74,WNW,8,WNW,17,1.1,6.1,6
8/3/2003,1011.7,30.6,24.9,27.9,85,89,83,WNW,9,NW,23,9.7,5.6,7
8/4/2003,1011.9,30.7,25.4,27.6,84,90,78,NW,13,NW,28,2.3,1.0,7
8/5/2003,1011.0,29.8,24.4,27.7,83,92,78,WNW,13,WNW,31,8.4,2.5,7
8/6/2003,1009.1,30.6,27.0,28.9,78,82,76,WNW,14,WNW,23,0.0,7.2,7
8/7/2003,1008.8,31.2,26.9,29.2,78,85,74,WNW,11,WNW,22,0.0,9.8,6
8/8/2003,1008.5,30.6,27.6,29.1,76,89,73,WNW,15,WNW,24,0.0,9.2,7
8/9/2003,1007.8,30.6,27.2,29.0,79,85,76,WNW,15,WNW,27,0.0,9.6,6
8/10/2003,1008.4,31.2,27.4,29.2,78,82,74,WNW,13,WNW,25,0.0,9.6,5
8/11/2003,1010.1,30.8,26.6,29.2,79,86,74,WNW,13,WNW,21,1.3,9.4,3
8/12/2003,1011.0,30.8,26.6,28.9,80,90,74,WNW,12,WNW,22,1.1,7.9,7
8/13/2003,1010.2,30.6,27.2,28.9,80,85,74,WNW,12,WNW,22,0.0,6.9,7
8/14/2003,1010.6,31.0,27.0,29.0,78,80,73,WNW,11,W,18,0.0,6.4,7
8/15/2003,1010.5,31.3,26.6,29.1,76,83,72,W,8,W,14,0.1,6.6,6
8/16/2003,1011.2,31.5,27.4,29.2,77,85,71,WSW,7,WSW,13,0.0,10.1,5
8/17/2003,1011.3,31.2,27.4,29.1,76,81,72,WNW,8,W,16,0.0,9.4,7
8/18/2003,1011.5,31.2,27.2,29.2,76,79,71,WNW,10,W,16,0.0,10.5,6
8/19/2003,1010.7,31.3,27.4,29.3,75,83,71,WNW,12,WNW,18,0.0,9.9,6
8/20/2003,1008.7,31.6,27.6,29.4,76,83,72,W,11,W,20,0.0,10.7,5
8/21/2003,1008.3,31.6,27.8,29.4,78,83,72,W,13,W,23,0.0,7.9,6
8/22/2003,1009.2,31.8,27.8,29.5,79,85,75,W,14,W,23,0.0,6.6,7
8/23/2003,1009.9,31.4,25.8,29.5,77,82,72,W,13,W,26,1.2,7.8,7
8/24/2003,1008.9,31.6,26.0,29.6,77,83,72,W,11,W,23,1.6,11.0,3
8/25/2003,1009.5,31.7,26.8,29.6,78,85,71,W,11,WNW,19,0.1,11.1,3
8/26/2003,1010.0,31.8,26.4,29.4,78,85,72,W,8,WNW,17,1.2,9.2,3
8/27/2003,1011.4,31.6,27.0,29.0,78,89,72,W,8,W,20,0.0,9.4,7
8/28/2003,1011.7,31.9,25.6,29.3,75,80,71,WSW,6,WSW,12,0.0,10.7,5
8/29/2003,1011.5,31.0,27.0,29.0,77,88,69,SW,6,SSW,13,0.0,10.5,3
8/30/2003,1011.4,31.9,25.6,29.1,76,81,68,SW,8,W,26,1.3,7.8,5
8/31/2003,1011.9,31.4,24.4,28.1,81,95,72,W,7,W,30,1.3,4.5,7
9/1/2003,1011.5,29.2,23.9,26.6,86,95,75,W,8,WNW,31,10.6,0.1,7
9/2/2003,1011.1,30.4,24.2,28.1,83,87,79,WSW,7,WNW,22,7.4,0.0,7
9/3/2003,1011.1,30.8,24.7,28.4,81,90,74,W,8,W,23,0.6,9.2,5
9/4/2003,1011.5,30.7,24.2,28.4,80,87,75,WNW,11,W,23,5.2,11.0,4
9/5/2003,1010.6,31.0,26.5,28.9,78,87,73,WNW,10,WNW,23,0.0,10.9,3
9/6/2003,1011.4,31.2,27.0,29.2,78,86,67,W,9,W,20,0.4,10.1,7
9/7/2003,1011.6,31.3,27.4,29.0,77,83,73,NW,8,NW,15,0.0,10.9,5
9/8/2003,1011.3,31.2,25.6,29.1,78,82,71,NW,6,WNW,12,1.0,9.9,5
9/9/2003,1011.3,31.2,27.6,29.1,80,86,76,WNW,8,WNW,16,0.0,10.8,3
9/10/2003,1011.3,31.0,27.4,29.1,77,82,73,WNW,10,WNW,15,0.0,10.7,3
9/11/2003,1011.3,31.0,27.2,28.9,76,83,70,WNW,9,WNW,14,0.0,10.7,4
9/12/2003,1010.5,31.0,27.2,29.0,73,75,71,WNW,8,WNW,14,0.0,10.0,5
9/13/2003,1010.6,31.6,27.4,29.3,75,83,69,WSW,7,W,13,0.0,10.3,4
9/14/2003,1010.7,31.7,24.8,28.9,78,87,72,SW,8,NW,23,3.3,8.8,4
9/15/2003,1010.7,31.8,24.6,29.1,78,86,74,WSW,7,WSW,25,20.1,10.5,5
9/16/2003,1011.1,31.4,24.6,28.9,78,86,74,WNW,6,W,18,1.4,4.0,7
9/17/2003,1011.5,31.0,24.2,28.3,80,86,73,W,5,W,18,4.1,5.6,6
9/18/2003,1012.6,30.2,26.0,28.1,80,89,74,W,10,W,24,0.0,6.5,7
9/19/2003,1012.6,29.6,24.6,27.0,85,93,80,W,8,W,25,4.6,0.8,7
9/20/2003,1012.2,30.9,26.2,28.5,79,82,75,WNW,8,WNW,26,1.0,5.7,7
9/21/2003,1011.8,30.8,27.2,28.8,76,80,71,NW,6,WNW,17,0.0,5.9,7
9/22/2003,1012.1,31.4,27.0,29.2,75,80,72,NW,6,NW,14,0.6,10.3,6
9/23/2003,1010.8,31.4,27.4,29.2,75,83,68,NW,7,NW,13,0.0,10.6,5
9/24/2003,1010.4,31.4,24.6,29.5,74,77,71,WNW,9,W,27,9.6,11.0,3
9/25/2003,1010.4,31.2,25.2,29.3,76,86,72,WNW,9,WNW,23,3.1,10.8,5
9/26/2003,1009.9,31.0,25.2,29.0,79,86,74,NW,10,WNW,25,6.8,9.0,6
9/27/2003,1009.7,30.7,26.4,28.9,79,86,74,WNW,9,WNW,22,2.6,8.0,7
9/28/2003,1008.4,31.2,24.4,28.5,81,86,77,WNW,7,WNW,22,30.7,5.0,7
9/29/2003,1009.3,29.1,24.4,26.7,87,95,79,W,10,WSW,28,10.5,0.1,7
9/30/2003,1008.5,29.4,23.8,24.2,89,96,81,W,13,WNW,29,10.6,0.0,7
10/1/2003,1007.6,28.6,23.4,25.8,91,100,79,NW,13,WNW,32,77.0,0.0,7
10/2/2003,1007.6,30.4,27.2,28.4,77,83,67,NW,11,NW,22,0.0,3.1,7
10/3/2003,1008.0,30.8,24.2,27.9,82,95,77,W,11,W,26,5.7,7.6,7
10/4/2003,1008.1,30.2,26.8,28.1,81,86,73,W,13,SW,29,0.2,7.6,6
10/5/2003,1007.7,30.6,26.8,28.8,79,85,73,WSW,14,WSW,24,0.0,9.9,6
10/6/2003,1007.7,30.2,26.8,28.6,80,85,77,WSW,13,WSW,23,0.0,3.0,7
10/7/2003,1008.2,30.2,27.2,28.3,84,88,78,W,13,SW,23,0.0,3.8,7
10/8/2003,1009.5,30.6,27.2,28.6,80,85,75,W,9,W,17,0.0,7.5,5
10/9/2003,1011.1,31.4,26.8,28.9,76,83,68,W,7,WSW,13,0.0,10.5,3
10/10/2003,1011.2,31.2,26.6,28.8,77,83,73,W,7,W,11,0.0,10.8,2
10/11/2003,1010.2,31.0,26.6,28.7,75,83,70,WNW,6,WNW,12,0.0,11.3,2
10/12/2003,1010.2,30.6,26.4,28.6,73,81,70,WNW,7,WNW,13,0.0,11.1,2
10/13/2003,1011.5,31.4,24.6,28.7,70,80,67,W,6,W,12,0.3,11.0,2
10/14/2003,1012.0,31.2,26.0,28.4,78,86,70,WNW,5,WSW,15,0.3,8.6,3
10/15/2003,1011.4,31.4,27.0,28.9,75,84,70,W,6,W,12,0.0,11.0,2
10/16/2003,1010.9,31.6,25.8,29.2,76,82,72,WSW,7,WNW,14,1.2,11.0,3
10/17/2003,1010.4,32.0,26.6,28.8,77,87,71,W,5,WNW,15,0.5,10.8,3
10/18/2003,1011.0,31.7,25.6,29.0,79,86,74,WSW,7,WSW,26,0.0,9.6,2
10/19/2003,1011.5,31.7,26.4,29.0,79,92,73,WSW,5,W,25,2.3,10.3,5
10/20/2003,1011.9,31.0,27.2,29.1,77,87,72,W,9,W,18,0.0,6.8,5
10/21/2003,1010.8,31.4,27.4,29.0,76,82,70,W,11,W,21,0.0,6.7,7
10/22/2003,1011.1,30.6,25.4,28.6,80,95,72,W,11,W,18,8.6,8.7,7
10/23/2003,1011.9,30.8,24.4,28.5,80,95,71,SW,10,W,30,44.3,7.6,6
10/24/2003,1011.5,30.4,24.0,27.8,85,95,78,W,10,W,24,5.3,3.2,7
10/25/2003,1010.7,31.4,26.8,28.9,79,86,73,WNW,8,WSW,16,0.0,10.5,2
10/26/2003,1009.8,31.4,24.7,29.0,79,86,73,WNW,6,WNW,13,0.0,10.4,3
10/27/2003,1010.8,31.2,25.5,29.0,78,95,74,NW,5,NW,9,0.0,10.7,3
10/28/2003,1011.9,30.9,24.8,28.8,77,90,70,NNW,5,NNW,10,0.0,10.9,4
10/29/2003,1012.2,30.9,25.0,28.6,76,84,69,N,4,N,9,0.0,11.4,2
10/30/2003,1011.1,30.6,23.0,28.5,75,84,70,NNW,4,NNW,10,17.4,10.3,4
10/31/2003,1011.2,29.2,22.6,26.2,87,100,77,W,7,E,33,13.6,2.4,7
11/1/2003,1010.3,29.4,23.0,26.6,85,96,79,NW,5,NNE,21,20.6,1.8,7
11/2/2003,1010.6,31.2,24.2,28.1,80,95,71,VRB,3,ESE,23,6.0,6.2,7
11/3/2003,1011.3,29.2,24.8,26.5,86,93,72,E,10,ENE,24,3.1,0.3,7
11/4/2003,1010.8,28.4,23.8,26.7,86,98,80,E,8,E,21,62.3,0.0,7
11/5/2003,1010.5,30.4,25.4,28.0,82,93,78,SE,7,SE,13,2.7,5.9,6
11/6/2003,1010.3,29.0,25.0,27.0,86,92,80,VRB,3,SE,8,3.9,1.2,5
11/7/2003,1009.0,31.6,25.4,26.7,75,89,74,VRB,3,SSE,23,9.8,5.0,6
11/8/2003,1009.6,29.6,24.9,27.0,84,90,79,ENE,5,ENE,21,3.8,0.7,7
11/9/2003,1008.4,29.6,24.4,26.4,89,96,80,ENE,7,E,23,37.0,0.0,7
11/10/2003,1009.1,30.1,26.2,28.3,81,89,77,ESE,8,E,24,0.0,4.4,7
11/11/2003,1009.9,31.4,24.6,29.1,81,89,75,E,6,E,14,0.0,9.3,5
11/12/2003,1010.5,30.4,24.0,27.9,83,98,76,VRB,3,NNW,11,0.0,6.9,5
11/13/2003,1010.1,31.2,24.2,28.4,79,95,70,VRB,3,NNE,8,0.0,11.1,2
11/14/2003,1011.7,31.4,24.6,28.6,81,98,72,NNW,4,ENE,24,5.8,9.7,5
11/15/2003,1012.3,29.4,24.2,26.4,90,98,83,W,4,NNW,15,22.1,0.9,7
11/16/2003,1011.3,27.4,23.8,25.3,94,100,84,W,6,WSW,18,66.0,0.0,8
11/17/2003,1010.5,28.4,23.8,26.2,88,95,80,WNW,5,NNE,17,9.8,0.0,7
11/18/2003,1010.2,30.6,22.8,27.3,84,90,80,SE,8,ENE,26,6.9,2.2,7
11/19/2003,1010.3,30.6,24.6,28.3,81,95,73,SSE,7,E,18,9.4,9.1,6
11/20/2003,1010.6,30.6,27.2,28.3,80,85,75,S,5,SE,12,0.0,7.7,5
11/21/2003,1011.3,30.4,25.2,28.0,78,87,71,E,5,E,19,0.0,6.7,6
11/22/2003,1011.9,31.0,25.6,28.9,78,84,73,VRB,3,WNW,8,0.0,10.6,3
11/23/2003,1011.7,29.6,24.6,26.9,86,95,77,W,4,ESE,20,5.6,0.3,7
11/24/2003,1012.1,31.4,23.7,28.3,80,84,70,VRB,3,SE,14,0.0,3.6,7
11/25/2003,1012.2,30.8,24.4,27.9,81,98,71,VRB,3,ENE,8,0.0,10.6,2
11/26/2003,1011.1,30.6,25.4,28.4,78,86,70,NNW,5,NNW,9,0.0,8.4,4
11/27/2003,1010.1,28.8,23.4,26.1,87,96,80,NNW,4,NE,23,7.4,0.0,6
11/28/2003,1009.0,31.1,25.8,28.6,76,83,68,N,5,N,10,0.0,10.8,4
11/29/2003,1010.1,30.4,23.7,28.1,79,84,75,ENE,7,E,19,24.1,4.7,7
11/30/2003,1010.9,28.6,24.0,26.6,85,98,75,E,8,E,20,4.2,0.0,7
12/1/2003,1010.8,28.9,25.6,27.3,84,89,80,E,10,E,23,1.2,1.1,7
12/2/2003,1010.5,30.5,25.2,28.8,75,80,73,E,11,E,20,0.0,10.1,5
12/3/2003,1009.7,30.9,24.8,28.3,78,90,71,ENE,5,NE,10,0.0,10.1,2
12/4/2003,1009.2,31.0,26.0,28.2,80,95,74,NE,6,NE,13,0.0,8.0,3
12/5/2003,1009.9,30.8,24.8,28.5,77,86,69,ENE,5,E,13,0.0,9.8,4
12/6/2003,1011.0,30.7,25.6,28.8,77,93,67,E,10,E,23,0.0,10.2,5
12/7/2003,1011.1,31.4,23.2,28.7,80,90,73,NE,5,NE,11,0.0,9.9,2
12/8/2003,1012.0,31.2,23.4,28.0,81,98,70,VRB,3,ENE,8,0.0,10.3,4
12/9/2003,1011.5,31.4,23.2,27.9,81,96,71,VRB,3,E,7,0.0,9.4,2
12/10/2003,1011.4,30.6,23.2,27.4,65,81,57,ENE,5,ENE,12,0.0,9.4,5
12/11/2003,1010.8,30.6,25.8,28.0,68,82,56,ENE,5,ENE,13,0.0,11.0,1
12/12/2003,1010.7,30.8,24.0,28.0,71,81,67,ENE,6,E,13,0.0,10.6,2
12/13/2003,1011.0,31.0,24.4,27.6,75,87,67,N,5,N,12,0.0,10.8,2
12/14/2003,1010.3,30.8,26.4,28.2,76,85,70,N,6,N,13,0.0,10.5,2
12/15/2003,1010.3,30.6,24.1,28.4,75,82,65,NW,6,NW,13,0.0,10.6,3
12/16/2003,1010.1,30.8,23.6,28.4,66,72,57,NNW,7,NW,13,0.0,10.3,6
12/17/2003,1011.2,31.0,22.6,28.3,69,79,61,N,6,NNW,13,0.0,11.0,2
12/18/2003,1012.3,30.6,22.6,27.1,68,83,56,VRB,3,NW,8,0.0,11.1,2
12/19/2003,1012.8,31.4,23.0,28.0,72,85,64,ENE,5,NE,12,0.0,10.4,3
12/20/2003,1013.8,31.4,24.4,28.1,74,88,63,ENE,5,SSE,16,0.6,9.6,4
12/21/2003,1013.2,30.4,25.6,28.3,73,85,66,NNW,4,NNW,11,0.0,10.6,2
12/22/2003,1012.3,31.0,25.2,28.3,73,84,65,ENE,6,ENE,12,0.0,10.9,3
12/23/2003,1012.4,31.0,21.0,28.3,69,85,59,ENE,6,ENE,13,0.0,11.2,2
12/24/2003,1012.7,31.2,20.0,27.8,70,91,53,N,5,N,10,0.0,11.2,1
12/25/2003,1012.2,30.9,23.0,27.4,67,84,55,NE,4,ENE,12,0.0,11.2,1
12/26/2003,1011.3,31.2,25.4,28.1,70,83,62,VRB,3,ESE,13,0.0,10.8,2
12/27/2003,1011.4,31.8,26.4,28.7,76,86,70,NE,8,NE,15,0.0,10.4,3
12/28/2003,1011.8,31.9,25.6,29.0,76,81,69,ENE,9,NE,16,0.0,9.1,3
12/29/2003,1012.7,32.0,26.2,29.1,76,85,70,ENE,9,ENE,21,0.0,10.3,2
12/30/2003,1013.0,31.2,24.2,28.9,75,84,69,E,10,ENE,22,0.0,9.7,3
12/31/2003,1013.1,31.4,22.6,28.5,76,90,64,NE,4,NNW,11,0.0,9.3,4
1/1/2004,1012.8,30.8,24.6,27.4,76,95,66,NNE,4,N,11,0.0,9.7,2
1/2/2004,1012.3,31.4,23.0,28.6,71,82,64,ENE,4,ENE,11,0.0,11.0,4
1/3/2004,1012.2,31.3,24.2,27.7,75,93,66,NNE,5,ENE,12,0.0,10.7,3
1/4/2004,1012.2,31.6,24.0,28.3,73,87,63,ENE,5,ENE,11,0.0,10.6,3
1/5/2004,1012.6,31.4,27.2,28.8,73,81,66,E,5,ENE,11,0.0,10.8,3
1/6/2004,1011.9,31.0,25.7,29.0,73,86,67,E,6,ENE,16,1.1,10.4,3
1/7/2004,1011.4,31.4,26.1,28.4,76,89,68,ENE,6,ENE,15,0.4,4.1,6
1/8/2004,1011.3,32.2,27.0,29.0,74,83,67,E,8,E,14,0.0,8.4,6
1/9/2004,1011.4,31.0,23.2,29.0,70,81,62,ENE,8,ENE,18,0.0,10.8,1
1/10/2004,1011.1,32.0,26.2,28.7,71,82,64,ENE,6,E,12,0.0,10.6,6
1/11/2004,1011.1,32.2,26.6,29.1,71,81,62,NE,6,NE,14,0.0,10.6,2
1/12/2004,1011.7,31.6,23.4,28.5,72,84,63,ENE,7,E,15,0.0,10.5,1
1/13/2004,1011.2,31.7,23.2,28.1,69,86,59,NNE,5,N,12,0.0,9.5,2
1/14/2004,1010.4,31.9,24.4,28.6,69,77,58,NE,7,NE,14,0.0,9.5,2
1/15/2004,1011.2,31.6,23.4,28.3,71,78,63,ENE,5,NE,11,0.0,10.2,2
1/16/2004,1012.0,31.6,26.2,28.2,70,86,60,N,7,NNE,16,0.0,10.7,5
1/17/2004,1011.4,31.6,24.0,28.7,71,81,62,ENE,5,ENE,11,0.0,7.8,3
1/18/2004,1011.3,31.7,25.4,28.5,75,91,64,NE,7,NE,13,0.0,9.4,3
1/19/2004,1010.2,31.7,22.6,28.7,74,89,66,ENE,6,ENE,12,0.0,10.4,3
1/20/2004,1010.0,31.4,26.0,28.0,72,91,62,ENE,5,ESE,10,0.0,10.3,2
1/21/2004,1009.6,31.2,24.8,28.1,75,82,69,ENE,5,NE,13,2.8,10.2,2
1/22/2004,1009.4,31.2,26.0,28.5,75,81,69,E,5,E,12,0.0,9.9,5
1/23/2004,1008.9,31.2,24.8,28.0,76,82,68,NE,5,NE,10,0.0,7.0,6
1/24/2004,1009.0,31.4,24.8,28.5,75,83,65,ENE,4,NE,11,0.05,9.3,3
1/25/2004,1010.5,31.4,25.4,28.5,78,90,71,NNE,5,NE,12,0.0,9.4,6
1/26/2004,1010.9,31.4,24.7,28.5,76,84,71,N,6,N,13,0.0,8.8,7
1/27/2004,1009.4,30.6,24.4,28.0,73,90,65,N,5,N,12,0.0,11.0,6
1/28/2004,1008.8,31.4,24.6,27.8,72,85,64,N,4,N,11,0.0,9.9,2
1/29/2004,1008.8,32.0,24.7,29.0,74,83,65,ENE,5,NE,11,0.05,9.1,2
1/30/2004,1010.1,31.8,27.1,29.0,74,83,66,NNW,5,NNW,14,0.0,10.5,3
1/31/2004,1010.4,31.0,26.8,28.7,73,81,66,NNW,10,NNW,16,0.0,10.5,3
2/1/2004,1008.4,31.2,25.4,28.7,71,80,65,N,7,N,14,0.0,10.4,6
2/2/2004,1008.2,32.0,26.4,28.6,74,82,67,NE,7,NE,14,0.0,7.7,7
2/3/2004,1010.1,31.9,25.6,29.0,71,81,63,NE,6,ENE,12,0.05,10.0,3
2/4/2004,1010.6,32.2,26.2,28.9,73,81,65,N,6,NE,13,0.0,9.8,3
2/5/2004,1010.9,32.4,24.8,29.1,71,78,65,N,6,N,13,0.0,10.6,3
2/6/2004,1011.7,31.5,24.2,28.6,76,90,67,NE,5,NE,12,0.0,10.6,3
2/7/2004,1013.7,32.2,24.8,28.5,74,87,66,NE,5,NE,12,0.0,9.5,2
2/8/2004,1013.8,31.8,23.6,28.5,74,85,67,N,5,N,13,0.0,10.5,1
2/9/2004,1012.8,32.0,25.8,28.6,73,91,64,ENE,4,ENE,13,0.05,10.4,4
2/10/2004,1012.9,32.2,24.4,29.2,73,83,66,ESE,5,ESE,21,26.7,8.8,3
2/11/2004,1013.0,32.0,24.4,29.1,74,81,68,ESE,4,E,8,0.0,9.7,3
2/12/2004,1012.6,31.8,25.6,28.7,78,92,69,NE,6,NE,13,0.0,9.2,3
2/13/2004,1011.9,31.4,23.4,28.8,73,84,64,N,4,ESE,21,23.8,9.3,2
2/14/2004,1010.2,32.0,23.8,27.9,80,96,66,VRB,3,NNE,13,24.6,7.9,5
2/15/2004,1010.9,32.2,24.4,28.6,76,92,64,NE,5,NE,12,0.0,9.8,3
2/16/2004,1011.1,31.4,23.6,28.5,77,90,71,N,5,N,11,0.0,10.6,2
2/17/2004,1010.3,31.4,23.0,28.0,70,91,60,ENE,4,ENE,10,0.0,10.6,2
2/18/2004,1009.6,31.6,23.4,28.2,72,88,61,VRB,2,SE,8,0.0,11.1,1
2/19/2004,1010.1,31.6,22.6,28.4,67,87,56,VRB,3,NW,10,0.0,11.2,2
2/20/2004,1011.2,31.2,24.0,28.1,70,90,60,NW,4,NW,8,0.0,11.0,1
2/21/2004,1010.7,32.2,26.2,28.5,78,90,70,N,6,NE,14,0.05,9.7,4
2/22/2004,1010.6,31.6,25.5,29.1,69,83,59,E,6,E,13,0.0,10.9,1
2/23/2004,1010.4,32.0,25.0,29.0,68,81,59,ENE,4,ENE,11,0.0,11.0,3
2/24/2004,1011.7,32.7,24.0,29.2,72,84,65,NNE,7,NE,15,0.0,9.4,4
2/25/2004,1012.3,31.7,23.2,28.5,74,90,65,NE,5,NE,12,0.0,11.0,2
2/26/2004,1011.3,31.1,23.6,28.0,75,93,64,VRB,2,WSW,7,0.0,9.9,2
2/27/2004,1011.0,31.8,24.2,29.0,71,81,63,VRB,3,NW,8,0.0,10.9,1
2/28/2004,1011.1,31.9,23.2,28.9,71,84,63,NNW,4,NNW,9,0.0,10.6,3
2/29/2004,1010.9,31.9,25.4,28.7,72,90,64,NNW,5,NNW,9,0.0,10.0,4
3/1/2004,1010.3,32.1,23.6,29.3,72,80,65,N,6,N,14,0.0,10.7,2
3/2/2004,1009.6,31.6,24.8,28.8,74,91,67,N,6,NNW,14,0.0,10.6,2
3/3/2004,1009.6,32.0,24.8,29.2,70,77,63,NNW,5,NNW,11,0.05,10.7,2
3/4/2004,1009.8,32.2,26.0,29.0,71,80,63,ENE,5,E,12,0.0,7.6,3
3/5/2004,1009.3,32.2,24.0,29.4,66,74,60,ENE,6,E,13,0.0,11.0,2
3/6/2004,1010.4,32.4,23.0,28.8,68,85,60,ENE,4,S,8,0.0,11.4,1
3/7/2004,1010.8,32.0,23.2,28.7,75,91,67,NNW,5,NNW,10,0.0,11.0,1
3/8/2004,1012.0,32.0,24.6,28.4,75,91,66,N,5,N,13,0.0,10.2,2
3/9/2004,1011.0,33.0,25.4,29.3,74,88,65,NE,6,NE,13,0.0,11.0,1
3/10/2004,1009.1,33.4,24.6,29.4,74,84,65,NE,6,ENE,15,0.0,10.0,2
3/11/2004,1009.7,32.4,26.1,29.4,73,85,65,NNW,5,NNW,11,0.0,10.8,2
3/12/2004,1010.4,33.0,24.8,29.4,74,87,65,NE,5,ENE,13,0.0,10.8,2
3/13/2004,1011.7,32.6,26.4,29.8,72,84,64,NW,4,ENE,10,0.0,10.4,4
3/14/2004,1011.1,33.0,27.4,29.8,75,83,67,NNW,7,NNW,16,0.0,9.2,2
3/15/2004,1010.5,33.0,25.0,30.0,75,83,68,NNW,6,NW,13,0.0,10.5,2
3/16/2004,1009.8,31.9,25.4,29.2,76,88,70,NNW,4,NNW,11,0.0,2.9,6
3/17/2004,1010.3,32.6,28.0,29.8,75,83,70,NW,6,NNW,11,0.0,9.6,6
3/18/2004,1010.5,32.1,27.8,30.0,75,80,70,NNW,7,NNW,13,0.0,10.3,4
3/19/2004,1009.6,32.8,28.0,30.0,75,82,70,NW,6,NW,13,0.0,10.1,3
3/20/2004,1008.4,32.6,28.2,30.0,73,82,67,WNW,7,W,15,0.0,10.3,2
3/21/2004,1008.8,32.0,27.8,30.0,73,79,70,WNW,7,WNW,14,0.0,10.4,2
3/22/2004,1009.6,33.1,28.4,30.2,73,80,67,W,7,W,13,0.0,9.8,2
3/23/2004,1010.4,32.8,28.4,30.1,75,82,70,W,8,WSW,14,0.05,9.9,2
3/24/2004,1010.0,32.6,28.4,30.0,77,82,71,W,8,W,18,0.05,5.8,3
3/25/2004,1009.4,32.6,28.2,30.2,72,78,67,W,11,W,18,0.0,8.3,2
3/26/2004,1008.9,33.0,27.4,30.2,70,76,64,W,7,W,13,0.0,10.7,2
3/27/2004,1010.2,33.0,27.2,30.2,71,78,64,W,5,W,8,0.0,10.5,1
3/28/2004,1010.8,33.4,27.4,30.2,73,83,66,W,5,WSW,9,0.05,9.6,2
3/29/2004,1010.8,34.0,28.2,30.2,75,83,65,W,5,WSW,13,0.05,8.8,4
3/30/2004,1010.7,33.6,25.0,30.4,69,81,61,S,5,SE,21,9.8,8.8,4
3/31/2004,1010.5,33.6,25.2,29.6,76,93,63,E,4,ENE,13,0.05,9.2,3
4/1/2004,1011.4,31.4,25.0,28.6,79,93,71,VRB,3,NNE,13,10.1,7.8,4
4/2/2004,1011.5,32.4,25.0,29.1,78,92,66,VRB,3,ENE,16,15.6,7.0,6
4/3/2004,1011.2,33.4,25.4,30.2,72,87,63,VRB,3,NE,10,0.0,10.5,5
4/4/2004,1011.8,32.8,25.6,30.3,73,86,66,VRB,3,SSE,9,0.0,11.0,4
4/5/2004,1010.4,33.0,26.6,29.8,76,86,66,VRB,3,N,11,0.05,10.4,4
4/6/2004,1011.1,31.1,25.4,28.2,80,89,69,SSW,5,NNE,21,0.9,0.9,6
4/7/2004,1011.4,32.4,23.4,30.0,75,86,65,WNW,5,N,29,8.4,9.7,6
4/8/2004,1011.5,31.4,24.4,29.0,77,86,73,NW,8,W,22,13.2,0.8,7
4/9/2004,1008.8,32.4,25.6,30.1,76,86,70,NW,6,NNW,13,0.0,8.8,6
4/10/2004,1008.3,32.3,26.0,29.5,78,92,71,N,4,NE,12,0.0,8.5,3
4/11/2004,1009.5,32.8,28.2,30.1,76,90,69,NNE,5,ENE,12,0.0,9.6,3
4/12/2004,1009.4,33.0,25.4,28.9,81,93,70,N,5,W,17,7.1,4.6,6
4/13/2004,1009.0,32.0,27.0,29.4,81,97,73,VRB,3,SE,9,0.05,7.3,5
4/14/2004,1008.9,33.0,27.5,30.3,75,86,70,VRB,3,S,8,0.0,10.3,3
4/15/2004,1009.5,33.0,27.6,30.5,75,83,70,S,4,SSE,9,0.0,11.4,3
4/16/2004,1009.9,33.2,27.6,30.6,73,83,67,W,5,WSW,9,0.05,11.3,2
4/17/2004,1009.0,33.0,24.6,29.7,79,95,70,WSW,6,WSW,21,28.9,7.5,4
4/18/2004,1008.4,31.6,28.4,29.9,79,85,74,NW,8,NNW,14,0.0,6.0,7
4/19/2004,1008.4,32.4,25.9,30.1,71,78,65,NW,7,NW,15,0.05,8.5,6
4/20/2004,1010.0,32.2,27.2,29.6,74,90,67,VRB,3,W,7,0.0,3.9,7
4/21/2004,1009.7,32.6,26.0,30.2,72,82,64,NW,5,WNW,10,0.0,10.2,6
4/22/2004,1007.9,32.4,27.4,30.0,73,80,66,WSW,4,SW,11,0.0,8.1,7
4/23/2004,1007.5,32.6,28.1,30.4,73,80,68,WSW,5,W,11,0.0,11.2,3
4/24/2004,1007.3,33.2,25.6,30.4,73,83,65,W,5,NW,16,0.05,10.4,5
4/25/2004,1006.6,33.0,26.8,30.3,71,82,62,VRB,3,NNW,15,0.0,8.9,6
4/26/2004,1008.3,33.2,27.4,30.5,73,82,64,S,5,SW,15,0.0,10.8,3
4/27/2004,1009.8,32.7,27.4,30.2,75,82,68,W,5,SW,13,0.8,9.7,5
4/28/2004,1008.2,32.9,27.6,30.8,75,80,69,WNW,7,W,16,0.0,10.6,2
4/29/2004,1007.2,32.7,27.4,30.0,78,83,71,W,8,W,19,0.1,2.8,6
4/30/2004,1006.6,32.2,28.4,30.5,70,75,67,NW,11,WNW,21,0.0,8.5,6
5/1/2004,1006.3,31.4,22.0,30.2,75,81,71,WNW,13,WNW,26,23.1,1.3,7
5/2/2004,1006.1,31.2,22.4,27.6,84,96,78,WNW,8,ESE,26,79.9,1.5,7
5/3/2004,1006.0,30.4,23.6,27.0,87,100,78,WNW,9,NW,39,50.4,0.0,7
5/4/2004,1005.0,31.4,25.0,28.3,80,98,71,W,17,W,43,21.0,3.8,7
5/5/2004,1004.4,31.6,27.0,29.6,77,81,71,W,20,WNW,41,0.0,4.5,7
5/6/2004,1004.5,31.6,28.8,30.3,75,81,72,W,20,W,34,0.0,9.1,6
5/7/2004,1005.3,31.6,24.6,29.7,81,87,76,W,17,WSW,39,25.1,7.2,5
5/8/2004,1005.5,31.8,24.2,30.0,79,88,75,W,15,W,39,23.1,10.5,5
5/9/2004,1007.0,31.4,24.6,28.3,85,98,81,WNW,15,WNW,48,8.7,0.0,7
5/10/2004,1008.2,31.8,27.1,30.0,77,85,72,WNW,11,W,20,0.05,10.1,5
5/11/2004,1008.5,32.2,26.2,30.0,79,83,75,W,10,WNW,25,5.4,10.6,7
5/12/2004,1007.4,31.7,26.2,29.5,79,92,71,WNW,10,W,24,12.2,8.8,6
5/13/2004,1006.8,31.5,27.4,29.2,80,85,73,WNW,11,W,23,1.5,2.6,8
5/14/2004,1007.7,31.6,28.2,29.8,78,85,73,WNW,11,WNW,19,0.05,10.5,6
5/15/2004,1008.4,32.0,27.8,30.1,77,83,71,WNW,10,WNW,16,0.0,11.0,4
5/16/2004,1008.5,31.7,27.8,29.8,76,81,69,WSW,9,W,19,0.9,10.5,4
5/17/2004,1009.3,32.4,25.2,28.9,80,95,71,SW,12,WSW,32,5.6,6.9,7
5/18/2004,1010.0,31.9,27.8,29.8,77,83,73,W,13,WSW,22,0.0,7.6,7
5/19/2004,1009.6,31.5,24.4,29.8,73,78,68,W,13,WSW,34,34.9,9.0,5
5/20/2004,1010.4,31.1,25.0,27.7,84,100,78,WSW,15,W,37,8.4,2.5,7
5/21/2004,1010.2,30.9,25.4,28.5,80,93,73,W,12,W,33,16.8,5.3,7
5/22/2004,1009.5,31.4,27.4,29.4,78,83,73,W,13,W,24,0.0,7.3,7
5/23/2004,1010.1,31.3,27.2,29.4,76,85,71,WNW,13,WNW,28,0.8,7.5,6
5/24/2004,1010.8,31.4,28.2,29.8,75,80,69,WNW,12,W,21,0.0,10.3,5
5/25/2004,1010.7,31.2,26.6,29.5,77,83,73,W,11,W,27,1.2,6.2,7
5/26/2004,1010.4,31.4,26.0,29.2,80,85,75,W,11,WNW,22,0.1,6.7,7
5/27/2004,1011.0,31.0,27.4,29.4,79,82,76,WNW,11,WNW,19,0.05,4.9,7
5/28/2004,1010.8,31.2,26.8,29.6,78,81,76,W,11,WNW,18,0.0,9.8,5
5/29/2004,1009.9,31.4,28.2,29.4,77,83,73,WNW,11,WNW,18,0.05,10.1,3
5/30/2004,1009.9,31.4,24.8,29.6,75,79,70,W,12,W,34,14.7,10.8,5
5/31/2004,1010.4,31.2,25.4,28.1,81,95,74,WNW,14,WNW,34,1.7,5.2,7
6/1/2004,1010.4,30.6,25.4,28.4,81,90,75,W,14,W,35,0.7,3.1,7
6/2/2004,1010.9,31.6,24.0,28.7,82,87,76,W,11,WNW,38,18.4,2.4,7
6/3/2004,1010.9,29.4,25.2,26.8,87,93,84,W,7,W,28,2.4,0.0,7
6/4/2004,1009.9,31.2,26.6,29.2,79,85,73,W,14,W,26,0.9,9.7,3
6/5/2004,1010.4,31.2,25.4,28.9,78,86,67,W,12,W,33,3.3,9.0,5
6/6/2004,1010.2,30.8,25.8,28.8,80,86,74,W,9,W,17,6.2,4.8,7
6/7/2004,1009.7,31.6,25.8,29.0,82,87,76,WSW,9,SSW,23,4.2,5.4,7
6/8/2004,1009.0,32.1,22.8,29.2,79,86,71,SSW,11,S,22,21.6,5.4,7
6/9/2004,1009.9,29.9,24.6,27.4,85,96,79,SW,9,SW,35,2.2,0.1,7
6/10/2004,1008.8,31.4,26.4,29.2,81,89,74,SW,9,SW,16,0.0,6.6,6
6/11/2004,1007.6,31.4,27.4,29.3,80,85,76,SW,12,SW,23,0.05,8.2,6
6/12/2004,1007.9,31.1,27.6,29.5,79,85,74,WSW,12,SW,22,0.05,7.8,5
6/13/2004,1008.3,31.0,25.2,29.5,80,89,76,WSW,12,WSW,23,0.7,8.2,7
6/14/2004,1008.1,30.9,25.4,29.1,79,92,74,WSW,12,WSW,33,4.3,6.5,7
6/15/2004,1009.2,31.2,25.0,29.5,76,85,72,SW,12,WSW,29,6.5,10.2,3
6/16/2004,1010.2,31.0,26.0,28.6,82,89,78,WSW,12,W,32,6.4,6.4,7
6/17/2004,1009.6,30.4,27.3,29.0,80,83,75,WSW,14,WSW,28,0.9,6.8,7
6/18/2004,1011.0,31.0,26.6,29.5,76,81,72,W,13,WSW,23,0.0,8.6,7
6/19/2004,1010.7,31.2,27.6,29.5,76,80,72,W,13,W,22,0.0,9.9,3
6/20/2004,1012.0,31.2,27.4,29.4,73,79,70,W,13,W,20,0.05,7.8,7
6/21/2004,1012.9,31.4,27.5,29.3,76,82,70,WNW,10,WNW,17,0.0,9.6,4
6/22/2004,1013.2,31.2,27.3,29.3,75,82,69,NW,9,WNW,18,0.05,11.0,5
6/23/2004,1011.5,31.4,27.2,29.2,74,82,68,NW,9,WNW,17,0.05,10.5,2
6/24/2004,1011.9,31.1,27.4,29.3,76,83,70,NW,10,NW,16,0.05,9.5,5
6/25/2004,1012.0,31.4,27.4,29.4,77,83,72,NW,9,WNW,16,0.0,10.0,4
6/26/2004,1011.5,31.4,27.2,29.4,76,86,65,WNW,7,W,18,0.05,10.0,3
6/27/2004,1011.7,31.6,27.4,29.5,77,83,71,WNW,10,W,18,0.3,10.5,3
6/28/2004,1011.9,31.4,25.8,29.3,75,82,68,W,10,W,27,1.6,4.2,7
6/29/2004,1011.8,31.4,24.4,29.3,76,83,71,W,11,W,23,10.3,10.2,5
6/30/2004,1011.3,30.8,23.9,27.8,82,93,78,W,12,WNW,35,22.1,0.2,6
7/1/2004,1011.5,28.8,23.9,26.9,85,96,79,W,11,W,40,37.9,0.3,7
7/2/2004,1009.6,30.8,25.8,28.7,78,90,73,W,13,W,35,1.2,9.1,7
7/3/2004,1008.2,30.2,24.4,28.9,78,84,75,WNW,16,W,36,12.8,1.6,7
7/4/2004,1008.6,30.1,24.0,27.9,83,93,77,WNW,15,WNW,35,27.3,6.0,7
7/5/2004,1009.0,29.9,24.6,27.9,81,89,76,WNW,12,WNW,34,12.2,5.2,7
7/6/2004,1009.9,30.2,24.8,27.7,82,92,79,W,13,W,31,14.7,3.5,7
7/7/2004,1009.3,29.6,24.4,27.7,79,90,71,WNW,15,WNW,35,4.2,0.6,7
7/8/2004,1009.8,29.6,24.4,26.8,84,93,76,WNW,11,WNW,28,8.5,1.8,7
7/9/2004,1010.0,30.4,27.4,28.5,77,82,71,WNW,12,WNW,21,0.05,3.2,7
7/10/2004,1009.4,30.4,27.0,28.6,77,79,73,WNW,12,WNW,22,0.2,4.6,7
7/11/2004,1009.8,30.4,27.0,28.6,77,80,73,WNW,11,WNW,19,0.0,5.6,7
7/12/2004,1010.4,30.6,27.1,28.8,77,82,73,WNW,8,WNW,20,0.0,9.4,7
7/13/2004,1010.0,30.4,26.6,28.7,75,80,71,WNW,11,WNW,21,0.1,8.6,7
7/14/2004,1008.5,30.6,26.8,28.7,78,85,73,WNW,12,W,22,0.0,6.3,7
7/15/2004,1008.2,31.2,25.6,29.0,77,81,70,W,12,W,21,4.0,6.7,7
7/16/2004,1008.4,29.4,23.0,26.4,87,98,80,W,10,NW,31,27.7,0.0,7
7/17/2004,1008.8,28.8,24.1,26.3,88,98,79,W,15,W,34,35.1,2.6,7
7/18/2004,1008.3,30.2,22.2,27.3,83,90,78,W,14,W,34,70.4,2.3,7
7/19/2004,1009.2,28.2,22.4,25.1,91,98,80,W,11,W,33,17.8,0.0,8
7/20/2004,1009.0,30.4,23.6,27.5,83,92,78,W,10,W,30,18.4,5.5,6
7/21/2004,1010.6,29.4,24.4,26.8,85,92,75,W,11,SW,25,5.5,3.8,7
7/22/2004,1010.7,29.8,24.4,27.2,84,93,78,W,11,WNW,30,7.2,2.4,7
7/23/2004,1010.5,30.1,26.8,28.1,79,84,72,WNW,12,WNW,23,0.05,6.0,7
7/24/2004,1009.4,30.4,26.2,28.5,77,86,73,W,13,W,27,0.7,9.8,6
7/25/2004,1009.3,31.2,24.0,28.8,76,83,70,W,12,W,24,4.0,8.7,6
7/26/2004,1009.3,30.2,23.4,27.4,82,87,79,W,11,W,33,35.8,3.0,7
7/27/2004,1008.9,30.4,25.8,28.2,80,92,74,WNW,12,WNW,34,3.7,6.2,7
7/28/2004,1008.7,30.2,23.4,27.5,82,92,75,W,12,WNW,28,31.6,4.5,7
7/29/2004,1010.4,28.6,23.0,25.3,88,98,78,W,9,W,23,27.7,0.1,7
7/30/2004,1010.4,30.4,26.4,28.4,77,85,72,NNW,5,WNW,10,0.0,10.9,4
7/31/2004,1011.4,30.4,24.4,28.4,78,84,74,NNW,7,WNW,16,0.05,9.8,3
8/1/2004,1010.7,30.4,26.4,28.3,79,87,72,W,5,WNW,13,0.0,7.3,6
8/2/2004,1009.5,30.8,27.1,28.6,76,83,71,WSW,7,WSW,13,0.0,10.5,3
8/3/2004,1007.9,30.6,26.4,28.9,79,82,75,W,11,WSW,31,0.05,10.1,7
8/4/2004,1007.3,30.0,24.2,27.8,84,92,79,WSW,14,SW,34,9.4,4.9,7
8/5/2004,1007.8,31.0,24.2,27.6,83,93,78,WSW,11,WSW,31,13.7,8.6,7
8/6/2004,1009.6,29.4,23.4,26.3,86,96,81,W,13,W,35,30.3,0.2,8
8/7/2004,1010.1,30.6,27.0,28.6,79,86,73,WSW,8,WSW,13,0.0,8.0,7
8/8/2004,1011.1,30.8,25.4,28.8,78,84,72,W,8,W,16,0.0,10.6,5
8/9/2004,1011.1,30.8,26.2,28.7,78,86,71,WNW,5,WNW,11,0.0,10.7,3
8/10/2004,1011.7,30.9,26.2,28.9,75,83,69,W,5,W,9,0.0,10.7,5
8/11/2004,1011.8,31.4,25.4,29.0,74,84,69,W,5,W,10,0.0,10.6,4
8/12/2004,1011.6,31.0,25.6,28.7,75,84,69,WSW,5,SSW,12,0.0,8.7,6
8/13/2004,1011.5,31.8,23.6,28.6,78,93,70,SSW,8,WNW,23,32.6,9.8,5
8/14/2004,1011.9,30.9,24.0,27.5,82,92,73,W,10,W,36,17.8,3.2,7
8/15/2004,1010.5,31.4,23.6,28.5,78,84,72,SSW,5,WNW,31,27.6,9.1,6
8/16/2004,1010.3,30.4,24.4,28.0,81,89,75,WSW,5,WSW,13,0.0,2.3,7
8/17/2004,1011.2,31.2,24.6,28.0,81,98,69,W,5,W,31,4.6,8.8,5
8/18/2004,1012.8,31.2,24.6,27.6,82,95,71,W,8,WNW,34,34.2,8.4,6
8/19/2004,1011.5,30.4,24.9,28.6,77,82,70,W,8,W,30,5.3,10.1,5
8/20/2004,1010.1,30.4,24.8,27.7,82,90,76,WNW,11,WNW,31,0.5,0.5,7
8/21/2004,1010.4,30.4,26.4,28.6,78,83,73,WNW,11,WNW,32,1.1,9.1,6
8/22/2004,1011.2,30.6,23.8,29.0,75,81,69,WNW,8,WNW,24,4.7,10.9,3
8/23/2004,1011.9,30.6,24.4,28.7,77,84,71,WNW,10,W,24,7.5,11.2,3
8/24/2004,1012.5,30.6,24.6,28.1,78,87,71,NW,11,WNW,28,0.05,8.9,4
8/25/2004,1012.4,29.4,22.6,26.9,80,91,74,NW,8,WNW,30,8.6,4.2,7
8/26/2004,1011.4,30.4,24.8,28.4,79,90,73,W,11,W,27,9.8,10.4,5
8/27/2004,1010.4,30.0,26.4,28.3,77,85,71,WNW,13,WNW,24,1.8,10.1,3
8/28/2004,1010.9,30.2,24.0,28.6,78,83,71,WNW,13,WNW,22,1.8,7.9,7
8/29/2004,1010.9,30.2,26.6,28.6,78,86,74,NW,12,NW,14,0.05,10.1,7
8/30/2004,1011.0,30.4,26.8,28.7,75,82,67,NW,14,NW,18,0.0,9.6,7
8/31/2004,1011.0,30.2,26.0,28.5,76,83,71,NW,14,NW,17,0.05,8.2,7
9/1/2004,1009.5,30.4,27.0,28.5,76,84,70,NNW,15,NNW,19,0.05,9.2,7
9/2/2004,1009.9,30.9,27.0,28.7,77,82,73,NNW,11,NW,15,0.05,6.0,7
9/3/2004,1011.2,30.2,26.8,28.5,75,81,71,NNW,11,NW,14,0.0,5.6,7
9/4/2004,1010.1,30.7,26.0,28.6,75,80,68,NW,10,NW,12,0.05,10.5,3
9/5/2004,1008.9,30.4,24.6,28.0,74,83,70,WSW,8,WSW,10,1.9,10.8,4
9/6/2004,1008.9,30.4,24.8,27.7,78,90,73,WSW,9,WSW,11,0.05,1.4,7
9/7/2004,1009.7,30.8,24.4,28.4,77,84,72,W,6,W,10,1.8,7.3,7
9/8/2004,1010.6,30.4,24.8,27.7,81,88,74,SSW,4,W,18,12.8,7.9,5
9/9/2004,1010.8,29.4,25.8,27.2,82,92,78,WSW,6,WSW,14,0.05,2.0,7
9/10/2004,1011.4,30.4,24.1,28.3,79,89,71,WSW,10,WSW,22,1.3,8.6,7
9/11/2004,1011.6,29.4,23.6,27.3,81,86,77,WNW,15,WNW,32,16.6,0.0,7
9/12/2004,1011.7,28.2,24.8,26.3,87,98,81,NW,16,NNW,35,0.7,0.0,7
9/13/2004,1011.8,30.6,23.6,28.6,77,80,74,N,8,NNW,24,4.6,7.2,6
9/14/2004,1011.7,30.4,24.2,27.9,82,95,77,W,5,W,11,5.6,8.8,5
9/15/2004,1010.7,29.2,25.6,26.9,85,93,81,NNW,7,NNW,14,1.0,0.8,7
9/16/2004,1011.0,30.4,23.8,27.5,83,92,74,NNW,5,NNW,30,10.4,8.0,5
9/17/2004,1011.2,29.6,24.0,26.6,86,98,76,WNW,10,NW,27,26.0,3.8,7
9/18/2004,1010.1,30.2,24.1,27.9,80,86,73,WNW,11,WSW,23,7.1,7.6,7
9/19/2004,1009.5,28.4,23.5,26.2,86,93,81,W,11,W,15,12.0,0.0,7
9/20/2004,1009.7,29.4,24.9,27.5,83,93,74,NW,10,WSW,25,0.4,3.4,7
9/21/2004,1010.2,30.6,27.0,28.7,78,83,73,WNW,11,WNW,14,1.2,8.4,6
9/22/2004,1009.9,30.7,24.4,27.6,79,87,71,WNW,11,W,20,14.8,8.3,5
9/23/2004,1009.3,29.6,24.0,27.9,83,95,78,WNW,16,WNW,23,10.0,5.6,6
9/24/2004,1008.9,29.7,24.6,27.2,84,95,79,W,14,WSW,24,10.0,1.2,7
9/25/2004,1008.9,28.6,23.8,26.0,89,98,83,WNW,16,WNW,35,62.6,0.0,8
9/26/2004,1008.7,29.3,24.2,27.3,81,90,77,WNW,15,WSW,23,16.2,3.1,7
9/27/2004,1009.3,28.4,23.4,25.9,86,98,82,WNW,17,WNW,34,23.4,0.0,8
9/28/2004,1008.3,30.6,25.4,28.0,79,89,71,W,14,W,25,4.0,8.2,7
9/29/2004,1008.9,30.7,23.4,28.5,79,89,70,WSW,8,WSW,9,0.0,10.6,4
9/30/2004,1011.4,30.6,23.0,27.9,81,96,71,VRB,3,SSW,8,0.0,11.2,2
10/1/2004,1012.6,30.5,27.0,28.3,79,88,71,VRB,3,W,5,0.0,10.8,3
10/2/2004,1012.0,31.0,24.0,28.8,78,82,73,WSW,7,W,12,12.4,6.3,6
10/3/2004,1012.0,29.8,24.4,26.6,87,95,73,W,16,SW,36,8.4,2.5,7
10/4/2004,1011.8,30.4,24.2,28.6,79,85,74,W,18,W,32,15.5,7.4,7
10/5/2004,1011.1,30.4,25.9,28.4,82,89,76,W,15,WNW,27,1.4,8.0,6
10/6/2004,1011.3,30.8,23.4,28.2,84,98,78,WNW,11,WNW,15,74.5,6.3,7
10/7/2004,1011.8,28.6,24.2,26.3,87,95,83,WNW,7,WNW,16,13.2,0.0,8
10/8/2004,1011.0,30.4,24.9,27.6,84,95,78,W,9,W,18,0.9,10.0,4
10/9/2004,1011.9,30.3,26.4,28.6,81,92,71,WSW,5,WSW,9,0.05,11.0,4
10/10/2004,1012.3,30.2,24.2,26.9,87,95,76,WSW,5,W,14,29.3,1.9,6
10/11/2004,1012.3,30.8,26.4,28.4,83,98,73,W,5,W,7,0.05,10.7,3
10/12/2004,1011.3,31.0,25.5,28.9,78,89,70,W,4,WNW,5,0.0,10.0,3
10/13/2004,1012.1,30.7,25.7,28.4,80,92,74,WSW,6,W,12,0.0,10.2,3
10/14/2004,1013.0,31.0,26.6,29.0,77,80,70,WNW,6,WNW,9,0.0,6.5,7
10/15/2004,1012.9,31.2,24.4,29.1,75,83,72,WNW,5,NW,6,0.0,11.4,4
10/16/2004,1011.8,31.3,25.0,28.8,77,90,72,WNW,4,WNW,7,0.0,11.4,2
10/17/2004,1011.1,31.6,24.0,29.1,77,89,69,VRB,3,WNW,5,0.05,10.2,3
10/18/2004,1010.1,31.2,24.0,28.6,79,96,70,VRB,1,WSW,5,0.0,10.4,2
10/19/2004,1009.3,31.1,24.6,27.8,83,97,72,VRB,2,NNW,7,1.1,9.1,5
10/20/2004,1008.5,31.6,25.2,28.4,82,97,73,VRB,3,E,15,8.4,7.4,6
10/21/2004,1009.3,30.9,24.3,28.1,83,96,73,VRB,2,NNE,25,14.3,6.2,7
10/22/2004,1009.8,31.0,24.4,28.9,78,86,74,E,9,E,16,0.3,3.4,7
10/23/2004,1009.3,31.5,24.4,28.0,82,98,72,ENE,9,ENE,23,14.1,7.3,7
10/24/2004,1009.7,28.8,23.9,26.1,91,100,83,E,11,E,33,66.0,0.0,8
10/25/2004,1009.9,30.4,24.6,28.7,79,86,75,SE,11,ESE,14,0.0,10.1,6
10/26/2004,1010.6,30.0,24.8,27.6,83,92,75,VRB,3,ESE,9,0.05,5.6,7
10/27/2004,1010.7,29.2,23.0,27.5,84,93,78,E,4,SE,6,55.7,0.0,8
10/28/2004,1010.0,28.3,23.3,25.7,91,100,80,WNW,4,NNW,25,10.7,0.0,8
10/29/2004,1009.6,29.0,23.4,25.6,91,98,82,VRB,2,NE,15,29.8,0.0,8
10/30/2004,1008.6,29.0,23.8,26.3,90,99,80,ESE,5,SE,14,111.7,0.0,7
10/31/2004,1008.8,27.3,23.6,25.4,93,100,90,S,12,SSW,28,15.8,0.0,8
11/1/2004,1009.8,27.8,23.8,26.0,87,92,79,S,17,S,35,2.2,0.0,8
11/2/2004,1010.6,30.7,24.4,28.0,80,95,72,VRB,1,VRB,3,0.0,8.0,7
11/3/2004,1010.8,31.2,24.2,28.6,78,95,70,VRB,1,NNW,6,0.0,10.9,5
11/4/2004,1010.4,31.2,24.1,28.4,79,97,69,VRB,1,NW,5,0.0,9.7,7
11/5/2004,1009.8,30.8,26.4,28.3,79,96,71,VRB,3,W,10,0.9,9.7,7
11/6/2004,1009.5,30.9,24.1,28.7,80,90,73,VRB,3,NNW,7,0.0,8.3,6
11/7/2004,1008.6,31.3,24.2,28.3,79,96,69,VRB,1,WNW,5,0.0,10.6,4
11/8/2004,1009.0,31.3,24.9,28.6,77,98,69,VRB,2,ENE,7,0.0,10.7,2
11/9/2004,1009.1,31.6,23.9,28.6,80,98,70,ENE,4,ENE,8,15.9,8.5,6
11/10/2004,1009.4,29.4,24.4,26.3,89,98,79,N,6,N,11,8.2,1.2,7
11/11/2004,1010.0,31.0,24.1,28.5,80,96,72,E,7,E,21,4.1,8.8,5
11/12/2004,1011.1,30.2,23.9,27.5,84,92,78,E,9,ESE,17,17.0,3.0,7
11/13/2004,1011.7,30.0,23.8,27.1,87,100,77,ESE,8,E,26,28.0,4.3,7
11/14/2004,1011.0,30.1,23.4,26.9,88,100,76,ESE,8,S,25,26.1,4.6,7
11/15/2004,1011.4,28.6,23.2,26.5,86,93,79,N,6,NE,23,16.2,1.2,7
11/16/2004,1010.6,28.5,26.4,27.3,83,93,79,E,14,E,23,0.05,0.0,7
11/17/2004,1011.7,30.0,23.7,27.4,83,100,72,ENE,9,ESE,15,17.4,2.3,7
11/18/2004,1011.7,30.3,23.8,27.7,82,98,72,VRB,2,S,6,0.0,7.6,5
11/19/2004,1010.8,31.0,24.4,28.2,82,98,70,VRB,1,WNW,5,0.0,9.8,3
11/20/2004,1010.8,30.9,24.6,28.3,82,95,74,NNW,5,NE,15,0.9,7.6,5
11/21/2004,1010.5,31.0,24.4,28.8,79,93,73,E,5,E,9,0.0,10.4,5
11/22/2004,1010.6,30.5,23.9,27.3,85,98,74,SSW,4,ENE,18,15.4,3.8,7
11/23/2004,1010.1,30.2,25.0,27.4,86,96,75,N,5,NNW,12,0.2,4.9,7
11/24/2004,1009.7,30.3,23.4,27.0,87,98,77,E,6,E,28,40.2,1.3,7
11/25/2004,1009.6,30.4,22.8,27.4,85,96,74,NE,8,NE,25,10.7,3.8,7
11/26/2004,1009.6,31.3,25.4,28.6,78,84,70,NE,9,NE,21,0.0,6.1,7
11/27/2004,1009.7,30.9,27.4,28.8,77,87,71,ENE,9,ENE,23,0.0,6.8,6
11/28/2004,1011.4,30.9,26.0,29.1,77,85,73,E,10,ENE,24,0.4,7.5,5
11/29/2004,1011.6,29.9,25.8,28.0,78,87,68,E,7,ENE,17,0.05,2.7,7
11/30/2004,1010.8,31.1,23.8,28.7,75,87,69,E,4,ESE,9,0.0,8.8,6
12/1/2004,1010.8,30.4,26.0,28.0,79,96,71,VRB,3,SSE,9,0.0,7.9,6
12/2/2004,1012.2,31.2,24.9,28.5,75,85,69,VRB,3,NW,8,0.0,10.8,4
12/3/2004,1012.9,30.7,24.7,27.4,82,90,72,N,5,NE,19,0.05,3.7,7
12/4/2004,1011.6,30.6,27.0,28.5,79,87,71,E,8,E,18,0.0,9.3,5
12/5/2004,1011.4,30.7,25.1,28.6,80,90,73,E,5,ENE,14,0.05,11.0,4
12/6/2004,1012.3,31.1,24.4,28.7,81,89,73,E,5,ESE,14,2.3,6.2,5
12/7/2004,1012.5,30.6,25.9,28.2,78,97,66,NE,7,ENE,18,0.0,9.0,4
12/8/2004,1011.4,30.4,25.0,28.2,72,85,66,E,7,ENE,15,0.0,10.8,2
12/9/2004,1010.8,31.1,25.3,28.5,78,95,65,NE,6,NE,14,0.05,9.9,5
12/10/2004,1010.6,31.3,26.0,28.7,81,90,74,NE,5,E,11,1.3,8.5,5
12/11/2004,1010.7,30.9,25.3,28.7,79,89,70,E,6,E,16,0.0,10.9,3
12/12/2004,1011.0,30.8,25.8,28.3,78,87,71,ENE,5,ENE,11,0.0,5.7,4
12/13/2004,1010.5,31.2,25.6,28.8,78,87,72,NE,5,NNE,12,0.0,8.3,4
12/14/2004,1008.7,31.6,25.3,28.7,79,90,71,NNE,5,NNE,12,0.0,8.5,4
12/15/2004,1008.1,31.0,25.7,28.5,79,95,65,ENE,7,ENE,18,0.05,5.6,7
12/16/2004,1009.7,29.5,24.7,27.6,83,93,75,ENE,7,ESE,20,4.9,1.2,7
12/17/2004,1011.4,31.0,24.5,28.4,74,85,65,ENE,5,NE,11,0.0,10.2,6
12/18/2004,1010.8,30.9,23.2,28.1,76,86,67,NE,5,NE,13,0.0,7.9,6
12/19/2004,1010.1,31.1,22.6,27.7,75,91,65,N,4,N,10,0.0,10.3,3
12/20/2004,1009.9,30.8,24.0,27.5,75,91,66,NNW,4,N,10,0.0,9.9,5
12/21/2004,1009.0,30.6,23.4,28.1,72,87,66,ENE,6,NE,13,0.0,10.6,3
12/22/2004,1009.6,30.8,22.6,27.6,69,85,58,N,6,N,14,0.0,10.3,3
12/23/2004,1009.4,30.8,24.0,27.6,73,83,65,NNE,5,NE,10,0.0,10.4,4
12/24/2004,1009.6,31.2,25.0,28.1,72,90,63,ENE,6,NE,14,0.05,9.1,5
12/25/2004,1009.9,30.6,24.4,27.5,81,95,71,E,6,E,21,5.1,2.3,6
12/26/2004,1009.1,30.6,25.4,28.3,76,87,70,NE,6,NE,14,0.1,9.7,3
12/27/2004,1009.1,30.7,24.6,28.1,76,90,70,NE,6,NE,12,0.0,10.6,3
12/28/2004,1010.2,30.2,23.0,27.1,84,95,75,N,5,NE,14,10.1,0.0,7
12/29/2004,1009.9,29.7,23.5,27.2,88,98,83,E,6,E,27,10.7,0.7,7
12/30/2004,1010.5,30.1,24.5,27.8,81,98,72,E,8,E,24,0.3,3.9,7
12/31/2004,1011.2,30.4,24.9,27.8,83,95,74,NNW,5,E,12,0.0,6.0,6
1/1/2005,1012.3,30.7,24.3,27.2,87,98,75,VRB,3,N,10,0.7,3.6,7
1/2/2005,1011.1,31.3,24.0,28.0,82,93,74,VRB,3,NE,8,0.0,9.7,4
1/3/2005,1010.9,30.8,22.8,27.8,82,98,70,NNE,4,NE,11,16.4,10.0,3
1/4/2005,1011.6,30.6,22.8,27.7,83,97,75,ESE,5,ENE,20,13.9,5.8,4
1/5/2005,1012.1,30.6,25.6,28.2,80,93,74,SE,4,SE,9,0.0,8.8,6
1/6/2005,1011.3,30.4,25.6,28.0,82,90,77,E,4,ESE,9,0.5,4.7,5
1/7/2005,1011.3,30.5,23.7,27.7,78,90,70,E,4,ENE,9,0.0,8.9,3
1/8/2005,1011.6,30.2,22.3,27.6,74,85,67,NE,5,NE,11,0.0,7.9,5
1/9/2005,1011.3,30.4,23.5,27.0,78,95,65,N,4,N,11,1.0,10.9,2
1/10/2005,1010.5,30.4,23.8,27.3,80,95,69,N,4,NNW,10,0.3,7.6,3
1/11/2005,1011.1,30.9,23.9,27.6,73,87,64,NNE,5,N,13,0.0,10.8,1
1/12/2005,1011.7,30.8,23.1,27.4,69,84,57,NNE,6,N,14,0.0,10.8,2
1/13/2005,1011.3,30.4,24.4,27.3,73,88,63,NNW,6,NNW,15,0.0,10.5,2
1/14/2005,1010.3,30.9,24.4,28.1,74,85,63,N,6,N,13,0.0,10.1,2
1/15/2005,1010.2,30.7,24.8,27.8,77,89,62,NNE,4,SE,10,0.0,9.6,3
1/16/2005,1011.2,31.1,23.4,28.1,75,87,64,VRB,3,W,13,0.0,7.5,4
1/17/2005,1011.0,30.8,24.3,27.7,79,91,69,E,4,NE,12,0.8,8.8,4
1/18/2005,1011.5,31.0,25.2,28.1,77,90,68,N,6,N,14,0.0,7.1,5
1/19/2005,1011.1,31.0,25.2,28.3,76,87,65,N,6,N,13,0.0,10.5,3
1/20/2005,1011.3,30.6,25.0,27.7,81,95,73,N,6,NNW,14,0.3,4.2,4
1/21/2005,1012.3,30.1,23.2,27.1,86,100,74,N,9,E,33,48.4,1.4,7
1/22/2005,1011.5,30.4,26.4,28.4,82,88,77,E,10,E,23,0.0,6.7,5
1/23/2005,1011.2,30.7,24.8,28.5,83,97,77,E,8,ENE,16,0.0,10.9,2
1/24/2005,1011.1,31.0,25.4,28.4,83,97,71,E,7,ENE,14,0.0,10.4,3
1/25/2005,1010.6,30.8,24.1,28.5,81,93,74,E,6,ENE,15,0.0,10.6,2
1/26/2005,1010.0,30.7,24.7,28.0,81,95,75,N,6,N,13,0.05,10.6,2
1/27/2005,1010.4,30.4,25.0,27.8,81,92,72,NNW,4,WNW,15,1.1,4.9,7
1/28/2005,1008.9,29.6,24.0,27.2,84,92,76,NNW,5,NNW,14,2.7,2.0,5
1/29/2005,1008.9,30.4,24.9,27.8,78,91,70,NNW,4,NNW,10,0.0,11.0,2
1/30/2005,1009.7,31.0,24.4,28.3,76,88,68,E,4,ENE,10,0.0,10.7,2
1/31/2005,1010.4,31.4,24.0,28.3,76,87,70,VRB,3,WNW,7,0.0,9.9,2
2/1/2005,1011.0,31.4,26.6,28.5,76,91,69,ENE,4,ENE,9,0.0,9.7,4
2/2/2005,1010.9,31.0,25.2,28.7,75,80,70,ENE,6,ENE,12,0.0,11.2,2
2/3/2005,1011.3,31.4,24.3,28.2,77,86,68,N,5,NE,11,0.0,10.8,2
2/4/2005,1011.1,31.2,24.2,28.3,75,92,64,N,5,N,12,0.0,10.9,2
2/5/2005,1011.5,31.6,26.4,28.9,76,92,66,E,6,E,15,0.0,10.0,3
2/6/2005,1011.7,31.4,26.8,28.9,75,83,68,E,6,ESE,14,0.0,10.8,2
2/7/2005,1011.6,31.2,25.0,28.6,76,84,69,E,8,E,16,0.0,10.8,2
2/8/2005,1011.7,31.6,25.5,28.3,74,86,64,NE,5,NNE,13,0.0,10.1,2
2/9/2005,1012.1,32.0,26.1,28.9,71,84,63,NE,9,NE,17,0.0,10.8,4
2/10/2005,1013.1,31.3,24.4,28.8,71,82,63,ENE,10,ENE,23,0.05,9.9,5
2/11/2005,1014.1,32.0,25.9,28.7,65,85,53,NE,7,NE,15,0.0,9.4,5
2/12/2005,1013.3,31.4,26.0,28.6,64,75,56,NE,7,NE,18,0.0,11.0,1
2/13/2005,1011.5,31.6,26.8,28.6,66,75,57,NE,8,NNE,18,0.0,11.1,1
2/14/2005,1010.0,31.7,21.2,28.2,71,93,61,NE,6,NNE,14,0.0,11.0,1
2/15/2005,1011.3,31.4,23.6,27.7,73,96,61,NNW,5,NNW,13,0.0,10.9,1
2/16/2005,1011.1,31.1,21.4,27.9,73,90,62,NW,4,NW,9,0.0,11.0,2
2/17/2005,1010.5,31.2,22.4,27.7,73,93,60,NNW,4,NE,11,0.0,10.8,1
2/18/2005,1011.3,31.5,25.0,28.5,72,81,62,NNW,5,NNW,10,0.0,10.5,1
2/19/2005,1011.4,31.8,24.7,28.7,73,84,64,N,7,N,17,0.0,10.6,3
2/20/2005,1011.8,31.8,25.4,28.5,74,85,63,N,6,N,13,0.0,10.6,4
2/21/2005,1011.4,31.6,25.0,28.4,76,87,65,N,6,NNW,13,0.0,10.9,3
2/22/2005,1011.7,31.8,24.6,27.6,83,97,65,NNE,6,N,14,11.8,3.9,4
2/23/2005,1011.4,31.9,25.0,28.8,81,92,72,NE,7,NE,13,0.0,10.9,1
2/24/2005,1011.3,31.7,27.0,28.8,80,93,72,N,7,N,16,0.0,10.3,3
2/25/2005,1011.2,31.6,24.8,28.9,78,92,68,N,7,N,14,0.0,10.8,3
2/26/2005,1011.4,31.6,27.0,28.9,77,90,67,NE,7,ENE,14,0.0,10.3,4
2/27/2005,1010.6,31.8,24.4,29.3,72,81,66,E,8,E,15,0.0,10.6,1
2/28/2005,1010.5,31.9,23.4,28.4,73,88,61,E,6,NNE,13,0.0,10.5,2
3/1/2005,1011.5,31.7,24.0,28.1,74,93,61,NNE,5,NE,13,0.0,10.6,1
3/2/2005,1013.6,31.8,25.7,28.5,72,83,64,NE,5,NE,13,0.0,10.7,2
3/3/2005,1013.1,31.9,23.8,28.7,74,92,59,NE,6,NE,13,0.0,10.0,2
3/4/2005,1013.4,32.1,25.4,28.8,77,95,66,E,5,E,12,0.0,10.5,2
3/5/2005,1014.0,32.3,25.4,29.5,75,87,66,ENE,5,NE,11,0.0,11.1,2
3/6/2005,1013.9,32.7,26.2,29.7,76,89,67,ENE,5,NNE,14,0.05,9.9,2
3/7/2005,1013.4,33.1,25.8,29.3,78,87,67,NE,8,NNE,18,3.3,9.8,3
3/8/2005,1013.6,32.8,26.0,29.4,77,89,66,NE,6,NE,13,0.0,10.3,3
3/9/2005,1013.6,32.7,25.8,29.4,74,87,62,NE,6,NE,15,0.0,10.8,4
3/10/2005,1012.5,32.4,26.7,29.3,74,90,61,N,6,N,15,0.0,9.4,3
3/11/2005,1011.0,32.4,25.4,29.3,74,84,66,N,6,N,13,0.0,10.9,2
3/12/2005,1010.9,32.6,26.8,29.2,75,85,67,N,5,N,13,0.0,11.1,2
3/13/2005,1010.7,32.4,25.8,29.5,73,86,65,N,6,N,15,0.0,11.2,2
3/14/2005,1010.2,32.4,25.0,29.5,72,85,63,N,5,NNW,13,0.0,11.0,2
3/15/2005,1009.7,31.6,24.6,28.8,76,93,68,NNW,4,NNW,9,0.0,7.0,5
3/16/2005,1010.1,32.9,25.5,29.1,76,96,60,E,4,E,12,0.05,9.4,4
3/17/2005,1009.8,32.8,25.4,29.6,73,87,62,ENE,4,NE,10,0.0,10.3,2
3/18/2005,1009.4,33.1,24.0,29.8,69,83,59,ENE,4,NE,11,0.0,9.8,1
3/19/2005,1009.3,32.8,24.5,29.4,70,87,58,VRB,3,NE,12,0.0,11.1,2
3/20/2005,1010.6,32.6,24.9,29.1,74,90,61,VRB,3,ENE,10,0.0,7.7,4
3/21/2005,1009.5,32.9,25.2,29.3,75,89,65,N,5,N,12,0.0,10.4,4
3/22/2005,1009.1,32.7,27.4,29.5,75,90,65,NNW,5,WNW,12,0.0,10.6,3
3/23/2005,1009.2,32.8,27.8,30.0,71,83,62,WNW,6,WNW,13,0.0,10.6,2
3/24/2005,1009.1,33.2,27.4,30.2,69,80,60,NW,5,WNW,11,0.0,10.8,2
3/25/2005,1010.1,33.0,27.4,29.8,68,78,61,WNW,5,NNW,12,0.0,11.0,2
3/26/2005,1010.7,32.8,27.0,29.8,68,75,61,NW,7,NW,13,0.0,10.6,3
3/27/2005,1009.9,32.3,27.5,29.4,70,78,63,NNW,7,NNW,13,0.0,10.4,2
3/28/2005,1010.6,32.8,28.1,29.8,72,80,62,NNW,7,WNW,13,0.0,9.0,4
3/29/2005,1010.1,33.0,27.6,29.9,73,82,64,WNW,9,WNW,15,0.0,7.4,6
3/30/2005,1009.0,32.6,27.8,29.9,73,80,65,WNW,9,WNW,15,0.0,8.9,7
3/31/2005,1008.6,32.3,27.8,29.7,72,78,62,WNW,9,W,18,0.0,6.7,6
4/1/2005,1008.2,32.5,27.8,29.7,70,78,63,NW,9,NW,18,0.0,9.6,5
4/2/2005,1008.4,31.7,27.6,29.3,71,78,63,NW,9,W,17,0.0,4.6,7
4/3/2005,1009.3,31.2,28.1,29.1,73,79,68,NW,9,NW,19,0.05,0.6,7
4/4/2005,1008.6,29.7,26.6,28.4,78,83,74,WNW,9,NW,21,0.05,0.0,8
4/5/2005,1008.4,32.4,26.0,29.1,77,84,66,W,7,WSW,21,0.05,6.8,7
4/6/2005,1008.4,32.6,27.2,29.0,77,89,63,SW,8,WSW,15,0.05,6.0,5
4/7/2005,1008.7,33.0,27.4,29.6,72,80,62,SW,9,SSW,19,0.0,8.2,5
4/8/2005,1010.3,32.6,27.0,29.6,75,85,67,SW,6,SW,13,0.0,4.8,6
4/9/2005,1010.1,32.2,27.4,29.9,77,86,66,WSW,6,SW,11,0.0,10.9,3
4/10/2005,1010.0,33.1,25.2,29.8,78,92,68,WSW,6,NW,19,1.4,10.5,3
4/11/2005,1009.9,32.6,26.6,29.4,76,95,65,SSW,6,W,14,0.05,8.7,6
4/12/2005,1010.7,33.4,27.7,29.9,73,83,64,SW,6,SSW,14,0.0,10.2,3
4/13/2005,1012.4,32.6,24.2,29.4,75,83,65,SW,5,NW,14,0.0,8.6,6
4/14/2005,1012.8,32.4,24.3,28.9,75,93,61,VRB,2,NW,8,0.0,10.9,3
4/15/2005,1012.4,33.2,24.6,29.6,74,93,61,VRB,3,ENE,8,0.0,10.4,2
4/16/2005,1012.2,33.4,24.7,29.2,75,92,64,VRB,3,NE,9,0.0,10.9,2
4/17/2005,1011.4,33.4,25.2,29.6,74,92,61,VRB,1,NW,6,0.0,11.1,2
4/18/2005,1010.9,33.4,27.8,29.9,76,93,65,VRB,2,NNW,9,0.0,9.9,4
4/19/2005,1011.5,30.7,24.8,28.6,81,90,72,SSW,4,N,13,0.05,0.1,6
4/20/2005,1011.5,33.4,25.2,29.5,77,95,64,VRB,2,S,15,4.0,10.3,4
4/21/2005,1010.5,32.0,24.8,28.3,81,90,67,E,4,ENE,23,10.8,3.0,6
4/22/2005,1010.1,32.9,28.1,30.0,74,82,64,E,5,ENE,13,0.0,8.0,6
4/23/2005,1009.7,32.7,28.1,29.9,76,83,69,E,5,E,11,0.0,7.4,6
4/24/2005,1009.9,32.8,25.5,29.8,74,86,60,VRB,3,SE,8,0.0,11.2,4
4/25/2005,1009.9,33.4,27.0,30.2,74,86,61,WNW,4,NW,12,0.0,11.2,4
4/26/2005,1009.2,33.7,28.4,30.5,78,86,68,W,5,W,10,0.05,10.5,3
4/27/2005,1008.8,33.8,25.7,30.6,79,91,68,NW,4,WNW,10,0.0,11.1,3
4/28/2005,1008.3,33.9,27.6,30.6,76,92,65,NW,3,WNW,11,0.0,11.0,3
4/29/2005,1006.8,34.2,29.1,31.2,76,88,66,NNW,6,NNW,13,0.0,10.5,2
4/30/2005,1006.9,33.8,28.9,30.9,72,78,63,NNW,6,NW,12,0.0,10.2,7
5/1/2005,1007.9,34.2,28.7,31.1,70,78,61,NW,7,NW,14,0.0,10.5,5
5/2/2005,1008.4,34.0,27.6,30.3,72,79,60,NNW,5,NNW,12,0.0,4.0,6
5/3/2005,1008.1,33.3,26.1,30.3,70,79,63,W,5,W,11,0.0,10.3,4
5/4/2005,1008.5,33.2,24.9,29.8,74,89,63,VRB,3,NW,9,0.0,10.3,5
5/5/2005,1007.7,33.2,25.4,29.6,72,95,53,VRB,2,E,8,0.0,11.2,5
5/6/2005,1007.2,32.8,25.9,29.9,72,92,65,NNW,4,SW,15,0.2,8.7,6
5/7/2005,1007.4,33.4,28.6,30.5,70,85,61,NW,6,NW,13,0.0,10.5,5
5/8/2005,1008.6,33.5,28.0,30.7,69,77,61,NW,6,NW,12,0.0,10.0,4
5/9/2005,1009.3,33.4,28.2,30.7,73,83,63,W,7,W,14,0.6,10.3,6
5/10/2005,1008.9,33.4,28.0,30.6,71,81,58,W,6,W,13,0.0,9.9,5
5/11/2005,1008.7,33.1,28.1,30.4,70,79,62,WNW,6,WNW,12,0.0,10.9,3
5/12/2005,1009.0,33.4,28.4,30.7,67,81,57,W,5,W,9,0.0,11.1,2
5/13/2005,1008.7,33.7,27.2,30.9,72,82,63,NW,4,NW,11,0.0,11.1,2
5/14/2005,1009.0,33.9,28.0,30.8,73,87,62,WSW,5,WSW,16,0.0,9.9,4
5/15/2005,1009.5,34.3,26.8,30.3,76,83,63,WSW,6,W,17,0.7,6.6,5
5/16/2005,1010.2,33.6,28.0,30.4,76,89,67,SW,6,SSW,13,0.0,10.2,2
5/17/2005,1010.1,33.4,24.6,29.8,78,98,67,WSW,8,NW,21,17.9,10.5,5
5/18/2005,1008.8,33.0,28.7,30.7,74,86,65,NNW,7,NNW,15,0.0,10.9,5
5/19/2005,1008.3,33.7,27.8,30.9,72,85,62,WNW,7,WNW,14,0.9,10.7,3
5/20/2005,1007.6,33.6,27.1,30.9,74,83,65,WNW,8,WSW,20,0.05,6.8,7
5/21/2005,1008.0,32.2,27.9,29.5,79,87,74,WSW,5,WSW,13,0.6,1.2,7
5/22/2005,1008.5,32.9,28.2,30.4,75,85,68,WSW,5,SW,11,0.0,10.7,4
5/23/2005,1009.2,33.0,28.9,30.6,78,86,69,W,7,SW,15,0.05,10.0,5
5/24/2005,1009.8,32.7,20.1,26.9,82,100,70,SE,6,E,43,17.5,0.0,7
5/25/2005,1009.1,32.4,26.9,29.6,78,86,69,SW,6,WSW,13,0.3,10.3,4
5/26/2005,1008.8,32.6,28.2,30.0,77,86,70,WSW,7,SW,18,0.05,9.6,4
5/27/2005,1009.6,32.0,23.2,28.0,81,95,70,WSW,7,NE,33,4.1,1.2,7
5/28/2005,1009.2,32.1,23.8,27.7,86,100,72,WSW,10,WNW,30,49.8,5.9,7
5/29/2005,1009.4,31.2,22.8,26.9,87,100,67,W,9,SW,24,62.9,0.0,7
5/30/2005,1008.6,31.2,26.1,28.8,81,90,70,NW,9,W,19,0.3,3.3,7
5/31/2005,1008.2,31.4,26.0,29.3,81,89,73,WSW,11,WSW,26,0.05,8.7,6
6/1/2005,1008.2,32.0,25.8,29.1,80,91,68,WSW,8,WSW,27,6.5,7.3,5
6/2/2005,1007.5,31.6,25.2,29.6,81,97,75,W,12,WSW,23,5.6,10.8,6
6/3/2005,1007.8,30.8,25.2,28.6,85,95,82,W,8,W,27,7.5,0.0,7
6/4/2005,1007.5,30.2,23.8,27.1,87,97,75,W,13,WSW,29,28.2,0.0,8
6/5/2005,1007.4,30.2,24.4,26.7,88,98,77,W,13,WSW,40,30.2,0.0,8
6/6/2005,1007.4,31.5,25.0,28.7,81,87,73,W,13,W,31,5.9,5.3,7
6/7/2005,1007.4,31.4,25.4,28.7,84,92,77,W,10,WNW,32,1.4,2.8,7
6/8/2005,1006.5,31.9,26.9,29.1,83,88,79,W,12,W,26,0.05,0.3,6
6/9/2005,1006.9,31.4,27.4,29.6,80,86,73,WSW,12,WSW,24,0.05,6.5,7
6/10/2005,1007.5,31.8,27.7,29.7,81,88,76,WSW,10,WSW,21,0.9,8.5,6
6/11/2005,1008.1,31.4,27.1,29.4,83,92,73,W,10,SW,23,2.0,6.2,7
6/12/2005,1008.0,31.6,24.5,28.7,85,91,78,W,11,W,31,9.5,1.2,7
6/13/2005,1008.3,31.3,26.6,28.7,85,95,77,W,8,WNW,22,1.0,1.6,8
6/14/2005,1008.8,31.4,27.1,29.2,83,89,73,W,11,W,27,0.05,2.7,7
6/15/2005,1008.6,31.0,24.3,28.3,84,97,75,W,14,W,35,15.7,4.8,7
6/16/2005,1008.4,29.8,24.2,27.4,85,95,76,W,15,W,41,11.9,0.4,7
6/17/2005,1008.4,30.0,23.9,27.5,84,92,72,WSW,13,W,43,11.8,0.0,8
6/18/2005,1008.1,30.7,24.4,29.0,81,83,76,WSW,14,WSW,36,11.2,1.6,8
6/19/2005,1007.7,31.2,27.4,29.2,81,87,75,WSW,14,WSW,25,0.2,8.7,6
6/20/2005,1008.1,31.0,24.4,29.2,80,85,77,W,13,W,40,1.7,7.1,6
6/21/2005,1009.2,31.2,25.4,29.0,81,86,77,W,11,W,31,0.9,2.6,7
6/22/2005,1010.0,30.8,26.7,28.8,86,91,81,W,9,W,17,0.9,1.8,6
6/23/2005,1010.4,31.2,26.4,29.1,81,88,75,W,11,W,29,0.4,10.3,3
6/24/2005,1010.0,31.2,27.6,29.3,79,87,72,W,10,W,19,0.0,10.2,4
6/25/2005,1010.4,31.4,27.0,29.1,81,87,73,WSW,10,WSW,18,0.0,5.1,7
6/26/2005,1010.4,31.4,27.2,29.2,79,87,73,WSW,9,WSW,15,0.0,9.8,7
6/27/2005,1010.1,31.3,26.2,28.9,82,91,76,SW,9,SW,20,3.2,7.3,7
6/28/2005,1009.4,31.0,26.9,28.9,81,86,75,SW,9,SW,24,0.0,6.6,7
6/29/2005,1009.9,31.5,27.0,29.0,80,86,73,SW,8,SW,16,0.0,8.6,7
6/30/2005,1009.3,31.2,26.9,29.2,77,85,69,SW,9,SW,21,0.0,10.7,3
7/1/2005,1010.3,31.4,23.8,28.6,81,95,72,WSW,10,WSW,35,23.6,7.5,6
7/2/2005,1010.9,31.6,26.9,29.1,81,89,73,WSW,7,WSW,14,0.0,10.9,3
7/3/2005,1010.6,30.7,27.4,28.9,79,89,73,WSW,8,SW,14,0.0,7.2,4
7/4/2005,1009.8,31.4,27.3,29.1,79,84,74,WSW,11,WSW,20,0.05,6.8,7
7/5/2005,1009.7,31.2,27.6,29.3,78,82,72,WSW,12,WSW,21,0.0,9.5,6
7/6/2005,1010.9,31.3,26.1,29.1,79,87,73,W,12,W,22,3.4,8.2,7
7/7/2005,1010.5,31.0,27.8,29.1,79,90,74,WNW,13,WNW,23,0.05,5.2,6
7/8/2005,1009.4,31.4,26.9,29.2,77,83,69,W,14,W,23,0.0,8.5,6
7/9/2005,1009.2,30.6,25.3,28.5,81,87,74,W,15,W,33,1.7,3.2,8
7/10/2005,1010.5,29.2,22.9,26.3,89,100,79,W,14,WNW,37,48.0,0.0,8
7/11/2005,1011.4,29.8,24.1,27.4,83,98,73,WNW,13,W,36,16.7,2.0,6
7/12/2005,1011.2,30.9,24.4,28.2,83,98,74,WNW,13,W,36,41.4,9.2,6
7/13/2005,1010.4,30.0,23.4,27.1,85,97,77,NW,10,W,23,20.6,0.0,8
7/14/2005,1009.7,30.4,22.4,27.4,87,100,78,WNW,13,NNW,33,52.1,2.0,8
7/15/2005,1009.8,29.0,23.6,26.9,84,98,77,NW,14,WNW,31,38.1,0.2,8
7/16/2005,1009.7,29.6,25.0,27.1,84,98,72,WNW,14,WNW,30,2.1,1.7,8
7/17/2005,1008.5,30.6,26.9,28.2,79,84,73,WNW,13,W,25,0.05,5.6,7
7/18/2005,1009.6,30.6,26.2,28.7,79,84,73,WNW,12,WNW,22,0.4,10.5,3
7/19/2005,1010.9,30.6,26.5,28.8,79,85,73,WNW,11,WNW,19,0.05,8.2,4
7/20/2005,1010.8,30.5,27.1,28.7,79,85,74,W,11,W,20,0.0,9.9,3
7/21/2005,1010.7,30.8,27.0,28.8,80,86,75,W,9,W,14,0.05,9.7,5
7/22/2005,1010.2,30.7,27.1,28.8,79,85,73,W,9,W,17,0.0,9.1,6
7/23/2005,1010.0,30.8,27.1,28.7,80,86,74,WSW,9,WSW,17,0.05,7.5,7
7/24/2005,1010.6,30.7,25.2,28.6,81,92,74,WSW,8,WSW,21,4.3,7.4,7
7/25/2005,1010.0,30.2,27.2,28.5,83,90,75,WSW,9,SW,17,0.05,4.3,6
7/26/2005,1009.4,30.3,27.1,28.6,83,87,78,WSW,10,SW,17,0.05,3.0,7
7/27/2005,1008.7,31.3,24.4,28.7,83,89,74,SSW,8,SSW,21,0.2,10.1,7
7/28/2005,1009.3,31.4,26.4,28.6,84,93,76,SSW,8,SW,24,0.05,10.2,6
7/29/2005,1009.7,31.6,24.3,28.2,83,98,77,W,11,W,45,10.5,3.9,7
7/30/2005,1008.9,30.2,24.7,28.1,84,98,77,WSW,12,SW,25,0.3,1.8,7
7/31/2005,1009.0,30.1,24.7,27.8,82,89,76,WSW,14,WSW,32,5.5,3.8,6
8/1/2005,1009.7,31.1,23.8,28.2,83,91,76,WSW,11,WSW,38,6.8,4.9,6
8/2/2005,1009.9,30.8,27.0,28.8,82,87,75,W,9,SW,26,0.8,9.8,7
8/3/2005,1010.3,30.8,26.6,28.7,82,88,74,WSW,8,WSW,14,0.0,4.7,7
8/4/2005,1011.0,31.2,26.8,28.8,79,87,70,W,6,WSW,12,0.0,9.0,7
8/5/2005,1011.3,31.4,27.1,28.9,79,87,72,W,5,W,11,0.0,8.4,6
8/6/2005,1010.6,31.6,27.2,29.1,79,86,71,WNW,7,NW,13,0.05,10.0,5
8/7/2005,1010.3,31.0,27.0,29.0,78,87,70,W,7,W,14,0.0,11.1,3
8/8/2005,1011.0,31.4,27.3,29.2,79,87,72,W,8,WSW,15,0.0,10.7,5
8/9/2005,1011.6,31.4,27.2,29.2,77,86,69,W,6,W,12,0.0,10.4,5
8/10/2005,1011.1,31.1,27.4,29.0,77,83,70,W,7,W,14,0.0,9.7,6
8/11/2005,1010.8,31.2,26.9,29.2,78,85,70,W,10,W,16,0.0,10.7,3
8/12/2005,1010.4,31.3,27.6,29.2,79,85,70,WNW,9,W,16,0.0,9.0,6
8/13/2005,1010.0,31.4,26.9,29.0,79,89,72,W,8,W,21,0.8,10.3,6
8/14/2005,1009.7,31.5,22.8,28.4,81,100,70,W,7,W,31,59.9,10.8,5
8/15/2005,1009.5,30.6,26.6,28.3,81,90,73,W,14,WSW,30,1.1,4.1,7
8/16/2005,1009.6,30.7,23.9,29.0,77,83,71,W,11,WSW,17,2.0,7.9,7
8/17/2005,1010.5,30.6,25.0,28.3,81,92,71,W,9,NW,24,0.6,5.1,6
8/18/2005,1010.9,30.7,27.2,28.7,77,88,70,WNW,9,WNW,17,0.0,10.3,5
8/19/2005,1011.5,30.8,27.2,28.8,76,82,70,WNW,9,W,16,0.05,10.5,6
8/20/2005,1010.6,31.7,27.1,29.0,75,81,68,WNW,7,WNW,14,0.05,9.8,6
8/21/2005,1010.4,31.4,27.4,29.0,74,79,69,NW,9,NW,17,0.05,10.6,4
8/22/2005,1010.3,30.7,27.2,28.9,72,79,69,NW,9,NNW,16,0.0,11.0,4
8/23/2005,1010.5,31.4,24.1,28.8,75,79,69,NW,6,WNW,17,0.8,9.8,4
8/24/2005,1011.5,30.8,27.3,28.6,76,92,69,WNW,5,WNW,12,0.0,9.4,3
8/25/2005,1011.3,31.1,24.7,29.1,73,79,67,NW,7,NNW,16,2.8,11.1,2
8/26/2005,1010.9,31.2,27.2,28.8,74,88,69,NNW,9,NNW,15,0.05,10.7,3
8/27/2005,1010.2,31.2,27.4,29.0,74,83,68,NW,10,NW,19,0.05,10.5,4
8/28/2005,1009.5,31.4,24.2,28.6,77,95,69,NW,9,WNW,31,21.1,10.0,5
8/29/2005,1010.2,30.1,23.9,27.6,80,93,70,WNW,14,W,27,5.7,3.9,7
8/30/2005,1008.9,29.9,25.2,27.4,82,96,76,W,12,W,25,0.05,4.8,7
8/31/2005,1008.0,28.4,23.0,26.2,87,100,79,WNW,14,WNW,31,16.7,0.0,7
9/1/2005,1007.8,30.0,24.1,27.8,81,86,74,WNW,13,NW,28,3.0,7.2,7
9/2/2005,1008.7,29.7,25.0,27.2,83,93,77,WNW,14,W,34,2.9,0.9,7
9/3/2005,1007.9,29.2,24.3,26.9,85,95,77,WNW,16,W,34,14.0,0.0,7
9/4/2005,1007.3,28.3,23.6,26.8,85,97,79,W,16,W,39,13.1,0.0,8
9/5/2005,1007.9,29.4,26.7,28.2,81,85,76,W,13,W,23,0.0,0.0,7
9/6/2005,1008.5,30.2,23.9,28.3,81,89,75,W,12,W,21,4.0,3.8,7
9/7/2005,1009.0,29.3,23.3,26.7,87,93,77,W,11,WNW,31,10.6,1.0,8
9/8/2005,1008.8,30.4,25.3,28.3,82,89,74,W,14,W,33,1.6,6.8,6
9/9/2005,1009.8,29.4,24.5,27.3,86,95,75,W,12,WNW,31,37.1,5.5,7
9/10/2005,1009.4,27.4,23.4,25.7,91,98,84,W,14,WNW,33,43.2,1.2,8
9/11/2005,1009.0,27.0,23.8,25.4,90,96,84,W,14,WNW,31,18.8,0.0,8
9/12/2005,1008.9,29.0,24.8,27.0,84,90,78,W,11,W,30,2.9,2.2,7
9/13/2005,1009.6,30.4,26.2,28.3,83,89,77,W,7,WSW,19,0.05,7.6,5
9/14/2005,1010.6,30.7,25.2,28.6,81,89,75,WSW,7,WSW,13,0.05,9.7,6
9/15/2005,1011.5,30.6,23.7,28.1,81,95,74,VRB,3,WSW,12,0.0,10.4,5
9/16/2005,1012.4,30.8,23.4,27.3,85,98,74,VRB,2,SSE,8,0.0,9.6,4
9/17/2005,1013.5,31.2,24.6,28.1,80,96,70,VRB,2,NW,7,0.0,10.7,4
9/18/2005,1014.4,31.2,26.4,28.7,78,86,70,W,4,W,10,0.0,10.8,2
9/19/2005,1012.7,31.1,26.8,28.9,79,87,70,W,8,WSW,20,0.0,10.7,6
9/20/2005,1010.7,30.8,24.0,28.6,81,87,74,WSW,12,WSW,31,16.3,7.7,5
9/21/2005,1010.4,30.9,23.6,27.6,84,93,77,WSW,9,WSW,35,11.8,6.2,5
9/22/2005,1011.7,29.8,25.1,27.6,82,90,75,W,7,W,23,0.05,7.4,4
9/23/2005,1012.3,30.4,26.6,28.5,79,85,74,WNW,7,WNW,13,0.0,11.0,2
9/24/2005,1012.5,31.0,24.4,28.6,76,84,69,NW,5,NNW,13,0.4,10.1,3
9/25/2005,1011.7,30.8,26.5,28.2,77,90,69,NNW,5,NNW,10,0.0,10.6,2
9/26/2005,1011.0,31.0,26.7,28.6,76,83,69,NW,6,NW,12,0.0,10.5,2
9/27/2005,1011.1,31.2,27.1,28.8,76,83,69,NW,6,NW,13,0.0,11.0,2
9/28/2005,1011.0,31.4,26.6,28.8,76,83,68,NW,8,WNW,16,0.05,11.0,4
9/29/2005,1010.6,30.4,26.4,28.4,77,83,74,WNW,10,WNW,19,0.0,6.1,5
9/30/2005,1011.8,31.3,26.5,28.7,75,81,68,W,6,W,12,0.0,11.2,3
10/1/2005,1012.0,31.4,26.6,28.7,75,81,68,NNW,5,NW,11,0.0,11.2,2
10/2/2005,1012.0,31.4,26.6,28.6,75,81,67,NW,6,W,13,0.0,10.9,3
10/3/2005,1010.3,31.6,24.8,28.6,76,87,67,WNW,5,WNW,10,0.0,10.9,2
10/4/2005,1010.4,31.2,26.4,28.4,79,86,69,NW,5,NNW,14,0.05,9.1,4
10/5/2005,1011.2,31.2,27.0,28.9,73,80,63,NNW,9,NNW,16,0.0,11.1,4
10/6/2005,1011.0,31.6,25.8,28.7,78,95,68,NW,9,NW,20,1.3,9.9,6
10/7/2005,1010.5,31.3,27.1,28.9,76,86,68,NW,8,NW,14,0.0,10.8,5
10/8/2005,1010.2,31.2,27.1,28.9,79,86,70,W,8,W,15,0.0,9.9,7
10/9/2005,1010.0,31.4,26.4,29.0,77,85,70,W,8,W,15,0.1,7.9,6
10/10/2005,1008.9,31.1,24.3,27.9,84,95,68,W,6,SW,16,3.5,4.1,7
10/11/2005,1008.6,30.3,23.9,27.1,87,98,75,SSW,9,SW,26,43.5,3.5,7
10/12/2005,1008.5,29.1,23.8,26.7,87,93,83,W,12,WSW,32,25.2,0.7,7
10/13/2005,1008.1,28.8,23.7,27.2,85,96,77,WSW,12,SW,33,13.7,1.0,7
10/14/2005,1007.6,30.7,26.4,28.3,83,92,76,WSW,11,WSW,24,0.05,8.7,4
10/15/2005,1008.3,31.0,26.5,28.9,80,89,72,SW,10,SW,19,0.2,11.0,3
10/16/2005,1009.5,30.9,25.9,28.9,79,86,72,WSW,11,SW,21,2.4,10.2,4
10/17/2005,1011.1,30.0,25.9,28.1,83,92,76,W,9,S,22,2.6,7.2,6
10/18/2005,1011.1,30.3,24.3,28.1,82,90,74,W,9,W,31,8.1,8.0,6
10/19/2005,1010.0,30.4,24.0,28.1,82,89,75,W,14,WSW,33,19.0,5.5,7
10/20/2005,1009.6,28.8,23.1,25.9,91,98,83,W,13,WSW,34,48.6,0.0,7
10/21/2005,1009.1,30.4,24.0,28.1,82,89,73,W,11,W,25,13.4,7.8,6
10/22/2005,1009.9,28.1,23.6,26.5,86,93,81,W,13,SW,30,18.2,0.2,7
10/23/2005,1010.1,28.2,23.6,26.4,90,96,84,WSW,12,W,36,21.7,0.0,7
10/24/2005,1010.3,29.9,25.2,27.9,84,92,74,W,10,WSW,25,0.05,9.0,6
10/25/2005,1010.3,30.2,25.6,28.3,80,87,74,W,9,W,22,1.0,10.4,5
10/26/2005,1010.1,30.6,25.5,28.4,80,92,71,W,7,W,16,0.05,8.1,3
10/27/2005,1010.1,30.8,26.6,28.5,82,89,75,W,6,W,13,0.0,11.0,4
10/28/2005,1011.2,30.8,24.8,28.6,79,86,73,W,7,WNW,23,5.9,11.1,5
10/29/2005,1010.9,30.6,26.3,28.6,77,84,71,WNW,11,W,25,0.0,11.1,3
10/30/2005,1010.3,30.5,26.2,28.5,73,79,65,W,15,W,25,0.3,10.8,5
10/31/2005,1010.9,30.4,26.3,28.0,79,87,71,W,13,W,26,0.0,4.1,7
11/1/2005,1011.3,30.5,23.8,28.3,77,96,69,WNW,11,WNW,31,2.9,9.7,5
11/2/2005,1011.6,30.4,26.2,28.4,74,80,69,WNW,9,WNW,15,0.0,10.8,4
11/3/2005,1010.9,30.7,26.1,28.2,76,83,69,NW,6,NW,16,0.0,10.9,5
11/4/2005,1010.3,30.8,24.8,27.9,78,87,70,WNW,4,W,9,0.0,8.8,5
11/5/2005,1010.5,30.6,26.4,28.1,75,83,67,WNW,5,W,12,0.0,5.2,6
11/6/2005,1010.0,30.4,27.0,28.4,75,81,66,WNW,9,W,16,0.0,9.1,5
11/7/2005,1008.5,30.8,23.4,28.2,83,92,74,WNW,8,NW,25,13.0,4.5,7
11/8/2005,1008.5,31.3,25.2,28.5,83,95,73,NNW,5,NW,12,1.4,9.0,6
11/9/2005,1009.7,29.9,25.9,27.5,85,97,78,N,6,NNW,20,0.05,3.9,7
11/10/2005,1010.0,30.4,24.4,27.8,85,97,78,NNW,5,W,19,0.2,1.2,7
11/11/2005,1009.7,30.6,25.3,28.0,84,97,75,NNW,4,NW,11,2.1,6.0,6
11/12/2005,1011.0,30.0,25.1,27.3,86,95,78,SW,6,W,18,5.2,1.2,7
11/13/2005,1012.1,29.4,24.9,26.8,85,90,78,WSW,6,WSW,22,1.3,0.0,7
11/14/2005,1011.7,30.7,24.0,27.3,84,92,75,W,7,W,23,14.3,5.7,7
11/15/2005,1010.4,29.8,25.2,26.9,86,96,78,WSW,7,WSW,18,2.3,4.4,7
11/16/2005,1010.1,31.0,23.8,27.8,82,96,70,WSW,3,WSW,7,0.0,10.7,3
11/17/2005,1010.9,30.9,24.2,27.5,83,98,71,VRB,2,W,5,0.0,11.1,2
11/18/2005,1011.3,30.6,24.7,27.3,81,95,70,E,4,SE,17,1.9,6.3,5
11/19/2005,1011.5,30.6,23.5,27.9,76,84,66,E,4,E,10,0.0,11.1,3
11/20/2005,1010.6,31.0,24.4,27.7,73,86,63,N,4,N,8,0.0,11.3,1
11/21/2005,1009.8,30.9,26.7,28.3,73,84,65,NNW,5,NW,11,0.0,11.2,3
11/22/2005,1009.5,30.4,27.0,28.6,77,86,71,WNW,7,W,14,0.0,9.7,5
11/23/2005,1009.4,31.2,24.9,28.8,75,85,69,WSW,9,WSW,16,7.0,11.2,2
11/24/2005,1009.0,32.1,24.6,28.4,82,98,74,WSW,7,W,22,1.6,8.5,6
11/25/2005,1009.3,30.7,25.9,28.2,81,92,71,S,7,SSE,15,0.05,9.9,4
11/26/2005,1009.9,30.9,25.4,28.4,78,89,65,SSW,7,SSE,18,0.05,10.1,6
11/27/2005,1010.4,31.0,26.5,28.7,75,85,68,ESE,4,SSW,9,0.0,11.1,3
11/28/2005,1011.1,30.7,23.8,27.4,83,93,69,ESE,7,SSW,17,8.0,6.8,5
11/29/2005,1010.4,30.4,23.2,27.6,80,93,70,SSW,5,WSW,28,5.3,11.1,4
11/30/2005,1008.7,29.5,25.0,26.8,84,94,79,WSW,8,W,22,0.05,0.3,7
12/1/2005,1007.9,31.2,26.9,28.4,79,87,73,WSW,10,WSW,22,0.0,8.0,4
12/2/2005,1008.9,30.6,25.2,28.6,79,89,71,SW,11,SW,22,1.4,10.1,2
12/3/2005,1008.5,31.2,25.8,28.4,82,93,73,W,6,W,21,0.0,8.3,5
12/4/2005,1007.6,31.3,23.4,28.7,82,93,73,W,5,W,13,39.3,10.0,5
12/5/2005,1008.2,29.6,23.0,26.1,89,100,80,W,6,W,22,11.8,0.0,7
12/6/2005,1009.5,29.1,22.4,25.6,81,93,66,WSW,5,WSW,20,0.2,2.5,7
12/7/2005,1009.9,29.8,23.4,26.7,85,98,74,VRB,1,E,5,0.0,3.3,5
12/8/2005,1009.6,30.6,22.8,27.3,84,96,71,NW,3,NNW,7,0.0,8.6,6
12/9/2005,1009.6,30.6,26.2,27.8,81,98,73,W,4,W,12,0.0,10.9,4
12/10/2005,1010.1,30.7,27.1,28.5,78,83,73,W,6,NW,13,0.0,9.4,6
12/11/2005,1009.9,30.8,26.9,28.6,75,79,69,NW,7,NW,14,0.05,6.3,6
12/12/2005,1010.1,30.6,23.3,27.4,82,98,70,NNW,7,NE,22,21.3,1.3,7
12/13/2005,1010.1,28.4,24.0,26.2,89,93,84,N,6,N,17,3.2,0.5,7
12/14/2005,1009.4,30.0,25.3,27.6,83,92,75,ENE,10,E,25,1.1,4.9,6
12/15/2005,1010.3,30.7,23.8,27.4,84,95,74,E,6,NE,22,7.8,8.6,7
12/16/2005,1010.4,30.6,23.9,27.9,83,92,74,NNW,5,WNW,13,0.0,9.7,3
12/17/2005,1010.2,30.3,26.1,27.7,78,90,70,NNW,4,NW,11,0.0,10.7,2
12/18/2005,1009.5,30.0,26.6,28.0,71,79,64,WNW,8,WNW,14,0.0,10.9,3
12/19/2005,1008.7,30.5,26.4,28.4,72,80,64,NW,8,WNW,15,0.0,10.7,2
12/20/2005,1009.4,30.6,26.2,28.3,71,78,64,NW,7,NW,13,0.0,10.9,2
12/21/2005,1011.0,30.3,21.6,27.9,67,82,58,WNW,7,NW,14,0.0,11.1,1
12/22/2005,1011.2,30.3,25.2,27.4,68,89,61,WNW,5,WNW,13,0.0,11.4,2
12/23/2005,1010.7,30.6,22.2,27.3,65,76,56,NW,6,WNW,14,0.0,11.3,2
12/24/2005,1010.4,30.0,19.4,26.4,68,87,55,NNW,4,NW,11,0.0,11.3,1
12/25/2005,1011.1,29.8,23.2,26.4,73,91,57,NE,3,NNW,8,0.0,11.0,2
12/26/2005,1012.1,30.3,24.4,27.4,78,87,67,E,6,NE,16,0.05,4.8,4
12/27/2005,1012.6,30.9,26.3,28.0,76,83,69,E,8,E,16,0.05,7.3,3
12/28/2005,1012.8,30.5,24.4,27.9,71,75,65,E,6,ENE,13,0.7,7.6,4
12/29/2005,1012.8,29.8,24.3,27.3,74,87,65,ENE,6,E,13,9.4,4.4,4
12/30/2005,1012.7,30.1,24.8,27.6,77,88,70,ENE,7,E,19,0.05,7.1,4
12/31/2005,1012.8,30.1,23.4,27.1,75,87,64,NE,5,NE,12,0.0,10.6,2
1/1/2006,1012.4,30.2,21.8,27.4,74,88,66,ENE,5,ENE,10,0.0,10.6,2
1/2/2006,1011.3,30.2,24.6,26.8,77,95,63,N,4,N,11,0.0,5.8,3
1/3/2006,1010.1,30.5,24.6,27.6,77,85,67,NNE,5,NE,11,0.0,10.4,2
1/4/2006,1009.8,30.7,24.0,27.5,79,90,67,NNE,6,NNE,13,0.0,9.7,3
1/5/2006,1009.8,30.7,23.8,27.6,79,92,66,NNE,5,NNW,11,0.0,10.5,2
1/6/2006,1009.4,30.6,24.6,27.3,85,98,71,NNE,3,NNE,10,1.4,4.6,6
1/7/2006,1009.5,31.2,23.6,27.7,84,96,68,ESE,3,ENE,8,0.05,7.0,5
1/8/2006,1010.1,30.4,24.4,26.8,88,97,77,NE,3,NE,16,1.3,1.5,7
1/9/2006,1010.2,27.4,24.9,26.2,89,95,85,ESE,6,E,21,1.3,0.0,7
1/10/2006,1009.7,30.2,22.1,26.2,89,100,82,E,5,N,25,12.7,5.6,5
1/11/2006,1009.4,29.8,23.5,26.5,90,100,78,NNE,3,ENE,9,0.0,9.0,5
1/12/2006,1009.7,30.2,26.2,27.6,83,96,75,NNW,4,NNW,12,0.0,7.3,7
1/13/2006,1010.0,28.7,22.3,26.3,90,97,84,W,6,W,16,58.2,0.0,8
1/14/2006,1008.7,27.4,22.2,24.3,95,98,93,WNW,13,W,28,37.5,0.0,8
1/15/2006,1009.3,29.8,24.9,27.5,85,92,79,ESE,9,E,19,0.05,10.9,5
1/16/2006,1011.2,30.0,25.8,27.5,83,90,74,SE,7,SSE,14,0.0,8.1,5
1/17/2006,1011.4,30.3,26.4,28.0,82,90,75,ENE,6,SE,12,0.0,10.5,5
1/18/2006,1011.6,30.7,23.6,27.7,84,96,74,N,5,NE,13,0.0,9.9,4
1/19/2006,1011.8,30.4,24.8,27.1,85,96,74,NNE,4,ESE,13,0.0,9.0,3
1/20/2006,1012.5,30.4,23.8,27.9,71,80,61,ESE,7,ESE,15,0.0,11.2,1
1/21/2006,1013.1,29.9,19.9,26.7,71,91,62,ENE,5,ENE,13,0.0,11.3,1
1/22/2006,1013.4,30.7,22.3,26.1,75,94,63,N,5,NNW,12,0.0,11.3,1
1/23/2006,1013.1,30.4,22.6,26.9,73,90,60,N,5,N,11,0.0,11.2,1
1/24/2006,1013.4,30.8,23.2,27.3,77,96,64,N,5,N,14,0.0,8.9,3
1/25/2006,1013.3,30.4,24.0,27.6,70,79,58,NNW,5,N,13,0.05,11.2,1
1/26/2006,1013.7,29.8,23.0,27.0,78,96,71,E,4,E,10,0.2,5.5,4
1/27/2006,1012.5,30.8,21.2,26.9,76,93,62,ENE,5,ENE,12,0.0,10.1,2
1/28/2006,1011.1,30.2,25.2,27.1,74,93,64,NNW,4,NNW,12,0.0,7.4,5
1/29/2006,1011.4,31.0,25.8,28.1,79,87,69,N,7,ENE,17,0.05,7.9,4
1/30/2006,1012.7,30.0,25.9,27.7,77,84,70,E,7,E,14,0.0,10.5,3
1/31/2006,1013.0,30.1,25.6,27.8,74,83,67,E,9,E,15,0.0,10.8,2
2/1/2006,1013.0,30.5,24.1,27.6,76,84,67,NNE,6,E,13,0.05,8.6,2
2/2/2006,1012.2,30.8,25.8,27.9,77,87,69,ENE,7,E,14,0.0,10.4,2
2/3/2006,1013.0,30.8,26.0,28.2,75,84,67,E,7,E,13,0.0,11.0,2
2/4/2006,1013.2,31.2,26.4,28.2,77,86,66,NE,6,ENE,18,0.0,10.7,1
2/5/2006,1011.8,30.7,26.7,28.5,80,85,75,ENE,10,ENE,21,0.0,10.6,1
2/6/2006,1010.9,31.6,25.8,28.3,79,87,69,NE,7,ENE,17,0.0,10.4,2
2/7/2006,1011.5,31.0,22.5,28.1,75,85,63,ENE,5,ENE,12,0.0,10.7,3
2/8/2006,1012.8,31.1,23.6,27.2,74,93,59,NNE,4,ENE,8,0.0,9.9,5
2/9/2006,1013.5,31.3,25.7,28.1,73,88,65,ENE,5,NE,12,0.0,10.2,5
2/10/2006,1012.6,31.6,24.7,28.4,73,81,64,N,5,N,13,0.0,10.0,4
2/11/2006,1011.1,32.1,22.9,27.9,76,90,62,NNE,6,NNE,15,0.0,10.7,3
2/12/2006,1011.0,31.3,22.1,27.9,76,91,67,ENE,6,ENE,14,0.0,10.0,4
2/13/2006,1010.9,31.8,21.6,27.8,72,93,56,NE,6,NE,13,0.0,10.8,3
2/14/2006,1011.3,31.2,23.4,27.0,73,91,57,NE,4,ENE,8,0.0,11.1,3
2/15/2006,1010.3,31.4,21.8,27.4,73,90,59,N,6,N,13,0.0,10.8,2
2/16/2006,1010.5,31.1,21.9,26.7,77,95,63,NE,5,NE,13,0.0,11.2,1
2/17/2006,1011.5,31.0,23.0,26.9,77,93,62,NNE,5,NE,12,0.0,11.1,1
2/18/2006,1011.2,30.7,22.4,27.1,77,93,66,N,5,NNW,11,0.0,10.8,1
2/19/2006,1010.7,30.9,22.4,27.1,80,96,68,N,4,NNW,11,0.0,11.1,2
2/20/2006,1010.3,31.4,21.6,27.0,79,95,63,NNW,3,NNW,8,0.0,8.8,4
2/21/2006,1010.7,31.2,25.0,27.6,75,96,63,NW,4,NW,9,0.0,10.6,3
2/22/2006,1009.9,31.2,24.0,27.9,73,91,62,NNW,5,NNW,12,0.0,11.0,1
2/23/2006,1008.9,31.6,23.2,28.0,74,88,59,NNE,4,NE,12,0.0,10.3,3
2/24/2006,1008.5,31.6,26.7,27.1,74,93,62,ENE,4,NNE,11,0.0,10.7,4
2/25/2006,1009.3,32.4,24.8,28.2,81,98,66,N,4,NE,15,17.4,6.2,6
2/26/2006,1009.3,31.8,24.5,28.5,80,92,68,NNE,5,NE,13,0.0,7.6,4
2/27/2006,1009.2,31.9,24.9,28.7,79,95,70,ENE,4,NE,10,0.0,9.0,3
2/28/2006,1009.1,32.3,24.6,28.7,79,93,68,NNE,4,SE,8,0.0,10.3,3
3/1/2006,1008.8,32.0,24.2,28.3,80,92,69,N,4,NNE,11,0.0,9.7,3
3/2/2006,1008.7,31.5,23.9,28.1,82,98,70,NNE,4,NW,10,0.0,9.8,3
3/3/2006,1010.2,31.9,25.1,28.6,80,96,68,NW,4,WNW,9,1.0,9.4,3
3/4/2006,1010.3,29.4,24.1,27.1,84,93,76,ENE,8,NE,21,2.1,0.7,6
3/5/2006,1010.2,32.4,25.2,29.2,78,91,70,E,7,E,16,0.0,11.2,3
3/6/2006,1011.2,32.3,25.2,29.0,79,95,71,E,4,E,11,0.0,10.6,3
3/7/2006,1010.8,32.5,26.8,29.0,79,95,71,NE,4,N,11,0.0,11.1,2
3/8/2006,1011.2,32.6,25.8,29.4,76,84,68,E,5,ESE,13,0.05,11.0,3
3/9/2006,1011.5,32.4,23.2,29.5,76,85,67,ENE,4,SSE,28,35.3,11.2,3
3/10/2006,1010.9,31.4,24.4,28.1,81,96,69,NNW,4,NNW,12,0.0,10.8,4
3/11/2006,1010.7,32.0,26.4,28.8,78,95,67,NW,4,NW,10,0.0,11.2,3
3/12/2006,1009.7,31.7,25.6,29.2,75,83,65,N,6,N,14,0.0,9.6,2
3/13/2006,1009.6,31.5,25.8,28.8,73,87,67,N,6,NNW,13,0.0,11.1,2
3/14/2006,1011.2,31.6,26.7,28.9,71,84,64,N,7,N,15,0.0,11.1,3
3/15/2006,1011.1,31.7,25.3,28.6,73,82,66,N,5,N,13,0.0,9.6,5
3/16/2006,1009.7,32.2,27.0,28.9,73,82,64,N,6,N,13,0.0,9.1,5
3/17/2006,1010.4,31.5,24.3,28.5,76,87,67,N,5,N,13,0.0,6.3,7
3/18/2006,1008.8,32.3,24.4,28.3,77,92,61,NNE,8,NNE,21,0.0,10.4,4
3/19/2006,1010.0,31.7,24.6,28.7,75,87,67,NNW,6,N,12,0.2,11.0,4
3/20/2006,1010.6,31.4,26.0,28.6,78,87,69,NNW,6,NNW,13,0.6,7.7,6
3/21/2006,1009.9,32.1,27.6,29.2,77,85,69,NW,8,WNW,15,0.05,8.4,6
3/22/2006,1009.1,32.3,27.4,29.4,75,80,68,NW,9,NW,15,0.0,9.8,6
3/23/2006,1008.3,32.1,27.2,29.3,76,82,66,WNW,7,WNW,15,0.0,9.8,3
3/24/2006,1008.5,31.7,27.2,29.3,77,85,68,W,6,W,11,0.0,10.9,1
3/25/2006,1010.6,32.0,27.9,29.5,78,84,70,W,6,W,14,0.0,10.0,2
3/26/2006,1011.2,32.0,23.6,29.6,77,86,70,W,9,WNW,26,9.7,10.2,4
3/27/2006,1009.6,31.4,27.2,28.9,78,89,71,NW,9,WNW,16,0.0,5.9,6
3/28/2006,1009.1,31.8,27.0,29.3,75,80,68,NW,6,NW,13,0.0,10.7,2
3/29/2006,1010.2,32.2,27.2,29.3,73,82,65,WNW,5,W,11,0.0,10.9,2
3/30/2006,1011.3,31.9,27.4,29.4,75,83,68,W,5,WNW,11,0.0,10.7,3
3/31/2006,1011.2,32.2,27.4,29.4,75,80,68,WNW,6,W,11,0.0,10.0,4
4/1/2006,1010.3,32.3,27.0,29.5,76,83,67,NW,5,NW,10,0.0,10.7,2
4/2/2006,1010.3,32.6,27.4,29.6,75,83,64,WNW,5,W,11,0.0,10.7,1
4/3/2006,1010.0,32.2,27.6,29.7,78,85,70,WNW,7,W,14,0.0,10.0,2
4/4/2006,1009.7,32.2,25.7,29.7,74,82,66,NNW,7,NW,13,0.0,10.1,2
4/5/2006,1009.5,32.9,27.4,29.6,74,86,65,WNW,3,W,8,0.0,9.6,2
4/6/2006,1010.3,32.4,27.6,29.7,74,82,68,WNW,5,W,13,0.0,9.8,2
4/7/2006,1009.9,32.2,27.6,29.8,75,80,67,WNW,7,WNW,13,0.0,10.6,2
4/8/2006,1008.8,33.2,27.8,29.7,74,79,67,W,7,W,13,0.0,10.7,1
4/9/2006,1008.7,33.0,28.0,29.9,74,81,65,W,7,WSW,13,0.05,10.3,1
4/10/2006,1009.4,32.8,28.0,30.0,74,80,61,W,8,WNW,13,0.05,8.9,3
4/11/2006,1008.8,32.7,28.0,30.2,73,79,64,W,7,W,13,0.0,10.2,2
4/12/2006,1007.4,33.2,27.4,30.1,73,80,65,NW,6,NNW,13,0.0,11.2,2
4/13/2006,1007.3,33.0,24.8,29.7,73,90,65,WNW,3,NW,9,0.0,11.1,1
4/14/2006,1008.6,33.4,24.9,29.3,75,94,63,VRB,2,SE,8,0.0,11.0,2
4/15/2006,1009.2,34.4,25.2,29.6,74,88,61,VRB,2,S,8,0.0,10.1,3
4/16/2006,1008.4,33.4,25.4,29.9,73,87,62,WSW,5,W,9,0.0,10.9,4
4/17/2006,1009.8,32.4,27.4,29.1,75,86,67,SW,7,SW,17,0.0,4.2,6
4/18/2006,1009.8,33.2,24.8,29.6,77,95,66,WNW,4,S,12,4.1,9.8,5
4/19/2006,1010.2,32.7,25.2,29.5,77,97,65,VRB,2,SE,13,0.0,10.7,4
4/20/2006,1010.7,33.2,25.3,29.8,75,92,66,NW,4,NNW,11,0.0,9.3,5
4/21/2006,1010.3,32.3,28.2,29.5,78,92,70,NNW,4,NNW,11,0.0,5.5,6
4/22/2006,1010.1,33.0,27.2,30.2,72,81,65,WNW,8,WNW,22,0.05,9.0,6
4/23/2006,1009.5,32.8,28.2,30.3,71,75,65,NNW,9,NW,17,0.0,10.7,2
4/24/2006,1009.5,32.8,28.4,30.4,70,78,62,WNW,9,WNW,16,0.0,10.1,2
4/25/2006,1009.4,32.6,28.6,30.3,73,79,66,WNW,11,WNW,20,0.05,9.7,3
4/26/2006,1009.6,32.9,28.2,30.3,74,82,66,WNW,9,WNW,15,0.0,10.0,4
4/27/2006,1009.3,33.0,28.4,30.3,72,79,64,WNW,6,WNW,13,0.0,9.8,3
4/28/2006,1008.9,33.6,28.4,30.4,73,81,66,WNW,7,WNW,13,0.0,10.3,2
4/29/2006,1009.1,32.3,28.2,30.2,71,78,66,NW,7,NW,14,0.0,10.3,5
4/30/2006,1009.8,32.6,28.3,30.1,71,79,65,WNW,6,WNW,13,0.0,11.0,3
5/1/2006,1010.0,32.3,28.1,30.0,74,81,66,WNW,8,WNW,14,0.0,9.8,2
5/2/2006,1009.3,32.8,28.5,30.1,73,80,66,WNW,9,WNW,17,0.0,10.4,3
5/3/2006,1009.3,32.7,28.8,30.3,73,78,66,WNW,10,WNW,18,0.0,10.2,3
5/4/2006,1009.7,33.0,28.5,30.4,73,82,64,WNW,9,WNW,17,0.0,10.6,2
5/5/2006,1010.2,32.9,28.1,30.0,77,83,65,W,7,W,16,0.05,9.9,3
5/6/2006,1009.7,33.0,27.9,29.9,77,83,65,W,7,NW,16,0.05,7.4,6
5/7/2006,1008.2,32.2,24.1,29.0,82,100,73,WSW,5,NE,15,25.4,4.7,5
5/8/2006,1008.5,33.0,24.9,29.4,79,92,66,WSW,6,W,14,12.5,8.9,5
5/9/2006,1009.4,30.2,25.0,27.9,85,100,78,W,7,WSW,23,37.8,4.7,6
5/10/2006,1008.5,32.5,28.0,30.0,78,85,70,W,6,W,13,0.0,10.9,4
5/11/2006,1009.2,32.6,28.2,30.0,78,85,70,WSW,6,WSW,13,0.0,10.4,5
5/12/2006,1010.2,32.8,28.2,30.2,77,85,70,WSW,5,WSW,11,0.0,10.6,4
5/13/2006,1009.9,32.8,28.4,30.2,80,85,71,W,7,WSW,13,0.4,7.5,6
5/14/2006,1009.9,32.2,27.4,29.7,80,88,72,W,8,W,24,0.05,6.2,6
5/15/2006,1009.4,32.8,28.2,29.9,77,85,64,WNW,7,WNW,22,0.0,8.4,6
5/16/2006,1009.6,32.8,28.9,30.4,74,79,68,WNW,7,NW,13,0.0,10.0,7
5/17/2006,1009.7,32.1,27.7,29.9,77,82,70,W,7,W,20,0.05,3.6,7
5/18/2006,1009.8,32.2,25.2,28.4,82,92,71,W,8,WNW,28,12.2,2.5,7
5/19/2006,1009.9,32.0,26.4,29.1,80,87,72,W,7,W,14,0.0,3.0,7
5/20/2006,1010.5,31.8,26.2,29.0,79,85,71,W,7,W,21,0.5,3.8,6
5/21/2006,1010.3,31.2,24.3,28.5,82,90,73,W,5,SW,18,14.4,5.7,7
5/22/2006,1009.7,32.5,25.5,29.1,78,92,70,WSW,7,WSW,22,6.5,8.2,7
5/23/2006,1009.7,30.0,23.6,27.6,84,100,78,W,13,W,31,29.6,3.8,7
5/24/2006,1008.4,32.0,24.6,29.4,80,96,71,W,10,WSW,35,4.3,10.3,7
5/25/2006,1008.6,31.2,26.0,28.8,81,89,74,WSW,10,W,32,2.6,1.1,7
5/26/2006,1009.6,31.2,22.8,27.4,86,98,75,SW,6,W,31,45.2,2.3,7
5/27/2006,1010.2,31.2,23.9,28.4,85,99,76,SW,9,NNW,30,15.3,2.2,7
5/28/2006,1009.2,30.2,23.5,27.4,88,100,81,WSW,9,W,38,29.7,0.0,8
5/29/2006,1007.1,30.6,24.3,29.0,82,89,77,SW,11,SW,26,9.4,1.4,7
5/30/2006,1007.0,30.3,23.8,27.7,85,95,78,SW,13,WSW,41,7.9,0.9,7
5/31/2006,1008.8,29.7,23.1,28.0,85,95,79,SSW,10,S,28,33.5,0.0,8
6/1/2006,1009.9,30.6,25.4,28.4,84,92,74,SSW,6,S,15,0.0,2.8,6
6/2/2006,1009.9,31.6,26.4,29.0,82,93,72,SSW,5,S,11,0.05,10.4,4
6/3/2006,1009.7,31.8,26.4,29.3,80,87,72,WSW,6,W,22,1.2,10.8,5
6/4/2006,1009.6,31.6,26.9,29.5,79,86,73,WSW,6,WSW,13,0.05,8.3,6
6/5/2006,1010.3,31.6,27.2,29.2,79,85,73,W,7,W,18,0.6,3.9,7
6/6/2006,1009.9,31.8,24.7,29.1,80,98,71,W,7,NW,21,10.8,6.4,7
6/7/2006,1010.4,31.7,27.5,29.6,79,85,75,W,6,W,13,0.0,10.5,6
6/8/2006,1010.0,31.8,27.4,29.6,77,85,71,W,6,WNW,19,0.05,10.3,3
6/9/2006,1009.8,32.0,26.0,29.3,76,86,71,W,5,W,10,0.05,9.0,6
6/10/2006,1010.3,31.9,27.4,29.4,75,82,67,W,5,W,11,0.0,9.9,5
6/11/2006,1010.1,31.8,25.4,29.3,75,88,68,W,5,W,9,0.0,10.0,5
6/12/2006,1009.4,31.7,27.6,29.5,74,83,66,W,5,W,12,0.0,10.9,2
6/13/2006,1009.1,31.6,27.5,29.5,74,80,67,WNW,7,W,14,0.0,9.7,5
6/14/2006,1009.7,32.2,27.6,29.6,74,80,67,WNW,8,WNW,15,0.0,10.4,6
6/15/2006,1009.7,32.0,26.2,29.7,75,80,64,WNW,8,WNW,23,0.4,10.3,5
6/16/2006,1010.3,32.0,24.0,27.4,85,98,70,WNW,11,W,41,26.5,5.7,7
6/17/2006,1009.6,29.0,24.6,27.8,81,92,73,WNW,11,NW,28,0.8,0.2,7
6/18/2006,1007.9,30.0,22.8,27.3,87,100,78,W,6,WNW,34,14.5,0.0,7
6/19/2006,1007.1,30.8,23.4,27.9,84,100,75,WNW,9,WNW,28,42.7,1.3,7
6/20/2006,1007.5,29.0,23.0,26.2,89,100,83,W,15,W,43,57.8,0.0,8
6/21/2006,1006.3,30.0,23.8,27.9,80,92,75,W,17,W,44,6.9,0.8,8
6/22/2006,1005.8,29.0,22.6,27.7,84,89,79,W,17,W,45,38.3,0.3,8
6/23/2006,1006.3,30.0,24.4,27.3,88,98,77,WSW,13,WNW,43,19.1,0.8,8
6/24/2006,1007.5,31.0,25.4,28.7,84,90,79,W,9,WNW,30,0.7,4.5,7
6/25/2006,1008.2,31.3,27.0,29.2,83,89,79,W,10,W,19,0.05,9.8,6
6/26/2006,1008.8,31.8,27.8,29.4,82,89,75,W,10,W,16,0.3,10.2,5
6/27/2006,1008.7,32.0,27.6,29.6,77,83,69,W,12,W,19,0.0,10.4,6
6/28/2006,1009.2,31.4,22.0,28.9,81,97,75,W,11,W,38,36.6,8.0,6
6/29/2006,1010.0,30.8,25.0,28.2,85,100,80,W,11,WSW,40,0.0,0.2,7
6/30/2006,1010.3,31.2,26.4,28.7,84,89,78,W,9,W,19,0.5,2.6,7
7/1/2006,1010.5,31.4,27.2,29.3,83,91,76,W,9,W,15,0.0,10.4,5
7/2/2006,1009.4,31.2,25.4,29.0,82,92,76,W,12,W,28,4.1,2.7,7
7/3/2006,1009.1,30.8,25.0,27.8,86,98,77,W,12,W,33,17.7,5.2,7
7/4/2006,1009.2,29.0,25.0,27.6,86,93,83,WSW,13,WSW,34,4.6,0.0,7
7/5/2006,1010.5,30.3,24.4,27.7,86,97,79,W,9,W,31,8.7,2.4,7
7/6/2006,1011.5,30.8,25.8,28.7,84,90,78,W,11,WNW,27,2.6,7.5,7
7/7/2006,1011.0,30.7,27.2,29.1,79,86,74,W,12,W,20,0.05,10.6,2
7/8/2006,1010.4,30.9,26.6,28.9,80,89,74,W,11,WNW,19,0.0,9.9,6
7/9/2006,1010.7,31.2,24.6,28.6,82,100,73,W,11,W,37,5.1,9.5,6
7/10/2006,1011.5,30.9,26.0,28.4,81,86,73,W,11,W,31,0.5,7.6,7
7/11/2006,1011.3,30.2,25.2,28.2,83,90,77,W,11,W,30,4.4,3.3,7
7/12/2006,1010.5,30.0,24.0,27.6,84,95,76,W,12,WNW,32,14.6,0.1,8
7/13/2006,1010.4,29.4,24.4,27.2,86,93,76,W,12,W,32,5.4,0.9,7
7/14/2006,1010.4,31.0,25.3,28.6,81,92,74,W,11,W,19,1.2,7.2,7
7/15/2006,1010.5,31.0,25.3,28.9,82,89,77,W,13,W,30,4.9,9.2,7
7/16/2006,1009.6,31.0,27.1,29.0,81,86,76,W,13,W,21,0.05,8.0,7
7/17/2006,1008.7,31.0,27.0,28.9,79,83,73,W,11,W,21,0.0,9.4,6
7/18/2006,1008.8,31.2,25.9,29.1,79,86,74,W,9,W,18,0.0,10.1,5
7/19/2006,1009.6,31.0,27.0,29.2,78,83,72,W,10,W,17,0.0,10.4,3
7/20/2006,1010.2,31.8,27.4,29.2,80,85,73,W,9,W,15,0.0,9.9,5
7/21/2006,1009.6,31.3,27.2,29.1,80,86,72,WNW,8,W,15,0.0,9.2,7
7/22/2006,1010.4,31.7,27.4,29.2,81,87,74,WNW,7,WNW,13,0.0,10.2,4
7/23/2006,1011.2,31.9,26.8,29.2,80,87,72,W,6,W,15,2.2,10.6,3
7/24/2006,1011.1,31.2,27.4,29.0,77,86,72,NW,6,NW,15,0.0,8.9,6
7/25/2006,1010.6,31.4,27.0,29.1,77,82,69,NW,7,NW,15,0.0,10.7,5
7/26/2006,1012.1,31.4,27.3,29.1,76,81,69,W,7,W,13,0.0,9.0,7
7/27/2006,1011.7,30.9,27.3,28.9,77,85,65,WSW,7,WSW,17,0.0,8.1,7
7/28/2006,1009.7,31.2,26.4,28.7,80,84,74,SW,7,SW,13,0.05,3.9,7
7/29/2006,1009.6,31.2,26.2,28.9,81,88,73,WSW,7,WSW,20,1.4,4.6,7
7/30/2006,1010.6,31.6,25.4,28.8,80,90,70,WSW,5,S,11,0.0,8.1,7
7/31/2006,1010.6,31.8,25.2,29.0,76,86,67,WSW,5,SSW,10,0.0,11.0,4
8/1/2006,1010.1,32.0,27.0,28.9,77,87,68,WSW,5,SW,9,0.0,9.3,6
8/2/2006,1009.8,31.7,26.8,29.1,78,85,67,W,6,W,12,0.05,5.6,7
8/3/2006,1008.7,31.9,26.4,29.4,78,85,70,WSW,6,W,13,0.0,7.1,7
8/4/2006,1008.6,32.1,26.0,29.2,80,89,72,SSW,6,SSW,12,0.0,9.7,7
8/5/2006,1009.9,32.3,26.8,29.1,79,90,67,S,5,S,11,0.0,9.8,7
8/6/2006,1011.3,32.4,27.2,29.2,78,86,67,S,5,S,11,0.0,10.1,5
8/7/2006,1011.3,32.1,27.5,29.4,75,83,67,SSE,5,S,10,0.0,10.6,2
8/8/2006,1011.6,32.2,26.5,29.2,77,87,67,SSW,6,S,15,0.05,10.7,3
8/9/2006,1011.4,32.3,27.3,29.5,77,88,67,SSW,7,S,13,0.05,9.9,6
8/10/2006,1010.4,31.6,26.9,29.4,79,87,71,SW,9,SW,18,0.05,3.0,7
8/11/2006,1009.7,32.9,22.6,29.2,80,100,68,SSW,10,W,29,27.9,9.0,7
8/12/2006,1009.5,31.2,23.6,28.2,80,88,69,SW,9,WSW,32,6.6,9.2,7
8/13/2006,1010.0,29.8,25.0,27.1,83,96,73,W,7,SW,24,1.4,0.0,7
8/14/2006,1009.4,29.2,22.6,27.2,84,98,76,SW,9,W,39,6.9,0.9,7
8/15/2006,1009.3,30.9,23.9,27.2,86,96,70,W,11,W,36,33.6,5.1,7
8/16/2006,1008.3,30.8,23.9,28.5,81,97,74,W,11,W,34,30.6,6.4,7
8/17/2006,1008.2,30.2,24.4,28.1,82,98,73,WSW,11,WNW,30,1.7,0.8,7
8/18/2006,1009.4,29.8,23.6,27.1,83,93,71,W,10,W,28,14.6,4.5,7
8/19/2006,1010.8,30.5,25.4,27.6,80,95,64,W,9,NW,26,0.05,6.4,7
8/20/2006,1010.5,30.9,26.6,28.8,78,84,70,NW,7,NW,17,0.0,10.1,6
8/21/2006,1010.2,30.8,26.0,28.2,83,87,75,NNW,7,NNW,17,0.0,5.1,7
8/22/2006,1010.0,30.4,25.6,28.4,82,92,75,N,7,WNW,23,2.0,5.7,7
8/23/2006,1010.7,29.9,24.1,27.6,82,100,71,NNW,10,W,33,52.9,2.2,8
8/24/2006,1011.1,30.2,24.7,27.9,80,90,74,NNW,10,W,23,0.0,8.0,7
8/25/2006,1012.1,30.4,23.6,27.9,79,93,69,NNW,3,NNW,7,0.0,9.7,3
8/26/2006,1012.0,30.4,24.7,28.0,77,95,70,NW,4,NW,8,0.0,10.7,4
8/27/2006,1011.2,31.1,27.2,28.7,75,83,69,WNW,5,WNW,12,0.0,10.8,6
8/28/2006,1010.5,31.0,27.3,28.9,76,82,70,WNW,9,WNW,16,0.0,10.2,3
8/29/2006,1011.0,31.2,27.4,29.0,77,85,70,WNW,8,W,14,0.0,10.4,7
8/30/2006,1010.7,31.1,27.6,29.1,76,82,69,NW,9,NW,17,0.0,11.2,3
8/31/2006,1009.9,31.0,25.8,28.6,79,89,73,WNW,9,WNW,27,13.6,8.8,4
9/1/2006,1010.1,29.7,23.8,27.5,83,98,70,NW,9,W,26,6.7,5.0,6
9/2/2006,1010.4,31.2,26.8,28.9,79,86,73,NW,8,NW,18,0.8,8.2,6
9/3/2006,1009.8,31.3,26.4,28.8,80,89,77,NW,10,NW,22,1.4,10.2,6
9/4/2006,1009.1,30.0,23.6,27.5,85,95,79,WNW,10,NW,23,14.9,0.2,7
9/5/2006,1008.4,29.6,23.4,27.0,87,100,79,WNW,13,WNW,28,34.3,1.3,7
9/6/2006,1007.4,29.8,23.6,27.2,85,95,74,WNW,10,NW,31,20.2,0.4,8
9/7/2006,1008.0,29.8,23.9,27.0,86,96,73,W,9,W,20,7.9,1.2,7
9/8/2006,1008.8,28.5,23.4,25.5,91,98,84,WNW,10,W,31,70.5,0.0,8
9/9/2006,1009.3,29.0,23.2,26.3,87,96,78,W,17,WSW,41,25.7,0.1,8
9/10/2006,1009.4,30.2,23.6,27.7,82,90,74,W,16,W,30,9.6,5.8,7
9/11/2006,1009.6,30.2,24.4,27.5,85,95,78,W,11,W,31,10.9,5.0,7
9/12/2006,1010.6,30.2,24.8,28.3,83,89,78,W,11,W,28,5.4,8.3,7
9/13/2006,1011.8,30.1,25.9,28.3,82,92,77,W,9,WSW,23,0.0,8.0,6
9/14/2006,1011.1,30.9,26.5,28.6,80,85,74,WSW,8,WSW,13,0.0,10.6,4
9/15/2006,1010.6,30.6,24.8,27.9,80,93,71,SW,7,W,21,1.8,8.4,7
9/16/2006,1011.2,31.7,26.5,28.6,79,86,70,S,10,S,17,0.05,8.4,6
9/17/2006,1011.1,30.6,26.6,28.5,79,87,68,S,8,S,15,0.05,9.6,7
9/18/2006,1010.5,30.5,24.8,27.4,85,95,73,S,6,W,18,1.3,2.6,7
9/19/2006,1009.8,30.4,23.4,28.2,83,98,77,S,6,N,17,31.9,7.5,7
9/20/2006,1010.5,29.6,25.4,27.6,85,98,79,S,6,SSE,17,0.6,0.5,7
9/21/2006,1010.8,31.3,23.6,28.0,84,99,76,S,7,SW,23,3.3,6.3,7
9/22/2006,1010.4,30.4,25.4,28.0,83,92,75,S,4,S,9,0.0,7.2,7
9/23/2006,1010.6,31.0,25.6,28.2,83,90,73,S,5,SSW,11,0.0,9.6,7
9/24/2006,1012.0,30.2,23.8,26.9,87,100,74,WSW,8,WSW,23,42.7,3.1,7
9/25/2006,1012.6,30.6,23.4,27.4,84,98,73,WSW,7,WSW,25,6.7,6.9,7
9/26/2006,1011.8,31.0,27.0,28.7,80,86,73,NW,7,WNW,15,0.0,6.8,7
9/27/2006,1010.7,30.8,25.4,28.3,80,92,74,WNW,10,WNW,33,4.4,8.2,7
9/28/2006,1010.8,31.2,25.6,28.6,79,90,74,WNW,8,WNW,23,2.3,9.8,6
9/29/2006,1011.4,30.6,26.9,28.4,78,84,74,WNW,8,WNW,17,0.0,9.1,4
9/30/2006,1011.7,30.6,26.8,28.5,76,80,71,WNW,8,WNW,15,0.0,10.4,2
10/1/2006,1011.8,31.2,26.9,28.6,76,82,71,WNW,8,WNW,13,0.0,10.9,3
10/2/2006,1010.5,31.0,26.8,28.7,77,84,70,WNW,8,W,14,0.0,11.0,2
10/3/2006,1010.6,31.4,25.9,28.8,77,91,70,W,6,W,12,0.0,10.9,3
10/4/2006,1012.0,31.3,26.8,29.1,78,85,70,WSW,8,WSW,15,0.1,9.8,5
10/5/2006,1012.1,31.0,26.6,28.9,76,83,69,W,8,W,13,0.0,10.8,5
10/6/2006,1012.2,31.4,26.8,28.7,75,81,69,W,8,WSW,15,0.0,11.2,5
10/7/2006,1012.0,31.2,26.6,28.7,74,81,67,WSW,8,WSW,14,0.0,9.3,6
10/8/2006,1012.7,31.3,26.6,28.8,73,80,65,W,7,W,13,0.0,10.4,5
10/9/2006,1012.8,31.2,26.8,28.8,73,81,65,W,7,W,13,0.0,11.2,2
10/10/2006,1013.0,31.8,25.4,29.2,73,80,66,WSW,7,WSW,18,0.05,11.0,5
10/11/2006,1013.7,32.0,27.2,29.2,73,83,62,W,6,W,12,0.0,11.1,2
10/12/2006,1012.5,31.3,25.4,29.0,77,84,69,WNW,7,W,14,0.3,10.6,2
10/13/2006,1011.9,29.8,23.3,26.9,88,100,75,W,5,S,19,69.8,1.0,7
10/14/2006,1011.9,27.9,24.0,26.0,91,96,84,SSW,6,SSW,21,10.7,0.0,7
10/15/2006,1010.8,31.2,25.0,28.8,79,86,72,E,4,SE,8,0.0,10.1,5
10/16/2006,1010.8,30.9,25.6,28.6,77,88,70,E,4,E,8,0.0,10.7,3
10/17/2006,1011.3,31.3,24.4,28.3,80,92,68,ENE,3,W,9,1.7,7.6,3
10/18/2006,1011.1,31.5,24.5,28.8,77,90,67,E,3,ENE,7,0.0,11.3,4
10/19/2006,1010.7,30.6,24.8,28.1,80,90,73,E,5,NE,31,1.2,6.3,6
10/20/2006,1011.3,30.4,25.6,27.5,85,93,78,SE,6,SE,15,0.05,4.7,7
10/21/2006,1011.9,29.0,23.4,26.6,87,96,80,E,3,ESE,15,1.0,1.5,7
10/22/2006,1011.3,30.6,24.0,27.5,81,95,75,ENE,6,ESE,23,3.6,6.8,5
10/23/2006,1011.3,29.2,23.8,26.4,89,98,81,E,6,E,23,6.0,0.3,7
10/24/2006,1011.2,29.0,23.4,26.6,87,96,78,N,4,E,15,44.2,0.0,7
10/25/2006,1011.3,29.0,23.0,26.4,90,98,79,SE,5,SE,22,32.6,0.9,7
10/26/2006,1011.3,30.4,24.2,26.4,88,98,74,E,3,E,13,0.2,1.2,7
10/27/2006,1010.6,29.2,24.2,27.0,87,96,79,SSW,4,SE,11,1.4,0.0,7
10/28/2006,1009.4,30.2,24.4,26.8,88,97,77,SSW,5,SSE,20,22.1,3.6,7
10/29/2006,1009.8,30.4,26.2,28.0,83,98,75,SW,10,S,20,0.05,2.9,7
10/30/2006,1010.0,32.0,25.0,28.9,80,93,68,SW,6,SW,20,4.1,8.1,7
10/31/2006,1010.5,31.0,25.6,27.8,84,93,75,SW,8,SW,20,0.05,4.3,7
11/1/2006,1009.4,31.0,24.3,27.9,83,93,74,W,3,SW,14,1.4,7.1,6
11/2/2006,1008.9,31.2,25.6,28.3,81,96,68,S,5,SSW,16,0.0,11.2,3
11/3/2006,1009.7,31.7,23.2,27.2,86,98,71,SW,3,W,15,19.2,5.3,7
11/4/2006,1010.0,28.2,23.0,26.4,88,98,80,E,5,E,24,22.9,0.7,7
11/5/2006,1010.4,31.5,26.6,28.5,81,89,75,SE,7,ESE,21,5.4,4.8,6
11/6/2006,1011.0,30.7,23.8,26.9,88,98,78,ESE,4,E,23,19.8,2.5,7
11/7/2006,1010.8,30.9,23.0,27.8,83,100,71,NNW,5,NNE,16,18.0,9.9,4
11/8/2006,1011.6,29.2,22.2,26.5,88,98,82,NW,8,N,29,12.1,1.2,7
11/9/2006,1011.3,31.4,24.2,27.8,82,98,69,N,4,NNE,13,0.0,5.5,6
11/10/2006,1011.3,31.2,23.5,28.5,80,98,70,E,4,E,14,30.8,10.7,6
11/11/2006,1011.8,29.7,26.0,27.0,84,95,78,E,6,E,19,0.05,1.7,7
11/12/2006,1010.8,31.4,24.1,27.3,86,96,74,E,5,SSE,15,4.8,2.5,7
11/13/2006,1009.8,31.8,25.2,28.4,80,98,67,ENE,4,E,15,0.0,9.4,6
11/14/2006,1009.3,30.8,25.6,28.6,80,97,70,ENE,6,ENE,13,0.0,10.3,6
11/15/2006,1009.9,29.2,24.0,26.9,85,98,80,E,6,ENE,18,0.05,0.0,7
11/16/2006,1008.9,30.0,24.0,27.5,85,93,79,ENE,7,E,20,6.6,2.1,7
11/17/2006,1007.9,30.8,24.4,27.9,84,93,74,E,10,ENE,27,2.0,6.6,7
11/18/2006,1008.7,30.2,24.4,27.9,84,92,78,SSW,7,S,17,1.0,2.5,7
11/19/2006,1009.3,30.8,26.2,28.4,83,98,74,SSE,5,SSE,11,0.0,8.0,5
11/20/2006,1009.8,31.0,25.2,28.5,82,87,78,SSE,8,S,19,7.9,4.5,7
11/21/2006,1009.5,28.8,24.2,26.7,86,92,80,SSE,7,SW,15,0.6,0.0,7
11/22/2006,1009.5,29.8,24.1,27.5,83,95,73,SSE,4,SW,13,0.05,5.1,7
11/23/2006,1009.9,30.3,24.3,27.7,84,95,77,WNW,3,NW,12,0.6,6.9,7
11/24/2006,1010.0,31.1,23.8,26.5,89,98,73,W,5,W,26,5.8,6.0,6
11/25/2006,1009.6,31.7,24.4,28.6,77,93,65,E,3,E,6,0.0,9.6,7
11/26/2006,1009.0,31.2,24.0,28.4,81,98,73,WNW,4,ENE,18,15.4,7.2,7
11/27/2006,1009.6,29.2,25.3,27.0,87,96,79,N,5,ENE,15,8.8,0.8,7
11/28/2006,1010.0,30.0,24.7,27.2,87,95,78,E,8,ESE,19,7.0,1.5,7
11/29/2006,1010.6,31.2,23.8,28.4,82,96,73,NE,6,NE,14,0.0,7.6,6
11/30/2006,1011.2,31.2,27.2,28.3,80,93,72,E,5,E,16,0.0,3.6,7
12/1/2006,1010.7,31.4,23.4,28.6,76,81,71,NE,9,ENE,18,0.0,6.3,6
12/2/2006,1010.7,30.7,23.0,27.3,79,95,65,NE,4,NE,13,0.0,6.5,6
12/3/2006,1011.3,31.0,25.2,26.7,76,93,65,ENE,5,NE,11,0.0,9.1,7
12/4/2006,1011.8,31.3,23.4,28.5,74,87,66,N,6,NE,18,8.0,7.6,6
12/5/2006,1011.9,29.0,26.2,27.3,75,81,68,ENE,10,ENE,25,0.05,0.0,8
12/6/2006,1010.8,31.1,26.4,28.1,76,89,69,ENE,9,E,20,0.5,2.5,7
12/7/2006,1010.3,30.9,27.4,28.6,76,80,71,E,9,E,23,0.0,3.6,7
12/8/2006,1010.7,30.8,24.8,28.8,73,84,65,E,9,E,19,0.0,9.3,6
12/9/2006,1011.9,30.8,22.3,28.3,75,88,67,ENE,7,ENE,16,0.0,9.8,3
12/10/2006,1011.8,30.6,22.0,26.9,76,96,64,NNE,4,NE,9,0.0,8.1,6
12/11/2006,1011.3,30.6,25.4,27.1,78,93,63,NE,4,NNW,9,0.0,7.8,5
12/12/2006,1010.8,31.0,24.4,28.0,83,96,73,ENE,6,ENE,23,21.1,7.0,5
12/13/2006,1011.2,30.2,23.0,26.9,87,100,76,NNE,5,NNE,23,7.4,1.9,7
12/14/2006,1010.9,31.0,22.8,28.1,80,90,73,ENE,5,ENE,11,0.0,10.7,3
12/15/2006,1010.9,30.3,25.4,28.0,77,88,70,NE,6,NE,13,0.0,8.8,6
12/16/2006,1010.5,31.0,25.2,28.5,75,89,65,NE,6,NE,13,0.0,10.2,5
12/17/2006,1009.9,31.1,23.2,28.4,72,80,67,NE,9,ENE,23,8.1,5.2,7
12/18/2006,1010.4,29.1,25.0,26.4,89,95,83,SE,9,E,24,1.1,0.5,7
12/19/2006,1011.1,30.7,24.4,28.1,82,97,77,NNW,3,N,10,0.0,8.3,7
12/20/2006,1011.0,29.8,25.2,27.6,84,93,76,N,4,E,10,0.05,0.0,8
12/21/2006,1009.1,30.8,26.2,28.1,83,92,75,NNE,6,NE,15,0.05,3.8,7
12/22/2006,1008.7,30.0,26.4,28.1,82,92,75,E,6,ENE,19,0.4,2.0,7
12/23/2006,1009.1,30.1,25.3,27.8,84,93,78,NNE,5,E,12,0.0,1.9,7
12/24/2006,1009.9,30.7,24.0,27.6,85,98,73,VRB,2,E,13,11.4,0.6,7
12/25/2006,1010.0,30.7,26.0,27.8,85,98,75,NE,6,NNE,15,0.0,4.0,7
12/26/2006,1010.3,31.1,23.5,28.2,81,90,71,E,4,E,12,0.0,4.7,7
12/27/2006,1010.5,30.7,25.6,27.5,84,98,76,N,3,E,10,1.6,4.7,7
12/28/2006,1011.4,30.2,26.6,28.1,83,93,75,E,6,E,14,0.0,7.1,7
12/29/2006,1012.7,31.1,26.4,28.4,79,86,72,E,5,E,12,0.0,9.5,4
12/30/2006,1013.2,30.9,26.1,28.4,77,83,70,E,6,ESE,13,0.0,9.8,4
12/31/2006,1013.2,30.3,22.2,27.5,74,84,63,NNE,5,ENE,14,0.0,10.5,3
1/1/2007,1013.3,30.1,24.9,27.2,73,88,63,ENE,5,NE,10,0.0,10.3,3
1/2/2007,1013.8,30.8,24.0,27.6,71,80,60,NNE,5,E,12,0.0,8.8,5
1/3/2007,1013.3,30.9,23.7,27.5,70,87,57,NNE,6,NE,13,0.05,8.7,5
1/4/2007,1013.0,30.3,23.7,27.4,70,80,59,ENE,5,E,12,0.0,10.1,2
1/5/2007,1012.0,30.8,25.4,27.7,68,83,55,NE,7,ENE,14,0.0,10.0,2
1/6/2007,1011.9,30.7,23.8,28.1,68,77,58,ENE,9,E,18,0.0,10.3,1
1/7/2007,1011.1,30.5,23.8,27.9,69,83,60,ENE,8,NE,16,0.0,10.8,1
1/8/2007,1010.7,30.8,22.0,27.9,71,81,64,NE,7,NE,15,0.0,10.3,1
1/9/2007,1011.5,30.6,24.8,27.9,78,91,66,N,5,N,12,0.05,7.7,4
1/10/2007,1011.9,30.8,23.8,28.1,81,92,74,ENE,5,NE,13,0.05,4.4,6
1/11/2007,1011.3,31.5,24.6,28.1,83,98,71,NE,5,NE,13,1.9,9.9,4
1/12/2007,1010.9,31.1,25.2,27.8,82,92,72,NE,6,ENE,18,0.05,4.4,6
1/13/2007,1011.5,30.9,25.4,28.4,81,88,71,E,6,E,13,0.05,10.7,3
1/14/2007,1011.4,31.1,23.0,27.8,80,95,70,ENE,5,NE,13,0.0,10.5,4
1/15/2007,1011.2,30.7,24.2,27.5,80,96,67,N,5,N,13,0.0,9.3,3
1/16/2007,1011.5,31.5,22.8,28.1,82,93,72,NE,7,NNE,14,0.0,10.1,5
1/17/2007,1012.7,30.1,23.2,26.7,83,96,69,NNE,4,NE,8,0.0,7.7,6
1/18/2007,1012.6,31.3,22.8,27.7,77,91,64,N,5,N,13,0.0,10.4,3
1/19/2007,1012.7,30.4,25.1,27.5,76,96,67,NE,6,ENE,15,0.0,10.4,6
1/20/2007,1012.0,31.3,23.9,27.8,75,88,63,NNE,5,NNE,13,0.0,8.6,5
1/21/2007,1012.7,31.2,23.4,27.8,75,87,64,ENE,5,NE,12,0.0,9.2,3
1/22/2007,1013.3,31.1,21.4,27.6,74,88,64,NE,7,NE,14,0.0,10.2,2
1/23/2007,1013.8,30.6,21.9,26.9,74,91,60,N,5,NE,12,0.0,10.3,2
1/24/2007,1013.1,31.0,25.4,27.6,69,86,62,ENE,7,ENE,19,0.0,10.6,2
1/25/2007,1012.5,31.2,22.4,27.8,69,88,59,NNE,6,E,18,0.0,10.1,2
1/26/2007,1012.3,31.1,22.6,27.1,77,93,64,NNE,4,NNE,8,0.0,10.2,2
1/27/2007,1012.2,31.1,24.0,27.6,79,95,65,NNE,5,NE,13,0.0,10.1,3
1/28/2007,1011.5,30.9,26.4,28.4,82,90,74,E,9,E,23,0.05,9.6,3
1/29/2007,1010.8,30.2,27.2,28.5,82,87,78,E,12,E,23,0.05,8.0,5
1/30/2007,1012.1,30.8,26.6,28.5,79,86,69,E,11,ENE,26,0.0,10.4,2
1/31/2007,1013.1,31.3,23.1,28.6,76,85,65,ENE,10,ENE,22,0.0,10.7,1
2/1/2007,1012.8,31.5,26.0,27.9,77,98,68,E,5,E,13,0.0,9.7,4
2/2/2007,1013.1,30.8,25.9,28.3,67,77,60,E,9,E,19,0.0,11.2,2
2/3/2007,1013.9,31.5,24.8,28.4,73,85,65,E,6,NE,13,0.0,10.4,3
2/4/2007,1012.6,31.5,22.0,28.3,72,84,59,NE,7,NE,13,0.0,10.9,3
2/5/2007,1012.0,30.8,22.4,27.0,76,95,65,NNE,4,N,12,0.0,10.3,2
2/6/2007,1012.0,31.2,24.2,27.4,74,91,57,NE,5,NE,11,0.0,10.9,1
2/7/2007,1011.9,31.7,22.6,27.4,76,92,62,NNE,4,NNE,11,0.0,8.8,2
2/8/2007,1011.9,30.9,23.6,27.8,73,84,61,E,5,ENE,11,0.0,10.2,3
2/9/2007,1011.2,30.8,23.0,27.9,72,84,64,ENE,7,ENE,15,0.0,10.8,3
2/10/2007,1010.8,30.9,24.4,27.6,75,90,66,NE,5,NE,11,0.0,9.8,2
2/11/2007,1011.9,31.1,25.4,28.4,76,85,67,E,6,E,13,0.0,10.7,2
2/12/2007,1012.1,30.7,24.0,28.0,78,96,67,ENE,5,ENE,13,0.0,10.8,2
2/13/2007,1011.3,31.2,24.0,27.5,79,90,69,NNE,5,NNE,12,0.0,10.9,2
2/14/2007,1012.4,31.9,21.6,27.4,78,90,67,NNE,4,N,9,0.0,9.3,2
2/15/2007,1013.0,31.1,22.8,27.5,73,95,63,NNW,4,N,11,0.0,10.9,1
2/16/2007,1011.8,30.9,20.4,26.9,69,91,57,N,4,N,10,0.0,11.6,2
2/17/2007,1011.6,30.7,23.6,26.6,71,93,59,WNW,4,NNE,9,0.0,11.3,2
2/18/2007,1010.5,31.0,25.9,27.7,70,84,60,NE,6,NE,14,0.0,9.4,5
2/19/2007,1011.1,30.8,26.1,28.2,70,83,60,SE,5,SE,13,0.05,10.1,4
2/20/2007,1010.9,31.0,27.1,28.4,76,85,69,E,8,ENE,20,0.05,0.3,4
2/21/2007,1011.1,31.5,22.2,28.3,76,93,65,ENE,7,E,21,0.05,10.5,3
2/22/2007,1008.7,31.4,26.3,28.2,69,96,59,ENE,7,ENE,14,0.0,10.7,3
2/23/2007,1008.6,31.2,24.5,28.5,67,75,59,E,7,ENE,16,0.0,11.1,3
2/24/2007,1009.9,31.7,26.4,28.2,71,81,59,NE,7,NE,15,0.0,9.8,4
2/25/2007,1009.7,31.8,25.4,28.5,76,86,68,NE,7,NE,14,0.0,1.6,7
2/26/2007,1009.2,31.9,23.4,28.2,78,95,68,NE,6,NE,13,0.0,10.3,2
2/27/2007,1009.1,31.7,23.2,28.2,80,95,69,NE,5,NE,13,0.0,6.7,3
2/28/2007,1009.7,32.3,27.0,28.9,77,96,66,ENE,6,ENE,15,0.0,10.6,2
3/1/2007,1010.8,31.9,27.2,28.9,80,86,72,NNW,5,ENE,12,0.05,9.5,3
3/2/2007,1011.3,31.3,24.8,28.9,75,86,67,NNW,8,NNW,15,0.0,10.8,2
3/3/2007,1010.1,31.5,22.4,27.8,67,84,55,NNW,5,NNW,11,0.0,9.9,3
3/4/2007,1010.3,32.1,24.4,28.2,73,85,60,E,3,NE,13,0.05,6.2,5
3/5/2007,1011.4,32.2,24.6,28.8,72,90,63,NE,6,NE,14,0.0,10.6,2
3/6/2007,1010.2,31.8,23.0,28.4,72,91,61,ENE,5,NE,12,0.0,9.9,3
3/7/2007,1009.1,31.8,23.0,28.2,72,93,61,ENE,4,ENE,10,0.0,10.4,2
3/8/2007,1009.0,32.1,26.4,28.7,73,90,61,NE,6,ENE,13,0.0,10.1,4
3/9/2007,1009.7,32.2,25.4,29.0,69,78,59,ENE,6,ENE,13,0.0,10.7,2
3/10/2007,1010.9,31.9,23.3,28.9,71,82,62,E,5,E,13,0.0,10.7,1
3/11/2007,1010.7,31.8,23.4,28.1,75,90,62,ENE,3,ENE,11,0.0,9.4,1
3/12/2007,1011.3,32.5,25.8,28.8,75,93,61,N,4,N,10,0.05,9.8,2
3/13/2007,1010.6,32.4,25.4,28.6,79,89,66,ENE,6,NE,16,1.4,7.5,4
3/14/2007,1009.9,32.2,24.6,28.8,77,98,66,ENE,5,E,22,6.4,8.6,4
3/15/2007,1009.7,32.3,24.4,28.9,78,89,65,ENE,5,N,13,0.0,10.4,2
3/16/2007,1009.9,32.4,24.8,28.8,78,95,66,NNE,4,ENE,10,0.0,10.8,2
3/17/2007,1010.1,33.0,24.4,29.3,77,95,64,NNW,4,E,14,9.8,9.5,3
3/18/2007,1009.3,32.6,26.0,28.9,80,98,67,NNE,3,NE,9,0.05,10.0,5
3/19/2007,1010.3,33.0,24.8,29.5,72,90,59,ENE,5,ENE,12,0.0,10.9,2
3/20/2007,1011.8,32.2,25.7,29.1,75,86,65,NNE,4,NE,10,0.0,10.9,1
3/21/2007,1012.1,32.2,27.4,29.4,78,89,69,W,5,W,10,0.0,10.6,2
3/22/2007,1011.9,32.3,25.0,29.5,77,92,70,NNW,6,NNW,14,0.0,10.5,2
3/23/2007,1012.3,32.6,27.3,29.4,78,93,66,W,4,W,9,0.0,10.6,2
3/24/2007,1012.5,32.1,26.8,29.5,75,83,67,WNW,5,WNW,12,0.0,10.1,2
3/25/2007,1010.3,32.2,27.9,29.6,75,85,67,WNW,6,WNW,13,0.0,10.2,2
3/26/2007,1010.0,32.1,27.6,29.6,75,80,67,WNW,7,WNW,16,0.0,9.1,2
3/27/2007,1010.6,32.2,27.4,29.6,75,81,66,NW,6,NW,13,0.0,10.4,2
3/28/2007,1011.1,32.2,26.7,29.6,74,83,67,NW,5,NW,9,0.0,10.5,1
3/29/2007,1010.2,32.2,26.4,29.6,74,84,65,WNW,4,W,10,0.0,10.1,1
3/30/2007,1009.8,32.5,25.4,29.5,77,92,65,WNW,4,W,9,0.0,10.4,2
3/31/2007,1010.7,32.7,24.6,28.7,83,97,66,NNW,3,NNE,13,6.3,7.5,5
4/1/2007,1011.1,32.5,24.8,28.8,81,97,72,ENE,3,ENE,10,0.0,7.2,3
4/2/2007,1009.8,32.5,26.6,29.6,77,95,67,W,4,NW,7,0.0,10.8,2
4/3/2007,1008.8,32.7,28.1,30.0,75,82,67,WNW,5,NW,13,0.0,10.6,2
4/4/2007,1008.0,32.5,28.5,30.3,76,85,63,WNW,6,NW,13,0.0,10.2,1
4/5/2007,1008.8,32.7,24.5,30.1,79,98,71,NNW,7,E,22,20.6,10.1,4
4/6/2007,1010.6,31.3,23.4,27.0,89,97,80,W,4,N,16,22.4,2.0,7
4/7/2007,1009.9,31.8,23.9,29.2,80,97,72,NW,4,NW,11,34.1,9.1,5
4/8/2007,1009.9,31.2,24.0,28.1,80,100,71,ENE,6,ENE,27,0.0,4.1,6
4/9/2007,1010.0,31.9,27.0,29.0,78,95,66,WNW,3,N,8,0.0,11.1,2
4/10/2007,1010.4,31.2,25.0,28.3,85,98,78,W,5,NNE,15,13.9,0.0,6
4/11/2007,1009.4,32.2,28.3,29.9,77,86,72,WNW,7,W,17,0.05,9.6,3
4/12/2007,1008.4,32.0,28.0,30.0,75,83,66,WNW,6,WNW,13,0.0,10.9,2
4/13/2007,1008.7,32.4,28.2,30.1,74,82,67,NW,5,NW,11,0.0,10.6,2
4/14/2007,1008.6,32.3,28.3,30.2,75,83,68,NW,5,WNW,11,0.0,10.4,2
4/15/2007,1009.2,32.3,26.2,30.1,78,88,69,WNW,7,N,18,0.0,9.9,3
4/16/2007,1009.1,32.4,23.4,28.9,82,100,67,NW,4,N,21,8.3,10.4,4
4/17/2007,1009.3,32.4,28.2,30.0,78,98,69,WNW,4,W,10,0.0,10.3,2
4/18/2007,1009.8,32.5,25.4,30.0,77,91,67,NNW,4,NW,10,0.0,10.9,2
4/19/2007,1009.9,32.4,24.5,29.3,77,92,66,NW,3,NW,7,0.0,11.1,1
4/20/2007,1010.5,32.5,24.6,29.2,77,93,65,NE,3,NE,10,0.0,11.1,1
4/21/2007,1010.7,32.5,28.0,29.7,73,90,65,NW,4,NW,11,0.0,11.3,2
4/22/2007,1010.9,32.3,27.4,30.0,75,83,66,NNW,5,NNW,15,0.0,9.1,5
4/23/2007,1009.6,32.7,26.1,30.4,76,82,70,NNW,6,NW,12,0.0,10.3,5
4/24/2007,1008.2,32.7,25.4,29.7,80,95,67,W,3,WSW,8,0.0,7.2,5
4/25/2007,1007.4,33.1,26.6,30.2,79,97,67,W,3,W,9,0.0,10.5,3
4/26/2007,1008.9,33.8,25.2,29.8,79,91,67,WNW,4,NNW,14,1.8,7.6,6
4/27/2007,1009.8,32.9,26.0,29.5,82,98,70,WNW,3,WNW,9,0.0,8.5,4
4/28/2007,1008.9,33.6,25.4,29.8,80,95,69,W,3,NW,8,0.0,9.7,5
4/29/2007,1008.9,33.3,26.0,30.3,77,89,68,SSW,3,S,8,0.0,10.4,5
4/30/2007,1009.5,33.2,27.0,30.1,79,97,68,SW,4,S,10,0.0,7.6,6
5/1/2007,1010.2,33.2,28.6,30.5,76,90,65,W,4,SW,12,0.0,9.2,2
5/2/2007,1008.9,33.2,25.4,30.8,77,98,68,W,8,W,25,24.9,10.8,3
5/3/2007,1007.9,32.5,27.4,30.3,80,91,71,W,10,W,21,1.4,6.1,7
5/4/2007,1007.6,31.0,24.0,27.8,88,98,75,W,9,SW,31,40.4,0.0,8
5/5/2007,1007.9,32.6,27.8,29.4,83,88,73,W,6,W,20,0.05,1.8,7
5/6/2007,1007.5,32.2,27.5,30.2,80,87,72,WSW,5,SW,15,4.1,7.9,6
5/7/2007,1007.9,32.4,26.2,29.7,81,89,75,WSW,5,WNW,21,16.2,7.0,6
5/8/2007,1008.8,32.3,26.0,30.1,80,85,74,WSW,7,SW,18,6.2,10.0,6
5/9/2007,1010.4,30.1,25.6,27.9,87,92,83,W,7,W,25,9.5,0.0,7
5/10/2007,1010.0,31.7,26.0,29.6,81,85,74,W,7,W,21,3.2,2.2,6
5/11/2007,1009.3,31.9,27.3,29.4,82,95,75,W,9,WNW,17,0.05,5.5,7
5/12/2007,1010.0,32.5,28.1,30.3,75,80,71,WNW,8,WNW,15,0.0,9.5,5
5/13/2007,1009.5,32.5,28.2,30.2,74,79,67,WNW,6,WNW,12,0.0,11.1,2
5/14/2007,1009.5,32.6,28.4,30.1,74,79,68,WNW,7,WNW,13,0.0,10.4,2
5/15/2007,1009.0,32.2,28.2,30.2,72,78,67,NW,7,NW,13,0.0,11.0,4
5/16/2007,1009.6,32.2,26.2,30.2,77,85,70,W,6,W,14,1.4,10.1,6
5/17/2007,1009.0,31.8,25.7,29.3,82,98,72,WSW,5,SW,16,4.9,8.2,6
5/18/2007,1008.9,32.3,27.2,29.4,83,98,73,WSW,6,WSW,24,0.05,9.4,7
5/19/2007,1009.9,31.2,25.2,28.6,83,94,78,W,9,WSW,25,2.4,2.5,7
5/20/2007,1009.4,32.4,27.2,30.1,79,89,72,W,7,W,18,3.3,10.5,4
5/21/2007,1008.6,32.4,27.5,29.9,80,88,68,W,5,W,15,0.05,9.3,3
5/22/2007,1008.2,32.4,27.2,30.4,78,85,71,NW,5,NW,13,0.0,10.6,3
5/23/2007,1008.9,32.7,25.4,30.6,78,86,70,NNW,5,W,12,1.2,10.4,5
5/24/2007,1008.9,32.6,27.4,29.8,81,92,73,NW,4,NW,15,0.0,10.1,7
5/25/2007,1008.8,33.1,27.3,30.2,79,89,72,W,4,NNW,13,0.0,9.9,5
5/26/2007,1009.9,32.5,25.7,29.5,81,89,71,SW,7,WSW,22,3.9,7.7,6
5/27/2007,1011.1,29.9,24.2,27.2,88,100,78,SW,14,SW,40,49.7,4.5,7
5/28/2007,1010.7,32.2,24.0,27.7,85,100,70,WSW,6,S,21,35.3,2.5,8
5/29/2007,1010.0,31.9,23.6,29.1,80,95,74,SW,9,SW,30,16.4,8.2,7
5/30/2007,1009.5,31.7,24.9,28.3,83,95,72,W,9,WNW,27,10.1,3.4,7
5/31/2007,1009.1,31.5,25.2,28.4,86,95,75,SW,5,WNW,19,13.1,6.0,6
6/1/2007,1008.4,31.3,25.5,28.1,86,98,74,WSW,3,NW,15,9.3,6.5,5
6/2/2007,1008.4,31.9,26.8,29.4,79,89,72,W,6,W,25,0.9,10.8,2
6/3/2007,1008.0,32.2,27.3,29.4,82,91,73,WSW,5,WSW,21,0.05,10.1,4
6/4/2007,1008.2,32.7,25.9,30.1,80,89,71,WSW,5,WSW,13,2.3,10.2,4
6/5/2007,1008.0,32.6,26.4,29.9,82,96,72,W,3,WSW,13,0.05,11.0,3
6/6/2007,1008.5,31.9,24.0,28.5,86,98,77,W,5,N,23,13.9,4.0,7
6/7/2007,1008.3,31.0,24.2,28.9,81,95,74,WNW,10,WSW,24,26.7,6.8,7
6/8/2007,1008.4,30.9,24.6,28.0,81,92,68,W,8,W,25,8.2,3.4,7
6/9/2007,1008.8,31.8,26.0,28.2,85,98,74,W,7,W,23,4.5,3.7,7
6/10/2007,1008.0,31.7,27.0,28.9,82,88,75,W,9,W,26,1.2,3.4,7
6/11/2007,1006.9,31.8,26.4,29.5,79,89,69,W,12,W,31,3.0,4.7,7
6/12/2007,1006.1,31.8,24.0,29.2,81,96,73,W,15,NW,41,8.2,8.7,7
6/13/2007,1006.0,31.4,27.1,29.4,77,83,72,W,15,W,36,0.2,4.9,7
6/14/2007,1005.8,30.6,27.3,29.4,80,86,78,W,12,W,32,0.05,0.0,8
6/15/2007,1005.6,30.2,22.2,27.6,87,97,79,W,12,W,44,46.2,0.0,8
6/16/2007,1005.8,30.2,23.8,27.7,89,97,78,WSW,7,W,41,34.8,0.0,8
6/17/2007,1006.5,30.3,24.2,27.7,84,100,74,WSW,12,WSW,41,8.9,1.8,7
6/18/2007,1006.9,32.1,23.0,28.6,82,95,70,WSW,6,WNW,35,11.4,1.8,8
6/19/2007,1006.6,31.0,23.4,28.6,85,94,78,W,5,WSW,40,6.3,6.2,7
6/20/2007,1006.0,31.3,23.2,27.3,89,100,77,WSW,9,W,42,63.1,2.3,7
6/21/2007,1005.1,28.8,23.0,26.2,91,100,80,W,17,W,46,74.5,0.0,8
6/22/2007,1004.0,29.8,25.2,28.2,85,90,80,WSW,12,W,35,5.2,0.3,8
6/23/2007,1007.0,29.4,24.6,27.3,90,97,83,W,9,W,35,18.9,0.0,8
6/24/2007,1009.6,31.5,25.4,28.6,87,98,79,SSW,5,S,12,0.05,3.6,7
6/25/2007,1010.1,31.0,25.6,28.3,83,98,71,NW,5,WNW,17,0.8,5.4,5
6/26/2007,1009.3,31.4,28.0,29.2,80,90,74,WNW,5,WNW,13,0.0,10.5,5
6/27/2007,1009.4,31.4,27.4,29.3,79,85,72,WNW,7,WNW,13,0.0,5.3,7
6/28/2007,1009.3,31.4,27.6,29.4,81,86,76,WSW,8,WSW,13,0.0,10.1,6
6/29/2007,1008.4,31.7,26.9,29.3,82,89,76,SSW,9,WSW,21,4.3,1.8,7
6/30/2007,1008.1,31.7,27.7,29.3,85,91,77,SW,8,SW,16,0.4,6.7,7
7/1/2007,1007.8,32.1,26.9,29.4,83,91,74,SSW,10,SSW,22,0.05,9.5,6
7/2/2007,1008.4,31.7,25.6,29.7,79,86,73,WSW,8,WSW,23,5.2,9.5,6
7/3/2007,1010.2,31.1,26.0,28.2,85,96,76,WSW,10,SW,30,0.5,3.2,7
7/4/2007,1010.5,31.7,25.3,29.6,82,89,75,W,8,W,23,0.7,5.7,7
7/5/2007,1010.4,31.2,27.3,27.5,83,97,74,W,12,NW,34,0.0,3.1,6
7/6/2007,1010.7,31.2,24.4,28.8,80,94,72,W,13,SW,30,0.05,6.5,7
7/7/2007,1010.6,31.3,27.6,29.2,80,86,73,W,12,WSW,23,0.9,8.2,7
7/8/2007,1010.5,31.5,26.0,29.3,80,89,73,WSW,9,WSW,19,1.2,10.6,4
7/9/2007,1009.4,31.7,26.7,29.5,80,86,72,WSW,8,WSW,14,2.3,10.9,3
7/10/2007,1009.0,31.5,25.3,29.5,79,85,72,W,9,W,15,6.2,9.3,5
7/11/2007,1009.3,31.8,25.5,29.1,83,91,75,W,9,W,27,3.1,8.8,6
7/12/2007,1009.8,31.3,24.2,29.4,79,86,73,W,11,WNW,31,5.2,9.6,7
7/13/2007,1009.2,31.5,25.1,28.9,82,89,74,W,11,WNW,28,1.9,7.4,6
7/14/2007,1008.1,31.4,27.9,29.5,81,86,73,W,12,W,22,0.0,8.5,7
7/15/2007,1008.4,31.2,27.5,29.4,79,88,74,W,14,W,36,1.2,8.2,7
7/16/2007,1008.5,30.8,26.6,29.4,79,86,74,W,14,WSW,32,0.9,5.0,7
7/17/2007,1009.0,30.0,23.7,28.6,83,90,78,W,13,W,30,29.2,3.0,8
7/18/2007,1008.6,30.9,24.5,28.8,81,91,75,W,13,W,34,6.0,1.3,7
7/19/2007,1009.6,30.0,23.6,26.0,91,98,78,W,14,WSW,32,66.6,0.0,8
7/20/2007,1009.4,29.0,22.7,27.6,81,89,76,W,14,W,28,12.4,0.0,7
7/21/2007,1008.8,30.2,22.4,26.8,88,100,75,WNW,11,W,42,20.7,1.9,7
7/22/2007,1007.9,30.2,22.6,27.2,87,96,77,W,10,W,36,22.7,0.0,8
7/23/2007,1007.8,29.2,23.0,25.8,92,100,83,W,9,W,31,95.4,0.0,8
7/24/2007,1008.3,28.9,23.0,27.0,84,97,79,W,13,W,33,22.5,1.9,7
7/25/2007,1008.4,30.2,23.2,26.8,87,100,72,W,10,WNW,37,12.7,5.0,7
7/26/2007,1009.3,29.8,25.4,27.4,84,89,75,WNW,10,W,28,0.1,1.1,7
7/27/2007,1009.2,30.8,24.3,28.2,83,92,73,W,6,W,22,6.6,5.6,4
7/28/2007,1009.5,30.8,26.8,28.7,80,89,74,W,8,W,17,0.05,10.0,3
7/29/2007,1009.9,31.2,26.9,28.7,80,85,74,W,7,WNW,14,0.0,7.5,7
7/30/2007,1009.7,31.0,26.3,28.6,80,85,73,W,5,W,12,0.0,9.5,6
7/31/2007,1009.6,30.4,26.5,28.5,78,83,74,WSW,7,SSW,13,0.0,10.6,5
8/1/2007,1009.8,30.9,26.6,28.3,79,84,74,SW,8,SSW,13,0.0,4.0,7
8/2/2007,1010.5,31.1,25.6,28.4,82,91,72,SW,6,SSW,15,1.4,4.9,7
8/3/2007,1011.0,30.5,26.7,28.5,84,92,78,S,6,S,12,0.0,4.6,7
8/4/2007,1009.7,31.9,26.4,28.9,83,91,76,S,8,S,14,0.0,8.8,5
8/5/2007,1009.3,31.9,26.4,29.1,82,91,75,S,8,SSW,16,0.0,9.7,6
8/6/2007,1009.7,31.4,26.7,29.0,80,89,72,WSW,8,WSW,15,0.0,7.2,7
8/7/2007,1009.6,31.7,26.6,29.2,82,89,75,WSW,8,WSW,16,0.5,8.8,7
8/8/2007,1009.3,31.6,25.4,29.3,80,88,73,WSW,9,SW,16,1.8,11.0,2
8/9/2007,1008.8,31.6,24.6,28.7,82,91,70,WSW,10,WSW,32,15.4,9.9,5
8/10/2007,1009.5,30.6,24.2,27.8,86,91,77,W,9,W,31,6.9,0.3,7
8/11/2007,1010.2,30.3,26.5,28.6,82,88,75,W,7,W,24,0.05,0.0,8
8/12/2007,1011.0,31.0,26.8,28.7,80,87,72,WNW,9,WNW,23,0.05,7.6,7
8/13/2007,1011.1,31.2,27.0,28.8,79,86,73,WNW,5,WNW,11,0.05,8.8,7
8/14/2007,1010.9,31.2,25.0,28.7,78,94,69,WNW,4,WNW,7,0.0,10.9,4
8/15/2007,1010.4,31.0,26.5,28.6,77,91,70,WNW,5,WNW,10,0.0,10.4,6
8/16/2007,1009.5,31.2,25.5,28.9,75,84,68,W,6,WNW,20,0.0,10.9,6
8/17/2007,1010.3,31.2,23.6,28.3,80,97,72,W,7,WNW,19,16.1,7.9,5
8/18/2007,1010.9,30.8,25.5,28.2,81,98,74,WNW,8,W,16,0.05,7.2,7
8/19/2007,1011.0,31.0,27.2,29.0,78,86,70,W,8,WNW,13,0.0,10.9,7
8/20/2007,1011.1,31.5,24.1,29.1,80,90,71,W,7,W,19,3.7,8.7,7
8/21/2007,1010.8,30.5,22.8,26.7,88,97,81,WNW,10,W,43,13.9,0.0,7
8/22/2007,1009.9,30.8,26.9,28.3,82,88,75,W,8,W,19,0.0,3.8,7
8/23/2007,1009.3,31.0,25.1,28.3,83,90,74,W,7,WNW,26,2.4,5.4,7
8/24/2007,1009.4,30.5,24.4,28.1,84,100,77,WNW,8,NW,23,4.2,4.8,7
8/25/2007,1009.6,30.2,22.9,26.8,89,100,79,WNW,8,WNW,23,28.3,1.4,8
8/26/2007,1008.9,31.2,22.8,27.2,89,100,76,WNW,6,WNW,23,15.4,5.4,7
8/27/2007,1008.9,30.9,26.6,28.7,83,90,76,NW,5,NW,10,0.0,7.9,7
8/28/2007,1009.1,31.1,25.7,28.6,81,90,74,WNW,7,NW,19,0.0,10.8,4
8/29/2007,1009.3,30.8,25.6,28.2,83,91,75,WNW,5,WNW,20,0.3,5.6,7
8/30/2007,1009.7,30.0,23.0,26.4,89,96,82,W,7,W,31,12.5,0.9,8
8/31/2007,1009.7,29.8,27.0,28.1,85,90,79,W,6,W,20,0.4,0.0,8
9/1/2007,1009.1,31.2,22.6,28.4,85,100,76,W,5,NW,27,34.6,5.2,7
9/2/2007,1009.2,30.3,23.0,26.2,89,98,77,SSW,6,W,31,21.8,2.5,8
9/3/2007,1008.9,30.8,22.9,28.4,86,99,78,SE,5,SE,10,25.0,10.1,7
9/4/2007,1009.7,29.8,24.1,25.8,90,100,81,W,9,W,36,35.4,0.2,8
9/5/2007,1009.4,30.2,24.4,27.8,79,93,69,W,9,W,26,0.05,1.1,7
9/6/2007,1009.5,30.4,23.9,27.5,88,95,78,WSW,4,SW,19,8.7,1.2,7
9/7/2007,1008.9,31.2,23.4,27.3,88,100,75,WSW,7,WNW,36,23.3,6.0,7
9/8/2007,1009.3,28.9,24.6,26.6,88,96,81,WNW,13,NW,32,5.3,0.2,8
9/9/2007,1009.2,29.2,25.9,27.4,84,90,79,NW,10,NW,29,0.05,0.6,8
9/10/2007,1008.7,30.1,25.9,28.2,81,87,74,NW,9,NNW,23,1.4,7.9,6
9/11/2007,1008.3,31.1,26.5,28.4,82,90,75,WNW,7,WNW,13,0.0,10.2,7
9/12/2007,1008.2,29.8,24.4,27.6,84,98,72,W,10,WSW,30,18.6,6.0,6
9/13/2007,1009.3,30.2,26.6,28.2,82,90,77,W,11,W,24,0.3,4.1,6
9/14/2007,1010.2,30.3,26.5,28.6,82,86,78,WNW,10,W,18,0.05,7.6,7
9/15/2007,1009.4,30.9,27.5,28.7,83,88,77,WNW,10,W,18,0.0,6.2,7
9/16/2007,1008.5,30.7,27.4,28.9,83,88,77,W,11,W,19,0.05,8.6,7
9/17/2007,1009.5,30.6,27.0,28.6,83,88,77,W,9,WSW,19,0.05,4.4,7
9/18/2007,1009.4,31.2,26.2,28.9,81,86,74,WSW,11,WSW,21,0.05,7.0,7
9/19/2007,1009.3,31.0,26.2,28.6,82,89,75,W,11,W,22,1.4,8.1,7
9/20/2007,1010.1,30.9,26.0,28.9,82,87,76,W,10,W,22,0.7,7.4,7
9/21/2007,1009.7,30.9,24.1,28.9,81,90,75,W,11,WSW,30,8.9,8.8,6
9/22/2007,1009.2,30.8,23.4,27.6,87,98,73,WSW,9,W,34,40.2,8.2,7
9/23/2007,1008.2,30.9,23.4,28.0,85,94,78,WSW,8,SW,35,23.9,3.9,7
9/24/2007,1007.9,31.1,27.3,28.9,84,94,76,WSW,9,WSW,18,0.0,9.3,5
9/25/2007,1009.5,31.6,26.9,29.2,81,87,73,WSW,10,WSW,19,0.05,10.8,3
9/26/2007,1010.1,31.2,26.5,29.1,80,85,73,W,8,W,14,0.0,10.9,3
9/27/2007,1010.9,31.2,25.2,28.9,81,92,73,WNW,7,WNW,25,4.1,10.0,3
9/28/2007,1011.3,30.8,27.1,28.8,76,84,70,WNW,11,WNW,19,0.0,10.7,5
9/29/2007,1012.4,31.0,27.2,28.8,78,85,72,WNW,8,W,14,0.0,8.8,7
9/30/2007,1012.5,31.1,26.5,28.7,78,84,71,WNW,6,NW,13,0.0,10.2,6
10/1/2007,1011.1,31.2,26.4,28.7,81,87,73,WSW,6,W,18,2.1,8.6,6
10/2/2007,1009.9,30.9,26.9,28.8,78,89,72,W,7,WSW,15,0.05,9.6,6
10/3/2007,1009.6,31.3,27.2,28.9,78,82,72,WNW,7,W,15,0.05,8.3,7
10/4/2007,1009.7,31.2,24.0,27.7,82,97,69,W,9,W,26,13.3,7.8,7
10/5/2007,1009.4,29.8,24.9,27.7,83,90,77,W,8,SW,21,2.4,2.1,7
10/6/2007,1009.3,31.2,25.2,28.3,80,90,66,WSW,7,WSW,17,0.7,7.8,6
10/7/2007,1010.1,29.9,23.6,27.0,86,96,78,WSW,11,WSW,37,30.9,2.4,7
10/8/2007,1010.0,30.9,26.5,28.4,81,90,75,W,7,W,15,0.0,7.8,7
10/9/2007,1009.1,30.8,26.2,28.5,79,85,71,WNW,5,NNW,12,0.0,10.1,5
10/10/2007,1008.9,30.8,24.6,28.3,77,92,70,W,4,W,9,0.0,11.4,2
10/11/2007,1010.3,31.4,25.4,28.3,77,90,70,WSW,3,WSW,8,0.0,10.9,4
10/12/2007,1011.9,31.3,26.0,28.5,77,87,69,W,5,SW,16,0.0,11.1,6
10/13/2007,1011.7,31.1,26.9,28.5,77,89,70,WNW,5,NNW,13,0.0,10.1,4
10/14/2007,1011.1,31.2,27.3,29.0,76,83,69,W,6,W,12,0.0,8.9,7
10/15/2007,1011.2,31.3,26.0,28.8,79,90,70,W,6,NW,13,0.05,4.7,7
10/16/2007,1010.9,30.9,24.6,27.8,85,96,78,WNW,6,W,23,2.4,3.5,7
10/17/2007,1010.7,30.9,27.3,28.8,79,87,73,W,5,WSW,12,0.0,2.8,7
10/18/2007,1011.1,30.8,24.6,28.4,80,90,73,WNW,4,W,12,0.05,1.5,7
10/19/2007,1012.4,31.3,23.9,28.3,80,92,73,S,7,SSW,23,1.2,3.3,7
10/20/2007,1012.3,30.9,26.6,28.0,80,92,71,W,6,SSW,16,0.05,2.0,7
10/21/2007,1011.3,31.3,24.9,28.7,79,87,73,W,7,W,25,3.0,9.6,5
10/22/2007,1010.6,30.8,24.0,27.9,83,98,75,W,11,W,25,13.5,5.8,7
10/23/2007,1009.0,30.2,23.5,28.0,82,95,71,WNW,13,W,28,22.4,6.9,7
10/24/2007,1008.1,30.8,24.1,27.9,83,98,73,NW,6,WSW,19,26.5,4.9,7
10/25/2007,1007.3,31.0,23.0,28.6,82,92,72,W,9,W,31,23.7,9.2,7
10/26/2007,1007.5,29.3,24.9,27.3,86,92,79,WSW,11,WSW,27,8.5,0.0,8
10/27/2007,1007.9,30.7,24.9,27.9,81,87,74,SW,10,WSW,30,2.7,2.9,7
10/28/2007,1007.0,31.3,24.0,28.7,81,89,69,WSW,12,WSW,37,7.8,6.9,7
10/29/2007,1006.3,30.2,24.4,28.1,81,92,75,SW,13,WSW,39,8.1,0.8,7
10/30/2007,1007.3,30.7,24.0,28.0,83,92,77,SW,12,SW,34,10.0,7.0,6
10/31/2007,1009.0,31.1,24.4,28.0,84,94,76,WSW,7,WSW,29,8.4,8.8,5
11/1/2007,1009.8,30.9,26.6,28.5,82,90,76,WNW,7,W,26,0.0,8.1,6
11/2/2007,1008.8,30.8,26.5,28.5,80,85,76,WNW,9,W,17,0.05,9.8,4
11/3/2007,1008.4,30.2,25.6,28.2,78,83,71,W,7,W,14,0.0,9.9,6
11/4/2007,1010.0,30.5,22.8,27.3,79,96,69,W,4,SW,11,0.0,4.9,5
11/5/2007,1010.8,30.9,24.2,27.1,80,96,66,VRB,2,W,7,0.0,8.3,3
11/6/2007,1011.2,30.9,26.7,28.1,76,86,69,W,5,W,13,0.0,5.6,6
11/7/2007,1010.5,31.0,25.0,28.3,77,93,69,WNW,7,WSW,17,1.1,10.5,4
11/8/2007,1010.1,30.0,25.8,28.1,81,89,74,W,9,W,16,0.05,8.6,5
11/9/2007,1009.9,30.0,25.0,27.7,84,88,77,WNW,6,NW,14,0.3,4.1,6
11/10/2007,1009.8,30.9,24.4,27.8,86,90,75,WNW,4,WNW,12,1.8,6.2,5
11/11/2007,1009.8,31.0,24.6,27.5,83,93,71,N,4,N,11,0.0,10.6,4
11/12/2007,1009.8,31.2,23.4,27.3,85,97,73,ENE,3,ENE,9,0.0,7.5,3
11/13/2007,1009.2,31.7,22.9,27.8,82,97,69,VRB,2,NE,28,12.0,10.9,3
11/14/2007,1008.3,30.8,23.7,27.2,82,98,66,N,4,NE,19,0.0,8.6,3
11/15/2007,1010.2,31.4,23.6,27.3,81,93,66,ENE,3,ENE,7,0.0,10.5,2
11/16/2007,1011.3,31.0,24.0,27.4,75,85,64,NNW,4,NNW,9,0.0,11.1,2
11/17/2007,1010.1,30.9,22.0,26.9,72,93,53,NNE,4,NNW,10,0.0,11.0,4
11/18/2007,1010.5,30.9,22.2,26.6,75,89,63,NNE,4,NNW,10,0.0,10.1,2
11/19/2007,1012.1,31.2,24.0,27.5,73,88,60,NE,5,NE,12,0.0,10.6,5
11/20/2007,1011.9,31.1,24.4,28.1,77,90,68,N,5,NNW,12,0.05,8.9,5
11/21/2007,1010.8,29.9,25.4,27.4,84,94,76,E,6,E,21,1.0,2.0,7
11/22/2007,1010.9,31.0,23.4,27.6,85,97,76,E,9,ENE,34,34.8,3.9,7
11/23/2007,1010.8,30.6,24.9,27.8,84,100,75,SE,6,E,23,6.4,8.1,4
11/24/2007,1011.0,30.9,24.5,27.7,81,94,68,S,3,S,11,0.0,10.6,2
11/25/2007,1011.6,31.0,23.4,27.8,81,93,69,NW,3,WNW,10,0.0,11.0,2
11/26/2007,1012.1,31.1,26.8,28.1,80,96,71,E,4,E,10,0.0,8.3,4
11/27/2007,1012.0,31.1,24.2,28.0,74,89,64,ENE,4,ENE,11,0.0,9.5,3
11/28/2007,1011.3,31.0,25.2,27.9,75,88,67,N,5,NNW,10,0.0,10.3,3
11/29/2007,1011.3,30.9,24.3,27.9,75,91,62,N,5,N,16,0.05,10.9,3
11/30/2007,1011.6,31.3,24.8,28.4,78,95,67,E,6,E,20,4.1,10.1,3
12/1/2007,1011.6,29.9,24.7,27.7,79,93,70,E,7,E,22,0.5,3.6,6
12/2/2007,1011.0,30.9,27.0,28.6,76,82,69,ENE,10,ENE,20,0.05,9.5,5
12/3/2007,1010.5,31.0,23.2,27.5,84,99,71,NE,8,ENE,23,40.5,6.7,6
12/4/2007,1010.0,30.3,26.0,28.0,80,97,72,NE,6,NE,14,1.2,5.1,7
12/5/2007,1010.5,31.0,23.6,28.0,78,92,69,ENE,5,ENE,13,0.0,8.0,6
12/6/2007,1010.4,30.9,26.0,28.1,79,93,71,E,8,ENE,18,0.0,9.9,5
12/7/2007,1010.5,30.7,24.0,28.0,79,86,70,NE,6,NE,14,0.0,7.6,6
12/8/2007,1009.9,29.9,24.1,26.9,85,94,76,NE,3,ENE,15,0.05,1.1,6
12/9/2007,1010.2,30.9,23.6,27.3,84,96,71,ENE,3,ENE,9,0.0,6.6,5
12/10/2007,1009.8,30.9,23.4,27.1,85,98,74,NE,3,NE,12,0.0,7.4,6
12/11/2007,1009.7,31.0,23.4,26.9,87,100,72,NNE,3,NE,10,0.0,8.0,7
12/12/2007,1008.9,30.9,25.6,27.5,85,98,72,N,4,N,14,2.0,3.4,7
12/13/2007,1008.1,30.5,23.4,27.2,82,93,71,NNW,3,NNW,9,0.0,1.6,7
12/14/2007,1007.3,30.7,26.3,28.2,80,95,70,N,6,N,16,0.0,8.6,7
12/15/2007,1007.2,30.4,26.0,28.2,81,85,72,N,6,NE,18,0.05,4.9,7
12/16/2007,1008.2,31.2,23.4,28.1,80,87,74,NE,5,ENE,11,0.0,5.2,6
12/17/2007,1008.8,31.1,24.2,27.5,81,91,69,NNE,4,NNE,12,0.0,8.6,6
12/18/2007,1008.5,30.5,24.6,27.9,82,96,75,NW,5,NW,16,1.2,3.6,7
12/19/2007,1007.7,29.9,24.3,27.3,86,97,77,WNW,6,WNW,15,0.0,1.3,7
12/20/2007,1009.3,31.2,23.7,28.0,81,95,72,SE,7,SE,22,13.4,5.8,7
12/21/2007,1012.0,28.8,22.1,25.0,94,100,87,S,5,SSE,23,101.6,0.0,8
12/22/2007,1012.6,26.9,22.5,25.1,90,100,80,E,5,ENE,18,3.4,0.0,8
12/23/2007,1011.4,29.1,20.2,25.7,85,100,70,NNE,5,N,24,8.1,0.0,7
12/24/2007,1010.6,30.3,23.4,27.1,84,100,73,W,3,W,9,0.0,8.8,5
12/25/2007,1010.7,30.8,24.1,27.2,81,97,69,ENE,3,ENE,11,0.0,8.5,5
12/26/2007,1011.7,30.5,23.6,27.4,73,88,64,ENE,5,ENE,12,0.0,10.9,2
12/27/2007,1012.7,29.9,22.4,26.4,76,91,66,ENE,5,NE,11,0.0,11.2,1
12/28/2007,1011.3,30.0,23.2,26.7,81,94,70,N,4,N,11,0.0,10.6,2
12/29/2007,1010.3,30.4,23.9,26.9,83,95,70,N,4,NNW,8,0.0,10.2,2
12/30/2007,1010.8,31.0,23.7,27.2,82,92,65,NE,5,ENE,12,0.0,10.6,2
12/31/2007,1010.8,30.8,25.1,27.9,81,87,72,ENE,5,E,12,0.0,8.5,3
1/1/2008,1011.2,31.0,22.8,27.0,81,96,69,NNE,4,NE,13,0.0,10.1,2
1/2/2008,1011.7,30.8,22.2,26.9,78,91,65,N,5,NNW,11,0.0,9.2,2
1/3/2008,1012.1,30.6,23.7,26.9,77,91,64,NNE,4,N,11,0.0,10.2,2
1/4/2008,1012.2,30.5,23.4,27.1,79,93,68,NNE,4,NNW,10,0.0,9.9,2
1/5/2008,1011.9,31.1,24.5,27.7,83,96,73,E,6,E,20,3.4,8.1,3
1/6/2008,1012.4,30.2,24.6,27.8,83,92,78,E,8,ENE,23,2.5,5.1,6
1/7/2008,1012.1,30.8,25.8,28.3,76,82,70,ENE,7,E,14,0.0,10.8,3
1/8/2008,1011.9,30.7,24.3,27.8,77,88,68,NE,5,NE,11,0.0,10.3,3
1/9/2008,1011.7,31.3,26.2,28.1,81,92,66,E,5,ENE,12,0.0,6.8,5
1/10/2008,1010.9,30.9,24.5,28.0,83,93,74,E,5,ENE,16,0.4,10.4,3
1/11/2008,1010.9,30.9,26.2,28.2,81,89,74,E,5,ENE,12,0.0,10.3,3
1/12/2008,1010.9,30.6,25.8,28.0,83,91,74,ENE,5,ENE,13,0.0,9.5,3
1/13/2008,1010.8,31.0,26.0,28.0,82,91,71,E,10,E,23,1.9,7.1,6
1/14/2008,1011.4,30.2,25.8,27.9,77,86,68,E,10,E,22,0.0,10.1,4
1/15/2008,1011.9,30.1,23.6,27.1,77,85,67,ENE,6,NE,16,0.0,10.2,3
1/16/2008,1013.1,30.0,26.4,27.5,73,82,65,ENE,8,ENE,19,0.0,10.3,2
1/17/2008,1012.6,30.8,23.0,26.9,80,93,69,N,6,E,19,0.0,10.5,2
1/18/2008,1010.9,30.4,20.7,26.0,81,97,68,NE,4,NE,11,0.0,9.7,2
1/19/2008,1009.8,30.3,23.4,26.0,77,96,66,NNE,4,NE,10,0.0,9.6,2
1/20/2008,1010.1,30.6,23.4,26.6,76,91,62,NE,5,ENE,13,0.0,11.2,1
1/21/2008,1009.2,30.8,24.1,27.3,79,89,68,NNE,6,NE,13,0.0,9.3,5
1/22/2008,1008.4,31.1,25.5,27.7,83,92,73,N,6,N,17,1.2,7.1,5
1/23/2008,1008.5,30.8,25.6,27.8,82,88,72,N,7,N,16,0.0,9.1,4
1/24/2008,1009.3,30.3,25.6,27.4,78,86,71,N,7,N,16,0.0,6.9,6
1/25/2008,1009.7,30.2,21.8,27.4,73,83,67,NNW,6,NNW,14,0.0,9.1,5
1/26/2008,1009.5,30.4,22.3,26.2,75,94,59,N,3,N,10,0.0,7.8,7
1/27/2008,1009.8,30.6,22.7,26.5,75,87,65,N,5,N,12,0.0,8.0,5
1/28/2008,1011.0,30.6,23.7,26.9,73,83,62,N,5,N,12,0.0,10.6,4
1/29/2008,1010.8,30.5,21.2,26.5,74,92,60,N,5,N,12,0.0,9.8,3
1/30/2008,1010.1,30.1,21.4,26.0,75,95,62,N,4,NNW,11,0.0,11.1,2
1/31/2008,1009.8,30.2,21.0,25.9,75,93,61,NW,3,NW,9,0.0,11.2,2
2/1/2008,1010.1,30.6,24.4,26.9,77,94,65,NNW,5,NNW,12,0.0,10.4,3
2/2/2008,1010.4,30.5,23.4,27.5,71,79,60,NNW,7,NNW,15,0.0,11.2,2
2/3/2008,1010.2,30.0,23.2,26.6,74,86,61,N,6,NNW,16,0.0,11.0,3
2/4/2008,1010.2,30.2,25.8,27.6,74,85,63,NNW,5,NNW,13,0.0,10.0,4
2/5/2008,1010.2,30.0,24.5,27.2,79,89,73,NNW,9,N,17,0.05,4.4,7
2/6/2008,1010.7,30.0,25.3,27.2,81,92,72,N,6,N,15,0.0,4.5,7
2/7/2008,1009.7,29.7,24.4,26.6,82,93,73,N,10,N,23,3.4,4.1,7
2/8/2008,1009.8,28.0,23.5,26.1,86,96,76,N,8,NNW,20,13.1,0.0,8
2/9/2008,1009.7,29.9,23.6,26.4,88,97,77,N,6,N,17,1.3,3.0,7
2/10/2008,1010.2,29.5,25.2,26.8,86,98,78,N,5,NNW,15,0.05,7.1,6
2/11/2008,1010.0,30.7,24.6,27.5,86,97,74,N,5,N,19,27.4,9.2,6
2/12/2008,1010.7,30.0,23.6,26.7,89,98,75,NE,4,SSE,19,11.3,4.9,7
2/13/2008,1011.2,31.3,26.5,28.0,84,97,76,NE,6,NE,14,0.05,8.4,7
2/14/2008,1011.8,30.9,25.9,28.4,81,86,72,ENE,8,ENE,18,0.05,9.8,6
2/15/2008,1011.9,31.0,25.6,28.3,80,92,71,ENE,9,E,26,0.05,6.9,7
2/16/2008,1012.4,30.4,26.4,28.5,79,87,72,ENE,9,ENE,20,0.0,8.6,5
2/17/2008,1012.0,31.3,24.2,27.9,82,97,69,N,5,NE,13,0.0,11.0,2
2/18/2008,1012.1,31.9,24.1,28.1,83,97,71,W,3,SE,14,6.8,9.7,4
2/19/2008,1012.7,31.0,23.5,26.8,87,99,71,W,5,NNW,17,43.4,7.2,5
2/20/2008,1012.6,30.9,23.8,27.3,83,96,71,N,3,NW,9,0.0,9.8,3
2/21/2008,1012.8,30.8,24.8,27.5,82,94,72,N,5,N,14,1.3,9.8,3
2/22/2008,1012.6,30.9,24.2,27.8,78,89,69,N,5,N,14,0.0,10.8,2
2/23/2008,1012.0,30.9,24.4,28.0,78,88,70,N,6,NNW,14,0.0,10.3,2
2/24/2008,1011.5,30.5,26.5,28.1,78,90,71,NNW,6,NNW,15,0.0,8.1,4
2/25/2008,1010.9,30.8,26.4,28.4,76,84,67,NNW,8,NNW,17,0.0,10.9,2
2/26/2008,1010.2,30.3,24.9,28.1,75,85,69,NNW,6,NNW,14,0.0,9.9,5
2/27/2008,1011.0,30.7,22.8,27.0,80,98,69,NNW,5,ENE,22,8.5,3.2,7
2/28/2008,1010.8,29.7,23.8,26.2,88,98,74,N,4,NE,23,27.6,1.2,7
2/29/2008,1010.0,30.0,23.5,26.5,86,99,71,ENE,5,E,18,1.6,0.5,6
3/1/2008,1009.6,30.6,24.2,27.4,86,98,71,NW,3,N,12,1.7,6.7,6
3/2/2008,1010.5,28.6,23.4,26.3,92,98,84,VRB,2,N,21,10.8,0.0,7
3/3/2008,1010.1,31.0,26.0,28.2,81,88,72,E,6,E,21,0.05,6.3,7
3/4/2008,1009.8,30.9,25.6,28.3,80,88,69,ENE,6,NE,19,0.05,9.1,5
3/5/2008,1010.5,31.2,26.6,28.5,77,85,70,ENE,5,ENE,12,0.05,10.4,3
3/6/2008,1010.9,31.3,23.9,27.9,77,93,66,NE,5,NE,13,0.0,10.9,3
3/7/2008,1010.8,30.0,23.4,27.5,82,92,78,NNE,5,ENE,22,4.1,3.2,6
3/8/2008,1009.5,31.4,27.1,28.9,72,79,54,ENE,7,E,14,0.0,4.9,5
3/9/2008,1009.7,31.6,25.0,29.0,72,79,64,ENE,7,E,18,0.05,7.2,6
3/10/2008,1009.9,31.2,23.7,27.4,81,92,68,ENE,8,E,28,1.6,6.9,6
3/11/2008,1009.2,30.7,25.4,27.6,82,92,70,NE,4,ENE,15,0.0,9.0,7
3/12/2008,1008.4,30.9,24.4,28.0,82,92,71,N,4,NNW,16,0.0,8.6,6
3/13/2008,1008.6,31.2,24.6,28.0,83,94,71,N,4,SSE,13,0.5,6.4,5
3/14/2008,1009.8,31.8,23.3,26.9,87,98,75,NW,9,WSW,25,55.2,6.3,7
3/15/2008,1009.1,29.9,23.4,27.4,82,97,68,NW,9,WNW,20,5.8,2.6,7
3/16/2008,1008.2,29.0,24.2,26.0,90,96,83,NNE,5,N,17,8.5,0.0,8
3/17/2008,1007.5,30.8,23.6,26.6,87,97,71,NE,3,W,21,4.7,3.0,7
3/18/2008,1006.9,28.4,24.0,26.6,87,96,81,N,4,NNW,15,10.9,0.0,8
3/19/2008,1006.6,27.7,23.0,25.6,91,100,84,NNW,8,WNW,22,46.3,0.0,8
3/20/2008,1005.6,29.8,23.2,26.5,87,97,75,WNW,9,NW,22,17.4,1.1,7
3/21/2008,1005.8,29.9,24.9,27.6,84,96,71,W,10,NW,23,1.0,2.2,7
3/22/2008,1007.1,30.9,25.5,28.2,81,89,73,WSW,7,WSW,16,0.0,8.4,7
3/23/2008,1008.9,31.4,26.2,28.5,80,88,72,W,6,SSW,12,0.8,10.0,6
3/24/2008,1010.1,31.2,25.3,28.2,77,85,66,SSW,6,SSW,12,0.0,10.8,2
3/25/2008,1010.2,31.1,25.4,28.1,76,86,68,WSW,4,W,10,0.0,10.9,3
3/26/2008,1010.0,31.2,23.6,27.8,79,90,69,NNE,4,NW,12,0.0,11.0,2
3/27/2008,1008.9,30.9,26.0,28.1,75,92,66,NW,5,NNW,10,0.0,11.1,1
3/28/2008,1009.5,31.0,26.5,28.6,72,77,61,NW,7,NW,15,0.0,10.5,2
3/29/2008,1010.0,31.1,24.0,27.9,75,91,64,WNW,4,WNW,12,0.0,11.2,1
3/30/2008,1010.2,31.5,25.7,28.4,75,87,67,W,4,W,10,0.0,10.9,2
3/31/2008,1009.6,31.5,24.7,28.7,73,80,64,W,5,WSW,11,0.0,11.1,1
4/1/2008,1009.8,31.2,24.7,28.1,79,92,69,NW,3,NW,8,0.0,11.2,1
4/2/2008,1010.7,31.7,25.2,28.6,76,90,67,NNW,4,NNW,10,0.0,10.3,2
4/3/2008,1010.4,31.5,24.1,28.5,77,100,65,NNW,5,NNE,20,16.8,10.8,4
4/4/2008,1009.1,30.7,23.8,27.3,85,96,72,NNE,4,E,22,19.0,0.6,7
4/5/2008,1010.1,31.5,26.4,28.6,81,90,72,NE,5,ENE,14,0.05,10.8,4
4/6/2008,1011.4,31.9,23.3,28.7,81,91,73,NNE,5,E,12,12.1,10.5,3
4/7/2008,1010.2,31.5,25.4,28.5,80,93,64,N,4,E,19,0.0,10.9,3
4/8/2008,1009.2,32.2,25.6,28.8,80,88,67,N,4,E,12,0.05,10.6,4
4/9/2008,1009.0,31.8,24.5,28.5,80,92,65,ENE,3,ENE,11,0.0,10.9,3
4/10/2008,1009.1,31.9,26.0,29.0,79,93,70,NNW,3,NW,8,0.0,10.7,4
4/11/2008,1008.4,31.0,22.7,26.0,87,98,77,WNW,3,NNE,26,21.9,0.0,6
4/12/2008,1008.3,31.7,24.5,27.9,79,97,64,SSW,3,E,7,0.0,9.6,6
4/13/2008,1008.0,31.0,25.1,28.1,80,90,72,WNW,5,W,16,0.0,9.1,6
4/14/2008,1007.7,32.1,25.2,28.8,79,96,66,VRB,2,WNW,7,0.0,11.1,3
4/15/2008,1009.1,32.6,27.2,29.2,82,92,69,W,5,SW,15,0.0,8.5,6
4/16/2008,1009.3,31.3,24.6,28.5,83,91,77,NNW,6,ESE,24,0.05,3.3,7
4/17/2008,1008.5,31.8,26.2,29.2,81,90,74,W,5,WNW,12,0.0,6.9,7
4/18/2008,1009.0,30.9,26.2,27.9,84,88,78,W,7,SW,17,0.05,0.3,7
4/19/2008,1008.8,31.8,27.7,28.0,80,86,71,WNW,6,WNW,14,0.0,5.9,6
4/20/2008,1008.6,32.1,27.6,29.6,79,86,72,NW,7,NW,15,0.0,9.9,5
4/21/2008,1008.2,32.2,27.8,29.5,80,86,73,WNW,6,WNW,13,0.0,10.6,2
4/22/2008,1009.3,32.2,28.1,29.7,79,85,72,W,7,W,15,0.0,10.6,3
4/23/2008,1010.0,32.3,27.8,29.7,79,83,72,WNW,7,WNW,15,0.0,10.1,4
4/24/2008,1009.8,32.1,28.0,29.6,78,84,70,W,8,W,15,0.0,10.6,3
4/25/2008,1008.8,32.3,28.2,29.7,77,83,70,W,8,W,14,0.0,10.5,3
4/26/2008,1008.2,32.1,22.8,29.6,78,85,71,W,10,NW,22,26.2,9.5,5
4/27/2008,1008.0,29.4,23.0,27.0,86,97,77,WSW,8,NW,24,13.3,0.0,7
4/28/2008,1007.2,30.0,26.8,28.5,83,89,79,W,10,W,20,0.05,0.7,7
4/29/2008,1007.6,31.9,26.6,29.2,81,86,75,WSW,9,WSW,18,0.05,7.4,7
4/30/2008,1008.7,31.9,28.0,29.5,79,87,69,W,6,W,13,0.05,8.7,6
5/1/2008,1009.1,32.3,28.0,29.7,81,87,73,WSW,7,W,13,0.0,9.2,4
5/2/2008,1008.6,31.9,25.0,28.9,85,92,77,W,6,SW,21,18.8,6.7,5
5/3/2008,1008.4,32.1,25.0,28.8,85,94,73,W,4,SW,19,5.7,7.6,7
5/4/2008,1009.4,31.0,24.6,28.1,87,97,74,WSW,3,SSW,14,21.1,1.0,7
5/5/2008,1010.1,29.8,25.2,27.8,86,95,77,WNW,5,WNW,17,0.05,0.0,8
5/6/2008,1009.3,31.8,27.2,29.2,75,83,69,NW,7,NNW,15,0.0,9.3,6
5/7/2008,1009.0,32.6,27.4,29.6,76,80,70,WNW,7,WNW,15,0.0,10.0,3
5/8/2008,1010.5,32.1,25.4,29.4,73,79,65,WNW,7,W,16,0.05,9.6,7
5/9/2008,1010.8,31.8,27.2,29.2,71,79,63,W,7,WNW,19,0.0,10.5,4
5/10/2008,1010.5,31.4,27.1,29.0,68,72,63,W,8,W,13,0.0,11.0,1
5/11/2008,1010.3,31.8,27.5,29.4,72,83,60,W,9,W,16,0.05,8.8,3
5/12/2008,1010.5,31.6,25.6,28.4,81,87,71,W,7,WNW,23,2.9,3.8,7
5/13/2008,1011.2,31.3,27.0,28.8,80,86,72,W,6,W,14,0.0,6.8,5
5/14/2008,1011.7,31.9,25.2,29.0,79,91,69,WSW,6,W,21,0.05,10.5,5
5/15/2008,1011.8,31.8,27.1,28.9,80,88,72,WSW,6,WNW,16,0.0,8.2,6
5/16/2008,1011.9,31.9,26.7,29.4,77,87,68,W,6,WSW,19,0.0,8.0,6
5/17/2008,1010.9,31.7,27.7,29.1,78,83,71,W,9,W,16,0.0,8.2,4
5/18/2008,1009.7,31.9,26.8,29.1,78,87,70,W,9,WSW,23,0.05,10.4,3
5/19/2008,1009.5,31.8,26.4,28.8,79,86,71,SW,8,WSW,20,0.2,10.4,3
5/20/2008,1009.6,31.9,26.6,29.4,77,88,68,SW,7,W,18,0.0,10.9,3
5/21/2008,1009.4,32.0,27.3,29.4,78,89,72,W,6,WSW,13,1.0,10.1,4
5/22/2008,1008.8,32.5,23.9,28.6,81,96,68,SW,7,W,26,14.7,8.6,6
5/23/2008,1008.7,31.4,24.8,28.3,80,97,65,W,10,W,26,4.2,6.6,7
5/24/2008,1008.2,31.7,26.8,28.8,81,90,72,WSW,7,WSW,14,0.05,6.6,6
5/25/2008,1007.9,31.9,26.9,29.3,78,88,69,WSW,6,WSW,13,0.2,10.8,3
5/26/2008,1009.2,31.8,22.2,27.5,87,100,76,W,9,W,28,146.9,3.7,7
5/27/2008,1009.3,29.9,24.4,27.4,84,99,72,WNW,7,W,24,0.6,0.0,7
5/28/2008,1007.9,31.7,26.5,29.0,79,91,72,WSW,6,WSW,14,0.2,9.6,6
5/29/2008,1008.4,31.9,25.6,28.6,82,92,74,SW,9,WSW,24,9.2,8.6,7
5/30/2008,1009.7,29.0,24.6,27.4,82,96,76,WSW,12,WSW,36,3.3,0.0,7
5/31/2008,1009.2,30.8,23.9,27.8,83,93,72,W,9,W,35,10.6,0.9,7
6/1/2008,1008.3,29.9,25.4,28.0,83,93,74,W,11,W,32,2.0,0.2,7
6/2/2008,1008.1,29.9,24.5,27.1,85,95,78,SW,12,WSW,28,8.5,1.0,7
6/3/2008,1008.4,30.7,25.4,27.9,84,96,75,SW,11,WSW,26,11.0,2.7,7
6/4/2008,1009.8,31.2,25.4,28.6,81,93,72,SW,11,SSW,27,0.05,6.2,7
6/5/2008,1009.2,31.7,26.6,29.0,81,91,72,WSW,7,WSW,18,0.0,5.9,7
6/6/2008,1008.0,31.9,27.1,29.1,82,88,75,SSW,7,SSW,13,0.0,9.1,6
6/7/2008,1007.9,31.4,27.1,28.8,83,88,73,SW,6,SSW,13,0.0,1.8,7
6/8/2008,1008.4,30.2,24.1,28.1,84,93,75,W,9,W,35,5.7,0.0,8
6/9/2008,1009.6,29.1,26.0,27.9,85,91,81,W,7,WNW,25,0.6,0.0,8
6/10/2008,1009.9,31.6,27.1,29.0,82,89,74,W,7,W,23,0.05,6.1,6
6/11/2008,1010.0,31.2,26.7,28.9,81,88,74,W,8,W,24,0.7,8.5,6
6/12/2008,1009.8,31.3,25.4,29.1,80,87,71,W,9,W,31,1.8,10.7,6
6/13/2008,1009.6,31.0,26.6,28.8,81,87,77,W,10,W,23,1.0,3.0,7
6/14/2008,1009.2,31.5,27.5,29.1,80,85,74,W,10,WSW,20,0.05,3.5,7
6/15/2008,1008.5,30.9,27.6,29.2,78,83,70,W,12,W,22,0.0,8.9,7
6/16/2008,1008.6,31.0,24.9,28.9,80,86,75,WSW,9,WSW,26,0.05,1.2,7
6/17/2008,1008.9,31.4,23.4,28.7,82,88,74,WSW,7,WSW,19,6.2,6.8,6
6/18/2008,1009.3,31.2,26.5,28.5,82,88,75,WSW,7,W,28,0.0,8.1,7
6/19/2008,1009.8,30.3,25.6,28.1,83,88,78,W,5,NNW,19,4.1,0.0,6
6/20/2008,1010.1,31.2,25.0,28.4,81,95,74,W,9,NW,21,1.1,7.2,6
6/21/2008,1010.7,30.8,23.4,27.0,85,100,77,WNW,9,W,32,30.0,0.0,7
6/22/2008,1010.2,29.3,23.5,27.4,85,93,81,W,9,WNW,24,11.6,0.1,7
6/23/2008,1010.1,29.2,22.7,27.2,85,97,78,W,8,W,30,16.3,0.0,7
6/24/2008,1009.6,31.4,24.4,27.9,83,93,71,W,10,WSW,27,9.3,6.4,7
6/25/2008,1010.1,31.2,27.3,28.7,81,88,75,W,8,WSW,17,0.0,3.7,7
6/26/2008,1009.9,31.1,26.7,28.8,78,86,71,W,7,W,15,0.0,10.0,6
6/27/2008,1009.7,31.1,22.7,28.5,80,94,72,SW,8,WSW,27,18.3,9.3,6
6/28/2008,1009.5,30.3,23.6,28.3,84,97,78,WSW,9,WSW,31,5.2,9.5,6
6/29/2008,1009.5,30.2,23.9,27.1,87,97,79,WSW,8,WNW,36,10.1,1.9,7
6/30/2008,1009.9,31.2,24.3,27.7,83,96,74,S,10,WNW,34,17.6,5.4,7
7/1/2008,1010.6,31.1,23.7,26.9,86,97,72,NNE,4,W,18,9.2,0.8,7
7/2/2008,1010.4,31.1,25.3,28.5,83,97,73,NNW,4,NNW,10,1.3,10.7,4
7/3/2008,1010.3,31.9,25.9,28.9,81,91,75,NW,5,NW,15,0.0,10.2,5
7/4/2008,1009.9,31.9,25.6,28.8,80,90,71,NNW,4,NNW,10,0.0,10.0,4
7/5/2008,1009.7,31.9,26.7,29.1,79,87,72,W,5,WNW,13,0.05,10.3,5
7/6/2008,1009.9,31.7,24.8,28.7,81,91,75,W,9,W,26,9.9,9.4,5
7/7/2008,1009.4,31.3,27.4,29.0,80,85,73,W,9,W,17,0.0,8.1,7
7/8/2008,1008.9,30.9,27.4,28.6,79,86,73,W,9,WSW,21,0.8,4.9,7
7/9/2008,1009.6,31.4,24.2,29.1,77,85,70,W,10,W,17,1.2,10.1,5
7/10/2008,1010.2,31.3,25.8,28.9,79,86,72,W,10,W,27,2.0,9.6,5
7/11/2008,1009.2,30.5,23.2,28.3,79,88,75,W,11,W,30,3.3,4.2,7
7/12/2008,1008.1,31.2,26.6,28.8,77,85,68,WNW,10,WNW,26,0.8,3.5,7
7/13/2008,1009.1,30.9,23.9,28.1,81,95,73,WNW,12,NNW,31,9.1,4.9,7
7/14/2008,1010.3,29.1,23.6,25.7,92,100,81,W,14,W,31,136.0,1.5,8
7/15/2008,1009.8,27.1,22.9,25.3,88,97,75,WNW,16,W,35,100.3,0.0,8
7/16/2008,1008.1,30.3,23.5,27.9,80,92,73,WNW,12,W,32,9.1,5.8,7
7/17/2008,1008.0,30.0,24.2,26.8,85,95,70,WNW,12,WNW,35,14.9,2.3,7
7/18/2008,1007.9,29.2,24.5,27.6,83,99,77,W,13,W,37,6.7,0.3,7
7/19/2008,1007.7,28.7,24.8,27.8,81,86,73,W,14,W,32,2.4,0.0,8
7/20/2008,1007.6,31.0,23.4,28.7,79,84,75,WNW,13,WNW,26,6.1,4.6,7
7/21/2008,1008.4,29.3,22.4,26.8,85,100,77,WNW,16,WNW,49,26.5,0.4,7
7/22/2008,1008.3,29.0,22.4,26.3,84,97,74,WNW,21,W,49,21.0,0.3,8
7/23/2008,1008.5,29.7,23.5,27.3,81,98,72,W,15,W,41,2.4,1.6,7
7/24/2008,1009.0,29.8,25.2,27.6,84,93,77,WNW,12,WNW,33,0.8,1.2,7
7/25/2008,1009.0,30.2,24.4,27.9,83,92,77,WNW,9,W,35,2.1,3.9,7
7/26/2008,1009.4,29.8,24.2,26.9,86,96,79,W,11,W,35,3.3,1.0,7
7/27/2008,1008.8,29.9,26.6,27.9,84,89,78,WSW,10,WNW,30,0.05,1.6,7
7/28/2008,1008.1,30.2,26.5,28.0,87,90,80,SW,8,SW,15,0.05,3.8,7
7/29/2008,1007.9,30.9,26.1,28.2,85,93,76,SW,6,SW,13,0.0,8.4,7
7/30/2008,1008.1,31.1,25.5,28.3,84,91,78,SSW,6,WSW,15,0.0,10.1,7
7/31/2008,1008.4,31.0,23.9,28.0,84,94,70,W,5,WSW,31,19.9,10.1,6
8/1/2008,1008.9,30.2,27.0,28.4,83,92,71,WNW,9,WNW,17,0.0,10.8,5
8/2/2008,1008.6,31.0,26.8,28.4,80,91,74,NW,9,WNW,15,0.0,8.7,6
8/3/2008,1008.4,30.3,26.8,28.4,79,84,72,WNW,9,WNW,17,0.0,9.6,4
8/4/2008,1008.5,30.8,26.6,28.3,79,87,71,NW,8,WNW,19,0.0,10.2,4
8/5/2008,1009.6,30.9,26.7,28.4,80,86,72,WNW,6,W,13,0.0,10.6,3
8/6/2008,1009.6,30.9,27.0,28.4,80,85,73,WNW,6,NW,12,0.0,9.8,5
8/7/2008,1009.6,32.8,27.1,28.5,80,85,74,WSW,5,WSW,12,0.0,7.2,6
8/8/2008,1009.2,30.8,26.9,28.5,80,85,74,SW,7,SW,14,0.4,8.9,7
8/9/2008,1008.8,30.9,27.2,28.7,82,88,75,SW,8,SSW,16,0.05,7.3,7
8/10/2008,1008.1,31.1,27.4,28.9,83,91,75,WSW,8,SW,14,0.0,7.2,7
8/11/2008,1007.7,31.1,26.5,28.8,84,95,78,SW,8,SW,15,4.3,10.5,6
8/12/2008,1008.4,31.1,23.0,27.3,88,99,74,SSW,7,NNW,27,38.1,4.7,7
8/13/2008,1009.5,32.0,22.8,27.2,89,98,77,S,5,WNW,31,21.5,4.4,7
8/14/2008,1009.7,29.5,23.3,26.6,84,93,76,NW,11,W,32,3.2,1.6,7
8/15/2008,1008.2,30.7,25.6,27.9,84,91,78,WNW,6,WNW,11,2.0,3.5,6
8/16/2008,1008.6,31.0,27.0,28.4,81,90,73,NW,6,NW,12,0.0,10.7,6
8/17/2008,1009.7,30.8,27.2,28.5,79,85,74,NNW,7,NNW,15,0.05,10.9,5
8/18/2008,1010.2,30.9,26.4,28.4,79,84,73,NW,8,NNW,15,0.0,8.8,6
8/19/2008,1010.7,31.2,26.7,28.5,79,90,73,NW,7,WNW,13,0.05,10.2,5
8/20/2008,1011.6,30.9,23.6,27.3,83,97,73,NNW,9,SW,31,7.4,8.3,6
8/21/2008,1011.2,30.8,24.7,27.8,82,90,71,NNW,6,NNW,16,0.05,5.7,7
8/22/2008,1010.3,30.8,25.4,27.6,83,92,72,NW,6,NNW,17,3.2,6.1,6
8/23/2008,1010.1,30.5,26.4,28.4,79,84,70,WNW,9,W,18,0.05,9.0,7
8/24/2008,1009.6,30.5,25.0,28.1,80,87,72,WNW,11,WNW,27,3.7,4.7,7
8/25/2008,1009.1,30.7,27.1,28.4,79,85,73,NW,9,WNW,18,0.0,8.9,6
8/26/2008,1009.2,31.0,23.9,28.2,79,88,70,WNW,9,WNW,24,3.8,9.6,6
8/27/2008,1009.0,29.3,23.2,27.1,84,92,78,WNW,9,NW,24,2.1,4.9,7
8/28/2008,1008.5,29.9,23.4,26.7,86,97,77,NW,9,WNW,31,16.3,3.4,7
8/29/2008,1008.2,29.9,23.8,26.6,88,97,77,WNW,9,W,21,16.0,1.3,8
8/30/2008,1008.8,29.9,23.6,26.4,88,97,77,W,10,SW,23,22.1,4.4,8
8/31/2008,1009.4,28.4,24.1,26.5,85,98,80,W,11,W,28,8.1,0.5,7
9/1/2008,1009.2,30.1,26.9,28.1,79,85,73,W,9,W,15,0.0,11.2,4
9/2/2008,1008.9,30.1,25.6,28.3,79,85,71,W,10,WNW,18,1.1,11.1,3
9/3/2008,1008.9,30.3,26.2,28.0,82,91,73,W,9,W,24,1.6,9.4,5
9/4/2008,1009.5,30.6,26.1,28.0,81,93,71,W,8,W,19,0.05,9.2,4
9/5/2008,1009.7,30.8,24.6,27.6,83,96,72,W,9,W,21,1.3,6.3,6
9/6/2008,1009.9,30.2,25.2,27.4,81,92,67,WSW,10,WSW,26,1.1,3.5,7
9/7/2008,1010.2,31.0,26.5,28.1,79,86,72,W,7,W,17,0.05,5.0,7
9/8/2008,1010.1,31.0,27.0,28.7,78,85,70,WSW,10,W,17,0.05,9.4,6
9/9/2008,1009.9,31.1,26.8,28.5,81,87,74,W,12,WNW,20,0.05,6.5,7
9/10/2008,1008.5,30.8,24.4,28.3,83,95,75,W,13,W,27,10.2,10.5,6
9/11/2008,1008.3,29.9,24.6,27.2,84,94,78,W,15,W,39,5.1,3.0,7
9/12/2008,1008.5,30.7,25.9,28.3,82,90,75,W,11,WNW,24,0.7,10.2,4
9/13/2008,1010.0,31.2,25.6,28.5,81,90,74,W,6,W,14,0.0,10.3,4
9/14/2008,1011.4,31.11,26.9,28.6,79,87,71,W,7,WNW,14,0.0,10.8,3
9/15/2008,1011.4,31.2,26.7,28.5,77,82,69,WNW,6,WNW,12,0.05,9.7,5
9/16/2008,1011.2,31.3,26.9,28.5,79,87,69,WNW,6,WNW,12,0.0,10.1,5
9/17/2008,1011.0,31.3,27.0,28.6,78,85,69,NW,6,NW,14,0.0,10.8,3
9/18/2008,1010.4,30.9,26.4,28.3,77,83,70,NW,6,NW,14,0.0,10.3,3
9/19/2008,1010.2,31.0,26.1,28.6,75,82,67,W,7,W,15,0.0,10.6,2
9/20/2008,1010.8,31.5,26.7,28.9,75,82,64,W,7,WSW,15,0.0,10.8,3
9/21/2008,1010.3,31.8,26.8,28.6,75,82,68,W,5,W,17,0.0,8.2,6
9/22/2008,1010.1,31.2,24.0,28.2,78,97,64,WNW,4,N,14,4.8,10.5,3
9/23/2008,1010.0,31.1,23.6,27.4,81,94,70,VRB,2,NNW,7,0.0,8.0,4
9/24/2008,1010.8,31.5,24.9,27.9,79,95,65,VRB,2,W,10,0.05,10.3,3
9/25/2008,1011.9,31.8,26.1,28.3,78,93,64,NW,4,WNW,16,2.4,7.8,7
9/26/2008,1011.5,30.9,26.7,28.4,76,81,71,NNW,6,NNW,13,0.0,7.4,7
9/27/2008,1011.4,31.6,26.6,28.7,73,80,64,WNW,6,WNW,15,0.0,9.8,5
9/28/2008,1011.6,31.3,25.6,28.4,72,84,63,WNW,5,NW,13,0.0,10.1,6
9/29/2008,1010.9,31.2,25.4,28.3,74,87,65,NW,5,NW,11,0.6,10.9,7
9/30/2008,1010.1,31.3,24.9,28.2,74,88,63,NW,4,NW,9,0.0,11.0,3
10/1/2008,1009.7,31.7,27.1,28.7,71,81,64,W,6,W,12,0.0,11.0,2
10/2/2008,1009.3,31.4,26.8,28.7,70,77,58,WNW,5,WNW,12,0.0,11.1,5
10/3/2008,1009.6,31.8,23.5,27.9,74,91,62,VRB,2,NW,7,0.0,11.0,2
10/4/2008,1010.1,31.7,24.0,28.2,75,92,63,W,3,WSW,7,0.0,11.2,3
10/5/2008,1010.9,32.2,27.2,28.9,73,90,64,NW,4,WNW,9,0.0,10.8,4
10/6/2008,1010.8,31.8,26.6,28.8,73,81,64,NW,5,NNW,12,0.0,11.1,2
10/7/2008,1011.1,32.0,27.4,29.1,72,79,64,W,5,W,10,0.0,11.3,3
10/8/2008,1010.2,32.0,24.1,28.2,74,90,61,NW,3,WNW,8,0.0,10.9,4
10/9/2008,1010.8,32.6,26.0,28.8,75,89,62,N,3,NNW,10,0.0,10.4,5
10/10/2008,1011.1,32.6,25.2,28.7,79,95,66,NNW,3,NNW,11,0.0,10.1,4
10/11/2008,1010.8,31.8,25.7,28.5,81,95,72,W,3,S,13,0.05,4.9,6
10/12/2008,1009.9,31.7,24.6,27.7,85,100,73,W,4,SW,17,11.2,1.9,7
10/13/2008,1009.0,28.0,25.2,26.9,86,91,81,WNW,7,SW,18,5.3,0.0,8
10/14/2008,1008.7,27.8,23.6,25.6,92,100,83,NNW,4,NW,19,21.5,0.2,7
10/15/2008,1007.7,31.4,24.5,28.1,83,97,71,SE,4,SE,14,18.6,8.6,7
10/16/2008,1007.7,30.2,25.7,27.5,86,97,78,SW,4,SW,19,0.05,1.9,7
10/17/2008,1007.1,31.2,23.8,27.9,83,97,72,SSW,4,WSW,21,20.3,5.1,7
10/18/2008,1008.1,30.9,25.1,27.8,83,97,71,WSW,3,SW,14,0.8,2.7,7
10/19/2008,1008.7,31.7,25.0,28.7,81,97,73,W,5,WSW,14,2.9,5.0,7
10/20/2008,1008.4,29.5,22.6,26.8,87,97,78,WSW,7,W,29,36.8,0.0,7
10/21/2008,1008.0,28.4,24.0,26.1,90,100,77,W,11,W,27,44.2,0.0,7
10/22/2008,1007.5,28.6,24.2,26.8,85,94,74,W,13,WNW,33,16.3,0.0,7
10/23/2008,1008.8,30.6,25.2,28.6,82,94,75,WSW,13,WSW,32,7.1,8.5,7
10/24/2008,1010.4,29.0,23.6,26.9,87,97,81,WSW,12,WSW,39,43.2,0.0,7
10/25/2008,1010.2,30.2,23.6,27.9,87,98,78,WSW,13,W,32,53.7,7.5,7
10/26/2008,1010.5,30.9,26.5,28.1,81,99,72,W,11,W,30,21.0,3.5,7
10/27/2008,1010.7,31.1,27.0,28.6,77,83,71,W,9,W,16,0.0,8.5,7
10/28/2008,1010.5,31.4,24.2,28.0,82,95,72,NW,4,W,11,0.05,8.6,5
10/29/2008,1011.1,30.9,23.6,27.5,81,93,71,NW,3,NW,7,0.05,9.0,3
10/30/2008,1011.8,30.5,22.0,26.3,79,91,64,VRB,2,NW,7,0.0,11.0,1
10/31/2008,1012.0,30.6,22.6,26.4,82,95,67,VRB,1,NW,6,0.0,7.3,5
11/1/2008,1011.2,30.6,22.2,26.3,80,96,66,ENE,3,ENE,11,0.0,10.4,5
11/2/2008,1010.6,30.9,23.1,26.6,82,97,65,VRB,1,N,9,0.0,11.1,1
11/3/2008,1010.7,31.4,22.0,26.9,79,96,62,VRB,2,S,6,0.0,11.0,2
11/4/2008,1010.2,31.0,24.0,27.5,77,96,60,VRB,2,SW,6,0.0,11.0,1
11/5/2008,1009.4,31.3,24.4,28.2,75,89,68,N,5,WNW,10,0.0,10.3,2
11/6/2008,1008.9,31.1,24.5,27.6,77,88,65,N,4,NNW,10,0.0,10.3,2
11/7/2008,1009.8,31.8,24.6,28.3,78,92,68,S,3,SE,8,0.0,9.9,4
11/8/2008,1010.3,32.1,23.5,28.4,80,99,67,N,3,W,16,26.1,9.2,5
11/9/2008,1010.2,31.3,25.4,28.4,81,96,76,N,4,NW,10,0.0,7.5,6
11/10/2008,1009.5,31.3,25.4,28.4,80,89,71,N,4,N,10,0.0,8.5,6
11/11/2008,1009.5,30.9,25.0,27.7,84,96,73,NW,4,N,14,0.5,2.8,7
11/12/2008,1008.8,31.4,27.6,28.5,79,87,69,WNW,6,WNW,15,0.0,5.7,7
11/13/2008,1008.0,31.8,26.5,28.9,79,87,72,WNW,6,WNW,18,0.05,9.9,6
11/14/2008,1007.9,31.0,27.4,28.9,78,83,71,NW,7,W,15,0.0,7.9,6
11/15/2008,1007.4,31.7,27.5,29.1,73,79,64,NW,6,NW,14,0.0,9.9,5
11/16/2008,1007.4,31.7,26.7,28.8,69,77,60,NW,8,NNW,17,2.2,9.5,5
11/17/2008,1007.2,31.3,26.2,28.6,69,76,59,NW,6,NW,13,0.0,9.7,3
11/18/2008,1008.4,31.0,25.0,28.2,76,96,66,NW,5,NE,13,0.8,10.9,3
11/19/2008,1009.7,31.4,23.9,28.5,82,97,69,W,4,NW,11,15.7,9.5,5
11/20/2008,1010.7,30.8,24.4,26.8,89,98,77,NNE,4,E,24,7.5,2.5,7
11/21/2008,1010.5,31.5,23.9,27.1,87,97,74,W,4,SSE,23,14.3,4.4,7
11/22/2008,1009.9,30.7,24.1,27.3,87,98,72,WNW,3,NNE,17,4.7,7.2,5
11/23/2008,1010.9,28.0,24.4,26.5,88,97,78,SSE,6,E,22,4.4,0.4,7
11/24/2008,1011.0,30.8,24.5,27.0,85,97,69,NW,3,ENE,19,4.7,6.1,6
11/25/2008,1010.5,29.6,24.2,27.6,83,92,73,W,7,ENE,27,1.2,2.2,6
11/26/2008,1009.4,31.0,27.4,28.7,79,85,72,W,8,WNW,16,0.0,9.9,5
11/27/2008,1008.2,31.3,27.5,29.0,77,81,72,W,9,W,17,0.0,9.1,6
11/28/2008,1009.3,31.7,25.6,27.5,80,92,67,W,7,SW,26,0.05,9.5,5
11/29/2008,1011.5,32.2,27.8,29.0,78,85,66,WSW,5,WNW,10,0.0,5.4,7
11/30/2008,1011.8,31.3,24.5,28.1,83,97,73,W,3,WNW,11,0.0,4.5,5
12/1/2008,1011.2,31.8,26.0,28.4,81,96,69,W,3,NE,13,0.0,9.7,4
12/2/2008,1010.2,30.9,25.7,27.8,82,86,76,SE,5,SSE,14,1.0,3.8,6
12/3/2008,1009.9,31.1,24.0,27.4,83,97,70,ESE,5,NE,16,0.05,7.1,6
12/4/2008,1010.6,31.3,23.2,27.4,82,96,69,VRB,2,SE,7,0.0,9.4,4
12/5/2008,1012.2,31.9,23.8,27.7,80,94,64,VRB,2,W,17,0.0,9.4,4
12/6/2008,1011.8,31.2,23.6,27.5,80,95,67,VRB,2,N,9,0.0,10.6,5
12/7/2008,1010.7,31.5,24.4,27.7,79,93,67,NNE,3,NW,7,0.0,9.5,2
12/8/2008,1010.6,30.9,24.4,28.0,80,92,71,W,3,NNW,18,4.3,3.6,7
12/9/2008,1011.1,29.7,24.0,26.4,88,97,74,NNW,4,WSW,13,9.3,0.7,7
12/10/2008,1011.5,31.1,25.4,28.2,81,89,64,W,4,W,11,1.3,6.8,5
12/11/2008,1010.9,31.1,25.4,28.3,79,89,69,W,4,W,9,0.0,9.3,5
12/12/2008,1010.0,31.5,24.0,28.2,81,94,70,SSW,3,WSW,19,6.6,8.7,6
12/13/2008,1010.7,31.2,27.1,28.2,79,97,70,E,6,E,16,0.05,7.3,6
12/14/2008,1010.5,31.0,25.0,28.8,75,79,70,E,7,E,16,2.2,10.8,2
12/15/2008,1010.2,31.2,24.4,28.6,77,94,68,ENE,6,N,19,10.5,10.6,3
12/16/2008,1009.5,30.8,26.2,28.5,79,86,73,E,9,E,19,0.6,10.4,5
12/17/2008,1009.6,31.0,27.2,28.8,77,82,71,E,9,E,21,0.0,8.4,5
12/18/2008,1008.9,31.4,24.4,28.5,79,97,65,NE,11,E,28,23.7,8.5,5
12/19/2008,1009.3,29.6,23.4,26.8,91,100,84,E,11,SE,32,78.0,2.1,7
12/20/2008,1011.0,27.8,23.4,25.7,92,100,87,E,5,SSE,13,4.9,0.0,7
12/21/2008,1010.6,30.7,26.0,28.1,79,89,71,E,4,E,9,0.0,11.0,2
12/22/2008,1010.9,30.4,23.0,27.0,80,93,69,NNE,5,ENE,12,0.0,10.5,3
12/23/2008,1011.2,30.9,23.2,27.1,77,94,63,NNE,5,N,12,0.0,9.6,2
12/24/2008,1011.2,30.6,24.7,27.4,75,94,64,NE,5,NNE,14,0.0,7.1,4
12/25/2008,1011.2,31.1,25.4,27.6,77,86,63,NE,4,NE,14,0.0,9.9,2
12/26/2008,1011.8,31.0,22.8,27.2,80,96,66,E,4,ENE,12,0.0,9.8,2
12/27/2008,1011.7,30.4,23.0,26.8,78,89,65,NE,5,NE,13,0.0,9.1,5
12/28/2008,1011.1,30.8,24.5,26.9,72,87,58,NE,5,NE,13,0.0,10.8,1
12/29/2008,1010.9,30.8,26.5,28.0,63,79,51,ENE,6,ENE,14,0.0,10.6,1
12/30/2008,1011.7,31.1,24.8,27.9,55,64,50,ENE,6,ENE,15,0.0,10.8,1
12/31/2008,1011.7,30.7,23.4,27.3,58,69,46,NE,5,ENE,14,0.0,10.7,1
1/1/2009,1011.4,30.3,24.7,27.4,58,70,51,ENE,5,ENE,14,0.0,10.7,2
1/2/2009,1012.2,30.2,25.8,27.6,59,68,51,ENE,7,NE,17,0.0,10.7,1
1/3/2009,1012.5,30.5,23.0,27.6,67,82,56,ENE,8,ENE,18,0.0,10.3,2
1/4/2009,1011.3,30.1,23.3,26.9,70,80,59,NE,5,NE,13,0.0,9.1,5
1/5/2009,1010.4,30.2,25.4,27.2,72,86,64,E,5,ENE,11,0.0,9.8,1
1/6/2009,1010.4,30.0,25.9,27.4,72,80,62,E,5,ENE,12,0.0,10.8,1
1/7/2009,1011.0,30.3,26.4,27.7,75,83,67,ENE,7,E,14,0.0,6.6,6
1/8/2009,1012.1,30.8,24.7,27.7,81,93,71,ENE,9,NE,20,0.6,10.3,4
1/9/2009,1012.3,31.0,25.4,27.8,82,90,73,NE,6,E,14,0.0,10.5,3
1/10/2009,1011.8,31.0,25.9,28.1,80,86,74,ENE,6,ENE,13,0.0,4.8,7
1/11/2009,1013.0,29.9,25.0,27.5,82,90,74,E,9,E,24,1.1,2.4,5
1/12/2009,1013.7,30.8,24.9,28.0,78,84,69,E,9,E,21,0.0,10.5,2
1/13/2009,1013.9,30.5,24.3,27.4,76,85,66,NE,6,E,15,0.0,11.0,2
1/14/2009,1013.4,31.3,26.4,27.8,73,86,65,NE,7,NNE,15,0.0,6.5,5
1/15/2009,1013.9,30.9,26.4,28.1,75,81,65,E,7,E,15,0.0,8.8,2
1/16/2009,1013.3,30.9,24.4,27.7,76,86,65,NE,6,E,13,0.0,9.9,2
1/17/2009,1012.4,31.4,23.3,27.1,79,94,65,E,3,ESE,9,0.9,7.3,3
1/18/2009,1011.6,30.4,24.2,26.9,78,93,66,ENE,5,E,14,0.0,7.4,4
1/19/2009,1011.3,30.6,25.1,27.7,71,80,63,ENE,6,ENE,13,0.0,11.1,1
1/20/2009,1011.3,31.0,23.6,27.5,75,81,67,NE,6,ENE,13,0.0,10.9,2
1/21/2009,1011.5,30.8,25.4,27.5,74,88,62,ENE,5,ENE,13,0.0,10.4,1
1/22/2009,1010.5,31.1,22.6,27.4,79,89,67,NE,5,NE,13,0.0,8.9,4
1/23/2009,1010.3,30.8,22.4,26.3,74,87,57,NE,5,NE,12,0.0,10.7,2
1/24/2009,1010.1,31.0,21.7,26.4,73,93,58,E,3,ENE,10,0.0,8.1,5
1/25/2009,1010.2,30.2,24.4,26.4,78,92,65,NNE,4,NNW,9,0.0,6.4,5
1/26/2009,1011.2,30.9,23.7,27.4,80,98,63,VRB,2,ESE,8,0.05,6.7,7
1/27/2009,1011.5,31.1,24.4,27.0,85,97,70,N,4,N,13,0.0,6.4,6
1/28/2009,1011.2,31.1,23.5,27.4,85,98,72,ENE,3,ENE,9,0.05,7.1,7
1/29/2009,1010.9,31.7,25.6,27.6,83,97,74,N,5,E,13,0.05,9.9,4
1/30/2009,1010.6,30.9,25.7,28.3,67,84,57,ENE,10,ENE,22,0.0,10.8,5
1/31/2009,1010.9,31.4,23.7,27.9,71,77,62,ENE,6,E,14,0.0,9.9,3
2/1/2009,1012.4,30.8,22.9,26.8,74,85,61,NNE,4,NNW,11,0.0,11.2,2
2/2/2009,1012.5,31.2,22.6,26.7,75,88,62,NE,5,NE,14,0.0,10.9,2
2/3/2009,1012.6,31.0,25.3,27.4,75,91,64,NE,5,NE,13,0.0,10.2,3
2/4/2009,1013.5,31.0,23.5,27.3,74,85,63,NE,4,NE,11,0.0,10.0,2
2/5/2009,1012.7,31.3,25.0,28.0,74,84,61,ENE,5,ENE,10,0.0,10.8,1
2/6/2009,1011.9,31.2,23.7,28.0,78,89,66,E,4,ENE,10,7.6,9.7,2
2/7/2009,1011.8,31.2,23.5,28.0,72,90,63,E,5,E,25,0.0,10.6,1
2/8/2009,1013.0,31.4,22.9,27.6,73,89,59,N,5,ENE,14,0.05,9.2,1
2/9/2009,1012.8,31.2,23.1,27.6,77,91,65,E,3,NW,6,0.0,9.7,3
2/10/2009,1012.3,31.3,21.2,26.5,75,96,62,E,3,ENE,10,0.0,10.7,1
2/11/2009,1012.1,31.2,20.9,26.6,71,91,53,NW,3,E,8,0.0,10.8,1
2/12/2009,1012.1,31.0,24.2,27.3,72,87,56,NW,4,NW,12,0.0,10.9,1
2/13/2009,1011.1,32.0,25.6,28.1,74,89,63,N,6,N,15,0.0,9.4,3
2/14/2009,1010.8,31.3,24.6,27.9,72,81,61,N,6,N,14,0.0,10.4,2
2/15/2009,1010.1,31.3,23.8,27.9,74,87,62,N,5,N,12,0.0,10.4,2
2/16/2009,1010.5,31.2,24.6,27.8,75,88,64,NNW,5,NNW,10,0.0,10.8,2
2/17/2009,1010.4,31.4,25.4,28.1,72,82,62,ENE,5,ENE,13,0.0,10.5,1
2/18/2009,1009.6,31.5,22.4,27.8,72,86,60,N,4,NE,12,0.0,11.1,2
2/19/2009,1008.6,31.4,25.0,27.5,73,91,59,N,4,N,12,0.0,10.7,2
2/20/2009,1010.0,31.7,24.2,28.2,72,88,60,E,4,E,13,0.05,10.6,2
2/21/2009,1009.7,32.4,26.8,28.6,76,89,67,E,6,ENE,18,0.05,9.0,4
2/22/2009,1008.4,31.6,27.0,28.7,79,87,72,ENE,6,E,14,0.0,10.9,3
2/23/2009,1009.9,31.7,25.8,28.7,77,85,70,E,6,ENE,16,0.05,8.3,3
2/24/2009,1010.6,31.8,24.2,28.1,82,94,68,E,3,E,12,0.0,10.8,2
2/25/2009,1010.0,32.0,24.7,28.3,83,97,70,W,3,NNW,10,0.0,10.4,2
2/26/2009,1009.6,32.0,26.6,28.7,81,93,71,NW,4,NW,9,0.0,10.1,2
2/27/2009,1010.5,32.0,23.6,28.2,82,95,70,N,3,NW,7,0.0,9.1,3
2/28/2009,1010.3,31.7,23.3,27.1,82,96,67,N,3,NNE,10,0.0,7.1,2
3/1/2009,1010.2,31.9,27.0,28.6,75,93,61,NW,5,NW,11,0.0,10.0,2
3/2/2009,1009.9,31.9,27.2,29.2,79,85,71,NW,7,NNW,14,0.0,10.2,3
3/3/2009,1010.5,32.0,25.0,28.9,79,92,67,WNW,4,W,10,0.0,10.0,4
3/4/2009,1010.8,32.0,25.5,28.8,77,91,68,NW,4,NW,11,0.0,10.0,2
3/5/2009,1010.5,32.1,27.6,29.1,74,81,65,NW,6,NW,13,0.0,10.3,3
3/6/2009,1010.8,32.4,27.6,29.4,77,83,66,WNW,8,WNW,15,0.0,10.3,3
3/7/2009,1009.8,32.1,26.6,29.1,77,85,68,WNW,6,NW,13,0.0,10.1,2
3/8/2009,1009.2,32.0,24.4,28.7,79,94,68,NW,5,NW,12,0.0,10.3,1
3/9/2009,1009.6,31.9,24.9,28.3,81,95,69,NNW,4,NNW,9,0.0,10.4,1
3/10/2009,1010.1,32.3,27.4,29.0,77,93,66,E,5,ENE,10,0.0,9.7,2
3/11/2009,1010.4,32.8,25.3,29.5,76,93,66,E,4,E,10,2.4,10.8,3
3/12/2009,1010.3,31.9,24.2,28.5,83,96,72,NW,3,WSW,10,5.7,4.3,3
3/13/2009,1011.4,31.7,24.6,27.9,85,96,72,VRB,2,E,19,2.7,9.1,4
3/14/2009,1011.3,32.9,24.5,28.3,82,97,67,NE,3,NNE,23,5.8,9.4,3
3/15/2009,1010.6,32.2,25.5,28.6,80,97,67,N,4,NNW,12,0.05,11.1,3
3/16/2009,1009.7,32.6,26.5,28.9,78,90,66,NE,4,NE,13,0.0,10.0,3
3/17/2009,1009.8,32.4,25.6,29.2,77,91,67,E,3,S,13,0.0,10.5,3
3/18/2009,1010.0,32.5,25.6,28.8,78,90,65,NNE,4,ENE,12,0.0,8.6,3
3/19/2009,1010.2,32.9,27.4,29.7,75,88,64,NNW,5,N,12,0.0,10.2,2
3/20/2009,1010.4,32.8,25.0,29.7,74,82,64,NW,4,NW,9,0.0,10.0,2
3/21/2009,1009.9,32.2,24.3,28.9,76,89,66,NNW,4,NW,12,0.0,10.4,2
3/22/2009,1009.2,32.4,24.4,28.5,75,88,62,NW,3,N,8,0.0,9.9,2
3/23/2009,1010.4,32.9,23.7,28.3,74,89,61,ESE,3,E,9,0.0,10.7,2
3/24/2009,1010.9,32.2,24.6,28.5,74,88,60,NNE,3,N,11,0.0,10.7,2
3/25/2009,1010.4,33.1,25.3,29.1,76,90,60,NNE,4,NE,15,6.0,10.5,2
3/26/2009,1010.1,32.7,25.0,28.9,76,96,60,ENE,4,ESE,19,0.0,10.2,2
3/27/2009,1010.3,33.0,25.0,28.9,76,92,59,E,3,ENE,10,0.0,10.5,1
3/28/2009,1009.9,32.8,24.1,29.1,79,93,66,VRB,2,ENE,12,5.7,11.0,1
3/29/2009,1009.6,32.5,26.8,29.4,79,94,69,WNW,4,NE,13,0.0,9.4,3
3/30/2009,1008.9,32.8,25.5,29.2,79,85,70,NNE,3,E,12,0.0,9.2,5
3/31/2009,1007.5,33.2,25.4,29.1,79,92,66,E,4,SSE,20,3.2,9.3,3
4/1/2009,1008.3,33.0,25.5,29.0,78,93,64,ENE,3,NE,11,0.0,10.8,2
4/2/2009,1009.0,32.9,25.9,30.1,75,85,60,NW,4,W,11,0.05,11.0,3
4/3/2009,1009.2,33.5,26.0,29.4,77,88,65,N,5,NE,12,0.0,8.7,5
4/4/2009,1009.5,33.6,25.6,29.5,75,88,61,ENE,3,NE,12,0.0,10.0,3
4/5/2009,1010.3,31.8,25.6,27.9,83,91,73,NW,3,SSE,22,2.7,0.0,7
4/6/2009,1008.9,32.6,27.2,29.2,82,88,74,NW,5,NNW,14,1.2,2.8,7
4/7/2009,1008.0,32.8,22.2,30.3,79,84,72,WNW,9,WNW,19,4.8,5.5,7
4/8/2009,1008.1,31.0,26.7,28.2,81,88,68,W,7,N,36,0.0,2.3,7
4/9/2009,1007.5,31.1,23.4,28.2,81,90,64,SW,6,NNE,39,9.7,0.0,7
4/10/2009,1008.6,29.7,22.0,27.2,82,97,74,N,5,ENE,35,24.4,0.0,8
4/11/2009,1008.3,30.2,25.2,27.4,85,97,73,W,5,NNW,25,0.05,1.0,7
4/12/2009,1008.1,31.7,27.6,28.9,80,86,71,W,6,NE,15,0.0,2.3,7
4/13/2009,1007.9,31.9,28.6,29.6,81,86,74,W,10,W,20,0.05,8.5,6
4/14/2009,1008.2,31.8,28.4,29.6,78,85,73,WNW,12,WNW,20,0.05,3.2,7
4/15/2009,1008.7,31.8,26.6,29.7,75,82,70,WNW,12,WNW,25,2.2,9.3,7
4/16/2009,1007.6,32.0,28.1,29.6,77,82,70,NW,10,WNW,25,0.0,10.6,5
4/17/2009,1007.4,31.9,27.8,29.6,75,78,68,WNW,9,WNW,19,0.0,10.4,2
4/18/2009,1009.0,32.2,24.6,29.3,76,86,67,NW,4,W,11,0.0,10.5,2
4/19/2009,1010.7,31.9,25.6,28.7,78,93,69,SW,4,SSW,9,0.0,10.8,2
4/20/2009,1010.4,31.8,27.6,29.1,73,81,64,WSW,5,WSW,11,0.0,11.1,2
4/21/2009,1009.7,32.0,28.0,29.5,73,77,64,WSW,6,WSW,13,0.0,10.8,5
4/22/2009,1010.4,32.4,27.6,29.7,75,81,69,W,6,WSW,13,0.0,10.6,5
4/23/2009,1010.4,32.1,26.5,29.4,76,84,65,WSW,5,WSW,12,0.0,11.0,1
4/24/2009,1010.3,32.1,27.8,29.3,78,87,69,WSW,5,WSW,10,0.0,10.6,1
4/25/2009,1010.2,32.7,26.4,29.6,80,91,71,W,4,WSW,10,0.0,10.8,2
4/26/2009,1009.8,32.5,25.8,29.8,77,85,67,W,4,NW,8,0.0,10.5,2
4/27/2009,1009.7,32.7,25.4,29.2,79,93,66,W,3,WNW,7,0.0,10.8,1
4/28/2009,1010.3,32.9,27.7,29.5,79,93,72,SW,4,WSW,10,0.0,10.6,2
4/29/2009,1011.1,32.6,24.4,29.3,80,95,67,SW,6,S,19,10.5,9.6,5
4/30/2009,1011.2,32.2,28.0,29.5,76,84,67,SW,6,SW,13,0.0,9.2,6
5/1/2009,1011.2,32.7,28.4,30.1,75,84,67,WSW,6,SW,13,0.0,10.9,2
5/2/2009,1011.3,32.5,28.9,30.3,77,85,69,W,7,WNW,13,0.0,10.4,2
5/3/2009,1010.8,33.1,28.3,30.3,79,89,73,W,6,WNW,19,2.2,10.2,4
5/4/2009,1009.7,33.0,28.1,30.1,80,85,74,SW,5,SW,13,0.0,9.9,5
5/5/2009,1010.3,33.8,28.0,30.0,79,86,67,WSW,6,SW,15,0.0,8.5,6
5/6/2009,1010.0,33.2,25.9,30.1,79,86,68,NW,5,WNW,20,0.05,10.1,4
5/7/2009,1008.8,33.1,28.6,30.0,77,87,67,W,4,NW,10,0.05,5.3,3
5/8/2009,1008.5,33.4,28.6,30.7,77,85,69,W,5,WNW,11,0.0,10.4,2
5/9/2009,1008.4,33.2,24.4,28.7,84,94,68,W,4,WNW,19,29.6,6.1,5
5/10/2009,1008.0,32.3,28.4,29.8,80,86,73,W,7,W,15,0.0,9.1,6
5/11/2009,1007.8,33.2,28.6,30.3,80,98,71,WNW,6,W,16,0.05,5.5,7
5/12/2009,1008.2,33.3,28.9,30.3,79,87,73,WNW,8,NW,17,0.0,6.4,6
5/13/2009,1008.1,32.8,28.9,30.1,74,81,67,W,9,W,18,0.0,4.6,7
5/14/2009,1007.8,32.1,28.9,30.2,74,79,68,WNW,10,W,20,0.0,10.4,3
5/15/2009,1008.2,32.4,28.4,30.2,76,82,70,WNW,10,W,20,1.2,10.1,4
5/16/2009,1008.9,33.0,28.5,30.3,76,82,66,NW,8,W,17,0.0,9.8,6
5/17/2009,1009.0,32.5,28.8,30.2,76,82,67,W,8,W,15,0.0,9.4,5
5/18/2009,1008.8,32.2,25.6,29.9,79,85,73,W,11,WNW,28,1.6,9.9,5
5/19/2009,1009.4,31.2,26.8,28.9,82,92,77,W,12,W,25,4.2,2.5,7
5/20/2009,1008.5,30.1,25.6,28.6,83,89,77,W,12,W,29,0.5,0.0,7
5/21/2009,1008.3,31.8,25.4,28.9,86,98,78,W,9,SW,30,6.3,7.2,7
5/22/2009,1007.9,30.4,25.4,27.8,90,97,84,SW,11,WSW,26,8.6,3.3,7
5/23/2009,1007.3,30.2,24.5,27.9,90,98,82,W,14,WSW,32,22.0,0.2,7
5/24/2009,1007.0,30.2,24.2,27.2,90,100,80,W,15,W,44,44.9,1.6,8
5/25/2009,1005.9,30.5,25.9,28.4,84,91,76,WSW,15,W,42,4.6,1.6,7
5/26/2009,1005.6,31.2,24.8,28.6,85,95,78,W,13,W,34,18.7,3.6,7
5/27/2009,1006.9,30.7,26.4,27.9,85,97,74,W,12,W,31,1.0,1.4,7
5/28/2009,1007.8,31.5,27.8,29.2,82,88,72,W,10,W,19,0.05,4.6,7
5/29/2009,1008.6,31.6,28.4,29.6,82,88,75,W,11,W,19,0.0,10.8,4
5/30/2009,1007.9,31.5,28.2,29.5,82,87,74,W,11,W,20,0.05,7.6,5
5/31/2009,1008.6,31.8,28.3,29.5,80,85,75,W,9,W,19,0.0,9.9,6
6/1/2009,1009.6,31.8,26.0,29.5,80,88,72,W,8,W,16,0.7,10.4,3
6/2/2009,1010.5,31.8,27.8,29.3,81,85,76,W,8,W,25,0.05,9.5,3
6/3/2009,1011.2,31.9,26.0,29.7,79,85,72,W,10,WSW,19,1.0,10.6,4
6/4/2009,1010.2,31.8,27.2,29.1,83,93,74,WSW,11,WSW,31,1.9,8.1,6
6/5/2009,1009.3,31.2,28.4,29.4,77,86,72,SW,13,SW,24,0.0,9.0,7
6/6/2009,1009.1,31.0,27.7,29.3,79,86,73,SW,14,SW,31,0.05,0.4,8
6/7/2009,1009.3,31.9,27.6,29.5,82,88,75,WSW,13,WSW,23,0.8,5.8,7
6/8/2009,1010.5,32.0,27.3,29.0,82,89,73,WSW,11,W,27,0.05,6.4,7
6/9/2009,1010.6,31.6,26.9,29.1,81,87,73,W,9,W,22,0.05,9.8,4
6/10/2009,1010.3,31.5,25.6,29.1,81,89,72,W,9,W,21,0.9,10.7,3
6/11/2009,1010.6,31.6,26.9,28.9,81,85,75,WSW,9,WSW,21,0.05,8.3,6
6/12/2009,1010.9,31.0,26.3,28.4,82,91,73,WSW,7,SW,23,1.2,1.7,6
6/13/2009,1011.8,31.6,25.4,28.4,83,91,71,WSW,9,WNW,25,1.9,5.8,7
6/14/2009,1011.4,32.0,26.4,29.0,81,89,72,W,9,WSW,18,0.05,8.0,6
6/15/2009,1010.4,31.8,25.2,29.0,80,97,72,WSW,11,WNW,29,7.4,9.9,5
6/16/2009,1009.9,31.3,26.4,28.8,82,88,74,WSW,12,WSW,26,1.5,10.0,6
6/17/2009,1009.0,31.5,23.8,28.1,85,100,72,W,11,W,31,44.9,9.2,7
6/18/2009,1008.7,30.5,24.4,26.9,88,100,75,WSW,11,WSW,28,20.5,2.9,7
6/19/2009,1008.9,29.5,23.9,26.4,90,99,83,WSW,8,W,27,37.4,1.0,8
6/20/2009,1009.3,30.7,25.8,28.0,82,90,73,W,10,W,26,0.05,6.8,7
6/21/2009,1009.7,31.4,25.4,28.8,83,93,75,WSW,8,WSW,28,8.1,8.9,7
6/22/2009,1009.8,30.0,25.3,27.5,86,96,75,WSW,7,WSW,25,3.3,1.3,7
6/23/2009,1009.2,31.1,24.8,28.0,86,98,78,WSW,8,W,23,5.3,4.4,7
6/24/2009,1009.3,29.8,26.4,27.7,86,93,80,WSW,11,WSW,28,0.05,1.5,7
6/25/2009,1009.7,29.0,26.4,28.0,83,89,77,W,11,W,27,0.05,0.0,7
6/26/2009,1009.3,30.5,25.2,28.4,83,90,77,W,10,W,31,4.9,2.8,7
6/27/2009,1008.6,31.0,25.8,28.9,81,90,74,W,11,W,23,0.05,6.8,7
6/28/2009,1008.1,31.2,26.6,28.8,83,88,76,WSW,11,WSW,22,3.9,7.4,7
6/29/2009,1008.4,31.1,26.2,28.7,83,94,75,WSW,10,WSW,19,0.5,3.9,7
6/30/2009,1009.8,30.9,24.0,27.9,83,96,78,WSW,13,WNW,37,10.5,0.2,7
7/1/2009,1010.9,30.7,22.9,26.6,89,100,79,WSW,13,WNW,44,58.1,0.9,8
7/2/2009,1010.0,30.2,23.7,27.0,87,100,74,W,10,W,37,22.6,0.8,7
7/3/2009,1008.9,30.2,24.4,27.7,87,94,78,W,10,W,40,12.5,1.0,7
7/4/2009,1008.1,31.0,25.5,28.3,84,93,74,W,10,W,31,3.6,4.5,7
7/5/2009,1008.0,30.0,24.4,26.7,90,100,83,WSW,10,WNW,35,33.0,0.0,8
7/6/2009,1008.4,31.0,24.5,27.0,87,100,79,W,9,W,32,23.9,2.1,8
7/7/2009,1009.0,30.2,25.6,27.5,85,90,80,W,11,W,33,2.6,1.8,7
7/8/2009,1009.5,31.0,24.8,27.8,86,97,80,WSW,11,WSW,27,2.6,6.9,7
7/9/2009,1009.6,31.3,25.0,28.4,85,94,76,WSW,8,WSW,16,5.7,6.8,7
7/10/2009,1009.9,30.4,25.4,28.0,86,93,80,SW,6,WSW,25,0.05,3.5,7
7/11/2009,1010.7,31.3,25.7,28.4,86,94,78,SSW,6,S,13,0.0,10.0,4
7/12/2009,1010.2,31.5,26.9,28.7,85,94,78,WSW,6,WSW,17,0.05,10.5,2
7/13/2009,1009.9,31.2,24.0,28.8,84,95,78,WSW,10,W,24,8.1,10.2,4
7/14/2009,1009.1,31.1,27.3,28.7,85,91,77,SW,10,WSW,18,1.6,9.2,7
7/15/2009,1008.9,31.5,27.2,28.5,84,91,78,WSW,11,WSW,25,0.05,3.5,7
7/16/2009,1009.2,31.4,23.3,28.3,85,97,75,SW,10,WNW,34,7.5,7.1,7
7/17/2009,1009.6,28.4,23.2,26.0,89,97,84,WSW,10,W,38,20.1,0.0,7
7/18/2009,1010.1,30.9,25.4,28.5,81,88,75,WSW,7,WNW,21,6.1,7.1,7
7/19/2009,1011.2,30.5,26.0,28.1,85,94,71,W,9,SW,31,0.05,2.9,7
7/20/2009,1010.9,30.7,27.0,28.6,84,91,74,W,10,W,20,1.1,3.6,7
7/21/2009,1010.9,31.3,25.2,28.8,83,90,75,W,10,WSW,22,4.2,10.4,6
7/22/2009,1010.1,31.2,24.6,28.6,84,93,77,WSW,8,WNW,18,2.8,10.1,3
7/23/2009,1010.7,30.5,24.3,27.8,85,92,75,W,5,W,32,0.5,3.7,5
7/24/2009,1010.9,31.5,26.4,28.6,84,91,76,NW,5,NNW,8,0.05,9.4,4
7/25/2009,1011.2,31.2,25.0,28.4,82,95,72,WNW,4,NW,10,0.05,10.8,2
7/26/2009,1010.9,31.5,26.6,28.7,81,90,70,W,5,SW,13,0.05,10.6,5
7/27/2009,1010.6,31.5,27.4,28.9,81,90,77,WSW,9,SW,16,0.0,10.3,6
7/28/2009,1010.9,31.4,27.2,28.9,76,81,69,WSW,8,WSW,15,0.0,10.9,2
7/29/2009,1011.3,31.3,26.4,28.6,77,84,70,SSW,6,SSW,14,0.0,8.9,6
7/30/2009,1011.7,31.7,24.8,28.6,80,90,72,SSW,5,S,13,2.1,5.4,6
7/31/2009,1011.8,31.0,27.0,28.2,81,88,72,WSW,6,WSW,21,0.05,1.6,7
8/1/2009,1011.3,31.2,26.6,28.6,80,85,70,W,7,WSW,22,0.0,7.1,6
8/2/2009,1011.0,31.3,26.2,28.8,77,82,67,WNW,10,W,24,0.05,8.8,5
8/3/2009,1010.9,31.1,27.6,28.9,77,82,70,W,12,W,22,0.05,9.1,6
8/4/2009,1011.1,31.2,28.0,29.1,79,85,73,W,12,W,19,0.05,10.4,3
8/5/2009,1010.3,31.1,25.7,28.9,79,85,72,W,12,W,33,2.8,9.9,3
8/6/2009,1010.4,31.8,26.7,29.0,78,86,71,W,12,W,20,0.05,10.2,4
8/7/2009,1010.5,31.6,25.6,28.5,81,94,70,W,7,W,23,7.7,10.1,6
8/8/2009,1009.5,31.7,27.0,29.1,81,87,74,WNW,11,WNW,27,0.05,10.1,4
8/9/2009,1008.8,31.4,26.2,28.8,82,90,73,WNW,12,NW,24,1.1,8.3,5
8/10/2009,1008.8,31.2,26.4,28.9,81,89,70,WNW,14,WNW,32,2.3,9.7,6
8/11/2009,1009.6,31.2,26.4,28.9,80,92,73,WNW,13,WNW,29,0.05,8.7,7
8/12/2009,1009.4,31.2,25.6,28.7,81,91,73,WNW,12,WNW,29,4.4,9.3,7
8/13/2009,1009.3,31.2,24.5,27.6,85,98,74,WNW,9,WNW,23,21.5,2.8,7
8/14/2009,1010.2,30.4,23.0,27.6,84,98,76,WNW,10,NNW,28,21.4,4.2,7
8/15/2009,1010.0,30.2,24.6,27.9,83,93,76,WNW,11,WNW,24,6.3,3.9,7
8/16/2009,1010.2,30.5,24.0,26.4,89,97,78,WNW,12,WNW,26,17.8,3.7,7
8/17/2009,1009.5,30.4,23.1,27.3,84,100,75,WNW,11,NW,27,26.7,2.8,7
8/18/2009,1009.3,28.9,23.1,26.4,87,100,78,NW,11,NNW,25,20.4,2.5,7
8/19/2009,1009.5,30.3,23.4,27.3,83,98,71,WNW,11,WNW,28,19.7,3.0,7
8/20/2009,1009.8,30.0,24.4,27.0,86,94,78,WNW,9,NW,23,14.5,6.2,7
8/21/2009,1010.6,27.7,24.4,26.1,90,98,80,WNW,10,WNW,28,27.0,0.0,7
8/22/2009,1010.4,30.8,26.8,28.2,81,89,74,W,8,WNW,18,0.0,9.3,5
8/23/2009,1010.7,30.6,25.5,28.1,81,87,73,WSW,6,WSW,13,0.0,10.7,3
8/24/2009,1011.1,30.9,24.8,27.5,83,94,73,W,8,W,25,1.2,8.9,5
8/25/2009,1011.2,30.4,26.5,28.2,80,89,73,W,7,W,15,1.6,9.8,6
8/26/2009,1011.4,30.1,24.6,27.4,85,96,77,W,10,WNW,30,12.9,1.1,7
8/27/2009,1011.0,28.3,23.6,26.7,88,98,83,WSW,10,W,28,24.2,0.0,7
8/28/2009,1011.0,29.9,26.4,27.9,84,90,78,W,11,W,25,1.3,2.8,7
8/29/2009,1010.6,30.4,27.2,28.4,80,85,74,W,10,WNW,19,0.0,11.0,5
8/30/2009,1011.1,31.0,26.3,28.5,79,86,71,W,8,W,15,0.05,10.8,3
8/31/2009,1011.4,31.1,27.2,28.5,80,87,71,WSW,5,W,18,0.0,10.4,5
9/1/2009,1011.0,30.8,26.8,28.1,82,87,77,WNW,10,WNW,23,0.05,5.6,7
9/2/2009,1010.4,29.9,25.0,27.7,83,96,76,W,11,W,29,4.3,1.9,7
9/3/2009,1010.5,30.3,24.6,28.1,84,90,75,W,10,WNW,31,5.6,6.4,7
9/4/2009,1011.5,30.9,24.6,28.7,81,88,76,W,10,W,20,0.0,9.7,7
9/5/2009,1010.9,30.8,27.6,28.7,83,87,78,W,10,WSW,24,0.05,7.7,6
9/6/2009,1009.4,30.8,25.6,28.8,80,85,74,W,10,W,20,3.3,9.3,6
9/7/2009,1009.5,30.2,24.1,27.6,86,94,78,W,13,W,37,17.8,4.3,7
9/8/2009,1010.4,30.8,25.1,28.2,83,88,77,WNW,11,WNW,29,5.0,6.6,6
9/9/2009,1010.3,29.7,23.6,27.2,87,97,80,WNW,8,WNW,25,12.1,0.7,7
9/10/2009,1009.5,30.8,27.0,28.4,83,90,77,NW,9,WNW,19,0.05,5.6,5
9/11/2009,1010.3,31.5,24.9,27.7,84,97,75,NW,8,WSW,26,17.8,7.8,6
9/12/2009,1011.3,31.3,26.5,28.1,83,94,73,NW,5,NNW,17,1.1,8.7,6
9/13/2009,1011.9,31.2,24.0,28.3,82,88,74,NW,6,NNW,16,0.05,7.5,4
9/14/2009,1012.2,31.2,25.7,28.4,83,97,76,W,7,WNW,17,1.1,10.4,3
9/15/2009,1010.1,31.1,27.2,28.5,83,90,76,WNW,7,NW,15,0.0,10.6,3
9/16/2009,1009.7,31.1,26.8,28.6,82,92,75,WNW,8,WNW,15,0.05,11.0,2
9/17/2009,1010.6,30.6,26.4,28.3,82,85,76,W,9,W,23,1.1,5.4,6
9/18/2009,1011.3,31.0,27.3,28.7,79,84,71,WSW,9,WSW,17,0.0,9.5,6
9/19/2009,1011.7,30.9,27.3,28.4,79,85,71,W,10,W,18,0.0,6.1,7
9/20/2009,1011.1,31.0,27.4,28.6,80,86,72,W,10,W,16,0.0,10.3,5
9/21/2009,1010.3,31.3,24.8,28.7,81,90,74,W,7,W,16,2.4,9.8,5
9/22/2009,1010.1,30.4,23.8,27.5,85,97,77,WSW,5,W,21,2.3,3.7,7
9/23/2009,1011.2,30.3,26.6,28.3,81,86,73,W,7,W,14,0.05,4.3,6
9/24/2009,1012.3,31.1,27.3,28.7,78,86,71,WNW,6,WNW,12,0.0,10.7,2
9/25/2009,1011.9,31.5,27.1,28.8,78,84,70,WNW,7,W,14,0.0,11.3,3
9/26/2009,1010.6,31.1,27.3,28.6,77,85,69,WNW,9,W,15,0.05,10.5,2
9/27/2009,1009.6,31.1,24.6,28.6,79,92,69,W,9,W,27,9.5,9.5,6
9/28/2009,1009.5,30.0,24.2,26.6,91,98,83,W,14,W,35,79.5,1.7,7
9/29/2009,1009.8,29.0,24.7,27.6,86,92,81,W,13,W,26,8.5,0.0,7
9/30/2009,1009.6,31.4,25.0,28.1,85,97,74,W,15,W,35,5.9,3.2,7
10/1/2009,1009.2,28.9,24.2,27.5,87,92,79,W,15,W,38,9.6,0.0,8
10/2/2009,1009.4,30.5,27.3,28.4,85,92,76,W,12,W,21,0.05,3.4,7
10/3/2009,1009.8,30.3,27.4,28.6,83,87,77,W,10,W,22,0.05,2.5,6
10/4/2009,1011.2,30.3,26.4,28.6,82,86,75,W,10,W,17,0.0,9.9,5
10/5/2009,1011.6,31.1,27.0,28.6,82,88,76,W,7,W,13,0.0,10.2,5
10/6/2009,1011.1,31.2,27.2,28.7,80,86,74,WNW,7,W,13,0.0,10.9,6
10/7/2009,1010.8,31.1,26.8,28.4,80,88,73,WNW,8,WNW,15,0.0,10.2,6
10/8/2009,1010.2,31.1,26.8,28.5,79,86,71,WNW,7,NW,13,0.0,10.6,2
10/9/2009,1009.9,31.2,26.2,28.5,80,86,73,NW,5,NW,12,0.0,11.2,2
10/10/2009,1010.5,31.4,26.6,28.4,77,87,68,NW,4,NW,8,0.0,10.3,4
10/11/2009,1011.3,31.2,23.6,27.7,79,93,67,VRB,2,W,6,0.0,11.3,2
10/12/2009,1011.4,31.2,25.2,28.1,77,93,68,SE,3,ESE,8,0.0,11.3,2
10/13/2009,1011.7,31.7,24.2,28.1,80,93,69,SE,3,SE,8,0.0,10.9,2
10/14/2009,1011.7,31.5,25.2,28.2,79,92,67,NNW,4,NE,10,0.0,11.3,2
10/15/2009,1011.0,32.1,24.8,28.6,81,93,68,NW,3,NE,8,0.05,10.6,2
10/16/2009,1011.3,31.9,24.9,28.2,82,95,71,VRB,2,NW,7,0.0,10.5,3
10/17/2009,1010.4,31.9,25.0,28.7,81,93,70,NW,3,NW,9,0.0,10.8,2
10/18/2009,1010.0,32.0,24.6,28.4,82,95,71,VRB,2,NW,6,0.0,10.9,3
10/19/2009,1011.1,32.0,24.3,27.9,82,95,66,VRB,2,NNW,6,0.0,9.2,4
10/20/2009,1011.1,32.2,25.2,28.4,83,96,70,NNW,3,N,10,0.0,10.3,3
10/21/2009,1012.0,32.2,25.0,28.3,81,95,68,VRB,2,NE,10,0.0,7.0,7
10/22/2009,1012.3,31.4,24.8,27.6,84,97,69,NE,3,N,10,0.0,2.2,6
10/23/2009,1011.5,32.5,24.4,28.3,78,98,64,VRB,2,NW,6,0.0,10.6,2
10/24/2009,1010.4,32.1,23.4,27.9,79,92,64,VRB,2,SSE,10,0.0,10.9,3
10/25/2009,1010.1,32.5,24.0,28.0,77,96,60,VRB,2,SE,6,0.0,10.9,1
10/26/2009,1010.4,32.7,24.6,28.3,79,92,64,VRB,2,ENE,9,0.0,10.7,1
10/27/2009,1009.8,32.6,24.6,28.7,80,94,65,VRB,2,SSE,17,0.0,10.1,3
10/28/2009,1009.1,32.9,26.7,29.4,78,96,68,ENE,4,ENE,17,0.0,10.4,4
10/29/2009,1009.7,32.3,26.4,29.1,80,87,70,E,7,NNE,20,3.1,5.9,6
10/30/2009,1010.2,31.0,24.4,27.9,86,97,75,E,7,NE,21,32.9,2.7,7
10/31/2009,1009.6,32.0,24.4,28.4,82,96,71,W,5,ENE,17,38.3,7.1,7
11/1/2009,1009.2,30.5,25.6,27.5,85,97,76,W,4,NW,10,0.05,5.3,7
11/2/2009,1009.0,30.5,24.5,27.8,82,93,70,SSE,4,E,12,0.9,0.1,7
11/3/2009,1008.6,32.1,26.8,28.8,83,97,71,NW,4,NW,8,0.05,10.8,4
11/4/2009,1008.4,31.3,25.9,28.4,84,90,78,NW,5,NNW,18,1.8,2.8,7
11/5/2009,1007.7,32.8,24.0,27.4,88,100,69,SSW,4,WSW,16,69.1,3.0,7
11/6/2009,1007.3,29.9,25.4,27.3,88,97,79,W,8,NW,21,3.8,0.8,7
11/7/2009,1006.1,29.9,24.5,27.4,87,97,78,W,8,NNW,28,11.4,0.1,7
11/8/2009,1005.5,30.1,23.2,26.9,91,100,83,W,12,WSW,32,47.3,0.6,8
11/9/2009,1005.0,31.3,25.9,28.4,83,100,75,WSW,13,WSW,28,0.05,1.6,7
11/10/2009,1004.6,31.3,28.2,29.5,73,83,68,W,16,W,30,0.0,8.6,7
11/11/2009,1005.4,31.4,28.0,29.2,78,83,70,W,11,W,23,0.0,6.6,6
11/12/2009,1007.8,32.0,24.4,28.5,81,95,69,WNW,6,WNW,14,0.0,9.2,4
11/13/2009,1009.2,31.3,27.0,28.6,78,85,73,NW,5,WNW,10,0.0,9.4,6
11/14/2009,1008.8,30.2,27.5,28.3,76,89,71,WNW,5,NW,11,0.0,0.0,7
11/15/2009,1007.8,31.5,27.4,28.8,73,79,67,W,6,W,12,0.0,3.0,7
11/16/2009,1008.8,31.8,26.4,28.5,76,81,69,WSW,6,WSW,13,0.0,10.2,4
11/17/2009,1010.6,31.3,24.5,28.3,71,84,61,W,5,SW,12,0.0,10.8,2
11/18/2009,1011.6,31.2,23.0,27.3,76,93,63,NW,3,WNW,7,0.0,11.2,3
11/19/2009,1012.4,30.9,23.7,27.2,77,94,61,VRB,2,WNW,7,0.0,11.1,2
11/20/2009,1013.2,31.5,27.4,28.5,73,81,66,W,6,WNW,12,0.0,7.4,6
11/21/2009,1012.6,31.5,24.5,27.9,79,97,64,W,5,WNW,14,10.9,4.2,7
11/22/2009,1012.0,28.9,22.8,25.7,92,98,79,N,3,SW,12,33.6,0.0,7
11/23/2009,1012.2,31.0,24.1,26.9,86,99,68,WNW,4,E,28,11.9,5.9,5
11/24/2009,1012.7,30.1,25.0,26.7,86,98,79,E,5,E,16,0.4,1.8,7
11/25/2009,1012.3,31.1,24.2,27.6,84,94,74,ENE,4,NE,13,0.9,8.9,3
11/26/2009,1011.4,31.4,23.3,26.5,87,100,69,NW,3,E,27,42.4,9.7,3
11/27/2009,1011.3,31.1,24.9,27.3,82,100,70,NE,3,ENE,8,0.0,10.2,2
11/28/2009,1011.9,31.1,24.6,28.4,72,83,63,ENE,6,ENE,14,0.0,8.8,4
11/29/2009,1011.8,31.2,25.0,27.6,76,87,65,NNE,4,NE,12,0.0,10.4,3
11/30/2009,1011.9,31.2,24.4,27.6,77,88,65,NNE,5,NE,12,0.0,9.2,5
12/1/2009,1011.7,30.9,23.8,27.7,76,89,65,N,4,NNW,10,0.0,10.8,3
12/2/2009,1010.9,31.1,25.2,27.8,81,94,69,NNE,3,NE,11,0.05,5.9,4
12/3/2009,1011.7,31.6,25.2,28.3,82,93,71,SSE,3,SE,10,0.05,10.5,4
12/4/2009,1011.6,31.6,24.5,28.3,81,93,70,E,3,E,9,0.0,7.7,3
12/5/2009,1010.8,32.0,24.8,28.0,82,96,69,VRB,2,ENE,8,0.0,10.7,3
12/6/2009,1010.2,31.8,24.5,28.4,80,96,71,W,3,S,8,0.05,9.0,4
12/7/2009,1010.1,31.7,24.2,27.6,84,97,71,VRB,2,W,14,0.0,8.5,3
12/8/2009,1009.6,31.7,26.4,28.2,78,96,68,NE,4,NE,9,0.0,10.7,2
12/9/2009,1009.4,31.9,26.0,28.4,81,91,69,ENE,4,E,13,4.2,5.5,6
12/10/2009,1008.6,32.0,25.9,28.5,79,89,68,NE,5,ENE,13,0.0,8.6,4
12/11/2009,1008.2,31.5,23.4,28.1,74,83,61,NE,4,NE,12,0.0,9.8,2
12/12/2009,1009.0,31.2,23.4,27.3,76,89,62,NNE,3,NNW,9,0.0,10.6,3
12/13/2009,1009.8,31.6,24.1,27.6,80,93,65,VRB,2,ENE,9,0.0,10.6,2
12/14/2009,1010.7,32.0,24.6,28.3,81,94,67,VRB,2,W,6,0.0,10.5,2
12/15/2009,1011.1,32.3,25.2,28.6,81,97,65,N,4,N,13,0.0,9.9,4
12/16/2009,1011.8,31.8,25.0,28.3,81,93,68,W,3,S,12,0.0,10.5,4
12/17/2009,1011.8,31.8,24.4,27.7,86,97,70,NNE,4,E,15,23.7,8.1,4
12/18/2009,1011.8,31.6,24.8,28.2,82,97,69,NE,5,NE,17,2.8,8.6,5
12/19/2009,1011.9,31.2,27.4,28.9,79,89,71,ENE,9,E,20,0.05,9.0,4
12/20/2009,1011.6,31.3,25.4,29.0,78,89,72,ENE,9,ENE,18,0.05,8.4,4
12/21/2009,1010.8,31.5,25.4,28.3,81,94,70,NNE,4,NE,13,12.4,6.1,7
12/22/2009,1010.8,29.5,24.1,26.2,91,97,83,E,7,NE,32,37.5,0.0,8
12/23/2009,1010.2,30.9,26.0,28.4,81,87,73,ENE,13,ENE,28,0.05,4.1,7
12/24/2009,1010.3,30.7,23.5,26.2,85,100,75,ENE,11,E,28,73.0,0.0,8
12/25/2009,1011.3,29.8,22.8,26.1,87,97,73,E,8,E,28,9.0,0.0,8
12/26/2009,1009.7,29.4,23.6,27.0,85,99,74,E,5,E,22,0.0,0.0,6
12/27/2009,1010.3,29.7,23.4,26.4,87,97,77,E,4,SE,17,7.8,0.0,7
12/28/2009,1009.6,30.1,26.4,27.7,81,88,76,SE,7,SSE,20,0.0,4.6,7
12/29/2009,1009.5,30.3,25.0,27.6,84,95,74,E,7,ESE,19,1.1,6.8,7
12/30/2009,1010.2,30.5,22.6,26.0,90,100,74,E,6,S,20,115.4,4.8,7
12/31/2009,1010.1,29.1,24.6,27.0,84,99,72,E,5,ENE,14,0.05,2.4,6
1/1/2010,1010.3,31.0,26.4,28.3,78,87,70,ENE,4,SSE,13,0.0,9.7,4
1/2/2010,1011.9,31.1,24.3,27.7,83,95,73,E,4,E,10,0.0,10.3,2
1/3/2010,1012.3,31.1,24.8,27.5,83,96,72,NNE,3,NW,7,0.0,10.1,2
1/4/2010,1011.0,31.2,23.5,27.4,83,96,66,NNW,3,NNW,8,0.0,10.2,2
1/5/2010,1009.6,30.8,23.4,27.0,81,97,67,N,4,NNW,12,0.0,10.1,1
1/6/2010,1009.0,30.5,26.9,27.9,79,95,72,ENE,5,SE,13,0.0,10.0,3
1/7/2010,1009.9,31.3,26.0,28.3,76,81,66,E,5,SE,13,0.0,8.9,3
1/8/2010,1010.3,31.1,23.0,27.6,80,96,68,VRB,2,E,7,0.0,10.2,1
1/9/2010,1010.2,30.7,25.0,27.5,83,97,70,NNW,3,NE,8,0.0,9.4,2
1/10/2010,1011.6,30.9,24.7,27.6,83,97,71,NNW,3,NE,10,0.05,7.2,4
1/11/2010,1012.5,30.3,26.2,27.8,82,90,75,E,5,ESE,13,0.05,4.5,4
1/12/2010,1013.5,31.3,26.8,28.7,77,83,70,SE,5,SE,13,0.0,10.2,3
1/13/2010,1013.6,31.0,26.3,28.4,77,85,69,ENE,5,E,8,0.0,10.6,2
1/14/2010,1013.3,31.6,27.1,28.5,80,87,72,NE,7,ENE,20,0.5,10.6,3
1/15/2010,1014.0,30.8,25.1,28.4,78,84,71,E,9,ENE,20,0.0,10.1,3
1/16/2010,1015.1,30.8,23.0,27.5,77,93,65,ENE,5,ENE,13,0.0,10.2,5
1/17/2010,1015.4,31.0,25.3,27.5,80,94,71,N,4,NNW,11,0.0,10.7,3
1/18/2010,1014.6,31.2,24.3,28.1,76,88,67,NE,6,NE,13,0.0,10.8,2
1/19/2010,1013.0,30.9,22.8,27.0,79,91,67,NNE,4,N,13,0.0,9.5,2
1/20/2010,1013.5,31.0,24.4,27.1,79,94,69,NNE,5,NE,12,0.0,9.6,2
1/21/2010,1012.4,31.1,25.2,27.6,78,87,68,NNE,5,N,10,0.5,9.0,2
1/22/2010,1012.3,31.1,24.6,28.1,78,90,67,ENE,6,N,18,7.0,7.3,4
1/23/2010,1012.2,31.3,24.7,27.8,77,87,68,NE,5,NE,13,0.0,10.1,2
1/24/2010,1011.5,31.2,25.0,28.0,72,88,65,ENE,5,ENE,14,0.0,10.6,2
1/25/2010,1011.8,30.9,26.6,28.2,70,80,64,E,7,E,14,0.0,10.2,2
1/26/2010,1012.2,30.9,26.2,28.1,73,80,64,E,8,E,16,0.0,10.7,2
1/27/2010,1012.2,31.2,22.9,27.5,76,90,61,ENE,7,E,15,0.0,11.1,2
1/28/2010,1012.4,31.1,23.4,27.0,78,95,64,NE,5,NE,14,0.0,8.7,5
1/29/2010,1012.3,31.2,26.0,28.1,82,95,72,NE,5,NE,13,0.05,10.3,3
1/30/2010,1012.5,31.2,23.1,27.9,79,89,65,NE,5,NE,13,0.0,10.5,3
1/31/2010,1013.0,31.6,25.1,27.9,81,92,68,NNE,3,E,9,0.0,8.1,5
2/1/2010,1011.9,31.7,25.4,28.5,81,94,68,ENE,5,ENE,12,4.8,7.7,6
2/2/2010,1011.2,31.4,25.4,28.5,80,87,72,E,5,E,10,0.05,7.2,6
2/3/2010,1011.1,31.3,26.4,28.4,79,88,70,ENE,6,NE,14,0.05,10.1,3
2/4/2010,1011.9,31.0,24.6,27.6,79,92,66,E,5,E,14,0.0,10.3,2
2/5/2010,1011.8,31.0,25.4,27.9,78,86,70,E,5,E,10,0.0,8.1,3
2/6/2010,1012.2,30.8,26.1,27.9,76,81,68,E,5,E,14,0.0,10.6,2
2/7/2010,1012.1,30.5,22.0,27.1,78,97,65,E,8,E,23,0.0,10.1,2
2/8/2010,1011.4,31.0,24.4,27.2,79,98,63,NNW,5,NNW,12,0.0,9.7,2
2/9/2010,1010.5,31.2,23.2,27.2,77,89,62,NNE,5,N,15,0.0,10.2,1
2/10/2010,1011.1,30.9,26.8,27.8,75,92,64,NNW,5,NW,12,0.0,10.2,4
2/11/2010,1012.3,30.8,26.9,28.3,79,86,69,ENE,6,NE,13,0.05,3.9,7
2/12/2010,1011.6,31.4,24.4,28.0,82,97,72,ENE,5,ENE,13,0.0,10.1,3
2/13/2010,1011.2,31.8,26.0,28.1,83,97,71,N,5,N,13,0.05,10.3,4
2/14/2010,1010.2,32.0,26.4,28.5,82,91,72,NE,6,NE,13,0.0,5.7,5
2/15/2010,1010.1,31.8,25.4,28.3,79,88,67,ENE,5,ENE,11,0.0,11.0,2
2/16/2010,1011.1,31.8,24.2,27.8,80,96,65,NE,5,NE,14,0.0,11.1,2
2/17/2010,1011.8,32.1,27.0,28.7,79,94,68,N,6,N,13,0.0,9.8,5
2/18/2010,1012.8,29.8,23.6,27.1,87,96,73,NW,4,SSE,17,0.5,0.0,7
2/19/2010,1012.4,31.2,24.1,27.4,87,98,75,NE,3,NNW,12,0.0,7.1,5
2/20/2010,1012.1,31.7,27.1,28.6,80,98,70,NE,5,NE,12,0.0,10.8,3
2/21/2010,1012.3,31.9,25.6,28.4,77,89,64,ENE,6,NE,16,0.0,11.2,2
2/22/2010,1011.7,32.2,25.0,28.4,79,92,63,NNW,4,NE,11,0.0,10.8,3
2/23/2010,1011.4,31.7,25.0,28.2,83,93,70,N,4,NNW,12,1.6,0.0,5
2/24/2010,1010.5,32.2,24.3,28.0,81,95,68,N,4,NE,13,0.0,10.1,2
2/25/2010,1010.5,32.2,24.6,28.5,78,91,67,NE,4,ENE,10,0.0,11.0,2
2/26/2010,1011.0,32.2,24.0,28.4,77,92,64,ENE,4,E,10,0.0,11.0,2
2/27/2010,1011.0,32.6,25.0,28.7,79,96,61,NW,4,NE,12,0.0,9.8,3
2/28/2010,1011.6,31.8,24.6,27.9,83,97,69,NNW,3,NNW,9,0.05,9.5,2
3/1/2010,1012.2,32.6,25.8,28.7,73,94,61,ENE,5,ENE,12,0.0,9.2,2
3/2/2010,1011.7,32.5,24.5,28.7,71,87,58,ENE,6,E,13,0.0,10.8,4
3/3/2010,1011.2,32.5,26.0,28.6,75,88,62,N,4,NNW,11,0.05,10.3,5
3/4/2010,1011.4,32.2,26.9,29.1,74,81,66,NW,5,NNW,13,0.0,10.8,2
3/5/2010,1011.9,32.3,27.3,29.2,74,83,65,WNW,4,W,9,0.0,10.9,1
3/6/2010,1013.5,32.2,25.9,29.1,73,84,63,W,5,WNW,10,0.0,10.8,2
3/7/2010,1012.4,32.0,27.8,29.3,75,82,64,NW,8,NW,15,0.0,10.2,2
3/8/2010,1011.8,31.9,27.7,29.4,74,79,65,NW,7,NNW,15,0.0,10.5,2
3/9/2010,1011.8,32.5,24.4,28.7,81,98,69,NNW,5,NNW,12,0.0,10.6,2
3/10/2010,1012.0,33.1,27.8,29.3,77,93,63,ENE,6,ENE,15,0.0,10.2,2
3/11/2010,1012.7,32.6,28.0,29.7,76,85,68,ENE,7,ENE,21,0.0,9.6,3
3/12/2010,1013.1,31.8,26.9,28.8,79,87,71,ENE,7,E,22,0.05,3.2,6
3/13/2010,1012.2,32.7,27.4,29.5,80,88,65,E,6,E,15,0.0,8.5,5
3/14/2010,1011.3,32.8,25.4,29.1,81,93,68,NNE,4,NE,13,0.0,10.1,5
3/15/2010,1011.1,33.1,26.0,29.0,81,95,68,N,4,N,12,0.0,9.9,3
3/16/2010,1011.2,32.5,25.0,28.8,79,93,66,NNW,4,NW,9,0.0,10.5,1
3/17/2010,1012.1,32.8,24.5,29.1,79,95,66,NNW,3,NNW,9,0.0,10.3,2
3/18/2010,1012.4,33.1,27.8,29.5,73,96,60,ENE,4,ENE,12,0.0,9.5,2
3/19/2010,1011.4,32.8,24.8,29.2,77,96,67,ENE,6,NE,27,2.8,6.5,4
3/20/2010,1010.9,33.1,24.6,29.0,77,94,64,ENE,4,ENE,12,0.0,10.7,2
3/21/2010,1009.8,33.1,28.1,29.6,76,91,66,N,6,N,14,0.0,10.2,2
3/22/2010,1008.4,32.7,28.0,29.9,75,82,65,NW,6,NW,13,0.0,10.7,2
3/23/2010,1007.2,33.0,28.0,29.9,75,82,66,W,6,WNW,12,0.0,10.4,2
3/24/2010,1008.1,32.8,27.8,29.9,74,82,63,W,5,W,11,0.0,10.3,3
3/25/2010,1008.6,32.9,26.3,29.6,74,86,62,W,4,W,9,0.0,10.6,3
3/26/2010,1009.4,32.9,26.0,29.9,75,85,64,W,4,WSW,9,0.0,10.7,2
3/27/2010,1010.1,32.9,25.1,29.3,75,88,63,WNW,3,NW,9,0.0,9.9,6
3/28/2010,1010.1,33.5,25.0,29.2,77,90,62,VRB,2,NE,9,0.0,9.3,5
3/29/2010,1011.3,33.0,24.4,28.7,78,92,62,VRB,2,NNE,8,0.0,9.1,2
3/30/2010,1012.0,32.9,28.0,29.6,75,92,66,W,5,W,12,0.0,9.7,3
3/31/2010,1012.0,32.9,28.8,30.0,73,83,62,W,6,W,13,0.0,9.9,3
4/1/2010,1010.7,33.9,28.0,30.3,74,83,68,NW,7,NW,15,0.0,10.0,2
4/2/2010,1009.9,33.1,28.3,30.1,71,80,63,NW,6,NW,13,0.0,10.2,3
4/3/2010,1010.2,33.6,25.6,29.9,73,90,61,NW,4,NNW,9,0.0,10.4,2
4/4/2010,1010.8,32.9,28.0,29.8,75,86,63,W,5,W,10,0.0,10.2,1
4/5/2010,1010.0,33.1,26.2,29.7,77,94,66,W,5,SW,15,5.2,6.4,5
4/6/2010,1009.6,32.9,26.3,30.0,78,90,62,W,4,W,10,6.9,10.9,2
4/7/2010,1010.1,33.1,26.7,29.0,84,96,64,WNW,3,NNE,16,5.3,6.9,5
4/8/2010,1011.3,33.1,26.8,29.8,81,91,67,ESE,4,E,12,1.4,6.3,6
4/9/2010,1010.3,33.8,26.1,28.9,86,97,70,NNW,3,NNW,13,0.8,7.6,4
4/10/2010,1008.7,33.2,27.0,29.9,81,94,70,NNW,5,WNW,17,14.1,9.4,3
4/11/2010,1008.1,33.1,29.0,30.5,79,88,72,NNW,5,N,13,0.0,9.7,5
4/12/2010,1009.2,32.7,28.0,29.9,81,86,74,WNW,5,W,11,0.0,3.5,5
4/13/2010,1009.3,33.1,28.8,30.2,80,87,70,W,6,W,14,0.0,6.7,6
4/14/2010,1009.4,32.8,28.8,30.2,80,86,73,NW,7,WNW,15,0.0,4.0,7
4/15/2010,1009.7,33.4,28.4,30.4,77,85,67,W,5,NNW,11,0.0,10.3,4
4/16/2010,1010.3,33.8,25.4,30.3,78,96,68,WNW,4,NW,21,35.6,10.3,4
4/17/2010,1010.7,32.9,26.7,29.7,82,91,72,SSW,3,NNW,9,0.05,7.7,5
4/18/2010,1010.5,32.9,27.4,30.0,79,93,67,W,3,N,7,0.0,11.0,3
4/19/2010,1009.9,33.1,28.2,30.5,78,88,70,WNW,4,W,8,0.0,9.6,5
4/20/2010,1008.9,33.3,29.1,30.9,77,84,68,W,5,W,13,0.0,11.1,2
4/21/2010,1008.9,33.2,27.4,30.8,79,85,70,W,6,WNW,15,0.05,8.4,4
4/22/2010,1009.1,33.2,28.0,30.2,79,90,69,W,5,WNW,25,0.05,6.4,7
4/23/2010,1009.8,33.3,26.6,29.9,81,93,70,W,6,SW,18,4.5,9.6,7
4/24/2010,1009.7,32.1,28.3,29.3,82,90,72,W,7,WSW,19,2.0,3.6,6
4/25/2010,1009.0,32.9,28.8,30.5,77,83,68,W,6,W,12,0.0,10.7,3
4/26/2010,1010.8,33.7,27.1,30.3,80,95,70,WSW,5,SSW,13,3.7,10.9,3
4/27/2010,1011.6,32.7,24.4,28.9,85,99,73,WSW,5,NNW,26,22.2,4.9,6
4/28/2010,1009.8,33.0,26.8,29.9,81,91,70,WNW,3,WNW,11,0.0,11.1,3
4/29/2010,1008.8,33.4,29.4,30.8,77,94,68,E,4,E,12,0.0,10.3,3
4/30/2010,1009.0,32.9,26.4,30.5,78,89,69,SSE,5,SSE,14,6.0,11.2,4
5/1/2010,1009.3,32.8,27.4,30.1,81,89,73,SSE,4,SSE,13,0.0,7.7,7
5/2/2010,1008.8,32.9,28.8,30.5,77,87,70,NW,4,NNW,8,0.0,10.8,5
5/3/2010,1007.5,33.6,28.4,30.7,77,85,68,NW,4,NW,13,0.0,10.0,4
5/4/2010,1006.7,33.5,27.5,30.8,78,85,70,W,5,W,11,4.3,10.5,2
5/5/2010,1006.8,33.4,28.4,30.8,78,90,68,WNW,6,NW,17,0.0,9.7,4
5/6/2010,1006.1,33.7,29.5,31.1,76,82,68,WNW,7,WNW,13,0.05,10.6,3
5/7/2010,1006.4,33.7,29.7,31.1,75,80,69,W,6,W,13,0.0,10.0,5
5/8/2010,1006.9,33.6,28.3,31.0,77,84,68,WNW,7,WNW,15,0.0,9.3,6
5/9/2010,1006.9,32.7,25.0,29.5,80,100,72,SSW,6,S,25,31.1,0.6,8
5/10/2010,1006.2,32.8,28.4,30.1,81,89,74,SW,5,WNW,21,0.05,9.2,6
5/11/2010,1007.0,33.5,29.0,30.4,80,87,72,WSW,7,WSW,20,0.5,10.1,5
5/12/2010,1007.9,33.1,27.4,30.8,80,89,73,W,7,WSW,23,0.05,9.4,6
5/13/2010,1008.0,32.8,29.1,30.5,81,89,77,W,10,W,19,0.0,9.2,7
5/14/2010,1007.8,32.4,25.9,30.2,83,96,76,W,10,W,30,16.9,5.2,7
5/15/2010,1006.8,33.1,28.4,30.7,81,86,75,WSW,8,SW,18,0.05,7.9,6
5/16/2010,1007.5,31.5,24.5,28.5,86,100,79,WSW,11,NNW,26,35.6,0.0,7
5/17/2010,1007.4,31.0,26.1,28.7,87,89,81,WSW,10,W,25,2.9,1.0,7
5/18/2010,1007.4,31.8,26.4,29.5,86,92,79,WSW,11,WSW,23,1.8,4.0,7
5/19/2010,1007.5,30.4,25.8,28.8,85,95,79,W,12,NW,29,1.1,0.2,7
5/20/2010,1008.4,30.2,24.6,27.8,89,95,82,W,10,W,27,16.1,0.0,8
5/21/2010,1008.8,30.7,25.0,28.3,88,100,79,WSW,10,W,23,18.6,2.0,8
5/22/2010,1008.8,30.2,25.8,28.1,85,95,79,SW,9,W,23,1.4,0.0,8
5/23/2010,1008.8,30.6,25.5,28.5,86,95,80,SW,9,SW,22,7.3,0.1,7
5/24/2010,1009.5,30.0,25.3,27.7,87,97,80,WSW,11,W,22,1.2,0.0,7
5/25/2010,1009.9,31.2,27.2,29.3,82,92,75,WSW,10,WSW,22,1.9,7.2,7
5/26/2010,1009.9,31.9,27.0,29.2,83,91,74,WSW,9,W,21,1.0,8.4,7
5/27/2010,1009.1,31.9,27.6,29.6,82,87,72,WSW,9,WSW,21,0.0,9.3,7
5/28/2010,1009.6,31.9,26.4,29.0,85,94,75,SW,9,WSW,22,0.8,7.1,7
5/29/2010,1010.1,29.4,24.7,27.4,90,100,84,WSW,10,WSW,27,41.8,0.2,7
5/30/2010,1010.7,28.3,24.8,26.9,88,97,78,WSW,9,W,26,17.4,0.0,8
5/31/2010,1010.1,31.1,26.4,28.5,81,92,74,W,7,W,27,0.05,1.1,7
6/1/2010,1010.1,32.1,28.2,29.5,80,85,74,WSW,5,WSW,11,0.0,8.2,4
6/2/2010,1010.9,31.9,28.6,29.8,81,87,75,W,6,W,12,0.05,10.4,4
6/3/2010,1011.7,31.4,25.4,28.3,87,94,78,W,6,NNW,23,9.7,2.2,5
6/4/2010,1012.4,31.8,27.4,29.1,83,89,74,W,8,WNW,25,0.0,9.5,4
6/5/2010,1011.9,30.9,25.4,28.1,83,89,74,W,9,W,22,2.3,0.9,7
6/6/2010,1010.6,31.8,24.4,29.3,81,87,75,W,9,W,31,2.5,3.9,7
6/7/2010,1010.5,30.2,23.6,27.4,87,97,78,W,8,NNW,28,35.1,0.3,8
6/8/2010,1009.6,30.3,25.0,28.6,84,92,78,W,11,W,28,22.4,0.0,8
6/9/2010,1008.8,29.2,24.4,26.8,89,96,80,W,14,W,37,12.6,0.3,8
6/10/2010,1008.1,29.2,24.7,26.5,90,100,76,W,14,W,42,49.1,0.3,8
6/11/2010,1007.7,28.3,23.6,25.9,94,100,84,WNW,14,W,49,111.4,0.0,8
6/12/2010,1007.5,30.9,24.7,27.1,90,100,79,W,11,SW,33,42.2,2.0,8
6/13/2010,1008.3,29.9,27.3,28.5,83,88,78,WSW,12,WSW,30,1.1,0.0,7
6/14/2010,1009.6,31.3,26.4,28.6,85,93,77,WSW,7,W,30,0.0,2.7,7
6/15/2010,1009.6,31.4,26.8,28.9,86,93,78,SSW,5,SW,13,0.0,7.0,7
6/16/2010,1009.9,31.1,27.5,28.8,83,92,77,SSW,7,WSW,20,0.0,1.2,7
6/17/2010,1010.1,31.2,27.0,29.1,82,95,72,W,7,SW,20,1.0,9.6,4
6/18/2010,1009.7,32.1,27.7,29.5,79,85,71,W,5,W,11,0.0,8.5,5
6/19/2010,1009.1,31.9,28.0,29.5,79,84,73,W,6,W,14,0.0,9.8,6
6/20/2010,1009.6,32.1,26.8,29.6,79,91,71,W,7,WNW,24,0.7,10.0,5
6/21/2010,1009.5,32.0,27.4,29.6,80,86,70,W,8,W,20,0.05,10.5,3
6/22/2010,1009.4,31.9,25.0,29.3,82,91,74,W,9,W,24,6.3,10.0,5
6/23/2010,1009.8,31.1,26.0,28.2,87,96,77,W,8,WNW,20,4.0,0.0,8
6/24/2010,1008.8,31.1,24.5,28.1,85,98,78,W,9,WNW,31,24.2,4.2,7
6/25/2010,1007.6,30.7,26.0,28.4,85,89,78,W,12,WNW,30,5.6,1.6,7
6/26/2010,1007.7,31.2,28.0,29.6,81,88,74,W,11,W,21,0.7,10.5,3
6/27/2010,1007.9,32.0,24.4,29.3,84,98,76,W,9,W,34,24.8,9.7,5
6/28/2010,1008.8,31.0,24.3,26.9,89,97,82,WNW,13,W,32,43.2,0.0,8
6/29/2010,1008.9,29.9,23.2,26.5,90,100,82,W,9,WSW,36,88.8,0.0,8
6/30/2010,1008.5,30.5,23.6,27.6,86,98,78,WSW,10,W,39,24.0,4.0,7
7/1/2010,1008.1,30.6,26.0,28.2,85,96,79,WSW,11,W,28,2.3,0.4,8
7/2/2010,1007.9,31.1,25.2,28.9,84,93,78,WSW,11,WSW,33,10.4,8.5,6
7/3/2010,1008.0,31.8,24.6,28.8,83,89,74,WSW,8,WSW,29,13.3,9.1,5
7/4/2010,1008.4,30.8,24.5,27.2,89,98,80,W,10,W,35,27.5,2.8,7
7/5/2010,1008.9,32.5,24.0,28.3,85,100,75,WNW,11,W,43,22.6,2.9,7
7/6/2010,1009.4,31.0,27.0,28.4,83,89,77,WNW,8,WNW,23,0.05,0.8,7
7/7/2010,1010.1,30.3,24.0,27.4,88,99,80,WNW,9,W,30,38.3,1.6,7
7/8/2010,1011.0,30.8,25.0,27.4,85,93,72,NW,9,NW,23,7.9,1.9,8
7/9/2010,1009.8,30.7,26.7,28.5,80,87,68,NNW,11,WNW,25,0.0,5.0,7
7/10/2010,1009.9,30.8,27.6,28.8,83,89,76,NW,9,NNW,17,0.05,4.4,7
7/11/2010,1010.4,30.4,25.0,27.3,89,100,78,NNW,7,N,23,13.1,2.6,7
7/12/2010,1010.8,31.9,23.0,27.3,86,100,73,NW,5,SSW,28,79.6,6.8,7
7/13/2010,1010.6,30.8,26.4,28.3,83,90,77,WSW,5,SW,14,1.2,3.4,7
7/14/2010,1010.1,31.0,26.0,28.7,79,88,71,W,8,W,16,1.0,6.0,6
7/15/2010,1009.2,30.8,22.0,27.6,86,100,76,W,11,WNW,32,35.9,6.2,7
7/16/2010,1008.2,29.6,26.0,28.1,83,98,76,W,11,W,32,0.7,0.0,8
7/17/2010,1008.4,31.0,27.0,28.6,83,88,78,W,11,W,26,0.4,0.0,8
7/18/2010,1009.2,30.9,27.8,28.9,83,88,77,W,11,WSW,19,0.05,4.3,7
7/19/2010,1008.7,31.1,25.8,28.5,84,90,76,W,10,W,35,1.5,4.2,7
7/20/2010,1008.1,30.9,27.9,28.9,83,88,76,W,9,W,19,0.0,2.1,7
7/21/2010,1008.5,30.7,27.7,28.9,81,86,76,W,9,W,17,0.0,7.7,7
7/22/2010,1009.1,31.0,23.3,28.4,82,97,74,W,7,WNW,36,26.3,1.5,7
7/23/2010,1010.1,31.4,23.2,27.6,83,97,73,W,8,WNW,28,33.7,2.1,7
7/24/2010,1008.9,30.9,26.1,28.4,83,89,74,W,7,WSW,18,0.05,0.5,7
7/25/2010,1008.5,31.2,24.2,28.0,85,96,77,W,10,W,39,12.5,4.1,8
7/26/2010,1009.1,30.2,24.0,28.4,85,91,78,W,8,WNW,23,7.6,2.5,7
7/27/2010,1009.6,30.3,24.9,27.4,87,95,80,W,10,W,31,2.9,2.2,7
7/28/2010,1008.7,31.1,23.4,27.6,86,100,73,W,11,W,42,18.6,6.2,7
7/29/2010,1008.2,30.9,23.4,28.2,87,98,79,W,7,WSW,23,20.6,3.8,8
7/30/2010,1009.5,30.3,25.0,27.6,85,93,77,WSW,8,W,34,0.5,3.0,7
7/31/2010,1010.5,31.4,27.0,28.8,85,93,76,W,5,W,18,0.05,10.6,4
8/1/2010,1010.9,31.8,27.6,29.1,81,88,74,WNW,7,WNW,13,0.0,11.1,3
8/2/2010,1010.4,31.7,24.9,28.9,81,94,69,W,9,W,27,1.4,10.9,4
8/3/2010,1009.5,30.9,27.8,28.6,82,89,78,W,10,W,20,0.0,5.1,7
8/4/2010,1008.7,30.9,26.9,28.8,82,89,74,W,11,W,22,0.5,5.8,7
8/5/2010,1009.8,31.6,27.6,29.0,81,86,74,WNW,10,WNW,18,1.2,9.7,4
8/6/2010,1010.5,30.8,27.0,28.5,83,88,77,WNW,9,WNW,29,0.05,4.6,5
8/7/2010,1009.9,31.2,25.0,28.3,85,93,73,W,9,W,28,3.6,8.8,6
8/8/2010,1009.6,29.1,24.2,27.5,88,98,84,WNW,9,WNW,24,9.8,0.0,7
8/9/2010,1009.6,30.2,25.2,28.0,86,95,80,NW,7,WNW,25,1.4,2.1,7
8/10/2010,1009.6,31.1,27.0,28.7,81,92,77,WNW,11,NW,22,0.05,10.1,5
8/11/2010,1009.6,30.9,27.8,28.9,77,83,70,WNW,12,WNW,21,0.0,10.0,6
8/12/2010,1008.3,30.7,24.6,28.5,81,97,75,WNW,13,WNW,27,17.8,7.9,6
8/13/2010,1008.8,30.2,24.8,28.0,85,91,79,WNW,11,NNW,28,5.4,1.4,7
8/14/2010,1008.9,30.6,23.9,26.5,90,100,77,WNW,15,WNW,38,72.6,4.8,7
8/15/2010,1010.0,28.0,23.2,26.8,86,92,82,WNW,13,W,28,8.1,0.0,8
8/16/2010,1010.2,29.3,24.3,26.9,87,96,76,W,12,WNW,31,13.3,1.3,8
8/17/2010,1009.6,30.3,25.3,27.9,85,90,79,W,12,W,26,3.5,2.3,7
8/18/2010,1009.2,30.9,27.2,28.3,83,91,76,WNW,9,WSW,21,0.0,9.5,5
8/19/2010,1009.4,30.6,27.2,28.5,80,85,74,NW,7,NW,14,0.0,10.6,5
8/20/2010,1009.6,31.6,27.3,28.7,82,89,73,NW,8,WNW,16,0.0,8.1,6
8/21/2010,1009.4,31.1,27.4,28.6,82,87,75,WNW,8,WNW,16,0.05,8.2,6
8/22/2010,1009.2,31.1,26.0,28.7,81,85,74,NW,9,NW,18,0.05,9.7,7
8/23/2010,1008.6,31.2,27.2,28.8,82,88,74,NW,10,NW,21,0.0,11.0,7
8/24/2010,1007.9,30.9,26.6,28.8,80,86,70,WNW,11,WNW,21,0.05,6.4,7
8/25/2010,1008.2,30.6,23.6,28.3,83,100,77,W,10,WNW,33,30.0,4.8,7
8/26/2010,1009.2,29.7,24.0,27.3,88,95,84,W,9,WNW,30,16.9,0.1,7
8/27/2010,1009.2,31.1,24.1,27.5,85,95,76,W,11,W,34,11.2,6.2,7
8/28/2010,1009.1,30.8,24.8,27.3,84,91,75,WNW,10,W,28,2.8,3.2,7
8/29/2010,1010.3,30.1,24.5,27.0,84,92,76,W,10,W,24,1.9,2.2,7
8/30/2010,1010.5,29.3,23.9,27.0,85,90,81,WNW,6,NW,23,3.9,0.2,8
8/31/2010,1010.0,31.0,25.0,28.1,85,94,76,W,4,W,9,0.0,7.8,6
9/1/2010,1010.9,30.9,27.0,28.3,84,97,75,W,4,W,9,0.0,9.5,5
9/2/2010,1011.4,31.3,27.3,28.7,80,86,72,NW,6,NW,12,0.0,10.8,2
9/3/2010,1010.1,31.1,27.3,28.6,79,86,72,WNW,6,WNW,13,0.0,10.0,6
9/4/2010,1009.5,30.9,25.4,28.2,83,91,74,W,5,WSW,10,0.05,5.3,6
9/5/2010,1010.7,31.2,25.1,28.3,83,90,75,SSW,5,WNW,14,0.05,10.6,4
9/6/2010,1010.7,30.5,25.4,27.7,84,95,73,WSW,4,WSW,11,0.05,3.0,6
9/7/2010,1009.6,30.7,23.5,28.1,84,89,77,W,6,W,20,26.1,6.6,7
9/8/2010,1009.5,30.2,24.6,27.9,86,97,79,WSW,5,WSW,22,0.8,3.7,7
9/9/2010,1009.9,30.9,23.6,27.7,85,97,75,WSW,7,WNW,26,28.3,8.9,7
9/10/2010,1009.5,29.8,24.5,27.2,86,96,74,WNW,6,W,19,0.05,2.0,7
9/11/2010,1009.6,30.0,25.9,27.8,85,97,76,NW,4,WNW,13,0.5,7.8,7
9/12/2010,1010.0,31.7,27.4,28.7,81,87,74,NW,6,WNW,13,0.0,9.0,7
9/13/2010,1009.4,31.2,27.7,28.8,80,85,72,WNW,7,WNW,14,0.0,9.5,5
9/14/2010,1008.9,30.8,24.8,28.8,79,84,72,W,7,W,16,2.1,8.6,6
9/15/2010,1009.2,30.2,24.6,28.0,83,93,73,WNW,6,WNW,21,2.8,7.2,4
9/16/2010,1009.3,31.2,26.4,28.7,81,87,72,WNW,7,WNW,16,0.05,10.6,4
9/17/2010,1008.8,31.1,24.2,28.2,83,97,73,WNW,9,WNW,24,30.0,10.4,6
9/18/2010,1008.2,29.2,23.6,26.6,87,99,78,W,12,WNW,30,8.9,0.0,8
9/19/2010,1008.3,28.8,23.8,26.0,88,100,78,W,10,WSW,28,42.6,0.0,8
9/20/2010,1008.1,30.8,24.7,27.8,83,95,73,WNW,7,WNW,21,6.8,9.0,6
9/21/2010,1009.4,29.2,23.8,26.1,90,99,84,W,8,WNW,19,31.7,0.5,8
9/22/2010,1009.5,29.3,25.5,27.5,83,98,77,W,7,W,17,1.2,9.0,7
9/23/2010,1009.2,30.6,25.7,27.3,86,91,77,WSW,8,SW,24,7.7,1.4,7
9/24/2010,1009.0,30.2,26.0,28.1,79,91,70,WSW,7,W,16,1.0,6.7,7
9/25/2010,1008.9,30.2,25.0,27.5,87,94,80,W,7,W,17,10.5,4.0,7
9/26/2010,1008.3,30.2,25.7,27.8,87,94,79,WNW,5,WNW,11,8.3,4.9,7
9/27/2010,1008.1,30.4,25.0,27.6,87,97,77,W,5,WSW,15,12.6,8.4,7
9/28/2010,1008.4,29.9,24.4,27.7,85,94,77,WSW,8,SW,21,8.2,8.4,7
9/29/2010,1008.5,30.8,24.8,28.1,84,95,77,WSW,6,W,19,4.3,5.2,7
9/30/2010,1007.5,30.8,26.9,28.3,81,93,72,W,6,WSW,13,0.5,3.0,6
10/1/2010,1006.8,31.3,24.6,28.3,81,91,68,WSW,6,WSW,17,25.0,9.6,5
10/2/2010,1007.1,29.5,24.8,26.8,89,97,81,WSW,9,WSW,25,19.0,0.0,8
10/3/2010,1007.4,30.2,25.4,27.9,84,89,79,WSW,10,WSW,29,4.2,2.5,7
10/4/2010,1007.9,29.9,27.4,28.3,83,86,76,W,8,W,15,0.05,7.7,5
10/5/2010,1007.7,30.2,26.8,28.1,84,89,77,WSW,9,W,16,1.7,8.8,6
10/6/2010,1008.0,30.0,24.4,27.9,86,92,77,W,9,W,26,24.7,9.4,7
10/7/2010,1007.6,29.8,25.5,27.7,86,92,81,W,8,W,24,6.2,3.1,7
10/8/2010,1008.4,29.8,24.1,27.3,88,97,81,W,10,WNW,22,43.2,8.6,7
10/9/2010,1009.0,30.2,27.0,27.9,86,93,80,W,7,W,14,0.05,6.4,7
10/10/2010,1009.6,30.2,27.0,28.1,85,90,79,W,6,W,12,0.0,7.6,7
10/11/2010,1011.1,30.9,26.8,28.2,82,87,75,W,5,W,8,0.0,10.6,5
10/12/2010,1012.0,30.8,25.6,28.0,80,86,73,WSW,5,WSW,8,0.0,10.6,3
10/13/2010,1011.4,30.8,26.4,27.8,80,85,73,WSW,4,WSW,8,0.0,5.5,6
10/14/2010,1010.9,30.0,26.9,27.9,79,85,70,W,5,W,9,0.0,10.0,5
10/15/2010,1010.7,30.2,27.0,28.2,78,85,71,W,7,W,13,0.0,10.8,4
10/16/2010,1009.5,30.3,27.0,28.3,79,84,71,W,9,W,15,0.0,10.8,4
10/17/2010,1009.5,30.1,26.8,28.2,75,80,71,W,9,W,18,0.0,11.1,2
10/18/2010,1010.2,30.8,26.6,28.1,72,79,65,W,8,W,14,0.0,11.3,2
10/19/2010,1010.8,30.3,26.7,28.2,75,81,68,W,6,WNW,12,0.0,11.4,2
10/20/2010,1010.8,30.8,26.8,28.1,75,80,66,W,6,W,11,0.0,11.1,2
10/21/2010,1009.7,30.0,27.0,28.0,75,82,70,W,7,W,14,0.0,11.3,2
10/22/2010,1009.2,30.2,27.2,28.2,76,81,70,W,7,W,13,0.0,11.1,4
10/23/2010,1009.5,30.3,26.9,28.2,78,84,71,W,6,W,13,0.0,11.0,5
10/24/2010,1009.9,30.4,24.7,27.9,82,95,71,W,5,WSW,12,9.9,11.2,4
10/25/2010,1010.0,31.1,25.1,28.2,79,88,68,WNW,4,WNW,9,0.0,11.1,3
10/26/2010,1010.9,30.8,26.4,28.0,77,84,68,WNW,4,WNW,6,0.0,11.2,3
10/27/2010,1011.6,30.9,26.5,28.1,77,86,70,WNW,5,WNW,10,0.0,10.8,5
10/28/2010,1011.0,30.3,26.8,28.0,77,84,67,WNW,5,W,12,0.0,5.4,7
10/29/2010,1009.6,31.1,26.7,28.4,80,87,71,NW,5,NW,12,0.05,9.5,6
10/30/2010,1010.3,29.7,23.2,26.8,89,97,78,W,6,NW,19,29.2,3.5,7
10/31/2010,1009.8,30.8,27.0,28.2,80,87,74,WNW,7,W,13,0.0,7.1,7
11/1/2010,1008.2,30.4,27.3,28.2,79,84,70,WSW,7,WSW,14,0.0,10.7,5
11/2/2010,1008.3,30.8,26.0,28.3,80,84,74,WSW,6,WSW,12,0.0,9.8,3
11/3/2010,1010.5,31.0,25.2,27.8,78,87,66,SSW,4,SW,8,0.0,11.0,2
11/4/2010,1010.9,30.6,25.5,27.7,79,87,69,SSW,4,SSW,8,3.4,10.3,2
11/5/2010,1010.9,29.6,24.0,26.2,90,97,79,WSW,5,SSW,14,42.1,0.9,7
11/6/2010,1009.4,29.8,27.4,27.9,80,85,71,W,8,W,15,0.0,7.5,6
11/7/2010,1007.6,30.1,26.4,28.3,80,88,71,W,8,W,15,0.0,10.3,7
11/8/2010,1008.3,30.8,27.3,28.3,80,88,74,WSW,7,WSW,14,0.05,9.4,4
11/9/2010,1011.6,30.7,25.2,28.1,84,92,76,WSW,5,SW,14,4.9,9.6,4
11/10/2010,1013.0,29.9,23.5,27.0,88,100,78,WSW,6,SSW,18,61.6,2.4,7
11/11/2010,1012.2,28.9,25.4,26.6,86,92,81,W,6,W,15,6.9,0.0,7
11/12/2010,1009.1,30.9,26.5,28.1,80,86,70,WNW,5,WNW,8,0.0,11.2,2
11/13/2010,1008.7,30.7,26.9,28.2,80,86,72,WNW,4,WNW,9,0.0,10.2,3
11/14/2010,1010.8,31.2,24.5,28.7,82,91,73,NW,3,NE,8,5.8,10.4,3
11/15/2010,1011.6,30.3,26.5,27.8,85,94,77,W,3,WSW,7,0.0,8.0,7
11/16/2010,1009.4,30.6,27.1,28.4,81,90,73,W,5,W,10,0.0,10.0,5
11/17/2010,1008.8,31.0,24.4,28.2,82,92,71,W,4,SSW,12,13.3,6.4,6
11/18/2010,1009.8,30.8,25.0,27.7,85,97,74,WSW,3,SSW,12,0.8,8.9,4
11/19/2010,1009.6,30.9,24.4,27.7,84,95,74,VRB,2,S,7,0.0,10.4,6
11/20/2010,1008.3,30.4,25.7,28.2,81,95,74,WSW,5,W,13,1.7,7.5,7
11/21/2010,1007.9,29.8,24.4,27.1,86,98,75,W,4,WSW,15,3.6,0.0,7
11/22/2010,1007.5,29.7,25.4,26.9,89,98,82,WNW,3,S,10,0.05,1.3,7
11/23/2010,1008.4,29.5,25.0,27.4,85,91,79,WNW,3,WNW,9,0.0,0.0,7
11/24/2010,1009.4,31.0,25.8,27.8,84,91,73,NNW,3,NNW,9,0.05,5.2,7
11/25/2010,1009.9,28.0,24.0,26.1,90,98,83,VRB,2,WNW,11,29.3,0.0,8
11/26/2010,1009.5,28.6,24.7,26.2,87,96,77,WSW,5,W,15,1.0,2.7,7
11/27/2010,1008.5,29.9,24.0,26.8,86,95,74,WNW,6,NW,19,10.4,5.7,7
11/28/2010,1008.1,30.7,24.8,27.5,83,92,71,WNW,3,NNW,8,0.0,8.7,6
11/29/2010,1007.9,30.0,24.8,26.7,87,97,74,WSW,3,ENE,14,5.4,8.6,7
11/30/2010,1007.5,29.9,25.0,27.2,85,93,78,SE,5,ESE,14,3.9,4.1,7
12/1/2010,1008.1,28.2,23.3,25.7,92,100,81,WSW,3,W,14,51.8,0.5,8
12/2/2010,1008.3,29.8,23.5,26.4,86,100,75,W,3,W,12,2.9,3.2,7
12/3/2010,1008.4,29.8,24.3,26.2,89,97,76,WSW,3,WSW,20,1.1,6.6,7
12/4/2010,1007.0,30.6,23.9,26.9,87,97,75,WSW,4,WSW,13,15.1,7.1,7
12/5/2010,1006.1,30.1,24.6,26.8,87,95,77,WSW,6,SW,19,9.8,4.6,7
12/6/2010,1005.3,27.7,24.5,26.0,91,97,81,WSW,4,W,14,0.05,0.3,7
12/7/2010,1006.0,29.2,24.4,26.5,86,96,79,VRB,2,W,10,0.5,0.0,7
12/8/2010,1007.8,30.2,24.8,27.1,81,96,71,W,3,WSW,10,0.05,5.1,7
12/9/2010,1009.2,29.9,25.0,27.6,81,90,74,W,4,WSW,9,1.1,5.2,7
12/10/2010,1009.7,30.6,26.8,27.7,80,86,69,W,5,W,9,0.3,8.2,3
12/11/2010,1009.0,30.5,25.1,27.9,77,92,69,WNW,5,WNW,10,0.6,10.2,4
12/12/2010,1008.4,29.9,26.0,27.7,71,77,66,NW,5,NW,10,0.0,10.7,3
12/13/2010,1009.7,29.9,24.5,27.3,71,81,64,NNW,4,NNW,9,0.0,10.5,2
12/14/2010,1010.0,30.2,20.5,26.0,71,92,58,VRB,2,NNW,7,0.0,11.1,1
12/15/2010,1009.2,29.7,21.0,25.2,76,92,61,VRB,1,SSW,5,0.0,11.1,1
12/16/2010,1009.6,29.9,21.6,25.7,78,90,63,VRB,1,SE,5,0.0,10.7,2
12/17/2010,1009.9,29.9,22.1,26.3,77,95,64,VRB,1,E,6,0.0,11.2,2
12/18/2010,1009.3,29.8,25.0,26.9,78,95,67,VRB,2,NE,5,0.0,10.9,4
12/19/2010,1009.3,29.2,25.4,27.1,83,92,78,E,3,ENE,10,3.7,0.8,7
12/20/2010,1010.1,30.2,27.0,28.1,77,84,71,E,5,E,13,0.0,9.2,3
12/21/2010,1009.6,30.8,25.6,27.8,83,91,74,E,3,E,11,0.05,9.8,5
12/22/2010,1008.5,30.5,25.1,27.4,85,93,73,VRB,2,NNW,5,0.0,4.5,6
12/23/2010,1009.1,30.7,24.5,27.3,83,96,70,VRB,2,NNE,7,0.5,8.8,6
12/24/2010,1009.2,30.5,23.8,27.4,82,97,69,VRB,1,N,5,6.6,9.6,4
12/25/2010,1009.3,30.9,26.0,27.3,80,97,67,VRB,2,N,8,0.5,7.8,5
12/26/2010,1010.0,30.2,22.5,26.6,79,92,69,VRB,2,N,7,0.0,2.2,5
12/27/2010,1009.4,30.8,24.8,27.0,78,95,68,NE,3,NE,8,0.0,10.9,2
12/28/2010,1009.2,30.4,24.4,27.5,78,91,67,NE,3,NE,6,0.0,10.3,4
12/29/2010,1009.5,31.1,25.2,27.9,77,86,66,NE,4,NE,8,3.7,9.9,4
12/30/2010,1009.6,29.0,23.9,25.8,89,97,79,VRB,2,NE,8,15.2,0.8,7
12/31/2010,1009.6,27.7,23.4,25.7,91,99,83,NW,3,NNW,8,48.5,0.6,8
1/1/2011,1008.9,29.2,25.0,27.1,78,90,71,NNW,5,NW,13,0.0,0.8,7
1/2/2011,1009.1,29.9,25.6,27.3,73,78,67,N,4,N,7,0.0,9.8,5
1/3/2011,1009.7,29.8,23.5,27.0,72,80,65,N,3,N,8,0.0,11.1,3
1/4/2011,1009.4,29.8,26.0,27.0,74,84,67,NNW,3,NNW,6,0.0,10.1,4
1/5/2011,1008.6,29.8,26.4,27.5,73,81,65,NNW,3,NNW,7,0.0,10.4,3
1/6/2011,1008.9,30.2,26.2,27.7,79,84,73,WNW,4,WNW,8,0.0,8.2,4
1/7/2011,1008.9,31.2,25.6,27.9,81,89,71,WNW,3,WNW,9,0.9,10.3,5
1/8/2011,1008.3,30.4,26.4,28.0,77,86,68,NNW,3,NNW,6,0.0,9.8,3
1/9/2011,1008.9,30.5,25.1,27.9,75,82,66,NNW,3,NNW,6,0.0,10.2,5
1/10/2011,1009.6,30.4,25.5,27.7,79,87,71,NNW,3,NNW,5,0.0,9.1,4
1/11/2011,1009.7,30.5,24.4,27.5,80,92,70,VRB,2,NNW,5,0.0,9.6,4
1/12/2011,1009.3,30.2,23.4,27.2,79,95,69,VRB,2,NNW,5,0.0,10.8,2
1/13/2011,1009.9,30.2,24.0,26.8,74,88,65,VRB,2,N,8,0.0,9.4,5
1/14/2011,1010.0,30.4,23.7,27.1,76,87,66,N,3,NNW,9,0.0,9.3,5
1/15/2011,1010.8,30.5,25.2,27.3,77,87,63,N,3,N,6,0.0,8.3,5
1/16/2011,1010.3,31.2,24.2,27.5,79,92,63,VRB,2,N,8,0.0,6.7,6
1/17/2011,1010.0,30.2,25.0,27.2,85,96,74,VRB,2,SSE,8,0.4,7.5,5
1/18/2011,1009.5,30.7,26.0,27.7,84,95,75,NE,3,NE,7,0.0,8.2,4
1/19/2011,1009.3,30.2,25.2,28.0,76,83,68,E,4,E,8,0.0,10.7,3
1/20/2011,1010.1,30.2,23.4,27.1,75,82,64,NE,4,NE,8,0.0,10.8,2
1/21/2011,1010.4,30.2,25.8,27.2,76,87,67,VRB,2,ENE,6,0.0,10.7,2
1/22/2011,1011.2,30.4,23.3,27.6,71,84,62,NE,3,NE,6,0.0,10.9,2
1/23/2011,1011.6,30.4,25.9,27.5,71,87,63,ENE,3,ENE,9,0.0,10.3,2
1/24/2011,1011.2,30.3,22.3,27.0,75,85,64,NE,3,NE,8,0.0,7.8,3
1/25/2011,1010.8,30.1,23.4,27.0,75,93,65,VRB,2,ENE,6,0.0,10.4,2
1/26/2011,1011.1,31.1,24.2,27.3,80,93,66,NE,3,NE,9,0.0,8.1,4
1/27/2011,1011.8,30.9,23.5,26.8,85,99,73,VRB,2,ENE,10,5.0,2.9,6
1/28/2011,1011.0,30.6,26.4,27.7,85,97,73,VRB,2,ENE,5,2.8,6.7,7
1/29/2011,1009.8,31.1,26.6,27.0,83,98,70,VRB,2,NNE,8,0.0,5.4,5
1/30/2011,1010.3,30.9,26.6,27.5,82,98,69,VRB,2,NNW,6,0.0,10.7,2
1/31/2011,1010.6,30.7,25.4,28.0,81,87,73,VRB,2,N,7,0.0,4.1,6
2/1/2011,1010.9,31.1,23.6,27.4,83,94,70,VRB,2,NNW,7,0.0,5.1,7
2/2/2011,1010.4,30.7,23.0,26.8,83,97,69,VRB,1,NE,7,0.0,7.0,7
2/3/2011,1011.6,30.6,24.3,27.2,77,97,65,VRB,1,N,8,0.0,8.7,4
2/4/2011,1011.2,30.4,26.2,27.7,75,82,68,NNW,3,NNW,6,0.0,9.8,3
2/5/2011,1009.3,30.5,23.2,27.1,78,94,68,VRB,1,NW,5,0.0,11.0,2
2/6/2011,1009.7,31.0,23.1,26.9,81,96,65,CALM,0,E,3,0.0,7.5,3
2/7/2011,1009.6,30.8,24.4,27.2,80,95,68,VRB,1,NW,6,0.0,9.5,2
2/8/2011,1007.6,30.7,22.0,27.6,75,87,66,VRB,2,NW,5,0.0,11.0,2
2/9/2011,1007.5,30.9,23.5,26.8,78,96,66,VRB,1,NW,5,0.0,10.2,3
2/10/2011,1008.9,30.4,23.4,27.1,79,93,68,VRB,1,N,5,0.0,8.8,5
2/11/2011,1009.7,31.3,25.8,27.4,78,96,68,VRB,1,ESE,5,0.0,5.0,5
2/12/2011,1009.2,31.0,23.4,27.8,75,88,65,ENE,4,ENE,9,0.0,10.2,3
2/13/2011,1008.6,30.6,21.5,26.9,76,88,65,VRB,2,E,7,0.0,11.1,2
2/14/2011,1009.3,30.3,23.4,26.6,76,90,64,VRB,1,ESE,6,0.0,10.9,2
2/15/2011,1010.4,30.2,22.6,26.5,78,96,62,CALM,0,S,5,0.0,10.7,3
2/16/2011,1010.8,31.0,22.3,26.7,75,91,61,NNE,3,N,12,0.0,10.9,2
2/17/2011,1011.2,30.3,23.1,26.9,75,92,65,NNW,3,NNW,10,0.0,11.0,2
2/18/2011,1011.0,30.9,23.5,26.7,76,90,64,N,3,N,8,0.0,11.3,2
2/19/2011,1011.8,30.9,22.2,26.5,78,91,64,N,3,NNE,10,0.0,11.1,2
2/20/2011,1012.2,30.9,24.7,27.2,69,88,59,NNW,4,N,8,0.0,10.6,2
2/21/2011,1011.3,30.3,26.6,27.8,72,80,63,NNW,4,NNW,10,0.0,9.2,3
2/22/2011,1010.7,31.0,25.3,28.1,77,90,68,N,4,N,10,0.0,9.9,5
2/23/2011,1011.9,31.4,24.0,27.1,84,95,71,N,4,NE,25,3.9,8.1,6
2/24/2011,1011.3,31.0,25.0,27.4,83,96,73,NNW,3,WNW,12,2.3,10.4,4
2/25/2011,1009.4,31.1,23.9,27.3,84,94,71,N,4,N,12,3.0,9.6,4
2/26/2011,1009.5,31.2,26.2,27.7,83,97,73,N,5,N,13,0.0,8.6,5
2/27/2011,1010.5,31.2,25.3,28.1,81,89,72,N,6,N,14,0.5,6.8,5
2/28/2011,1010.4,31.6,23.4,27.4,82,97,65,N,4,N,13,0.0,10.6,2
3/1/2011,1009.8,31.2,25.0,27.6,81,97,69,NNE,5,N,12,0.0,11.0,2
3/2/2011,1009.5,31.3,23.7,27.6,80,92,68,N,5,NNW,13,0.0,8.8,2
3/3/2011,1009.8,31.6,25.5,27.7,79,92,63,N,4,N,13,0.0,6.1,3
3/4/2011,1009.3,31.6,24.7,28.0,78,90,67,NNW,5,NNW,13,0.0,10.2,2
3/5/2011,1009.8,31.1,24.6,27.4,83,92,69,N,5,ENE,22,1.3,4.7,5
3/6/2011,1011.1,31.5,26.9,28.6,79,87,68,ENE,6,ENE,16,0.0,10.1,4
3/7/2011,1012.0,31.7,23.9,28.3,79,95,65,ENE,4,ENE,11,0.0,10.1,2
3/8/2011,1011.3,31.9,24.0,27.6,83,98,69,N,3,ENE,10,0.0,10.1,2
3/9/2011,1011.0,31.8,23.4,27.7,80,93,65,NNE,4,N,11,0.0,10.5,2
3/10/2011,1010.7,31.6,26.8,28.3,78,96,67,NNW,4,N,10,0.0,10.0,2
3/11/2011,1009.4,32.2,24.6,28.8,76,85,65,WNW,6,WNW,13,0.0,10.2,2
3/12/2011,1009.0,31.8,26.0,28.4,76,92,62,W,4,W,7,0.0,10.4,2
3/13/2011,1009.9,31.9,26.4,29.1,77,83,68,WNW,6,WNW,14,0.0,10.2,2
3/14/2011,1009.1,31.5,27.2,29.0,76,82,70,NW,6,WNW,13,0.0,10.7,2
3/15/2011,1008.1,31.7,24.4,28.6,76,86,67,NW,4,NW,7,0.0,9.0,2
3/16/2011,1007.2,32.1,24.1,28.3,78,93,60,WNW,3,NW,9,0.0,9.5,1
3/17/2011,1008.1,31.9,24.1,28.2,80,94,67,W,3,W,8,0.0,10.6,1
3/18/2011,1007.9,32.2,27.6,28.9,72,95,60,SE,3,SE,10,0.0,9.9,2
3/19/2011,1008.0,32.4,26.3,29.1,73,86,60,E,4,N,11,0.0,10.1,3
3/20/2011,1008.7,32.6,27.4,29.3,73,83,65,E,4,ENE,9,0.0,10.4,2
3/21/2011,1009.8,32.5,24.0,28.8,76,87,65,NNE,3,SE,9,0.0,10.9,2
3/22/2011,1010.0,32.1,27.8,29.1,76,88,64,NW,4,NW,9,0.0,10.9,2
3/23/2011,1010.0,32.2,28.0,29.6,77,83,69,W,6,WNW,13,0.0,8.0,3
3/24/2011,1010.4,32.5,27.8,29.6,72,79,63,WNW,7,WNW,13,0.0,10.2,4
3/25/2011,1010.6,32.1,27.7,29.3,72,78,63,NW,7,NW,14,0.0,10.2,3
3/26/2011,1010.8,32.2,27.0,29.0,72,79,63,NW,5,NW,11,0.0,9.1,4
3/27/2011,1010.8,32.1,27.8,29.2,72,80,63,WNW,6,NW,11,0.0,10.7,2
3/28/2011,1010.7,32.1,27.4,29.2,74,81,67,NW,6,NW,14,0.0,10.2,2
3/29/2011,1011.6,32.3,27.4,29.2,73,84,62,WNW,5,WNW,11,0.0,10.6,2
3/30/2011,1011.4,32.0,25.8,29.1,75,81,65,W,4,W,9,0.0,10.5,2
3/31/2011,1011.2,32.1,25.5,28.6,77,88,65,W,3,W,7,0.0,10.3,2
4/1/2011,1011.0,32.0,27.8,29.2,76,88,66,W,5,W,10,0.0,10.8,2
4/2/2011,1011.3,32.8,28.2,29.7,75,82,65,WSW,5,W,11,0.0,9.5,2
4/3/2011,1011.3,32.8,26.6,29.5,77,85,65,WSW,6,WNW,20,0.0,9.9,4
4/4/2011,1010.8,32.4,27.6,29.3,74,84,64,NW,5,WNW,12,0.0,7.6,3
4/5/2011,1010.8,32.2,25.4,29.0,72,88,62,NW,5,NW,11,0.0,9.8,2
4/6/2011,1010.4,32.1,24.8,28.3,74,86,64,NNW,4,NNW,10,0.0,9.9,2
4/7/2011,1010.8,31.9,24.2,28.3,75,89,63,NNW,3,ENE,9,0.0,10.2,2
4/8/2011,1011.4,31.9,27.4,28.9,75,91,65,NNW,4,NNW,11,0.0,10.7,2
4/9/2011,1011.7,32.5,28.3,29.6,76,84,68,NW,5,NW,11,0.0,10.4,2
4/10/2011,1011.3,32.6,26.4,29.1,78,89,65,N,5,N,13,0.0,7.8,3
4/11/2011,1010.3,32.8,25.0,29.1,78,92,65,N,3,ENE,10,0.0,8.5,3
4/12/2011,1010.2,33.1,26.6,29.1,77,94,63,VRB,2,NE,9,0.0,9.1,4
4/13/2011,1010.3,32.9,26.1,28.8,81,91,70,VRB,2,NNW,10,0.0,8.1,4
4/14/2011,1009.8,33.0,27.0,29.5,77,88,66,NW,5,SSW,15,0.0,10.6,5
4/15/2011,1009.0,32.9,27.3,29.9,77,85,67,WNW,5,WNW,13,0.0,9.6,5
4/16/2011,1009.3,33.1,25.6,29.4,79,95,67,VRB,2,WNW,8,0.0,10.5,2
4/17/2011,1010.0,33.1,27.5,29.8,78,96,66,W,3,WNW,7,0.0,10.5,2
4/18/2011,1008.7,33.1,28.2,30.1,76,85,67,NNW,4,SSW,11,1.0,10.1,4
4/19/2011,1008.2,32.8,26.4,29.2,79,87,70,W,6,WNW,21,0.0,7.7,7
4/20/2011,1007.9,32.8,25.4,29.0,80,92,69,NNE,3,NNW,10,0.0,5.2,5
4/21/2011,1008.2,33.0,28.4,29.6,79,93,69,W,3,W,9,0.0,8.0,6
4/22/2011,1008.1,32.4,26.8,28.5,83,88,71,W,5,W,15,0.0,5.2,7
4/23/2011,1008.2,31.8,25.8,28.3,82,93,71,WSW,8,NNW,19,1.7,2.1,7
4/24/2011,1008.1,32.7,25.7,29.7,78,90,68,W,6,W,17,6.3,9.4,6
4/25/2011,1008.0,32.1,25.7,29.2,79,91,70,WNW,8,W,23,0.0,4.2,7
4/26/2011,1008.3,32.9,28.8,30.2,71,78,62,WNW,9,WNW,17,0.0,9.8,4
4/27/2011,1007.6,33.1,28.8,30.2,71,78,64,WNW,9,WNW,16,0.0,10.3,3
4/28/2011,1007.9,32.1,28.8,30.0,72,79,65,W,11,W,19,0.0,10.5,2
4/29/2011,1007.8,33.0,28.7,30.2,76,82,69,WNW,9,WNW,17,0.0,10.5,3
4/30/2011,1008.6,32.1,28.6,29.9,76,83,68,W,8,W,15,0.0,7.7,5
5/1/2011,1009.7,32.1,25.2,29.2,79,96,70,WSW,8,W,21,7.3,7.0,7
5/2/2011,1009.9,30.5,26.0,28.0,87,94,80,WSW,8,W,20,10.2,0.9,7
5/3/2011,1009.8,29.9,27.1,27.9,88,94,83,W,10,W,23,5.7,0.9,7
5/4/2011,1010.1,32.0,28.5,29.3,82,88,75,WNW,8,W,16,0.0,5.3,6
5/5/2011,1010.1,32.8,26.9,29.6,83,89,73,WNW,7,W,17,7.5,8.2,6
5/6/2011,1010.2,32.2,28.9,30.0,82,88,75,WNW,8,W,17,0.0,9.8,5
5/7/2011,1009.9,32.1,28.0,30.0,79,85,69,WNW,10,NW,18,0.0,10.3,4
5/8/2011,1009.0,32.4,24.0,29.6,80,100,71,W,8,WNW,25,12.8,11.1,3
5/9/2011,1009.5,32.3,26.8,29.5,76,87,69,NW,4,NW,12,0.0,10.2,3
5/10/2011,1009.3,31.9,23.5,28.6,74,88,64,W,3,NW,7,0.0,11.2,2
5/11/2011,1009.6,31.9,23.9,27.8,74,90,58,VRB,2,NW,7,0.0,10.7,2
5/12/2011,1009.5,31.8,26.1,28.8,73,92,65,W,4,W,9,0.0,11.2,2
5/13/2011,1009.3,32.1,27.9,29.2,72,83,63,WNW,4,NW,10,0.0,7.9,5
5/14/2011,1009.2,32.5,28.2,29.6,71,77,61,W,5,W,10,0.0,4.8,5
5/15/2011,1009.9,33.0,28.0,29.5,74,91,62,WSW,4,NW,12,0.0,9.3,4
5/16/2011,1010.1,32.2,25.5,29.1,77,89,64,SSE,3,SSE,8,0.0,9.1,6
5/17/2011,1010.5,32.9,26.0,29.4,77,93,67,WSW,4,WSW,9,0.0,10.7,2
5/18/2011,1010.3,32.5,27.8,29.8,76,89,67,W,4,W,10,0.0,10.7,4
5/19/2011,1009.8,32.8,27.8,30.0,78,87,70,W,5,WSW,10,0.0,10.0,4
5/20/2011,1008.9,32.7,28.3,29.9,79,89,67,W,4,SW,12,0.0,10.6,4
5/21/2011,1008.8,31.9,28.2,29.1,81,85,72,WSW,7,WSW,15,0.0,0.7,6
5/22/2011,1009.3,32.5,27.6,29.5,79,87,71,W,7,W,19,0.0,9.3,6
5/23/2011,1009.7,32.1,25.0,28.3,85,100,70,W,11,W,28,38.9,8.6,6
5/24/2011,1009.3,30.3,27.8,28.6,82,93,73,W,9,W,25,0.0,4.1,5
5/25/2011,1008.4,31.9,26.8,29.0,81,93,73,W,8,W,21,2.7,10.4,5
5/26/2011,1009.2,31.5,27.0,29.0,82,91,72,W,9,W,17,0.0,7.8,7
5/27/2011,1009.7,30.5,24.3,28.5,82,91,73,W,11,W,24,7.3,1.0,7
5/28/2011,1009.9,30.1,24.6,27.3,88,96,80,WSW,10,WSW,32,23.9,0.8,7
5/29/2011,1010.0,31.3,24.6,28.1,86,100,74,W,8,WSW,22,70.8,5.5,7
5/30/2011,1010.5,28.8,24.0,26.6,91,100,82,W,9,WNW,23,47.7,0.3,8
5/31/2011,1009.0,30.6,25.4,28.0,85,97,78,WSW,11,WSW,24,6.2,4.3,7
6/1/2011,1009.2,28.4,24.7,27.1,88,97,77,W,16,W,41,22.2,0.0,8
6/2/2011,1009.3,30.8,27.2,28.5,84,88,77,SW,11,SW,23,1.6,5.1,7
6/3/2011,1009.3,30.5,25.8,27.6,87,94,78,SW,9,WSW,30,4.2,1.8,7
6/4/2011,1008.8,30.7,25.6,28.4,86,94,79,WSW,10,WSW,24,7.8,6.4,5
6/5/2011,1008.9,31.1,26.0,28.7,86,93,79,W,9,W,31,8.4,9.4,6
6/6/2011,1009.0,31.2,28.0,29.3,83,88,77,W,8,WSW,17,0.0,9.4,7
6/7/2011,1009.0,31.5,27.0,29.1,83,89,77,W,8,WSW,17,0.5,10.5,3
6/8/2011,1008.8,31.4,28.3,29.3,83,88,77,W,9,WSW,17,0.0,10.8,2
6/9/2011,1008.4,31.5,27.5,29.2,83,91,75,WSW,8,WSW,16,0.0,10.4,3
6/10/2011,1008.5,31.7,27.4,29.0,85,91,78,SW,7,SW,16,0.0,8.2,5
6/11/2011,1008.8,32.0,25.6,29.1,82,92,73,SSW,5,SW,12,16.1,10.2,5
6/12/2011,1009.8,31.2,25.4,28.1,88,97,81,SSW,6,SW,22,13.5,4.0,7
6/13/2011,1010.6,32.1,27.6,29.2,84,89,77,WSW,8,SW,17,0.0,7.0,5
6/14/2011,1011.4,32.1,27.3,29.3,84,91,77,WSW,9,WSW,17,1.6,6.3,7
6/15/2011,1011.3,32.0,27.6,29.2,84,91,75,WSW,8,WSW,20,0.0,5.1,7
6/16/2011,1010.9,31.9,25.9,29.2,84,93,77,WSW,9,W,24,5.4,8.7,7
6/17/2011,1009.9,31.5,27.4,29.4,82,88,77,WSW,11,WSW,20,0.5,9.6,4
6/18/2011,1009.4,31.7,28.5,29.6,81,86,74,W,11,W,20,0.0,10.3,4
6/19/2011,1008.5,31.9,28.6,29.7,79,86,70,WNW,11,WNW,19,0.0,10.2,2
6/20/2011,1009.5,32.0,28.6,29.8,77,84,71,W,11,W,18,0.0,10.9,2
6/21/2011,1009.7,32.1,28.4,29.7,75,80,69,WNW,9,WNW,17,0.0,10.4,3
6/22/2011,1008.6,31.8,28.4,29.6,75,80,70,WNW,11,WNW,19,0.0,10.2,2
6/23/2011,1008.0,32.1,26.4,29.7,78,85,70,WNW,11,WNW,23,0.5,8.8,4
6/24/2011,1008.4,32.1,25.7,29.5,81,90,71,W,12,W,32,1.9,9.7,4
6/25/2011,1008.2,31.4,27.1,29.5,81,86,76,W,13,WNW,26,0.5,7.3,5
6/26/2011,1008.5,31.1,23.9,29.2,82,90,71,W,12,W,26,7.0,6.6,7
6/27/2011,1008.8,31.2,28.6,29.6,80,86,74,W,12,W,23,0.0,10.2,5
6/28/2011,1008.7,31.2,28.2,29.4,80,86,73,WNW,10,W,20,0.0,7.8,4
6/29/2011,1009.0,32.5,28.1,29.5,78,84,71,WNW,8,WNW,15,0.0,9.7,4
6/30/2011,1009.1,31.7,28.1,29.6,78,85,72,W,10,W,21,1.5,9.8,3
7/1/2011,1009.2,31.7,28.6,29.5,79,85,68,W,10,W,17,0.0,9.0,4
7/2/2011,1009.1,32.0,28.2,29.7,78,85,71,W,8,WNW,15,0.0,9.7,5
7/3/2011,1009.0,31.8,27.9,29.4,79,85,73,WSW,6,W,14,0.0,8.2,6
7/4/2011,1009.1,32.0,23.9,28.9,82,100,72,WSW,7,W,34,58.1,7.8,6
7/5/2011,1009.2,29.9,23.6,25.8,93,100,81,W,14,W,41,36.4,0.0,8
7/6/2011,1008.2,28.8,24.4,26.6,90,99,80,W,13,W,34,30.7,0.3,8
7/7/2011,1009.1,29.8,25.1,27.6,84,93,77,W,13,W,36,3.0,1.3,7
7/8/2011,1011.3,31.5,27.3,28.4,82,90,77,NW,8,WNW,27,0.0,2.1,5
7/9/2011,1011.3,31.8,27.6,29.1,79,85,71,WNW,8,WNW,15,0.0,8.3,4
7/10/2011,1010.9,31.2,25.6,28.8,80,91,72,W,9,WNW,28,2.6,10.2,5
7/11/2011,1009.7,30.9,23.4,28.1,83,97,75,WNW,13,W,34,39.6,8.9,6
7/12/2011,1008.2,30.9,25.1,27.2,85,96,74,W,11,W,32,3.0,2.1,8
7/13/2011,1008.0,31.1,26.9,28.8,80,89,73,W,12,W,24,0.0,8.2,7
7/14/2011,1008.6,31.1,25.5,28.5,81,85,71,SW,8,W,32,2.1,9.3,6
7/15/2011,1008.0,31.2,24.0,28.3,83,100,74,SW,8,NW,29,8.8,8.9,6
7/16/2011,1007.5,29.9,22.4,27.2,88,99,81,SSW,8,W,44,38.3,0.0,7
7/17/2011,1007.7,30.2,23.9,26.6,87,99,77,W,10,W,35,5.6,2.3,7
7/18/2011,1008.4,30.8,27.2,28.3,82,94,73,W,7,W,27,0.0,1.3,7
7/19/2011,1009.4,31.2,27.4,28.7,81,88,70,WNW,9,WNW,24,0.0,10.1,5
7/20/2011,1009.5,31.4,26.9,29.1,80,85,74,W,7,W,20,0.0,10.3,6
7/21/2011,1009.7,31.3,27.4,28.8,82,88,71,W,7,WNW,16,0.0,8.0,6
7/22/2011,1009.1,30.8,27.5,28.6,83,88,76,WSW,5,WSW,12,0.0,2.0,7
7/23/2011,1008.1,30.8,24.4,27.9,87,96,77,W,7,W,30,17.4,3.3,7
7/24/2011,1007.5,30.5,25.4,28.6,85,92,79,W,10,W,23,6.4,5.0,7
7/25/2011,1008.5,30.4,23.3,27.0,87,97,79,W,9,W,37,34.4,3.0,8
7/26/2011,1009.5,28.7,24.4,27.1,88,98,84,WSW,8,WNW,32,13.0,0.0,8
7/27/2011,1009.6,29.8,25.4,27.7,89,94,81,SW,5,SW,21,4.6,0.5,7
7/28/2011,1009.2,30.9,27.4,28.7,82,93,72,W,6,W,13,0.0,9.4,3
7/29/2011,1008.9,31.5,26.6,28.9,80,87,73,W,5,W,10,0.0,9.7,5
7/30/2011,1008.8,31.3,27.0,28.7,79,88,71,WSW,5,W,10,0.0,8.3,5
7/31/2011,1008.9,30.5,27.7,28.7,80,85,73,W,6,W,12,0.0,6.5,7
8/1/2011,1009.1,31.5,27.4,29.1,78,85,71,W,6,W,11,0.0,11.0,3
8/2/2011,1009.3,31.8,25.5,28.9,82,91,72,SW,6,SSW,17,4.9,10.2,5
8/3/2011,1009.5,30.6,25.5,28.5,86,90,77,SSW,7,SW,13,12.4,0.3,7
8/4/2011,1009.2,30.5,23.0,27.7,87,99,80,S,7,WNW,27,32.9,0.2,7
8/5/2011,1009.6,30.4,23.6,26.0,91,97,83,W,9,NW,38,31.1,0.0,8
8/6/2011,1008.8,29.0,24.9,27.5,89,92,84,W,9,W,30,5.0,0.2,8
8/7/2011,1008.4,30.5,24.0,28.3,84,90,75,W,10,NW,31,4.3,1.5,7
8/8/2011,1008.9,30.7,24.4,27.3,84,96,73,W,11,WNW,29,4.1,5.3,7
8/9/2011,1008.9,29.8,23.8,27.3,87,99,76,W,11,WNW,28,27.9,6.2,7
8/10/2011,1009.6,29.8,25.0,27.1,85,99,78,W,7,NW,26,0.0,0.0,7
8/11/2011,1009.4,30.8,25.4,27.9,86,98,76,NW,6,W,21,6.5,8.2,5
8/12/2011,1007.5,30.2,27.0,28.6,86,92,79,W,9,W,18,0.0,5.5,7
8/13/2011,1007.4,31.1,27.0,28.6,84,91,78,WNW,7,WSW,17,1.0,7.8,7
8/14/2011,1009.4,31.3,26.5,28.5,84,89,76,W,6,W,17,3.5,9.5,5
8/15/2011,1010.0,31.1,25.7,27.9,85,93,77,W,5,WNW,21,2.0,4.4,5
8/16/2011,1009.3,31.1,24.7,27.8,87,94,78,WNW,7,W,31,8.2,5.1,7
8/17/2011,1009.3,30.8,24.8,27.4,84,90,75,W,8,W,32,1.7,4.1,8
8/18/2011,1009.0,31.3,24.1,28.2,82,96,76,WNW,9,W,40,7.1,8.1,7
8/19/2011,1009.1,30.5,24.5,28.0,82,94,74,W,10,WNW,40,25.6,9.3,7
8/20/2011,1009.4,30.1,24.9,27.4,85,97,78,WNW,13,WNW,31,2.9,2.5,7
8/21/2011,1008.9,30.4,23.2,27.6,85,98,74,WNW,10,WNW,35,46.8,6.7,7
8/22/2011,1009.8,29.3,23.4,26.9,90,100,81,WNW,8,W,33,22.1,0.0,8
8/23/2011,1009.7,31.1,24.2,27.9,86,93,77,WNW,7,WNW,24,13.1,6.1,7
8/24/2011,1009.7,29.3,22.8,25.8,91,98,82,W,7,WNW,23,32.7,0.0,8
8/25/2011,1010.0,30.0,24.6,27.6,87,98,79,WNW,4,W,12,0.0,0.0,7
8/26/2011,1010.9,30.5,27.2,28.1,82,92,75,W,5,W,10,0.0,5.7,7
8/27/2011,1011.1,30.4,27.0,28.3,80,84,73,W,6,W,12,0.0,9.2,7
8/28/2011,1010.1,30.8,26.9,28.1,82,92,77,SW,6,SW,13,0.0,5.7,6
8/29/2011,1009.4,31.0,27.6,28.7,82,89,74,WSW,6,WSW,13,0.0,10.9,3
8/30/2011,1008.8,31.1,23.9,28.5,85,92,77,SW,6,SW,34,8.8,9.8,6
8/31/2011,1008.2,30.2,23.8,26.6,89,98,81,WSW,10,W,39,13.0,2.3,7
9/1/2011,1008.0,29.8,23.6,27.3,87,97,81,SW,9,WNW,31,16.9,0.0,8
9/2/2011,1008.6,29.9,24.4,27.6,84,93,77,W,9,W,31,0.8,3.0,7
9/3/2011,1008.9,31.0,24.1,27.3,86,94,80,W,7,WNW,32,10.7,0.8,7
9/4/2011,1009.6,30.5,23.8,27.4,86,93,80,W,6,NW,23,7.2,5.2,7
9/5/2011,1010.0,30.5,25.2,27.6,87,95,78,W,4,W,32,2.5,2.6,7
9/6/2011,1010.2,31.1,27.5,28.7,84,92,77,WSW,5,WSW,11,0.0,10.3,6
9/7/2011,1010.1,31.5,27.6,28.9,81,89,74,W,7,W,13,0.0,9.5,6
9/8/2011,1009.9,31.1,25.1,28.5,83,92,75,W,7,NW,19,0.0,8.4,6
9/9/2011,1010.6,31.1,24.4,27.1,84,96,75,WSW,7,N,24,13.2,8.0,6
9/10/2011,1010.7,29.1,24.3,26.5,86,95,80,W,9,W,31,4.9,0.8,7
9/11/2011,1009.1,30.2,24.6,27.5,85,95,76,W,12,W,36,10.3,6.1,7
9/12/2011,1009.0,28.5,23.2,26.6,89,100,80,W,12,NNW,37,32.0,0.0,8
9/13/2011,1008.9,30.2,25.0,27.2,86,94,80,W,12,WNW,34,2.0,1.2,8
9/14/2011,1009.0,30.7,26.4,28.5,83,90,77,W,12,WNW,23,1.4,2.9,8
9/15/2011,1009.5,30.9,27.6,28.7,82,87,75,W,11,W,19,0.0,10.5,3
9/16/2011,1010.1,30.9,27.0,28.6,79,85,71,W,7,W,15,0.0,11.0,2
9/17/2011,1010.4,31.1,25.1,28.5,79,92,72,W,4,W,10,0.0,11.0,4
9/18/2011,1011.4,31.1,26.0,28.6,78,86,69,W,4,W,9,0.0,10.5,5
9/19/2011,1012.2,31.2,23.1,27.9,83,100,71,W,4,NNW,21,60.3,9.3,6
9/20/2011,1013.1,30.5,24.8,27.2,85,100,75,WNW,5,W,24,1.6,6.7,7
9/21/2011,1011.8,31.3,26.6,28.5,82,89,74,WNW,7,WNW,15,0.0,8.7,5
9/22/2011,1010.7,31.3,27.5,28.7,79,85,74,NW,6,WNW,14,0.0,10.9,3
9/23/2011,1010.3,31.2,27.0,28.6,76,82,68,W,5,NW,12,0.0,10.6,3
9/24/2011,1010.8,31.3,27.1,28.5,77,80,69,WNW,6,WNW,13,0.0,8.4,5
9/25/2011,1011.4,31.1,27.4,28.5,79,89,70,W,6,W,14,1.2,9.6,3
9/26/2011,1011.7,31.4,27.1,28.7,76,82,69,NW,6,WNW,12,0.0,11.0,2
9/27/2011,1010.8,31.5,27.3,28.7,75,82,68,NW,6,WNW,14,0.0,9.9,3
9/28/2011,1010.6,31.9,27.1,28.9,77,85,69,WNW,7,WNW,15,0.0,11.0,2
9/29/2011,1010.3,32.0,27.4,29.0,78,83,70,NW,7,NW,14,0.0,10.1,6
9/30/2011,1010.4,31.7,27.6,28.9,76,84,68,NW,6,NW,13,0.0,8.9,7
10/1/2011,1010.1,32.0,27.6,28.9,79,84,70,WNW,8,WNW,15,0.0,10.5,4
10/2/2011,1010.5,31.5,27.4,28.9,76,84,67,WNW,8,WNW,15,0.0,11.0,3
10/3/2011,1010.7,31.3,27.3,28.8,75,84,64,WNW,7,WNW,13,0.0,11.3,3
10/4/2011,1010.2,31.5,24.5,28.7,75,84,68,NW,6,W,13,0.0,11.2,3
10/5/2011,1011.1,31.7,26.4,28.5,75,85,64,NW,3,NW,7,0.0,11.2,5
10/6/2011,1012.3,31.6,24.4,28.2,76,88,67,NW,4,NNW,10,0.0,11.2,2
10/7/2011,1012.3,31.6,27.4,28.9,75,81,67,W,5,W,9,0.0,11.0,2
10/8/2011,1011.9,31.7,27.2,29.0,74,80,67,W,5,W,11,0.0,11.1,2
10/9/2011,1011.7,31.7,27.5,29.1,72,78,65,W,6,W,12,0.0,11.4,2
10/10/2011,1011.6,32.0,25.9,29.1,73,83,63,W,6,W,13,0.0,11.1,4
10/11/2011,1011.6,32.2,27.6,29.1,72,84,60,W,6,W,17,0.0,11.3,3
10/12/2011,1010.4,32.0,27.7,29.4,75,85,65,WNW,6,W,13,0.0,11.1,3
10/13/2011,1009.1,32.1,27.8,29.4,76,84,68,W,5,WNW,12,0.0,11.1,2
10/14/2011,1009.0,32.6,27.0,29.4,75,82,63,W,4,W,9,0.0,11.2,2
10/15/2011,1008.7,32.4,27.3,29.4,73,81,62,W,4,W,9,0.0,11.5,2
10/16/2011,1008.6,32.0,23.0,28.0,77,95,63,W,3,W,7,0.0,10.0,6
10/17/2011,1008.6,32.3,25.7,28.4,75,96,55,VRB,2,SSE,7,0.0,8.8,7
10/18/2011,1009.1,32.2,23.7,28.3,82,98,69,S,4,S,17,17.7,5.5,7
10/19/2011,1008.2,31.5,25.2,28.5,80,98,64,SSE,4,S,13,0.0,10.6,5
10/20/2011,1008.3,31.7,25.2,28.0,84,93,72,WSW,3,W,14,0.0,9.6,6
10/21/2011,1007.5,32.0,26.6,28.8,80,90,72,NNW,4,ENE,15,0.0,9.9,6
10/22/2011,1007.8,32.0,24.4,28.3,83,94,72,S,5,SSE,19,5.0,6.3,7
10/23/2011,1008.7,31.8,25.5,28.4,81,94,68,WSW,3,SW,10,0.0,8.8,7
10/24/2011,1008.0,32.0,25.7,28.6,80,93,69,E,3,ESE,17,2.2,5.1,7
10/25/2011,1007.2,30.9,24.5,27.9,81,92,71,ESE,6,E,18,12.0,3.3,7
10/26/2011,1007.4,28.9,24.0,26.4,91,100,82,WSW,9,SW,29,64.8,0.0,8
10/27/2011,1008.4,30.7,24.6,27.2,84,93,72,SW,5,WSW,28,0.5,0.3,8
10/28/2011,1008.5,31.7,27.5,28.9,76,93,66,SSE,4,SSE,9,0.0,8.8,7
10/29/2011,1008.0,32.0,24.5,29.0,80,95,69,S,4,N,13,9.9,6.3,7
10/30/2011,1008.2,30.1,23.8,26.4,86,99,69,W,6,W,26,22.2,0.3,8
10/31/2011,1008.1,29.4,25.0,26.8,85,95,76,NNW,7,NNW,22,0.0,4.8,7
11/1/2011,1008.4,30.8,25.0,27.1,89,98,72,NNW,4,SW,13,4.8,2.5,7
11/2/2011,1008.4,31.5,26.7,28.7,80,97,70,W,5,WSW,14,0.0,7.5,5
11/3/2011,1008.7,31.8,24.1,28.6,79,97,71,WSW,8,WSW,24,21.2,5.3,7
11/4/2011,1008.5,30.9,25.1,27.3,86,95,74,SSW,8,WSW,21,5.9,2.3,7
11/5/2011,1009.6,31.2,23.2,28.2,83,97,74,S,9,SW,19,36.4,9.1,6
11/6/2011,1010.6,29.8,24.5,26.9,87,97,76,SSE,5,WSW,28,0.0,2.0,6
11/7/2011,1011.3,30.7,24.9,27.6,85,95,76,NW,4,S,14,0.0,2.7,6
11/8/2011,1010.9,31.0,24.3,28.6,78,93,72,NNW,5,NNW,12,15.7,10.0,5
11/9/2011,1010.1,30.1,24.4,27.2,85,100,74,SSE,5,N,17,6.8,5.0,6
11/10/2011,1010.2,30.7,26.0,28.3,76,86,70,ESE,6,E,16,2.5,1.8,6
11/11/2011,1010.5,31.2,25.6,28.6,76,85,72,ENE,5,N,11,0.0,5.9,6
11/12/2011,1010.6,30.9,25.9,27.6,80,92,70,SE,4,SW,12,0.0,1.2,7
11/13/2011,1010.1,31.2,27.1,28.5,78,82,70,E,4,E,8,0.5,4.6,6
11/14/2011,1010.1,31.2,27.0,28.6,79,84,73,NE,5,E,11,0.0,10.0,2
11/15/2011,1010.3,31.6,26.4,28.6,79,88,73,ENE,5,ENE,12,0.0,9.6,4
11/16/2011,1009.9,31.1,24.4,28.0,78,92,67,ENE,4,ENE,10,0.0,10.9,1
11/17/2011,1009.5,31.6,25.0,27.9,79,94,65,NNE,4,NNE,10,0.0,10.6,2
11/18/2011,1009.3,31.7,27.3,28.7,80,92,70,E,3,ENE,14,0.0,6.2,7
11/19/2011,1008.8,30.9,26.6,28.8,80,85,75,E,8,E,21,0.0,5.6,6
11/20/2011,1009.7,30.4,24.0,27.6,86,98,78,ENE,6,E,31,42.2,0.9,7
11/21/2011,1009.8,30.7,25.3,28.3,82,97,75,E,9,ESE,24,4.2,6.7,7
11/22/2011,1008.7,31.1,24.5,27.8,85,98,67,E,5,ENE,26,11.6,5.6,6
11/23/2011,1008.4,30.8,24.3,27.6,82,94,67,N,3,N,13,0.0,9.3,4
11/24/2011,1008.7,31.1,23.4,27.1,81,93,71,N,7,SW,23,7.5,0.5,7
11/25/2011,1007.2,28.1,24.1,24.9,92,97,82,N,6,NNE,22,24.8,0.0,8
11/26/2011,1005.2,28.9,24.4,26.5,87,98,75,W,12,W,32,24.1,1.0,8
11/27/2011,1007.1,28.9,24.4,26.0,92,98,84,W,8,W,27,13.0,2.7,8
11/28/2011,1007.8,31.2,26.3,28.2,85,94,75,WSW,5,SW,14,0.0,4.1,7
11/29/2011,1008.6,31.4,24.2,28.1,85,97,73,VRB,2,WSW,8,0.0,8.2,5
11/30/2011,1009.2,31.1,24.9,27.6,84,98,67,VRB,1,NW,5,0.0,10.1,6
12/1/2011,1009.5,31.1,24.4,27.2,86,100,73,VRB,2,NNE,17,16.6,7.8,7
12/2/2011,1009.0,31.1,26.5,28.4,82,100,70,E,3,E,10,0.0,10.4,4
12/3/2011,1008.2,31.5,25.5,28.6,80,94,69,SE,3,SSW,12,2.3,9.9,5
12/4/2011,1008.9,31.1,24.4,27.6,84,97,73,SSE,3,SSE,11,0.0,6.1,4
12/5/2011,1009.4,31.3,27.2,28.5,79,93,70,E,4,E,8,0.0,10.7,2
12/6/2011,1009.1,31.5,24.8,28.0,82,97,69,VRB,2,ESE,9,0.0,9.1,2
12/7/2011,1008.7,31.1,26.0,28.0,81,96,71,N,4,N,13,1.6,8.9,3
12/8/2011,1008.3,31.2,27.3,28.7,71,78,62,ENE,6,E,14,0.0,8.6,4
12/9/2011,1008.7,30.9,27.0,28.6,77,87,67,E,9,ENE,19,0.0,8.7,7
12/10/2011,1009.2,30.3,25.8,28.4,81,87,75,E,7,E,19,1.8,6.0,6
12/11/2011,1009.3,31.2,25.3,28.7,82,92,74,E,7,ESE,24,16.6,9.8,6
12/12/2011,1009.6,29.9,26.5,27.8,83,93,78,E,7,E,18,0.4,3.1,7
12/13/2011,1009.9,31.6,24.3,27.9,82,97,71,VRB,2,ESE,7,0.0,7.8,4
12/14/2011,1010.3,29.4,24.4,27.2,88,99,79,VRB,2,N,7,0.0,0.6,7
12/15/2011,1010.1,30.9,24.3,27.4,86,100,72,NE,3,NNE,11,0.0,9.9,2
12/16/2011,1010.1,31.5,24.7,27.9,80,97,68,VRB,2,NE,12,0.0,7.6,5
12/17/2011,1010.0,31.4,25.1,28.4,77,91,67,ENE,5,NE,13,0.0,7.3,6
12/18/2011,1010.1,31.2,24.3,27.6,80,92,66,ENE,3,ENE,10,0.0,10.4,2
12/19/2011,1010.4,30.5,26.6,27.9,81,90,74,N,5,NNW,13,0.0,0.0,7
12/20/2011,1009.6,31.1,24.8,28.3,77,88,68,N,5,N,13,0.0,6.2,7
12/21/2011,1009.8,30.2,26.2,28.3,77,89,72,NNW,5,NNW,13,0.0,4.6,7
12/22/2011,1009.5,31.2,26.7,28.0,77,86,66,SE,5,SE,15,1.8,4.0,7
12/23/2011,1009.3,30.9,23.7,27.7,78,93,67,SE,4,SE,11,0.0,9.1,5
12/24/2011,1008.7,30.8,25.6,27.5,80,96,67,NNE,3,W,8,1.1,9.2,6
12/25/2011,1009.2,30.9,24.2,27.4,81,93,69,NNW,3,N,12,0.0,6.1,6
12/26/2011,1010.3,30.5,24.0,27.3,81,93,71,N,4,NNW,10,0.0,9.4,5
12/27/2011,1010.8,29.9,21.6,26.41,77,88,67,N,4,N,11,0.0,8.9,6
12/28/2011,1011.1,30.1,25.2,27.2,68,89,60,NNW,5,NNW,15,0.0,9.4,6
12/29/2011,1010.7,30.9,26.8,28.0,65,70,56,NW,6,NW,14,0.0,10.6,5
12/30/2011,1010.1,30.8,26.7,28.2,67,77,57,WNW,8,WNW,17,0.0,10.4,3
12/31/2011,1010.0,30.8,27.0,28.4,76,84,68,W,7,W,14,0.0,9.4,3
1/1/2012,1010.1,30.4,23.9,26.7,86,98,71,S,7,W,15,30.2,0.9,7
1/2/2012,1010.6,29.5,25.8,27.1,75,86,66,SSE,6,SE,14,0.0,2.9,6
1/3/2012,1010.3,30.2,26.6,27.9,76,83,66,E,6,E,14,0.0,7.8,3
1/4/2012,1010.9,30.3,24.0,27.5,79,93,69,NE,6,NE,14,0.0,11.1,1
1/5/2012,1012.0,30.5,25.2,27.3,84,95,71,N,4,ENE,13,0.0,6.8,5
1/6/2012,1012.7,29.9,26.5,27.4,84,93,76,E,6,ENE,16,1.7,5.0,7
1/7/2012,1013.3,30.9,25.6,28.3,77,84,71,ENE,8,NE,17,0.0,10.3,2
1/8/2012,1012.8,30.9,24.6,27.7,81,95,69,NNE,6,ENE,19,7.1,10.0,4
1/9/2012,1012.3,30.9,24.0,27.3,86,95,74,ENE,5,ENE,17,1.1,5.6,6
1/10/2012,1012.1,30.9,25.3,27.6,82,95,71,E,4,NNW,10,0.0,10.0,3
1/11/2012,1012.0,31.1,25.8,27.8,77,81,69,N,6,N,15,0.0,6.2,5
1/12/2012,1011.7,30.1,25.6,27.3,80,87,72,NNE,5,N,12,0.0,1.7,5
1/13/2012,1011.6,30.2,24.3,26.9,83,93,72,NNE,5,NE,12,5.0,8.0,4
1/14/2012,1011.1,30.2,24.0,27.1,78,88,68,N,5,NNW,12,0.0,10.6,2
1/15/2012,1009.9,30.7,23.0,26.8,78,92,67,N,4,N,11,0.0,10.1,3
1/16/2012,1008.9,30.2,26.1,27.8,67,77,60,E,5,E,11,0.0,11.1,3
1/17/2012,1009.0,30.4,25.5,27.8,66,75,56,ENE,6,E,13,0.0,9.9,4
1/18/2012,1009.1,30.5,20.4,26.1,71,87,57,NE,4,NE,12,0.0,9.5,3
1/19/2012,1009.7,30.2,20.8,25.3,73,91,54,NNE,4,NE,11,0.0,11.1,1
1/20/2012,1010.2,30.2,23.4,26.7,78,93,62,NW,4,NNE,14,3.6,11.0,2
1/21/2012,1010.5,30.8,22.6,26.4,82,97,65,N,3,N,17,0.0,7.0,5
1/22/2012,1011.2,30.9,23.0,26.8,79,95,64,ESE,3,ESE,9,0.0,9.5,6
1/23/2012,1011.2,31.1,25.2,27.6,74,91,63,ENE,4,ENE,10,0.0,10.6,4
1/24/2012,1010.6,30.8,22.5,27.0,73,90,60,E,5,ENE,13,0.0,10.3,2
1/25/2012,1011.3,31.0,22.4,26.2,74,90,56,NE,4,ENE,11,0.0,10.8,4
1/26/2012,1010.8,30.9,25.9,27.5,71,85,60,NE,5,NE,13,0.0,10.4,2
1/27/2012,1011.0,30.9,22.0,27.2,74,89,64,E,4,E,8,0.0,9.0,3
1/28/2012,1010.2,31.0,24.7,27.0,79,95,64,NNE,5,NE,14,0.0,9.1,5
1/29/2012,1010.3,30.8,24.9,27.5,74,87,65,N,5,N,13,0.0,10.3,4
1/30/2012,1011.0,30.1,24.1,27.5,75,83,66,N,5,E,14,2.7,7.5,6
1/31/2012,1011.8,30.1,22.8,26.4,82,94,72,NNW,5,NNE,19,5.4,5.9,7
2/1/2012,1011.5,31.1,22.4,26.9,80,91,65,N,3,N,21,1.3,11.0,6
2/2/2012,1011.2,31.2,24.2,27.6,73,98,60,ENE,6,NE,14,0.8,10.7,2
2/3/2012,1011.4,30.2,23.9,26.7,78,89,69,NNE,5,NE,15,0.9,4.6,5
2/4/2012,1011.5,30.4,24.3,27.3,80,93,68,N,4,N,10,0.0,5.8,7
2/5/2012,1011.5,31.4,25.0,28.0,79,94,67,ENE,4,NE,9,0.0,8.8,4
2/6/2012,1010.9,31.1,25.2,28.3,78,88,65,N,5,N,13,0.0,9.4,3
2/7/2012,1010.1,31.2,25.0,27.9,82,97,70,N,5,N,14,0.0,10.3,3
2/8/2012,1009.5,31.2,24.8,27.6,86,95,72,N,5,NE,18,3.4,7.5,6
2/9/2012,1009.4,30.5,25.0,27.2,88,96,73,NNE,5,E,15,2.2,3.2,7
2/10/2012,1009.8,31.1,24.0,27.1,88,97,71,E,5,E,25,24.6,6.4,7
2/11/2012,1010.2,30.9,24.6,27.9,82,92,73,E,4,E,9,0.0,11.1,2
2/12/2012,1010.6,30.9,26.1,27.7,82,93,73,ENE,5,ENE,15,0.0,10.2,3
2/13/2012,1011.4,30.8,23.6,27.3,83,95,72,NE,4,NE,11,0.0,11.1,2
2/14/2012,1011.8,30.3,24.4,27.1,81,93,68,NNE,4,N,9,0.0,10.8,2
2/15/2012,1010.6,31.0,25.0,27.8,78,93,69,N,5,N,12,0.0,9.3,4
2/16/2012,1009.4,31.1,23.4,27.3,80,94,68,N,4,N,12,0.0,11.0,3
2/17/2012,1009.5,31.1,24.6,27.2,80,95,66,NNE,4,N,11,0.0,10.4,3
2/18/2012,1010.3,31.2,24.9,27.6,82,95,70,NE,5,NE,14,0.0,10.4,5
2/19/2012,1010.4,31.8,24.6,28.0,80,91,66,NNE,5,N,13,0.0,10.7,5
2/20/2012,1010.0,31.1,23.0,27.8,80,98,66,N,4,NNW,10,0.0,10.2,2
2/21/2012,1008.8,31.4,23.9,27.4,80,96,68,N,5,NE,13,0.0,10.9,2
2/22/2012,1009.1,30.9,22.3,27.2,78,95,65,NNW,4,N,9,0.0,10.5,3
2/23/2012,1008.6,30.8,25.1,27.3,79,95,67,NNW,4,NNW,10,0.0,9.0,5
2/24/2012,1007.6,31.8,27.3,28.6,69,81,62,E,7,E,15,0.0,9.7,5
2/25/2012,1007.0,31.9,23.0,27.9,73,88,57,E,4,E,13,0.0,10.4,2
2/26/2012,1006.7,31.2,26.1,28.0,73,88,59,N,5,N,15,0.0,10.9,3
2/27/2012,1007.7,31.8,25.0,28.7,75,82,64,E,5,E,14,0.0,6.1,6
2/28/2012,1008.2,32.1,25.6,28.4,77,87,63,N,4,NNW,11,0.0,4.2,6
2/29/2012,1007.4,31.5,23.7,28.2,79,92,71,N,4,N,11,0.0,6.6,5
3/1/2012,1008.1,31.5,23.8,27.5,82,96,68,N,3,N,9,0.0,10.5,2
3/2/2012,1008.5,31.1,24.8,27.6,83,97,69,N,3,NNW,8,0.0,10.6,2
3/3/2012,1008.8,31.1,25.8,28.1,80,93,71,NNW,5,N,10,0.0,10.1,2
3/4/2012,1009.1,31.1,23.3,27.1,75,88,60,NNW,4,NNW,12,0.0,10.2,4
3/5/2012,1009.6,30.9,23.6,27.0,73,89,61,W,3,WNW,8,0.0,10.3,3
3/6/2012,1008.9,31.1,24.7,27.8,75,86,65,NNW,5,NNW,15,0.0,8.4,7
3/7/2012,1008.6,31.1,27.3,28.5,75,81,63,WNW,6,W,14,0.0,7.1,6
3/8/2012,1009.1,31.7,25.5,28.9,73,82,65,N,7,N,15,0.0,10.1,3
3/9/2012,1008.2,31.2,26.6,28.6,70,78,62,NW,8,NW,18,0.0,9.9,5
3/10/2012,1008.1,30.9,25.9,27.9,63,69,53,NW,7,NW,18,0.0,10.7,4
3/11/2012,1009.1,30.8,23.0,27.1,70,91,57,WNW,4,W,13,0.0,7.9,5
3/12/2012,1010.3,30.7,24.5,27.6,79,97,67,N,4,N,14,7.0,6.7,7
3/13/2012,1010.9,30.2,25.1,27.8,84,95,76,N,4,NNW,11,6.5,8.5,6
3/14/2012,1011.3,30.2,24.7,27.8,84,94,73,WNW,4,N,13,0.0,7.8,7
3/15/2012,1011.1,31.4,27.0,28.5,81,96,72,E,5,NE,14,0.0,9.0,6
3/16/2012,1011.6,31.8,26.2,28.8,81,93,70,SE,3,E,9,0.0,10.9,5
3/17/2012,1011.2,32.4,24.6,28.3,82,96,68,NE,3,NE,10,0.0,8.7,4
3/18/2012,1011.8,32.1,27.6,28.8,81,98,71,NW,3,WNW,9,0.0,9.4,2
3/19/2012,1011.8,31.9,25.4,29.1,80,86,72,NW,4,NNW,10,0.0,10.4,2
3/20/2012,1011.0,32.0,25.8,28.7,80,92,69,NW,3,NW,6,0.0,10.5,2
3/21/2012,1010.7,31.9,27.4,29.0,75,86,61,WSW,4,W,10,0.0,10.5,2
3/22/2012,1011.1,32.1,27.8,29.3,75,83,66,W,6,WSW,12,0.0,10.0,2
3/23/2012,1011.1,32.2,27.4,29.2,77,84,69,NW,6,NW,11,0.0,9.1,3
3/24/2012,1010.8,31.9,24.1,28.3,79,93,68,NNW,4,WNW,10,0.0,9.5,2
3/25/2012,1011.3,32.3,23.2,27.7,78,92,64,N,3,NNW,11,0.0,10.2,2
3/26/2012,1011.4,31.9,24.3,27.7,77,94,60,N,3,N,11,0.0,10.4,1
3/27/2012,1012.2,32.5,24.7,28.7,75,92,60,NW,4,WNW,10,0.0,9.4,3
3/28/2012,1012.9,31.9,24.5,28.2,77,95,63,E,3,N,10,0.0,9.0,2
3/29/2012,1013.3,32.0,26.9,29.1,75,91,54,NW,3,WNW,8,0.0,9.3,2
3/30/2012,1012.1,32.8,28.3,29.6,75,83,65,NW,6,WNW,13,0.0,10.0,3
3/31/2012,1011.1,32.8,27.1,29.7,77,83,68,NW,6,NNW,14,0.0,10.1,2
4/1/2012,1010.8,32.2,24.9,28.6,77,89,66,NW,3,NW,10,0.0,10.2,2
4/2/2012,1012.1,32.1,24.8,28.4,80,95,66,VRB,2,W,7,0.0,10.1,1
4/3/2012,1013.1,32.1,24.9,28.3,81,94,67,VRB,2,N,6,0.0,8.1,2
4/4/2012,1012.9,32.7,24.6,28.3,80,94,66,NNE,3,N,8,0.0,8.5,2
4/5/2012,1011.2,32.3,26.3,28.9,76,92,66,NNW,3,NNW,8,0.0,10.3,1
4/6/2012,1010.2,33.2,28.5,30.0,74,84,63,WNW,5,WNW,13,0.0,10.8,1
4/7/2012,1009.0,33.5,28.3,30.2,76,85,66,NW,5,WNW,12,0.0,10.0,2
4/8/2012,1009.1,32.9,25.0,29.4,78,92,67,NNW,4,NNW,10,0.0,10.6,2
4/9/2012,1010.4,32.8,25.4,28.9,79,93,66,VRB,2,NW,8,0.0,10.1,2
4/10/2012,1010.1,33.1,24.9,29.5,76,93,62,VRB,2,NW,5,0.0,9.3,2
4/11/2012,1009.2,32.9,28.5,29.7,74,94,65,WSW,3,WSW,8,0.0,9.9,3
4/12/2012,1008.9,33.5,26.0,30.1,74,87,60,NW,4,NW,13,0.0,10.6,2
4/13/2012,1008.3,32.1,24.6,28.4,80,91,64,N,3,NNW,15,0.0,6.1,4
4/14/2012,1009.0,32.7,25.9,28.9,80,93,68,NNW,3,NW,8,0.0,8.9,4
4/15/2012,1009.5,32.4,25.0,28.6,82,97,70,W,3,SE,15,7.3,7.1,5
4/16/2012,1009.1,33.2,27.1,29.7,78,91,66,WSW,4,WSW,14,0.0,7.3,4
4/17/2012,1008.2,32.9,27.4,29.9,76,87,69,W,5,W,14,0.0,5.9,7
4/18/2012,1008.0,33.4,24.0,30.4,77,84,68,W,7,WSW,16,19.0,8.9,7
4/19/2012,1008.5,31.2,24.4,28.5,83,97,72,W,6,N,21,2.6,1.1,7
4/20/2012,1009.6,33.1,27.4,30.4,77,86,67,W,5,W,11,0.0,10.7,4
4/21/2012,1008.6,33.2,28.9,30.2,76,86,67,WNW,8,W,16,0.0,9.5,4
4/22/2012,1007.3,32.8,28.1,30.3,78,89,69,WNW,8,WSW,17,3.1,10.5,3
4/23/2012,1007.0,31.9,28.0,29.9,81,89,75,WNW,9,WSW,17,0.0,0.0,7
4/24/2012,1008.4,31.5,28.8,29.8,76,81,69,WNW,10,W,19,0.0,0.0,7
4/25/2012,1008.5,32.2,28.8,29.8,74,79,67,WNW,10,W,18,0.0,3.5,7
4/26/2012,1008.9,32.0,28.6,29.6,76,80,68,W,9,W,15,0.0,3.1,7
4/27/2012,1009.1,31.9,26.2,29.8,75,80,68,WSW,10,WSW,21,3.5,5.8,7
4/28/2012,1008.5,31.6,27.5,29.2,82,91,75,W,10,W,24,6.6,2.7,7
4/29/2012,1008.4,31.8,28.0,29.7,74,82,65,WNW,9,WNW,16,0.0,10.4,4
4/30/2012,1008.6,32.5,27.8,29.6,70,77,59,WNW,7,WNW,15,0.0,10.4,5
5/1/2012,1009.5,32.7,25.6,29.3,67,83,56,NW,4,NW,10,0.0,10.1,3
5/2/2012,1010.3,32.1,23.6,28.4,66,80,54,WNW,4,W,12,0.0,10.5,2
5/3/2012,1009.9,32.2,25.4,27.9,67,81,56,W,3,WSW,8,0.0,10.8,1
5/4/2012,1009.3,31.7,27.8,29.1,68,75,59,WSW,6,WSW,14,0.0,10.8,2
5/5/2012,1009.8,31.9,28.0,29.5,71,80,64,W,7,WSW,15,0.0,10.5,3
5/6/2012,1010.0,32.2,28.0,29.7,72,79,64,W,6,W,13,0.0,10.8,2
5/7/2012,1008.9,32.4,27.7,29.5,72,80,62,NW,5,NNW,13,0.0,11.0,2
5/8/2012,1009.2,32.1,27.3,29.3,71,82,61,NW,4,NNW,10,0.0,10.5,2
5/9/2012,1010.8,32.2,27.7,29.4,69,77,60,NW,4,W,9,0.0,10.8,2
5/10/2012,1011.2,33.1,28.1,29.7,72,78,63,WNW,5,NNW,12,0.0,10.7,2
5/11/2012,1010.0,32.6,27.9,29.8,70,78,61,WNW,7,WNW,14,0.0,10.5,2
5/12/2012,1009.1,32.2,28.2,29.8,71,78,62,W,7,W,15,0.0,9.9,6
5/13/2012,1008.6,33.2,28.0,30.1,73,81,65,WNW,6,NW,14,0.0,10.8,3
5/14/2012,1009.2,33.3,28.1,30.1,73,80,62,WNW,6,W,14,0.0,10.9,4
5/15/2012,1010.3,32.9,27.9,29.9,73,78,63,W,5,W,12,0.0,10.8,2
5/16/2012,1009.0,32.9,27.6,29.5,72,79,63,WSW,4,W,9,0.0,10.8,3
5/17/2012,1008.5,32.3,27.8,29.6,72,80,63,WNW,4,WNW,10,0.0,11.1,2
5/18/2012,1008.8,33.5,28.8,30.2,75,81,66,WNW,7,WNW,14,0.0,10.1,4
5/19/2012,1009.8,33.0,28.4,30.3,76,86,67,W,10,WNW,23,0.0,9.9,6
5/20/2012,1009.0,33.3,29.1,30.3,79,86,69,WNW,8,WNW,15,0.0,7.0,7
5/21/2012,1009.1,33.0,29.0,30.4,77,83,69,WNW,10,WNW,19,0.0,9.9,7
5/22/2012,1009.7,32.5,25.5,30.2,78,96,69,WNW,8,WNW,24,16.0,8.6,7
5/23/2012,1009.9,33.3,28.1,30.0,79,90,69,WNW,6,W,14,0.0,9.2,7
5/24/2012,1009.5,32.9,26.8,29.8,79,92,68,W,6,W,15,0.0,9.0,6
5/25/2012,1009.2,32.8,27.6,29.8,79,90,69,W,6,W,16,0.0,9.0,7
5/26/2012,1009.3,32.8,28.3,29.9,79,84,67,W,6,W,20,0.6,8.2,7
5/27/2012,1009.3,32.1,25.4,29.4,80,93,74,W,8,W,27,7.9,0.9,7
5/28/2012,1009.0,32.3,28.6,30.1,77,82,72,NW,8,WNW,16,0.0,7.2,7
5/29/2012,1009.7,33.0,26.9,30.0,79,89,69,WNW,8,WNW,23,1.8,9.0,7
5/30/2012,1008.6,32.8,27.2,29.9,81,95,72,WNW,10,WNW,25,1.2,8.1,7
5/31/2012,1008.5,30.3,25.2,28.2,84,100,78,W,13,W,30,29.8,0.0,8
6/1/2012,1007.9,32.3,28.7,29.9,81,87,72,W,10,W,23,0.0,6.5,7
6/2/2012,1008.1,32.1,27.4,29.9,82,87,76,WNW,9,W,28,0.0,7.0,7
6/3/2012,1008.3,32.2,25.0,29.4,81,97,73,WNW,11,W,27,13.4,7.6,7
6/4/2012,1008.5,32.0,26.1,29.1,83,92,69,W,11,WNW,33,6.2,1.7,7
6/5/2012,1008.2,31.9,26.5,29.9,79,86,73,W,11,W,29,3.2,9.5,7
6/6/2012,1007.6,32.0,25.0,29.7,78,88,71,W,12,W,33,15.4,6.5,7
6/7/2012,1008.3,31.9,26.4,29.2,81,92,73,W,10,W,35,7.7,7.7,7
6/8/2012,1009.9,31.7,28.8,29.6,81,90,75,W,11,W,23,0.0,5.0,7
6/9/2012,1010.2,31.3,28.6,29.5,80,85,71,W,10,W,18,0.0,1.7,7
6/10/2012,1009.4,32.1,28.6,29.8,78,82,72,W,10,WNW,16,0.0,9.2,5
6/11/2012,1008.1,31.9,27.8,29.9,78,83,72,W,10,W,18,6.4,8.6,7
6/12/2012,1007.4,31.9,25.1,29.1,80,92,72,W,10,WSW,31,0.0,7.7,6
6/13/2012,1008.5,30.7,24.6,27.2,86,100,77,WSW,12,W,33,21.3,2.4,8
6/14/2012,1009.4,30.0,24.6,27.7,85,93,80,W,10,W,24,15.4,0.0,8
6/15/2012,1009.4,30.9,27.1,28.6,80,95,72,W,9,W,24,0.0,8.3,6
6/16/2012,1009.6,31.0,25.6,28.9,80,90,71,W,10,WSW,26,5.0,9.7,6
6/17/2012,1010.4,30.4,27.7,28.6,81,87,75,WSW,10,WNW,23,0.9,0.8,8
6/18/2012,1011.5,31.4,28.1,29.1,76,82,71,WSW,9,WSW,18,0.0,4.7,7
6/19/2012,1011.4,30.9,24.7,27.9,83,97,72,WSW,7,W,25,9.9,2.9,7
6/20/2012,1010.3,31.0,27.4,28.9,78,82,71,WSW,7,WSW,13,0.0,5.3,7
6/21/2012,1010.1,31.4,27.8,28.9,80,85,73,WSW,6,W,14,0.0,4.2,7
6/22/2012,1009.8,31.8,27.1,29.1,80,85,72,W,7,WSW,13,0.0,4.8,7
6/23/2012,1009.1,31.1,25.8,28.3,82,89,73,W,7,WNW,24,8.0,6.5,7
6/24/2012,1008.6,31.6,25.4,29.0,80,86,66,W,6,W,21,0.4,9.8,5
6/25/2012,1010.0,31.5,26.4,28.9,81,90,72,WNW,5,W,18,2.5,4.3,6
6/26/2012,1010.6,31.6,27.0,28.7,82,89,70,W,4,WNW,21,0.0,4.9,7
6/27/2012,1011.2,30.1,24.8,27.4,83,95,72,W,7,NW,24,8.6,0.5,7
6/28/2012,1010.4,30.0,22.3,27.2,86,100,76,WNW,8,NW,36,21.1,0.6,8
6/29/2012,1009.4,29.7,23.7,27.7,82,92,73,WNW,10,W,30,10.5,0.2,8
6/30/2012,1008.5,30.4,24.6,27.7,84,92,78,W,9,W,32,6.1,1.4,7
7/1/2012,1007.5,30.7,24.6,27.6,86,93,76,WSW,11,WNW,32,44.3,2.5,8
7/2/2012,1007.3,29.2,26.6,27.8,84,97,70,W,11,WSW,31,1.6,0.0,8
7/3/2012,1007.1,30.8,25.8,28.7,80,90,73,W,11,W,25,3.6,7.6,7
7/4/2012,1006.3,31.6,25.5,28.8,81,88,73,W,9,W,24,3.2,9.8,5
7/5/2012,1007.6,30.9,26.2,28.4,82,87,76,W,10,W,30,0.5,8.8,5
7/6/2012,1007.6,31.3,27.9,29.0,78,85,70,WNW,11,WNW,23,0.0,8.2,5
7/7/2012,1006.8,31.4,25.5,29.0,79,85,68,W,10,WNW,32,0.7,10.6,4
7/8/2012,1007.1,31.8,24.0,27.5,86,100,74,W,13,W,39,15.6,7.7,7
7/9/2012,1007.8,29.8,23.4,27.0,85,98,74,WNW,13,W,42,26.6,0.3,8
7/10/2012,1008.3,30.4,24.8,28.2,80,93,74,WNW,11,WSW,37,3.3,3.6,7
7/11/2012,1008.9,30.3,24.1,28.4,83,89,78,WNW,10,WNW,30,7.1,4.5,7
7/12/2012,1009.3,31.2,27.2,28.4,83,96,74,WNW,11,NW,23,0.0,6.9,6
7/13/2012,1009.2,30.2,27.7,28.6,81,86,74,WNW,12,WNW,21,0.0,9.9,4
7/14/2012,1008.5,31.0,27.9,29.0,80,85,74,WNW,10,WNW,17,0.0,7.6,7
7/15/2012,1008.7,31.3,27.5,29.0,79,85,72,NW,10,WNW,18,0.0,8.8,7
7/16/2012,1009.5,31.3,27.7,28.9,82,86,74,NW,7,NW,15,0.0,7.9,6
7/17/2012,1010.8,31.7,27.7,29.2,80,86,72,WNW,8,NW,17,0.0,10.5,3
7/18/2012,1011.6,31.8,27.6,29.1,78,85,66,WNW,8,WNW,15,0.0,10.7,4
7/19/2012,1010.9,31.4,27.8,28.9,79,87,69,WNW,7,WNW,14,0.0,7.3,7
7/20/2012,1010.0,31.2,27.5,29.1,80,86,70,W,10,W,20,0.0,7.4,7
7/21/2012,1010.2,31.3,26.8,28.9,83,92,74,W,11,WNW,23,2.4,8.8,7
7/22/2012,1009.7,31.5,27.5,29.1,79,84,74,W,12,W,21,0.0,10.5,5
7/23/2012,1008.7,31.2,27.9,29.1,80,86,72,W,10,W,21,0.0,10.2,4
7/24/2012,1008.5,31.1,27.0,29.0,81,88,72,W,11,W,27,0.0,8.6,6
7/25/2012,1009.7,31.3,27.8,29.1,81,87,74,W,10,W,16,0.0,7.6,6
7/26/2012,1009.5,31.2,27.4,29.0,82,87,75,WNW,9,WNW,17,0.0,10.8,4
7/27/2012,1008.6,31.2,27.1,29.1,79,87,70,WNW,9,WNW,18,0.7,11.1,3
7/28/2012,1009.4,31.8,26.9,28.9,81,88,72,WNW,8,W,15,1.0,10.3,4
7/29/2012,1010.7,31.8,27.2,29.0,80,90,72,WNW,6,WNW,16,0.8,10.3,6
7/30/2012,1011.1,31.4,27.4,29.0,80,88,73,W,5,W,9,0.0,10.1,7
7/31/2012,1011.1,31.7,25.1,28.8,81,94,71,W,4,WSW,8,0.0,11.1,6
8/1/2012,1011.2,31.9,24.6,28.1,81,94,70,VRB,2,W,7,0.0,11.1,3
8/2/2012,1011.7,32.0,26.6,28.8,80,96,71,WSW,3,WSW,9,0.0,10.7,6
8/3/2012,1010.6,32.2,27.9,29.5,78,86,71,WSW,5,WSW,10,0.0,10.6,7
8/4/2012,1009.7,32.3,25.4,29.5,80,90,71,WSW,7,SW,29,5.6,7.4,7
8/5/2012,1009.9,31.7,28.1,29.3,80,84,75,WSW,6,W,14,0.0,4.7,7
8/6/2012,1010.1,31.8,26.2,28.6,80,90,72,WSW,4,WSW,15,0.0,4.5,7
8/7/2012,1010.2,32.1,27.8,29.2,77,90,67,S,5,SSW,11,0.0,10.6,4
8/8/2012,1010.7,32.2,26.9,29.3,77,84,68,S,5,S,11,0.0,9.4,3
8/9/2012,1010.0,32.3,28.0,29.3,78,88,66,WSW,5,SW,13,0.6,7.7,7
8/10/2012,1009.2,32.2,24.8,28.4,81,94,71,WSW,7,W,28,7.0,6.8,7
8/11/2012,1010.3,30.2,26.8,27.9,82,92,74,W,9,W,31,0.0,3.4,7
8/12/2012,1010.0,31.2,24.8,27.2,87,99,76,W,7,W,30,19.7,1.1,7
8/13/2012,1009.7,30.2,26.2,28.1,82,92,69,WNW,6,WNW,20,3.1,4.5,6
8/14/2012,1010.8,28.4,24.0,26.0,91,99,80,W,8,W,26,29.8,0.4,8
8/15/2012,1010.7,30.4,24.7,27.1,85,96,76,WNW,8,WNW,26,15.9,3.1,8
8/16/2012,1010.7,28.8,25.4,27.1,83,97,76,WNW,11,W,24,1.1,1.4,7
8/17/2012,1010.7,31.1,23.8,27.5,84,98,74,WNW,10,WSW,33,38.2,5.5,7
8/18/2012,1010.2,28.2,24.2,26.9,89,100,81,WNW,11,SW,30,9.7,0.0,7
8/19/2012,1009.1,31.2,27.4,28.8,81,87,74,WNW,8,WNW,16,0.0,10.1,5
8/20/2012,1008.5,31.2,26.4,28.7,81,86,72,W,7,W,18,5.1,10.6,5
8/21/2012,1009.2,31.1,24.3,28.8,80,89,72,WNW,8,W,23,0.5,10.9,3
8/22/2012,1009.4,31.1,24.9,27.5,87,100,73,NW,8,NW,21,40.4,8.5,6
8/23/2012,1009.7,30.2,25.0,27.6,83,98,71,WNW,9,WNW,30,20.4,8.4,5
8/24/2012,1010.8,30.8,23.0,26.9,88,97,77,NW,8,SW,28,23.2,2.6,7
8/25/2012,1010.6,30.1,25.0,27.1,83,96,75,WNW,10,W,28,6.3,0.0,8
8/26/2012,1010.8,30.8,27.2,28.3,80,86,70,WNW,8,WNW,19,0.0,2.6,7
8/27/2012,1010.8,31.1,27.5,28.7,80,84,74,W,7,W,15,0.0,8.4,7
8/28/2012,1010.5,31.2,27.6,28.9,80,87,74,WSW,6,WSW,13,0.0,10.8,4
8/29/2012,1010.2,32.0,24.1,28.6,83,93,75,SW,8,W,31,2.4,4.2,7
8/30/2012,1009.4,30.2,27.4,28.5,84,90,75,SW,7,SW,14,0.0,0.3,8
8/31/2012,1008.8,31.0,25.0,28.0,87,93,78,SSW,6,SW,23,2.5,0.2,8
9/1/2012,1009.0,30.0,23.9,26.8,89,100,75,W,5,W,30,26.0,2.6,7
9/2/2012,1009.3,29.9,26.0,28.1,85,92,80,W,7,W,23,12.7,3.7,7
9/3/2012,1008.6,31.1,25.1,29.0,82,89,71,W,11,W,34,5.3,8.9,7
9/4/2012,1009.3,30.9,25.7,28.7,82,92,74,W,7,W,17,0.8,8.1,6
9/5/2012,1009.2,31.5,25.6,28.1,86,98,73,S,4,WSW,14,3.6,9.5,5
9/6/2012,1010.4,30.8,25.0,27.7,86,97,75,W,4,NNW,23,7.6,9.2,5
9/7/2012,1010.4,31.7,26.3,28.8,81,91,70,W,4,WNW,17,0.3,9.7,6
9/8/2012,1010.4,31.8,25.7,28.1,83,95,72,W,10,WNW,32,6.0,8.8,7
9/9/2012,1010.6,30.8,24.7,28.7,80,88,74,WNW,11,NW,25,4.4,5.4,7
9/10/2012,1011.1,30.4,26.1,28.2,84,92,78,W,6,NW,23,0.0,0.2,8
9/11/2012,1010.9,31.2,25.7,29.0,80,85,73,W,7,W,15,0.8,10.5,4
9/12/2012,1011.1,31.6,27.6,28.7,80,92,72,W,5,WSW,19,0.0,9.1,3
9/13/2012,1011.5,31.7,26.4,29.1,76,84,64,W,6,W,20,0.0,10.5,3
9/14/2012,1011.1,31.3,27.3,28.7,79,89,71,W,8,W,21,0.0,9.3,4
9/15/2012,1010.6,31.2,26.6,28.7,81,86,73,W,9,WNW,21,0.0,7.5,5
9/16/2012,1010.3,31.5,25.2,28.3,83,95,71,WNW,8,NW,23,4.9,8.3,6
9/17/2012,1010.4,31.2,26.6,28.7,82,88,73,WNW,8,W,23,0.9,8.5,7
9/18/2012,1009.9,31.7,24.5,28.5,83,95,73,WNW,9,WNW,26,10.5,9.6,6
9/19/2012,1009.2,31.4,25.4,27.9,85,97,73,N,4,N,14,7.9,3.7,7
9/20/2012,1009.7,31.2,26.4,28.8,78,84,72,NNW,5,NNW,13,0.0,9.8,6
9/21/2012,1010.0,31.4,24.8,27.9,80,93,69,NNE,3,NE,13,0.5,9.7,5
9/22/2012,1010.7,30.8,27.3,28.2,78,94,69,NNW,4,N,10,0.0,3.3,7
9/23/2012,1011.2,31.5,25.9,28.9,74,79,67,NW,4,WNW,10,0.0,6.1,7
9/24/2012,1011.2,31.3,25.4,27.9,80,93,68,NW,4,NNW,14,0.0,5.0,7
9/25/2012,1011.1,31.2,27.0,28.7,75,85,67,NNW,4,NNW,12,0.0,8.4,3
9/26/2012,1012.5,31.6,27.4,28.9,74,81,67,NW,4,NW,11,0.0,10.8,3
9/27/2012,1012.4,32.1,28.1,29.2,75,83,67,WNW,7,WNW,16,0.0,10.4,3
9/28/2012,1011.5,31.4,26.6,28.9,78,89,68,NW,8,NW,17,0.0,10.0,5
9/29/2012,1010.4,31.9,27.4,29.1,77,86,68,NW,8,NW,14,0.0,10.6,2
9/30/2012,1010.3,31.5,27.4,29.1,75,80,71,W,9,W,17,0.0,11.2,2
10/1/2012,1010.5,31.7,27.8,29.1,75,80,67,W,8,W,16,0.0,9.5,6
10/2/2012,1011.0,32.0,27.6,29.1,75,82,67,W,6,W,14,0.0,11.0,3
10/3/2012,1010.9,31.8,26.0,29.0,71,79,64,W,5,W,12,0.0,11.3,3
10/4/2012,1010.5,32.0,26.3,28.7,79,95,68,WSW,4,NW,14,0.0,10.9,3
10/5/2012,1011.0,32.2,25.2,28.5,79,93,67,WNW,3,NW,8,0.0,11.2,2
10/6/2012,1011.6,32.0,25.1,28.4,78,92,65,VRB,2,W,5,0.0,11.2,2
10/7/2012,1011.0,32.0,27.7,29.1,76,86,67,NW,4,WNW,10,0.0,11.3,2
10/8/2012,1009.8,32.3,24.9,28.8,78,95,66,NNW,4,WNW,14,6.8,7.7,6
10/9/2012,1009.4,32.2,27.8,29.3,76,83,70,NW,5,NW,13,0.0,10.6,4
10/10/2012,1009.5,32.0,28.2,29.4,75,83,62,NW,6,NW,14,0.0,10.6,5
10/11/2012,1009.7,31.7,27.9,29.2,76,81,69,NW,7,NW,15,0.0,10.8,3
10/12/2012,1009.8,32.5,25.4,29.1,79,95,69,NW,6,N,15,7.2,10.5,5
10/13/2012,1009.7,30.6,25.5,27.5,87,94,79,N,4,NE,15,0.9,0.0,7
10/14/2012,1010.4,31.5,27.8,29.1,79,89,71,S,4,S,12,0.0,9.8,3
10/15/2012,1012.2,31.6,24.2,28.2,83,97,70,SSE,6,NE,17,16.2,0.7,7
10/16/2012,1012.6,31.4,25.6,28.2,81,93,69,SSE,4,SSE,14,0.0,10.3,6
10/17/2012,1011.5,31.9,25.2,27.5,87,96,71,VRB,2,W,12,3.4,5.0,7
10/18/2012,1010.0,31.0,25.0,28.2,83,97,73,W,3,N,12,1.7,10.0,7
10/19/2012,1009.6,29.7,21.8,26.5,90,97,81,W,4,NNW,26,40.8,0.2,7
10/20/2012,1009.2,27.9,24.6,26.1,88,99,80,WNW,4,NNW,12,0.3,0.0,7
10/21/2012,1008.9,31.1,25.9,28.6,79,88,70,S,5,S,15,0.0,10.5,4
10/22/2012,1009.0,31.3,24.2,27.3,87,100,74,S,6,SSE,20,38.4,7.7,7
10/23/2012,1009.6,29.2,26.4,27.0,86,98,79,SE,3,NNW,10,0.0,0.6,7
10/24/2012,1009.6,30.0,24.4,26.8,87,96,75,ENE,3,ENE,17,0.4,0.6,7
10/25/2012,1008.7,29.9,25.1,27.1,86,97,78,ENE,6,E,19,7.3,0.1,7
10/26/2012,1008.0,30.2,24.1,26.9,88,97,78,E,5,E,19,19.4,1.6,8
10/27/2012,1007.9,30.1,23.8,27.2,88,100,79,E,5,ENE,23,65.3,0.6,8
10/28/2012,1009.0,28.9,24.5,25.7,93,100,83,ENE,8,ENE,25,12.3,0.0,8
10/29/2012,1006.9,27.7,24.4,25.6,96,100,83,E,9,SW,26,114.8,0.0,8
10/30/2012,1005.4,29.0,23.1,26.1,93,100,85,N,8,N,25,144.6,0.0,8
10/31/2012,1007.4,28.8,25.0,27.3,85,97,76,W,6,W,23,20.5,0.0,8
11/1/2012,1008.6,31.6,26.6,28.7,80,89,75,W,7,W,14,0.0,2.2,7
11/2/2012,1009.4,31.6,27.4,28.9,76,86,69,W,5,W,11,0.0,10.3,5
11/3/2012,1010.3,31.6,25.6,28.5,79,85,72,NW,3,SW,16,0.5,7.5,6
11/4/2012,1009.7,31.2,25.0,27.9,81,93,67,N,3,N,10,0.0,10.0,4
11/5/2012,1009.2,31.4,27.1,28.9,75,87,67,WNW,4,W,10,0.0,10.9,4
11/6/2012,1009.5,31.128,25.0,28.0,79,89,67,VRB,2,NNW,7,0.0,11.0,5
11/7/2012,1010.0,31.3,25.0,28.3,78,89,68,VRB,1,W,5,0.0,4.7,7
11/8/2012,1009.8,29.9,24.9,27.7,85,93,77,VRB,1,NE,11,2.6,0.2,7
11/9/2012,1010.2,31.1,25.9,27.9,84,97,72,VRB,2,S,9,0.0,5.6,7
11/10/2012,1011.4,31.1,25.4,27.6,87,97,75,VRB,2,ENE,15,2.7,4.8,7
11/11/2012,1011.4,30.8,25.2,27.1,88,97,78,W,3,E,14,1.7,5.0,5
11/12/2012,1011.5,30.4,25.2,27.7,86,96,76,S,4,S,12,0.0,3.3,5
11/13/2012,1011.1,31.8,25.0,28.8,81,93,68,NW,3,WNW,7,0.0,9.7,6
11/14/2012,1009.3,31.8,23.4,27.9,85,98,72,VRB,1,NW,8,0.0,10.3,3
11/15/2012,1009.9,31.2,24.2,27.5,86,98,70,VRB,1,ESE,6,0.0,8.5,2
11/16/2012,1011.0,32.0,24.4,28.3,81,99,67,VRB,2,E,7,0.0,10.2,3
11/17/2012,1010.5,31.3,24.9,27.8,82,95,70,VRB,1,ENE,9,0.0,8.9,2
11/18/2012,1009.7,31.3,23.8,27.4,81,95,70,VRB,1,NNW,8,0.0,8.1,4
11/19/2012,1009.7,31.0,25.6,27.7,77,93,67,CALM,0,N,6,0.0,6.2,5
11/20/2012,1009.9,31.7,26.2,28.9,80,87,68,VRB,1,E,8,0.0,8.3,5
11/21/2012,1010.3,31.9,26.5,28.7,81,90,70,VRB,1,NNE,12,0.0,10.1,3
11/22/2012,1010.1,31.9,24.0,28.1,80,92,67,VRB,1,NE,8,0.0,9.9,2
11/23/2012,1010.3,31.6,24.6,28.8,78,95,69,N,4,N,11,0.0,10.8,2
11/24/2012,1009.6,32.1,25.5,29.1,81,92,71,NW,4,NNW,13,0.0,9.1,4
11/25/2012,1010.0,32.2,28.0,29.2,82,97,71,E,4,E,15,0.0,8.2,5
11/26/2012,1010.3,32.3,24.8,28.9,81,90,71,ENE,4,E,14,0.0,10.7,4
11/27/2012,1010.6,32.2,26.0,28.8,81,94,67,VRB,1,NNW,9,0.0,7.9,6
11/28/2012,1009.8,32.0,26.4,28.7,82,92,69,N,5,N,17,1.4,3.6,7
11/29/2012,1010.1,31.7,25.6,28.7,79,89,70,NNW,3,N,9,0.0,6.9,7
11/30/2012,1010.3,31.2,26.4,28.2,79,86,67,S,4,S,14,0.0,7.7,6
12/1/2012,1010.4,32.0,24.5,28.6,77,85,67,VRB,1,NNW,10,0.0,8.0,5
12/2/2012,1010.4,31.8,24.2,27.7,78,89,66,VRB,1,ENE,9,0.0,7.5,6
12/3/2012,1009.4,32.1,24.5,27.8,80,95,65,VRB,1,E,7,0.0,10.2,2
12/4/2012,1008.5,31.8,25.0,28.2,79,92,68,N,3,NNW,11,0.0,7.9,4
12/5/2012,1008.3,32.5,26.9,28.7,79,91,70,E,4,E,23,0.0,6.8,5
12/6/2012,1009.6,30.0,26.4,28.4,80,87,72,E,9,E,26,0.0,1.4,6
12/7/2012,1010.5,29.9,24.8,26.9,87,96,77,E,7,E,20,18.4,0.6,7
12/8/2012,1011.0,29.6,24.9,27.3,84,94,74,E,5,SE,17,1.4,1.6,6
12/9/2012,1010.0,31.2,24.7,28.5,81,95,74,E,7,NE,23,4.5,6.7,5
12/10/2012,1009.7,29.9,27.6,28.2,77,88,68,E,7,ENE,15,0.0,0.0,6
12/11/2012,1010.5,30.9,25.4,28.6,74,82,67,ENE,9,E,20,0.0,10.5,3
12/12/2012,1010.9,31.4,24.2,27.6,78,89,68,ENE,6,E,19,0.0,6.7,4
12/13/2012,1011.7,31.2,26.5,28.1,77,92,68,NE,6,NE,13,0.0,5.7,2
12/14/2012,1012.4,31.1,26.6,28.6,73,78,69,E,6,ENE,13,0.0,9.8,3
12/15/2012,1011.9,31.1,25.9,28.3,72,77,63,ENE,6,NE,14,0.0,10.3,6
12/16/2012,1010.9,31.4,26.0,28.0,73,82,61,NE,5,NE,14,0.0,9.7,4
12/17/2012,1010.1,31.5,27.4,28.5,72,80,63,NE,7,NE,16,0.0,7.9,5
12/18/2012,1009.9,31.8,24.4,28.3,74,91,60,NE,6,NNE,22,7.8,1.1,7
12/19/2012,1008.8,29.8,23.4,25.4,94,100,82,ENE,6,ENE,25,76.2,0.0,8
12/20/2012,1007.5,30.2,27.2,28.2,83,90,75,E,13,E,26,1.7,7.6,7
12/21/2012,1008.7,30.2,27.0,28.2,85,90,77,E,8,E,23,0.0,7.5,7
12/22/2012,1009.7,31.1,25.4,28.2,85,96,75,E,4,E,13,0.0,8.5,7
12/23/2012,1009.6,30.7,24.3,27.9,84,97,74,E,4,NNE,14,0.7,8.2,5
12/24/2012,1009.4,31.1,26.4,28.0,81,97,71,N,4,N,16,0.0,9.9,6
12/25/2012,1008.3,31.1,24.4,27.8,82,94,70,N,4,N,14,0.0,8.1,7
12/26/2012,1008.2,31.0,26.4,27.8,84,96,74,VRB,2,NW,7,0.0,1.9,7
12/27/2012,1008.3,29.7,23.5,26.3,89,97,82,NW,4,WNW,21,13.2,0.0,8
12/28/2012,1007.5,30.3,27.1,28.0,84,92,76,N,5,N,13,1.0,0.6,7
12/29/2012,1008.0,29.9,27.2,28.1,82,86,75,N,5,N,14,0.0,0.2,7
12/30/2012,1009.0,29.9,24.7,26.9,89,99,78,N,3,NNW,13,0.7,0.2,7
12/31/2012,1008.8,30.9,26.4,28.2,84,97,75,E,4,E,13,0.0,9.9,5
1/1/2013,1010.3,30.9,26.4,28.5,81,88,75,E,6,E,14,0.0,10.3,3
1/2/2013,1011.9,31.1,24.1,28.1,81,94,72,VRB,1,E,10,0.0,9.4,2
1/3/2013,1012.3,31.1,24.9,27.7,81,95,70,VRB,1,N,8,0.0,10.3,2
1/4/2013,1011.1,31.1,27.4,28.4,79,87,70,N,5,NNW,12,0.0,9.9,5
1/5/2013,1009.7,31.1,26.9,28.6,79,84,69,NNW,7,NNW,13,0.0,8.4,5
1/6/2013,1010.1,31.0,26.4,28.4,80,93,71,N,6,NE,14,0.05,6.9,6
1/7/2013,1010.9,30.9,23.0,27.5,83,95,73,N,8,WSW,22,34.1,5.6,7
1/8/2013,1011.9,28.9,24.4,26.1,83,97,73,NW,7,W,19,2.7,0.0,7
1/9/2013,1011.5,30.6,25.2,28.0,83,93,74,NNW,6,NNW,15,0.0,9.2,4
1/10/2013,1011.0,31.2,24.6,27.7,86,96,75,N,3,N,12,0.0,10.4,2
1/11/2013,1011.6,31.2,26.4,28.2,83,97,74,VRB,2,SE,11,0.0,9.2,3
1/12/2013,1012.5,31.1,24.6,27.7,83,92,70,VRB,2,SE,8,0.0,9.7,2
1/13/2013,1011.1,30.9,26.6,28.0,81,93,71,N,3,NE,10,0.0,9.7,2
1/14/2013,1011.2,30.9,23.4,27.4,80,92,68,E,4,ENE,13,0.0,10.0,2
1/15/2013,1011.7,31.1,26.6,27.8,72,92,60,ENE,5,ENE,19,0.0,10.0,2
1/16/2013,1012.3,30.8,26.9,28.3,67,75,56,ENE,10,ENE,23,0.0,10.8,3
1/17/2013,1012.7,30.9,24.6,27.4,70,80,61,NNE,8,ENE,25,0.0,10.4,2
1/18/2013,1013.0,30.9,25.8,27.8,73,84,59,NNE,6,NNE,14,1.8,9.8,3
1/19/2013,1012.8,31.2,25.0,27.7,79,89,68,NE,5,NE,14,0.0,9.3,3
1/20/2013,1012.4,31.2,25.6,28.1,78,92,65,ENE,5,NE,12,3.7,9.7,4
1/21/2013,1012.9,30.9,24.4,27.8,80,93,71,NNE,5,E,12,0.0,10.0,3
1/22/2013,1013.1,31.0,26.1,28.0,77,89,66,VRB,2,ENE,9,0.0,9.2,3
1/23/2013,1013.2,30.9,22.8,27.5,77,90,69,ENE,3,E,12,0.0,10.3,2
1/24/2013,1012.4,31.2,24.5,27.4,76,91,63,ENE,3,ENE,11,0.0,11.2,2
1/25/2013,1012.6,31.4,25.4,28.1,74,87,63,N,5,N,17,0.0,9.7,3
1/26/2013,1012.7,31.7,25.4,28.1,78,89,66,NNE,6,NE,17,0.0,8.6,2
1/27/2013,1012.8,31.2,26.2,28.1,76,87,66,E,7,ENE,18,0.0,10.3,2
1/28/2013,1012.8,30.7,25.6,27.8,76,85,66,E,9,E,20,0.0,10.2,2
1/29/2013,1012.3,30.6,24.7,27.4,79,90,68,ENE,4,ENE,11,0.0,10.5,2
1/30/2013,1011.9,30.9,26.3,27.8,79,89,71,E,6,E,15,0.0,9.9,2
1/31/2013,1012.1,30.2,26.5,27.9,75,83,65,E,9,E,22,0.0,10.3,3
2/1/2013,1012.0,31.2,25.8,27.9,75,84,65,ENE,6,E,14,0.0,9.8,2
2/2/2013,1012.0,31.1,22.0,27.2,74,92,59,E,4,ENE,13,0.0,10.7,2
2/3/2013,1012.2,31.0,20.9,25.7,76,94,55,VRB,2,ENE,11,0.0,10.8,1
2/4/2013,1013.3,30.5,23.3,26.2,76,95,57,VRB,2,ESE,10,0.0,11.0,1
2/5/2013,1013.3,31.1,23.5,26.2,78,97,63,E,3,E,8,0.05,9.78,5
2/6/2013,1013.2,31.2,24.9,27.4,80,97,65,NNE,3,ENE,9,0.0,10.5,3
2/7/2013,1011.7,31.2,23.8,27.0,82,97,65,NNE,3,ENE,19,0.05,6.1,4
2/8/2013,1010.7,31.1,24.3,27.4,82,97,67,N,3,NNW,9,0.0,10.6,2
2/9/2013,1009.8,31.9,24.8,28.2,81,93,68,NNE,5,ENE,10,0.0,10.5,2
2/10/2013,1009.5,32.1,25.0,28.3,80,95,67,ENE,5,ENE,11,0.0,10.2,2
2/11/2013,1009.4,31.7,25.6,28.4,79,93,68,ENE,5,ENE,13,0.0,10.5,3
2/12/2013,1008.5,32.3,25.4,28.6,79,90,67,NE,5,NE,13,0.05,10.1,3
2/13/2013,1008.5,31.7,24.2,28.2,83,97,72,N,5,ENE,22,27.3,7.9,6
2/14/2013,1009.0,31.1,26.0,27.8,81,93,71,E,8,E,22,2.0,5.0,7
2/15/2013,1009.6,31.2,23.8,27.4,85,98,73,SE,5,SSW,20,1.4,3.8,6
2/16/2013,1009.5,31.0,26.1,28.0,84,93,76,SE,5,SE,15,0.05,6.7,4
2/17/2013,1009.2,31.2,25.6,28.5,81,91,72,SSE,5,S,15,0.05,11.2,3
2/18/2013,1009.4,31.3,27.0,28.4,81,93,71,E,4,SSE,9,0.0,9.8,3
2/19/2013,1010.2,31.7,25.8,28.7,80,89,71,ENE,5,ENE,14,0.0,11.0,5
2/20/2013,1010.8,31.2,27.0,28.7,78,88,70,E,5,ENE,12,0.0,11.0,2
2/21/2013,1012.0,32.1,25.0,28.8,77,93,65,N,5,ENE,13,0.05,10.8,2
2/22/2013,1012.5,31.9,25.0,28.8,78,88,66,N,5,N,13,0.8,10.9,2
2/23/2013,1012.9,31.9,25.0,27.9,79,89,67,NNE,4,ENE,9,0.0,10.2,3
2/24/2013,1012.6,31.7,26.6,28.3,75,86,63,E,4,E,8,0.0,8.4,4
2/25/2013,1012.8,31.4,24.0,28.3,72,81,62,ENE,5,ENE,14,0.0,11.0,2
2/26/2013,1013.3,31.4,25.2,27.8,74,87,61,NNW,3,NNW,7,0.0,10.8,1
2/27/2013,1012.4,32.4,25.0,28.9,70,79,61,N,6,N,15,0.0,10.7,2
2/28/2013,1011.3,32.2,24.8,28.7,71,79,60,N,5,N,14,0.0,10.7,2
3/1/2013,1011.0,31.7,24.9,28.4,75,85,65,NNW,5,NNW,11,0.0,10.7,4
3/2/2013,1011.6,32.0,24.6,28.6,77,88,66,NW,3,NNW,9,0.0,10.6,2
3/3/2013,1011.5,31.8,24.6,28.0,80,91,67,N,3,N,11,0.0,9.6,3
3/4/2013,1010.8,31.9,26.0,28.2,79,93,66,N,4,N,12,0.0,10.0,3
3/5/2013,1010.1,31.8,23.9,28.1,81,98,66,N,3,E,25,37.5,7.1,5
3/6/2013,1010.2,30.9,26.2,28.1,86,98,77,E,7,ENE,22,14.7,2.2,6
3/7/2013,1011.1,31.7,28.0,29.3,82,89,75,E,7,E,18,0.0,8.9,5
3/8/2013,1012.1,31.8,27.4,29.4,81,85,75,E,7,E,17,0.0,10.3,4
3/9/2013,1011.6,32.2,25.8,28.4,83,90,71,ENE,6,ENE,20,1.2,6.7,5
3/10/2013,1010.3,31.9,27.3,29.1,78,85,71,ENE,5,ENE,12,0.0,11.2,2
3/11/2013,1011.4,31.8,24.6,28.8,81,93,72,E,3,E,8,0.0,11.2,2
3/12/2013,1011.6,31.9,25.5,28.5,81,95,69,ENE,3,ENE,9,0.0,11.0,2
3/13/2013,1011.5,32.1,27.2,29.0,80,95,70,W,3,NNE,9,0.05,10.7,2
3/14/2013,1011.1,32.1,25.0,28.7,82,92,71,N,4,N,13,0.05,8.6,4
3/15/2013,1011.6,32.0,25.0,28.5,80,92,69,NNE,4,NE,12,0.0,9.8,2
3/16/2013,1012.1,32.2,25.6,28.7,80,93,70,NE,4,NE,11,3.2,10.2,2
3/17/2013,1011.3,31.6,24.7,27.8,85,100,73,ESE,5,E,23,24.6,4.9,7
3/18/2013,1009.7,31.6,24.7,28.5,82,94,69,VRB,2,ESE,9,0.0,10.1,3
3/19/2013,1009.9,31.9,24.6,28.2,81,96,67,VRB,2,ESE,8,0.0,10.7,2
3/20/2013,1010.5,31.9,27.0,28.8,83,95,72,NNW,3,NW,7,0.0,10.5,2
3/21/2013,1009.6,32.2,26.5,29.2,83,90,75,N,4,N,11,0.0,10.5,2
3/22/2013,1008.4,32.1,24.9,28.6,83,94,72,NNW,3,NNW,11,0.0,9.9,2
3/23/2013,1009.4,32.0,26.1,29.0,77,91,65,NNW,4,NNW,10,0.0,10.4,1
3/24/2013,1009.9,32.2,25.9,28.9,77,86,67,N,4,N,10,0.0,10.3,2
3/25/2013,1009.8,32.2,26.7,29.5,75,86,67,NNW,5,NNW,13,0.0,10.5,4
3/26/2013,1009.6,32.3,28.0,29.7,76,82,67,NW,5,NNW,12,0.0,10.0,4
3/27/2013,1009.4,32.2,28.0,29.9,75,83,67,NNW,6,NW,14,0.0,9.6,5
3/28/2013,1010.2,32.9,28.3,29.9,75,82,65,NNW,5,NNW,10,0.0,10.4,2
3/29/2013,1010.1,32.2,28.3,29.8,75,81,64,NNW,7,NNW,15,0.0,10.1,5
3/30/2013,1009.4,32.1,28.0,29.6,75,82,65,NW,6,NW,12,0.0,7.6,7
3/31/2013,1009.8,32.1,28.1,29.5,72,78,64,NNW,5,NW,12,0.0,10.4,4
4/1/2013,1010.5,32.6,28.1,29.7,74,80,65,NW,6,WNW,13,0.0,8.6,7
4/2/2013,1010.4,32.2,28.4,29.7,75,81,67,NNW,6,N,14,0.0,9.4,6
4/3/2013,1010.6,32.9,28.3,29.9,74,81,64,N,6,NNW,14,0.0,9.2,5
4/4/2013,1009.5,32.3,28.0,29.8,77,87,67,NNW,6,NNW,13,0.0,9.8,7
4/5/2013,1009.3,32.3,28.4,29.6,76,85,68,NW,5,N,9,0.0,10.3,3
4/6/2013,1008.7,32.3,28.2,29.7,75,81,66,NW,6,NW,13,0.0,10.0,3
4/7/2013,1008.2,32.2,28.0,29.7,73,80,66,NW,6,NNW,14,0.0,10.2,2
4/8/2013,1008.3,32.7,25.7,29.5,76,87,66,NNW,4,NNW,12,0.0,9.5,3
4/9/2013,1009.2,32.9,25.3,29.2,80,94,67,VRB,2,NW,8,0.0,9.8,2
4/10/2013,1009.2,32.8,25.0,29.1,79,95,66,NW,3,NW,7,0.0,10.0,2
4/11/2013,1008.7,32.2,28.0,29.4,75,92,65,NNW,3,NNW,9,0.0,6.3,3
4/12/2013,1009.0,33.2,28.4,30.1,76,83,66,NW,4,NW,10,0.0,10.4,2
4/13/2013,1010.5,33.5,26.9,30.1,77,89,65,NW,4,WNW,8,0.0,10.7,2
4/14/2013,1010.7,33.0,28.8,30.2,75,85,64,W,4,W,12,0.0,10.7,3
4/15/2013,1010.5,33.0,28.6,30.3,73,82,62,WSW,6,W,25,1.1,10.8,6
4/16/2013,1009.2,33.2,28.6,30.2,75,81,66,NW,6,WNW,13,0.0,10.6,2
4/17/2013,1008.2,33.1,28.4,30.1,72,79,64,NW,6,NW,13,0.0,10.4,2
4/18/2013,1008.7,33.0,28.0,30.0,71,80,60,NW,5,NW,12,0.0,10.9,1
4/19/2013,1008.4,33.0,28.3,30.1,69,77,61,NW,6,NW,14,0.0,11.0,2
4/20/2013,1008.7,33.1,27.5,29.9,68,74,58,NW,6,WNW,14,0.0,11.1,2
4/21/2013,1008.6,32.2,23.4,28.4,68,83,57,WNW,4,NW,9,0.0,11.0,2
4/22/2013,1009.4,32.0,23.5,27.7,71,88,56,VRB,2,NW,9,0.0,11.1,1
4/23/2013,1010.8,32.7,24.0,28.0,75,92,59,ENE,3,ENE,11,0.0,10.4,2
4/24/2013,1011.0,33.2,25.9,28.9,75,93,60,N,3,N,11,0.0,10.9,1
4/25/2013,1010.8,33.0,27.1,29.9,77,92,65,W,4,NW,13,1.8,10.0,4
4/26/2013,1010.2,32.1,26.1,29.0,83,94,70,NW,3,NW,12,0.0,4.0,6
4/27/2013,1010.1,33.2,25.6,29.6,80,94,67,NW,3,NW,9,0.0,9.8,4
4/28/2013,1009.5,33.1,28.6,30.1,76,93,66,W,4,W,10,0.0,10.1,6
4/29/2013,1008.6,33.1,28.7,30.1,76,83,68,NW,7,NW,19,0.6,10.0,3
4/30/2013,1008.0,33.6,28.9,30.4,76,85,67,NW,6,W,13,0.0,10.6,2
5/1/2013,1007.5,33.9,27.4,30.5,79,86,69,NW,5,W,13,4.6,6.4,6
5/2/2013,1007.1,32.8,25.4,29.1,84,98,70,WSW,7,WSW,30,28.2,6.0,7
5/3/2013,1007.3,32.6,27.4,29.5,80,89,72,W,7,WNW,15,0.0,4.7,7
5/4/2013,1006.7,33.1,28.4,30.0,82,84,75,WNW,10,NW,19,1.1,1.4,7
5/5/2013,1008.1,32.2,25.7,30.1,78,86,68,WNW,9,W,19,9.8,1.1,8
5/6/2013,1008.2,32.0,23.1,27.4,87,95,77,W,7,ENE,32,11.1,0.6,8
5/7/2013,1009.1,30.8,24.9,27.9,82,94,70,WNW,5,NW,23,3.3,2.0,7
5/8/2013,1009.5,32.0,27.4,29.0,82,90,75,WNW,6,W,24,0.05,6.2,7
5/9/2013,1009.6,32.0,28.4,29.7,79,91,71,W,8,WNW,19,0.0,8.8,4
5/10/2013,1009.2,32.2,27.4,30.1,78,85,70,WNW,8,W,15,2.6,10.7,2
5/11/2013,1007.9,32.6,27.5,29.6,81,88,72,W,9,W,22,0.0,10.0,4
5/12/2013,1008.5,32.1,28.0,29.7,81,88,72,W,9,W,21,0.0,9.8,7
5/13/2013,1008.1,32.2,27.6,29.1,84,91,72,W,8,W,20,0.6,2.9,7
5/14/2013,1007.8,32.1,28.1,29.8,81,88,72,WNW,8,W,20,0.05,1.8,8
5/15/2013,1007.7,31.2,25.0,28.9,83,89,78,WSW,9,SW,18,9.6,0.6,7
5/16/2013,1008.2,30.2,24.6,27.0,91,100,81,W,4,WSW,17,72.7,0.6,8
5/17/2013,1009.0,31.5,25.9,28.1,88,100,77,WSW,9,WSW,23,15.5,6.4,7
5/18/2013,1008.2,31.3,24.6,29.0,86,100,72,WSW,10,WNW,22,41.2,9.3,6
5/19/2013,1007.9,31.8,27.5,29.0,86,98,77,W,10,W,20,2.6,4.0,7
5/20/2013,1008.5,29.8,26.4,28.3,88,94,83,W,7,W,23,1.9,0.0,7
5/21/2013,1009.5,32.7,26.6,29.2,84,90,75,W,8,SW,23,0.05,6.8,7
5/22/2013,1010.5,29.1,24.6,27.1,87,97,79,W,6,WSW,19,10.5,0.0,8
5/23/2013,1010.3,31.9,27.4,29.0,81,89,74,WSW,7,W,16,0.05,8.1,5
5/24/2013,1010.4,31.1,24.2,27.8,87,99,78,WSW,8,W,26,29.3,0.8,7
5/25/2013,1010.8,30.5,26.4,28.2,84,92,78,W,8,W,23,0.5,1.7,7
5/26/2013,1010.3,31.3,24.1,28.0,87,95,80,WSW,7,SSW,21,31.3,4.6,7
5/27/2013,1010.4,30.2,26.8,28.0,86,93,79,W,6,NW,14,4.1,3.5,6
5/28/2013,1010.5,31.9,26.7,28.9,82,94,73,W,8,N,21,1.3,6.9,7
5/29/2013,1009.3,31.8,26.6,29.4,83,88,75,W,9,W,25,0.0,8.6,7
5/30/2013,1008.3,31.4,25.9,28.1,87,96,77,WSW,10,W,27,12.4,3.2,7
5/31/2013,1008.4,29.0,24.5,27.9,86,92,81,W,11,WSW,28,28.8,0.0,8
6/1/2013,1008.4,30.9,24.6,28.3,85,96,77,W,10,W,34,10.0,6.4,7
6/2/2013,1008.3,30.2,24.4,27.6,86,98,78,W,10,WSW,39,23.8,0.0,8
6/3/2013,1007.8,30.0,24.1,27.3,87,97,81,W,10,W,37,26.9,0.3,8
6/4/2013,1008.2,31.1,25.6,28.6,84,93,76,W,9,W,30,5.7,6.2,7
6/5/2013,1008.6,31.9,25.9,28.7,85,96,75,W,9,W,29,4.7,6.8,7
6/6/2013,1008.4,31.8,25.0,29.3,81,89,73,WNW,12,WNW,31,4.8,9.7,5
6/7/2013,1009.2,31.2,24.1,26.9,87,100,77,W,18,WSW,41,39.6,0.0,8
6/8/2013,1009.4,30.7,24.4,28.4,81,92,72,WSW,11,WSW,33,3.7,1.2,7
6/9/2013,1009.3,30.8,25.8,28.6,82,87,77,W,10,W,30,2.4,1.3,7
6/10/2013,1009.0,31.6,27.5,29.0,82,86,76,W,10,WSW,17,0.0,9.3,4
6/11/2013,1008.4,30.8,23.9,28.2,86,98,78,WSW,12,W,41,20.8,3.6,6
6/12/2013,1007.2,29.5,24.0,28.2,86,93,82,WSW,14,WSW,39,12.8,0.0,8
6/13/2013,1006.4,30.1,25.0,27.6,85,91,79,W,12,WSW,23,6.2,0.0,8
6/14/2013,1006.5,31.1,25.6,28.2,86,94,78,W,13,W,35,8.3,6.0,7
6/15/2013,1007.1,30.8,24.7,28.5,84,94,76,WSW,13,WSW,33,8.5,6.4,6
6/16/2013,1007.8,30.1,26.9,28.1,85,97,78,WSW,12,SW,28,0.05,6.1,7
6/17/2013,1008.4,30.6,25.5,28.5,82,89,79,WSW,11,SW,28,1.7,1.9,7
6/18/2013,1007.8,31.2,25.5,28.9,80,88,73,WSW,10,W,23,0.05,7.4,6
6/19/2013,1009.2,29.9,24.4,27.4,86,97,78,W,10,W,33,23.8,0.2,7
6/20/2013,1009.9,30.3,25.4,28.2,86,92,79,W,9,W,27,2.8,6.2,6
6/21/2013,1010.2,30.0,25.5,27.7,86,94,81,W,11,W,29,4.5,1.8,7
6/22/2013,1010.2,29.1,25.2,26.8,88,97,80,W,13,WNW,37,16.2,0.0,8
6/23/2013,1009.0,30.5,26.2,28.5,84,89,78,W,10,WSW,26,2.8,7.4,6
6/24/2013,1009.0,30.9,27.6,28.8,84,89,78,WSW,11,WSW,21,0.05,7.7,6
6/25/2013,1010.2,30.9,25.9,28.4,87,94,81,SW,8,WSW,16,4.3,5.1,6
6/26/2013,1011.0,31.3,24.1,28.0,88,94,78,SSW,6,W,23,16.3,8.3,7
6/27/2013,1010.6,31.1,26.1,27.9,87,97,76,SSW,5,W,23,0.0,7.0,6
6/28/2013,1010.4,31.1,24.4,27.8,87,96,79,S,4,S,11,0.05,4.1,6
6/29/2013,1011.2,30.5,23.4,26.9,88,100,76,W,6,WNW,29,26.0,3.5,7
6/30/2013,1011.1,30.1,26.4,28.1,84,89,79,W,5,W,16,0.0,0.5,7
7/1/2013,1009.7,31.2,27.5,28.8,82,88,76,W,8,W,16,0.0,7.6,7
7/2/2013,1009.2,31.0,27.6,28.7,79,85,74,W,10,W,19,0.0,9.2,7
7/3/2013,1009.1,31.0,27.4,28.8,79,87,72,W,10,W,21,0.0,8.8,5
7/4/2013,1008.3,30.9,23.4,28.3,85,94,77,W,9,W,22,9.6,9.8,4
7/5/2013,1008.2,31.8,24.0,28.3,81,96,76,WNW,10,WNW,33,0.05,4.5,7
7/6/2013,1009.3,31.5,24.6,28.6,79,85,72,NW,9,W,27,4.5,8.3,7
7/7/2013,1009.9,31.2,24.6,28.3,80,91,73,W,12,W,31,14.0,8.0,7
7/8/2013,1009.7,29.8,25.1,27.4,83,95,75,W,11,W,29,3.1,3.3,7
7/9/2013,1008.7,30.0,24.0,27.1,84,97,77,W,11,W,31,37.6,1.2,7
7/10/2013,1008.4,29.2,24.3,26.9,85,97,75,NW,11,WNW,36,5.4,0.5,8
7/11/2013,1008.8,30.8,25.0,27.7,84,92,77,WNW,9,NW,27,6.1,7.1,7
7/12/2013,1009.4,29.0,24.9,27.4,85,93,82,W,9,W,24,2.8,0.3,7
7/13/2013,1009.2,31.1,27.0,28.6,79,87,71,WNW,9,WNW,15,0.0,9.9,4
7/14/2013,1009.2,31.2,27.6,28.9,77,82,70,WNW,10,NW,17,0.0,10.3,3
7/15/2013,1009.4,31.2,27.2,28.9,80,85,72,WNW,9,WNW,19,0.0,9.0,3
7/16/2013,1009.8,30.8,25.8,28.4,81,87,75,W,6,W,15,0.0,0.9,7
7/17/2013,1009.8,31.2,25.0,28.4,82,91,74,WSW,5,SW,16,4.0,8.4,6
7/18/2013,1009.2,31.0,27.3,28.5,83,88,78,WSW,7,WSW,14,0.0,5.4,7
7/19/2013,1008.2,31.1,27.3,28.7,83,90,76,WSW,7,WSW,14,0.05,5.5,7
7/20/2013,1009.2,31.1,25.6,28.0,85,94,77,SSW,6,SSW,17,2.5,1.6,7
7/21/2013,1008.7,31.1,23.8,27.0,90,100,78,W,6,W,28,51.7,3.0,7
7/22/2013,1008.2,29.1,23.4,27.0,87,96,82,W,9,WNW,35,18.5,0.0,8
7/23/2013,1009.0,29.7,23.9,26.8,91,99,82,SW,8,W,35,27.4,0.2,8
7/24/2013,1010.0,30.0,23.9,26.9,89,99,81,WSW,8,SW,36,19.2,1.5,8
7/25/2013,1009.7,30.2,25.0,27.7,86,94,77,SW,7,WSW,29,3.4,1.7,7
7/26/2013,1008.7,31.6,25.4,28.4,82,93,71,SSW,5,WSW,14,0.5,8.1,6
7/27/2013,1010.1,31.1,23.6,27.0,87,97,72,S,8,NW,31,35.9,5.6,6
7/28/2013,1012.2,30.1,26.6,27.7,83,89,76,WNW,10,NW,29,0.3,6.5,6
7/29/2013,1011.5,31.2,27.0,28.6,81,86,75,W,6,WNW,13,0.0,10.4,6
7/30/2013,1010.2,31.1,27.6,28.8,82,89,76,WSW,7,WSW,15,0.0,9.3,6
7/31/2013,1009.0,31.5,25.5,29.1,84,90,75,WSW,9,WSW,17,4.0,10.5,6
8/1/2013,1009.0,30.8,25.4,28.0,89,95,85,WSW,10,W,23,5.3,0.0,7
8/2/2013,1009.6,30.9,27.7,28.8,84,88,75,W,10,W,22,0.0,5.5,7
8/3/2013,1009.7,31.5,23.4,27.7,87,97,78,W,11,W,41,47.5,6.6,7
8/4/2013,1010.6,29.1,22.0,25.6,92,100,83,W,11,WNW,42,102.0,0.0,8
8/5/2013,1010.9,27.6,23.4,25.1,91,97,84,WNW,9,WNW,39,36.9,0.0,8
8/6/2013,1010.3,28.9,23.8,27.1,88,98,80,WNW,11,NW,33,5.5,0.0,8
8/7/2013,1011.0,30.8,27.1,28.4,82,90,76,WNW,9,WNW,17,0.3,10.5,3
8/8/2013,1011.0,30.6,25.9,28.3,80,87,73,WNW,9,WNW,18,0.6,10.1,2
8/9/2013,1010.8,30.7,27.0,28.3,82,91,75,WNW,8,WNW,16,0.3,10.0,6
8/10/2013,1010.4,30.9,27.1,28.4,82,87,75,WNW,7,WNW,13,0.0,8.5,7
8/11/2013,1010.5,31.3,27.3,28.4,82,87,76,WNW,8,WNW,16,0.0,8.1,5
8/12/2013,1009.5,31.1,27.3,28.6,80,85,71,WNW,8,WNW,15,0.05,11.0,4
8/13/2013,1008.6,31.1,27.2,28.5,81,85,76,W,10,W,23,0.05,10.5,6
8/14/2013,1008.9,31.1,26.3,28.6,80,88,72,WNW,9,WNW,24,0.05,7.3,7
8/15/2013,1009.7,31.0,26.0,28.3,80,87,73,WNW,7,W,23,3.3,9.7,6
8/16/2013,1009.5,31.0,25.0,28.1,81,86,74,W,6,NW,19,3.5,7.8,5
8/17/2013,1010.2,31.7,26.9,28.5,80,92,71,W,6,N,15,0.0,9.8,4
8/18/2013,1010.6,32.0,24.6,28.4,81,89,72,W,5,WSW,15,0.0,8.6,6
8/19/2013,1011.0,31.4,26.1,28.5,79,96,67,W,4,WSW,9,0.0,10.8,5
8/20/2013,1010.6,31.8,26.5,28.7,80,90,68,W,6,W,13,0.0,11.0,3
8/21/2013,1010.2,31.6,26.5,28.8,80,87,72,WNW,7,W,16,0.05,9.6,7
8/22/2013,1010.0,31.9,26.5,28.8,79,89,69,WNW,6,WNW,18,0.0,9.6,6
8/23/2013,1010.3,30.7,24.4,27.6,84,96,71,WNW,8,WSW,26,9.3,5.0,7
8/24/2013,1009.8,31.4,24.8,28.4,81,92,73,NW,10,NW,28,4.8,9.3,6
8/25/2013,1009.3,31.2,24.8,28.6,79,87,71,WNW,10,WNW,23,1.9,9.5,5
8/26/2013,1009.5,30.7,24.2,27.7,84,90,74,NW,9,NNW,31,11.2,4.8,7
8/27/2013,1009.9,30.8,23.4,26.8,87,100,72,NW,13,WNW,31,59.9,7.7,7
8/28/2013,1010.9,30.5,23.4,27.7,83,100,76,WNW,12,WNW,33,9.9,1.2,7
8/29/2013,1011.1,30.2,27.3,28.3,80,84,75,NW,12,NW,25,0.4,5.3,7
8/30/2013,1009.6,30.5,25.3,28.5,80,86,73,NW,12,NW,29,9.1,9.5,6
8/31/2013,1009.1,29.0,25.2,27.2,86,92,82,NW,8,NNW,26,9.4,0.0,8
9/1/2013,1010.2,28.1,25.4,26.8,86,95,77,NW,8,WNW,18,1.8,0.8,7
9/2/2013,1010.9,30.9,24.4,27.4,86,99,75,WNW,4,WNW,10,47.1,4.0,7
9/3/2013,1011.4,30.2,25.1,27.5,84,92,77,WSW,4,S,16,1.6,4.6,7
9/4/2013,1011.7,31.1,25.5,27.4,84,92,72,W,6,W,21,1.0,7.0,7
9/5/2013,1011.3,31.0,27.2,28.2,81,87,73,W,6,W,13,0.0,8.0,7
9/6/2013,1011.4,30.7,27.1,28.3,81,86,73,WNW,7,W,14,0.0,6.2,7
9/7/2013,1011.5,30.2,24.2,27.3,86,95,79,NW,7,W,24,7.7,2.5,7
9/8/2013,1011.7,28.3,24.0,25.8,88,97,79,WNW,11,WNW,31,14.2,0.0,7
9/9/2013,1011.5,28.8,23.0,26.7,86,97,79,WNW,10,W,30,25.4,4.0,7
9/10/2013,1009.6,30.6,26.6,28.0,83,87,75,WNW,9,WNW,18,1.6,4.8,7
9/11/2013,1009.1,30.8,26.2,27.9,85,91,77,W,8,W,20,1.2,2.7,7
9/12/2013,1010.1,31.2,25.9,28.3,82,89,74,W,8,WSW,20,0.05,5.9,7
9/13/2013,1010.6,30.3,27.1,28.0,82,87,77,W,11,WNW,23,1.6,8.1,7
9/14/2013,1009.7,30.3,26.4,28.4,81,87,74,W,10,W,19,0.05,10.3,6
9/15/2013,1008.6,30.7,24.4,27.8,83,97,74,W,11,W,30,13.7,7.4,5
9/16/2013,1008.8,28.9,23.9,26.0,92,99,82,W,14,W,30,41.6,1.0,8
9/17/2013,1008.5,30.0,24.1,27.4,86,100,77,W,13,W,35,7.7,5.3,7
9/18/2013,1008.6,31.2,25.4,28.1,85,90,79,W,11,W,30,8.4,4.7,7
9/19/2013,1008.5,30.2,25.6,27.9,85,93,75,W,13,W,31,0.7,9.1,5
9/20/2013,1008.6,30.7,27.0,28.2,86,92,78,W,10,W,21,0.0,10.4,5
9/21/2013,1009.0,31.1,26.6,28.4,84,90,77,W,8,W,15,0.05,10.3,4
9/22/2013,1009.1,31.2,26.7,28.4,83,90,75,W,7,W,15,0.05,10.6,3
9/23/2013,1009.0,31.6,26.9,28.5,81,90,69,WNW,6,NW,12,0.0,10.6,3
9/24/2013,1009.7,31.4,26.7,28.6,80,88,72,WNW,7,WNW,14,0.05,10.3,2
9/25/2013,1011.1,31.2,26.9,28.5,81,90,72,WNW,5,W,12,0.05,10.6,2
9/26/2013,1012.1,31.5,24.0,28.2,82,94,73,WNW,3,NW,10,0.6,9.4,3
9/27/2013,1012.0,31.9,26.0,28.3,81,97,67,W,3,WSW,6,0.0,10.9,3
9/28/2013,1011.6,31.7,27.3,28.8,78,84,69,W,5,WSW,9,0.0,11.0,2
9/29/2013,1010.0,31.8,27.2,28.9,77,83,71,W,7,W,14,0.0,10.7,4
9/30/2013,1009.0,31.8,27.1,28.9,79,86,71,W,10,W,19,0.05,10.5,3
10/1/2013,1009.6,31.1,27.2,28.6,80,87,75,WNW,10,WNW,19,0.3,9.5,3
10/2/2013,1010.6,31.5,26.9,28.6,79,83,71,WNW,8,WNW,15,0.0,10.4,2
10/3/2013,1011.4,31.7,26.6,28.6,76,82,65,W,6,WNW,12,0.0,9.9,2
10/4/2013,1011.7,31.4,26.6,28.5,76,82,69,W,6,W,11,0.0,10.5,2
10/5/2013,1011.2,31.6,27.3,28.5,76,87,65,W,6,W,14,0.0,10.9,2
10/6/2013,1010.8,32.0,27.2,28.8,79,86,72,WNW,8,WNW,17,0.0,10.9,2
10/7/2013,1011.8,31.9,27.4,28.8,77,84,66,W,7,W,14,0.0,10.6,2
10/8/2013,1012.2,31.9,27.2,29.0,78,85,67,W,6,WNW,13,0.05,11.0,2
10/9/2013,1012.0,31.9,27.0,28.9,78,85,65,W,6,W,11,0.0,8.9,6
10/10/2013,1012.4,32.2,27.4,29.0,79,84,69,W,7,W,13,0.0,10.3,6
10/11/2013,1011.7,32.0,27.2,29.0,80,85,71,W,10,W,17,0.05,10.0,4
10/12/2013,1010.1,31.8,27.4,29.1,78,85,70,WNW,9,WNW,17,0.0,10.6,7
10/13/2013,1010.3,32.0,26.0,28.5,81,94,67,W,7,WNW,21,1.1,9.0,6
10/14/2013,1010.7,32.1,27.6,29.1,79,87,69,WNW,7,NNW,14,0.0,10.6,4
10/15/2013,1010.9,32.2,27.6,29.3,79,86,70,WNW,8,WNW,17,0.0,10.8,5
10/16/2013,1010.4,32.3,26.2,29.0,80,91,70,WNW,11,WNW,23,2.6,7.8,7
10/17/2013,1010.3,30.5,25.6,28.6,80,86,74,WNW,8,W,26,0.6,1.9,7
10/18/2013,1010.6,32.2,27.6,29.0,79,87,68,W,8,W,14,0.0,7.3,5
10/19/2013,1011.5,30.1,22.6,27.3,84,100,71,WSW,9,W,31,110.2,0.0,7
10/20/2013,1010.3,29.9,27.0,27.9,81,89,74,WNW,10,WNW,26,0.0,8.0,6
10/21/2013,1008.5,31.1,26.5,28.2,82,88,74,W,10,WNW,24,0.05,5.9,6
10/22/2013,1008.6,31.2,27.3,28.8,82,85,75,W,9,W,17,1.3,10.2,3
10/23/2013,1008.8,31.2,26.3,28.8,80,88,68,W,7,WSW,14,1.6,10.8,5
10/24/2013,1008.7,31.8,27.6,28.7,81,93,73,WNW,8,WNW,18,0.0,10.6,5
10/25/2013,1008.8,31.8,26.2,28.9,78,84,71,W,7,W,16,2.2,10.6,4
10/26/2013,1009.8,31.9,26.0,28.7,78,89,69,WNW,5,W,13,0.0,8.7,5
10/27/2013,1011.1,31.2,24.9,27.9,81,93,69,WNW,3,WNW,9,1.2,10.4,4
10/28/2013,1011.7,30.8,24.0,27.7,84,94,73,NW,4,W,17,0.05,8.4,3
10/29/2013,1011.8,31.7,26.4,27.6,84,95,69,W,4,WNW,17,0.05,4.2,5
10/30/2013,1011.7,31.5,24.1,28.2,77,89,70,N,4,NNW,9,0.0,11.0,3
10/31/2013,1011.4,31.2,24.6,27.4,84,95,70,VRB,2,SSE,7,0.0,3.7,6
11/1/2013,1010.8,31.6,24.2,28.1,82,94,70,ENE,3,ENE,10,0.0,8.2,5
11/2/2013,1010.4,31.9,25.1,28.0,81,95,65,VRB,2,ENE,7,0.0,8.8,4
11/3/2013,1010.4,31.0,24.1,27.9,84,93,77,ENE,3,E,14,37.0,2.1,6
11/4/2013,1011.3,29.9,23.2,26.5,89,100,76,ENE,6,ESE,23,48.2,1.4,8
11/5/2013,1011.1,28.9,24.4,27.0,87,98,79,E,10,ENE,27,15.7,0.0,7
11/6/2013,1011.1,31.2,26.4,28.2,84,97,74,ESE,6,ESE,17,2.1,9.0,6
11/7/2013,1010.6,30.9,25.6,27.8,84,94,76,E,5,NE,22,3.4,7.6,5
11/8/2013,1009.9,31.2,24.2,28.1,81,97,72,NNW,5,ENE,22,6.2,10.6,4
11/9/2013,1009.1,31.3,25.6,28.1,84,99,69,NE,4,NE,12,0.0,8.6,6
11/10/2013,1009.5,31.6,25.8,28.3,83,93,72,ESE,3,SSE,11,0.4,9.4,5
11/11/2013,1009.0,31.2,23.6,27.2,88,99,77,SSW,6,SSW,19,33.7,2.0,7
11/12/2013,1009.5,30.8,25.0,27.4,85,93,76,SW,9,SW,21,0.9,4.1,7
11/13/2013,1010.0,31.8,24.9,27.2,88,97,72,SSW,4,S,16,1.3,2.9,7
11/14/2013,1009.5,31.1,26.3,28.2,83,95,74,W,5,W,15,0.8,9.1,5
11/15/2013,1009.2,31.9,25.5,28.4,82,90,71,E,3,NE,13,0.0,7.3,5
11/16/2013,1009.3,31.2,22.8,27.8,83,93,72,E,3,E,9,0.0,11.0,3
11/17/2013,1009.3,31.4,23.9,27.4,80,97,64,VRB,2,NNW,5,0.0,10.9,2
11/18/2013,1010.5,31.5,25.4,28.2,75,92,65,SSE,3,SSE,14,0.05,9.0,3
11/19/2013,1010.9,31.9,24.6,28.1,78,91,66,VRB,2,S,7,0.0,10.2,4
11/20/2013,1009.2,32.0,24.5,27.8,83,97,68,W,3,N,14,0.7,10.6,3
11/21/2013,1007.8,31.9,24.6,27.9,84,97,69,VRB,2,NNW,5,0.0,11.0,2
11/22/2013,1008.6,32.2,24.8,28.1,81,96,67,VRB,1,NNE,6,0.0,9.6,2
11/23/2013,1009.8,31.9,25.4,28.6,80,90,70,SSW,4,SSE,9,0.0,11.0,3
11/24/2013,1010.7,32.2,25.0,28.8,78,95,65,WSW,3,NW,8,2.6,11.1,3
11/25/2013,1009.9,32.1,26.8,28.8,79,94,68,W,4,W,13,0.5,8.5,4
11/26/2013,1009.3,32.0,26.5,28.6,81,87,73,WNW,5,WNW,23,0.05,6.1,6
11/27/2013,1009.8,31.8,24.4,28.2,83,98,68,N,3,ENE,14,3.6,6.7,6
11/28/2013,1010.4,31.7,24.8,28.0,85,98,73,N,3,ENE,16,2.8,8.5,5
11/29/2013,1010.5,31.8,27.4,29.0,76,82,70,SE,5,SE,14,0.0,9.2,5
11/30/2013,1010.9,32.2,27.4,29.3,75,82,65,E,6,E,13,0.0,9.6,4
12/1/2013,1011.5,31.8,25.0,28.4,80,96,69,ENE,3,ENE,13,0.9,6.8,7
12/2/2013,1011.1,30.8,24.5,27.3,83,93,70,NNW,4,NE,16,3.1,2.8,7
12/3/2013,1009.5,30.1,23.4,26.6,87,97,72,ENE,3,E,17,0.0,1.6,6
12/4/2013,1009.1,31.6,24.4,27.4,84,97,67,VRB,2,NE,12,0.3,10.2,5
12/5/2013,1008.6,31.1,23.8,27.4,86,95,73,N,3,N,7,1.6,1.3,5
12/6/2013,1008.5,31.8,25.9,28.4,79,97,64,NW,4,W,17,4.9,6.6,7
12/7/2013,1008.4,31.6,26.7,28.8,75,82,69,N,5,NNW,13,0.0,9.7,3
12/8/2013,1008.9,32.1,27.2,28.9,73,80,62,WNW,5,NW,10,0.0,8.8,4
12/9/2013,1007.9,31.2,24.6,28.0,76,89,64,NNW,4,NNW,13,0.0,7.0,5
12/10/2013,1008.4,31.0,26.2,28.2,77,88,70,NNW,5,N,13,0.0,3.8,6
12/11/2013,1008.8,31.3,26.4,28.5,67,76,57,NNW,6,NNW,15,0.0,11.0,3
12/12/2013,1007.9,31.0,27.1,28.6,68,79,59,NW,8,NNW,15,0.05,10.6,4
12/13/2013,1008.1,31.2,25.0,27.8,83,97,72,WNW,7,NW,15,2.9,1.2,7
12/14/2013,1009.7,30.9,23.0,27.4,87,96,73,SSE,3,NW,14,8.0,3.6,7
12/15/2013,1010.6,30.0,25.4,27.1,84,95,78,E,3,SSE,14,0.05,0.1,8
12/16/2013,1010.7,31.8,24.3,27.6,83,95,71,NNE,3,W,9,0.0,9.8,4
12/17/2013,1009.2,31.8,25.8,27.8,81,96,67,NNE,5,NE,12,0.0,9.4,4
12/18/2013,1009.1,30.8,23.2,27.5,74,87,63,ENE,5,ENE,13,0.0,9.1,3
12/19/2013,1010.4,31.7,25.6,27.7,72,83,58,NNE,4,ENE,9,0.0,10.7,2
12/20/2013,1011.0,31.4,26.7,28.3,79,86,71,NE,6,ENE,14,0.0,7.2,4
12/21/2013,1011.3,31.3,23.6,27.7,85,100,71,NE,6,NNE,20,65.2,5.4,6
12/22/2013,1011.1,29.9,24.8,27.0,87,98,78,ENE,5,ENE,14,23.5,2.3,7
12/23/2013,1011.2,30.1,26.9,27.8,80,90,73,E,8,ENE,21,0.0,4.3,6
12/24/2013,1012.5,30.2,25.0,27.9,81,96,73,E,8,E,20,0.05,9.3,5
12/25/2013,1013.4,30.8,25.0,27.6,82,89,73,NNE,5,N,15,0.0,6.0,6
12/26/2013,1012.7,30.2,23.4,26.6,87,98,74,NNE,3,N,11,0.0,3.9,5
12/27/2013,1012.5,30.4,23.9,27.3,81,99,70,E,3,E,7,0.0,10.7,2
12/28/2013,1012.3,30.3,26.0,27.6,76,90,69,E,5,E,12,0.0,10.4,2
12/29/2013,1011.5,30.2,25.0,27.4,79,89,69,E,4,E,12,0.0,10.4,3
12/30/2013,1011.5,30.1,26.3,27.6,78,86,69,E,5,E,12,0.0,10.0,3
12/31/2013,1011.4,30.4,22.8,27.5,77,83,68,ENE,6,ENE,14,0.0,8.4,5
1/1/2014,1011.8,30.0,22.1,26.8,78,92,68,ENE,5,ENE,14,0.0,10.5,3
1/2/2014,1012.4,30.4,22.8,26.3,80,96,68,NNE,4,NE,11,0.0,10.5,5
1/3/2014,1012.8,30.9,22.4,26.4,83,98,67,E,3,ENE,8,0.0,10.3,3
1/4/2014,1011.9,31.0,22.8,26.4,83,98,67,VRB,1,ESE,5,0.0,9.3,3
1/5/2014,1010.9,30.9,24.3,26.8,84,97,67,VRB,2,NE,11,1.3,9.3,2
1/6/2014,1010.6,31.1,23.9,27.2,84,98,73,NE,3,S,8,0.0,6.7,3
1/7/2014,1010.8,31.0,24.5,27.2,83,92,68,NNE,4,NE,11,0.0,9.6,2
1/8/2014,1011.4,31.2,25.5,27.6,82,93,69,NNE,5,NE,12,0.0,7.8,4
1/9/2014,1011.3,30.6,26.6,27.8,82,87,72,E,7,ENE,19,0.2,7.9,4
1/10/2014,1011.9,30.8,25.9,28.1,82,89,74,E,6,E,16,0.0,10.2,3
1/11/2014,1012.7,31.1,26.7,28.0,81,90,71,E,6,NE,13,0.0,9.3,3
1/12/2014,1013.5,30.7,25.2,27.7,78,92,68,E,5,ENE,11,0.0,9.3,5
1/13/2014,1012.8,31.2,25.9,27.8,80,90,68,NNE,6,NE,15,0.0,8.6,4
1/14/2014,1012.3,31.0,26.0,28.0,78,89,66,ENE,5,ENE,13,0.0,10.2,3
1/15/2014,1013.2,30.9,27.0,28.3,79,84,70,E,8,E,19,0.0,10.1,5
1/16/2014,1013.8,31.1,26.9,28.5,78,85,71,E,6,E,14,0.0,10.6,3
1/17/2014,1013.4,31.1,23.7,28.0,79,93,69,E,4,E,11,0.0,10.4,3
1/18/2014,1013.5,30.8,26.0,27.8,79,96,69,WNW,3,WNW,7,0.05,10.4,3
1/19/2014,1014.4,30.9,25.9,28.1,79,90,71,E,6,E,17,0.05,7.6,5
1/20/2014,1014.5,31.1,26.5,28.4,75,79,68,E,6,E,14,0.0,8.4,6
1/21/2014,1013.0,31.0,26.9,28.1,75,82,64,E,6,E,17,0.0,9.7,4
1/22/2014,1013.0,30.9,26.6,28.2,75,83,68,E,7,E,18,0.0,8.9,3
1/23/2014,1013.0,30.9,24.8,28.1,76,83,68,E,8,E,17,0.05,10.3,2
1/24/2014,1012.0,31.2,25.8,27.7,77,86,66,E,4,E,10,0.0,10.0,3
1/25/2014,1011.2,31.2,26.0,28.1,78,85,68,E,5,E,15,1.8,10.0,4
1/26/2014,1011.2,30.6,25.9,27.9,76,88,69,E,7,E,17,0.0,10.7,2
1/27/2014,1011.4,31.2,23.5,27.8,74,85,67,ENE,6,ENE,14,0.0,10.2,4
1/28/2014,1012.0,31.2,23.6,26.8,80,94,63,E,3,E,8,0.0,4.4,5
1/29/2014,1012.5,31.1,23.0,26.9,79,95,62,E,3,E,10,0.0,9.9,4
1/30/2014,1012.5,31.0,22.8,26.9,79,96,64,NNE,4,NE,11,0.0,10.9,3
1/31/2014,1011.8,31.2,22.8,26.8,81,97,66,ENE,3,E,10,0.0,10.7,2
2/1/2014,1011.8,31.0,23.5,26.8,84,98,70,NW,3,NE,9,0.05,9.0,2
2/2/2014,1010.4,31.3,24.4,27.4,83,96,69,ENE,4,ENE,12,0.0,9.8,2
2/3/2014,1010.0,31.2,23.4,27.8,81,89,71,ENE,5,NE,12,0.05,8.0,3
2/4/2014,1009.5,31.1,22.1,26.5,82,97,63,ENE,3,NE,10,0.0,9.5,1
2/5/2014,1009.3,31.0,23.9,26.6,83,99,68,N,4,NNW,11,0.0,10.9,1
2/6/2014,1008.8,31.6,24.6,28.0,79,90,71,NE,7,NE,13,0.0,9.9,4
2/7/2014,1009.6,31.1,24.6,27.4,78,89,66,NNE,5,NE,12,0.0,10.9,2
2/8/2014,1009.2,31.2,24.9,27.8,73,81,65,NE,5,NE,12,0.0,10.8,3
2/9/2014,1010.0,31.2,22.8,27.0,74,90,61,NE,4,NE,10,0.0,10.9,3
2/10/2014,1009.5,31.1,22.8,27.2,78,91,66,NNE,4,N,11,0.0,10.5,2
2/11/2014,1008.6,31.2,22.5,26.5,81,95,64,NNW,3,N,12,0.0,10.4,2
2/12/2014,1009.5,30.9,22.2,26.3,78,92,64,VRB,2,N,9,0.0,10.8,2
2/13/2014,1011.1,31.6,24.4,27.4,75,92,64,E,4,E,10,0.0,10.9,3
2/14/2014,1011.1,31.2,26.4,28.0,76,84,66,E,5,ENE,12,0.0,10.0,3
2/15/2014,1010.0,31.2,26.7,28.3,78,86,68,ESE,3,SE,8,0.0,10.4,3
2/16/2014,1010.7,31.8,27.0,28.5,77,84,66,E,4,SE,9,0.0,10.0,4
2/17/2014,1011.4,31.9,25.9,28.5,82,92,72,NNE,6,ENE,13,0.0,10.2,2
2/18/2014,1012.8,32.0,25.0,28.1,82,93,69,N,5,N,14,0.0,10.7,2
2/19/2014,1012.1,31.2,26.3,28.0,82,93,72,N,5,NNW,12,0.05,5.8,5
2/20/2014,1012.6,30.4,24.0,26.9,86,99,73,NNW,3,ENE,19,39.8,1.7,7
2/21/2014,1012.8,30.3,24.5,27.2,88,100,71,N,4,N,16,17.8,6.0,6
2/22/2014,1012.5,31.9,25.0,27.9,82,98,64,NNE,5,NE,16,0.0,9.8,3
2/23/2014,1012.0,31.5,26.8,28.2,81,91,70,N,5,N,13,0.0,10.6,3
2/24/2014,1011.4,31.7,27.4,28.9,79,87,70,ENE,9,ENE,17,0.05,10.6,3
2/25/2014,1011.8,31.4,27.2,28.9,80,87,70,E,8,E,23,0.0,10.7,4
2/26/2014,1011.9,31.2,25.9,28.6,82,87,75,E,7,E,20,0.0,10.9,3
2/27/2014,1012.6,31.3,23.0,27.9,80,97,69,ENE,4,E,14,0.0,10.4,3
2/28/2014,1011.7,31.1,25.9,27.9,82,97,71,E,3,ENE,10,0.0,10.6,4
3/1/2014,1011.4,31.9,26.0,28.3,84,92,73,NNE,4,ENE,16,0.0,9.2,3
3/2/2014,1011.1,31.9,26.6,28.7,80,89,72,N,5,N,14,0.0,9.0,5
3/3/2014,1011.1,31.3,24.9,27.8,83,94,73,N,4,N,13,1.1,7.0,6
3/4/2014,1011.3,32.0,27.2,28.7,83,94,76,E,5,NNE,12,0.8,9.2,3
3/5/2014,1011.5,31.9,27.7,29.1,82,90,74,E,5,E,12,0.0,9.3,2
3/6/2014,1011.3,32.3,25.4,28.9,83,97,74,ENE,6,ENE,13,1.1,10.0,5
3/7/2014,1011.6,32.1,28.0,29.2,83,90,75,NE,8,NE,16,0.05,10.1,3
3/8/2014,1012.2,32.0,23.6,28.0,86,97,74,E,6,NE,25,41.5,8.0,7
3/9/2014,1011.8,30.8,25.4,27.1,89,96,77,N,4,ESE,14,3.4,1.5,7
3/10/2014,1011.4,31.7,27.5,28.8,80,92,69,E,5,E,12,0.0,9.3,4
3/11/2014,1011.2,31.8,27.6,29.0,78,84,69,ENE,8,E,17,0.0,9.5,2
3/12/2014,1011.3,31.8,27.2,28.9,81,91,73,E,10,E,20,0.0,10.7,2
3/13/2014,1011.4,31.8,23.6,28.1,80,92,69,NNE,6,ENE,17,0.0,9.9,2
3/14/2014,1012.0,31.7,26.4,28.3,74,95,63,ENE,5,NE,14,0.0,9.1,6
3/15/2014,1013.3,31.4,25.2,28.2,77,88,65,E,4,E,12,0.0,10.0,7
3/16/2014,1013.2,31.8,26.8,28.7,76,83,67,NNE,6,NNE,15,0.0,8.6,7
3/17/2014,1012.8,31.9,24.2,28.2,83,95,73,NNE,4,E,26,10.0,8.5,3
3/18/2014,1012.1,31.7,25.9,28.2,84,95,72,N,4,N,12,0.0,7.5,6
3/19/2014,1011.7,31.1,25.0,28.0,85,93,77,E,6,E,28,9.8,2.1,7
3/20/2014,1011.1,31.9,24.6,28.5,84,96,73,E,3,E,12,0.0,9.6,4
3/21/2014,1010.2,31.8,27.2,28.5,82,97,71,NW,3,NW,8,0.0,10.0,3
3/22/2014,1009.1,31.8,25.4,28.9,83,94,75,NNW,4,NNW,11,0.0,10.6,3
3/23/2014,1010.1,31.7,24.8,28.2,85,97,73,NNW,3,NNW,9,0.0,10.7,2
3/24/2014,1011.0,31.8,24.6,28.2,82,96,71,NNW,3,ENE,8,0.0,9.6,3
3/25/2014,1009.0,32.7,27.4,29.3,75,85,66,NE,8,NE,17,0.0,10.8,2
3/26/2014,1009.4,32.3,23.9,28.6,77,88,68,E,4,E,11,0.0,10.3,2
3/27/2014,1010.9,32.0,25.9,28.7,77,92,64,N,4,N,12,0.0,10.7,2
3/28/2014,1010.6,32.9,26.3,29.3,79,88,67,NE,6,NE,15,0.0,9.3,2
3/29/2014,1009.9,32.8,23.9,28.6,80,97,67,NNE,4,NE,13,0.0,10.4,2
3/30/2014,1010.5,32.4,25.3,28.8,73,85,60,W,3,WNW,9,0.0,9.7,2
3/31/2014,1010.9,32.4,27.0,29.2,73,87,62,NW,5,NW,12,0.0,10.7,2
4/1/2014,1010.0,32.1,28.3,29.3,78,87,70,WNW,7,W,14,0.0,7.7,7
4/2/2014,1009.0,32.4,27.6,29.4,77,84,67,NW,6,NW,15,0.0,9.0,5
4/3/2014,1009.4,32.7,27.6,29.4,77,85,68,WNW,5,WNW,10,0.0,7.7,4
4/4/2014,1010.3,32.9,25.2,29.0,81,93,71,NW,3,NW,9,0.0,8.3,6
4/5/2014,1010.9,32.2,26.4,28.9,81,93,69,NNW,3,NNW,8,0.0,8.8,4
4/6/2014,1011.8,30.3,24.4,27.9,84,94,79,S,4,SSE,20,16.8,0.1,6
4/7/2014,1012.3,32.3,26.4,29.2,79,92,67,E,4,E,11,0.05,10.5,5
4/8/2014,1012.4,32.3,27.0,29.3,78,85,70,SSE,5,SE,11,0.0,9.5,4
4/9/2014,1012.5,32.2,27.7,29.1,74,84,68,SSW,5,SW,12,0.0,10.9,3
4/10/2014,1012.7,32.7,28.2,29.6,73,80,65,W,5,WSW,13,0.0,10.8,2
4/11/2014,1011.9,32.3,28.5,29.9,75,83,67,W,6,W,13,0.0,10.6,2
4/12/2014,1010.6,33.1,28.1,30.0,77,85,69,NW,5,WNW,10,0.0,8.9,2
4/13/2014,1010.8,33.1,28.2,30.0,75,83,67,NW,4,NNW,10,0.0,10.7,2
4/14/2014,1011.7,32.9,27.6,30.0,75,85,64,WNW,3,WNW,8,0.0,10.4,1
4/15/2014,1011.5,33.4,25.2,29.9,75,86,66,NW,4,NW,9,0.0,9.7,1
4/16/2014,1011.0,33.0,28.1,29.5,77,91,66,WNW,3,NW,7,0.0,10.5,2
4/17/2014,1010.4,33.0,28.2,30.0,74,83,62,W,4,W,8,0.0,10.9,1
4/18/2014,1011.7,33.9,29.1,30.4,76,85,65,NW,6,NW,13,0.0,10.5,2
4/19/2014,1010.7,32.8,28.6,30.2,75,80,69,NW,8,NW,16,0.0,10.3,2
4/20/2014,1009.3,33.4,28.6,30.2,75,84,64,W,6,WNW,13,0.0,10.8,2
4/21/2014,1009.5,33.3,27.6,30.3,78,86,70,W,4,W,8,0.0,10.6,2
4/22/2014,1010.8,33.8,25.5,29.6,84,100,65,N,3,NNW,15,10.4,6.8,5
4/23/2014,1010.9,32.1,25.2,27.7,90,99,78,W,4,NNW,12,18.5,0.9,6
4/24/2014,1010.1,32.9,26.9,29.8,80,88,72,W,4,SW,11,0.8,9.1,5
4/25/2014,1010.0,32.8,27.1,29.8,79,93,66,WNW,5,WNW,19,0.05,9.0,4
4/26/2014,1009.6,33.5,29.0,30.7,80,87,69,W,5,NNW,11,0.0,10.4,3
4/27/2014,1010.0,33.6,29.0,30.7,78,88,70,WNW,5,WNW,10,0.0,9.7,5
4/28/2014,1009.8,33.4,29.0,30.6,78,84,71,WNW,5,NW,10,0.0,9.6,5
4/29/2014,1009.6,33.7,25.1,28.5,84,97,68,WNW,4,E,29,6.4,4.8,6
4/30/2014,1009.8,32.3,27.5,29.7,80,96,68,W,5,W,18,1.4,9.6,6
5/1/2014,1009.470833,31.3,27.2,29.2875,81,86,75,WNW,4,WNW,14,0.05,1.1,5
5/2/2014,1008.754167,33.8,24.9,29.825,80,92,68,WNW,3,WNW,15,14.3,7.4,5
5/3/2014,1008.225,32.4,26.0,29.30833333,83,96,74,W,5,W,19,0.0,6.5,6
5/4/2014,1007.454167,33.4,26.2,29.65833333,82,91,72,W,5,WNW,20,3.9,5.9,6
5/5/2014,1007.891667,33.5,28.4,30.3375,81,90,72,NW,7,NW,17,0.0,6.2,7
5/6/2014,1007.983333,31.0,26.0,29.17083333,82,92,71,WNW,5,WNW,23,3.9,0.0,7
5/7/2014,1007.9,32.2,26.1,28.46666667,82,93,66,NW,3,NNE,15,0.0,3.7,5
5/8/2014,1008.441667,32.2,24.3,29.70416667,78,92,69,WSW,8,WSW,27,11.7,4.6,6
5/9/2014,1009.091667,32.8,28.4,29.875,78,91,72,W,6,W,15,0.0,9.6,3
5/10/2014,1009.495833,32.9,28.4,29.95833333,75,83,65,W,5,WSW,13,0.0,10.3,3
5/11/2014,1010.866667,32.9,28.5,30.1375,76,83,69,W,4,W,10,0.0,10.8,1
5/12/2014,1010.845833,33.4,28.0,30.10416667,78,87,70,WNW,4,WSW,10,0.0,11.0,1
5/13/2014,1011.195833,32.6,27.2,29.34583333,81,88,71,NW,4,NNW,13,0.5,4.6,5
5/14/2014,1010.9125,33.6,28.3,30.09583333,74,85,66,NW,4,NW,12,0.0,9.6,4
5/15/2014,1009.9875,32.8,28.2,30.1,71,78,63,NW,5,NW,12,0.0,10.9,3
5/16/2014,1010.125,33.2,27.7,29.80833333,71,79,63,WNW,4,WNW,12,0.0,10.8,3
5/17/2014,1010.370833,33.4,28.8,30.15833333,71,79,63,WNW,5,W,15,0.0,10.9,3
5/18/2014,1009.820833,33.5,27.7,30.16666667,71,79,65,NW,5,W,13,0.0,10.8,1
5/19/2014,1009.941667,33.1,25.6,29.57083333,73,88,64,VRB,2,W,8,0.0,10.9,2
5/20/2014,1009.754167,33.3,27.6,29.64166667,74,90,61,SSW,2,SSW,9,0.0,10.9,2
5/21/2014,1009.675,33.6,26.6,29.87083333,78,92,66,W,3,SW,12,0.0,9.3,5
5/22/2014,1008.975,33.1,25.1,30.0625,77,96,64,WSW,5,WNW,23,3.5,10.9,3
5/23/2014,1008.354167,33.1,26.2,30.375,79,88,69,WSW,6,W,15,8.5,9.0,3
5/24/2014,1008.879167,32.1,28.1,29.5625,83,91,71,WSW,9,W,22,0.05,8.4,6
5/25/2014,1009.0125,31.9,24.8,28.84166667,84,97,77,W,7,NNW,28,9.9,1.6,7
5/26/2014,1008.679167,33.0,26.0,30.21666667,82,93,74,W,6,SW,15,1.4,10.4,4
5/27/2014,1008.720833,31.9,26.4,28.16666667,89,97,79,SSW,3,N,16,0.05,0.2,5
5/28/2014,1009.6,31.4,27.4,28.74583333,83,96,75,SW,4,WSW,13,0.05,2.6,5
5/29/2014,1010.070833,32.5,26.8,29.24166667,82,92,73,SSW,4,SSW,14,0.0,6.1,6
5/30/2014,1009.695833,32.2,28.0,29.49166667,80,92,73,WSW,6,SW,15,0.05,9.3,5
5/31/2014,1008.429167,32.9,25.4,29.15416667,81,94,69,WSW,7,WSW,20,4.2,9.2,5
6/1/2014,1008.175,32.6,27.6,29.92916667,79,85,74,WSW,9,SW,23,0.05,7.6,5
6/2/2014,1008.991667,30.7,24.4,28.14166667,82,93,72,WSW,10,ENE,30,4.5,0.0,6
6/3/2014,1007.495833,32.5,26.8,29.80833333,79,88,70,WSW,9,WSW,24,3.0,4.6,6
6/4/2014,1007.058333,31.1,26.0,28.4875,84,91,76,WSW,10,SW,24,13.0,2.3,7
6/5/2014,1006.8,31.0,25.7,28.65833333,85,96,77,W,10,W,27,4.1,0.1,7
6/6/2014,1006.85,31.8,25.6,28.95,84,93,75,W,9,WNW,29,6.9,4.6,6
6/7/2014,1006.666667,31.8,25.8,28.82916667,81,91,72,W,12,W,38,9.7,6.2,6
6/8/2014,1005.879167,32.2,24.8,29.35,80,92,71,WSW,12,WSW,37,9.3,7.4,7
6/9/2014,1006.541667,31.9,25.0,29.0125,82,97,74,WSW,11,W,35,12.1,3.6,7
6/10/2014,1007.754167,31.9,26.0,28.9125,82,90,75,WSW,12,W,33,9.1,2.4,7
6/11/2014,1008.195833,30.9,27.4,29.1125,82,89,78,WSW,11,SW,23,2.0,0.0,7
6/12/2014,1008.683333,32.1,28.4,29.68333333,80,86,73,WSW,9,WSW,25,2.0,10.1,4
6/13/2014,1008.7875,32.2,28.4,29.64583333,80,88,72,W,9,WNW,17,0.05,7.4,4
6/14/2014,1010.15,32.4,28.4,29.86666667,80,86,73,WNW,9,WNW,17,0.0,9.9,4
6/15/2014,1010.204167,32.7,28.5,29.72916667,80,85,70,WNW,8,NW,18,0.0,9.1,6
6/16/2014,1010.0375,32.8,28.2,29.6125,81,89,71,W,8,W,25,1.2,10.0,4
6/17/2014,1009.983333,32.2,28.6,29.875,84,90,76,W,8,W,15,0.05,9.3,5
6/18/2014,1009.575,31.8,28.0,29.62083333,85,90,80,WSW,10,WSW,19,0.05,7.7,6
6/19/2014,1009.479167,32.0,27.8,29.72083333,82,89,75,WSW,10,W,21,0.05,8.8,5
6/20/2014,1010.458333,32.0,26.4,29.17083333,83,89,73,W,10,W,30,0.5,4.7,6
6/21/2014,1012.279167,32.2,26.6,29.4375,82,90,74,W,10,W,24,1.0,6.6,6
6/22/2014,1013.108333,32.0,28.3,29.6125,79,89,72,W,10,W,20,0.05,10.0,4
6/23/2014,1011.954167,32.0,27.4,29.58333333,78,87,69,WNW,11,WNW,23,0.5,10.4,2
6/24/2014,1010.15,32.1,28.3,29.625,78,85,70,WNW,11,WNW,22,0.0,10.1,3
6/25/2014,1010.254167,32.4,28.4,29.7625,78,84,68,WNW,11,WNW,20,0.0,9.7,6
6/26/2014,1010.775,32.4,27.2,29.7,79,93,68,WNW,9,NW,22,0.05,9.3,4
6/27/2014,1011.120833,32.6,25.3,28.85,82,89,71,WNW,8,NW,28,6.5,3.3,5
6/28/2014,1011.0,32.3,27.0,29.1,81,88,70,WNW,9,W,22,0.6,9.1,3
6/29/2014,1010.745833,32.0,25.0,28.57916667,83,96,73,W,11,W,26,20.3,7.8,4
6/30/2014,1010.770833,31.0,26.2,28.6625,81,88,71,WNW,11,WNW,35,0.05,5.8,6
7/1/2014,1011.875,32.0,27.2,29.45,81,86,72,WNW,10,WNW,18,0.0,3.1,7
7/2/2014,1011.6,31.9,28.0,29.4375,80,85,72,WNW,11,WNW,23,0.0,8.3,5
7/3/2014,1010.279167,32.2,24.9,28.52083333,81,96,70,WNW,13,W,35,17.6,9.0,5
7/4/2014,1009.45,30.9,24.8,27.94583333,83,100,73,WNW,13,NW,37,23.7,6.5,6
7/5/2014,1009.7875,31.3,27.6,29.14583333,77,84,71,W,13,W,25,0.05,7.6,5
7/6/2014,1010.829167,31.8,28.0,29.275,80,88,70,W,10,WNW,21,0.0,9.6,5
7/7/2014,1010.741667,32.0,25.0,28.77916667,84,96,76,W,11,W,26,12.5,3.4,6
7/8/2014,1010.2625,31.7,23.4,28.3875,82,90,74,W,9,NW,30,13.3,5.3,6
7/9/2014,1010.833333,30.3,25.2,27.54166667,85,97,77,W,11,NW,35,11.5,0.0,7
7/10/2014,1011.6,31.7,28.2,29.2,80,85,75,WSW,10,W,21,0.0,6.6,6
7/11/2014,1012.2375,31.3,27.5,29.17083333,77,85,71,W,9,W,20,0.05,5.9,6
7/12/2014,1010.895833,31.2,28.2,29.12916667,80,85,74,W,11,W,22,0.0,3.8,6
7/13/2014,1010.116667,31.2,25.8,29.09166667,82,88,74,W,12,W,28,8.4,9.5,5
7/14/2014,1009.7,31.2,26.6,28.99166667,80,84,74,W,11,W,25,0.8,9.7,6
7/15/2014,1009.866667,31.3,27.3,28.9625,80,87,76,W,10,W,24,0.05,8.4,4
7/16/2014,1009.995833,31.7,27.9,29.2125,80,88,75,W,7,W,15,0.0,10.3,3
7/17/2014,1009.670833,31.8,26.0,28.98333333,82,90,71,WSW,7,W,28,2.6,10.6,3
7/18/2014,1010.3125,31.7,28.0,29.075,83,92,76,WSW,9,WSW,20,0.0,8.8,5
7/19/2014,1011.183333,31.7,27.8,29.27916667,80,85,73,WSW,8,WSW,16,0.0,8.7,6
7/20/2014,1011.55,31.8,27.9,29.14166667,81,86,74,WSW,8,WSW,16,0.0,7.3,6
7/21/2014,1010.925,31.8,26.7,29.24583333,82,90,74,WSW,7,WSW,14,0.7,4.2,6
7/22/2014,1011.020833,32.9,26.0,29.02916667,82,88,73,WSW,8,WSW,33,7.1,7.1,6
7/23/2014,1010.804167,31.8,28.2,29.41666667,81,87,75,WSW,7,WSW,16,0.05,8.7,5
7/24/2014,1011.154167,32.2,28.0,29.4625,82,88,74,W,7,W,15,0.0,10.6,2
7/25/2014,1011.825,32.0,26.5,29.1875,82,92,72,WSW,7,WSW,18,2.3,8.8,5
7/26/2014,1012.766667,31.8,25.0,28.7125,82,93,74,W,8,W,31,2.2,10.6,4
7/27/2014,1013.1875,31.3,24.7,28.64166667,82,92,72,W,8,W,30,8.8,8.9,7
7/28/2014,1011.591667,31.3,27.5,29.01666667,80,86,72,W,9,W,26,0.05,6.7,6
7/29/2014,1011.179167,31.6,28.0,29.27916667,76,85,71,W,8,W,18,0.0,10.1,3
7/30/2014,1011.170833,31.5,27.1,29.22083333,79,86,71,W,8,W,15,0.0,9.6,6
7/31/2014,1010.558333,31.6,27.4,29.35833333,80,85,73,WSW,11,WSW,20,0.0,9.7,4
8/1/2014,1010.325,31.8,26.4,29.35833333,80,91,72,WSW,10,W,26,0.4,9.2,6
8/2/2014,1010.770833,31.3,24.2,28.80416667,83,100,74,W,10,WNW,34,21.4,1.7,7
8/3/2014,1010.775,29.8,24.0,26.62916667,89,98,82,WSW,12,W,32,20.4,0.0,7
8/4/2014,1009.816667,31.2,27.3,28.825,83,89,75,W,8,W,22,2.9,4.7,7
8/5/2014,1010.295833,30.8,27.9,28.7625,81,85,75,W,10,W,22,0.0,5.6,6
8/6/2014,1010.575,31.9,27.6,29.09166667,79,86,72,W,7,W,18,0.0,9.9,6
8/7/2014,1009.904167,32.1,26.5,29.23333333,79,88,71,W,6,W,16,2.7,8.0,6
8/8/2014,1010.266667,31.3,26.9,28.54583333,81,89,72,W,4,W,16,0.0,0.2,7
8/9/2014,1011.304167,31.9,26.2,28.40833333,80,87,69,W,7,W,26,2.4,5.5,6
8/10/2014,1011.925,31.1,23.5,27.27916667,87,96,76,W,9,WNW,30,18.3,5.0,7
8/11/2014,1011.554167,28.1,23.7,26.29166667,89,100,82,W,9,WNW,30,13.2,0.0,8
8/12/2014,1011.141667,31.2,25.4,27.7625,84,94,73,W,6,WNW,23,6.6,4.8,7
8/13/2014,1011.958333,31.4,24.8,27.87916667,85,93,73,W,6,NNW,19,5.3,4.9,7
8/14/2014,1012.491667,32.0,26.0,28.2625,83,90,69,NW,5,WNW,20,0.05,5.9,6
8/15/2014,1012.445833,32.0,27.1,28.76666667,81,89,73,WNW,6,WNW,15,0.05,8.9,5
8/16/2014,1011.970833,31.8,27.0,28.73333333,79,87,72,WNW,4,WNW,11,0.0,10.7,5
8/17/2014,1011.441667,31.8,24.6,28.275,81,93,70,NW,6,NNW,24,5.5,8.1,6
8/18/2014,1011.833333,29.8,24.4,26.57083333,88,98,77,NW,13,W,30,24.6,0.6,7
8/19/2014,1011.116667,30.4,23.6,26.70416667,87,97,77,NNW,10,W,28,38.5,2.2,7
8/20/2014,1009.933333,27.4,23.4,25.52083333,93,100,84,WNW,12,W,32,69.5,0.0,7
8/21/2014,1008.233333,29.8,23.1,26.6875,85,96,74,WNW,15,W,36,78.6,3.1,7
8/22/2014,1008.870833,27.7,23.8,25.425,91,100,83,W,13,W,32,28.2,0.0,8
8/23/2014,1009.683333,29.8,24.9,26.98333333,84,94,75,W,9,W,23,3.9,1.5,6
8/24/2014,1010.416667,30.9,25.5,27.95416667,81,94,71,W,3,WNW,9,0.0,10.9,2
8/25/2014,1011.466667,31.2,23.0,27.65416667,82,97,70,VRB,1,W,7,0.0,11.3,2
8/26/2014,1011.7375,30.9,26.0,27.56666667,82,100,73,S,4,S,10,0.0,9.9,4
8/27/2014,1010.625,31.2,27.4,28.53333333,75,86,65,WSW,5,WSW,14,0.0,10.5,5
8/28/2014,1009.804167,31.2,27.4,28.67916667,79,87,72,W,7,WSW,14,0.05,8.7,4
8/29/2014,1009.308333,31.1,27.6,28.89166667,79,85,73,W,9,W,19,0.0,8.0,6
8/30/2014,1009.645833,31.6,26.0,28.9,80,89,73,W,9,NW,23,0.05,8.5,6
8/31/2014,1009.216667,31.4,24.6,28.59166667,82,89,73,WSW,9,WSW,36,10.9,9.7,4
9/1/2014,1008.420833,31.3,25.4,28.5125,82,92,74,WSW,8,W,28,0.4,9.7,4
9/2/2014,1010.029167,29.4,24.4,26.08333333,89,97,82,WSW,7,W,26,29.8,0.2,7
9/3/2014,1011.45,28.3,24.6,26.60833333,87,93,80,W,4,W,24,0.7,0.2,7
9/4/2014,1011.8125,30.9,25.4,27.18333333,84,97,75,W,5,W,21,4.5,2.1,7
9/5/2014,1011.958333,31.0,25.6,27.85416667,84,93,72,W,4,WNW,14,1.0,4.7,6
9/6/2014,1011.516667,31.3,27.4,28.77916667,80,87,72,W,7,WNW,15,0.05,9.8,6
9/7/2014,1012.025,31.1,24.6,28.47916667,80,90,69,W,7,NW,23,5.9,9.7,5
9/8/2014,1013.041667,29.7,23.6,26.85416667,85,94,81,W,6,W,23,10.5,0.4,7
9/9/2014,1012.504167,31.5,26.9,28.13333333,82,93,73,WNW,7,NW,19,0.05,7.4,6
9/10/2014,1012.370833,30.9,24.4,27.60416667,84,95,73,WNW,7,W,21,9.4,7.7,5
9/11/2014,1012.591667,31.8,26.9,28.39583333,81,96,73,NW,5,NW,16,0.0,10.2,4
9/12/2014,1013.091667,31.3,27.0,28.83333333,79,87,70,NW,6,NW,14,0.0,10.9,3
9/13/2014,1012.379167,31.7,27.5,28.7625,80,87,72,WNW,7,NW,18,0.9,10.8,2
9/14/2014,1011.7625,31.5,27.0,28.77916667,80,88,72,WNW,7,NW,18,1.6,10.4,2
9/15/2014,1010.833333,31.7,27.5,28.975,79,86,71,W,7,W,15,0.0,11.0,2
9/16/2014,1009.933333,31.7,25.6,28.55833333,79,92,70,WNW,7,WNW,23,2.3,10.5,3
9/17/2014,1009.933333,31.7,25.0,28.25,81,88,71,WNW,7,WNW,26,5.1,8.3,5
9/18/2014,1011.054167,31.6,26.8,28.71666667,80,89,72,NW,7,NW,17,0.7,9.3,6
9/19/2014,1011.629167,31.7,26.9,28.85416667,78,85,71,NW,8,NW,15,0.05,4.4,6
9/20/2014,1010.779167,31.8,27.4,29.05416667,78,83,71,NW,8,NW,17,0.0,10.2,2
9/21/2014,1010.754167,31.2,27.5,29.04166667,77,82,71,NW,7,NNW,15,0.0,10.2,3
9/22/2014,1011.204167,32.0,27.8,29.03333333,77,85,71,NW,8,WNW,17,0.0,10.4,5
9/23/2014,1010.575,31.9,27.8,29.10833333,77,82,68,NW,9,WNW,20,0.0,10.6,5
9/24/2014,1010.225,31.9,26.6,28.94166667,79,90,72,NW,9,NW,18,0.05,8.0,6
9/25/2014,1010.245833,29.9,27.0,28.3625,85,91,80,WNW,7,WNW,17,1.2,0.0,7
9/26/2014,1011.125,28.8,24.1,26.5125,90,100,83,WNW,5,WNW,17,44.5,0.0,7
9/27/2014,1010.741667,31.0,24.6,27.9625,85,93,78,N,3,NNW,14,0.9,8.1,6
9/28/2014,1010.391667,31.1,25.4,28.39166667,83,97,74,E,3,SE,14,1.9,11.0,4
9/29/2014,1010.316667,31.5,24.4,27.775,88,100,77,S,6,SW,22,28.8,9.2,7
9/30/2014,1010.95,29.5,24.6,26.42916667,91,97,84,W,9,WSW,23,1.6,0.3,7
10/1/2014,1010.908333,31.9,24.0,27.97916667,84,97,72,WSW,4,W,14,0.0,7.5,4
10/2/2014,1011.2,31.1,27.0,27.9875,85,98,76,W,3,WSW,12,0.0,9.6,4
10/3/2014,1011.616667,31.0,25.5,27.86666667,86,96,75,W,5,S,22,0.05,4.5,7
10/4/2014,1012.0875,31.5,24.5,28.27916667,84,97,69,NW,4,W,13,0.0,8.3,4
10/5/2014,1012.729167,31.8,24.8,28.16666667,84,98,72,W,2,W,8,0.0,11.3,2
10/6/2014,1012.170833,31.9,27.2,28.94583333,82,90,73,WSW,4,W,9,0.0,10.4,4
10/7/2014,1010.825,31.6,26.3,28.46666667,84,94,73,W,7,SSW,17,0.05,9.2,4
10/8/2014,1010.583333,31.4,25.1,28.42083333,86,94,78,W,8,W,23,6.0,7.5,5
10/9/2014,1010.416667,31.3,27.6,28.85,85,94,78,W,7,W,14,0.0,10.7,3
10/10/2014,1010.3,31.9,27.2,29.11666667,82,89,76,WNW,5,WNW,13,0.0,10.7,3
10/11/2014,1009.904167,32.0,24.8,28.89583333,84,100,76,W,6,NW,20,4.4,9.6,4
10/12/2014,1009.679167,31.9,27.6,29.2,83,91,77,WNW,8,W,18,0.05,10.2,5
10/13/2014,1009.366667,31.7,26.6,29.12916667,82,90,69,W,6,W,15,0.0,10.0,6
10/14/2014,1009.65,32.2,25.6,28.77916667,87,99,77,W,2,W,10,0.0,10.4,3
10/15/2014,1010.7375,32.0,27.7,29.1,85,97,77,N,4,N,12,0.05,10.0,3
10/16/2014,1010.65,32.0,25.4,28.85416667,85,94,74,N,4,E,13,0.7,7.7,6
10/17/2014,1011.308333,29.6,25.0,26.83333333,90,97,85,W,3,SSE,13,4.6,0.4,7
10/18/2014,1010.858333,29.5,24.2,26.24583333,92,100,83,SSW,3,NNE,18,1.5,0.0,7
10/19/2014,1009.6375,31.9,24.7,27.83333333,88,100,73,VRB,1,W,8,5.7,9.5,4
10/20/2014,1009.625,31.2,26.5,28.075,86,100,76,S,5,SSW,14,0.05,8.5,4
10/21/2014,1010.541667,31.3,26.2,28.14583333,87,98,77,S,6,S,18,4.0,5.3,6
10/22/2014,1011.533333,31.2,24.5,27.54166667,89,97,76,S,6,S,24,11.1,6.6,7
10/23/2014,1011.475,31.0,24.5,27.8375,86,98,73,S,7,SW,20,3.9,8.0,7
10/24/2014,1010.7375,31.3,24.2,27.29583333,88,100,76,WSW,4,WSW,23,10.5,2.8,7
10/25/2014,1011.141667,31.7,25.5,28.55416667,85,94,73,WSW,4,WSW,13,0.0,5.8,6
10/26/2014,1012.379167,31.5,24.6,28.35416667,82,92,70,SSW,4,SSE,12,0.0,9.3,4
10/27/2014,1012.354167,31.8,24.8,28.19583333,82,96,71,VRB,2,WSW,8,0.0,11.0,4
10/28/2014,1011.816667,32.0,25.6,28.7875,80,92,68,W,3,WNW,11,0.0,10.9,3
10/29/2014,1011.495833,31.9,26.4,28.57083333,82,89,74,WNW,5,NW,13,0.05,3.3,6
10/30/2014,1011.345833,29.0,23.0,26.29583333,91,98,85,W,7,NW,20,57.6,0.0,7
10/31/2014,1010.658333,31.3,26.9,27.97083333,85,92,75,W,5,NW,13,0.0,3.6,5
11/1/2014,1011.483333,30.9,25.0,27.125,88,97,76,W,7,W,18,4.6,1.1,6
11/2/2014,1012.083333,30.5,25.8,27.71666667,85,90,76,W,5,W,16,0.9,5.7,5
11/3/2014,1012.391667,31.8,27.5,28.85,82,87,75,W,6,W,15,0.0,7.2,6
11/4/2014,1012.970833,31.6,27.2,28.74583333,80,87,73,W,6,W,13,0.0,7.7,5
11/5/2014,1013.225,31.7,27.4,29.09166667,81,91,72,W,7,WSW,14,0.0,10.6,4
11/6/2014,1011.9,31.2,25.2,28.55,84,91,77,NNW,5,WNW,13,0.0,8.3,5
11/7/2014,1011.5,32.0,25.5,28.31666667,81,93,70,NW,3,NW,8,0.0,10.3,2
11/8/2014,1011.866667,32.0,27.0,28.875,79,85,70,WNW,3,NNW,8,0.0,10.4,2
11/9/2014,1012.0125,32.2,27.2,28.95416667,78,85,69,WNW,5,WNW,12,0.0,7.9,5
11/10/2014,1011.295833,32.0,26.5,28.59583333,77,86,69,WNW,4,WNW,10,0.0,10.9,2
11/11/2014,1010.333333,32.0,26.6,28.7875,81,89,72,WNW,3,W,9,0.0,10.5,2
11/12/2014,1009.7,32.3,27.9,29.10833333,79,89,69,NW,4,NW,9,0.0,10.5,2
11/13/2014,1009.733333,32.6,26.4,29.0875,83,92,73,W,3,ENE,14,0.0,7.7,4
11/14/2014,1011.229167,32.0,26.3,28.68333333,83,95,74,SE,3,ENE,14,0.5,8.0,6
11/15/2014,1010.658333,31.4,25.9,28.3375,83,94,73,E,5,E,23,3.7,5.8,6
11/16/2014,1010.383333,32.0,27.0,28.91666667,79,86,71,E,7,E,19,1.8,8.5,4
11/17/2014,1010.4625,31.8,24.1,27.2625,88,99,76,E,5,E,19,35.7,7.4,6
11/18/2014,1011.4375,31.7,24.4,27.41666667,88,100,75,SSE,3,NNE,23,13.5,6.3,6
11/19/2014,1010.691667,31.9,25.8,27.9625,85,94,77,E,9,E,23,0.5,2.9,6
11/20/2014,1010.508333,31.9,26.5,28.61666667,84,94,72,NE,4,N,18,0.05,3.7,7
11/21/2014,1010.591667,30.9,24.2,27.67083333,87,100,76,E,7,SSE,20,16.9,5.3,7
11/22/2014,1011.154167,30.6,23.3,26.25,92,100,81,W,4,NW,20,53.2,2.1,7
11/23/2014,1010.75,28.7,24.5,26.38333333,89,100,82,N,7,NNW,23,0.05,1.0,7
11/24/2014,1010.633333,30.3,24.7,27.07458333,89,99,79,SSW,3,NE,12,0.05,0.5,7
11/25/2014,1009.995833,31.1,24.6,27.00416667,90,99,72,NNE,2,ENE,16,7.1,2.6,7
11/26/2014,1008.391667,31.4,24.4,27.34583333,87,99,70,VRB,1,N,6,0.05,3.0,6
11/27/2014,1009.2,30.5,25.4,27.3125,84,98,66,CALM,0,SSW,4,0.05,0.0,7
11/28/2014,1010.5375,31.8,25.4,28.425,81,91,72,S,3,S,15,0.0,6.2,6
11/29/2014,1010.6375,32.0,25.4,28.34583333,81,94,72,VRB,2,NNW,8,0.0,7.9,4
11/30/2014,1009.454167,31.3,24.1,28.05416667,80,95,68,N,3,N,13,0.0,8.7,4
12/1/2014,1009.745833,31.9,24.6,28.02916667,78,95,66,VRB,1,W,6,0.0,10.3,4
12/2/2014,1011.1625,31.9,26.4,28.06666667,78,95,67,SSE,2,SW,11,0.0,3.9,6
12/3/2014,1011.483333,32.0,24.5,27.88333333,83,97,70,VRB,1,E,7,0.0,9.4,2
12/4/2014,1011.691667,31.7,24.0,27.54166667,84,97,71,NNW,2,NNW,9,0.0,10.7,2
12/5/2014,1011.65,31.2,24.8,27.40416667,80,90,69,N,2,SE,13,0.05,8.1,4
12/6/2014,1011.1875,30.7,27.3,28.1375,78,83,71,E,5,E,14,0.0,7.1,4
12/7/2014,1010.866667,31.3,25.4,28.5875,78,84,70,E,5,E,14,0.0,9.6,2
12/8/2014,1011.829167,31.0,24.2,27.57916667,82,97,71,VRB,1,NE,9,0.0,10.1,1
12/9/2014,1012.283333,31.7,26.5,28.23333333,77,97,67,NW,2,NW,8,0.0,10.1,1
12/10/2014,1011.475,31.8,25.4,28.04583333,83,95,70,E,3,W,12,2.0,5.8,5
12/11/2014,1011.4875,31.2,25.4,28.05,82,88,72,E,5,E,15,6.9,8.5,6
12/12/2014,1011.495833,31.2,24.0,28.22083333,81,92,72,E,5,E,21,7.0,10.1,6
12/13/2014,1012.3,31.5,25.4,27.37916667,85,97,78,E,4,E,14,2.1,6.7,4
12/14/2014,1012.129167,31.6,24.3,28.25833333,82,100,73,SE,5,E,21,38.5,10.1,4
12/15/2014,1011.854167,31.3,25.4,27.92083333,83,95,72,SSE,3,ENE,13,0.05,9.2,4
12/16/2014,1011.654167,32.0,24.8,27.89166667,84,95,71,VRB,1,WNW,7,0.0,9.8,3
12/17/2014,1010.628333,31.2,24.4,28.22083333,84,94,72,N,4,SE,17,0.9,8.5,6
12/18/2014,1010.833333,31.7,24.0,28.3625,81,98,72,E,4,ENE,27,101.6,6.0,6
12/19/2014,1012.3625,30.9,24.7,26.72083333,88,100,80,E,10,E,30,23.6,0.6,6
12/20/2014,1011.183333,30.8,27.5,28.37875,79,84,75,E,8,E,21,0.0,10.0,4
12/21/2014,1010.5125,31.3,24.4,27.92083333,82,95,72,E,3,E,17,0.0,8.4,4
12/22/2014,1010.341667,31.2,26.8,28.25166667,81,97,71,E,2,E,9,0.0,10.1,5
12/23/2014,1010.883333,32.2,24.4,28.14166667,82,97,70,VRB,1,SSE,8,0.8,7.5,6
12/24/2014,1012.329167,31.3,26.0,27.975,84,97,71,VRB,1,NW,6,0.05,8.2,6
12/25/2014,1012.45,30.0,26.7,27.675,83,94,72,W,4,SSE,14,0.05,1.2,7
12/26/2014,1010.283333,31.6,25.8,28.40833333,80,89,72,N,4,N,12,0.0,5.1,6
12/27/2014,1010.4375,30.8,25.2,27.75,82,95,72,NNE,3,NNE,10,0.0,2.6,7
12/28/2014,1011.191667,32.0,26.1,28.50416667,73,90,61,NNW,4,NNW,10,0.0,9.7,3
12/29/2014,1010.041667,31.4,27.4,28.6375,74,83,67,WNW,5,WNW,13,0.0,10.1,4
12/30/2014,1009.016667,31.8,27.4,28.8,74,80,67,NW,6,WNW,14,0.0,9.3,3
12/31/2014,1009.370833,30.9,25.5,28.47083333,71,78,63,NW,5,WNW,15,1.3,10.3,2
1/1/2015,1010.575,31.5,23.2,27.62916667,73,89,61,NW,3,W,10,0.0,10.5,2
1/2/2015,1012.379167,31.2,22.5,26.83458333,74,93,58,VRB,1,W,8,0.0,10.9,1
1/3/2015,1012.841667,30.5,24.5,27.2375,72,94,63,N,3,N,10,0.0,11.1,1
1/4/2015,1012.370833,30.9,25.4,27.50833333,73,83,63,ENE,4,ENE,9,0.0,10.8,1
1/5/2015,1011.891667,31.2,26.6,28.35416667,73,81,64,ESE,3,E,9,0.0,11.0,1
1/6/2015,1012.8875,31.8,23.9,27.625,80,94,67,VRB,2,E,9,0.05,9.5,2
1/7/2015,1012.954167,31.2,23.9,27.73333333,78,95,66,N,3,N,12,0.0,10.0,2
1/8/2015,1013.266667,31.2,23.6,27.43333333,76,93,63,N,3,NNW,9,0.0,10.6,2
1/9/2015,1013.316667,31.4,27.0,28.0125,74,91,63,ENE,4,E,12,0.0,10.9,1
1/10/2015,1012.745833,31.4,25.7,28.22916667,75,88,65,E,4,E,13,0.6,10.0,2
1/11/2015,1012.379167,31.7,27.4,28.35,77,88,66,E,5,NE,15,0.0,9.4,2
1/12/2015,1012.270833,31.2,26.4,28.35833333,72,80,65,E,5,E,14,0.0,5.9,5
1/13/2015,1011.791667,31.1,24.4,27.86666667,74,85,62,ENE,4,NE,12,4.3,9.5,2
1/14/2015,1011.9875,31.0,25.5,27.5,77,95,67,ENE,4,ENE,12,7.5,4.9,6
1/15/2015,1011.883333,30.9,27.0,28.35833333,72,78,65,ENE,6,E,15,0.0,10.1,2
1/16/2015,1012.170833,30.8,26.6,28.11666667,74,81,65,E,6,E,15,0.0,10.1,1
1/17/2015,1013.054167,30.9,25.4,28.15833333,76,85,66,E,5,E,15,0.0,10.6,2
1/18/2015,1012.7875,31.1,24.1,27.55416667,79,94,68,ENE,5,ENE,12,0.0,10.4,1
1/19/2015,1012.9875,31.1,26.0,28.1375,80,88,70,E,4,E,11,0.0,10.5,2
1/20/2015,1013.9625,31.2,25.1,27.93333333,82,88,71,E,5,E,13,0.0,9.8,1
1/21/2015,1015.908333,31.3,26.0,28.0875,78,94,67,E,5,E,14,0.0,10.1,1
1/22/2015,1015.104167,30.7,25.4,27.525,81,93,70,ENE,4,NE,11,0.05,9.9,1
1/23/2015,1013.041667,31.5,24.2,27.69583333,78,91,68,NE,5,NE,14,0.0,9.2,2
1/24/2015,1013.175,30.9,23.2,27.14166667,79,95,66,ENE,3,ENE,12,0.0,10.1,1
1/25/2015,1013.7125,30.9,23.0,27.10833333,79,96,64,NE,4,NE,11,0.0,10.8,2
1/26/2015,1012.875,31.7,26.0,27.50416667,80,97,64,E,2,E,8,0.0,10.3,1
1/27/2015,1011.570833,30.9,23.3,27.16666667,81,93,70,E,3,E,12,0.0,10.4,1
1/28/2015,1010.616667,30.9,23.5,27.01666667,82,96,66,E,3,E,10,0.0,9.6,3
1/29/2015,1012.05,31.4,24.0,27.04166667,83,97,68,NNE,3,NE,12,0.0,10.7,2
1/30/2015,1012.779167,31.4,27.0,27.97083333,82,97,70,ENE,5,ENE,14,2.5,6.5,6
1/31/2015,1013.208333,31.5,26.7,28.225,82,89,71,E,4,E,10,0.0,6.2,5
2/1/2015,1012.95,31.3,25.1,28.27916667,81,90,71,SE,3,ESE,9,0.0,9.8,2
2/2/2015,1013.220833,31.4,25.9,27.975,81,94,70,E,5,E,17,2.1,7.3,3
2/3/2015,1014.3,31.7,25.5,28.34166667,75,83,68,ENE,7,ENE,15,0.0,10.5,2
2/4/2015,1013.933333,31.4,24.1,27.60833333,78,95,63,ENE,3,NE,10,0.0,10.8,2
2/5/2015,1012.7125,30.9,24.6,27.325,84,94,70,NE,3,NE,17,3.1,7.1,4
2/6/2015,1013.283333,31.7,25.4,27.40833333,84,94,70,N,3,SSE,18,0.05,7.3,5
2/7/2015,1013.075,31.5,24.0,27.375,85,97,69,N,2,NNE,11,0.05,7.0,3
2/8/2015,1012.0625,32.0,25.5,27.925,80,97,67,N,5,N,16,1.7,8.7,3
2/9/2015,1012.366667,31.8,23.8,28.25833333,77,91,67,NE,4,NE,14,0.0,9.9,2
2/10/2015,1012.4875,31.2,25.9,27.64166667,81,96,68,NNE,4,N,11,0.05,5.2,3
2/11/2015,1012.241667,31.9,25.4,28.25416667,79,90,68,NNE,4,N,14,0.0,10.1,2
2/12/2015,1011.85,31.8,24.4,27.65,82,96,66,NE,3,NE,13,0.0,9.1,2
2/13/2015,1012.4125,32.0,25.4,28.20833333,80,97,68,N,3,NNW,9,0.0,9.3,2
2/14/2015,1011.454167,31.7,24.4,27.83333333,81,98,68,NNE,4,N,14,0.0,10.0,2
2/15/2015,1011.970833,31.3,24.5,27.6125,79,96,68,NNE,4,N,13,0.0,10.4,3
2/16/2015,1013.108333,31.3,25.9,28.175,74,83,67,NNW,4,NNW,10,0.0,10.0,5
2/17/2015,1012.929167,31.2,23.6,27.36666667,79,95,67,NNW,2,NW,9,0.0,10.4,4
2/18/2015,1012.2375,31.4,23.0,27.36666667,79,95,63,VRB,1,SSW,5,0.0,9.5,4
2/19/2015,1011.733333,31.1,23.1,26.85416667,80,96,65,VRB,2,N,8,0.0,10.7,4
2/20/2015,1011.241667,32.1,25.4,27.67916667,79,97,65,NE,4,NE,14,0.0,10.6,2
2/21/2015,1011.4125,31.9,23.5,28.3,70,80,61,E,5,ENE,14,0.0,10.6,2
2/22/2015,1011.854167,32.0,25.5,28.0625,69,82,60,ENE,5,ENE,13,0.0,10.1,2
2/23/2015,1012.6125,32.5,23.8,27.8625,70,85,55,E,4,ENE,11,0.0,11.3,1
2/24/2015,1011.125,32.0,24.2,27.86666667,71,87,57,NNE,4,N,12,0.0,9.3,2
2/25/2015,1010.225,32.0,25.4,28.5875,73,92,61,NNE,5,NE,14,2.9,11.2,3
2/26/2015,1010.308333,30.3,23.8,27.175,85,97,77,E,4,SSE,16,0.05,2.2,5
2/27/2015,1010.8125,31.9,26.5,28.4875,77,97,65,E,3,ENE,9,0.0,11.3,2
2/28/2015,1010.566667,31.5,27.0,28.625,74,85,66,SSE,4,SSE,12,0.0,11.2,1
3/1/2015,1011.041667,32.3,26.0,28.7625,73,84,64,SSE,4,SSE,11,0.0,10.7,2
3/2/2015,1012.6125,32.2,24.8,28.275,74,90,62,WNW,2,W,8,0.05,10.9,1
3/3/2015,1012.158333,31.9,24.5,28.36833333,75,86,65,NNW,3,N,8,0.0,11.1,1
3/4/2015,1011.704167,31.9,25.6,27.95416667,77,89,65,VRB,2,N,8,0.0,11.2,1
3/5/2015,1011.9375,32.5,26.5,28.67083333,80,90,68,NE,4,NE,12,1.9,10.6,2
3/6/2015,1013.395833,32.7,25.2,28.40833333,82,93,68,NE,4,ENE,14,0.0,10.4,2
3/7/2015,1012.7125,32.5,25.6,28.45833333,82,97,70,NNE,4,NE,14,0.0,10.7,2
3/8/2015,1013.358333,32.5,24.2,27.75833333,84,97,69,NNE,3,NNE,14,6.9,7.5,3
3/9/2015,1014.175,32.0,25.0,28.01666667,79,99,65,ENE,3,ENE,11,0.0,10.6,2
3/10/2015,1013.595833,31.9,25.0,28.625,76,89,64,ENE,3,ENE,10,0.0,10.6,1
3/11/2015,1012.529167,32.1,26.9,28.7125,76,91,67,ENE,3,NE,13,0.05,9.7,2
3/12/2015,1012.770833,32.6,24.6,28.65,75,93,61,NNE,3,ENE,11,0.0,10.3,2
3/13/2015,1012.704167,32.1,23.7,28.075,83,100,69,NW,4,WSW,16,45.7,10.5,4
3/14/2015,1013.279167,30.9,26.6,28.09583333,82,94,67,ENE,6,NE,15,0.0,8.2,5
3/15/2015,1012.741667,32.3,28.0,29.38333333,78,87,69,E,7,E,17,0.0,10.7,2
3/16/2015,1013.370833,32.0,26.4,28.575,83,94,72,ESE,5,SE,17,2.4,9.5,4
3/17/2015,1012.533333,32.2,25.2,28.45833333,82,96,70,E,3,E,16,0.8,5.9,5
3/18/2015,1012.020833,31.8,25.6,28.8625,81,96,71,W,2,NW,8,0.0,11.0,2
3/19/2015,1011.625,31.9,24.2,28.1125,81,97,67,NW,3,NNW,8,0.0,11.1,1
3/20/2015,1012.570833,31.8,25.8,28.29583333,79,97,66,NNW,3,NNW,8,0.0,9.1,2
3/21/2015,1013.0875,32.4,27.9,29.37916667,74,84,64,ENE,5,ENE,12,0.0,10.8,1
3/22/2015,1012.604167,32.5,24.9,28.9375,77,92,67,E,4,E,13,0.0,10.1,2
3/23/2015,1011.775,32.3,26.8,29.02916667,76,87,65,NE,3,ENE,10,0.0,9.7,2
3/24/2015,1010.445833,32.3,27.8,29.4125,80,88,71,N,4,NNW,12,0.0,9.4,2
3/25/2015,1011.0125,32.0,24.6,28.62916667,83,96,73,NNW,2,NNW,8,0.05,9.4,2
3/26/2015,1012.191667,32.5,25.3,28.70416667,78,97,65,E,2,E,9,0.0,10.4,2
3/27/2015,1012.591667,32.6,25.5,28.64583333,80,95,64,N,3,NE,9,0.0,10.3,1
3/28/2015,1011.116667,33.1,26.9,29.40416667,80,93,67,NNE,4,NE,15,0.0,8.4,3
3/29/2015,1010.3125,32.6,26.4,29.29583333,81,91,73,NNE,3,ENE,14,0.0,5.9,4
3/30/2015,1010.408333,33.1,25.9,29.5875,79,94,67,ENE,3,ENE,12,0.0,8.4,3
3/31/2015,1010.741667,33.6,28.0,29.64583333,79,95,66,NE,3,ENE,12,0.0,10.7,2
4/1/2015,1010.654167,32.8,27.7,29.50416667,79,86,70,ENE,3,NNE,13,0.0,5.6,5
4/2/2015,1010.095833,33.2,25.7,29.475,77,93,66,E,3,ENE,14,0.05,10.3,4
4/3/2015,1008.933333,33.0,27.5,29.70833333,75,92,66,NNW,2,NE,10,0.0,10.7,3
4/4/2015,1007.191667,33.1,26.0,30.07916667,78,83,71,NNW,4,N,13,0.0,9.7,2
4/5/2015,1007.758333,33.3,26.2,29.625,77,90,65,N,3,NNW,9,0.0,10.0,1
4/6/2015,1008.595833,33.3,28.8,30.1625,77,92,68,NW,3,NNW,11,0.0,9.8,3
4/7/2015,1009.258333,32.9,24.6,29.71666667,77,97,67,NW,5,S,30,10.7,7.2,5
4/8/2015,1009.983333,32.2,26.9,28.78333333,79,98,62,NNE,3,N,14,0.05,7.8,6
4/9/2015,1010.216667,33.0,28.0,30.08333333,75,92,65,ENE,3,ENE,13,0.0,10.7,2
4/10/2015,1010.929167,33.5,29.0,30.51666667,74,82,66,E,4,E,11,0.0,10.9,2
4/11/2015,1011.6125,33.1,27.7,30.32083333,74,81,65,SSE,3,SSE,12,0.0,10.5,2
4/12/2015,1013.0875,33.2,26.1,29.6375,75,89,64,SSW,3,S,12,0.0,10.8,3
4/13/2015,1012.175,32.9,25.7,29.08333333,76,90,62,VRB,2,W,8,0.05,11.1,3
4/14/2015,1010.5,33.0,26.8,29.5625,74,88,63,WSW,3,SSE,12,0.0,10.8,3
4/15/2015,1010.945833,33.0,25.8,29.0,78,88,68,WSW,3,WSW,18,0.4,9.4,2
4/16/2015,1012.383333,33.3,28.1,29.95833333,74,92,64,W,3,WNW,11,0.0,11.2,1
4/17/2015,1011.420833,32.9,27.1,29.79583333,75,85,65,W,7,W,35,0.05,10.0,3
4/18/2015,1009.2,32.8,26.1,29.30416667,76,88,65,NNW,4,N,15,0.6,10.1,3
4/19/2015,1009.458333,33.0,25.6,29.19583333,76,92,65,VRB,2,NW,7,0.0,10.9,2
4/20/2015,1010.454167,33.1,25.8,29.39166667,77,92,65,VRB,2,NW,7,0.0,8.6,6
4/21/2015,1010.791667,31.8,24.9,28.42916667,81,96,65,SSW,2,S,14,3.0,1.4,7
4/22/2015,1010.691667,32.3,24.8,27.54166667,84,98,68,VRB,2,W,22,0.2,4.5,5
4/23/2015,1011.358333,32.9,28.4,29.62083333,74,96,64,WNW,3,WNW,11,0.0,10.8,3
4/24/2015,1011.108333,33.3,28.6,30.3625,75,85,64,W,5,W,14,1.0,11.0,4
4/25/2015,1010.008333,33.4,25.8,29.44583333,78,93,64,NW,2,N,17,0.4,9.3,4
4/26/2015,1009.866667,32.9,27.6,29.46666667,76,95,64,NE,3,NNW,9,0.0,10.6,2
4/27/2015,1010.995833,33.5,25.2,29.50416667,76,95,62,VRB,2,NE,14,0.05,11.0,3
4/28/2015,1011.008333,33.5,25.4,29.29583333,76,94,60,VRB,1,E,9,0.0,11.3,1
4/29/2015,1011.166667,34.1,26.6,29.69166667,76,94,63,VRB,1,E,7,0.0,11.3,1
4/30/2015,1011.920833,33.6,27.9,30.52083333,72,85,60,W,3,WSW,10,0.0,10.8,2
5/1/2015,1010.966667,33.9,28.4,30.38333333,75,86,64,W,3,W,8,0.05,10.3,3
5/2/2015,1010.8125,34.2,28.4,31.05833333,74,82,65,W,4,W,11,0.0,9.4,3
5/3/2015,1009.941667,34.3,28.0,30.71666667,75,83,68,WNW,4,NW,10,0.0,8.8,5
5/4/2015,1009.945833,33.9,27.4,30.47083333,76,90,63,W,3,WNW,10,0.05,8.9,6
5/5/2015,1009.325,34.2,26.6,29.70416667,79,91,63,WNW,3,W,18,5.1,6.8,6
5/6/2015,1009.079167,32.1,23.3,28.084375,84,99,72,SW,4,NNE,21,52.2,0.0,7
5/7/2015,1009.966667,33.5,24.4,29.52083333,82,97,69,W,6,WSW,25,32.3,6.7,6
5/8/2015,1009.3125,33.6,25.1,29.89166667,81,94,69,W,6,WNW,28,12.0,7.1,6
5/9/2015,1008.3,32.4,26.9,29.08333333,84,94,76,W,7,W,23,10.5,3.0,7
5/10/2015,1008.529167,30.0,23.6,27.3125,89,98,81,W,7,ENE,30,41.4,0.0,7
5/11/2015,1009.8625,31.9,24.4,27.17916667,87,100,73,W,5,NNE,23,34.8,1.0,7
5/12/2015,1009.1125,32.9,25.4,29.45416667,79,97,70,WNW,7,WNW,37,31.1,9.5,6
5/13/2015,1007.929167,31.6,26.0,29.575,80,91,72,WNW,10,WNW,27,4.8,3.8,5
5/14/2015,1008.7375,33.0,27.9,30.35,78,84,72,NW,8,NW,17,0.05,9.4,4
5/15/2015,1009.083333,33.2,28.4,30.57916667,78,91,69,NW,6,NW,15,0.05,10.5,2
5/16/2015,1007.85,33.1,28.0,30.42916667,80,89,68,W,9,W,20,0.7,10.2,5
5/17/2015,1007.879167,32.2,26.9,29.24166667,85,91,81,W,7,NW,23,16.0,3.5,7
5/18/2015,1008.745833,32.0,25.6,29.48333333,83,92,73,WSW,7,WNW,20,21.9,6.1,6
5/19/2015,1009.875,31.6,26.6,28.9,84,93,70,WNW,7,W,27,0.4,4.1,6
5/20/2015,1010.5375,33.0,27.4,30.29583333,80,87,71,W,4,W,10,0.4,7.6,6
5/21/2015,1011.204167,33.0,27.4,29.10416667,86,91,80,W,4,WSW,18,1.9,1.8,7
5/22/2015,1011.145833,32.4,24.9,28.8875,85,99,67,WSW,5,WNW,14,39.0,4.9,6
5/23/2015,1011.041667,33.1,27.0,29.6625,81,96,73,WSW,5,SW,21,11.0,4.6,7
5/24/2015,1011.666667,30.1,26.8,28.50416667,84,89,75,SW,5,NW,24,0.05,0.0,7
5/25/2015,1011.195833,33.2,27.0,30.07083333,81,88,73,W,6,SW,19,0.05,10.6,5
5/26/2015,1011.579167,32.7,25.5,28.525,86,95,75,WSW,6,W,23,13.6,5.9,7
5/27/2015,1010.284167,32.3,28.0,29.21666667,82,96,75,W,4,W,15,0.0,6.5,5
5/28/2015,1009.0,33.2,27.2,30.2,80,89,72,W,5,NW,17,0.7,8.5,4
5/29/2015,1009.5125,32.7,26.2,29.23333333,83,92,71,WNW,8,WNW,30,1.1,5.1,6
5/30/2015,1009.15,33.1,28.9,30.17916667,79,85,73,W,5,W,13,0.05,9.9,3
5/31/2015,1008.55,32.3,26.5,29.4,83,95,70,WSW,7,SW,19,6.6,6.9,4
6/1/2015,1008.270833,32.3,28.3,29.45416667,80,88,72,SW,6,SW,15,0.0,6.2,5
6/2/2015,1008.845833,32.8,26.0,28.5875,86,98,73,SW,5,SW,24,12.1,4.9,6
6/3/2015,1007.629167,32.0,26.6,28.98333333,84,95,75,SW,7,W,27,0.05,7.4,7
6/4/2015,1008.545833,31.2,23.9,28.05,83,96,73,W,11,W,32,6.2,2.5,7
6/5/2015,1008.804167,31.9,28.0,29.09583333,79,88,67,SSW,7,W,29,0.05,2.6,7
6/6/2015,1008.279167,32.9,28.4,29.80833333,80,88,69,SSW,8,SSW,18,0.05,9.9,5
6/7/2015,1008.1875,32.5,25.3,29.2875,82,96,73,SSW,11,SW,28,12.9,9.4,7
6/8/2015,1009.775,31.1,27.3,28.60833333,81,88,71,WSW,7,SW,24,0.05,2.1,7
6/9/2015,1010.2625,32.4,26.4,28.94583333,81,94,70,WSW,4,W,14,0.0,5.8,5
6/10/2015,1009.304167,32.7,28.1,29.4375,80,91,72,SW,4,WSW,15,0.0,10.5,2
6/11/2015,1009.55,32.7,24.4,29.3,81,94,71,WSW,6,WSW,34,19.1,8.6,6
6/12/2015,1010.0,30.4,25.4,27.925,84,96,71,W,6,NW,22,4.4,0.0,7
6/13/2015,1009.533333,31.5,24.8,28.4125,83,95,78,W,8,NW,33,10.0,4.9,4
6/14/2015,1009.033333,32.3,26.0,29.64583333,80,86,73,W,7,W,20,2.6,10.5,5
6/15/2015,1008.945833,31.8,28.0,29.29583333,82,96,76,W,7,W,28,0.05,5.1,7
6/16/2015,1008.708333,32.5,27.7,29.35,81,87,76,W,7,W,19,0.05,3.7,7
6/17/2015,1007.779167,31.8,28.3,29.36666667,82,88,76,W,8,W,21,0.0,3.6,7
6/18/2015,1008.1125,31.6,28.2,29.55,82,87,77,W,9,W,19,0.05,3.1,6
6/19/2015,1008.604167,32.8,28.5,29.95833333,81,88,75,W,9,WSW,18,0.0,8.3,6
6/20/2015,1008.383333,32.0,28.6,29.92083333,81,86,73,W,9,W,18,0.0,8.6,5
6/21/2015,1008.916667,32.8,28.1,30.06666667,80,86,73,W,10,W,19,0.05,10.4,2
6/22/2015,1009.3875,32.2,28.4,29.64166667,83,89,76,WSW,9,WSW,25,3.0,9.3,3
6/23/2015,1010.179167,32.6,28.2,29.75,81,88,73,SW,7,SW,15,0.05,10.2,3
6/24/2015,1011.525,32.9,28.3,29.70833333,79,86,72,SW,7,SW,17,0.0,9.3,3
6/25/2015,1011.016667,32.4,26.6,29.5,82,89,72,WSW,8,W,26,4.5,9.9,4
6/26/2015,1010.416667,32.2,28.1,30.0,81,89,76,W,11,WSW,24,0.6,10.0,6
6/27/2015,1011.395833,31.9,26.1,28.75416667,85,92,82,W,11,WSW,28,5.1,0.0,7
6/28/2015,1012.197083,32.6,27.4,29.80416667,82,87,75,W,10,W,23,1.0,3.5,7
6/29/2015,1012.566667,31.0,27.7,29.21666667,83,90,76,W,8,W,20,0.05,0.0,7
6/30/2015,1012.3125,32.3,24.8,29.46666667,82,88,76,W,7,W,19,0.05,6.6,6
7/1/2015,1012.866667,31.4,25.1,28.28333333,84,97,72,WNW,5,NW,20,2.8,4.1,6
7/2/2015,1013.3125,32.2,25.0,28.89583333,82,93,72,NW,5,NNW,19,7.1,9.2,4
7/3/2015,1013.654167,32.5,28.2,29.42083333,80,95,72,WNW,6,NW,15,0.05,10.4,2
7/4/2015,1013.3,32.0,26.8,29.35416667,80,88,72,WNW,8,NNW,23,2.2,9.8,3
7/5/2015,1012.179167,32.0,28.3,29.63333333,77,83,70,NW,10,NW,22,0.05,10.2,4
7/6/2015,1011.45,32.1,28.2,29.42916667,77,82,71,NW,10,NW,26,0.05,10.1,4
7/7/2015,1010.6,32.7,28.4,29.83333333,75,81,67,WNW,8,WNW,16,0.05,10.3,3
7/8/2015,1011.5375,32.8,28.0,29.89166667,79,85,71,WNW,6,WNW,14,0.05,9.7,2
7/9/2015,1011.8125,32.2,24.6,29.47916667,78,100,65,W,6,N,28,14.4,10.7,2
7/10/2015,1010.8875,31.5,24.8,27.4875,88,100,76,W,9,WNW,32,27.7,3.7,7
7/11/2015,1011.020833,29.7,24.4,26.60416667,90,100,84,W,9,W,32,44.5,0.5,7
7/12/2015,1010.35,32.0,25.3,29.25,82,89,73,WNW,7,NW,31,5.4,9.4,6
7/13/2015,1009.929167,32.0,28.0,29.3625,80,91,67,NW,11,NW,28,0.4,8.3,3
7/14/2015,1009.145833,32.0,28.4,29.80416667,79,87,70,NW,13,NW,27,0.0,10.1,5
7/15/2015,1008.8375,32.0,28.4,29.6875,79,86,74,NW,12,WNW,25,0.0,9.9,6
7/16/2015,1008.466667,32.2,24.0,28.19166667,85,100,75,WNW,13,WNW,40,43.2,7.1,7
7/17/2015,1009.3125,30.0,24.6,27.71666667,86,97,80,W,10,W,36,3.4,0.0,7
7/18/2015,1009.879167,31.4,23.8,28.975,83,98,74,W,8,W,27,28.7,6.7,6
7/19/2015,1010.104167,31.7,26.9,29.03333333,80,90,72,WNW,10,W,25,6.6,5.6,7
7/20/2015,1009.291667,32.0,28.2,29.35,79,85,74,WNW,9,WNW,20,0.0,6.7,6
7/21/2015,1009.445833,32.1,24.8,28.67916667,84,95,75,WNW,9,NNW,29,15.4,6.2,6
7/22/2015,1010.533333,30.8,25.3,27.12083333,85,97,78,WNW,11,WNW,36,0.7,0.6,7
7/23/2015,1011.129167,29.8,24.0,27.66666667,80,97,71,WNW,10,W,42,8.7,0.0,7
7/24/2015,1011.795833,31.9,25.8,28.875,81,88,73,WNW,8,WNW,23,0.5,4.5,7
7/25/2015,1011.608333,31.7,27.8,28.82083333,80,89,75,WNW,9,WNW,23,0.05,3.3,7
7/26/2015,1011.745833,31.3,26.1,28.97083333,80,90,73,W,4,W,13,0.05,10.8,5
7/27/2015,1012.0375,32.4,26.1,28.80833333,78,87,70,NW,3,NW,10,0.0,9.4,4
7/28/2015,1012.329167,31.8,24.7,28.21666667,81,96,68,VRB,2,NW,7,0.0,9.4,5
7/29/2015,1012.104167,31.8,24.4,27.74166667,81,94,67,VRB,1,WNW,7,0.0,11.0,2
7/30/2015,1012.1375,31.8,23.8,27.59166667,79,95,65,VRB,1,S,8,0.0,8.5,4
7/31/2015,1012.016667,32.0,26.4,28.28333333,78,96,67,VRB,2,WNW,7,0.0,10.8,4
8/1/2015,1012.691667,32.4,27.6,29.37083333,76,86,66,NW,5,NW,17,0.05,10.6,3
8/2/2015,1012.895833,32.7,27.9,29.57083333,77,86,69,NW,5,NW,14,0.0,10.5,2
8/3/2015,1012.304167,32.7,26.4,29.29583333,78,92,69,WNW,5,NW,23,0.05,10.6,3
8/4/2015,1011.954167,31.9,25.5,28.74166667,79,95,69,W,7,W,26,4.7,9.7,6
8/5/2015,1011.6125,32.2,25.7,28.7375,82,90,75,WNW,7,WNW,26,4.0,3.1,6
8/6/2015,1010.35,32.2,25.0,28.75,83,98,74,WNW,7,WNW,24,8.8,10.6,4
8/7/2015,1010.495833,31.6,26.1,28.99583333,80,89,74,WNW,9,WNW,23,2.1,8.4,6
8/8/2015,1010.404167,31.7,25.6,28.66666667,81,93,74,WNW,11,WNW,27,6.0,8.5,6
8/9/2015,1009.016667,32.8,24.1,29.0875,81,93,71,WNW,12,W,32,4.7,11.0,5
8/10/2015,1009.0375,31.5,28.3,29.35833333,77,83,72,WNW,11,WNW,25,0.0,10.8,6
8/11/2015,1010.466667,32.0,28.1,29.46666667,79,85,71,WNW,10,NW,18,0.05,8.6,6
8/12/2015,1011.329167,31.2,26.0,28.80833333,84,91,77,W,6,WNW,32,1.6,0.4,7
8/13/2015,1010.629167,31.9,26.5,29.46666667,81,88,75,NW,10,NW,21,1.2,9.0,6
8/14/2015,1010.533333,32.1,26.3,29.37916667,81,91,70,WNW,8,WNW,19,3.2,10.7,3
8/15/2015,1011.308333,32.0,25.8,28.92916667,82,94,73,NW,7,NW,22,2.7,8.4,5
8/16/2015,1011.3875,32.1,24.4,28.67083333,83,97,73,NW,8,N,31,14.1,6.8,6
8/17/2015,1010.05,31.2,23.6,27.175,87,98,75,NNW,10,NW,31,34.6,4.1,7
8/18/2015,1010.2375,30.2,25.1,26.10416667,91,97,86,NW,10,NW,26,12.3,0.0,7
8/19/2015,1011.570833,30.2,27.1,28.02916667,83,87,75,NW,7,NW,19,0.05,9.3,4
8/20/2015,1012.266667,31.7,26.2,29.04583333,80,87,72,W,5,W,12,2.9,10.6,2
8/21/2015,1012.391667,31.7,27.8,28.99583333,82,91,73,NW,5,WNW,15,0.0,10.8,5
8/22/2015,1011.770833,31.2,26.6,28.8625,82,90,71,NNW,4,N,11,0.0,7.7,6
8/23/2015,1012.1125,31.7,27.2,28.80833333,81,90,74,WNW,4,NW,11,0.05,7.2,6
8/24/2015,1012.433333,31.9,27.1,28.89166667,82,88,74,NW,5,WNW,17,0.05,9.8,6
8/25/2015,1011.6375,32.0,26.4,29.01666667,80,92,71,NNW,5,NNW,19,1.9,10.1,3
8/26/2015,1010.466667,32.1,26.9,29.30833333,80,86,72,NW,5,NW,13,0.0,10.6,5
8/27/2015,1010.708333,32.2,27.6,29.38333333,79,89,70,WNW,7,W,15,0.05,7.9,6
8/28/2015,1010.891667,32.2,23.9,28.5625,83,100,71,NW,5,WNW,28,18.5,9.6,7
8/29/2015,1010.595833,31.0,26.4,28.7125,84,91,76,NW,5,WNW,15,0.05,1.6,6
8/30/2015,1011.479167,31.7,24.9,27.71666667,85,96,72,W,6,W,22,20.2,6.5,7
8/31/2015,1011.4375,32.2,25.5,28.72083333,84,92,76,NNW,7,NW,24,14.4,7.8,5
9/1/2015,1010.966667,30.9,25.9,28.4375,85,94,78,NW,8,NW,23,5.4,6.9,6
9/2/2015,1009.9375,32.1,25.6,29.1625,82,90,73,NW,7,NNW,20,2.6,10.3,5
9/3/2015,1010.925,31.8,25.6,28.12916667,84,100,75,NW,9,WNW,25,10.1,6.8,6
9/4/2015,1012.1,31.3,27.1,28.67083333,82,88,74,NNW,6,NW,15,0.05,2.4,7
9/5/2015,1012.475,32.8,25.4,29.08333333,83,91,73,NW,5,WNW,13,1.0,4.5,6
9/6/2015,1012.55,31.0,25.6,27.98333333,86,96,74,W,3,W,15,2.8,4.1,7
9/7/2015,1012.416667,32.2,25.4,28.81666667,82,94,69,WSW,6,WSW,18,1.6,7.7,7
9/8/2015,1012.045833,32.1,26.0,28.07916667,85,93,76,WSW,5,WSW,18,1.2,6.5,6
9/9/2015,1012.175,31.7,27.5,28.73333333,83,94,75,W,4,W,14,0.05,6.0,5
9/10/2015,1012.216667,30.8,25.5,28.17916667,85,92,75,WSW,5,WSW,15,6.4,1.3,6
9/11/2015,1012.266667,29.9,24.5,27.35833333,86,97,81,W,8,W,19,5.3,0.2,7
9/12/2015,1011.841667,31.5,26.5,29.02916667,79,88,71,W,5,WNW,15,0.4,9.5,5
9/13/2015,1012.729167,32.1,25.9,28.72916667,82,91,71,W,4,NW,14,5.5,9.6,5
9/14/2015,1012.166667,31.9,27.9,29.38333333,79,88,71,W,6,WNW,15,0.6,10.8,4
9/15/2015,1011.291667,32.0,26.2,29.13333333,82,88,73,W,8,W,24,5.6,10.0,4
9/16/2015,1009.679167,31.9,26.4,29.40416667,80,88,73,WNW,10,WNW,30,5.0,10.0,4
9/17/2015,1009.008333,31.7,25.4,29.175,81,97,71,NW,11,NW,31,7.4,10.9,6
9/18/2015,1009.841667,31.3,24.8,27.65,85,97,75,WNW,11,WNW,32,19.2,1.7,7
9/19/2015,1010.108333,29.3,23.4,26.8125,89,97,83,WNW,11,WNW,35,29.4,0.3,7
9/20/2015,1009.75,30.5,26.0,28.17083333,83,86,80,WNW,12,W,29,1.0,0.4,7
9/21/2015,1009.8,31.6,25.0,28.70833333,81,89,72,WNW,10,WNW,28,5.0,5.2,7
9/22/2015,1010.516667,30.9,24.8,27.90833333,83,96,72,W,9,W,24,6.1,7.5,5
9/23/2015,1010.979167,31.5,24.9,28.50833333,81,97,73,WNW,9,N,27,9.9,9.4,5
9/24/2015,1010.391667,31.2,25.9,28.725,83,89,77,NW,8,NNW,20,2.8,9.5,5
9/25/2015,1009.8125,31.7,23.2,28.59583333,84,97,72,NW,8,N,23,45.9,8.0,6
9/26/2015,1010.479167,29.6,23.4,26.75,91,99,85,NW,7,NW,27,19.0,0.0,7
9/27/2015,1010.141667,31.3,25.6,27.88333333,85,93,77,NW,6,WNW,19,1.4,3.3,6
9/28/2015,1009.0125,32.0,25.0,28.81666667,82,96,74,NW,6,WNW,19,4.8,10.2,7
9/29/2015,1008.525,30.5,25.9,27.5875,85,93,78,WNW,6,W,19,4.6,7.3,6
9/30/2015,1009.566667,30.8,25.5,27.00416667,87,96,76,W,5,N,23,0.05,4.0,6
10/1/2015,1010.7125,31.8,25.0,28.51666667,82,93,71,SSW,5,S,21,4.4,10.9,3
10/2/2015,1012.854167,31.9,26.3,28.65833333,83,93,76,SW,5,SSW,13,0.0,11.2,2
10/3/2015,1013.75,31.9,27.9,29.05,79,91,70,W,4,WNW,25,0.0,10.9,3
10/4/2015,1013.591667,32.2,27.6,29.45833333,78,85,71,WNW,6,W,16,0.0,9.9,4
10/5/2015,1012.133333,31.9,27.3,29.2875,78,89,71,W,8,W,25,3.5,9.1,6
10/6/2015,1010.55,32.1,27.4,29.4625,79,85,71,W,7,WNW,19,0.0,10.6,2
10/7/2015,1010.6125,31.6,26.0,29.1125,81,94,72,WSW,8,W,18,3.5,10.8,4
10/8/2015,1011.45,30.2,25.4,27.55833333,85,95,79,WSW,10,W,28,7.2,0.0,6
10/9/2015,1011.279167,32.2,25.0,28.29583333,83,100,69,SW,11,WNW,29,19.5,9.7,6
10/10/2015,1011.6875,31.8,24.7,28.47916667,83,96,69,WSW,6,W,29,35.5,9.5,5
10/11/2015,1012.65,30.2,25.6,27.52083333,87,98,78,W,5,W,17,9.4,4.2,4
10/12/2015,1012.120833,32.0,25.6,28.4875,84,97,73,VRB,2,NW,10,0.0,11.0,2
10/13/2015,1011.641667,32.2,25.3,27.79583333,86,98,70,N,2,NW,14,1.8,5.6,5
10/14/2015,1011.5625,30.8,25.2,27.58333333,88,97,77,E,3,NE,12,3.4,3.3,6
10/15/2015,1011.0875,31.5,27.1,28.36666667,84,97,75,SE,4,E,11,0.05,7.8,5
10/16/2015,1011.545833,31.9,27.7,29.39166667,79,86,73,SE,4,SSE,10,0.0,11.1,2
10/17/2015,1011.891667,32.2,24.9,28.84583333,81,98,70,VRB,2,WSW,10,0.05,11.0,2
10/18/2015,1012.525,31.8,24.8,27.4375,88,99,70,VRB,2,ENE,14,0.05,5.5,4
10/19/2015,1011.9,31.7,26.0,28.07916667,86,99,74,VRB,1,ESE,10,1.0,5.2,6
10/20/2015,1009.995833,31.1,26.5,28.35833333,84,98,75,E,4,ENE,14,1.8,1.7,6
10/21/2015,1009.920833,32.3,26.2,28.67916667,84,94,76,SSE,5,SE,19,4.6,8.3,6
10/22/2015,1010.416667,31.9,24.8,28.55416667,84,98,76,SSE,5,E,17,8.0,9.3,6
10/23/2015,1010.408333,31.8,27.5,28.5625,82,98,72,S,4,ESE,15,0.3,5.1,6
10/24/2015,1009.883333,31.9,26.4,29.18333333,82,96,74,S,7,S,22,6.8,10.3,6
10/25/2015,1011.05,31.1,22.9,26.81666667,88,100,74,SW,6,SW,19,56.1,0.5,7
10/26/2015,1012.3,30.7,24.6,27.23333333,85,97,74,SW,7,WSW,23,6.6,1.7,7
10/27/2015,1011.891667,31.0,26.1,27.64166667,80,89,72,W,5,W,29,0.05,5.7,6
10/28/2015,1011.2625,31.7,24.9,28.25,83,96,71,VRB,1,E,6,0.0,6.3,4
10/29/2015,1010.591667,32.1,27.1,29.06666667,79,96,69,NW,2,NW,7,0.0,11.2,2
10/30/2015,1010.133333,31.8,27.1,29.19583333,80,90,72,NW,5,N,16,1.2,3.7,6
10/31/2015,1010.375,29.4,24.1,26.0125,93,100,83,WSW,3,N,25,57.6,0.0,7
11/1/2015,1010.508333,29.7,25.5,27.125,85,91,81,W,7,W,20,0.6,1.5,7
11/2/2015,1011.408333,31.9,27.1,28.6125,79,89,73,S,5,S,14,0.0,4.3,7
11/3/2015,1011.845833,31.2,25.2,28.15,84,95,73,S,3,S,16,0.05,7.0,6
11/4/2015,1011.916667,31.5,27.1,28.775,81,94,71,W,5,SW,13,0.05,10.6,5
11/5/2015,1011.316667,31.8,26.8,28.79166667,80,93,73,NNW,4,N,11,0.05,2.6,6
11/6/2015,1010.425,32.5,25.6,28.825,82,94,70,NNW,4,NW,16,1.4,5.0,5
11/7/2015,1010.8,30.0,23.9,27.4875,86,96,76,W,5,E,24,13.3,0.3,7
11/8/2015,1010.991667,29.0,25.2,27.58333333,85,93,81,NNW,6,NW,16,8.4,0.1,7
11/9/2015,1010.416667,28.8,25.5,27.225,88,97,82,WNW,4,WNW,18,0.7,0.1,7
11/10/2015,1009.070833,32.1,27.4,29.22083333,82,89,72,WNW,4,WNW,11,0.0,9.2,5
11/11/2015,1009.2625,32.3,26.1,28.84166667,81,90,73,NNW,4,NNW,21,0.0,7.1,6
11/12/2015,1011.833333,30.2,27.4,28.3,84,93,76,SW,6,SW,14,0.05,0.0,7
11/13/2015,1011.675,30.6,27.8,28.75416667,82,90,73,NNW,5,N,14,0.05,0.2,7
11/14/2015,1009.716667,31.9,23.9,28.425,84,94,73,NW,5,NNW,20,14.0,2.7,7
11/15/2015,1008.854167,29.3,25.9,27.5375,87,98,81,NW,4,NW,15,1.2,0.1,7
11/16/2015,1008.954167,31.8,27.7,28.75416667,81,88,74,W,5,W,17,0.0,4.8,6
11/17/2015,1008.841667,32.0,27.6,29.22916667,77,90,68,WNW,5,NW,12,0.0,10.9,3
11/18/2015,1009.245833,31.9,26.7,29.125,79,89,66,W,6,WNW,24,2.4,9.1,3
11/19/2015,1009.116667,32.1,25.0,29.00416667,80,97,66,W,4,W,14,0.0,9.7,5
11/20/2015,1008.85,32.3,27.9,29.09583333,80,97,69,SE,3,SSE,12,0.0,10.3,3
11/21/2015,1008.854167,32.1,27.5,29.35416667,78,85,69,SSE,4,SSE,11,0.0,11.1,2
11/22/2015,1008.754167,32.4,23.5,28.59583333,83,98,72,E,4,E,22,23.8,10.8,5
11/23/2015,1010.4125,31.8,26.9,28.10833333,85,97,75,S,4,SSE,18,0.05,5.2,6
11/24/2015,1010.229167,30.5,25.8,28.67916667,83,95,76,E,6,E,21,10.4,8.1,5
11/25/2015,1010.558333,31.7,23.9,27.94583333,86,100,75,E,7,SSE,32,51.6,7.9,6
11/26/2015,1010.916667,32.1,25.7,28.7125,80,93,70,E,4,ESE,9,0.0,10.4,5
11/27/2015,1010.833333,30.5,25.1,27.3375,85,94,75,WSW,4,W,24,0.0,10.3,5
11/28/2015,1011.604167,32.0,25.7,28.375,81,93,68,NE,3,N,8,3.4,10.9,2
11/29/2015,1012.108333,32.1,25.5,27.8375,85,97,71,E,2,NE,12,0.0,5.8,5
11/30/2015,1012.104167,32.0,25.7,28.325,83,94,69,W,2,W,8,0.05,4.2,6
12/1/2015,1011.070833,32.0,25.8,28.45,82,93,70,VRB,1,WSW,7,0.0,7.5,6
12/2/2015,1011.320833,32.3,26.8,29.33333333,78,89,66,WNW,4,NW,13,11.6,10.5,6
12/3/2015,1010.979167,32.1,25.6,28.9125,83,91,69,WNW,7,NW,21,18.7,8.1,6
12/4/2015,1009.591667,32.0,27.0,29.27916667,82,91,75,N,6,N,19,0.0,5.3,5
12/5/2015,1009.258333,32.5,24.0,29.3875,80,91,73,N,5,NE,15,74.5,6.0,5
12/6/2015,1009.7,30.0,24.2,26.56666667,91,100,83,ENE,4,SSE,18,1.4,0.0,7
12/7/2015,1011.1125,29.1,25.1,26.4625,90,98,83,NE,4,ESE,20,12.7,0.0,7
12/8/2015,1011.320833,31.3,25.3,28.22916667,84,94,78,ENE,4,E,17,2.6,1.8,6
12/9/2015,1011.3875,31.8,25.4,27.85,88,98,76,SSE,5,E,21,32.6,2.0,6
12/10/2015,1011.829167,28.8,24.4,26.43333333,92,100,84,SSE,5,SSE,21,24.5,0.0,7
12/11/2015,1010.816667,31.1,24.9,27.97916667,86,97,78,SE,5,SSE,22,5.6,2.0,6
12/12/2015,1010.445833,31.5,26.6,28.6375,82,95,72,SE,3,SSE,11,0.05,8.0,3
12/13/2015,1011.170833,31.8,24.6,28.1125,85,97,72,S,3,S,10,0.0,9.8,4
12/14/2015,1011.483333,32.2,25.0,27.65416667,84,98,72,VRB,1,NNE,6,0.05,11.1,2
12/15/2015,1011.833333,32.4,25.5,28.61666667,80,93,69,VRB,2,SW,7,0.3,7.7,4
12/16/2015,1011.658333,30.6,25.7,27.86666667,84,94,71,N,4,N,14,0.05,3.9,6
12/17/2015,1011.533333,31.1,27.5,28.60833333,80,91,73,E,4,ESE,13,0.0,2.3,5
12/18/2015,1012.375,32.0,27.4,29.00833333,76,83,71,SSE,4,SSE,13,0.0,7.2,5
12/19/2015,1013.533333,31.8,27.8,28.9375,79,88,73,E,5,E,17,0.05,5.5,5
12/20/2015,1013.141667,31.8,26.1,28.53333333,81,93,73,E,6,ESE,23,4.1,8.1,5
12/21/2015,1013.5,32.1,27.0,28.65,81,88,74,E,6,SE,20,2.6,4.3,4
12/22/2015,1014.054167,31.5,27.3,28.69583333,77,84,71,ENE,6,E,13,0.0,10.3,3
12/23/2015,1014.145833,31.2,24.6,27.80416667,75,88,65,E,4,E,13,0.0,10.9,1
12/24/2015,1013.4875,31.0,22.4,27.40416667,77,96,66,E,3,ENE,13,0.0,10.9,1
12/25/2015,1012.7,31.3,25.2,27.5,77,99,64,ENE,4,ENE,11,0.0,10.3,1
12/26/2015,1012.554167,31.6,26.0,28.64166667,72,86,61,ENE,6,E,15,0.5,10.3,4
12/27/2015,1013.033333,31.5,26.4,28.66666667,76,86,66,ENE,5,ENE,15,0.0,9.8,3
12/28/2015,1013.783333,31.8,28.5,29.26666667,78,86,71,E,8,E,22,0.0,8.5,4
12/29/2015,1012.958333,31.2,27.6,29.23333333,80,85,73,E,11,E,24,0.5,6.2,4
12/30/2015,1011.9125,31.3,27.5,28.90833333,81,90,77,E,9,E,23,0.05,7.4,4
12/31/2015,1012.429167,31.7,27.4,29.05416667,76,84,67,E,8,E,19,0.05,9.8,3
1/1/2016,1014.075,31.7,25.4,28.57916667,76,89,66,ENE,5,E,17,0.0,8.8,6
1/2/2016,1014.954167,31.5,25.7,28.04166667,78,88,68,NE,4,NE,15,0.0,8.5,5
1/3/2016,1013.758333,31.8,23.5,28.2375,74,84,63,ENE,3,NE,14,0.0,10.7,3
1/4/2016,1014.133333,31.7,23.6,27.3875,79,95,65,VRB,2,ENE,11,0.0,9.3,4
1/5/2016,1013.408333,31.4,24.6,27.37541667,78,95,65,NNE,3,NE,11,0.0,9.6,2
1/6/2016,1012.875,31.9,25.7,28.29166667,76,92,60,NE,5,ENE,16,0.0,10.5,2
1/7/2016,1013.820833,31.9,26.5,28.50833333,80,90,71,ENE,3,ENE,11,0.0,5.9,6
1/8/2016,1013.541667,31.8,25.5,28.60416667,81,90,73,ENE,5,ENE,14,0.05,2.7,6
1/9/2016,1012.3875,31.7,24.0,28.02083333,82,93,66,E,2,E,10,0.0,9.0,3
1/10/2016,1013.029167,31.6,25.8,28.35833333,82,96,67,E,4,NE,10,0.0,7.2,3
1/11/2016,1013.145833,31.9,25.2,28.37083333,81,91,69,NE,4,ENE,13,0.0,9.0,3
1/12/2016,1012.3875,31.8,25.1,27.77083333,80,92,68,N,3,NE,9,0.0,5.5,5
1/13/2016,1012.129167,31.7,25.0,28.3,74,89,66,ENE,5,NE,14,0.0,9.2,5
1/14/2016,1011.7125,31.6,26.1,28.11666667,75,88,64,ENE,4,ENE,10,0.0,9.6,2
1/15/2016,1011.4875,32.2,26.7,28.73333333,72,79,64,E,4,ESE,12,0.0,9.0,2
1/16/2016,1011.633333,31.8,26.8,28.6875,71,78,62,E,4,E,11,0.0,10.2,1
1/17/2016,1010.616667,31.7,27.3,28.79166667,72,80,61,E,4,ESE,13,0.0,10.5,1
1/18/2016,1010.070833,31.9,27.5,28.95833333,74,81,66,ESE,5,SE,14,0.0,9.8,3
1/19/2016,1010.304167,32.2,27.8,29.16666667,74,82,64,ESE,5,SE,14,0.0,10.2,2
1/20/2016,1011.420833,32.1,26.4,29.25,77,83,69,E,5,E,13,0.0,4.0,6
1/21/2016,1011.945833,31.5,25.5,28.43333333,80,92,71,ENE,5,NE,14,0.05,4.2,6
1/22/2016,1012.279167,32.1,27.0,28.72083333,78,92,68,NE,4,NE,12,0.0,9.9,5
1/23/2016,1012.575,32.2,26.8,29.1875,75,84,55,ENE,7,ENE,17,0.0,9.7,2
1/24/2016,1013.0,32.1,25.8,28.73333333,79,87,68,NNE,5,E,14,0.0,9.9,2
1/25/2016,1011.9375,32.3,26.4,28.64166667,81,92,71,NE,4,NE,13,0.0,8.9,2
1/26/2016,1012.241667,32.6,25.5,28.625,81,93,70,NNE,4,ENE,12,0.0,8.9,2
1/27/2016,1012.166667,32.5,25.6,28.45,80,93,66,NNE,4,N,14,0.05,8.3,2
1/28/2016,1012.7,31.8,25.1,28.15833333,81,92,69,NE,5,E,16,0.05,4.3,6
1/29/2016,1012.908333,31.5,26.6,28.52083333,77,91,66,NNE,5,NNE,14,0.0,6.3,6
1/30/2016,1012.2125,32.5,27.1,29.02083333,75,86,65,E,6,E,16,0.0,9.7,5
1/31/2016,1011.808333,31.8,26.9,28.92916667,68,78,60,E,7,E,19,0.0,9.6,5
2/1/2016,1012.404167,31.9,24.8,28.45833333,72,87,58,E,4,ENE,13,0.05,10.3,2
2/2/2016,1012.591667,32.0,22.3,27.3,77,91,59,NE,4,NE,13,0.0,9.8,3
2/3/2016,1012.304167,31.7,23.6,27.17916667,73,95,58,NNE,4,ENE,14,0.0,11.0,2
2/4/2016,1012.204167,31.9,22.3,28.08333333,72,88,62,N,4,N,14,0.0,10.1,2
2/5/2016,1011.704167,31.8,23.8,27.25,71,91,50,N,3,N,11,0.0,10.7,3
2/6/2016,1011.4875,32.3,23.8,28.05416667,72,89,56,SE,3,E,8,0.0,9.7,2
2/7/2016,1012.266667,32.1,23.9,28.14166667,74,90,60,NNE,4,N,13,0.0,10.4,4
2/8/2016,1011.829167,32.8,25.1,28.625,76,93,63,NNE,4,N,12,0.0,10.1,5
2/9/2016,1012.016667,31.7,25.0,27.87083333,81,93,69,NNE,3,N,8,0.0,6.4,4
2/10/2016,1011.7875,32.0,24.7,28.07083333,79,92,63,N,3,N,12,0.0,11.1,2
2/11/2016,1011.441667,32.1,24.7,28.04166667,77,92,63,NNE,3,N,11,0.0,10.4,2
2/12/2016,1011.4,32.1,25.9,28.65,74,88,64,N,4,N,13,0.0,11.0,3
2/13/2016,1011.429167,32.2,27.0,28.99166667,71,80,59,N,6,N,14,0.0,9.9,2
2/14/2016,1011.4125,31.8,25.8,28.74166667,76,90,65,N,4,NNW,13,0.0,10.0,2
2/15/2016,1012.291667,31.8,24.2,27.62916667,84,94,69,N,3,E,15,3.2,3.9,4
2/16/2016,1011.954167,32.1,26.0,28.8125,77,98,65,E,3,E,14,0.0,10.7,2
2/17/2016,1011.045833,32.3,27.1,29.2,79,91,67,N,5,N,14,0.05,10.2,3
2/18/2016,1011.291667,30.9,25.6,28.54583333,83,97,75,E,6,ENE,27,21.4,2.1,6
2/19/2016,1012.541667,31.4,26.3,28.8875,83,91,76,E,9,E,21,2.4,7.3,6
2/20/2016,1013.033333,31.9,27.6,29.08333333,80,88,70,E,6,SE,21,0.05,7.3,5
2/21/2016,1012.8875,32.1,26.0,29.11666667,80,95,71,E,4,E,12,0.0,9.3,3
2/22/2016,1012.708333,31.9,26.8,28.9875,81,94,71,ENE,3,ENE,10,0.0,10.4,1
2/23/2016,1012.175,32.4,27.0,29.275,73,87,63,ESE,4,E,10,0.0,11.1,1
2/24/2016,1011.820833,32.2,24.3,28.33333333,74,88,64,E,4,E,10,0.0,11.0,1
2/25/2016,1011.958333,32.2,26.5,28.45416667,77,89,66,N,4,ENE,11,0.0,10.5,2
2/26/2016,1012.354167,32.5,27.6,29.3,77,85,70,ENE,5,NE,14,0.0,10.4,4
2/27/2016,1013.058333,32.9,26.8,29.4,76,87,65,E,6,ENE,17,0.0,7.2,6
2/28/2016,1014.125,32.7,25.5,29.09583333,80,91,71,E,6,E,18,21.3,7.7,5
2/29/2016,1013.270833,32.3,27.1,29.4125,81,88,72,E,6,E,15,0.05,7.5,5
3/1/2016,1011.775,32.1,27.8,29.45833333,77,89,70,E,6,ENE,15,0.0,9.7,4
3/2/2016,1012.2,32.1,25.8,29.2875,79,90,70,E,7,E,19,0.0,9.7,4
3/3/2016,1012.791667,32.3,25.0,29.13333333,78,90,69,NE,5,ENE,13,0.0,9.5,5
3/4/2016,1011.729167,32.2,24.6,28.74166667,79,94,67,ENE,4,E,14,0.0,10.5,3
3/5/2016,1011.045833,32.3,24.2,28.125,80,93,65,N,3,ENE,11,0.0,10.8,1
3/6/2016,1010.533333,32.0,25.1,28.16666667,80,94,68,NNE,3,ENE,10,0.0,10.5,2
3/7/2016,1010.420833,32.1,26.4,28.62916667,80,92,67,N,2,N,8,0.0,10.7,1
3/8/2016,1010.220833,32.9,25.4,28.984375,80,94,64,VRB,2,NW,8,0.0,10.2,2
3/9/2016,1010.641667,33.1,26.8,29.20833333,81,95,66,VRB,2,E,9,0.0,9.7,2
3/10/2016,1011.2375,33.1,27.6,30.03333333,78,86,63,E,4,E,12,0.0,8.8,4
3/11/2016,1011.945833,33.0,26.1,29.275,81,96,68,VRB,1,E,7,0.0,10.8,2
3/12/2016,1012.070833,32.7,27.0,29.5625,82,95,71,WNW,3,NW,8,0.0,8.4,4
3/13/2016,1011.854167,33.3,26.6,30.175,79,88,71,N,4,NNW,11,0.0,10.6,4
3/14/2016,1011.5125,33.0,27.0,29.43333333,81,93,68,N,3,N,13,0.05,10.9,2
3/15/2016,1012.0,32.8,27.7,29.76666667,78,87,69,N,4,NNW,9,0.05,7.1,3
3/16/2016,1011.245833,33.1,25.7,29.53333333,77,87,67,N,4,N,13,0.0,10.5,2
3/17/2016,1011.258333,33.2,26.6,29.325,75,90,62,N,4,N,12,0.0,10.7,3
3/18/2016,1011.0,32.9,28.5,29.825,76,84,68,NW,4,NNW,12,0.0,9.5,2
3/19/2016,1011.716667,33.9,28.4,30.42083333,77,84,67,NW,5,NW,13,0.0,10.3,1
3/20/2016,1011.5,33.1,27.8,29.99583333,76,84,68,NNW,4,NW,12,0.0,10.5,1
3/21/2016,1010.75,33.1,26.7,29.50416667,78,88,67,NW,3,NW,7,0.0,9.8,2
3/22/2016,1010.329167,33.1,27.3,29.95833333,73,82,66,W,4,WSW,9,0.0,10.0,1
3/23/2016,1010.504167,33.5,26.3,30.09166667,72,82,57,SW,4,WSW,10,0.0,10.4,1
3/24/2016,1012.104167,33.4,26.1,29.3875,78,90,66,SW,3,SSW,8,0.0,9.7,1
3/25/2016,1012.820833,33.9,27.6,29.76666667,77,90,66,VRB,2,SW,5,0.0,9.3,1
3/26/2016,1012.304167,34.0,25.6,29.57916667,75,90,62,ENE,3,ENE,12,0.0,9.7,2
3/27/2016,1011.8625,34.3,26.4,29.5125,75,92,63,N,2,ENE,10,0.0,9.4,2
3/28/2016,1011.704167,33.5,26.6,29.86666667,74,86,61,N,3,N,11,0.0,9.3,2
3/29/2016,1011.808333,34.1,28.2,30.49583333,74,88,62,ENE,4,E,12,0.0,9.4,2
3/30/2016,1012.104167,34.5,29.1,30.93333333,76,83,64,E,4,SSE,15,0.05,9.3,3
3/31/2016,1011.008333,34.6,26.0,30.70833333,73,85,63,E,3,E,8,0.0,10.3,2
4/1/2016,1009.8125,33.8,25.0,29.90416667,78,93,66,VRB,2,E,8,0.0,10.0,2
4/2/2016,1010.816667,33.7,25.9,29.28333333,78,98,66,VRB,1,E,8,0.0,10.4,1
4/3/2016,1011.833333,33.9,29.0,30.42083333,75,94,64,NNW,3,N,10,0.0,10.6,1
4/4/2016,1010.541667,33.9,29.1,30.83333333,75,84,65,WNW,4,NW,11,0.0,10.2,1
4/5/2016,1010.583333,34.0,26.2,30.21666667,77,88,66,WNW,4,NNW,17,0.0,9.9,4
4/6/2016,1010.695833,33.9,29.0,30.3375,76,88,64,NW,4,NW,17,2.8,9.4,4
4/7/2016,1009.9,33.4,26.0,29.8875,76,92,63,NNW,3,N,12,0.0,10.9,1
4/8/2016,1009.775,33.3,26.1,29.12083333,80,94,67,VRB,1,N,8,0.0,8.7,1
4/9/2016,1011.0625,33.5,27.6,30.52916667,73,85,61,NW,3,NNW,8,0.0,10.7,5
4/10/2016,1011.720833,33.9,28.6,30.61666667,77,86,66,NW,3,NW,11,0.05,7.2,4
4/11/2016,1011.066667,33.9,29.2,30.95,73,82,67,NNW,5,NNW,13,0.0,10.6,2
4/12/2016,1010.129167,34.1,29.1,30.80416667,71,81,61,NW,4,NW,11,0.0,10.6,2
4/13/2016,1008.133333,34.0,29.1,31.02083333,73,82,66,NNW,4,NNW,11,0.0,10.2,2
4/14/2016,1008.408333,33.9,27.4,30.57916667,76,88,66,NNW,3,NNW,10,0.0,10.6,1
4/15/2016,1009.554167,34.1,27.7,30.41666667,76,90,64,NW,2,NNW,6,0.0,9.7,1
4/16/2016,1009.558333,34.9,30.0,31.15416667,75,88,65,NW,4,NW,11,0.0,10.5,2
4/17/2016,1008.879167,34.7,29.5,31.39583333,75,80,67,NNW,5,NNW,14,0.0,10.4,5
4/18/2016,1008.866667,34.3,25.7,30.11666667,79,96,67,N,4,SSW,19,8.0,2.0,7
4/19/2016,1009.404167,33.7,27.2,30.04166667,78,97,67,VRB,2,E,10,0.0,10.7,4
4/20/2016,1010.933333,31.3,26.2,29.03333333,82,94,74,VRB,2,NE,23,0.05,0.4,6
4/21/2016,1011.145833,32.9,29.1,29.90416667,81,95,70,W,3,W,11,1.0,8.3,5
4/22/2016,1010.508333,33.7,27.3,30.72083333,78,91,69,NW,6,WNW,22,3.8,8.3,6
4/23/2016,1008.904167,34.0,29.4,30.7375,78,87,71,NW,5,WNW,15,0.0,2.9,5
4/24/2016,1007.7625,33.9,29.3,30.90833333,72,80,64,NW,6,NW,15,0.0,10.5,2
4/25/2016,1008.4875,33.8,29.1,30.90833333,71,80,61,NNW,5,NW,14,0.0,10.6,1
4/26/2016,1009.275,33.8,28.8,30.825,72,80,64,NNW,4,NNW,12,0.0,10.6,2
4/27/2016,1008.679167,33.8,27.4,30.4125,78,92,69,NNW,3,NNW,10,0.05,7.4,3
4/28/2016,1008.505,34.3,28.0,30.43333333,78,91,67,ENE,2,NE,10,0.0,7.9,3
4/29/2016,1009.225,34.4,27.5,30.90416667,74,91,63,E,2,ESE,9,0.0,10.1,4
4/30/2016,1009.616667,35.0,27.2,31.14166667,71,85,59,ENE,4,ENE,12,0.0,11.2,2
5/1/2016,1009.266667,34.5,25.6,30.77916667,74,92,63,ESE,3,SSE,18,11.2,10.4,3
5/2/2016,1009.541667,34.0,28.4,30.175,78,93,67,W,3,SSW,11,0.0,8.6,5
5/3/2016,1009.029167,34.1,24.1,30.45833333,78,96,65,W,4,NW,14,38.2,10.8,5
5/4/2016,1008.958333,33.9,29.5,30.70041667,76,96,71,NW,4,NNW,13,0.0,10.3,5
5/5/2016,1009.420833,34.1,29.3,31.0875,71,77,62,W,4,W,8,0.0,7.4,4
5/6/2016,1009.0125,34.3,27.4,31.05416667,75,88,68,NW,3,WNW,9,0.9,10.5,4
5/7/2016,1009.079167,33.1,27.5,30.04166667,79,91,68,W,3,NW,15,1.2,7.3,5
5/8/2016,1009.775,33.6,30.0,31.07083333,77,86,70,NW,5,NW,14,3.0,10.0,5
5/9/2016,1008.854167,34.0,26.9,29.97083333,80,92,69,N,4,ENE,16,1.0,2.8,7
5/10/2016,1009.233333,33.2,23.4,28.50416667,87,100,70,SSW,3,NNE,23,105.5,4.4,5
5/11/2016,1008.959542,29.8,25.3,28.04166667,86,96,78,N,4,SE,30,19.3,0.0,7
5/12/2016,1008.404167,29.7,25.1,27.925,85,94,78,NW,4,N,23,3.9,1.2,6
5/13/2016,1008.4875,33.2,27.2,30.0625,80,97,73,WNW,7,WSW,27,2.4,4.0,7
5/14/2016,1009.204167,33.7,24.4,30.825,75,81,68,NW,7,NW,16,11.2,3.3,7
5/15/2016,1008.570833,33.1,24.1,30.00416667,82,100,74,WNW,8,N,32,7.3,3.3,7
5/16/2016,1007.054167,31.0,23.1,28.47083333,81,96,72,WNW,10,NNW,29,10.5,0.2,7
5/17/2016,1006.329167,31.0,25.0,28.60416667,82,89,71,W,8,NW,34,2.4,0.0,6
5/18/2016,1006.4625,33.5,25.3,30.3875,82,89,73,W,7,WNW,27,2.2,6.7,7
5/19/2016,1007.683333,33.1,23.4,29.32083333,85,99,72,W,9,W,32,79.9,2.0,7
5/20/2016,1008.279167,32.1,28.0,30.1625,81,89,74,W,9,WNW,21,0.05,4.1,6
5/21/2016,1009.608333,33.2,25.2,30.6375,81,85,75,WNW,9,WNW,20,0.05,7.7,6
5/22/2016,1011.145833,32.8,23.1,30.20416667,82,94,73,WNW,6,WNW,31,21.0,8.6,5
5/23/2016,1011.2125,33.0,22.3,30.175,81,92,70,WNW,7,NW,23,0.05,8.9,6
5/24/2016,1011.466667,32.5,24.8,27.59583333,89,100,79,WSW,7,NW,31,26.5,0.0,7
5/25/2016,1010.058333,32.5,24.4,29.93333333,81,98,73,W,8,NW,25,6.2,8.2,6
5/26/2016,1010.116667,33.1,26.2,29.67916667,83,92,73,W,5,W,23,3.7,4.6,7
5/27/2016,1011.491667,30.2,24.4,27.41666667,89,96,80,NW,5,W,25,19.9,0.0,7
5/28/2016,1011.041667,29.6,25.1,27.69583333,88,97,81,W,4,NW,17,10.9,0.0,7
5/29/2016,1010.079167,33.0,27.9,29.94583333,80,93,71,W,7,W,17,0.05,9.0,5
5/30/2016,1009.895833,31.8,25.4,28.82916667,84,95,76,W,7,W,26,7.6,2.2,6
5/31/2016,1010.6625,32.8,24.2,29.5,82,98,74,WNW,6,WNW,24,14.4,8.1,5
6/1/2016,1010.929167,31.6,23.6,28.33333333,86,97,80,NNW,5,NNW,25,11.5,0.3,7
6/2/2016,1009.808333,31.1,25.4,28.675,85,98,80,NNW,7,NNW,28,34.6,0.6,7
6/3/2016,1009.458333,32.6,26.2,29.3875,82,89,75,NNW,8,NNW,27,9.3,7.7,5
6/4/2016,1009.520833,32.2,26.4,29.49166667,81,97,75,W,8,W,24,9.1,7.5,6
6/5/2016,1009.475,32.6,25.8,29.72083333,80,96,72,SSW,7,SW,28,8.1,10.4,4
6/6/2016,1009.208333,32.7,25.7,29.26666667,83,95,76,SSW,8,W,35,3.0,10.4,4
6/7/2016,1009.466667,32.1,25.6,29.0875,82,95,73,NW,11,NNW,36,14.0,6.0,6
6/8/2016,1009.7875,31.5,25.9,29.53333333,82,88,75,WNW,10,NNW,29,6.5,0.7,7
6/9/2016,1010.341667,31.7,25.8,29.23333333,82,92,75,W,9,NW,26,6.9,0.8,7
6/10/2016,1011.6125,31.8,23.5,27.65833333,88,100,75,NW,7,NW,29,68.4,0.7,8
6/11/2016,1011.733333,31.4,26.2,28.86666667,82,90,74,SSW,8,SSW,21,1.0,5.9,7
6/12/2016,1011.7625,32.2,28.4,29.96666667,80,88,75,SSW,8,SSW,19,0.05,8.8,6
6/13/2016,1012.070833,32.4,26.6,29.79583333,79,85,73,SSW,8,SSW,24,2.0,7.0,6
6/14/2016,1011.508333,32.4,28.3,30.0,76,83,72,W,10,W,21,0.0,9.8,5
6/15/2016,1010.341667,32.2,28.0,30.07916667,74,80,66,W,11,W,23,0.05,10.2,3
6/16/2016,1008.883333,32.4,27.8,30.05416667,76,81,72,W,10,W,21,0.05,9.1,6
6/17/2016,1008.333333,31.4,28.0,29.7625,78,86,72,W,12,W,26,2.1,3.8,7
6/18/2016,1008.829167,31.9,24.6,29.2625,80,86,75,WNW,12,W,35,4.6,4.9,7
6/19/2016,1008.516667,30.8,25.2,29.3375,81,86,73,W,13,W,33,5.9,0.0,7
6/20/2016,1007.670833,31.2,25.4,29.40833333,79,88,74,W,12,W,34,1.3,0.5,7
6/21/2016,1008.125,31.3,25.4,29.14583333,81,87,67,W,10,W,30,5.3,2.8,7
6/22/2016,1009.858333,31.5,26.4,29.125,81,86,75,W,9,W,24,0.05,2.4,7
6/23/2016,1009.904167,32.4,28.2,29.60416667,80,87,74,W,9,W,23,0.05,4.1,7
6/24/2016,1009.229167,32.2,28.3,29.72083333,80,85,74,W,9,W,18,2.2,4.7,6
6/25/2016,1010.041667,32.2,28.4,29.85,77,84,71,WNW,10,WNW,18,0.0,5.2,7
6/26/2016,1009.795833,32.2,27.1,29.82916667,79,92,72,W,8,W,16,1.2,9.5,6
6/27/2016,1008.7125,32.6,26.9,29.6,81,93,75,WSW,9,WSW,22,0.05,6.7,6
6/28/2016,1009.4,32.2,26.4,29.59583333,79,85,66,WSW,8,WSW,16,2.9,4.2,7
6/29/2016,1009.825,31.8,26.3,29.4,81,89,75,WSW,7,WSW,15,0.05,5.6,6
6/30/2016,1009.508333,32.4,24.4,28.79583333,86,96,73,W,8,WSW,24,18.0,7.7,7
7/1/2016,1009.1625,31.4,23.5,27.87916667,88,98,83,W,8,WSW,40,3.0,0.0,7
7/2/2016,1009.520833,31.1,25.0,28.66666667,82,94,69,W,7,W,36,0.05,3.6,7
7/3/2016,1009.85,31.9,24.9,27.825,86,99,75,W,9,W,37,15.8,5.5,6
7/4/2016,1009.875,31.8,28.0,29.4125,81,87,76,W,8,W,20,0.0,8.0,6
7/5/2016,1009.854167,32.3,27.9,29.81666667,77,83,72,W,10,W,20,0.05,10.2,3
7/6/2016,1009.625,32.3,28.6,29.67083333,79,86,70,W,9,W,18,0.0,10.2,4
7/7/2016,1010.154167,32.2,27.6,29.76666667,79,87,73,W,9,W,23,0.0,10.7,4
7/8/2016,1010.225,32.0,26.7,29.4,81,88,74,W,10,W,24,2.3,7.5,6
7/9/2016,1010.4625,30.8,26.5,29.2125,79,88,72,W,12,W,26,0.3,1.5,7
7/10/2016,1010.008333,32.2,28.0,29.69583333,76,85,69,W,12,W,23,0.0,9.4,4
7/11/2016,1009.841667,31.9,28.3,29.72083333,77,83,70,W,11,W,23,0.0,8.6,5
7/12/2016,1010.15,33.2,26.2,29.54166667,77,85,69,W,12,W,29,0.05,7.7,6
7/13/2016,1009.570833,30.5,27.0,29.01666667,78,82,72,W,13,W,27,0.0,0.3,7
7/14/2016,1008.529167,31.5,23.2,28.7125,80,100,71,W,13,W,32,58.3,5.2,6
7/15/2016,1009.466667,29.8,23.9,26.77083333,87,100,78,WNW,13,W,30,34.1,0.0,7
7/16/2016,1010.495833,29.9,23.1,26.575,90,100,81,WNW,8,WNW,33,46.6,0.9,7
7/17/2016,1011.7875,30.7,24.4,27.87916667,82,92,67,W,6,NW,22,7.2,1.8,7
7/18/2016,1012.133333,31.4,24.3,27.64166667,85,96,79,WNW,6,W,25,7.3,0.8,6
7/19/2016,1011.5625,31.7,27.2,28.9875,77,87,70,NW,8,WNW,17,0.0,10.7,3
7/20/2016,1010.929167,31.1,28.4,29.0125,77,85,70,NW,9,NW,19,0.0,9.5,7
7/21/2016,1010.5125,31.4,27.2,28.99583333,77,83,72,WNW,11,WNW,23,0.0,8.0,7
7/22/2016,1010.133333,31.0,27.4,28.975,76,82,69,WNW,10,WNW,21,0.0,9.9,5
7/23/2016,1009.216667,31.2,27.5,29.125,76,82,68,W,9,WSW,20,0.05,9.3,6
7/24/2016,1008.829167,31.7,27.7,28.95416667,79,85,72,W,9,WSW,21,0.0,1.7,7
7/25/2016,1008.6875,31.1,25.0,28.72916667,79,89,72,W,9,W,30,1.2,0.0,7
7/26/2016,1008.333333,31.3,23.6,28.55416667,80,94,71,W,10,NW,27,11.0,3.9,7
7/27/2016,1009.3125,29.6,23.2,26.99166667,88,97,79,NW,12,NNW,30,33.4,0.0,7
7/28/2016,1009.658333,31.5,26.6,28.925,78,85,70,NW,9,NW,18,2.0,7.1,7
7/29/2016,1009.929167,31.7,26.2,28.84166667,77,83,72,NW,8,WNW,18,0.05,7.4,6
7/30/2016,1010.579167,31.6,25.1,28.77083333,78,86,69,W,5,WNW,16,0.4,9.7,6
7/31/2016,1011.645833,31.4,24.5,28.58333333,77,87,71,W,5,WNW,17,0.05,10.1,6
8/1/2016,1011.1625,31.2,27.0,28.7625,79,87,72,W,7,W,16,0.0,10.5,4
8/2/2016,1009.575,31.5,27.2,29.06666667,77,82,69,W,8,W,17,0.0,10.2,6
8/3/2016,1008.9375,31.6,24.4,28.86666667,80,92,71,W,7,WSW,28,4.6,7.4,6
8/4/2016,1009.691667,31.5,27.3,28.92541667,81,88,75,W,8,W,15,0.0,8.7,6
8/5/2016,1010.275,32.2,27.6,29.16666667,82,88,73,WNW,9,WNW,17,0.0,10.2,6
8/6/2016,1010.55,31.7,27.7,29.42083333,81,86,73,W,9,W,17,0.05,11.3,2
8/7/2016,1011.275,31.6,24.2,29.2625,80,88,72,WNW,8,WNW,18,2.9,10.9,3
8/8/2016,1011.779167,31.3,25.1,28.48333333,83,92,74,W,8,WNW,24,0.2,7.9,4
8/9/2016,1011.679167,31.4,27.4,29.24583333,79,88,72,W,8,W,18,0.05,11.0,3
8/10/2016,1011.916667,32.4,27.9,29.34166667,77,84,71,W,8,W,18,0.05,10.9,2
8/11/2016,1012.566667,32.0,24.4,29.26666667,77,89,68,W,8,W,22,1.5,10.9,3
8/12/2016,1012.508333,31.2,24.2,28.49166667,81,91,71,WNW,8,NNW,26,1.6,9.4,3
8/13/2016,1011.808333,31.6,26.6,29.17083333,77,85,67,WNW,9,W,19,2.5,10.8,2
8/14/2016,1011.570833,31.2,25.5,28.775,78,85,71,W,9,NW,23,3.0,7.0,4
8/15/2016,1011.391667,31.8,25.7,29.1125,79,86,72,W,9,W,23,0.05,10.1,3
8/16/2016,1010.545833,32.0,27.4,29.30833333,77,85,71,W,11,W,19,0.05,10.0,6
8/17/2016,1009.579167,31.7,27.6,29.25,75,85,70,W,10,W,19,0.0,9.5,6
8/18/2016,1009.533333,31.7,26.4,29.29583333,77,86,69,WNW,8,W,19,0.4,11.1,4
8/19/2016,1009.804167,31.0,23.8,27.47083333,85,96,73,WNW,10,NW,28,33.7,8.4,6
8/20/2016,1009.633333,29.6,23.6,26.77083333,87,96,77,WNW,12,NW,31,16.9,3.0,7
8/21/2016,1010.1125,30.7,23.6,27.34583333,87,98,75,WNW,13,WNW,30,69.5,3.7,7
8/22/2016,1010.683333,30.2,24.5,28.0,84,93,77,WNW,10,W,24,6.9,2.9,7
8/23/2016,1010.9125,30.0,23.6,26.74583333,87,94,82,W,9,W,26,12.7,0.0,7
8/24/2016,1010.483333,29.9,23.2,26.7,89,100,81,WNW,9,WNW,32,51.7,1.2,7
8/25/2016,1010.779167,30.0,25.6,27.79166667,82,93,75,WNW,11,WNW,24,0.05,7.0,6
8/26/2016,1010.804167,29.8,23.3,26.87916667,87,96,77,WNW,9,WNW,28,28.4,3.8,7
8/27/2016,1011.141667,27.7,24.1,26.34583333,90,100,83,W,11,W,29,6.4,0.0,7
8/28/2016,1010.729167,30.2,24.0,27.78333333,83,93,75,WNW,11,WNW,29,15.6,5.5,7
8/29/2016,1009.816667,31.4,26.0,28.50833333,81,90,74,WNW,12,NW,30,0.4,5.0,7
8/30/2016,1009.183333,30.8,23.1,27.84583333,83,100,73,WNW,14,WNW,33,41.3,6.5,7
8/31/2016,1010.329167,30.1,23.3,26.70416667,88,100,82,WNW,11,WNW,34,30.2,0.0,7
9/1/2016,1011.3,30.4,24.8,28.2,82,87,74,W,11,W,23,2.7,0.3,7
9/2/2016,1011.6,29.9,24.0,27.9,82,92,76,W,11,W,30,3.2,0.3,7
9/3/2016,1011.7,31.2,25.4,28.2,82,88,74,WNW,10,W,27,1.4,2.9,7
9/4/2016,1013.0,31.1,25.9,28.2,81,87,77,WNW,9,WNW,17,0.05,0.5,7
9/5/2016,1013.5,31.1,26.6,28.6,79,86,71,NW,6,NNW,16,0.05,9.2,7
9/6/2016,1013.6,30.6,26.4,28.4,79,87,71,WNW,8,NW,15,0.0,6.5,6
9/7/2016,1012.3,31.0,25.5,28.2,76,83,65,NW,5,WNW,14,0.0,9.8,6
9/8/2016,1012.1,30.5,26.5,28.3,74,83,67,WNW,7,NW,14,0.0,10.8,6
9/9/2016,1012.3,31.5,26.9,28.7,76,81,69,NW,7,NW,15,0.05,10.3,4
9/10/2016,1012.0,31.7,26.0,28.7,78,84,69,NW,9,WNW,17,1.6,10.1,4
9/11/2016,1010.9,31.2,26.3,28.7,80,87,72,WNW,9,WNW,17,0.05,10.2,3
9/12/2016,1010.5,31.1,24.8,28.7,80,87,71,WNW,9,WNW,18,1.8,10.7,4
9/13/2016,1010.9,30.6,24.6,28.4,82,93,74,WNW,10,WNW,25,1.6,9.2,5
9/14/2016,1010.7,31.0,26.8,28.8,79,84,72,WNW,11,WNW,21,0.05,9.7,5
9/15/2016,1010.6,31.5,26.6,28.9,80,88,71,WNW,8,WNW,16,0.05,10.6,4
9/16/2016,1010.7,32.2,23.9,28.2,82,98,73,WNW,8,W,24,6.9,9.6,5
9/17/2016,1011.3,29.3,23.1,25.8,92,100,80,W,8,W,28,93.1,0.9,8
9/18/2016,1012.4,27.3,22.7,26.4,86,93,78,WNW,9,W,28,0.9,0.0,8
9/19/2016,1011.9,31.4,24.3,28.4,82,92,71,NW,8,NW,20,3.5,9.5,6
9/20/2016,1011.4,30.9,25.8,28.5,81,94,72,NW,8,WNW,16,1.9,10.3,4
9/21/2016,1011.8,31.1,26.9,28.7,80,87,73,NW,8,NW,17,0.05,10.7,5
9/22/2016,1011.7,31.8,26.0,28.7,79,84,69,NW,8,NW,16,0.05,10.5,6
9/23/2016,1010.3,31.4,26.7,28.7,80,86,72,WNW,9,WNW,20,0.05,10.4,3
9/24/2016,1009.3,31.2,26.8,28.8,78,85,71,NW,10,NW,19,0.05,10.4,3
9/25/2016,1010.0,31.1,26.6,28.8,79,86,71,WNW,11,WNW,19,0.0,10.0,4
9/26/2016,1010.9,31.1,26.8,28.9,80,85,73,WNW,10,WNW,19,0.05,10.7,3
9/27/2016,1011.2,31.6,26.3,28.9,80,90,71,NW,9,WNW,18,1.3,10.6,3
9/28/2016,1010.5,31.1,25.9,28.8,80,86,72,WNW,10,WNW,24,0.05,11.0,5
9/29/2016,1010.2,30.9,25.0,28.5,81,89,73,WNW,10,WNW,28,0.5,7.1,6
9/30/2016,1009.7,31.0,26.1,28.7,78,84,70,WNW,10,WNW,19,0.05,8.8,7
10/1/2016,1010.116667,31.3,26.0,28.34583333,79,87,70,WNW,5,WNW,16,2.4,9.5,4
10/2/2016,1010.829167,31.4,25.0,28.325,78,87,69,NW,4,NW,10,0.0,7.0,5
10/3/2016,1010.8625,31.1,26.3,28.63333333,76,84,68,WNW,4,WNW,8,0.0,11.1,3
10/4/2016,1011.441667,31.4,26.7,28.82916667,79,88,72,WNW,5,WNW,13,0.0,11.1,2
10/5/2016,1011.2875,31.4,26.5,28.80833333,77,84,69,WNW,7,WNW,15,0.0,10.6,2
10/6/2016,1011.6625,31.8,26.1,28.7625,74,81,65,NW,6,NW,14,0.0,11.1,2
10/7/2016,1011.979167,31.1,26.5,28.75833333,73,81,66,WNW,5,W,12,0.0,11.2,2
10/8/2016,1012.404167,31.6,26.5,28.725,74,82,63,W,7,WSW,16,0.0,10.1,4
10/9/2016,1012.708333,31.6,26.4,28.95833333,77,84,68,W,6,W,14,0.05,11.1,3
10/10/2016,1011.904167,31.9,26.6,29.12916667,75,83,69,W,6,W,13,0.0,11.3,2
10/11/2016,1011.4375,31.8,24.4,28.6875,79,93,69,W,8,W,27,18.0,9.7,3
10/12/2016,1010.666667,31.4,25.3,28.15833333,82,96,73,WNW,7,W,22,1.3,5.8,5
10/13/2016,1010.670833,31.3,26.9,28.95833333,75,83,69,W,7,W,14,0.0,10.8,3
10/14/2016,1010.270833,31.7,23.8,29.0375,77,85,69,WNW,7,WNW,16,18.7,11.1,2
10/15/2016,1010.583333,31.4,24.4,27.72083333,85,98,72,W,6,W,24,10.4,7.8,6
10/16/2016,1010.441667,31.2,23.9,28.02916667,84,98,73,WNW,7,N,17,7.4,8.3,6
10/17/2016,1010.554167,31.2,25.2,28.49583333,83,90,76,WNW,8,W,19,1.6,5.8,6
10/18/2016,1009.975,32.1,26.2,28.6875,81,92,73,WNW,6,WNW,14,0.05,7.9,6
10/19/2016,1009.583333,31.5,26.8,28.87916667,77,85,70,WNW,8,WNW,16,0.0,9.2,4
10/20/2016,1009.420833,31.1,26.5,28.56666667,73,79,67,NW,7,NW,17,0.0,8.7,6
10/21/2016,1010.476667,31.5,23.6,28.73333333,75,88,65,W,5,W,13,0.0,9.7,6
10/22/2016,1011.479167,31.7,26.0,28.29166667,77,93,66,SW,3,SSW,12,0.0,10.4,7
10/23/2016,1011.783333,32.1,24.1,27.7125,80,90,65,S,5,S,18,0.0,6.4,6
10/24/2016,1011.304167,31.6,25.3,28.15,78,86,68,W,4,SW,15,1.5,9.1,5
10/25/2016,1010.354167,31.7,24.3,27.8625,80,95,71,WNW,3,WNW,14,4.6,8.9,4
10/26/2016,1010.354167,31.4,24.5,28.3125,74,92,63,WNW,3,W,9,0.0,11.2,2
10/27/2016,1011.15,32.0,24.2,27.99166667,78,90,66,W,3,WNW,14,0.0,10.0,4
10/28/2016,1011.208333,31.6,26.6,28.91666667,74,89,65,WSW,5,W,14,0.05,11.0,2
10/29/2016,1010.691667,31.9,24.4,28.1125,81,90,70,WSW,5,W,18,8.1,8.4,3
10/30/2016,1011.091667,31.6,24.5,28.1875,83,96,76,W,6,W,23,4.0,7.2,6
10/31/2016,1012.25,31.6,23.9,28.05833333,82,95,68,WNW,7,WSW,22,11.0,5.9,7
11/1/2016,1011.804167,30.5,23.4,27.19166667,85,98,75,W,6,SW,19,26.4,1.0,7
11/2/2016,1010.808333,31.1,25.9,28.19166667,83,96,74,NW,4,NW,15,0.0,5.3,6
11/3/2016,1011.066667,31.8,26.1,28.80416667,81,90,67,SW,3,SSW,8,0.0,9.6,5
11/4/2016,1010.720833,31.4,26.5,28.89583333,82,90,72,W,4,SW,12,0.0,10.3,3
11/5/2016,1010.266667,32.1,26.0,28.80833333,81,89,73,W,5,W,15,0.05,7.3,6
11/6/2016,1011.8875,31.6,26.5,28.84583333,75,88,71,W,8,WSW,19,0.05,3.8,6
11/7/2016,1011.7125,31.6,22.6,28.33333333,73,95,65,NW,5,NW,14,0.0,11.1,2
11/8/2016,1011.9875,31.4,22.0,26.95833333,75,93,58,VRB,2,NW,8,0.0,10.8,1
11/9/2016,1012.3125,32.0,23.4,27.39166667,74,93,60,VRB,2,W,6,0.0,10.8,1
11/10/2016,1011.2375,31.8,25.1,28.27916667,77,88,66,VRB,2,ENE,14,2.2,7.0,3
11/11/2016,1010.8,31.7,23.8,28.62916667,78,91,70,E,5,E,19,16.0,7.5,4
11/12/2016,1011.408333,31.8,26.2,28.68333333,78,87,70,ENE,5,E,13,0.05,5.7,4
11/13/2016,1012.054167,31.6,24.1,28.15416667,81,92,71,NE,4,ENE,12,0.0,9.0,2
11/14/2016,1012.0375,31.1,24.1,28.18333333,81,94,69,N,4,E,16,6.2,8.1,5
11/15/2016,1011.083333,31.1,23.6,27.94583333,82,97,72,ENE,3,ESE,15,4.3,9.8,5
11/16/2016,1010.416667,31.6,24.6,28.625,78,93,69,ENE,4,ENE,12,0.0,11.1,3
11/17/2016,1010.383333,32.1,24.1,26.75416667,89,99,73,VRB,1,E,12,11.7,3.5,6
11/18/2016,1009.6875,31.2,23.9,27.76666667,85,99,74,NNW,3,N,12,11.2,6.5,6
11/19/2016,1009.441667,31.5,25.9,28.17916667,83,96,71,WSW,3,SSW,11,0.05,2.7,7
11/20/2016,1010.070833,29.8,23.5,26.62083333,89,98,83,SSE,3,WSW,14,3.8,0.3,7
11/21/2016,1010.145833,31.5,23.1,27.12083333,86,99,72,WNW,3,NW,16,25.6,7.2,6
11/22/2016,1010.141667,31.2,23.1,27.40833333,85,99,71,W,3,E,24,33.5,4.5,6
11/23/2016,1009.875,31.6,22.6,27.25833333,84,100,69,WSW,3,N,17,56.0,3.6,7
11/24/2016,1009.875,31.6,24.7,26.85833333,86,100,77,ESE,3,SE,11,0.3,0.2,5
11/25/2016,1009.904167,31.4,24.0,27.88333333,84,97,72,WSW,3,S,15,6.0,5.0,6
11/26/2016,1011.191667,29.4,23.5,26.77083333,86,98,79,SSE,4,W,19,33.8,1.4,7
11/27/2016,1010.845833,31.4,26.6,28.49583333,82,92,73,VRB,2,E,7,0.0,4.2,6
11/28/2016,1011.4375,31.6,23.1,27.90416667,82,97,65,SSE,2,SSE,10,0.0,11.0,2
11/29/2016,1012.391667,31.9,23.5,27.15416667,84,99,70,N,3,NE,11,0.0,9.0,4
11/30/2016,1012.383333,31.6,23.6,28.14166667,77,92,63,NW,3,NW,9,0.0,5.9,3
12/1/2016,1011.345833,31.5,27.2,28.80416667,74,83,65,WNW,4,WNW,13,0.0,8.3,6
12/2/2016,1011.095833,31.6,25.6,28.89166667,79,93,72,WNW,5,WSW,12,2.8,3.6,6
12/3/2016,1011.891667,31.7,24.7,28.52083333,77,93,68,WSW,4,WSW,9,0.0,8.6,4
12/4/2016,1012.5875,31.3,26.4,28.60416667,74,81,67,SSE,5,SSE,11,0.0,9.9,2
12/5/2016,1011.9375,31.7,23.5,27.80416667,80,92,69,SSE,3,SSE,9,0.05,9.1,2
12/6/2016,1011.091667,31.5,26.4,28.37083333,78,90,70,W,3,W,8,0.0,10.0,2
12/7/2016,1011.554167,31.2,23.6,28.075,79,90,73,WSW,4,N,17,1.7,0.7,6
12/8/2016,1012.058333,30.4,25.4,27.49583333,83,94,71,W,5,W,14,0.05,3.7,6
12/9/2016,1011.170833,31.4,25.7,28.7,77,83,70,WNW,4,WSW,12,0.0,7.1,6
12/10/2016,1010.508333,31.1,26.1,28.625,73,87,70,NW,7,NW,20,0.7,7.8,5
12/11/2016,1010.016667,31.9,26.7,28.84583333,72,80,67,NW,7,WNW,15,0.05,9.2,3
12/12/2016,1010.1625,31.2,26.6,28.67916667,70,75,63,NW,8,NW,18,0.0,8.4,4
12/13/2016,1009.479167,31.1,25.9,28.54166667,66,76,51,WNW,10,WNW,22,0.0,10.1,4
12/14/2016,1010.304167,31.6,25.4,28.70416667,69,78,58,W,6,W,19,0.0,11.1,1
12/15/2016,1011.183333,31.7,25.3,28.34583333,72,81,65,W,3,S,9,0.0,10.8,1
12/16/2016,1012.6625,31.3,21.4,27.37083333,76,91,62,SE,3,SSE,10,0.0,11.1,1
12/17/2016,1012.854167,31.2,21.6,26.76666667,81,98,67,VRB,2,ESE,7,0.0,10.4,1
12/18/2016,1012.679167,31.0,21.7,27.63333333,79,97,67,N,3,ENE,8,0.0,10.6,1
12/19/2016,1011.808333,31.1,24.5,28.08333333,80,92,69,NNE,4,N,15,0.05,9.3,3
12/20/2016,1010.8875,31.1,24.2,27.9375,86,99,76,ENE,3,NE,18,8.7,2.5,7
12/21/2016,1012.3125,31.5,26.6,28.80833333,79,85,72,E,5,E,17,0.05,7.0,5
12/22/2016,1012.704167,31.8,23.6,28.025,82,95,70,E,3,E,9,0.0,9.9,3
12/23/2016,1011.4,31.2,23.1,28.00833333,77,93,67,N,4,N,13,0.0,10.6,2
12/24/2016,1010.166667,31.2,20.7,26.8125,75,94,63,N,3,N,11,0.0,11.0,2
12/25/2016,1011.125,30.6,24.1,27.0625,76,95,64,N,3,NNW,10,4.1,10.8,1
12/26/2016,1011.354167,29.9,23.6,27.37916667,78,93,71,N,5,NNE,14,3.4,0.9,5
12/27/2016,1010.3,32.1,26.5,28.4125,73,81,63,NNW,5,N,12,0.0,10.2,2
12/28/2016,1009.8875,31.3,24.9,27.86666667,84,96,73,N,4,N,14,0.05,4.3,6
12/29/2016,1010.445833,30.0,25.3,27.8375,86,98,80,E,4,ENE,15,2.4,0.0,7
12/30/2016,1011.6125,30.4,24.4,27.81666667,82,92,74,NE,4,NE,10,0.0,2.1,6
12/31/2016,1011.533333,31.1,24.0,27.67083333,77,90,62,NNE,4,NE,14,0.0,7.9,5
1/1/2017,1012.3,31.6,20.6,27.21666667,71,90,53,N,3,N,9,0.0,9.9,5
1/2/2017,1013.0,31.4,23.4,27.2125,74,88,59,N,4,N,10,0.0,10.5,2
1/3/2017,1012.8,30.6,21.1,26.72083333,76,94,63,N,3,N,12,0.0,10.7,2
1/4/2017,1012.3,30.6,22.4,26.625,74,95,59,N,3,N,12,0.0,11.1,2
1/5/2017,1011.4,30.7,23.5,27.45833333,77,92,65,NNW,3,NW,9,0.0,10.1,1
1/6/2017,1011.4,31.1,23.4,27.77916667,76,89,67,NNW,4,NNW,10,0.0,8.5,2
1/7/2017,1009.9,31.2,24.1,27.97083333,74,88,65,N,4,N,10,0.0,9.7,2
1/8/2017,1009.4,31.2,23.8,27.9875,72,85,60,N,3,NNW,10,0.05,9.7,2
1/9/2017,1010.3,31.4,21.6,27.19166667,75,92,61,N,3,NE,8,0.0,10.0,1
1/10/2017,1011.5,30.8,23.5,27.325,77,96,64,NNW,2,NNW,8,0.0,8.5,3
1/11/2017,1011.4,31.1,22.4,27.375,74,89,62,N,4,N,15,0.0,9.8,2
1/12/2017,1010.7,31.3,20.2,26.54583333,68,90,54,N,3,N,8,0.0,11.0,2
1/13/2017,1010.3,31.7,23.4,26.9375,68,80,56,E,3,E,10,0.0,11.0,2
1/14/2017,1011.2,31.5,26.1,28.2375,71,80,61,E,5,E,17,0.05,8.8,4
1/15/2017,1012.5,30.9,25.6,28.17916667,73,78,68,ENE,6,ENE,15,0.0,8.7,2
1/16/2017,1012.7,31.2,22.4,27.72916667,76,87,66,ENE,4,ENE,13,0.05,9.3,2
1/17/2017,1012.3,31.4,24.5,27.39166667,76,94,64,NNE,3,ENE,11,0.05,10.3,2
1/18/2017,1012.4,31.2,26.0,28.275,72,81,61,ENE,5,E,14,0.05,8.7,3
1/19/2017,1012.6,31.6,24.0,28.18333333,67,79,61,ENE,7,E,17,0.0,9.7,1
1/20/2017,1012.3,31.1,21.7,27.37916667,71,89,57,NNE,4,NNE,12,0.0,10.5,1
1/21/2017,1012.9,31.3,23.4,27.7625,75,98,64,N,4,N,15,16.5,9.5,3
1/22/2017,1013.6,30.8,23.0,26.57916667,89,100,74,E,3,E,17,71.8,3.0,6
1/23/2017,1012.9,31.1,25.3,28.25416667,81,92,73,E,5,E,14,0.05,8.2,4
1/24/2017,1012.3,31.2,22.8,27.51666667,80,93,68,N,3,ESE,10,0.0,10.5,1
1/25/2017,1012.0,31.6,25.6,28.24583333,77,95,67,NE,5,NNE,15,0.0,10.1,4
1/26/2017,1012.2,31.9,24.9,28.37916667,79,87,68,ENE,5,ENE,14,0.0,0.1,6
1/27/2017,1011.6,31.3,25.6,28.37916667,81,92,73,N,4,N,12,0.0,6.9,5
1/28/2017,1011.3,30.0,24.6,27.59583333,85,100,77,ENE,4,NE,14,14.4,0.0,5
1/29/2017,1011.7,31.2,26.0,28.3125,81,90,71,E,5,E,15,0.05,9.7,3
1/30/2017,1011.8,30.6,26.0,28.19583333,81,88,76,E,6,E,20,0.0,4.9,5
1/31/2017,1011.8,32.2,25.7,28.225,79,87,72,E,6,ENE,17,0.0,10.1,4
2/1/2017,1012.6,31.2,25.2,28.03333333,77,86,68,E,6,ENE,14,0.0,11.0,2
2/2/2017,1013.6,30.4,25.1,27.96666667,75,83,67,E,5,ENE,12,0.0,10.7,2
2/3/2017,1012.8,30.6,22.7,27.07916667,76,93,61,NNE,4,ENE,12,0.0,10.9,1
2/4/2017,1012.1,30.9,25.6,27.9,74,88,62,SSE,5,SSE,13,0.0,9.6,2
2/5/2017,1012.5,30.8,25.2,27.95833333,73,80,64,ESE,4,E,14,0.0,9.1,2
2/6/2017,1012.8,31.2,25.2,27.7625,73,79,65,ESE,4,E,12,0.0,10.7,1
2/7/2017,1012.3,30.9,25.1,27.82916667,75,83,68,E,3,SE,13,0.0,10.8,1
2/8/2017,1012.8,30.7,24.9,27.62083333,75,88,64,SE,2,SE,10,0.0,10.1,1
2/9/2017,1011.8,30.6,22.8,27.475,80,93,70,E,2,E,8,0.0,9.7,2
2/10/2017,1011.2,31.4,24.3,27.53333333,82,96,71,VRB,2,E,7,0.05,6.8,4
2/11/2017,1011.6,31.2,25.7,28.40416667,76,86,67,ENE,4,ENE,13,0.0,10.2,2
2/12/2017,1012.5,31.6,26.0,28.375,74,82,66,E,5,E,15,0.0,9.7,2
2/13/2017,1013.1,31.4,26.1,28.41666667,67,74,63,E,9,ENE,19,0.0,10.8,2
2/14/2017,1014.0,31.2,24.4,28.39166667,77,94,71,ENE,7,ENE,18,0.0,10.9,1
2/15/2017,1013.7,31.0,23.0,27.72083333,83,100,72,ENE,4,NE,25,7.4,6.9,3
2/16/2017,1011.6,31.2,26.1,28.40833333,79,93,68,E,5,E,14,0.0,10.6,2
2/17/2017,1011.5,31.4,21.1,28.10833333,72,88,60,ENE,7,ENE,18,0.0,9.5,3
2/18/2017,1013.3,31.8,23.5,27.44166667,69,92,54,NE,4,NE,13,0.0,9.6,4
2/19/2017,1013.0,31.1,24.5,27.8625,73,85,62,NNW,3,NNW,9,0.0,8.3,6
2/20/2017,1012.1,31.3,25.8,28.14583333,75,88,66,NW,4,NW,12,0.0,6.2,5
2/21/2017,1011.1,31.1,24.6,28.14166667,78,87,67,NNW,4,NNW,10,0.0,9.7,4
2/22/2017,1011.1,31.1,23.0,28.1125,79,96,69,NNW,4,NW,13,0.0,10.4,2
2/23/2017,1011.7,31.5,23.1,27.95833333,81,97,64,NW,2,NW,9,0.0,10.2,1
2/24/2017,1012.2,31.1,22.0,27.49583333,82,95,69,NNW,3,NNW,11,0.0,10.7,2
2/25/2017,1011.8,31.2,22.6,27.25416667,79,97,65,N,2,N,10,0.0,10.0,5
2/26/2017,1010.3,31.4,24.5,27.64583333,78,95,65,NNE,3,N,10,0.0,9.8,3
2/27/2017,1010.1,32.2,24.9,27.94583333,82,93,66,NE,3,NE,14,4.8,7.1,5
2/28/2017,1010.3,32.0,23.6,27.6375,83,97,69,N,4,NNE,19,5.8,6.4,6
3/1/2017,1010.3,30.0,23.5,27.10416667,84,97,74,VRB,1,N,12,0.8,0.2,7
3/2/2017,1008.3,31.1,24.0,27.99166667,81,97,72,N,4,ENE,24,4.8,2.8,7
3/3/2017,1007.4,31.0,24.3,28.17916667,81,92,72,E,6,ENE,17,8.9,4.5,7
3/4/2017,1007.8,30.5,21.6,26.47595833,91,100,76,E,6,W,32,76.0,1.8,7
3/5/2017,1008.1,30.2,25.0,27.4875,85,98,77,W,3,WNW,10,0.0,9.2,5
3/6/2017,1008.3,31.4,25.6,28.80833333,82,90,74,W,3,W,11,0.0,10.7,3
3/7/2017,1008.3,31.7,25.0,28.50833333,83,95,69,VRB,1,WNW,8,0.0,9.2,3
3/8/2017,1008.0,31.6,24.4,28.45416667,84,96,73,NNW,2,NNW,9,0.0,9.8,3
3/9/2017,1008.1,31.9,24.4,28.7125,82,97,73,E,3,E,9,0.0,10.0,3
3/10/2017,1009.3,32.0,22.9,28.1125,85,96,73,VRB,2,ESE,22,65.6,9.2,3
3/11/2017,1011.1,30.9,25.0,28.1125,78,95,70,N,5,NE,23,0.0,3.9,6
3/12/2017,1011.1,31.8,24.6,28.4125,76,93,65,N,4,NNW,13,0.0,11.1,2
3/13/2017,1011.1,31.5,25.8,28.7625,76,89,69,NNW,5,NNW,14,0.0,10.6,3
3/14/2017,1010.2,31.4,24.4,27.85833333,85,98,76,N,4,NE,23,32.9,2.5,6
3/15/2017,1011.3,31.0,24.4,27.2,86,95,79,SSW,7,ESE,24,7.2,0.5,7
3/16/2017,1011.0,31.0,26.6,28.18333333,80,97,70,E,3,SSE,9,0.0,7.0,5
3/17/2017,1011.5,31.8,23.7,28.05833333,82,97,71,ESE,2,ENE,9,0.0,8.9,3
3/18/2017,1012.4,31.5,25.1,28.61666667,81,98,74,NNW,2,NW,9,0.0,9.8,2
3/19/2017,1012.7,31.6,26.7,29.02916667,78,92,71,NNW,3,NNW,10,0.0,10.7,2
3/20/2017,1012.0,32.5,24.3,28.75,78,89,69,NNW,3,NW,8,0.0,10.6,1
3/21/2017,1012.0,31.6,25.3,28.70833333,77,93,68,N,3,N,12,0.0,10.4,2
3/22/2017,1011.2,31.8,24.7,28.87916667,78,91,67,N,3,N,12,0.0,10.4,2
3/23/2017,1011.0,32.5,25.4,29.14166667,76,94,66,E,2,ENE,6,0.0,10.0,1
3/24/2017,1011.0,32.4,24.0,28.8125,76,92,64,VRB,1,SE,7,0.0,10.1,1
3/25/2017,1011.4,32.1,24.5,28.84166667,80,93,68,W,2,W,10,0.0,8.7,1
3/26/2017,1011.5,32.1,27.7,29.6375,78,96,70,NW,5,NNW,13,0.0,10.3,2
3/27/2017,1012.0,32.6,27.2,29.65,78,86,70,NW,5,NW,14,0.0,8.0,5
3/28/2017,1012.0,32.6,24.5,29.025,79,94,66,NW,2,NW,11,0.0,10.6,2
3/29/2017,1011.8,32.4,23.6,28.40416667,80,96,64,VRB,1,NW,6,0.0,10.8,1
3/30/2017,1011.4,32.3,26.9,29.50416667,76,96,66,NNW,3,NW,10,0.0,10.7,1
3/31/2017,1012.1,32.7,27.6,29.64166667,80,85,72,NNW,4,NNW,10,0.0,6.0,4
4/1/2017,1011.8,32.1,27.4,29.52083333,80,86,67,NW,4,N,14,0.0,9.5,5
4/2/2017,1011.3,33.1,27.5,29.9625,80,88,71,W,4,NNW,12,0.0,9.6,3
4/3/2017,1011.2,33.0,27.2,30.05,79,87,68,WNW,3,WNW,9,0.0,10.2,2
4/4/2017,1011.7,32.9,27.2,30.025,76,85,68,WNW,4,NW,11,0.0,10.2,2
4/5/2017,1011.1,32.7,27.5,29.8625,76,83,68,NW,5,WNW,12,0.0,9.9,2
4/6/2017,1010.5,32.8,27.8,29.97083333,74,80,67,W,5,W,12,0.0,10.5,1
4/7/2017,1010.0,32.7,27.8,30.07083333,74,83,65,WNW,5,NW,13,0.0,10.3,2
4/8/2017,1009.7,33.2,27.8,30.1,78,85,68,NW,4,W,11,0.0,9.3,2
4/9/2017,1009.8,33.2,27.7,30.0875,78,83,70,NW,5,NW,12,0.0,5.2,5
4/10/2017,1009.4,33.0,27.1,30.09166667,77,85,68,WNW,5,WNW,13,0.0,7.0,6
4/11/2017,1009.3,32.5,27.6,29.91666667,78,86,72,WNW,4,WNW,11,0.0,6.8,4
4/12/2017,1009.6,33.0,28.0,30.22083333,78,86,69,WNW,6,WNW,13,0.0,9.7,2
4/13/2017,1010.1,33.6,28.1,30.33333333,79,85,71,WNW,7,WNW,14,0.0,9.2,2
4/14/2017,1009.7,33.1,28.0,30.44583333,79,86,72,WNW,7,W,15,0.0,5.6,6
4/15/2017,1008.6,33.4,28.0,30.42916667,79,86,71,WNW,6,NW,14,0.0,9.8,2
4/16/2017,1009.6,33.4,28.1,30.46666667,79,86,72,WNW,6,W,13,0.0,10.0,2
4/17/2017,1010.2,33.8,28.3,30.35416667,79,85,71,NW,5,NW,13,0.0,10.2,3
4/18/2017,1010.1,32.8,28.0,30.2,77,84,70,WNW,6,WNW,14,0.0,10.3,2
4/19/2017,1010.2,33.1,28.0,30.29583333,75,81,68,W,5,WNW,13,0.0,10.2,2
4/20/2017,1010.3,33.2,27.4,30.35416667,76,85,68,W,3,W,9,0.0,10.0,2
4/21/2017,1010.6,33.7,27.3,30.39583333,77,88,69,WSW,4,W,11,0.0,9.5,2
4/22/2017,1010.5,33.2,27.9,30.19166667,80,88,70,W,5,W,13,0.0,7.8,2
4/23/2017,1010.5,33.6,26.7,30.225,79,89,69,W,5,WNW,19,0.0,10.3,3
4/24/2017,1010.8,33.2,28.0,30.40416667,77,88,68,WNW,5,W,13,0.0,9.3,3
4/25/2017,1010.9,32.9,27.4,29.41666667,78,85,73,WNW,5,SW,13,0.0,0.0,5
4/26/2017,1011.0,33.6,27.5,30.425,72,81,62,WNW,5,WNW,12,0.0,10.4,2
4/27/2017,1011.3,33.1,27.2,30.17083333,71,78,62,WNW,4,NW,12,0.0,10.5,2
4/28/2017,1010.8,33.1,27.6,30.15416667,72,80,60,WNW,4,WNW,11,0.0,10.6,1
4/29/2017,1010.8,32.7,27.8,30.3375,73,82,66,NW,5,NW,13,0.0,10.8,1
4/30/2017,1009.8,32.9,25.5,30.15416667,74,87,66,NW,4,NNW,12,0.0,10.5,1
5/1/2017,1010.6,33.3,26.6,30.04583333,76,93,66,W,2,NW,7,0.0,10.4,3
5/2/2017,1011.2,33.6,26.6,30.2625,76,90,64,W,3,WNW,9,0.0,10.6,2
5/3/2017,1010.9,33.6,25.1,29.94583333,79,95,66,W,3,NNW,17,7.1,9.1,6
5/4/2017,1010.8,32.6,25.5,29.54583333,80,94,71,N,4,NNW,17,5.9,5.0,6
5/5/2017,1010.8,33.7,25.5,30.14166667,78,94,66,N,3,N,10,0.0,10.4,4
5/6/2017,1011.4,33.6,26.1,30.09166667,77,94,65,ESE,2,ESE,10,0.0,10.8,2
5/7/2017,1011.6,32.4,23.0,27.34583333,87,97,68,SSW,3,E,28,16.7,3.1,6
5/8/2017,1010.9,32.1,27.0,29.225,79,96,71,WSW,4,WSW,11,0.0,10.6,5
5/9/2017,1010.2,32.7,25.7,29.9375,78,92,69,WNW,4,W,11,0.0,10.8,3
5/10/2017,1009.8,33.2,28.0,30.44583333,77,88,69,W,4,W,15,0.0,11.0,2
5/11/2017,1009.5,33.6,27.8,30.4375,78,85,68,W,5,W,15,0.05,10.1,6
5/12/2017,1009.1,32.2,27.6,29.51666667,83,89,76,W,3,W,13,0.0,0.5,6
5/13/2017,1008.9,33.4,25.6,30.1875,79,89,68,SW,3,SW,13,1.9,8.5,4
5/14/2017,1009.4,33.1,25.8,29.5,82,95,71,SW,7,SW,21,1.8,8.8,6
5/15/2017,1008.8,32.6,27.4,29.92083333,78,86,69,W,6,WSW,17,0.0,9.2,5
5/16/2017,1008.4,33.4,26.5,30.27083333,79,90,70,W,6,WSW,20,1.9,10.1,5
5/17/2017,1008.7,32.8,24.9,29.25416667,83,95,75,W,8,SW,26,19.9,5.0,5
5/18/2017,1010.6,31.4,25.1,28.94583333,80,97,72,WSW,9,WSW,23,5.1,5.3,6
5/19/2017,1010.8,32.9,22.4,28.8375,84,96,69,W,8,WSW,27,117.5,7.6,7
5/20/2017,1010.0,31.6,23.5,26.69166667,90,100,80,W,9,WSW,26,8.9,0.0,7
5/21/2017,1008.6,29.6,22.0,27.625,85,100,78,W,8,N,30,40.0,0.6,7
5/22/2017,1008.9,31.0,23.9,28.30833333,81,93,69,W,7,W,20,3.0,1.1,6
5/23/2017,1009.0,30.2,24.1,28.39166667,85,98,78,W,7,N,19,2.8,0.6,5
5/24/2017,1008.7,32.6,27.2,29.85833333,83,91,74,W,7,W,17,0.0,9.7,4
5/25/2017,1009.0,31.6,25.6,29.32083333,84,89,76,W,8,WSW,20,2.1,9.6,5
5/26/2017,1009.0,31.1,24.9,28.2625,87,94,82,WSW,8,WNW,22,17.1,1.4,7
5/27/2017,1009.5,28.7,23.5,26.975,90,97,84,WSW,8,NNW,20,14.4,0.0,7
5/28/2017,1009.8,29.6,25.0,27.84583333,86,98,81,WSW,10,W,32,8.5,0.3,7
5/29/2017,1009.8,31.1,24.0,28.07083333,86,96,78,WSW,10,W,32,10.8,1.3,7
5/30/2017,1009.1,31.0,23.5,28.64166667,84,97,75,WSW,12,SW,35,45.0,2.7,7
5/31/2017,1009.2,30.0,21.0,25.4875,97,100,85,W,10,WNW,37,189.0,0.0,8
6/1/2017,1007.9,30.0,23.0,27.60416667,89,100,77,WSW,11,W,49,68.5,0.9,7
6/2/2017,1008.8,29.8,23.0,27.6875,87,97,80,SW,12,W,39,19.4,0.8,7
6/3/2017,1010.2,29.4,24.3,27.30416667,88,95,81,WSW,7,WSW,24,13.0,0.4,7
6/4/2017,1010.6,29.2,22.6,26.725,90,100,82,W,6,WNW,25,51.9,0.0,7
6/5/2017,1010.6,28.4,24.5,26.8,89,98,85,W,5,WSW,22,2.4,0.2,7
6/6/2017,1011.0,29.9,24.4,26.74583333,92,100,83,NW,5,WSW,17,6.9,0.8,7
6/7/2017,1011.1,31.1,26.5,28.82083333,83,95,76,WSW,5,WSW,14,0.0,5.4,7
6/8/2017,1010.3,31.9,26.6,29.1625,80,87,71,W,5,W,12,0.0,10.3,4
6/9/2017,1010.1,32.1,26.0,29.27083333,79,86,72,W,7,W,21,2.0,10.1,4
6/10/2017,1010.0,31.2,25.9,28.79583333,83,88,78,WSW,7,WNW,23,4.7,1.0,7
6/11/2017,1009.5,31.7,27.1,29.04583333,80,88,72,WSW,8,WSW,16,0.0,8.0,6
6/12/2017,1008.9,31.4,26.9,29.1625,81,87,75,WSW,7,WSW,14,0.0,5.3,7
6/13/2017,1008.9,30.8,24.4,28.64166667,84,89,80,SW,8,W,24,3.6,2.4,6
6/14/2017,1010.0,31.7,25.9,28.97916667,84,92,76,SW,5,WSW,13,0.05,9.4,5
6/15/2017,1010.0,31.9,27.0,29.52916667,82,89,75,W,6,W,14,0.0,10.4,4
6/16/2017,1009.9,31.7,27.0,29.35416667,83,88,75,W,5,W,13,0.0,4.7,6
6/17/2017,1009.5,32.9,26.7,29.60833333,81,90,71,W,5,W,19,1.6,9.7,5
6/18/2017,1009.3,32.6,26.6,29.75,80,88,71,W,6,W,14,0.4,9.6,5
6/19/2017,1009.3,32.6,26.0,29.56666667,79,88,69,W,5,W,14,0.05,8.2,5
6/20/2017,1009.5,32.5,27.3,29.7375,80,88,71,W,6,W,13,0.0,8.3,5
6/21/2017,1010.1,32.4,25.5,29.67083333,80,88,70,W,5,WSW,14,1.2,9.5,4
6/22/2017,1010.7,32.0,24.4,29.04958333,83,97,73,WSW,5,W,19,4.2,7.3,6
6/23/2017,1010.7,30.2,22.8,27.88333333,84,96,80,W,7,NW,30,15.8,0.0,7
6/24/2017,1009.1,30.6,24.5,28.62083333,84,91,80,W,6,NW,21,7.4,0.0,7
6/25/2017,1008.4,29.8,23.0,27.55833333,85,100,75,WSW,9,WSW,31,22.2,0.4,7
6/26/2017,1009.5,31.0,23.5,29.18333333,81,86,77,SW,11,W,30,12.5,3.6,7
6/27/2017,1010.2,31.4,26.5,28.7,82,92,77,WSW,10,W,30,0.05,2.8,7
6/28/2017,1009.9,31.6,27.4,29.42916667,80,86,75,WSW,7,WSW,17,0.0,7.7,5
6/29/2017,1009.4,32.2,26.8,29.60833333,79,86,71,W,7,WSW,14,0.0,10.4,2
6/30/2017,1008.9,32.6,24.4,29.26666667,80,97,73,W,9,W,28,8.4,9.3,2
7/1/2017,1009.5,31.0,23.6,27.62083333,83,96,72,W,10,WNW,34,1.9,0.4,7
7/2/2017,1009.8,31.0,23.8,28.59166667,80,88,72,W,8,W,24,1.9,1.9,7
7/3/2017,1010.5,32.4,27.1,29.72916667,79,85,73,WNW,8,W,14,0.05,10.7,3
7/4/2017,1010.9,32.3,27.1,29.675,78,85,71,WNW,8,WNW,16,0.0,10.5,4
7/5/2017,1011.4,32.7,26.9,29.6875,78,85,70,WNW,8,WNW,19,0.0,10.1,4
7/6/2017,1010.9,32.2,25.1,28.99583333,81,91,72,W,8,WNW,25,7.2,8.8,5
7/7/2017,1011.1,31.5,24.8,28.3,80,91,71,W,10,WNW,32,1.8,7.9,6
7/8/2017,1011.0,30.9,22.9,26.81666667,86,100,75,WNW,8,NW,29,35.1,0.0,7
7/9/2017,1011.0,31.6,23.5,27.62916667,81,96,71,W,9,WNW,23,4.6,3.7,7
7/10/2017,1011.7,31.2,25.0,28.25416667,80,89,71,W,7,W,24,0.5,9.4,4
7/11/2017,1011.4,31.9,26.7,29.25833333,79,89,70,WNW,8,W,17,0.05,10.9,4
7/12/2017,1010.9,31.9,26.6,29.4625,79,89,70,WNW,7,NW,14,0.0,10.6,4
7/13/2017,1010.9,31.8,26.9,29.30833333,79,85,71,WNW,7,WNW,15,0.05,9.8,6
7/14/2017,1011.1,32.4,26.8,29.53333333,79,85,72,W,6,W,13,0.0,9.0,4
7/15/2017,1011.0,31.8,26.7,29.19583333,81,88,73,W,4,W,13,0.0,6.1,5
7/16/2017,1010.0,32.9,27.0,29.00416667,80,86,74,W,5,W,11,0.0,4.0,6
7/17/2017,1009.7,31.9,26.6,29.30416667,79,88,70,W,5,WSW,12,0.0,7.0,7
7/18/2017,1009.6,31.4,26.1,29.35833333,83,90,75,WSW,8,WSW,26,4.6,6.2,6
7/19/2017,1009.1,32.2,26.7,29.39166667,80,85,70,SW,7,SW,15,0.0,9.2,6
7/20/2017,1008.7,32.1,23.0,28.37916667,83,100,71,W,8,W,50,14.5,7.6,4
7/21/2017,1009.9,32.0,24.4,28.88333333,82,90,74,WNW,7,W,32,4.2,6.7,5
7/22/2017,1009.9,32.2,25.0,29.325,82,96,72,W,4,W,10,0.05,9.7,3
7/23/2017,1010.1,32.8,26.6,29.28333333,83,93,72,WNW,3,N,14,1.3,8.7,5
7/24/2017,1009.7,32.5,25.4,29.575,80,90,71,NW,6,WNW,17,0.0,10.9,3
7/25/2017,1009.1,32.6,27.1,29.7625,79,86,67,NW,6,NW,14,0.0,10.7,3
7/26/2017,1009.7,32.3,25.6,29.6,80,91,67,WNW,5,W,19,1.7,10.3,4
7/27/2017,1010.6,32.5,24.0,29.69583333,81,88,74,W,5,NNW,23,4.8,9.7,4
7/28/2017,1011.6,31.6,22.9,27.24166667,85,100,75,W,9,WNW,37,68.3,1.8,6
7/29/2017,1011.2,32.1,26.6,29.425,81,87,75,NW,6,WNW,15,0.0,9.2,5
7/30/2017,1010.6,32.5,26.0,29.35,81,86,73,WNW,7,WNW,22,0.05,7.3,5
7/31/2017,1010.9,32.1,26.0,29.57916667,79,86,71,WNW,8,WNW,22,0.05,5.1,6
8/1/2017,1011.4,30.8,27.0,29.2,82,86,75,WNW,7,WNW,16,0.05,0.3,6
8/2/2017,1011.9,32.2,26.8,29.8875,77,83,71,W,6,W,15,0.0,10.7,4
8/3/2017,1010.8,33.6,25.8,29.55416667,78,90,68,W,11,W,24,1.1,10.0,5
8/4/2017,1009.0,32.0,27.5,29.9,76,81,72,W,12,WNW,23,0.05,10.1,4
8/5/2017,1008.6,32.0,27.1,29.875,75,81,68,W,12,W,23,0.0,10.0,6
8/6/2017,1008.1,32.1,25.4,29.6625,77,82,68,WNW,11,WNW,22,1.4,5.8,7
8/7/2017,1008.8,31.7,26.1,29.43333333,79,89,67,WNW,11,W,25,0.05,6.2,7
8/8/2017,1009.2,32.2,27.4,29.80416667,75,83,67,WNW,11,WNW,23,0.0,9.4,5
8/9/2017,1009.5,31.6,24.5,29.0625,79,92,70,WNW,12,WNW,32,3.4,4.2,7
8/10/2017,1010.8,29.5,21.4,25.66666667,90,100,81,W,11,NNW,31,95.9,0.3,7
8/11/2017,1010.9,29.9,24.5,27.7,80,89,73,WNW,10,WNW,23,0.7,1.6,7
8/12/2017,1011.1,31.7,26.7,29.025,78,85,72,NW,5,NW,15,0.0,5.8,6
8/13/2017,1011.3,31.3,26.8,28.94583333,78,82,71,NW,4,NW,12,0.0,8.1,6
8/14/2017,1011.7,31.9,26.8,29.1,76,85,69,NW,4,NW,10,0.0,9.5,4
8/15/2017,1011.0,32.0,24.6,28.94583333,77,91,68,WNW,3,NW,11,0.05,10.6,3
8/16/2017,1010.0,32.0,24.5,28.92625,78,93,68,W,6,W,19,4.2,10.4,6
8/17/2017,1008.6,30.8,23.5,28.0125,85,98,77,W,5,W,20,25.1,4.5,7
8/18/2017,1008.7,28.8,23.4,26.87083333,90,100,85,W,8,W,27,32.2,0.0,7
8/19/2017,1008.9,31.4,26.4,28.9875,79,86,73,W,9,W,29,3.6,7.3,5
8/20/2017,1008.4,32.2,25.6,28.8125,81,88,74,W,9,W,26,2.5,1.2,5
8/21/2017,1007.8,31.6,23.7,28.19583333,83,97,68,W,8,WNW,35,13.9,6.3,7
8/22/2017,1008.4,30.5,24.2,27.59583333,84,90,72,W,5,W,26,2.5,1.9,6
8/23/2017,1009.1,31.6,25.1,28.6625,81,98,69,NW,5,NW,20,2.3,10.0,6
8/24/2017,1009.3,32.0,26.6,29.375,79,86,73,NW,7,NW,15,0.05,10.3,4
8/25/2017,1008.6,32.0,26.4,29.28333333,78,85,69,WNW,6,WNW,15,0.0,8.5,6
8/26/2017,1007.9,32.2,26.6,29.16666667,79,85,72,W,7,WNW,14,0.5,9.2,4
8/27/2017,1007.6,32.0,25.4,29.05,80,88,72,W,8,W,19,4.3,9.1,5
8/28/2017,1007.5,29.5,24.8,27.675,85,93,80,W,8,W,22,15.1,0.0,7
8/29/2017,1008.1,29.5,23.4,27.2375,87,94,80,W,7,WNW,29,21.0,0.0,7
8/30/2017,1009.5,30.8,23.5,27.75416667,84,96,72,WNW,9,NW,29,9.7,5.0,6
8/31/2017,1010.1,31.0,25.0,28.45,80,91,71,NW,7,NW,23,3.0,6.7,6
9/1/2017,1010.0,31.8,26.7,29.0,80,89,73,NW,8,NW,18,0.0,5.5,6
9/2/2017,1010.4,30.5,23.5,27.4125,85,97,76,NW,9,W,22,12.6,1.9,7
9/3/2017,1010.2,30.6,26.4,28.34583333,81,92,71,NW,6,NW,19,0.0,4.4,6
9/4/2017,1010.5,31.8,26.5,29.22083333,81,87,73,NW,6,WNW,14,0.0,8.5,6
9/5/2017,1010.8,30.2,22.1,26.3375,88,99,81,NW,10,WSW,33,30.1,0.0,7
9/6/2017,1009.3,30.3,22.1,28.15,80,93,71,NW,10,NW,23,52.3,7.6,6
9/7/2017,1008.9,30.4,22.6,26.29166667,87,100,80,WNW,13,SW,33,14.5,0.0,7
9/8/2017,1008.7,29.7,23.4,26.6625,86,96,78,W,10,W,28,16.9,2.9,7
9/9/2017,1008.0,29.5,23.9,27.35833333,86,97,78,W,10,W,27,11.1,0.0,7
9/10/2017,1006.9,30.9,24.9,28.075,86,94,76,W,7,W,18,4.9,5.6,5
9/11/2017,1007.7,30.9,24.6,28.06666667,86,98,76,W,5,WNW,21,13.0,10.3,5
9/12/2017,1008.4,31.6,23.0,27.47916667,87,96,80,W,9,W,24,4.3,5.6,6
9/13/2017,1009.6,30.1,23.3,26.27083333,90,99,83,WSW,12,WSW,33,65.2,0.0,7
9/14/2017,1010.2,30.4,25.1,28.12916667,83,93,77,WSW,8,SW,17,0.3,4.8,6
9/15/2017,1009.9,30.8,25.5,28.40416667,84,90,75,WSW,7,WSW,18,1.8,9.8,4
9/16/2017,1010.6,30.7,24.0,28.1625,84,93,76,WSW,8,WSW,21,4.9,10.6,5
9/17/2017,1012.5,31.5,25.9,28.15833333,85,92,77,WSW,7,W,21,0.0,5.6,6
9/18/2017,1012.7,31.5,26.6,28.6,82,88,76,W,5,W,13,0.0,9.3,4
9/19/2017,1012.0,31.2,26.4,28.73333333,82,88,74,W,7,W,16,0.0,10.1,4
9/20/2017,1011.1,31.9,24.5,28.55833333,80,88,72,W,8,WSW,17,0.3,10.2,6
9/21/2017,1010.3,31.4,25.9,28.72083333,79,87,68,W,8,W,23,0.05,10.0,2
9/22/2017,1010.4,31.6,26.3,28.875,80,87,71,NW,5,NW,13,0.0,9.2,2
9/23/2017,1011.1,31.8,26.6,28.84583333,79,88,69,WNW,5,WNW,13,0.0,9.8,4
9/24/2017,1011.1,31.6,26.4,29.02083333,79,86,71,WNW,6,NW,14,0.05,10.4,2
9/25/2017,1009.8,31.4,26.7,28.91666667,80,85,73,W,8,WNW,15,0.0,7.6,6
9/26/2017,1009.5,31.9,26.0,29.1,79,89,71,W,6,W,16,0.0,10.6,5
9/27/2017,1010.1,31.9,26.5,29.12083333,78,85,69,W,7,W,22,0.05,10.4,3
9/28/2017,1010.3,31.4,26.4,29.08333333,75,82,68,W,8,W,17,0.0,10.9,2
9/29/2017,1009.8,31.7,25.5,28.85833333,80,90,70,W,7,W,20,2.7,9.7,4
9/30/2017,1010.5,31.4,26.3,28.84583333,82,87,73,W,7,WSW,21,0.05,10.4,2
10/1/2017,1010.4,31.8,26.0,29.24166667,80,87,70,W,7,W,15,0.0,10.8,4
10/2/2017,1009.1,31.8,25.8,29.175,79,87,70,W,7,W,19,0.6,10.2,4
10/3/2017,1009.2,31.9,25.1,29.2,77,85,65,W,8,W,17,0.05,10.9,2
10/4/2017,1009.2,31.4,25.2,29.04583333,80,95,73,W,10,W,23,0.05,10.0,5
10/5/2017,1008.2,31.3,26.7,29.01666667,80,87,74,W,10,W,21,1.6,7.4,7
10/6/2017,1008.3,31.6,24.4,28.49583333,81,90,70,W,12,WNW,30,4.0,5.7,6
10/7/2017,1008.3,31.4,25.4,28.7375,82,93,74,W,9,WNW,24,0.9,8.9,5
10/8/2017,1008.0,32.1,24.3,29.0625,80,91,72,W,9,W,24,5.0,9.9,4
10/9/2017,1007.3,31.6,23.9,28.95416667,80,87,72,W,6,WNW,17,0.05,9.4,4
10/10/2017,1006.4,32.1,25.5,29.3,80,90,69,W,6,WSW,15,2.8,10.9,3
10/11/2017,1007.3,31.3,23.8,27.95833333,86,97,78,WSW,9,SSW,20,15.5,2.3,7
10/12/2017,1007.8,31.5,24.6,28.58333333,83,93,74,WSW,8,WSW,26,6.2,6.3,6
10/13/2017,1007.6,30.7,26.0,28.60833333,84,95,75,WSW,9,WSW,21,4.3,2.8,7
10/14/2017,1008.6,30.3,25.8,28.66666667,82,88,77,WSW,11,WSW,22,0.05,0.0,7
10/15/2017,1010.0,31.5,26.6,29.19583333,81,86,72,W,10,WSW,19,0.05,8.9,4
10/16/2017,1010.1,31.8,25.9,29.05416667,79,85,71,W,9,W,23,0.5,8.5,5
10/17/2017,1009.2,32.0,26.0,29.00416667,81,95,71,W,9,WNW,18,2.9,7.0,6
10/18/2017,1008.7,31.5,24.2,29.00416667,81,90,73,W,8,W,21,2.0,8.9,6
10/19/2017,1008.8,31.6,24.5,28.61666667,84,95,75,W,8,W,23,5.5,8.2,5
10/20/2017,1009.6,30.9,23.9,27.7125,87,96,76,SW,9,W,28,23.6,2.1,7
10/21/2017,1010.9,28.2,23.6,26.9125,88,97,84,WSW,8,WSW,28,13.7,0.0,7
10/22/2017,1011.2,31.4,25.1,28.75833333,82,88,73,W,5,W,12,0.0,9.6,3
10/23/2017,1011.3,31.5,24.0,28.11666667,82,96,71,NW,2,NW,7,0.0,10.2,2
10/24/2017,1012.0,31.4,23.2,27.69166667,81,96,69,NNW,3,NW,9,0.0,10.8,2
10/25/2017,1012.2,31.2,22.4,27.03333333,78,93,65,VRB,2,NNW,9,0.0,11.1,1
10/26/2017,1012.2,31.0,24.0,27.81666667,78,92,64,SSE,2,S,8,0.0,10.9,1
10/27/2017,1011.2,31.6,22.9,28.00416667,80,92,69,VRB,2,ESE,7,0.0,11.0,1
10/28/2017,1011.1,31.4,25.9,28.55416667,77,93,67,NNW,3,NNW,8,0.0,11.0,1
10/29/2017,1011.3,32.2,24.0,28.19583333,83,97,67,NW,2,NNE,14,36.9,5.2,5
10/30/2017,1010.5,30.4,26.2,27.85,84,97,74,W,3,SW,14,0.0,8.0,3
10/31/2017,1009.7,31.9,24.5,28.19583333,82,95,64,VRB,2,NW,9,0.0,8.9,5
11/1/2017,1009.8,32.4,25.4,28.825,81,90,69,WNW,4,W,15,5.4,7.4,5
11/2/2017,1009.3,31.6,26.5,28.70416667,81,87,75,NNW,4,NW,12,0.05,2.4,5
11/3/2017,1007.7,31.8,26.0,29.27083333,80,88,72,NNW,5,N,14,0.0,9.1,5
11/4/2017,1007.9,32.2,27.0,29.3375,78,89,71,NW,3,NW,9,0.0,9.2,4
11/5/2017,1008.7,32.2,23.6,28.425,81,97,68,VRB,2,NW,8,0.0,9.3,6
11/6/2017,1009.5,32.1,25.8,28.78333333,79,95,71,W,2,W,8,0.0,5.8,6
11/7/2017,1010.3,30.1,22.7,26.96666667,85,98,76,NE,3,NE,23,0.9,0.4,6
11/8/2017,1010.7,30.6,23.9,27.35833333,84,99,74,VRB,1,NE,7,0.0,3.3,7
11/9/2017,1009.8,32.2,24.1,28.0375,81,93,63,VRB,1,WSW,8,0.0,5.7,6
11/10/2017,1009.4,32.0,25.0,28.6,78,90,68,N,3,N,10,0.0,9.6,4
11/11/2017,1009.2,31.6,24.4,28.16666667,80,92,69,N,3,N,9,0.0,10.8,5
11/12/2017,1008.8,31.7,23.2,28.70416667,74,92,65,NW,3,NW,7,0.0,11.2,3
11/13/2017,1008.3,31.8,23.5,28.21666667,75,91,63,NW,2,NW,8,0.0,10.9,2
11/14/2017,1008.3,30.8,23.7,28.09166667,78,97,67,N,3,NW,15,11.5,2.2,6
11/15/2017,1008.9,31.1,24.6,28.09583333,77,97,68,NNW,4,N,13,0.0,6.1,4
11/16/2017,1009.3,30.9,23.6,28.25416667,71,88,63,NNW,4,NNW,12,0.0,7.3,6
11/17/2017,1008.7,31.9,21.8,28.12916667,70,91,60,NW,4,NW,12,0.0,9.7,2
11/18/2017,1009.4,31.1,22.4,27.58333333,75,91,61,NNW,2,NE,8,0.0,10.5,1
11/19/2017,1010.5,31.7,22.1,27.47083333,80,96,66,VRB,2,ESE,7,0.0,11.0,1
11/20/2017,1010.7,32.4,24.5,28.09583333,80,96,61,VRB,1,ENE,7,0.0,10.5,3
11/21/2017,1010.0,31.1,22.8,26.97083333,87,97,74,VRB,0,N,13,0.2,2.4,6
11/22/2017,1009.2,32.1,23.7,28.16666667,84,97,70,VRB,2,N,8,0.05,8.1,5
11/23/2017,1009.8,31.8,23.4,27.8875,85,98,74,ENE,2,NE,11,0.0,5.6,5
11/24/2017,1010.9,31.8,23.9,28.0625,81,92,69,N,3,ENE,9,0.0,10.4,5
11/25/2017,1011.3,32.1,25.9,29.22083333,78,90,67,NW,3,NW,9,0.0,6.7,6
11/26/2017,1011.6,31.5,24.0,27.25833333,85,97,75,W,4,S,19,2.9,1.9,7
11/27/2017,1010.2,31.1,25.5,28.34166667,83,92,73,WSW,4,WNW,19,3.7,2.7,7
11/28/2017,1009.6,32.0,25.6,28.53333333,82,93,72,N,4,N,13,0.0,8.8,6
11/29/2017,1009.4,30.6,24.4,27.80416667,87,98,79,WNW,5,WNW,21,16.5,0.0,7
11/30/2017,1006.5,29.6,24.5,27.84166667,85,100,76,WNW,14,NW,31,24.3,0.0,8
12/1/2017,1004.3,29.8,26.2,28.35416667,76,88,70,W,18,W,35,0.05,0.0,7
12/2/2017,1007.8,31.6,24.8,28.25,82,92,73,SSW,10,WSW,37,17.7,5.3,7
12/3/2017,1010.0,31.7,24.9,28.12916667,81,92,72,WSW,5,W,19,0.05,7.6,5
12/4/2017,1010.0,31.7,23.5,28.15833333,78,98,64,WSW,3,WSW,11,0.05,8.8,5
12/5/2017,1009.7,31.9,24.7,28.37916667,77,98,67,W,3,W,11,0.0,10.8,2
12/6/2017,1009.8,31.8,25.0,28.375,79,90,67,W,4,NW,10,0.0,10.1,3
12/7/2017,1009.9,31.1,25.6,28.175,76,84,68,N,4,NNW,11,0.0,11.0,2
12/8/2017,1010.4,31.2,25.9,28.15416667,75,84,67,NNW,4,NNW,12,0.0,9.8,1
12/9/2017,1010.8,30.6,25.6,28.10416667,75,84,66,N,4,NNW,9,0.0,11.2,1
12/10/2017,1011.7,31.2,24.6,26.99166667,86,96,69,N,2,ENE,23,0.05,5.1,4
12/11/2017,1012.6,31.4,26.9,28.70833333,76,89,70,E,3,ESE,10,0.0,9.6,2
12/12/2017,1012.8,31.8,25.2,28.76666667,76,84,71,SSE,4,SE,9,0.0,11.2,1
12/13/2017,1012.7,31.8,24.0,28.08333333,79,94,67,VRB,2,S,8,0.0,10.9,2
12/14/2017,1012.3,31.2,23.7,27.64583333,80,95,68,N,3,N,8,33.2,11.1,2
12/15/2017,1012.4,31.0,23.6,27.74166667,84,100,74,E,3,NE,24,7.0,7.2,4
12/16/2017,1012.0,31.3,27.4,29.0125,79,85,72,E,8,ENE,21,0.0,8.4,4
12/17/2017,1012.4,31.7,26.0,28.9625,77,86,71,E,7,E,18,0.0,10.2,3
12/18/2017,1013.0,31.4,25.9,28.25416667,77,86,70,NE,5,NE,14,0.0,5.6,6
12/19/2017,1012.6,30.8,26.1,28.25,69,75,66,ENE,5,ENE,14,0.0,10.5,3
12/20/2017,1012.9,31.0,24.9,28.19583333,74,87,66,ENE,5,NE,12,0.0,8.2,3
12/21/2017,1012.7,30.0,25.0,27.15416667,86,96,71,VRB,1,NE,8,0.05,2.9,5
12/22/2017,1011.4,31.1,26.8,28.22083333,80,93,73,E,5,ENE,13,0.0,4.9,4
12/23/2017,1010.1,31.0,24.6,27.62083333,80,93,69,NE,4,NE,10,0.0,8.2,2
12/24/2017,1010.2,30.9,24.5,28.22083333,76,89,69,E,4,E,11,0.0,10.3,1
12/25/2017,1010.9,31.3,24.2,27.925,78,90,67,ENE,4,E,11,0.0,9.9,2
12/26/2017,1011.1,31.1,24.2,27.55833333,80,90,66,NE,4,NE,12,0.0,8.4,3
12/27/2017,1010.5,31.2,23.8,27.37083333,81,95,69,NE,3,NE,11,0.0,10.5,2
12/28/2017,1010.1,31.2,25.6,27.95416667,76,93,67,ENE,4,ENE,11,0.0,9.5,3
12/29/2017,1011.1,31.6,25.9,28.33333333,72,79,64,ENE,5,ENE,12,0.0,9.2,4
12/30/2017,1010.9,30.9,24.7,27.39166667,73,84,59,NNE,4,NE,14,0.0,5.0,4
12/31/2017,1010.0,30.9,25.7,27.68333333,75,83,65,NE,3,ENE,8,0.05,2.5,6
1/1/2018,1009.3,30.5,24.0,27.65416667,74,86,65,N,4,NNW,12,0.0,6.2,4
1/2/2018,1009.2,30.8,22.0,27.14166667,74,93,62,N,3,N,11,0.0,10.3,1
1/3/2018,1010.6,30.9,22.4,26.95,75,95,65,N,3,N,11,0.0,11.0,2
1/4/2018,1011.1,31.0,21.8,26.35833333,76,96,61,N,2,NNW,11,0.0,11.1,2
1/5/2018,1010.1,30.3,22.4,26.0,82,96,68,N,2,N,9,0.0,10.0,1
1/6/2018,1010.4,30.8,21.4,26.95833333,76,93,61,NW,2,NNW,8,0.0,11.0,2
1/7/2018,1010.6,30.8,21.7,27.02916667,75,91,61,NW,3,NW,12,0.0,11.0,2
1/8/2018,1010.8,30.8,25.1,27.35833333,78,94,68,NNE,4,NE,13,0.05,6.5,3
1/9/2018,1012.2,31.2,23.0,27.56666667,76,94,63,ENE,5,ENE,14,0.0,9.3,2
1/10/2018,1012.7,31.4,23.5,27.1625,77,91,65,NE,3,ENE,10,0.0,8.6,4
1/11/2018,1012.4,31.3,23.6,27.16666667,82,97,68,ENE,3,ENE,24,0.4,5.3,5
1/12/2018,1011.9,31.2,25.0,27.92916667,82,96,72,E,4,ENE,20,4.1,5.1,6
1/13/2018,1011.2,31.8,25.6,28.29166667,81,92,70,E,6,E,19,0.05,8.8,7
1/14/2018,1011.4,31.6,26.3,28.59583333,76,85,67,NE,8,NNE,17,0.0,9.8,5
1/15/2018,1011.2,31.5,24.0,28.45,74,82,66,ENE,6,E,19,0.0,11.1,3
1/16/2018,1011.3,31.4,22.6,27.33333333,77,92,62,E,4,E,13,0.0,10.3,2
1/17/2018,1010.9,31.4,23.5,26.87083333,79,95,65,NNE,3,ENE,10,0.0,7.7,3
1/18/2018,1010.7,31.3,23.3,27.04583333,79,96,65,ENE,3,NE,11,0.0,8.7,3
1/19/2018,1011.1,31.4,22.7,27.62916667,80,95,68,ENE,3,S,11,0.0,7.0,4
1/20/2018,1010.9,31.0,25.4,27.77916667,78,96,67,VRB,2,ENE,11,0.05,8.2,3
1/21/2018,1009.9,31.4,25.8,28.21666667,75,85,64,E,4,NE,11,0.0,6.6,3
1/22/2018,1009.7,31.0,26.2,28.1,75,83,66,SE,4,SSE,14,0.0,7.1,5
1/23/2018,1009.6,30.8,25.4,27.92916667,77,88,69,SE,5,SSE,12,0.0,4.0,6
1/24/2018,1009.4,30.8,23.4,27.19166667,83,93,70,SE,3,ENE,11,0.5,3.9,6
1/25/2018,1009.0,31.5,24.4,27.59166667,76,91,65,NNE,5,N,14,0.0,10.8,2
1/26/2018,1009.7,31.5,22.7,26.96666667,73,86,60,N,4,N,15,0.0,10.1,3
1/27/2018,1010.4,30.6,23.0,26.73333333,77,97,62,VRB,3,S,14,3.0,10.1,4
1/28/2018,1010.4,30.5,22.6,26.8,78,92,64,VRB,2,NW,8,0.0,9.7,3
1/29/2018,1011.1,30.7,23.9,27.32083333,79,95,66,VRB,2,ENE,9,0.0,10.2,2
1/30/2018,1011.2,30.9,26.4,27.8875,78,92,68,N,3,N,9,0.0,8.5,4
1/31/2018,1011.4,31.4,24.8,28.18333333,82,90,72,NNE,4,NE,14,0.0,3.3,7
2/1/2018,1011.4,31.6,23.2,27.92916667,82,97,71,E,3,E,9,0.0,10.6,2
2/2/2018,1010.6,31.2,23.5,27.1125,83,97,70,VRB,2,E,6,0.0,7.5,1
2/3/2018,1010.6,31.4,25.6,28.10833333,78,96,69,E,4,E,10,0.0,10.5,2
2/4/2018,1011.0,31.3,25.7,28.22916667,78,86,68,E,4,E,10,0.0,10.5,2
2/5/2018,1012.3,31.9,27.0,28.68833333,78,87,66,E,5,ENE,17,0.0,9.5,5
2/6/2018,1012.1,31.4,26.2,28.7875,79,90,69,E,7,E,19,0.0,10.5,5
2/7/2018,1012.3,30.8,25.6,27.64166667,82,90,66,SSE,4,S,18,0.05,3.6,6
2/8/2018,1011.2,32.3,25.6,28.275,80,91,70,N,3,ENE,10,0.0,4.1,5
2/9/2018,1011.3,31.4,27.0,28.71666667,79,86,68,N,5,N,12,0.0,11.1,2
2/10/2018,1011.7,32.4,26.1,28.8875,77,89,68,NE,5,NE,14,0.0,9.4,2
2/11/2018,1012.3,31.8,26.2,28.82083333,78,87,68,E,4,ESE,12,0.0,10.1,2
2/12/2018,1014.0,31.9,24.6,28.40416667,76,89,67,ENE,5,ENE,12,0.0,10.5,3
2/13/2018,1014.6,32.0,25.9,28.70416667,78,92,67,N,6,N,16,0.0,10.5,2
2/14/2018,1014.2,32.1,24.6,28.38333333,79,89,67,NE,6,NE,17,0.05,10.0,4
2/15/2018,1014.2,32.1,24.9,28.49583333,78,85,68,ENE,6,NE,14,0.05,10.6,2
2/16/2018,1013.5,32.3,23.6,28.285,81,97,70,NE,5,NE,14,0.0,10.4,2
2/17/2018,1011.2,32.1,23.2,27.69166667,81,97,66,VRB,3,NE,9,0.0,10.6,3
2/18/2018,1010.4,31.8,26.0,28.2375,78,97,66,E,3,E,9,0.0,10.0,2
2/19/2018,1010.2,31.9,24.6,28.44583333,76,87,65,E,3,E,11,0.0,10.0,2
2/20/2018,1010.1,31.9,25.2,28.4625,77,90,64,NNE,3,NNW,10,0.0,10.3,2
2/21/2018,1009.5,32.3,26.4,28.5375,78,89,65,SSE,4,ENE,12,0.0,6.9,4
2/22/2018,1009.1,31.8,26.2,28.55833333,75,85,68,E,4,E,10,0.0,10.6,1
2/23/2018,1009.5,31.8,26.1,28.59166667,75,84,62,ENE,4,ENE,12,0.0,10.8,2
2/24/2018,1010.4,31.8,24.9,28.49166667,75,87,65,ENE,7,ENE,17,0.0,10.6,2
2/25/2018,1010.5,32.2,25.4,28.24583333,79,91,67,NNE,4,NE,13,0.0,10.6,2
2/26/2018,1010.4,31.7,26.4,28.7125,78,85,68,N,5,N,13,0.0,8.1,4
2/27/2018,1009.3,32.6,27.4,29.27916667,77,85,67,E,5,NE,14,0.0,9.8,4
2/28/2018,1009.6,32.0,25.4,28.96666667,80,93,69,E,6,E,15,0.05,10.0,2
3/1/2018,1009.4,32.8,24.4,28.25416667,82,96,69,NNE,5,ENE,16,0.0,8.2,2
3/2/2018,1009.1,33.4,24.1,28.8375,80,97,66,NE,4,ENE,13,0.0,10.7,2
3/3/2018,1009.9,32.8,23.8,27.99583333,82,97,65,NE,3,SW,14,16.1,9.4,6
3/4/2018,1009.2,31.6,23.8,27.64583333,84,98,71,NE,3,ENE,13,0.0,5.5,5
3/5/2018,1010.0,31.6,24.5,28.19166667,82,97,70,N,3,N,11,0.0,10.5,2
3/6/2018,1010.2,31.6,24.6,28.59583333,80,96,70,N,3,N,11,0.0,10.0,3
3/7/2018,1010.2,32.4,27.4,29.2625,78,96,69,NW,4,NW,12,0.0,9.3,2
3/8/2018,1010.2,32.2,25.8,29.08333333,79,92,68,N,4,NNW,11,0.0,9.8,3
3/9/2018,1010.0,32.1,27.6,29.42083333,78,87,69,N,5,N,12,0.0,8.9,5
3/10/2018,1009.6,32.3,25.4,29.15416667,79,91,69,N,5,N,16,0.0,9.2,6
3/11/2018,1009.9,32.6,25.5,28.875,79,94,66,N,4,N,12,0.0,9.7,5
3/12/2018,1009.8,31.9,25.5,28.99166667,79,89,65,N,4,E,15,7.5,6.7,6
3/13/2018,1009.4,31.6,24.4,27.54166667,86,93,78,ENE,7,ENE,21,8.3,0.5,7
3/14/2018,1008.8,31.4,26.0,28.0375,86,95,75,S,6,S,17,4.5,5.3,7
3/15/2018,1009.4,32.2,26.2,28.9125,84,92,75,S,6,S,16,0.05,4.3,7
3/16/2018,1009.1,32.0,24.8,28.6625,83,93,69,VRB,2,SSE,9,0.0,9.5,3
3/17/2018,1009.5,32.0,26.5,28.8125,81,97,70,NNW,2,N,8,0.0,10.5,2
3/18/2018,1010.4,33.2,25.0,29.08333333,79,97,68,NNW,3,NNW,8,2.0,10.9,3
3/19/2018,1011.5,31.9,26.4,28.65416667,81,98,71,NE,4,N,21,0.05,9.8,2
3/20/2018,1011.2,32.4,24.4,29.38333333,78,89,71,E,3,E,8,0.0,9.9,2
3/21/2018,1011.5,32.1,24.4,28.60416667,81,95,68,VRB,1,WNW,7,0.0,10.8,1
3/22/2018,1010.3,32.4,27.6,29.34583333,78,95,68,NW,3,WNW,10,0.0,10.6,2
3/23/2018,1009.9,31.9,27.5,29.58333333,74,84,65,NNW,6,NNW,15,0.0,10.2,2
3/24/2018,1010.3,32.4,25.6,29.30416667,76,84,69,N,5,N,13,0.0,10.2,2
3/25/2018,1011.3,31.9,24.8,28.375,80,92,69,VRB,3,NNW,8,0.0,8.2,3
3/26/2018,1011.5,32.8,25.3,29.32083333,75,94,63,E,3,ENE,10,0.05,10.4,2
3/27/2018,1011.2,31.8,24.2,27.22083333,87,98,69,VRB,1,SSE,10,2.0,4.5,4
3/28/2018,1011.0,32.7,25.0,29.375,79,92,69,ENE,3,ENE,11,0.0,10.6,2
3/29/2018,1011.0,33.1,25.8,29.12083333,79,97,66,VRB,2,NE,9,0.0,10.7,1
3/30/2018,1010.7,32.7,28.2,30.0,76,87,64,W,4,W,9,0.0,10.3,1
3/31/2018,1009.6,33.1,28.0,30.11666667,78,86,70,NW,5,NW,13,0.05,9.9,3
4/1/2018,1009.1,32.7,25.4,29.46666667,76,88,66,NW,3,NNW,9,0.0,10.0,2
4/2/2018,1009.9,32.6,25.5,29.06666667,78,95,67,VRB,2,NW,6,0.0,10.0,1
4/3/2018,1009.3,32.6,26.6,29.40416667,78,92,69,NNW,3,N,7,0.0,8.4,2
4/4/2018,1008.0,32.8,26.6,29.89583333,75,85,66,NW,4,N,8,0.0,9.5,2
4/5/2018,1007.6,33.1,26.7,29.9875,77,85,68,NW,3,NNW,9,0.0,10.2,2
4/6/2018,1008.5,32.9,25.12083333,29.7375,77,89,67,NNW,3,NNW,8,0.0,10.2,2
4/7/2018,1008.9,33.4,25.4,29.2,80,92,65,VRB,3,NE,13,0.05,8.8,2
4/8/2018,1009.1,33.2,27.5,29.92083333,76,90,64,N,4,NE,12,0.0,9.2,2
4/9/2018,1009.3,34.1,26.8,30.1375,74,84,64,E,5,ESE,18,0.0,10.2,4
4/10/2018,1008.4,33.7,28.3,30.60833333,74,81,67,E,4,E,12,0.0,10.6,2
4/11/2018,1008.9,32.8,25.6,29.42083333,79,89,66,N,3,E,18,0.6,8.5,4
4/12/2018,1008.6,33.0,28.6,30.1875,76,89,66,NNW,3,NNW,10,0.0,8.8,5
4/13/2018,1009.3,32.2,26.3,28.9625,82,90,75,N,3,NNW,14,0.0,0.2,7
4/14/2018,1008.7,32.5,25.6,29.10833333,79,90,69,VRB,2,E,13,0.0,5.7,6
4/15/2018,1009.1,33.7,25.5,29.54166667,79,95,66,E,2,SSE,11,0.7,8.4,6
4/16/2018,1009.6,33.8,27.8,30.07916667,78,89,61,ENE,4,ENE,14,0.05,9.4,6
4/17/2018,1010.7,34.0,27.9,30.5625,76,86,66,SSE,4,SE,9,0.0,9.5,6
4/18/2018,1011.0,32.1,25.4,28.45,80,96,72,S,4,NNW,21,1.0,2.9,7
4/19/2018,1009.6,33.1,27.6,30.04166667,75,85,65,VRB,3,E,10,0.05,6.4,6
4/20/2018,1009.3,33.6,28.4,30.45416667,78,88,69,W,4,W,13,0.05,9.4,5
4/21/2018,1009.1,33.4,26.0,30.15833333,79,92,69,NNW,2,W,10,0.0,8.7,5
4/22/2018,1009.4,33.5,25.1,29.49583333,81,93,67,VRB,1,NW,8,0.0,7.1,6
4/23/2018,1009.7,33.4,28.2,30.19166667,76,94,66,WNW,3,NNW,9,0.0,10.6,4
4/24/2018,1010.0,34.1,28.6,30.8625,76,87,67,WNW,5,NW,13,0.0,10.6,4
4/25/2018,1009.1,34.1,28.8,31.14166667,76,86,64,NW,7,NW,16,0.0,10.2,3
4/26/2018,1008.3,33.2,28.5,30.575,72,81,64,NW,4,NW,13,0.0,10.4,3
4/27/2018,1009.0,33.6,28.6,30.69166667,73,80,65,NW,4,NNW,12,0.0,9.9,3
4/28/2018,1010.1,31.8,23.6,28.25833333,81,94,68,N,5,ENE,32,2.8,0.6,6
4/29/2018,1009.3,33.1,28.6,30.2875,78,85,69,NNW,4,NW,13,0.0,7.7,6
4/30/2018,1009.0,33.6,27.6,30.5125,76,85,68,NW,4,NW,10,0.0,10.3,2
5/1/2018,1009.8,33.6,28.6,30.75416667,76,85,67,WNW,4,W,10,0.0,10.2,2
5/2/2018,1009.6,34.3,28.6,31.0375,76,88,67,WNW,6,WNW,14,0.05,10.5,2
5/3/2018,1009.0,34.1,29.2,30.85833333,75,84,62,NW,5,NW,13,0.05,6.7,5
5/4/2018,1009.1,34.0,27.6,30.63333333,77,86,67,WNW,4,WNW,12,0.05,6.8,6
5/5/2018,1010.1,32.4,23.6,26.925,87,97,79,VRB,4,NE,20,10.4,0.0,6
5/6/2018,1010.7,32.4,25.4,28.54583333,80,96,69,VRB,2,S,10,0.0,10.2,6
5/7/2018,1009.8,32.8,27.0,29.875,75,88,65,W,4,WSW,12,0.05,10.9,2
5/8/2018,1009.0,32.0,27.0,29.0875,81,86,72,W,7,W,23,0.4,3.4,6
5/9/2018,1009.2,29.2,24.8,27.19583333,90,96,85,SW,4,WNW,17,4.0,0.0,6
5/10/2018,1009.9,33.0,26.8,29.40416667,80,97,70,S,4,S,10,0.05,9.2,5
5/11/2018,1009.4,32.8,25.0,29.35833333,80,94,67,SSW,6,SW,19,11.1,8.9,6
5/12/2018,1009.4,30.9,24.6,27.04166667,89,98,79,SW,7,NW,28,22.7,0.3,7
5/13/2018,1009.1,32.1,25.2,28.9125,82,94,73,WSW,7,NW,22,1.0,1.8,6
5/14/2018,1009.3,30.6,24.5,27.6375,88,97,80,W,5,WNW,20,0.4,0.2,7
5/15/2018,1007.9,31.6,26.8,28.94583333,83,97,73,W,3,NNW,12,1.2,7.3,5
5/16/2018,1007.4,31.1,24.2,26.97916667,88,96,82,NNE,4,N,24,11.9,0.0,6
5/17/2018,1007.9,31.8,27.0,28.65416667,82,97,69,SW,5,SSW,21,0.0,8.0,6
5/18/2018,1007.5,31.8,26.9,29.2,81,88,74,SSW,4,SSW,12,0.0,3.1,6
5/19/2018,1007.5,32.1,25.0,29.44166667,81,89,72,SSW,6,SW,17,0.05,8.9,5
5/20/2018,1008.3,31.8,25.4,27.8375,87,97,77,WSW,8,WSW,22,9.7,1.7,6
5/21/2018,1008.4,32.6,24.5,29.24166667,82,92,72,SW,5,SSW,18,17.6,3.6,7
5/22/2018,1008.2,32.4,26.4,28.86666667,85,99,73,W,6,WNW,15,0.05,6.8,7
5/23/2018,1008.2,32.2,23.5,28.66666667,85,100,78,WNW,9,WNW,34,54.2,6.2,7
5/24/2018,1008.6,31.6,24.5,26.59166667,90,100,81,W,13,W,38,8.3,0.1,7
5/25/2018,1006.9,29.2,23.0,28.38333333,81,90,76,NW,12,NNW,34,13.8,0.0,7
5/26/2018,1006.7,30.6,26.8,28.0,85,100,76,NW,8,NNW,31,6.8,0.0,7
5/27/2018,1006.7,30.2,25.0,28.39583333,84,96,79,W,11,W,32,9.0,0.0,7
5/28/2018,1007.9,30.1,24.5,28.0875,86,95,79,WNW,13,WNW,36,13.0,1.6,6
5/29/2018,1008.0,32.1,26.2,29.34583333,85,91,79,W,10,W,24,1.5,8.3,5
5/30/2018,1007.9,31.9,25.1,29.14583333,84,89,77,W,8,W,25,2.1,9.4,5
5/31/2018,1007.9,31.5,26.2,28.50833333,85,92,77,W,9,W,27,3.3,7.4,6
6/1/2018,1008.2,31.0,25.4,28.425,85,93,80,W,11,W,24,4.9,5.3,6
6/2/2018,1008.9,30.6,24.8,27.99166667,87,94,81,W,9,WSW,30,2.4,0.4,7
6/3/2018,1008.4,30.9,24.6,28.37083333,84,93,78,W,9,W,23,8.7,4.1,6
6/4/2018,1007.4,31.2,24.7,27.375,90,100,78,W,8,W,31,30.7,2.6,7
6/5/2018,1008.4,31.0,25.4,28.52083333,86,94,78,W,8,W,28,0.6,4.5,6
6/6/2018,1010.6,32.6,24.5,28.5625,84,91,77,W,9,W,26,8.7,8.4,7
6/7/2018,1010.7,31.0,25.1,28.38333333,85,97,81,W,9,W,28,3.7,1.0,7
6/8/2018,1009.6,30.2,24.6,28.4125,86,94,82,WSW,10,WSW,24,4.8,0.1,7
6/9/2018,1009.3,31.0,24.5,28.91666667,85,90,78,WSW,11,WNW,29,3.0,8.2,5
6/10/2018,1009.9,31.4,26.2,29.02083333,84,91,77,WSW,9,WSW,21,1.4,7.2,6
6/11/2018,1010.4,31.6,25.6,29.2125,83,87,77,W,8,WSW,24,0.05,9.6,6
6/12/2018,1010.3,31.5,25.0,28.2875,85,93,79,W,6,WSW,21,4.1,3.9,7
6/13/2018,1010.0,30.4,25.2,28.66666667,84,92,79,W,7,W,18,5.0,0.0,7
6/14/2018,1010.2,31.2,24.8,28.27083333,86,100,77,WSW,7,NW,24,16.5,2.6,7
6/15/2018,1010.9,29.2,24.0,26.76666667,89,100,84,W,7,W,27,16.7,0.2,7
6/16/2018,1011.9,30.4,24.5,27.23333333,85,94,78,W,9,W,28,9.5,2.1,7
6/17/2018,1011.3,32.6,23.9,28.80416667,83,91,76,W,6,W,19,61.3,6.3,6
6/18/2018,1010.7,31.0,25.2,28.14166667,85,100,76,SW,6,WSW,15,0.0,8.3,4
6/19/2018,1010.0,31.1,26.6,28.85,80,85,74,WSW,9,WSW,18,0.0,9.8,2
6/20/2018,1010.0,31.0,25.0,28.96666667,82,88,77,W,9,W,31,1.7,7.3,6
6/21/2018,1009.9,31.7,25.9,29.22083333,81,88,72,W,10,W,23,2.4,7.5,6
6/22/2018,1009.5,31.7,26.6,28.9875,81,93,71,W,11,W,28,0.6,8.5,6
6/23/2018,1009.6,31.6,25.6,29.08333333,82,91,72,W,7,WNW,26,0.2,10.0,6
6/24/2018,1010.5,31.6,23.9,27.90833333,84,98,74,W,6,W,24,9.8,9.8,5
6/25/2018,1009.8,30.2,24.0,28.325,82,90,78,WNW,8,W,25,5.8,0.4,7
6/26/2018,1009.1,31.0,23.0,27.85833333,85,91,75,W,8,W,32,8.7,2.4,7
6/27/2018,1008.3,30.9,24.6,28.40416667,85,92,78,WSW,8,WSW,30,1.7,5.1,6
6/28/2018,1008.0,31.8,25.7,28.925,82,91,75,W,9,WSW,23,1.8,9.0,6
6/29/2018,1007.7,31.4,26.4,29.14166667,82,89,77,WSW,8,WSW,23,0.05,9.3,5
6/30/2018,1008.8,31.2,25.0,28.5375,82,87,71,WNW,6,WNW,26,4.3,6.3,6
7/1/2018,1009.2,31.7,23.6,29.04166667,82,88,72,W,5,W,28,3.5,8.3,6
7/2/2018,1009.4,31.0,23.8,29.1875,80,86,74,W,5,W,13,0.0,9.1,6
7/3/2018,1010.1,32.4,27.1,29.12916667,82,88,74,W,4,WNW,12,0.0,8.6,6
7/4/2018,1010.8,32.3,27.1,28.46666667,84,100,74,WNW,4,WNW,20,18.5,9.6,5
7/5/2018,1010.6,32.7,26.9,27.62916667,87,99,76,WNW,7,W,33,26.9,4.8,7
7/6/2018,1010.7,32.2,25.1,27.25,86,96,77,W,9,WNW,30,13.2,5.2,7
7/7/2018,1009.6,31.5,24.8,28.57083333,79,93,73,WNW,13,W,33,4.0,4.0,7
7/8/2018,1009.3,30.9,22.9,28.9875,79,85,72,W,10,WNW,29,1.2,1.8,7
7/9/2018,1009.6,31.6,23.5,27.99583333,83,92,75,W,9,WSW,29,4.7,0.0,7
7/10/2018,1010.7,31.2,25.0,26.40833333,89,97,84,W,9,W,35,24.5,0.0,7
7/11/2018,1010.5,31.9,23.6,28.03333333,84,93,78,WSW,7,W,27,1.7,1.1,7
7/12/2018,1009.4,31.6,27.8,29.0875,82,88,76,W,8,WSW,21,0.0,7.2,6
7/13/2018,1009.1,31.5,27.1,29.15416667,78,84,72,W,8,W,18,0.0,9.9,5
7/14/2018,1008.6,32.4,23.0,27.85,86,100,77,W,6,WNW,33,35.4,5.4,6
7/15/2018,1008.7,30.8,25.2,27.87916667,82,95,74,W,11,W,34,1.0,1.8,7
7/16/2018,1009.3,31.0,23.5,27.70416667,86,100,77,W,11,NW,34,26.3,3.4,7
7/17/2018,1009.2,30.9,26.5,28.97083333,81,86,73,W,8,W,19,0.05,9.8,4
7/18/2018,1009.5,31.5,27.4,29.27083333,78,82,71,W,11,WNW,22,0.0,9.9,3
7/19/2018,1010.3,31.4,27.4,29.14166667,77,84,71,W,11,W,22,0.0,8.3,6
7/20/2018,1010.3,31.6,27.6,29.29166667,78,85,69,W,11,W,23,0.0,8.5,6
7/21/2018,1010.8,32.9,27.2,29.28333333,79,87,72,WNW,12,WNW,23,0.05,6.5,7
7/22/2018,1010.4,31.6,23.9,29.28333333,80,85,73,WNW,12,W,29,10.2,7.7,6
7/23/2018,1010.2,31.1,26.0,28.7,81,97,75,WNW,13,WNW,35,1.1,6.3,5
7/24/2018,1011.5,31.4,23.6,28.69583333,80,90,72,W,10,W,33,17.7,9.9,4
7/25/2018,1011.4,31.2,25.1,28.6125,81,90,72,W,10,W,30,3.3,9.4,5
7/26/2018,1011.5,31.1,24.6,28.7375,79,90,72,WNW,10,WNW,23,0.8,10.8,4
7/27/2018,1011.3,31.5,26.8,28.94166667,78,84,72,WNW,10,WNW,19,0.05,10.7,2
7/28/2018,1010.6,32.1,27.5,28.99583333,77,85,71,W,9,WNW,19,0.0,10.0,4
7/29/2018,1009.9,31.4,25.9,28.925,78,83,73,W,10,WNW,24,0.05,8.3,5
7/30/2018,1010.2,31.5,26.6,29.02083333,80,88,70,W,7,W,18,0.05,8.9,6
7/31/2018,1011.1,31.8,25.8,28.55833333,84,97,73,W,5,WNW,13,0.05,6.8,7
8/1/2018,1011.3,30.9,26.0,28.4,84,95,73,WSW,4,WSW,14,0.0,3.9,6
8/2/2018,1011.9,31.1,24.9,27.875,86,94,77,WSW,3,WSW,9,0.0,1.1,6
8/3/2018,1012.3,31.6,24.2,28.54583333,82,94,72,WSW,3,S,7,0.0,9.1,5
8/4/2018,1012.4,31.8,26.8,28.825,80,92,71,WNW,4,W,11,0.0,8.9,5
8/5/2018,1012.8,31.8,27.3,29.25,78,83,70,W,6,W,14,0.0,10.3,5
8/6/2018,1011.5,31.5,27.6,29.1875,79,87,71,WSW,8,WSW,18,0.0,8.0,4
8/7/2018,1009.7,31.3,25.0,29.3125,79,85,74,WSW,11,W,27,4.0,8.1,6
8/8/2018,1009.6,32.4,27.4,29.02916667,79,88,73,W,11,WSW,21,0.0,3.1,6
8/9/2018,1011.7,31.8,26.7,29.19583333,80,86,74,W,6,WSW,14,0.0,9.3,5
8/10/2018,1012.7,32.6,27.6,29.40833333,80,87,72,W,6,W,14,0.0,10.8,5
8/11/2018,1011.8,32.0,26.4,29.20416667,81,89,73,W,7,W,20,1.6,8.2,6
8/12/2018,1010.3,30.8,26.5,29.0,82,89,75,W,8,W,24,0.05,2.9,6
8/13/2018,1010.0,31.6,24.0,28.81666667,84,93,77,WSW,10,WSW,30,3.0,5.3,7
8/14/2018,1010.0,31.1,24.0,27.55833333,85,99,75,WSW,12,WSW,38,9.7,4.3,7
8/15/2018,1010.3,30.2,22.9,27.64166667,84,96,75,WSW,12,WSW,32,16.0,1.1,7
8/16/2018,1010.2,30.4,22.4,27.5875,83,100,70,WSW,12,WNW,40,67.5,1.7,7
8/17/2018,1009.6,30.2,23.4,26.75,88,100,78,W,13,WNW,40,22.1,2.4,7
8/18/2018,1009.6,30.6,24.1,28.07916667,81,86,75,W,10,W,33,0.2,0.5,7
8/19/2018,1009.8,30.4,27.0,28.525,80,86,71,W,10,W,25,0.0,2.6,7
8/20/2018,1010.6,31.2,27.2,28.8875,77,82,69,W,8,W,18,0.05,9.2,6
8/21/2018,1010.7,31.6,26.6,28.97916667,78,85,71,W,5,W,13,0.0,10.5,2
8/22/2018,1010.9,31.5,26.4,28.85833333,79,88,72,WNW,6,NW,16,0.05,10.3,4
8/23/2018,1011.1,31.6,27.0,29.11666667,78,86,71,WNW,7,WNW,15,0.0,10.7,2
8/24/2018,1010.5,31.7,26.8,29.1,77,83,69,NW,5,NW,12,0.0,10.7,4
8/25/2018,1010.1,31.2,26.6,29.02916667,78,84,72,WNW,6,WNW,15,0.0,8.3,6
8/26/2018,1009.3,30.7,24.2,28.24166667,82,92,75,WNW,6,NNW,23,6.5,3.1,7
8/27/2018,1009.6,31.0,26.7,28.825,82,87,76,WNW,7,WNW,21,0.7,4.5,6
8/28/2018,1010.2,31.9,26.9,29.17083333,81,89,72,WNW,5,WNW,13,0.05,9.7,6
8/29/2018,1011.0,31.4,26.7,28.9625,81,88,72,NW,5,NW,13,0.0,10.3,5
8/30/2018,1010.7,31.7,26.5,29.0875,78,83,72,NW,6,NW,15,0.05,8.0,4
8/31/2018,1011.2,32.1,26.4,29.37083333,75,82,68,NW,6,NW,14,0.0,10.3,4
9/1/2018,1011.6,32.0,25.6,28.94583333,77,87,68,NW,3,NW,11,0.05,9.1,5
9/2/2018,1011.6,31.6,26.4,28.9875,77,83,69,NW,4,NW,10,0.0,10.8,5
9/3/2018,1011.5,31.8,24.0,28.71666667,76,88,67,N,4,NNW,10,0.0,10.4,3
9/4/2018,1012.2,31.6,26.0,28.63333333,75,91,66,NNW,4,WNW,10,0.05,10.4,3
9/5/2018,1011.8,31.7,26.6,28.7375,75,83,67,NNW,4,NNW,12,0.05,10.6,3
9/6/2018,1011.5,31.8,26.6,29.06666667,73,81,66,W,5,WNW,13,0.0,10.4,5
9/7/2018,1011.5,32.1,26.7,28.84166667,75,80,66,WNW,5,NNW,13,0.05,10.5,3
9/8/2018,1010.5,31.9,26.5,28.96666667,76,85,63,WNW,5,W,19,0.7,10.5,2
9/9/2018,1010.9,31.9,25.4,28.79583333,78,86,69,NNW,3,NNW,10,0.05,10.7,2
9/10/2018,1012.3,31.6,25.6,28.92916667,75,82,66,N,4,NNW,12,0.0,11.0,3
9/11/2018,1012.6,32.1,26.5,28.92916667,74,84,64,N,4,N,10,0.0,9.9,2
9/12/2018,1011.1,31.6,26.5,29.0375,73,80,64,NNW,5,N,12,0.0,10.9,1
9/13/2018,1010.5,31.6,26.0,28.95416667,74,81,68,NNW,4,NNW,10,0.0,11.1,3
9/14/2018,1011.1,32.1,25.7,29.07083333,73,81,65,NW,3,NW,9,0.0,11.1,2
9/15/2018,1011.0,31.9,24.6,28.91666667,75,85,66,WNW,2,NW,8,0.0,10.6,3
9/16/2018,1010.6,31.9,27.0,28.76666667,77,88,67,W,3,W,12,0.0,5.6,6
9/17/2018,1010.2,32.4,26.5,29.34166667,75,85,62,W,5,W,11,0.05,7.4,6
9/18/2018,1010.6,32.6,27.1,29.59583333,75,83,68,W,6,W,14,0.0,8.5,5
9/19/2018,1009.8,31.6,25.6,29.175,78,92,70,WNW,7,WNW,17,2.0,6.7,6
9/20/2018,1008.8,31.7,22.4,28.38333333,81,97,70,WNW,9,NW,30,12.5,9.7,6
9/21/2018,1009.5,32.3,25.5,28.92916667,79,90,68,WNW,6,WNW,23,0.05,7.7,6
9/22/2018,1011.0,32.0,22.8,28.38291667,81,100,70,W,6,SSW,21,50.2,9.6,5
9/23/2018,1011.8,31.4,24.6,28.24583333,82,99,74,W,5,WNW,17,5.5,10.3,3
9/24/2018,1011.9,31.6,23.4,26.9125,87,100,79,W,4,SW,18,13.4,1.5,6
9/25/2018,1010.8,30.7,24.4,28.09583333,82,94,72,NW,4,NW,19,0.05,7.9,5
9/26/2018,1009.3,31.6,24.8,29.05416667,80,93,72,NW,4,NW,12,0.7,11.0,3
9/27/2018,1009.2,31.0,24.4,27.65,85,93,76,WNW,5,NNW,20,2.7,1.9,7
9/28/2018,1009.8,30.9,26.4,28.06666667,83,89,74,W,8,W,24,0.3,6.7,7
9/29/2018,1009.9,31.9,23.1,26.97083333,87,100,68,WNW,5,NW,21,18.7,4.3,7
9/30/2018,1009.4,31.6,24.6,28.72083333,82,90,73,WNW,5,WNW,18,2.7,7.4,6
10/1/2018,1009.5,30.1,23.7,27.28333333,87,97,81,W,6,SSW,22,4.6,1.7,7
10/2/2018,1009.7,31.0,24.2,27.37916667,88,98,76,W,5,WSW,15,13.1,5.8,6
10/3/2018,1009.6,31.0,23.5,27.45,86,97,76,WSW,6,SW,18,12.9,6.9,7
10/4/2018,1008.9,30.4,24.0,26.7875,89,97,78,WNW,5,WNW,16,14.7,4.3,7
10/5/2018,1008.1,30.9,24.6,27.85,85,98,75,VRB,2,W,13,0.05,7.8,6
10/6/2018,1008.0,31.0,25.6,27.7875,86,92,79,WSW,10,WSW,28,2.4,0.0,7
10/7/2018,1009.0,29.6,23.6,26.82083333,89,97,81,WSW,9,WSW,25,25.5,0.5,7
10/8/2018,1009.2,30.4,24.2,28.13333333,83,97,75,W,9,W,29,3.4,1.6,7
10/9/2018,1009.5,28.5,23.6,27.1625,88,100,83,WNW,7,WNW,22,7.7,0.0,6
10/10/2018,1009.5,31.6,27.0,29.0625,81,88,71,WNW,7,NW,15,0.05,10.4,4
10/11/2018,1010.0,31.8,26.6,28.9625,83,91,73,NW,6,WNW,14,0.0,7.1,6
10/12/2018,1010.5,31.9,26.7,29.0625,82,91,74,NW,3,NW,11,0.05,9.7,5
10/13/2018,1012.0,31.1,24.0,27.74583333,86,97,75,VRB,2,E,14,2.6,2.2,7
10/14/2018,1012.7,30.6,23.2,27.45833333,83,95,75,W,3,WSW,9,0.0,6.6,4
10/15/2018,1012.3,31.2,24.8,27.925,82,94,70,VRB,2,SSW,9,0.0,2.9,2
10/16/2018,1012.7,31.9,26.4,28.65416667,78,87,68,SSW,5,WSW,13,0.0,11.1,2
10/17/2018,1012.5,31.1,24.6,27.8,83,96,74,WSW,4,SW,17,1.1,6.7,5
10/18/2018,1011.2,31.2,23.0,27.84583333,82,97,68,VRB,1,W,8,0.0,10.7,2
10/19/2018,1011.3,31.2,24.1,27.79583333,81,97,69,VRB,1,E,7,0.0,11.4,1
10/20/2018,1012.3,31.8,24.2,28.16666667,78,92,62,VRB,2,SW,7,0.0,11.4,4
10/21/2018,1012.7,31.3,25.0,28.025,82,96,73,NW,3,NNW,13,1.5,7.4,6
10/22/2018,1012.6,32.3,26.0,28.59583333,79,85,71,WNW,6,WNW,17,1.6,10.8,5
10/23/2018,1012.1,31.4,24.8,28.08333333,83,93,73,NW,4,N,18,8.2,6.1,5
10/24/2018,1011.4,31.6,24.0,27.55,87,97,75,VRB,2,ENE,8,0.05,5.9,5
10/25/2018,1011.5,31.8,26.8,28.78333333,79,98,69,E,5,E,13,0.05,10.4,5
10/26/2018,1011.8,32.0,22.6,28.46666667,80,100,71,E,4,E,23,21.8,9.5,4
10/27/2018,1012.2,29.7,23.9,27.10416667,85,100,77,SSE,4,E,15,0.0,0.3,7
10/28/2018,1011.1,31.8,24.9,27.74583333,84,97,71,S,2,S,14,6.2,7.5,6
10/29/2018,1010.1,31.7,22.2,28.41666667,84,100,75,W,4,SW,14,48.0,9.0,5
10/30/2018,1010.0,32.1,23.6,26.50833333,89,99,75,VRB,2,SSE,12,0.4,2.5,6
10/31/2018,1009.9,31.6,26.6,28.87083333,75,93,66,WNW,3,N,9,0.0,10.5,3
11/1/2018,1009.8,31.1,26.4,28.60416667,72,78,65,N,4,N,12,0.0,7.8,6
11/2/2018,1009.5,31.5,23.6,27.65,76,92,64,VRB,2,N,7,0.0,8.4,5
11/3/2018,1010.0,31.5,23.8,27.925,75,88,64,W,3,W,7,0.0,6.2,6
11/4/2018,1010.5,31.7,23.4,28.05416667,82,98,70,SE,5,ESE,27,34.5,6.3,6
11/5/2018,1010.9,31.6,25.0,28.29166667,82,92,72,E,4,E,16,6.2,6.0,7
11/6/2018,1011.3,32.0,26.2,28.26666667,83,93,72,N,3,NNE,10,0.0,2.8,6
11/7/2018,1011.6,32.0,25.2,28.42916667,82,93,71,VRB,1,S,10,0.05,10.6,5
11/8/2018,1010.9,30.2,23.1,27.0125,87,100,78,W,3,N,19,30.8,0.9,6
11/9/2018,1010.2,31.6,24.4,28.37083333,83,97,73,W,3,W,13,3.6,5.6,6
11/10/2018,1010.7,31.3,24.3,27.86666667,85,99,76,VRB,2,SSW,13,1.3,6.0,6
11/11/2018,1012.1,31.2,22.8,27.25416667,84,99,70,VRB,2,SW,13,0.0,11.3,3
11/12/2018,1011.6,31.4,25.2,28.225,78,98,68,NW,2,WNW,7,0.0,11.1,3
11/13/2018,1010.1,32.0,26.4,29.10833333,75,86,65,WNW,5,W,15,0.0,11.0,2
11/14/2018,1009.7,32.4,26.4,29.6125,74,81,66,NW,5,W,14,0.0,10.4,2
11/15/2018,1010.1,32.4,25.7,29.2875,75,86,66,NNW,3,WNW,12,0.0,10.6,2
11/16/2018,1010.2,32.6,27.2,29.5375,74,82,65,WNW,5,NW,12,0.0,8.7,4
11/17/2018,1010.1,32.0,24.5,28.77916667,79,96,68,WSW,5,SW,20,2.8,9.7,5
11/18/2018,1010.8,31.8,26.8,29.0125,77,90,71,S,5,SSW,11,0.0,10.4,4
11/19/2018,1011.8,32.2,26.1,29.11666667,77,84,69,SE,4,SSE,14,0.0,10.9,2
11/20/2018,1012.4,32.5,24.6,28.59166667,79,93,66,SE,2,E,9,0.0,10.4,5
11/21/2018,1011.7,32.0,27.2,29.26666667,76,85,69,NW,4,N,11,0.0,11.2,2
11/22/2018,1011.0,32.2,25.0,29.0,78,92,68,NNW,3,NW,9,0.0,11.2,1
11/23/2018,1012.4,32.3,25.0,29.15,78,91,70,SSE,5,SE,17,5.7,11.0,3
11/24/2018,1014.0,30.9,27.4,28.25,83,90,77,E,5,SSE,21,0.05,4.4,6
11/25/2018,1013.0,31.6,25.0,28.23333333,82,97,72,VRB,2,N,11,0.8,7.6,4
11/26/2018,1011.1,32.0,25.2,28.67083333,82,99,71,NW,2,ESE,10,0.05,11.1,3
11/27/2018,1010.9,32.2,27.4,29.37916667,77,84,69,E,5,E,14,0.0,8.8,3
11/28/2018,1011.3,32.1,23.4,29.20416667,77,92,70,E,6,E,15,12.9,9.5,3
11/29/2018,1012.3,29.9,23.9,27.175,88,98,79,E,4,ENE,22,14.7,0.0,7
11/30/2018,1012.3,30.6,26.4,28.27916667,81,87,74,E,5,E,14,0.0,1.6,5
12/1/2018,1009.8,31.4,27.1,29.17916667,78,83,72,E,9,E,20,0.05,10.7,2
12/2/2018,1008.9,31.6,26.8,29.07916667,78,85,71,E,6,E,15,0.0,10.8,2
12/3/2018,1009.7,31.6,25.0,28.84583333,76,86,69,E,4,E,12,0.0,9.9,3
12/4/2018,1010.5,31.8,25.6,28.66666667,79,88,67,E,3,E,9,0.0,10.5,3
12/5/2018,1010.8,29.9,23.9,26.55,89,98,77,NE,3,NE,18,6.8,0.3,6
12/6/2018,1009.8,31.1,24.5,27.675,86,96,72,ENE,3,N,14,0.05,4.3,6
12/7/2018,1010.3,31.0,23.2,27.11666667,89,99,75,VRB,1,S,20,23.0,4.8,4
12/8/2018,1010.8,31.0,23.5,27.23333333,89,99,77,VRB,1,N,7,0.0,6.1,5
12/9/2018,1011.0,31.6,24.0,27.83333333,83,98,72,VRB,2,NE,7,0.0,7.6,6
12/10/2018,1011.2,31.4,23.6,27.65,83,94,71,NNE,2,N,6,0.0,5.3,6
12/11/2018,1011.9,31.9,25.0,28.6,79,96,72,N,3,N,10,2.4,8.0,4
12/12/2018,1012.9,31.6,24.9,28.55416667,78,89,69,N,4,N,14,0.05,6.4,5
12/13/2018,1012.9,31.2,25.1,28.48333333,71,85,61,NNW,5,NNW,13,0.0,9.5,4
12/14/2018,1012.4,31.0,22.2,27.24166667,74,92,58,NNW,2,NNW,8,0.0,11.2,3
12/15/2018,1011.9,31.0,21.5,27.15833333,72,95,59,VRB,2,N,9,0.0,9.2,5
12/16/2018,1012.0,30.4,21.4,25.89166667,80,95,67,VRB,1,ESE,7,0.0,3.8,5
12/17/2018,1012.4,30.9,22.4,26.95,80,92,68,NW,2,WNW,7,0.0,10.0,5
12/18/2018,1012.0,31.3,23.2,27.57916667,77,89,67,NNE,3,N,11,0.0,9.8,3
12/19/2018,1012.1,31.2,24.6,27.73333333,75,90,65,ENE,4,ENE,10,0.0,9.9,2
12/20/2018,1011.9,31.0,26.8,28.44166667,77,86,70,ESE,4,E,14,0.0,7.8,2
12/21/2018,1011.6,31.6,26.0,28.67916667,77,84,69,ESE,4,ESE,12,0.05,10.3,3
12/22/2018,1011.5,31.6,24.4,28.275,80,92,69,SE,3,S,7,0.0,9.2,3
12/23/2018,1011.5,31.3,24.4,27.91666667,83,94,69,VRB,3,ESE,17,2.8,6.0,4
12/24/2018,1011.9,29.2,23.5,26.825,88,98,81,E,6,ENE,19,12.4,0.1,5
12/25/2018,1012.0,31.6,25.0,28.14166667,84,98,73,ESE,5,E,18,13.7,10.7,5
12/26/2018,1012.8,30.2,24.9,26.90833333,85,92,76,E,5,ENE,23,0.05,1.4,5
12/27/2018,1011.8,30.9,24.2,27.72083333,82,93,71,NNE,4,ENE,11,0.0,11.0,2
12/28/2018,1011.1,31.2,24.8,27.84166667,79,92,69,ENE,4,ENE,10,0.0,9.5,2
12/29/2018,1012.1,31.4,27.0,28.75833333,76,88,68,E,6,ENE,17,0.0,10.3,2
12/30/2018,1013.3,31.4,24.1,28.89166667,76,83,68,E,8,NE,19,8.9,10.3,2
12/31/2018,1014.2,31.2,26.6,28.54166667,77,95,70,ENE,5,E,11,0.0,9.5,2
1/1/2019,1014.2,31.4,24.0,28.19166667,75,86,67,ENE,5,ENE,13,0.0,8.8,3
1/2/2019,1014.3,31.0,26.7,28.23333333,70,83,62,ENE,8,ENE,17,0.0,5.0,3
1/3/2019,1014.5,31.4,24.6,27.975,71,81,65,ENE,6,ENE,15,0.0,10.1,2
1/4/2019,1014.0,31.1,25.4,28.025,68,81,59,ENE,5,NE,12,0.0,11.2,1
1/5/2019,1013.4,31.1,22.4,27.5125,63,75,52,ENE,5,E,13,0.0,10.9,1
1/6/2019,1012.0,31.0,24.4,27.18333333,61,74,53,NE,4,NE,12,0.0,10.6,1
1/7/2019,1012.1,31.2,24.2,28.0125,60,71,48,E,5,E,13,0.0,10.3,2
1/8/2019,1011.9,31.2,23.9,27.55833333,68,81,58,ENE,5,ENE,12,0.0,10.8,2
1/9/2019,1011.6,31.4,23.8,27.775,72,86,62,NE,6,NE,15,0.0,10.4,2
1/10/2019,1011.9,31.4,24.2,27.34166667,74,86,60,NNE,4,N,12,0.0,10.5,2
1/11/2019,1012.8,31.6,25.2,28.25833333,70,84,59,N,5,N,13,0.0,9.2,3
1/12/2019,1012.3,31.9,25.4,28.28333333,73,86,62,NE,5,NE,15,0.0,9.1,3
1/13/2019,1012.2,31.4,25.1,28.02916667,79,87,70,NNE,5,ENE,14,0.0,6.6,3
1/14/2019,1011.8,31.4,23.9,28.16666667,76,88,63,ENE,5,ENE,12,0.0,8.9,2
1/15/2019,1012.0,31.6,25.2,27.89583333,81,93,68,NNE,4,NE,12,0.0,7.7,5
1/16/2019,1011.8,31.6,24.0,27.625,83,94,69,NNE,4,NE,12,0.0,9.4,2
1/17/2019,1011.2,31.4,23.2,27.44166667,80,94,68,NE,4,NE,11,0.0,9.7,2
1/18/2019,1012.0,31.4,21.6,26.41666667,79,95,64,VRB,2,ENE,9,0.0,10.1,3
1/19/2019,1013.0,31.4,22.7,26.09166667,75,96,54,NNE,3,ENE,8,0.0,10.2,3
1/20/2019,1013.2,30.6,23.6,27.21666667,72,89,58,ENE,4,ENE,14,0.0,1.8,6
1/21/2019,1013.4,31.6,22.0,26.92916667,70,87,53,VRB,2,E,10,0.0,7.7,6
1/22/2019,1013.3,31.2,21.0,26.75833333,67,86,54,ENE,4,NE,14,0.0,11.1,2
1/23/2019,1013.2,30.9,20.8,26.42083333,71,93,53,NE,4,NE,13,0.0,11.1,1
1/24/2019,1013.4,30.6,22.0,26.26666667,78,95,62,N,3,N,11,0.0,10.1,2
1/25/2019,1013.0,31.0,23.9,27.33333333,78,95,65,NE,4,N,10,0.0,10.5,2
1/26/2019,1013.3,31.2,24.5,27.8375,76,92,65,N,4,N,12,0.0,8.0,2
1/27/2019,1013.4,31.2,24.6,27.74166667,75,86,64,NNE,5,N,14,0.0,9.3,2
1/28/2019,1013.3,32.1,25.4,27.80416667,77,85,63,NNE,5,NE,14,0.0,6.7,3
1/29/2019,1013.1,31.6,23.9,27.65833333,76,91,63,NNE,5,N,13,0.0,10.5,4
1/30/2019,1012.9,31.5,24.6,27.85416667,74,88,64,NE,4,NE,10,0.0,11.0,1
1/31/2019,1012.5,31.8,22.6,27.90416667,76,91,66,ENE,4,ENE,10,0.0,8.6,4
2/1/2019,1012.5,31.4,22.7,27.61666667,73,96,61,ENE,4,ENE,12,0.0,9.9,5
2/2/2019,1012.0,31.7,23.6,28.15416667,72,91,61,E,4,E,11,0.0,10.1,1
2/3/2019,1012.4,31.6,26.6,28.25833333,75,88,63,ENE,5,E,14,0.0,10.2,2
2/4/2019,1013.7,31.8,25.0,28.575,79,90,69,E,6,E,19,0.0,10.0,2
2/5/2019,1013.7,31.7,25.8,28.075,83,93,69,NNE,4,N,13,0.05,5.6,5
2/6/2019,1012.0,32.4,25.2,28.2375,82,90,70,NE,4,E,12,0.05,7.1,5
2/7/2019,1012.5,32.6,23.4,28.53333333,79,96,60,E,3,E,11,0.0,10.6,3
2/8/2019,1012.9,32.2,25.2,28.2625,83,97,70,VRB,2,ENE,10,0.0,8.8,5
2/9/2019,1013.4,31.9,23.4,26.89166667,88,100,72,VRB,3,ENE,20,55.1,7.3,7
2/10/2019,1013.4,30.9,26.4,28.10833333,82,97,70,NE,5,ENE,11,0.0,7.9,4
2/11/2019,1012.8,31.7,27.0,28.92916667,78,90,68,ENE,7,ENE,15,0.0,10.9,2
2/12/2019,1013.4,31.8,25.3,28.82083333,78,89,70,ENE,7,ENE,18,0.0,10.7,2
2/13/2019,1013.9,31.9,25.2,28.525,81,90,70,NNE,4,N,14,0.0,10.5,2
2/14/2019,1012.8,31.7,24.4,28.20083333,79,93,67,ENE,3,E,8,0.0,10.6,2
2/15/2019,1013.6,31.8,26.6,28.55416667,79,96,69,N,4,NNE,11,0.0,10.5,2
2/16/2019,1013.6,32.0,25.0,28.34166667,82,95,70,NNE,4,NE,13,0.0,10.9,2
2/17/2019,1012.4,31.6,25.8,28.29583333,82,96,69,N,4,N,14,0.0,10.8,2
2/18/2019,1011.0,31.2,23.9,27.7375,82,96,71,N,3,N,12,0.0,11.0,2
2/19/2019,1011.5,31.8,24.9,27.90416667,82,97,69,NNE,4,NE,14,0.0,11.0,2
2/20/2019,1013.0,32.0,27.4,28.94583333,78,91,73,NE,6,NE,14,0.0,9.6,2
2/21/2019,1013.9,32.1,26.1,28.9,78,89,70,NE,6,NE,17,0.0,10.6,3
2/22/2019,1011.8,31.8,27.0,28.88333333,74,83,65,NE,5,ESE,14,0.0,10.8,2
2/23/2019,1010.6,31.9,25.0,28.57083333,73,80,66,NE,7,E,15,0.0,11.2,2
2/24/2019,1010.3,31.6,23.4,27.75416667,75,91,63,ENE,4,ENE,12,0.0,10.9,2
2/25/2019,1010.3,31.6,24.5,27.94166667,76,90,64,NE,4,NE,13,0.0,10.3,3
2/26/2019,1010.7,31.5,27.0,28.82083333,72,81,63,NW,5,NNW,12,0.0,9.9,6
2/27/2019,1010.0,32.0,23.6,28.35,75,89,66,NW,4,WNW,11,0.0,10.4,4
2/28/2019,1010.6,31.9,24.8,27.7875,74,87,65,N,3,N,12,0.0,5.1,5
3/1/2019,1009.5,31.5,24.5,28.00416667,75,87,67,N,4,N,14,0.0,10.4,4
3/2/2019,1010.5,32.4,24.5,28.30833333,80,93,68,VRB,2,E,8,0.0,8.7,5
3/3/2019,1010.4,31.9,25.0,28.6,82,96,70,N,4,N,15,2.6,9.5,5
3/4/2019,1010.1,31.7,25.6,28.56666667,82,93,73,N,4,N,13,0.0,8.4,5
3/5/2019,1010.8,32.1,26.7,29.0125,76,89,66,N,4,N,13,0.0,10.8,2
3/6/2019,1010.9,32.0,26.2,28.95,78,90,68,NNW,4,NNW,12,0.0,10.3,4
3/7/2019,1010.2,31.8,23.6,28.1625,79,93,67,N,3,N,11,0.0,8.7,2
3/8/2019,1012.0,31.7,25.0,28.45,77,93,66,N,3,N,13,0.0,10.4,2
3/9/2019,1012.9,32.0,23.6,28.3125,77,91,66,N,3,N,11,0.0,8.1,5
3/10/2019,1012.6,31.8,24.4,28.16666667,80,93,69,ENE,3,ENE,10,0.0,8.9,5
3/11/2019,1013.2,32.1,25.6,28.45416667,78,96,62,VRB,2,NNW,8,0.0,7.2,4
3/12/2019,1012.8,32.4,26.1,29.0625,78,88,68,NNE,4,N,13,0.0,10.2,2
3/13/2019,1013.0,33.4,26.2,29.29166667,74,85,64,N,5,N,14,0.0,10.3,3
3/14/2019,1012.5,33.2,23.8,28.89166667,77,95,66,NE,4,NNE,14,0.0,10.4,2
3/15/2019,1012.2,32.2,25.7,28.31666667,78,96,67,NNE,4,N,13,0.0,9.9,2
3/16/2019,1012.2,33.2,25.6,29.4125,75,86,64,NE,5,NE,13,0.0,9.7,3
3/17/2019,1011.9,33.0,25.2,29.24583333,76,95,63,NE,5,NE,14,5.2,9.7,4
3/18/2019,1011.8,32.8,24.5,28.5125,83,98,70,NE,3,NE,13,0.0,7.9,3
3/19/2019,1010.3,32.4,25.0,28.75,80,99,69,N,3,N,19,0.0,10.4,2
3/20/2019,1010.6,32.8,26.6,28.94166667,78,86,68,N,3,N,12,0.0,5.4,2
3/21/2019,1011.6,33.4,26.1,29.90833333,71,80,63,ENE,5,NE,13,0.0,10.9,2
3/22/2019,1011.9,33.4,25.9,29.70833333,75,90,62,NE,4,NE,14,0.0,10.7,2
3/23/2019,1011.7,33.6,25.4,29.0125,80,91,66,NNE,3,ENE,9,0.0,7.7,3
3/24/2019,1010.1,33.4,26.8,29.34166667,78,93,66,ENE,4,ENE,11,0.0,10.4,2
3/25/2019,1010.2,33.4,24.2,29.42916667,75,92,63,SE,3,ENE,15,0.0,9.6,1
3/26/2019,1012.0,33.6,24.8,29.75416667,72,92,63,E,4,E,11,0.0,10.4,1
3/27/2019,1013.5,33.7,24.0,28.99166667,72,91,57,ENE,3,ENE,11,0.0,10.0,1
3/28/2019,1012.2,32.9,28.2,29.52083333,76,92,65,W,2,WNW,9,0.0,9.7,2
3/29/2019,1011.1,33.8,27.6,30.42916667,76,87,64,NNW,3,W,10,0.0,9.5,2
3/30/2019,1011.3,33.3,24.6,29.5625,78,92,64,VRB,3,N,9,0.0,10.2,2
3/31/2019,1011.6,33.6,23.9,28.8875,78,97,63,VRB,2,N,10,0.0,10.4,1
4/1/2019,1011.6,33.5,24.9,28.5625,78,95,62,VRB,1,WNW,5,0.0,9.7,1
4/2/2019,1010.7,33.6,27.6,30.04166667,73,89,64,NNW,3,NNW,10,0.0,9.6,2
4/3/2019,1010.4,33.6,25.6,30.2875,73,83,65,NW,4,NNW,10,0.0,10.1,2
4/4/2019,1011.6,33.5,27.6,29.8125,73,89,67,VRB,3,N,9,0.0,6.8,3
4/5/2019,1012.1,33.5,25.0,29.55,69,87,58,VRB,3,E,10,0.0,10.8,1
4/6/2019,1011.8,33.2,26.5,29.35416667,73,90,59,N,3,N,13,0.0,10.8,1
4/7/2019,1010.5,33.6,28.6,30.59583333,73,81,64,WNW,3,WNW,9,0.0,10.7,2
4/8/2019,1010.0,33.5,27.6,30.5625,75,81,66,NNW,2,NNW,8,0.0,7.6,3
4/9/2019,1010.3,33.6,25.0,30.2375,76,86,67,N,2,NNW,8,16.9,7.7,3
4/10/2019,1010.7,32.8,26.4,29.7125,80,96,69,VRB,2,SSE,14,0.0,8.1,3
4/11/2019,1010.2,34.0,28.5,30.55416667,76,92,65,WNW,3,NW,8,0.0,10.3,2
4/12/2019,1009.7,34.0,27.0,30.61666667,75,83,67,NW,3,NNW,10,0.0,10.1,2
4/13/2019,1009.8,33.8,28.8,30.77083333,74,84,64,NW,3,NW,8,0.0,10.7,2
4/14/2019,1009.9,34.0,27.0,30.62916667,74,87,66,NNW,3,NNW,11,0.0,10.5,2
4/15/2019,1010.3,33.9,27.4,30.47916667,75,88,65,NNW,3,NNW,10,0.0,8.0,3
4/16/2019,1010.2,33.9,27.8,30.425,74,85,64,NNW,3,NNW,10,0.0,10.3,3
4/17/2019,1010.6,33.7,28.9,30.7625,72,82,65,NNW,3,N,10,0.05,7.8,6
4/18/2019,1010.2,33.4,24.0,28.61666667,84,100,68,W,5,S,25,29.5,2.9,6
4/19/2019,1009.1,32.9,26.5,29.81666667,79,90,69,NNW,4,NE,16,0.05,5.5,7
4/20/2019,1008.1,33.8,24.5,28.34166667,86,99,72,NNW,4,W,23,30.7,4.7,7
4/21/2019,1007.8,32.9,28.4,29.875,76,85,69,NW,5,NNW,15,0.0,7.2,5
4/22/2019,1008.1,33.1,28.2,30.41666667,72,78,65,NW,6,NW,14,0.0,10.8,3
4/23/2019,1009.2,33.8,29.0,30.525,73,79,66,NNW,6,NW,15,0.0,9.0,6
4/24/2019,1009.5,33.4,28.8,30.8125,75,85,67,NW,4,NW,12,0.0,10.6,2
4/25/2019,1009.8,33.8,27.8,30.49583333,73,85,63,NNW,4,N,14,0.0,10.0,5
4/26/2019,1008.9,33.5,28.4,30.57083333,74,83,67,NW,5,NW,14,0.0,8.8,4
4/27/2019,1008.2,33.4,27.6,30.45416667,75,87,66,NW,3,WSW,10,0.0,10.9,2
4/28/2019,1008.6,33.8,28.4,30.85833333,76,86,68,W,5,WSW,15,0.0,10.1,4
4/29/2019,1009.1,33.4,25.7,30.3875,81,100,71,WSW,8,W,19,36.4,6.7,7
4/30/2019,1009.3,30.7,25.2,28.35833333,88,97,79,SW,7,SW,20,9.1,0.0,7
5/1/2019,1008.5,33.0,28.1,30.4375,81,88,76,WNW,7,WSW,18,2.7,1.8,7
5/2/2019,1008.8,32.7,26.9,30.14166667,79,88,74,WNW,8,WNW,26,2.2,4.2,7
5/3/2019,1010.6,32.8,28.2,30.175,72,78,65,WNW,7,NW,16,0.0,8.2,6
5/4/2019,1011.9,33.0,26.1,29.90833333,71,83,63,NW,5,NW,14,0.0,10.2,4
5/5/2019,1012.1,32.8,24.2,29.27083333,73,94,56,NW,4,NNW,13,0.0,10.9,1
5/6/2019,1010.7,33.2,25.0,28.90833333,74,90,63,VRB,2,WNW,8,0.0,11.0,1
5/7/2019,1011.4,32.9,25.4,29.56666667,72,87,62,WNW,3,WNW,9,0.0,10.9,1
5/8/2019,1011.5,32.7,27.4,29.74583333,71,78,66,NW,4,W,11,0.0,10.3,4
5/9/2019,1010.2,33.0,28.6,30.05833333,69,75,60,NW,6,NW,14,0.0,10.9,1
5/10/2019,1010.2,33.2,28.4,30.34166667,69,75,62,NW,5,NNW,11,0.0,11.0,2
5/11/2019,1010.7,33.8,27.6,30.52916667,73,87,61,NW,5,NW,12,0.0,10.9,1
5/12/2019,1010.1,33.9,28.4,30.66666667,75,83,67,NW,3,NNW,9,0.0,10.7,2
5/13/2019,1009.8,34.0,28.7,30.825,75,83,66,NW,5,NW,13,0.0,10.4,1
5/14/2019,1010.0,33.9,28.6,30.85833333,75,84,66,NW,5,NW,12,0.0,10.8,3
5/15/2019,1010.5,34.1,28.9,31.125,75,82,67,NW,6,WNW,15,0.0,10.4,2
5/16/2019,1011.0,34.1,28.6,31.13333333,76,84,67,WNW,6,WNW,15,0.05,9.9,2
5/17/2019,1010.6,33.8,28.6,30.88333333,74,81,67,NNW,5,NW,14,0.0,10.1,2
5/18/2019,1009.4,34.5,26.4,30.78333333,75,86,67,NW,4,NW,11,0.0,9.9,2
5/19/2019,1009.5,33.8,26.9,30.5625,77,88,68,WNW,3,WNW,10,0.0,10.8,2
5/20/2019,1009.6,33.9,27.4,30.45416667,77,88,66,VRB,3,SSW,9,0.0,10.6,2
5/21/2019,1010.0,34.2,25.5,30.69166667,79,91,68,NW,5,N,19,5.4,9.3,4
5/22/2019,1009.2,33.4,28.4,30.19166667,80,94,71,NNW,5,WSW,23,0.0,5.2,6
5/23/2019,1009.5,33.6,26.5,30.12083333,80,88,72,W,5,W,21,0.05,6.4,7
5/24/2019,1010.1,33.0,27.4,29.74166667,77,88,67,W,6,SW,16,0.0,8.5,5
5/25/2019,1009.3,33.4,26.9,29.70416667,80,87,64,W,5,NNE,13,0.0,5.2,7
5/26/2019,1008.4,33.0,28.2,30.1875,78,85,70,W,6,W,17,0.0,8.1,6
5/27/2019,1007.9,34.0,28.7,30.98333333,77,86,67,W,6,WSW,19,0.0,10.8,2
5/28/2019,1007.5,34.0,28.6,30.91666667,77,85,68,W,8,W,19,0.4,10.0,6
5/29/2019,1007.7,31.0,23.0,28.625,81,98,74,W,6,WNW,29,11.9,1.5,7
5/30/2019,1007.2,33.6,25.6,29.64583333,82,95,70,WNW,5,NW,23,2.2,4.1,7
5/31/2019,1008.0,33.7,27.6,29.32083333,83,92,72,SSW,7,WSW,15,1.5,3.0,6
6/1/2019,1008.4,32.5,27.9,29.97916667,80,88,74,S,6,SSW,14,0.0,2.9,6
6/2/2019,1008.7,33.4,28.2,30.17083333,81,88,74,SSW,8,SW,18,0.0,6.8,6
6/3/2019,1008.8,32.8,24.7,28.5125,88,97,78,WSW,9,W,30,22.0,5.1,7
6/4/2019,1008.1,30.4,24.2,27.2875,91,100,82,WNW,7,S,21,45.5,0.6,7
6/5/2019,1008.2,28.6,25.5,27.66666667,87,94,82,WNW,9,WSW,23,1.0,0.0,6
6/6/2019,1008.1,31.9,25.9,28.77916667,83,91,75,WNW,8,NW,24,0.8,3.7,7
6/7/2019,1008.9,30.2,25.3,28.63333333,84,95,80,W,7,WNW,25,10.5,0.1,7
6/8/2019,1007.5,31.0,24.9,27.9,88,100,80,SW,11,SW,33,57.1,5.4,7
6/9/2019,1006.8,30.7,24.0,28.22916667,86,94,81,WSW,14,WSW,35,18.7,3.8,7
6/10/2019,1007.1,31.9,23.9,28.94583333,84,94,77,SW,12,WSW,34,6.7,4.3,6
6/11/2019,1008.1,31.4,24.9,28.7,85,93,74,WSW,10,WSW,38,5.3,0.9,7
6/12/2019,1009.1,31.6,24.6,28.79583333,87,100,79,SW,10,W,34,15.7,0.9,6
6/13/2019,1009.4,32.4,27.6,29.375,85,94,77,SSW,8,WSW,16,2.8,6.0,6
6/14/2019,1009.5,31.8,24.1,28.72916667,86,100,79,WSW,7,WNW,26,10.7,3.3,7
6/15/2019,1009.7,32.6,28.0,29.8375,82,91,75,W,6,W,13,0.0,10.8,4
6/16/2019,1010.4,33.1,27.0,29.85416667,81,94,71,W,7,WNW,33,6.8,10.6,5
6/17/2019,1010.8,32.5,26.2,29.64166667,81,89,71,WNW,8,WNW,30,0.05,6.4,6
6/18/2019,1009.8,32.0,27.2,29.44583333,82,88,77,WNW,8,WNW,20,0.0,1.0,6
6/19/2019,1009.1,32.2,26.5,30.00833333,81,90,73,W,9,W,25,3.0,8.8,6
6/20/2019,1009.5,32.4,23.5,29.75833333,83,89,79,W,8,W,19,7.4,6.2,7
6/21/2019,1009.0,32.0,26.6,29.30416667,83,91,80,W,10,W,21,0.5,0.2,7
6/22/2019,1008.2,32.2,26.8,29.50833333,82,88,74,W,9,W,25,1.3,3.0,7
6/23/2019,1007.7,32.5,23.4,29.4125,83,99,73,W,8,NW,42,9.8,2.9,6
6/24/2019,1008.3,32.5,26.8,29.97916667,80,87,73,WNW,9,W,24,0.0,10.2,2
6/25/2019,1009.7,32.4,27.6,29.85833333,79,85,70,W,7,WNW,15,0.0,9.9,3
6/26/2019,1010.0,32.5,27.6,30.0,79,86,72,WNW,6,WNW,13,0.0,8.8,6
6/27/2019,1009.9,32.8,27.7,29.96666667,77,85,70,WNW,6,WNW,14,0.0,9.8,3
6/28/2019,1010.0,32.7,27.8,30.12083333,78,89,69,NW,7,WNW,15,0.0,10.0,4
6/29/2019,1009.8,33.2,26.8,30.175,78,87,70,NW,6,NW,15,0.0,10.6,3
6/30/2019,1009.1,33.6,27.4,29.95416667,79,85,71,WNW,7,WNW,16,0.0,6.9,6
7/1/2019,1008.6,33.7,28.0,30.1125,77,84,67,W,7,W,16,0.0,8.9,6
7/2/2019,1009.2,32.7,26.9,29.675,78,84,68,WSW,7,W,23,0.6,7.2,6
7/3/2019,1009.5,32.3,27.5,29.5875,79,86,71,SSW,6,SSW,13,0.0,9.8,5
7/4/2019,1009.4,32.8,27.6,29.85,78,88,70,S,7,SW,13,0.0,10.2,3
7/5/2019,1008.8,32.7,27.5,29.825,78,85,70,SSW,8,SW,16,0.0,8.7,5
7/6/2019,1008.8,33.3,27.4,29.73333333,78,87,71,SW,6,SW,14,0.05,4.7,6
7/7/2019,1009.8,32.8,27.0,29.85833333,79,88,70,SSW,6,W,14,0.05,8.2,5
7/8/2019,1010.0,33.0,22.4,29.87083333,81,94,69,S,7,W,27,50.9,10.6,3
7/9/2019,1009.6,31.7,23.4,26.87083333,89,100,81,SSW,8,WNW,33,27.6,0.0,7
7/10/2019,1009.6,31.5,24.8,27.15,84,96,70,VRB,3,ENE,13,0.05,0.0,7
7/11/2019,1010.5,31.5,27.2,28.78333333,83,94,77,S,3,SSW,10,0.0,1.3,7
7/12/2019,1011.2,32.4,24.8,28.42916667,81,93,70,S,4,WNW,15,0.0,9.0,5
7/13/2019,1011.5,32.4,26.4,29.21666667,79,90,70,SSW,3,SW,9,0.0,10.1,6
7/14/2019,1011.1,32.5,23.1,27.93333333,86,100,69,W,5,NW,26,86.7,5.0,7
7/15/2019,1010.8,29.7,23.4,26.725,87,98,77,WNW,8,NW,25,25.2,0.1,7
7/16/2019,1010.1,31.6,25.6,28.33333333,83,96,73,WNW,11,NW,26,12.8,2.6,7
7/17/2019,1009.9,30.1,23.9,27.40416667,86,98,78,W,14,W,32,26.2,2.2,7
7/18/2019,1009.0,29.0,23.2,27.175,84,98,74,WNW,16,WNW,41,27.5,0.0,7
7/19/2019,1007.8,29.1,23.0,27.33333333,86,96,78,W,12,NW,40,3.9,0.0,8
7/20/2019,1007.4,31.6,25.2,29.43333333,80,87,73,WSW,12,W,26,3.7,8.3,6
7/21/2019,1007.4,31.7,25.5,28.68333333,83,92,77,W,11,W,32,1.2,4.6,7
7/22/2019,1007.4,32.2,24.5,29.05,82,89,77,WNW,9,W,29,11.1,4.4,7
7/23/2019,1008.2,32.1,25.3,29.32083333,79,85,71,W,8,NW,34,1.3,6.4,6
7/24/2019,1009.6,31.4,25.0,28.51666667,80,86,72,W,8,WNW,25,1.8,5.2,6
7/25/2019,1011.1,29.2,25.2,27.40416667,84,96,81,NW,8,NW,23,1.3,1.3,7
7/26/2019,1010.3,31.7,26.0,29.07083333,79,87,72,NW,5,NW,12,0.0,6.7,6
7/27/2019,1010.2,31.9,27.2,29.1375,80,88,70,WNW,4,NW,10,0.0,3.3,7
7/28/2019,1010.2,32.5,25.0,28.95833333,79,98,69,WNW,3,WNW,9,0.0,10.4,5
7/29/2019,1010.3,32.2,24.8,28.87083333,78,90,69,WSW,3,W,9,0.0,9.5,5
7/30/2019,1010.8,32.3,26.6,29.175,77,96,68,W,3,S,9,0.0,10.7,5
7/31/2019,1011.4,32.1,25.9,29.15,77,86,67,W,3,SW,7,0.05,10.6,5
8/1/2019,1011.3,32.2,26.2,29.14166667,77,87,68,S,4,S,10,0.0,10.8,5
8/2/2019,1011.0,32.2,27.4,29.67916667,77,85,69,S,7,S,12,0.0,10.4,5
8/3/2019,1010.8,32.7,27.5,29.84166667,79,86,72,S,9,S,15,0.0,6.5,6
8/4/2019,1010.4,32.5,26.9,29.32083333,81,89,73,SSW,7,SSW,22,1.0,6.3,6
8/5/2019,1009.9,30.6,25.6,28.92916667,85,90,77,SW,7,W,25,12.9,1.1,6
8/6/2019,1009.6,32.6,27.8,29.9375,78,85,69,SW,8,SW,20,0.0,7.6,6
8/7/2019,1009.0,32.2,24.2,29.87916667,80,89,69,SW,12,WSW,23,5.6,5.5,7
8/8/2019,1008.9,31.6,25.1,28.72916667,82,88,77,SW,10,WSW,37,1.2,0.0,7
8/9/2019,1009.3,32.5,23.2,28.95416667,84,100,74,SW,10,W,36,45.5,1.3,7
8/10/2019,1009.5,30.6,24.0,28.30416667,85,100,76,WSW,5,W,21,1.0,0.7,7
8/11/2019,1009.1,32.2,24.4,28.74166667,82,92,70,WSW,10,WNW,30,10.5,8.5,7
8/12/2019,1009.3,30.6,24.5,27.69166667,86,99,78,WNW,11,WNW,34,14.0,0.2,7
8/13/2019,1010.7,29.8,26.1,27.90416667,82,89,75,W,14,W,28,1.2,0.0,7
8/14/2019,1011.4,31.5,26.0,28.52916667,82,88,75,WNW,10,W,30,0.05,1.5,7
8/15/2019,1011.1,32.1,26.6,29.2,81,92,74,WNW,8,WNW,24,2.5,8.2,6
8/16/2019,1010.1,32.0,27.6,29.30416667,81,86,76,WNW,8,WNW,17,1.0,8.1,6
8/17/2019,1009.5,31.9,27.6,29.40833333,78,85,70,NW,6,WNW,17,0.0,9.4,6
8/18/2019,1010.3,31.9,26.5,29.18333333,79,89,70,NNW,6,NW,19,0.05,8.1,6
8/19/2019,1011.1,30.9,26.7,28.65833333,80,89,72,NNW,6,WNW,15,0.05,6.0,6
8/20/2019,1011.1,32.1,27.0,29.30416667,78,85,70,NW,5,NW,14,0.0,10.2,5
8/21/2019,1011.0,32.2,27.2,29.54583333,78,85,70,W,7,W,14,0.05,8.4,6
8/22/2019,1011.0,31.4,24.4,28.71666667,82,92,75,W,7,WSW,20,12.9,2.3,7
8/23/2019,1011.5,31.0,26.6,28.79166667,82,88,78,W,6,W,21,0.2,0.5,7
8/24/2019,1011.2,32.1,26.2,29.13333333,80,88,72,W,6,NW,14,4.4,6.9,6
8/25/2019,1011.0,30.9,23.8,27.50833333,86,97,75,W,6,W,21,13.2,1.9,7
8/26/2019,1011.0,30.8,25.1,27.74166667,82,90,75,W,9,W,32,2.3,3.6,7
8/27/2019,1010.3,31.9,24.2,27.34166667,87,98,72,W,7,W,26,10.6,2.1,7
8/28/2019,1010.1,30.9,23.9,27.58333333,88,100,78,W,7,WNW,29,34.3,2.7,7
8/29/2019,1011.0,28.7,22.6,26.17916667,88,100,81,W,10,WSW,35,80.5,0.0,7
8/30/2019,1008.9,31.1,27.2,28.8,80,87,75,W,8,WNW,16,0.0,3.2,7
8/31/2019,1008.2,31.9,27.0,29.00416667,79,85,73,W,7,W,15,0.05,7.9,5
9/1/2019,1009.5,31.7,26.9,29.0,77,83,71,SW,7,SW,14,0.05,8.0,5
9/2/2019,1010.4,31.8,26.2,28.9625,79,90,72,WSW,5,SW,12,0.0,7.6,6
9/3/2019,1010.2,31.4,26.6,28.72083333,81,88,72,SW,5,WSW,11,0.0,3.5,5
9/4/2019,1009.8,32.0,26.4,29.0625,80,90,71,SW,6,SSW,14,0.0,9.3,6
9/5/2019,1009.6,32.0,27.0,29.31666667,81,89,73,SSW,6,SSW,14,0.0,10.1,5
9/6/2019,1009.5,32.2,26.6,29.475,82,93,67,WSW,6,WSW,15,1.6,8.6,6
9/7/2019,1010.5,32.3,25.3,29.10416667,82,88,75,W,7,WNW,27,1.6,6.3,5
9/8/2019,1011.0,32.3,27.2,29.56666667,81,88,72,W,5,W,14,0.05,10.7,3
9/9/2019,1010.2,32.2,26.6,29.55833333,80,94,71,WNW,6,W,17,2.3,10.6,2
9/10/2019,1010.0,32.4,27.4,29.75416667,79,87,71,W,6,W,14,0.0,10.7,4
9/11/2019,1011.2,32.5,26.0,29.09583333,80,88,70,W,5,W,16,0.6,1.1,7
9/12/2019,1012.2,30.7,27.2,28.81666667,82,86,76,WNW,5,NW,13,0.0,0.6,7
9/13/2019,1012.3,31.1,24.9,28.77083333,81,87,76,NNW,5,NNW,13,0.5,0.8,6
9/14/2019,1011.8,31.7,24.6,28.60833333,82,97,70,NNW,3,NNW,8,1.4,10.9,4
9/15/2019,1011.5,32.0,26.6,28.9375,81,98,68,W,3,W,9,0.0,6.9,6
9/16/2019,1010.5,32.5,26.6,29.55416667,77,85,69,NW,5,NW,12,0.0,6.6,6
9/17/2019,1009.6,32.8,27.2,29.58333333,77,85,67,NW,5,NNW,12,0.4,9.2,5
9/18/2019,1010.1,32.2,25.2,28.92916667,81,94,72,WNW,5,WNW,20,9.5,8.7,4
9/19/2019,1010.1,32.1,26.2,29.24166667,79,88,71,WNW,5,W,12,0.4,10.6,4
9/20/2019,1009.6,32.2,26.9,29.54583333,78,88,70,WNW,5,NW,13,0.0,10.7,3
9/21/2019,1009.0,31.0,23.1,27.6875,85,100,78,NW,5,NW,24,27.7,0.2,6
9/22/2019,1010.0,31.6,24.9,27.375,86,98,76,NW,5,SSW,17,19.8,1.6,7
9/23/2019,1010.0,31.1,23.8,27.85833333,85,99,74,W,8,W,23,49.7,7.9,7
9/24/2019,1009.8,30.6,24.0,26.17083333,92,100,84,WNW,12,W,34,32.2,0.0,8
9/25/2019,1010.6,31.4,24.6,27.59583333,84,98,74,NW,6,WNW,23,7.1,2.5,7
9/26/2019,1012.4,30.4,23.0,27.8875,82,99,73,S,4,SSE,14,19.6,0.2,7
9/27/2019,1013.3,31.4,23.9,28.11666667,82,98,73,E,3,SW,16,0.0,3.5,6
9/28/2019,1012.5,31.9,23.8,28.11666667,83,96,73,ENE,3,NE,8,0.0,8.9,2
9/29/2019,1012.0,30.2,24.9,27.84166667,82,96,74,ENE,3,NNE,8,0.05,0.3,6
9/30/2019,1012.1,29.0,23.2,25.92083333,91,98,82,E,5,SE,22,33.6,0.5,7
10/1/2019,1011.6,30.6,24.6,28.44166667,78,87,69,S,5,S,17,0.0,8.3,3
10/2/2019,1011.4,31.4,25.1,28.48333333,80,93,72,NE,5,NE,13,0.0,10.9,3
10/3/2019,1011.7,32.2,23.6,28.45,81,97,71,NNW,3,WNW,15,5.3,9.5,6
10/4/2019,1011.4,30.2,24.5,27.29583333,86,96,77,W,4,S,12,4.3,2.8,6
10/5/2019,1010.4,31.6,24.9,28.95416667,79,90,71,WSW,4,WSW,11,0.2,11.1,5
10/6/2019,1010.8,31.6,24.1,28.24166667,82,93,75,SW,3,W,11,6.2,7.1,6
10/7/2019,1011.4,31.4,24.0,28.44583333,79,91,72,WSW,6,WNW,15,25.5,9.0,6
10/8/2019,1011.1,30.0,23.6,27.09583333,86,100,76,W,5,W,20,8.4,3.4,5
10/9/2019,1010.3,32.2,24.6,28.26666667,81,90,72,W,5,NW,15,4.4,8.1,6
10/10/2019,1010.4,31.2,25.2,28.0125,82,89,73,W,4,NNW,12,0.9,4.7,6
10/11/2019,1009.7,31.4,25.2,28.10416667,82,93,73,W,3,SSE,10,0.0,4.0,4
10/12/2019,1010.0,31.1,23.2,27.65,86,95,74,WSW,5,E,16,63.1,7.2,6
10/13/2019,1010.6,31.1,24.2,26.81666667,89,98,75,VRB,3,W,14,0.05,3.6,5
10/14/2019,1010.2,31.4,26.6,28.60416667,79,92,70,W,3,W,10,0.0,10.1,3
10/15/2019,1010.0,30.6,22.4,27.55,81,98,73,SSE,3,ENE,31,13.6,3.0,7
10/16/2019,1009.6,30.9,23.8,27.42083333,86,100,72,N,3,E,26,34.0,2.1,7
10/17/2019,1009.3,30.9,24.1,27.725,85,98,75,SSE,6,SW,22,14.6,8.9,6
10/18/2019,1009.8,30.2,24.9,27.07916667,87,95,80,SSW,9,SSW,20,11.6,0.9,7
10/19/2019,1009.9,31.2,27.1,28.97916667,79,88,73,S,7,S,16,0.05,8.9,7
10/20/2019,1010.4,30.4,23.1,27.16666667,85,100,75,WSW,7,SSW,24,63.5,1.4,7
10/21/2019,1010.1,30.2,24.8,27.16666667,87,97,77,S,4,WSW,20,7.2,2.7,7
10/22/2019,1009.2,32.1,27.8,29.0125,80,86,71,WSW,5,SW,11,0.0,6.6,7
10/23/2019,1009.3,31.1,25.5,27.65416667,86,94,77,S,7,W,23,23.0,1.1,7
10/24/2019,1010.3,32.1,25.5,29.08333333,78,85,70,SSW,8,SW,22,0.8,5.6,7
10/25/2019,1010.2,31.8,23.6,28.25,82,96,72,SW,9,S,23,8.8,6.6,6
10/26/2019,1010.2,31.5,25.0,28.725,77,90,66,S,6,S,23,0.05,8.9,5
10/27/2019,1009.9,31.8,25.4,27.73333333,84,94,71,NNE,4,S,14,0.6,5.0,6
10/28/2019,1009.4,32.1,27.4,29.075,79,92,73,N,6,NE,13,0.5,9.3,6
10/29/2019,1009.3,30.1,23.6,26.78333333,89,96,82,N,6,NE,21,35.3,0.0,8
10/30/2019,1008.9,27.9,23.6,26.74583333,87,96,84,W,11,NW,22,6.0,0.0,7
10/31/2019,1010.1,30.0,22.6,26.24166667,90,100,79,VRB,4,NW,31,20.6,1.5,7
11/1/2019,1010.2,31.0,22.7,26.85,89,100,76,S,3,WSW,28,18.6,6.9,4
11/2/2019,1011.3,31.5,23.2,27.55833333,85,99,71,VRB,2,ESE,6,0.0,10.9,2
11/3/2019,1012.7,32.1,25.4,28.10833333,81,99,70,N,3,ENE,9,0.0,10.2,4
11/4/2019,1012.8,31.6,25.5,28.60833333,79,88,68,N,4,N,12,0.0,6.7,5
11/5/2019,1011.4,31.5,24.4,28.8,78,90,69,NNW,5,W,15,6.0,11.0,5
11/6/2019,1010.2,31.2,24.6,27.98333333,83,93,71,WNW,4,W,16,6.7,4.6,6
11/7/2019,1010.3,31.4,24.6,28.65,79,92,69,NNW,4,N,12,0.05,9.7,5
11/8/2019,1011.0,31.6,25.0,28.45833333,80,92,74,N,4,N,13,0.7,7.7,4
11/9/2019,1010.6,31.2,24.1,27.8675,82,93,68,N,3,NE,9,0.0,10.9,2
11/10/2019,1010.3,31.4,24.9,27.8,83,93,72,NNE,3,NE,9,0.0,10.6,2
11/11/2019,1009.8,31.8,24.5,27.94166667,84,94,71,NNE,4,NE,13,0.2,9.4,2
11/12/2019,1009.9,31.9,27.6,29.03333333,78,92,69,E,6,E,13,0.0,10.6,2
11/13/2019,1009.9,31.6,25.5,29.04166667,79,90,72,E,8,ENE,25,6.4,4.6,4
11/14/2019,1010.0,31.9,25.0,28.93333333,81,89,74,ENE,8,ESE,23,9.0,6.1,6
11/15/2019,1010.5,31.7,22.7,27.61666667,86,97,73,E,4,E,21,22.4,4.7,7
11/16/2019,1010.7,30.6,25.1,27.97916667,84,97,78,E,5,SSE,19,7.3,6.3,6
11/17/2019,1010.4,32.0,27.6,29.39166667,78,85,72,E,6,E,12,0.0,11.2,3
11/18/2019,1010.5,32.4,25.6,29.1,80,88,69,E,5,ENE,21,2.1,8.7,5
11/19/2019,1010.3,31.9,26.4,29.00833333,79,92,72,E,5,E,14,0.05,8.2,6
11/20/2019,1009.6,30.2,26.0,28.45833333,81,88,76,ENE,6,E,17,0.05,3.2,6
11/21/2019,1010.4,32.0,24.9,28.59166667,81,93,71,ESE,6,E,25,6.0,4.2,6
11/22/2019,1011.2,32.4,24.0,28.075,84,97,71,E,3,ENE,15,18.2,7.1,6
11/23/2019,1010.4,30.2,26.2,28.3,81,92,71,E,10,ENE,19,0.05,1.2,6
11/24/2019,1010.0,30.6,24.0,27.92916667,85,97,77,E,8,E,27,35.8,3.4,7
11/25/2019,1009.0,31.8,23.6,27.80833333,86,100,75,E,7,E,24,36.4,6.2,6
11/26/2019,1008.3,29.6,24.8,27.80416667,85,98,76,E,9,ENE,28,13.7,0.7,7
11/27/2019,1008.3,31.3,24.0,28.7125,83,91,75,E,7,E,24,3.1,8.8,5
11/28/2019,1009.1,31.6,23.6,28.09166667,85,98,75,E,5,E,24,7.3,9.7,5
11/29/2019,1009.7,31.5,25.4,27.65416667,87,97,76,E,3,E,8,0.05,1.0,7
11/30/2019,1009.5,29.6,23.5,27.25833333,90,98,79,WNW,4,NNW,14,52.2,0.0,7
12/1/2019,1009.4,28.6,23.6,25.72916667,94,100,84,W,5,WSW,17,40.0,0.0,7
12/2/2019,1009.5,31.0,26.6,28.62083333,82,94,74,S,6,SSE,17,0.0,10.1,6
12/3/2019,1009.4,32.2,25.6,29.24166667,80,93,72,E,8,E,21,0.05,8.2,6
12/4/2019,1010.9,30.0,24.2,26.70416667,89,96,78,SE,8,E,20,10.3,1.4,7
12/5/2019,1011.0,28.9,24.6,27.625,83,94,76,ENE,11,E,25,11.9,0.0,7
12/6/2019,1010.4,30.4,25.2,28.725,81,89,75,E,10,ENE,22,5.6,5.9,7
12/7/2019,1010.7,30.5,26.1,28.40833333,82,91,72,E,7,E,20,0.05,5.4,6
12/8/2019,1011.2,31.4,27.2,29.13333333,78,91,69,E,9,E,17,0.0,10.4,5
12/9/2019,1010.9,32.0,26.9,29.2125,77,83,72,E,6,E,14,0.0,9.1,3
12/10/2019,1010.2,31.7,24.2,28.27916667,80,91,67,NE,4,NE,11,0.0,9.9,2
12/11/2019,1010.1,32.0,24.0,27.94583333,83,96,69,ENE,3,E,12,3.8,8.7,6
12/12/2019,1010.0,31.5,23.8,27.71666667,85,97,72,ENE,3,NNE,9,0.05,7.6,5
12/13/2019,1011.2,31.4,24.1,27.60833333,84,97,73,N,2,NNW,8,0.0,9.7,3
12/14/2019,1011.8,31.0,24.3,27.88333333,84,93,75,N,5,NE,17,3.4,6.4,6
12/15/2019,1010.8,29.4,24.0,27.30416667,86,96,80,E,7,E,24,15.8,0.4,6
12/16/2019,1010.5,31.4,25.6,28.775,77,84,72,ENE,7,E,18,0.0,10.2,3
12/17/2019,1010.5,31.4,26.4,28.39166667,80,88,70,NE,7,NE,19,0.05,8.3,5
12/18/2019,1010.3,31.7,26.8,29.00833333,77,85,71,NE,9,ENE,17,0.0,8.1,5
12/19/2019,1010.0,30.8,23.8,27.3875,86,97,75,E,9,SSE,35,21.6,1.2,7
12/20/2019,1010.3,29.5,25.6,27.67916667,82,93,77,E,10,NE,22,0.05,1.4,7
12/21/2019,1009.2,31.8,25.6,28.9,81,88,75,E,10,ENE,25,0.05,6.2,6
12/22/2019,1010.3,30.8,22.6,27.54583333,86,100,78,E,9,E,23,60.1,3.9,6
12/23/2019,1010.8,30.3,25.6,27.35416667,86,99,78,SSE,8,SSE,20,2.5,5.6,7
12/24/2019,1011.4,32.3,27.2,29.20458333,76,89,69,ENE,6,ENE,17,0.0,9.2,4
12/25/2019,1011.3,32.3,24.6,29.05,82,94,72,E,6,E,17,6.6,9.4,3
12/26/2019,1011.2,31.9,27.2,29.14583333,80,85,73,E,7,ENE,16,0.0,10.9,2
12/27/2019,1010.0,31.6,25.2,28.76666667,80,92,72,E,5,ENE,14,0.0,10.8,1
12/28/2019,1010.4,32.0,26.6,28.94583333,78,88,71,E,5,E,13,0.0,9.7,2
12/29/2019,1010.7,31.8,25.8,28.94166667,75,83,67,E,8,E,17,1.9,10.4,5
12/30/2019,1011.5,31.5,26.0,28.89166667,78,84,72,E,6,E,14,0.0,8.8,3
12/31/2019,1011.9,31.6,24.1,28.23333333,79,91,69,E,4,NE,10,0.05,6.6,6
1/1/2020,1012.6,31.8,26.2,29.0375,77,86,70,E,6,E,14,0.6,10.1,4
1/2/2020,1013.2,32.1,26.2,28.96666667,79,89,72,E,7,E,14,0.05,10.3,3
1/3/2020,1012.3,32.2,26.4,29.04166667,81,95,71,NE,6,NE,13,0.05,8.5,4
1/4/2020,1011.1,32.2,24.7,28.89166667,81,95,71,NE,6,E,20,16.0,10.0,3
1/5/2020,1010.7,31.2,25.2,28.44166667,78,90,70,NNE,7,E,18,1.2,10.1,2
1/6/2020,1011.6,31.5,27.6,29.07916667,80,87,72,ENE,9,ENE,17,0.05,9.7,3
1/7/2020,1011.6,31.7,24.1,28.7625,79,92,72,ENE,6,NE,14,0.0,9.2,3
1/8/2020,1011.8,31.5,24.1,28.04166667,80,95,69,NNW,4,NNW,9,0.0,10.305,2
1/9/2020,1011.3,31.3,26.4,28.27083333,79,94,69,NNE,4,ENE,9,0.0,9.0,3
1/10/2020,1011.3,31.6,26.4,28.72083333,75,83,69,E,5,E,12,0.05,9.7,4
1/11/2020,1011.3,31.2,25.9,28.75833333,66,74,59,ENE,9,ENE,20,0.0,10.8,1
1/12/2020,1011.6,31.6,24.6,28.57083333,69,80,60,N,5,N,13,0.0,10.3,4
1/13/2020,1011.3,31.5,23.2,27.62083333,71,88,57,N,4,N,11,0.0,10.9,6
1/14/2020,1010.6,31.4,22.5,27.4625,72,87,62,NE,5,NE,13,0.0,8.4,5
1/15/2020,1011.2,31.6,22.7,27.29583333,72,93,58,ENE,3,ENE,9,0.0,10.9,1
1/16/2020,1011.1,31.0,23.6,26.83333333,81,94,68,VRB,2,E,9,1.1,2.2,4
1/17/2020,1010.9,31.5,25.5,28.55,73,87,66,E,8,E,16,0.0,9.3,2
1/18/2020,1010.6,31.9,26.2,28.63333333,75,84,66,NE,8,NE,15,0.0,10.7,2
1/19/2020,1011.4,32.0,25.4,28.5125,82,93,72,NE,5,NE,13,1.7,7.9,4
1/20/2020,1012.1,31.6,26.6,28.9125,79,93,69,E,6,E,16,0.3,8.7,2
1/21/2020,1012.1,31.6,26.9,29.13333333,79,91,67,NE,7,ENE,15,0.0,10.0,2
1/22/2020,1011.6,32.8,26.5,28.88333333,80,89,72,ENE,8,E,17,0.9,9.2,3
1/23/2020,1011.0,31.6,25.2,28.54583333,84,94,73,NE,6,ENE,23,0.0,7.4,4
1/24/2020,1011.6,31.9,24.0,28.14166667,87,97,72,N,4,N,17,0.0,6.4,3
1/25/2020,1012.3,31.4,24.6,27.72083333,84,99,72,N,3,NE,10,0.0,5.8,5
1/26/2020,1011.7,31.3,26.2,28.49583333,80,87,71,N,4,ENE,10,0.05,5.0,5
1/27/2020,1012.1,32.5,24.5,28.775,75,84,67,E,5,ENE,10,0.0,6.1,6
1/28/2020,1012.5,31.8,26.5,28.30833333,76,91,67,ENE,6,NE,12,0.0,8.3,2
1/29/2020,1012.6,31.8,26.0,28.67083333,70,78,64,ENE,7,ENE,14,0.0,10.7,2
1/30/2020,1012.2,31.4,23.8,27.72916667,76,92,62,NNE,4,E,11,0.0,10.7,2
1/31/2020,1010.8,32.4,24.9,28.65,74,87,65,NNE,6,NNE,16,0.0,8.1,4
2/1/2020,1011.4,32.5,26.4,28.70416667,76,84,65,NNE,6,ENE,14,0.0,10.3,2
2/2/2020,1013.0,32.5,26.5,29.04166667,70,82,64,E,6,ENE,15,0.0,10.0,2
2/3/2020,1012.7,32.0,26.6,28.79583333,74,84,66,E,4,NNW,12,0.05,10.9,2
2/4/2020,1011.5,31.9,26.4,28.89583333,74,81,65,E,6,E,13,0.0,10.2,2
2/5/2020,1012.1,31.9,26.6,29.0125,76,84,66,E,6,ENE,14,0.0,10.2,3
2/6/2020,1012.3,31.7,23.1,28.46666667,76,93,65,ENE,5,ENE,13,0.0,10.4,2
2/7/2020,1013.2,31.9,24.8,27.97083333,81,97,64,ENE,4,N,13,4.9,9.9,5
2/8/2020,1013.3,31.7,25.9,27.66666667,82,94,74,NNE,4,N,13,0.05,2.8,6
2/9/2020,1011.8,32.1,27.1,29.05833333,74,82,66,NE,8,NE,16,0.0,7.5,4
2/10/2020,1010.9,31.6,27.0,29.00416667,77,86,70,E,8,E,18,0.05,9.4,2
2/11/2020,1011.3,31.4,26.2,29.04375,74,81,66,E,9,E,24,0.0,10.1,4
2/12/2020,1013.0,31.8,25.5,28.70833333,78,89,68,N,6,E,17,0.0,10.7,2
2/13/2020,1012.6,32.8,25.4,29.26666667,78,85,68,N,7,NE,14,0.0,10.5,4
2/14/2020,1011.7,32.9,26.5,29.09583333,79,93,68,N,4,N,13,0.0,5.6,4
2/15/2020,1011.8,31.8,24.5,28.37083333,81,93,69,NNE,3,N,9,0.0,8.3,2
2/16/2020,1012.1,32.4,27.0,29.35416667,77,90,66,E,4,NE,14,0.05,8.4,3
2/17/2020,1012.4,32.7,25.0,29.05833333,79,91,70,E,5,NE,13,0.0,10.0,2
2/18/2020,1012.5,32.8,24.2,28.30416667,78,93,64,NE,4,ENE,12,0.0,10.3,2
2/19/2020,1011.8,32.2,25.7,28.67083333,70,85,60,ENE,6,ENE,17,0.0,10.9,2
2/20/2020,1011.3,31.9,25.1,28.75833333,70,84,60,ENE,8,E,17,0.0,11.1,2
2/21/2020,1012.5,32.6,26.4,28.85416667,75,85,62,NE,6,NE,14,0.0,9.4,2
2/22/2020,1012.8,33.6,27.6,29.38333333,79,85,68,E,7,NE,18,0.05,7.2,5
2/23/2020,1011.8,32.1,26.0,29.175,76,86,69,ENE,9,ENE,22,0.0,7.7,4
2/24/2020,1010.7,32.6,24.9,29.18333333,77,87,68,E,7,E,14,0.0,9.0,3
2/25/2020,1010.3,32.4,25.6,28.5875,78,90,66,NNE,5,ENE,10,0.0,9.8,2
2/26/2020,1010.6,32.8,25.0,28.61666667,77,92,65,NE,4,ENE,11,0.0,10.8,2
2/27/2020,1010.4,32.6,23.9,28.67083333,77,92,66,N,4,N,13,0.0,10.0,2
2/28/2020,1009.8,32.9,26.2,29.07916667,76,97,60,WSW,4,NE,11,0.0,9.1,2
2/29/2020,1010.2,32.1,27.2,29.09166667,75,88,67,E,5,SE,12,0.0,5.9,6
3/1/2020,1010.5,33.1,27.1,29.70833333,75,85,62,E,5,E,13,0.0,10.5,2
3/2/2020,1011.2,32.9,24.5,29.47083333,74,82,65,E,5,E,12,0.0,10.6,1
3/3/2020,1011.9,33.4,25.0,28.7875,78,92,63,NNE,2,SE,8,0.0,10.3,2
3/4/2020,1011.2,32.6,26.6,29.3875,79,87,70,NNW,4,NNW,13,0.0,10.5,4
3/5/2020,1010.7,33.3,23.4,28.65,79,94,67,N,2,N,9,0.0,9.1,2
3/6/2020,1011.0,33.4,25.8,28.83333333,76,96,61,SSW,3,ESE,8,0.0,10.0,2
3/7/2020,1011.3,34.0,27.4,29.5625,73,88,62,E,4,SSE,10,0.0,11.1,2
3/8/2020,1010.8,33.8,26.9,29.70416667,73,82,65,E,4,E,11,0.0,11.0,2
3/9/2020,1010.1,32.9,25.5,29.47916667,73,82,64,E,5,ENE,11,0.0,11.0,2
3/10/2020,1010.4,33.2,25.6,29.25,77,87,66,ENE,4,ENE,12,0.0,10.4,2
3/11/2020,1011.4,33.3,25.6,29.5625,76,90,66,E,3,E,9,0.0,10.3,2
3/12/2020,1011.7,33.2,26.0,29.825,76,85,67,ENE,5,E,10,0.0,9.9,4
3/13/2020,1011.2,33.8,26.3,29.88333333,76,87,66,NNE,7,NW,16,1.0,10.8,3
3/14/2020,1010.3,32.6,24.6,28.31666667,84,99,67,NNE,4,NNE,14,32.7,4.4,5
3/15/2020,1010.5,31.9,24.6,27.70833333,89,99,76,VRB,3,ENE,17,2.0,4.4,5
3/16/2020,1011.0,33.1,26.6,29.41666667,80,94,71,NE,6,NE,15,0.0,10.1,2
3/17/2020,1011.4,32.9,27.1,29.95833333,78,85,69,ENE,8,ENE,22,0.05,9.3,4
3/18/2020,1011.4,33.0,27.6,29.875,82,88,73,E,7,ENE,19,0.05,7.1,6
3/19/2020,1011.8,33.2,26.3,29.6375,81,90,71,E,5,ENE,18,0.0,8.0,6
3/20/2020,1012.0,32.9,25.5,29.39583333,80,89,71,ENE,4,NE,10,0.0,9.1,4
3/21/2020,1011.6,32.5,24.0,28.525,81,97,70,NNE,4,N,10,0.0,9.2,2
3/22/2020,1011.3,32.4,25.5,28.94166667,75,95,65,NNW,3,NNW,10,0.0,10.8,1
3/23/2020,1010.5,32.3,24.3,28.8,77,92,67,NNE,3,NNW,9,0.0,9.8,2
3/24/2020,1009.1,33.2,25.0,28.9375,79,93,66,VRB,2,WNW,8,0.0,9.3,2
3/25/2020,1009.2,33.0,24.6,28.7375,82,94,68,VRB,3,N,20,0.0,7.3,5
3/26/2020,1009.5,33.4,28.1,29.7375,76,95,68,ENE,6,NE,13,0.0,8.7,6
3/27/2020,1011.1,33.7,26.5,30.12916667,75,85,66,ENE,5,ENE,13,0.05,10.2,2
3/28/2020,1010.6,33.7,27.4,29.78333333,75,86,64,ENE,4,NE,11,0.0,10.6,2
3/29/2020,1010.2,33.4,24.9,29.60833333,76,88,64,E,3,E,9,0.0,10.8,1
3/30/2020,1010.3,32.9,25.1,29.31666667,77,92,65,N,3,N,8,0.0,10.3,3
3/31/2020,1010.4,33.5,28.2,30.3,77,88,67,N,4,N,11,0.0,10.1,3
4/1/2020,1009.8,33.9,25.0,30.00875,79,90,69,N,4,N,13,0.0,9.5,6
4/2/2020,1009.4,33.9,27.9,30.02083333,74,95,65,E,4,E,10,0.0,10.2,2
4/3/2020,1010.1,33.9,24.6,29.54583333,72,94,60,ENE,4,ENE,11,0.0,10.8,2
4/4/2020,1010.9,33.8,25.6,29.25,80,94,66,NW,2,E,7,0.5,9.7,2
4/5/2020,1012.3,33.4,25.3,29.26666667,81,95,67,NNE,2,W,7,0.05,8.8,4
4/6/2020,1011.9,33.6,26.6,29.975,79,91,68,NNE,3,ENE,11,0.0,10.0,3
4/7/2020,1011.7,33.9,26.2,30.50416667,76,88,66,W,4,WSW,9,3.8,10.9,3
4/8/2020,1012.0,33.8,26.8,30.1625,78,96,69,NW,3,NW,10,0.0,10.5,4
4/9/2020,1010.8,33.9,25.8,30.475,75,84,68,NNW,4,NNW,13,0.0,10.0,2
4/10/2020,1010.8,33.1,26.1,29.6,77,91,65,NNW,3,N,11,0.0,10.8,2
4/11/2020,1011.6,33.9,25.8,29.76666667,76,89,64,NNE,3,ENE,9,0.0,10.7,2
4/12/2020,1010.9,33.8,27.9,30.675,72,87,63,ENE,5,ENE,13,0.0,10.6,2
4/13/2020,1009.8,34.1,25.5,30.28333333,73,82,62,NE,5,NE,14,0.0,10.9,2
4/14/2020,1010.5,34.4,25.6,29.80833333,77,92,63,E,2,NE,11,0.0,10.6,2
4/15/2020,1011.1,34.2,26.1,29.84166667,76,93,63,VRB,2,NE,11,0.0,9.2,2
4/16/2020,1010.2,34.9,26.7,30.52916667,73,83,62,ENE,3,ENE,10,0.0,10.8,2
4/17/2020,1009.7,34.9,29.0,31.05416667,71,82,60,E,5,ENE,12,0.0,10.7,2
4/18/2020,1009.6,34.9,26.6,31.05833333,76,95,64,E,5,E,17,7.3,10.2,2
4/19/2020,1009.0,34.1,28.9,30.90833333,76,94,67,E,5,ENE,12,0.0,10.8,2
4/20/2020,1009.0,34.8,27.2,31.25,74,83,65,E,4,E,11,0.0,10.7,2
4/21/2020,1010.1,34.7,24.6,29.97083333,77,97,63,E,4,SW,23,13.0,7.8,6
4/22/2020,1010.4,31.6,23.6,28.4,86,98,78,WSW,4,E,18,38.3,1.6,7
4/23/2020,1010.0,31.7,25.2,29.19166667,84,100,76,W,5,NNW,23,21.4,0.0,7
4/24/2020,1010.3,31.9,26.2,28.83333333,83,89,74,W,7,SSW,22,2.5,0.3,7
4/25/2020,1009.4,33.8,28.2,30.67916667,77,87,69,NW,5,NW,14,0.0,11.1,4
4/26/2020,1010.3,34.3,24.2,30.92083333,80,88,72,W,5,W,14,39.8,10.3,5
4/27/2020,1010.9,33.6,25.4,29.275,86,100,77,NW,5,NW,24,2.1,0.2,5
4/28/2020,1010.3,33.6,25.9,29.88333333,83,98,74,WNW,4,ESE,27,8.6,6.9,6
4/29/2020,1010.2,33.7,27.4,30.04583333,79,89,69,WNW,4,E,12,1.4,4.1,6
4/30/2020,1010.9,34.0,28.6,30.89583333,76,83,68,NW,3,NW,9,0.0,10.5,3
5/1/2020,1010.4,34.2,28.9,31.11666667,75,81,68,NW,5,NW,11,0.0,10.8,3
5/2/2020,1009.2,34.1,29.4,31.24583333,73,78,67,NW,6,WNW,15,0.0,10.7,2
5/3/2020,1009.3,33.9,28.6,30.92916667,75,80,68,NW,6,NW,14,0.0,9.2,5
5/4/2020,1009.9,33.7,27.5,31.05,76,85,67,WNW,6,WNW,14,0.05,9.2,5
5/5/2020,1009.8,33.6,25.0,30.50833333,79,86,67,WNW,6,N,21,5.3,6.1,6
5/6/2020,1009.0,34.4,28.4,30.85,79,88,71,NW,3,NW,11,0.0,7.5,7
5/7/2020,1009.3,32.8,23.0,28.68333333,87,100,76,SW,4,W,19,44.5,3.7,6
5/8/2020,1009.0,34.2,28.6,30.10416667,83,95,76,WNW,4,WSW,11,0.0,4.3,6
5/9/2020,1008.8,34.2,26.0,30.925,80,89,72,W,3,NNW,13,4.0,10.6,4
5/10/2020,1008.7,33.7,26.4,30.05,81,96,72,NNW,4,NE,22,4.8,2.9,6
5/11/2020,1008.9,31.6,26.2,28.725,84,92,77,NW,5,NE,25,1.8,1.3,6
5/12/2020,1008.3,34.1,28.6,30.50833333,81,88,74,W,4,N,13,0.0,10.1,3
5/13/2020,1007.8,33.0,26.2,29.5625,82,94,67,NNE,4,NE,14,0.0,6.3,6
5/14/2020,1007.6,34.0,23.8,30.60833333,80,95,71,WNW,5,N,26,3.1,10.0,5
5/15/2020,1008.4,32.3,25.8,27.24583333,86,95,79,W,10,NNE,30,0.5,0.0,7
5/16/2020,1007.4,33.3,28.4,30.20833333,80,87,73,NW,10,NW,20,0.05,3.5,7
5/17/2020,1007.5,33.2,26.6,30.6875,80,88,76,WNW,12,WNW,26,5.8,7.2,6
5/18/2020,1007.8,33.6,23.6,29.57083333,83,98,73,WNW,12,NNW,30,11.8,1.0,7
5/19/2020,1007.5,33.5,25.5,30.50833333,78,95,69,WNW,10,W,32,3.0,9.5,6
5/20/2020,1007.7,32.8,24.0,29.37916667,85,100,73,WSW,10,WSW,36,40.6,8.5,7
5/21/2020,1008.6,30.9,24.7,28.02916667,86,97,80,WSW,18,WSW,37,12.0,0.1,7
5/22/2020,1009.0,32.9,28.8,30.15416667,80,86,73,WNW,9,WNW,18,0.05,7.9,5
5/23/2020,1009.4,33.3,28.2,30.35,80,86,72,W,8,W,15,0.0,10.9,2
5/24/2020,1009.8,33.2,28.5,30.5125,81,86,73,W,9,W,17,0.0,9.8,5
5/25/2020,1010.2,32.8,27.5,30.40833333,83,89,77,W,7,W,17,2.4,8.5,6
5/26/2020,1010.3,33.6,27.8,30.1,84,93,73,W,7,W,17,0.4,6.9,6
5/27/2020,1009.9,32.3,26.2,28.89166667,88,97,80,W,7,WSW,23,6.4,1.7,7
5/28/2020,1009.7,31.2,23.1,27.53333333,92,100,80,W,7,N,28,84.0,1.2,7
5/29/2020,1009.9,29.4,23.9,26.59166667,93,100,85,WSW,7,NW,20,158.6,0.2,8
5/30/2020,1009.9,28.0,24.2,26.825,91,99,85,W,6,NW,19,30.0,0.0,7
5/31/2020,1010.2,31.8,27.4,29.24583333,82,89,75,WSW,8,SW,19,0.05,7.9,6
6/1/2020,1010.6,32.9,25.6,29.1875,82,90,75,WSW,10,SW,24,5.5,10.0,6
6/2/2020,1010.6,31.6,25.0,27.7375,87,96,76,SW,7,W,23,8.4,3.2,6
6/3/2020,1009.9,31.9,26.6,28.97916667,83,91,72,SW,8,SW,22,2.3,8.4,6
6/4/2020,1010.0,31.9,26.1,28.80416667,85,93,77,WSW,8,WSW,20,1.5,5.7,6
6/5/2020,1010.1,31.8,25.9,28.8375,85,94,78,WSW,10,WSW,25,8.1,7.5,6
6/6/2020,1010.3,31.0,24.5,27.95833333,87,94,79,WSW,8,WSW,30,9.7,1.2,7
6/7/2020,1009.6,31.7,23.1,27.79583333,89,100,78,WSW,5,W,31,20.4,1.7,7
6/8/2020,1008.8,32.9,26.9,29.9125,82,92,75,W,6,W,12,0.0,10.8,4
6/9/2020,1008.8,33.4,27.8,30.04583333,81,89,71,W,7,NW,14,0.05,10.3,3
6/10/2020,1008.5,32.8,27.9,30.2125,81,88,74,W,6,W,14,0.0,10.4,5
6/11/2020,1007.4,32.9,26.9,29.87083333,82,94,72,W,6,W,13,0.05,7.5,7
6/12/2020,1006.4,33.4,27.2,29.78333333,81,86,73,W,7,SW,18,0.4,5.8,7
6/13/2020,1007.5,32.2,26.4,29.18333333,80,92,72,W,10,W,32,1.9,5.8,6
6/14/2020,1008.7,33.5,24.5,30.14166667,81,91,74,W,8,W,32,6.7,10.5,6
6/15/2020,1008.3,32.6,27.5,30.07083333,82,87,73,W,8,W,20,0.0,9.6,3
6/16/2020,1007.6,33.1,27.4,29.99166667,81,90,71,W,9,W,24,3.7,9.7,6
6/17/2020,1008.2,32.9,26.8,30.0625,81,91,72,W,8,W,23,1.9,8.8,6
6/18/2020,1009.3,33.2,25.8,30.00416667,79,89,71,W,8,WSW,24,0.5,10.1,3
6/19/2020,1009.9,33.4,27.1,29.075,83,89,76,W,5,WSW,21,0.0,0.4,6
6/20/2020,1009.9,32.4,24.6,29.53333333,80,87,72,W,7,W,31,14.5,9.2,6
6/21/2020,1009.0,31.0,23.8,27.7,87,100,79,WNW,9,NW,32,32.5,0.0,7
6/22/2020,1007.6,30.9,28.0,29.30833333,84,86,82,W,8,W,16,0.0,0.0,7
6/23/2020,1008.2,33.2,28.5,30.15833333,81,86,73,W,8,WNW,15,0.0,7.6,7
6/24/2020,1008.0,33.9,25.3,29.65833333,80,94,73,WNW,8,WNW,21,0.4,9.5,5
6/25/2020,1007.1,31.6,24.8,27.925,86,98,76,W,12,WNW,36,18.4,4.2,7
6/26/2020,1007.5,30.1,24.4,27.12916667,88,100,82,WNW,11,WNW,33,41.5,0.2,7
6/27/2020,1007.9,31.0,24.5,27.94166667,87,95,79,W,8,W,24,14.4,1.0,7
6/28/2020,1007.8,30.4,25.6,28.45416667,86,99,78,WNW,9,WNW,27,0.7,0.1,6
6/29/2020,1007.4,32.8,23.9,29.76666667,83,92,75,WNW,8,WNW,17,3.1,9.7,5
6/30/2020,1007.2,32.6,24.2,29.44166667,84,96,75,W,5,N,18,20.8,9.3,5
7/1/2020,1007.9,32.7,23.6,28.5,87,99,75,WSW,3,WNW,18,6.2,5.6,6
7/2/2020,1008.1,32.9,25.3,28.2,86,99,76,W,6,WNW,31,0.9,3.3,7
7/3/2020,1008.5,31.5,25.0,29.0,82,89,74,WSW,6,WSW,22,1.9,1.3,7
7/4/2020,1008.2,32.4,26.5,28.7,83,92,73,SW,6,WSW,17,0.0,8.2,7
7/5/2020,1007.7,31.8,26.8,28.9,82,89,70,SSW,7,W,17,0.0,4.8,6
7/6/2020,1008.4,30.7,24.2,27.3,86,96,76,WSW,8,WNW,28,6.9,2.2,7
7/7/2020,1008.5,32.8,25.2,28.9,84,95,71,SSW,3,SSW,12,0.0,8.1,5
7/8/2020,1008.9,32.9,26.9,29.3,81,92,73,WSW,4,WSW,8,0.0,8.8,6
7/9/2020,1008.1,32.3,27.5,29.4,83,90,76,WSW,5,WSW,10,0.0,4.2,7
7/10/2020,1008.8,32.6,22.9,28.6,84,100,72,WSW,5,NW,31,30.6,5.2,7
7/11/2020,1008.7,32.6,24.3,28.1,84,96,76,WNW,6,W,29,4.0,7.3,7
7/12/2020,1008.2,32.5,24.9,28.7,84,98,74,NNW,5,NNW,21,11.0,3.4,7
7/13/2020,1007.5,30.4,24.8,28.0,83,94,73,NW,7,W,32,4.8,1.2,6
7/14/2020,1007.4,32.4,25.3,29.5,78,95,70,NNW,7,N,25,4.3,10.6,5
7/15/2020,1007.8,31.9,25.4,28.4,85,97,79,W,7,W,30,6.2,1.0,7
7/16/2020,1006.5,32.1,22.0,29.7,82,88,77,WSW,7,WSW,16,27.6,3.9,7
7/17/2020,1006.9,31.8,23.4,26.8,92,100,85,W,7,WNW,29,16.9,0.0,7
7/18/2020,1007.7,30.4,22.9,27.1,88,98,77,WNW,12,WNW,33,30.6,0.4,7
7/19/2020,1008.7,28.8,23.4,25.6,91,100,83,W,15,W,32,75.2,0.0,7
7/20/2020,1006.9,29.2,26.1,27.8,83,91,80,WNW,15,WNW,30,0.7,0.0,7
7/21/2020,1007.8,31.1,24.0,27.3,84,98,75,WNW,12,WNW,32,24.6,0.6,7
7/22/2020,1007.9,29.6,24.7,27.0,88,95,79,WNW,11,WNW,26,7.3,0.7,7
7/23/2020,1007.8,29.8,22.8,27.1,86,97,76,W,9,W,25,53.5,0.0,7
7/24/2020,1009.2,28.7,22.9,26.1,90,100,82,W,10,WSW,33,35.9,0.0,7
7/25/2020,1010.4,32.2,24.6,28.6,80,93,64,W,7,SSW,22,0.05,4.2,6
7/26/2020,1010.9,31.7,26.7,28.5,82,88,76,W,5,S,14,0.0,7.6,6
7/27/2020,1010.0,31.8,27.4,29.2,79,87,71,NW,7,NW,14,0.0,10.9,6
7/28/2020,1009.0,32.0,22.8,27.5,88,99,76,NW,8,WNW,29,21.6,2.5,7
7/29/2020,1008.3,30.1,25.2,28.4,87,91,82,W,10,W,24,8.4,0.0,7
7/30/2020,1008.4,30.6,23.6,28.0,86,94,75,WNW,11,NW,26,27.3,3.0,7
7/31/2020,1008.8,30.8,24.0,27.1,90,100,77,W,9,WNW,29,19.7,2.0,7
8/1/2020,1009.3,29.7,24.2,27.24166667,89,95,83,W,8,W,30,9.4,0.0,7
8/2/2020,1009.3,31.1,25.2,28.64166667,86,92,79,WSW,9,WSW,28,2.1,4.5,7
8/3/2020,1008.5,31.3,27.5,29.0625,84,89,77,WSW,10,WSW,20,0.05,4.3,6
8/4/2020,1007.1,31.2,26.6,29.125,83,92,77,WSW,8,WSW,20,0.9,9.8,7
8/5/2020,1006.3,30.7,24.1,28.8,85,92,80,WSW,10,WSW,33,6.2,2.3,7
8/6/2020,1007.4,30.8,23.2,27.59166667,89,96,81,W,11,W,37,15.4,0.0,7
8/7/2020,1009.5,30.4,23.2,26.3125,90,96,84,WSW,11,W,39,53.2,0.5,7
8/8/2020,1009.3,29.9,22.9,26.12916667,91,100,80,WSW,7,WNW,34,109.9,0.6,8
8/9/2020,1009.6,27.9,23.7,26.0375,91,100,82,W,10,NW,30,30.1,0.0,7
8/10/2020,1009.3,31.2,25.8,28.70416667,80,89,73,W,9,W,28,1.0,6.6,6
8/11/2020,1010.7,31.8,26.9,28.69166667,81,89,69,W,7,W,19,0.0,10.5,5
8/12/2020,1011.2,32.3,26.5,29.14166667,80,90,72,W,6,WNW,13,0.0,10.3,3
8/13/2020,1009.4,32.6,26.8,29.16666667,79,86,71,WNW,6,WNW,12,0.0,10.9,4
8/14/2020,1008.4,32.1,27.1,29.225,79,86,72,W,5,W,12,0.0,9.3,4
8/15/2020,1008.6,32.9,24.8,29.15,81,97,70,W,4,W,11,2.4,10.0,6
8/16/2020,1008.9,32.6,25.0,28.60416667,85,98,77,W,3,SW,13,0.05,3.9,7
8/17/2020,1008.4,32.4,26.9,29.2625,81,90,73,W,4,SW,10,0.0,5.2,5
8/18/2020,1008.6,33.4,27.0,29.57916667,77,86,68,W,5,W,11,0.0,11.0,2
8/19/2020,1008.1,32.8,27.1,29.3375,77,87,68,NW,4,NW,10,0.0,11.0,3
8/20/2020,1008.3,32.4,26.9,29.35833333,80,89,70,W,4,WSW,13,0.05,6.2,6
8/21/2020,1009.4,33.0,25.3,29.14583333,80,94,65,VRB,2,WSW,7,0.05,10.5,5
8/22/2020,1009.8,33.1,24.7,28.99583333,82,95,68,VRB,2,SE,6,0.0,11.1,1
8/23/2020,1010.0,33.4,24.8,29.12916667,78,95,66,NW,5,WNW,19,2.1,9.7,4
8/24/2020,1010.0,33.5,27.0,29.11666667,78,95,69,NNW,6,W,20,0.0,8.2,4
8/25/2020,1011.0,32.0,27.5,29.33333333,74,81,68,NNW,7,NW,14,0.0,10.5,4
8/26/2020,1010.9,31.8,27.5,29.20416667,74,80,67,NNW,6,NNW,15,0.0,9.3,5
8/27/2020,1010.0,32.8,27.4,29.47083333,75,84,67,NW,6,NW,14,0.5,10.6,5
8/28/2020,1009.4,32.6,27.2,29.59166667,75,83,67,NW,5,NW,12,0.0,11.0,3
8/29/2020,1009.4,33.1,27.4,29.59166667,75,82,68,W,5,WNW,10,0.0,11.1,4
8/30/2020,1009.5,32.9,25.6,29.5,77,85,67,WNW,5,NW,12,0.0,10.2,4
8/31/2020,1009.7,33.6,27.9,29.7,77,86,67,NW,5,WNW,14,0.05,8.0,6
9/1/2020,1010.1,32.4,23.6,26.84583333,87,99,74,WNW,7,NW,23,28.0,3.4,7
9/2/2020,1009.3,30.4,24.2,26.89166667,88,98,76,WNW,11,W,24,48.8,1.9,7
9/3/2020,1008.4,32.2,23.7,26.70833333,88,100,76,W,8,WNW,20,46.8,1.2,7
9/4/2020,1007.4,31.1,25.4,27.59583333,87,98,77,W,9,W,21,1.1,4.4,6
9/5/2020,1007.2,31.8,22.4,28.6125,80,95,71,W,11,W,43,7.4,10.4,5
9/6/2020,1008.0,31.8,26.9,28.23541667,79,92,70,W,13,W,35,0.0,1.3,7
9/7/2020,1009.5,32.7,25.4,29.00041667,81,93,72,W,10,W,24,3.7,5.0,7
9/8/2020,1009.4,31.7,25.5,28.61666667,83,92,73,W,11,WNW,26,7.6,6.7,7
9/9/2020,1009.0,31.9,26.6,28.64166667,83,89,78,W,10,W,22,0.05,1.6,7
9/10/2020,1008.5,31.6,26.6,28.8125,80,87,73,WSW,9,WSW,18,0.9,8.0,7
9/11/2020,1008.7,31.6,27.1,29.02916667,81,86,73,WSW,9,WSW,17,0.0,9.2,4
9/12/2020,1010.3,31.9,27.2,29.00416667,82,88,73,WSW,7,WSW,16,0.05,6.5,5
9/13/2020,1010.8,32.3,26.6,28.94583333,81,88,74,W,7,W,18,0.05,7.3,6
9/14/2020,1010.1,32.5,26.2,28.65833333,83,95,72,W,6,WNW,19,4.6,5.6,7
9/15/2020,1009.9,32.2,25.0,28.4375,84,91,72,W,7,W,24,18.6,6.5,6
9/16/2020,1010.1,32.2,25.8,28.15833333,85,95,75,W,6,WNW,24,3.2,8.3,4
9/17/2020,1010.7,32.4,24.5,27.9,87,96,76,W,7,WNW,22,17.5,3.1,6
9/18/2020,1009.9,31.0,24.0,27.30833333,88,97,79,W,9,WNW,28,33.3,0.8,7
9/19/2020,1008.3,31.5,27.1,28.85833333,83,89,77,W,9,W,17,0.05,6.2,6
9/20/2020,1008.6,30.9,25.2,27.82916667,84,90,78,WSW,11,SW,26,2.0,2.3,7
9/21/2020,1008.6,30.8,23.6,27.38333333,87,96,81,WSW,11,WNW,33,30.3,0.1,7
9/22/2020,1009.3,30.8,23.9,27.16666667,88,100,79,WSW,12,WSW,29,37.9,1.6,7
9/23/2020,1009.9,31.0,24.5,28.1375,86,92,80,W,8,WSW,17,3.3,2.2,7
9/24/2020,1011.0,31.8,26.7,28.8125,82,93,73,WNW,7,W,15,0.0,9.7,6
9/25/2020,1010.8,32.2,26.5,28.46666667,83,88,76,WNW,5,WNW,14,0.0,2.8,6
9/26/2020,1010.6,32.2,24.9,28.59166667,83,91,74,WNW,4,NW,12,0.05,9.0,5
9/27/2020,1010.5,31.9,26.3,28.49166667,82,95,75,NW,2,NW,10,0.0,10.9,2
9/28/2020,1010.5,32.1,26.7,28.68333333,82,89,73,WNW,3,WNW,8,0.0,10.8,3
9/29/2020,1010.0,31.4,26.6,28.57083333,81,87,73,WNW,5,WNW,11,0.0,6.2,6
9/30/2020,1009.8,31.8,26.5,28.54583333,80,86,73,W,5,W,13,0.0,6.3,6
10/1/2020,1009.9,32.0,26.6,28.76666667,78,85,69,WNW,5,WNW,14,0.0,10.5,4
10/2/2020,1010.2,32.1,26.7,28.82916667,79,88,71,WNW,5,W,13,0.05,11.0,2
10/3/2020,1011.0,31.9,26.9,28.91666667,76,85,67,W,6,W,13,0.0,9.5,6
10/4/2020,1011.2,32.1,26.9,29.1125,76,85,70,W,7,WNW,15,1.0,11.0,5
10/5/2020,1010.3,32.4,26.9,29.00833333,78,85,68,NW,7,NW,15,0.0,10.2,2
10/6/2020,1010.3,32.7,26.9,29.02916667,78,85,67,NW,5,NW,13,0.0,10.9,4
10/7/2020,1010.2,32.3,26.4,28.5375,77,87,67,NW,7,NW,15,0.0,5.0,5
10/8/2020,1009.8,32.1,27.0,28.77083333,79,85,69,W,6,NW,12,0.05,9.8,5
10/9/2020,1009.6,32.8,26.9,29.0625,78,89,70,W,6,WNW,13,1.4,10.1,6
10/10/2020,1009.7,32.1,26.6,29.08333333,80,89,71,W,7,W,15,0.05,6.7,6
10/11/2020,1008.6,32.0,27.2,29.1375,81,86,74,W,9,W,22,1.1,7.2,6
10/12/2020,1007.3,32.2,27.9,29.3875,75,81,69,W,11,W,23,0.0,9.7,6
10/13/2020,1007.6,31.9,27.0,29.3875,78,85,70,W,12,W,22,0.05,8.4,6
10/14/2020,1008.3,32.2,25.4,28.85,81,86,75,W,11,W,30,6.5,8.3,6
10/15/2020,1007.8,31.5,26.5,28.84166667,81,87,73,W,11,WSW,29,3.7,6.4,6
10/16/2020,1007.6,32.0,25.9,28.775,77,92,71,W,9,WNW,20,0.05,4.3,6
10/17/2020,1008.3,32.0,25.8,28.93333333,79,94,69,W,7,W,15,0.5,10.0,4
10/18/2020,1008.9,32.3,27.2,29.10416667,80,87,73,W,6,W,15,0.0,9.4,6
10/19/2020,1008.8,32.1,26.5,29.05833333,79,91,70,W,7,W,15,2.1,11.0,2
10/20/2020,1009.0,32.3,26.5,28.92083333,82,89,73,W,6,WNW,15,0.05,11.0,5
10/21/2020,1009.5,32.3,27.2,29.22083333,81,88,72,W,6,W,14,0.0,11.1,4
10/22/2020,1009.3,32.5,26.5,29.3,79,87,71,WNW,6,W,13,0.05,9.1,5
10/23/2020,1009.3,32.6,26.5,28.875,81,87,71,W,6,W,27,0.3,10.1,3
10/24/2020,1010.3,31.7,23.6,27.99583333,82,95,70,W,6,W,20,8.3,8.3,6
10/25/2020,1010.9,31.2,26.1,27.67916667,84,96,75,W,8,WSW,23,0.6,3.7,7
10/26/2020,1010.6,32.0,26.8,28.89583333,80,86,73,WNW,5,W,12,0.0,10.4,4
10/27/2020,1010.4,32.2,26.9,29.05833333,80,86,71,NW,4,WNW,9,0.0,10.5,3
10/28/2020,1010.8,32.3,26.5,29.09583333,79,90,70,NW,4,NW,9,0.0,10.6,2
10/29/2020,1010.8,33.0,26.9,29.1625,78,87,69,NW,4,NW,10,0.0,10.9,3
10/30/2020,1010.5,32.6,26.9,29.12916667,80,87,71,NW,4,NW,20,0.9,9.1,2
10/31/2020,1010.7,33.1,26.9,29.2125,79,88,68,WNW,4,NW,10,0.0,10.4,2
11/1/2020,1011.2,32.4,25.8,29.2875,79,88,70,W,3,W,8,0.0,10.0,3
11/2/2020,1011.7,32.5,24.1,28.68333333,80,94,66,NW,3,NW,9,0.0,9.3,2
11/3/2020,1011.5,33.0,23.5,27.9,84,98,68,NNW,1,WNW,6,0.0,9.3,1
11/4/2020,1010.6,33.4,25.1,28.28333333,82,98,68,VRB,2,WNW,6,0.0,10.6,1
11/5/2020,1011.0,32.5,24.6,28.47916667,81,97,68,NNE,2,NNE,6,0.0,8.8,3
11/6/2020,1011.3,33.2,24.1,28.375,83,95,67,N,4,NNE,17,9.3,6.2,5
11/7/2020,1011.8,31.1,23.2,27.15,90,96,82,SE,7,SSE,26,33.2,0.1,7
11/8/2020,1012.3,32.3,24.9,28.14166667,86,98,72,E,5,S,22,12.1,8.9,6
11/9/2020,1011.1,31.5,27.0,28.5625,82,92,70,NW,4,NNW,13,0.0,7.0,6
11/10/2020,1009.0,32.1,26.0,28.76666667,83,95,73,NW,3,NW,9,0.0,7.4,6
11/11/2020,1009.6,32.2,24.4,28.95416667,79,92,73,E,3,ESE,8,0.0,8.7,4
11/12/2020,1009.9,32.4,24.9,28.55,76,91,65,N,4,NNE,12,0.0,9.5,4
11/13/2020,1009.6,32.1,24.8,27.46666667,85,98,75,N,4,N,17,7.7,0.0,7
11/14/2020,1008.1,31.8,24.4,27.6625,88,100,74,VRB,3,S,12,3.7,0.0,7
11/15/2020,1007.8,31.6,24.4,28.00416667,89,100,77,N,5,N,15,29.5,2.0,7
11/16/2020,1008.2,30.6,24.6,27.54166667,89,98,81,NNE,4,ENE,16,16.7,3.1,7
11/17/2020,1008.6,30.0,23.4,25.03333333,96,99,88,E,5,S,19,44.8,0.0,7
11/18/2020,1008.9,29.9,23.4,25.45,93,100,79,WNW,3,S,20,35.9,1.2,7
11/19/2020,1009.5,31.5,25.0,27.94583333,85,96,74,S,4,NNE,12,3.2,8.0,7
11/20/2020,1010.4,31.9,24.0,28.06666667,85,99,71,SE,3,S,12,0.0,6.2,5
11/21/2020,1011.0,32.0,23.9,27.91666667,82,98,73,E,3,SW,15,0.0,7.1,4
11/22/2020,1011.5,31.6,24.4,28.35,81,99,73,N,3,NW,11,0.0,10.7,2
11/23/2020,1011.3,31.9,24.6,28.25,77,92,72,N,4,N,14,0.0,7.6,4
11/24/2020,1010.2,31.6,23.0,27.375,80,95,67,N,3,N,9,0.0,9.9,2
11/25/2020,1009.5,31.7,25.4,28.14166667,76,96,66,W,3,WNW,8,0.0,10.8,4
11/26/2020,1010.2,32.1,26.9,28.8875,73,82,66,WNW,5,WNW,12,0.0,11.1,3
11/27/2020,1010.7,32.4,26.8,29.00833333,76,83,66,WNW,4,WNW,9,0.0,11.0,2
11/28/2020,1010.7,32.4,25.2,28.75833333,78,90,68,W,2,W,8,0.0,10.1,2
11/29/2020,1010.6,32.3,27.4,29.2375,76,84,68,E,5,E,13,0.05,10.6,3
11/30/2020,1011.1,31.8,25.3,28.65833333,81,92,72,N,5,E,14,16.3,8.7,3
12/1/2020,1011.0,31.7,27.9,29.3,80,88,74,N,6,N,13,0.0,8.3,6
12/2/2020,1010.1,32.7,25.9,29.1,81,92,72,NW,5,N,11,0.0,8.5,5
12/3/2020,1009.4,32.5,27.0,29.2,76,89,68,NW,5,NW,14,0.0,7.2,7
12/4/2020,1008.4,31.9,27.5,29.0,79,87,72,WNW,7,WNW,17,0.0,0.5,6
12/5/2020,1008.3,31.1,25.0,28.3,83,93,72,WNW,7,NW,17,4.2,1.6,7
12/6/2020,1008.9,30.1,24.5,27.4,88,98,81,W,6,SW,15,10.1,6.0,7
12/7/2020,1010.0,31.9,26.9,28.9,80,89,71,WSW,4,SSE,14,0.05,6.7,6
12/8/2020,1010.8,32.0,26.1,29.0,81,89,73,SE,7,SSE,17,4.9,8.4,4
12/9/2020,1010.3,32.1,26.6,29.1,78,89,72,SE,6,SE,14,0.05,10.2,3
12/10/2020,1011.5,31.8,23.4,28.1,80,97,68,E,5,SSW,18,18.1,4.6,6
12/11/2020,1011.5,31.7,25.0,27.6,83,94,69,SW,5,WSW,19,4.1,1.7,5
12/12/2020,1011.2,31.6,24.4,28.2,80,97,67,SW,4,SW,9,2.0,8.8,6
12/13/2020,1010.3,32.1,24.8,28.6,78,93,69,W,4,WNW,15,1.1,7.8,4
12/14/2020,1010.1,32.6,25.7,28.4,78,91,67,E,4,WSW,10,0.0,11.0,2
12/15/2020,1011.0,32.2,25.9,28.9,73,81,67,E,5,E,12,0.0,9.6,5
12/16/2020,1011.3,31.9,23.4,27.2,83,100,67,VRB,3,ENE,18,8.3,2.9,6
12/17/2020,1011.2,32.1,24.0,28.3,78,98,67,ENE,4,NNE,11,0.05,8.6,3
12/18/2020,1010.8,31.9,25.7,28.2,81,95,74,ENE,6,ENE,14,0.05,9.0,5
12/19/2020,1010.6,31.7,25.2,28.5,81,91,73,ENE,7,ENE,22,0.05,5.6,5
12/20/2020,1010.8,31.4,24.1,28.6,74,89,68,NE,8,E,19,0.0,3.2,5
12/21/2020,1010.0,32.0,25.4,28.3,78,89,67,NE,7,NE,20,5.7,7.0,6
12/22/2020,1010.0,30.4,25.1,27.0,86,97,74,E,10,E,24,6.0,0.4,7
12/23/2020,1009.0,31.4,26.8,28.1,81,88,70,S,8,SE,17,0.0,5.0,6
12/24/2020,1008.6,31.1,27.3,28.7,82,90,73,SE,7,SSE,16,0.05,8.3,6
12/25/2020,1009.4,31.2,27.1,28.8,79,85,74,E,8,E,17,0.0,10.3,3
12/26/2020,1010.7,31.5,25.2,28.7,79,89,72,E,7,E,14,0.0,10.6,2
12/27/2020,1010.0,31.9,23.9,27.8,82,91,70,NNE,4,N,10,0.0,7.7,2
12/28/2020,1010.0,31.4,24.6,27.4,83,93,69,NNE,4,N,9,0.0,7.6,5
12/29/2020,1009.4,31.2,26.5,28.3,80,93,72,N,5,NE,13,0.0,6.1,6
12/30/2020,1008.8,31.8,26.9,28.8,81,89,74,E,7,E,15,0.0,8.2,4
12/31/2020,1009.3,32.2,24.6,27.9,84,97,73,E,7,ENE,27,26.9,6.2,6
1/1/2021,1009.8,31.3,23.5,27.8,81,99,72,E,10,ENE,24,10.0,4.7,7
1/2/2021,1009.4,31.5,23.6,28.0,78,95,67,NE,5,NNE,13,0.0,6.3,6
1/3/2021,1008.8,31.6,24.5,27.3,82,95,69,NE,3,ENE,9,0.0,8.7,4
1/4/2021,1008.8,31.7,26.2,27.3,82,95,69,ENE,5,ENE,17,1.5,7.5,4
1/5/2021,1009.8,30.9,24.1,26.5,91,100,85,E,9,SSE,25,34.0,0.0,7
1/6/2021,1009.5,31.0,24.2,26.1,89,97,80,N,2,SSW,17,0.05,0.3,7
1/7/2021,1007.8,31.8,24.1,27.4,84,98,71,VRB,2,ENE,9,0.2,10.2,4
1/8/2021,1007.8,31.4,25.0,27.8,83,97,73,W,2,S,15,0.05,8.9,6
1/9/2021,1008.3,31.3,23.8,27.8,83,97,69,S,5,ENE,16,12.4,4.7,7
1/10/2021,1009.1,31.3,25.3,28.0,81,95,72,SE,3,SE,8,2.5,6.1,7
1/11/2021,1010.0,30.9,23.9,27.3,86,97,78,S,4,N,20,4.9,3.4,7
1/12/2021,1009.6,30.9,23.5,26.6,86,96,78,N,7,N,20,13.9,0.1,8
1/13/2021,1008.9,29.4,23.8,25.8,90,98,84,N,7,N,17,35.6,0.0,8
1/14/2021,1008.4,31.0,24.4,27.4,86,100,71,E,5,NE,15,14.9,7.1,7
1/15/2021,1008.1,31.2,26.0,28.4,79,89,73,S,6,S,13,0.0,5.4,7
1/16/2021,1008.3,31.2,26.4,28.2,76,82,68,ESE,4,SSE,11,0.0,7.9,5
1/17/2021,1009.1,31.7,26.0,28.5,80,91,71,E,5,SE,14,1.1,9.7,3
1/18/2021,1009.9,30.9,25.0,28.1,78,86,70,E,7,ESE,22,0.05,6.8,5
1/19/2021,1010.7,31.0,23.8,27.6,78,93,67,NNE,5,E,14,0.0,10.5,3
1/20/2021,1011.4,31.3,24.0,27.7,80,93,70,N,3,N,11,0.0,10.5,3
1/21/2021,1011.1,31.3,26.0,28.0,82,96,70,N,3,N,11,0.05,10.1,6
1/22/2021,1010.5,31.9,26.9,28.7,81,90,71,N,4,N,13,0.0,7.6,3
1/23/2021,1010.9,31.8,27.2,28.9,77,84,68,ESE,3,ESE,9,0.0,10.8,2
1/24/2021,1011.2,31.6,26.8,28.6,78,87,71,E,4,E,10,0.0,10.2,2
1/25/2021,1011.5,31.8,25.6,28.5,76,84,71,E,5,E,11,0.0,10.5,3
1/26/2021,1011.1,31.1,23.5,27.6,71,84,63,NE,6,ENE,14,0.0,10.6,6
1/27/2021,1011.4,31.4,23.9,27.6,68,81,51,NE,6,NE,13,0.0,11.1,4
1/28/2021,1011.7,31.3,22.8,27.6,71,85,61,ENE,5,NE,13,0.0,10.6,2
1/29/2021,1012.1,30.9,22.8,26.8,78,93,63,NNE,3,N,9,0.0,10.3,2
1/30/2021,1011.3,31.2,23.3,26.9,82,96,69,NNE,3,NE,9,0.0,6.1,5
1/31/2021,1011.4,31.7,24.2,27.8,81,95,69,NNE,3,ENE,12,0.0,8.9,2
2/1/2021,1012.4,31.5,24.8,27.1,85,97,69,ENE,3,E,20,0.05,3.9,6
2/2/2021,1012.4,31.4,25.7,27.9,82,91,73,NE,3,E,11,0.05,8.2,3
2/3/2021,1012.2,31.6,25.2,28.6,78,85,68,E,3,E,9,0.0,9.5,6
2/4/2021,1012.1,31.7,25.0,27.8,81,95,70,ENE,3,ENE,11,0.0,9.7,5
2/5/2021,1011.6,31.2,23.9,27.8,82,95,70,E,3,N,11,0.0,8.0,6
2/6/2021,1010.7,31.7,25.0,27.7,83,94,74,NE,6,ENE,20,0.05,9.8,4
2/7/2021,1010.6,31.6,24.6,28.1,79,89,69,N,5,N,13,0.0,8.9,3
2/8/2021,1011.0,31.7,24.8,28.1,80,91,69,ENE,4,ENE,12,0.0,9.7,2
2/9/2021,1010.8,31.7,23.7,27.8,77,93,58,N,3,NNW,10,0.0,10.1,2
2/10/2021,1010.3,31.7,23.7,27.7,77,93,63,ENE,4,NNE,14,0.0,10.5,2
2/11/2021,1010.2,31.7,25.8,27.9,75,97,63,E,4,E,9,0.0,10.5,3
2/12/2021,1011.1,31.5,25.9,28.2,68,76,60,ENE,5,ENE,11,0.0,10.3,3
2/13/2021,1012.4,31.5,23.2,28.0,70,81,63,ENE,5,E,11,0.0,9.7,2
2/14/2021,1012.6,31.3,23.4,27.7,73,89,60,ENE,4,ENE,12,0.0,10.9,2
2/15/2021,1011.5,31.7,22.4,26.8,78,96,63,NNE,2,NE,11,0.0,10.8,2
2/16/2021,1011.0,31.1,24.8,27.2,79,97,66,NNW,2,NNW,9,0.0,8.5,5
2/17/2021,1010.3,32.0,23.8,27.5,81,95,68,NNE,3,NE,10,0.0,8.4,3
2/18/2021,1010.1,32.4,24.2,28.1,78,95,67,ENE,3,ENE,9,1.6,10.2,2
2/19/2021,1011.4,31.9,24.1,27.4,82,93,67,N,4,NE,18,0.5,8.3,3
2/20/2021,1010.6,32.1,23.0,27.6,76,94,63,N,3,N,9,0.0,11.2,2
2/21/2021,1011.3,32.4,26.8,28.5,78,98,63,E,4,ENE,15,0.7,10.3,3
2/22/2021,1011.8,32.5,24.0,28.3,81,96,68,E,4,ESE,11,0.0,11.3,2
2/23/2021,1010.9,31.9,25.9,28.0,81,96,67,N,4,N,12,0.0,8.3,6
2/24/2021,1010.8,32.5,23.5,28.3,79,95,66,NNE,3,ENE,10,0.0,10.9,3
2/25/2021,1011.3,31.9,24.6,28.1,80,98,67,N,3,N,11,0.0,9.8,6
2/26/2021,1010.3,32.1,26.4,28.7,77,94,67,NNW,4,NW,12,0.0,10.8,3
2/27/2021,1008.9,32.0,25.5,28.9,80,95,69,NNW,3,NW,10,0.0,10.8,3
2/28/2021,1009.5,33.5,25.2,28.9,82,95,69,W,3,S,20,12.1,6.9,4
3/1/2021,1012.2,33.3,27.5,29.1,74,98,60,ENE,3,ENE,12,0.0,10.1,3
3/2/2021,1011.6,32.2,25.0,28.5,75,90,63,NNE,5,ENE,12,0.0,10.9,2
3/3/2021,1010.5,31.9,25.6,27.9,83,94,69,NNE,3,E,20,9.3,6.9,4
3/4/2021,1010.4,31.9,27.7,29.2,72,82,64,E,8,E,17,0.05,10.6,3
3/5/2021,1012.0,32.0,27.1,29.3,73,80,65,E,7,E,14,0.0,10.6,2
3/6/2021,1012.3,32.5,23.8,28.2,75,91,63,E,3,E,8,0.0,11.2,1
3/7/2021,1011.2,31.7,24.2,28.1,77,90,65,N,3,NNE,10,0.0,10.6,2
3/8/2021,1011.1,32.6,24.2,28.3,80,96,65,N,3,ENE,21,2.4,9.9,3
3/9/2021,1011.6,32.6,24.1,27.8,85,97,70,ENE,6,ENE,24,6.8,5.8,6
3/10/2021,1011.8,32.7,24.6,28.6,79,91,63,E,5,E,18,18.3,9.2,6
3/11/2021,1012.2,32.2,22.5,27.6,83,100,70,ENE,6,NNE,26,45.0,6.5,6
3/12/2021,1011.9,32.2,26.8,29.1,76,84,67,E,8,ENE,21,0.0,5.5,5
3/13/2021,1011.5,32.4,24.2,28.5,80,96,70,E,7,E,22,10.9,6.3,4
3/14/2021,1010.2,32.3,27.3,29.3,76,88,69,ENE,6,NE,14,0.0,10.2,2
3/15/2021,1010.1,32.6,24.3,28.0,83,94,69,NNE,4,NE,20,1.9,6.0,7
3/16/2021,1010.4,32.5,26.7,29.2,75,92,61,N,4,NE,11,0.0,10.6,2
3/17/2021,1009.2,32.9,24.7,28.8,80,97,66,NE,4,NE,14,0.0,10.1,3
3/18/2021,1010.1,32.6,24.2,28.2,80,97,62,NNE,3,ENE,8,0.0,7.9,4
3/19/2021,1009.8,32.8,25.7,28.9,78,92,64,W,3,NW,9,0.0,9.0,5
3/20/2021,1008.8,32.2,27.6,29.3,76,84,66,W,4,NW,12,0.0,4.7,6
3/21/2021,1008.5,32.9,24.6,29.2,78,91,67,NW,3,WNW,8,0.0,10.3,3
3/22/2021,1009.7,32.7,26.0,28.8,81,95,68,NNE,4,N,10,0.0,10.1,3
3/23/2021,1010.0,32.7,24.0,28.0,86,98,71,N,3,N,20,28.6,8.3,4
3/24/2021,1010.0,30.7,24.5,27.3,87,100,74,S,3,ENE,25,0.7,1.0,6
3/25/2021,1009.1,31.2,23.4,28.0,84,99,72,ENE,5,W,26,4.1,4.8,5
3/26/2021,1008.5,32.1,26.9,28.9,83,98,73,N,3,NNW,12,0.0,4.6,7
3/27/2021,1008.8,32.7,26.3,29.1,79,89,71,E,5,SSE,18,0.0,1.8,7
3/28/2021,1008.5,32.3,27.8,29.8,77,91,70,E,5,ENE,12,0.0,10.3,4
3/29/2021,1009.1,32.2,24.2,27.9,85,100,72,S,7,SSE,28,17.8,5.4,6
3/30/2021,1007.5,32.7,24.6,28.8,80,98,65,S,4,S,18,0.0,6.3,6
3/31/2021,1007.8,32.5,27.5,29.4,79,97,66,NW,3,S,11,0.0,10.7,2
4/1/2021,1008.6,33.4,28.6,30.1,82,90,74,WNW,6,WNW,14,0.05,7.1,6
4/2/2021,1008.7,33.6,28.2,30.1,78,87,73,NW,5,NW,13,0.0,10.0,3
4/3/2021,1009.6,33.5,28.1,30.0,73,82,68,WNW,6,NW,13,0.0,9.8,3
4/4/2021,1010.2,32.4,27.8,29.8,70,79,64,NW,5,NNW,14,0.0,10.7,2
4/5/2021,1009.7,32.7,28.0,29.7,74,82,66,NW,6,NNW,15,0.0,10.5,2
4/6/2021,1010.1,32.7,27.0,29.9,76,86,68,NW,4,NNW,11,0.0,10.1,2
4/7/2021,1011.0,33.0,28.2,30.1,78,86,70,VRB,0,WNW,5,0.0,9.8,3
4/8/2021,1009.5,33.4,26.9,30.2,79,90,65,W,4,WNW,15,3.0,10.1,3
4/9/2021,1008.8,32.7,24.5,29.0,79,94,68,NNW,3,NNW,13,0.0,9.8,2
4/10/2021,1010.1,32.6,25.5,28.5,81,96,67,VRB,1,ENE,7,0.0,9.6,2
4/11/2021,1011.2,31.7,24.9,28.0,84,94,73,VRB,0,NNW,9,0.0,3.9,2
4/12/2021,1011.4,33.6,25.2,29.2,80,96,67,VRB,1,SSE,7,0.0,10.7,2
4/13/2021,1010.9,32.5,24.1,26.8,90,98,75,VRB,2,ENE,20,12.5,3.0,5
4/14/2021,1010.4,32.9,25.4,28.8,78,98,63,VRB,1,SSW,8,0.0,10.7,3
4/15/2021,1010.4,32.8,25.4,28.9,81,97,69,VRB,3,SSW,15,15.4,9.0,3
4/16/2021,1010.4,32.4,25.3,28.8,83,95,71,VRB,2,WSW,9,0.0,8.1,6
4/17/2021,1011.4,33.1,26.2,29.3,78,92,67,VRB,2,S,7,0.0,10.7,2
4/18/2021,1012.3,33.2,26.8,29.4,79,88,70,SSW,5,S,22,0.0,9.9,6
4/19/2021,1010.7,32.8,27.3,29.1,80,89,71,SW,5,WSW,13,9.9,7.2,4
4/20/2021,1010.0,32.1,26.0,28.5,82,90,73,W,5,NW,18,4.4,4.6,6
4/21/2021,1010.9,32.6,25.6,29.1,78,92,70,VRB,3,WNW,10,0.0,10.9,2
4/22/2021,1011.2,33.0,27.8,29.8,78,92,70,WSW,4,SW,12,0.0,9.3,4
4/23/2021,1010.8,33.2,25.8,30.0,77,88,71,WSW,6,WNW,14,2.0,10.4,3
4/24/2021,1009.7,33.4,26.6,30.0,78,96,66,W,2,W,8,0.0,10.8,4
4/25/2021,1009.4,33.6,28.5,30.2,78,86,70,WSW,4,WSW,10,0.0,9.8,3
4/26/2021,1009.2,33.8,27.5,30.4,77,85,68,W,4,W,9,0.0,9.7,4
4/27/2021,1010.1,33.8,26.8,30.1,79,94,67,W,3,WNW,7,0.0,9.8,4
4/28/2021,1010.6,33.7,27.2,29.3,83,93,71,SW,4,NW,12,1.9,6.1,5
4/29/2021,1009.9,32.9,28.4,29.9,79,87,70,WSW,5,SW,10,0.0,9.1,5
4/30/2021,1008.5,33.6,28.4,30.6,77,86,69,W,4,W,9,0.0,10.6,3
5/1/2021,1008.5,33.5,26.5,29.6,80,94,68,W,3,NNE,24,0.05,8.6,6
5/2/2021,1008.2,33.4,26.5,30.0,80,90,68,VRB,2,NE,11,5.7,9.1,3
5/3/2021,1008.6,33.7,25.0,28.8,84,96,72,SW,5,SSE,18,3.5,6.1,7
5/4/2021,1007.7,32.8,26.0,29.5,80,92,69,VRB,3,W,9,0.0,5.2,7
5/5/2021,1007.9,33.4,26.0,29.6,81,95,68,WNW,1,W,5,0.0,10.3,6
5/6/2021,1008.6,33.6,27.5,29.8,81,95,71,SSW,2,SSW,10,0.05,8.7,6
5/7/2021,1009.3,31.9,26.2,29.2,82,92,71,E,3,E,14,1.0,5.4,7
5/8/2021,1007.9,33.5,27.8,30.4,77,95,66,ENE,4,ENE,10,0.0,10.6,6
5/9/2021,1007.4,33.4,25.6,29.2,83,98,66,VRB,3,NNE,13,5.6,6.3,5
5/10/2021,1008.0,33.0,25.0,29.3,83,100,71,SSW,5,ENE,15,32.5,9.0,6
5/11/2021,1008.6,32.2,24.5,28.1,88,97,75,W,9,SW,32,24.2,4.9,7
5/12/2021,1007.9,30.9,25.2,28.3,84,100,75,WNW,13,W,29,16.4,0.0,8
5/13/2021,1006.4,31.4,24.9,28.5,83,100,77,WSW,16,WSW,40,21.5,1.7,8
5/14/2021,1005.1,30.4,25.1,28.2,86,95,80,WSW,17,W,41,31.1,0.0,8
5/15/2021,1005.5,31.3,24.9,29.6,80,90,76,WSW,15,W,33,5.8,1.5,7
5/16/2021,1006.5,31.8,26.4,29.8,81,88,72,W,10,W,32,4.7,5.2,6
5/17/2021,1007.9,32.8,26.0,29.5,82,92,72,SW,8,WSW,26,7.8,8.2,4
5/18/2021,1008.1,32.8,27.1,29.6,80,91,73,WSW,9,W,22,0.7,10.3,4
5/19/2021,1008.4,31.8,25.6,29.2,83,96,74,W,8,WNW,23,7.4,6.9,7
5/20/2021,1009.3,32.5,28.1,30.0,80,89,74,W,7,WNW,26,0.05,9.3,4
5/21/2021,1009.3,32.7,25.0,29.5,81,93,72,WSW,9,WSW,24,34.1,9.8,7
5/22/2021,1008.9,31.7,25.1,28.3,87,99,77,WSW,11,SSW,23,6.3,2.6,7
5/23/2021,1009.7,32.1,26.2,28.8,84,93,74,W,7,WSW,22,13.7,2.5,7
5/24/2021,1010.2,32.5,25.6,28.5,86,95,76,W,10,W,28,26.8,5.9,7
5/25/2021,1010.7,29.4,25.1,27.5,87,97,78,W,13,WSW,30,36.6,0.0,8
5/26/2021,1010.6,29.9,24.4,27.5,85,96,76,W,14,W,37,26.2,0.0,8
5/27/2021,1010.5,31.1,24.0,28.2,83,91,76,W,12,WNW,28,22.9,1.2,7
5/28/2021,1010.7,31.5,25.2,28.7,83,96,76,W,12,WNW,30,5.8,9.5,6
5/29/2021,1011.1,31.6,26.4,29.5,76,83,68,W,10,W,20,0.0,11.1,3
5/30/2021,1010.6,31.8,27.4,29.6,78,86,69,W,10,W,20,0.0,9.7,5
5/31/2021,1009.2,32.0,27.0,29.4,79,87,73,W,9,W,23,0.6,9.5,6
6/1/2021,1008.9,31.9,27.7,29.3,77,81,71,W,9,W,18,0.0,10.9,2
6/2/2021,1008.9,32.3,28.0,29.5,77,83,69,W,8,WSW,18,0.0,10.0,4
6/3/2021,1009.9,31.3,27.2,29.1,80,85,75,W,8,W,18,0.0,0.5,6
6/4/2021,1010.5,31.8,27.4,29.5,77,84,69,W,8,W,15,0.0,7.6,7
6/5/2021,1010.1,32.4,27.4,29.4,80,87,69,W,8,W,17,1.1,9.5,6
6/6/2021,1010.2,31.6,25.5,28.7,84,93,75,W,7,W,21,22.3,7.7,7
6/7/2021,1010.4,31.9,25.4,28.4,84,96,75,W,8,WNW,27,13.8,4.8,7
6/8/2021,1010.5,30.5,26.6,28.6,84,95,80,W,10,W,24,0.9,0.0,8
6/9/2021,1009.9,32.1,27.7,29.5,78,88,71,WNW,9,NW,17,0.0,10.3,5
6/10/2021,1009.0,31.9,27.2,29.4,77,85,70,W,7,NW,15,0.0,10.6,4
6/11/2021,1009.4,32.2,25.2,29.0,79,89,72,W,8,W,20,3.3,10.2,5
6/12/2021,1009.7,31.4,26.0,29.0,82,88,76,W,9,WNW,23,3.8,9.2,7
6/13/2021,1009.9,31.2,26.6,28.8,80,88,74,W,11,W,23,0.4,1.6,6
6/14/2021,1009.3,31.2,26.6,29.1,79,89,74,WSW,10,WSW,23,1.1,5.8,7
6/15/2021,1008.9,31.6,27.4,29.3,77,83,73,WSW,12,WSW,22,0.05,8.2,5
6/16/2021,1009.9,31.2,28.0,29.2,81,87,75,WSW,10,W,21,0.0,6.2,7
6/17/2021,1010.4,31.9,27.6,29.5,81,87,75,WSW,9,WSW,16,0.0,9.9,6
6/18/2021,1011.2,32.2,26.2,29.4,81,90,75,WSW,8,WSW,20,1.6,7.9,6
6/19/2021,1012.3,32.7,28.0,29.7,78,85,72,W,7,W,15,0.0,9.9,5
6/20/2021,1012.2,32.2,28.0,29.7,77,85,71,WNW,9,WNW,19,0.0,10.5,2
6/21/2021,1011.3,32.5,28.1,29.8,78,83,72,WNW,10,WNW,19,0.05,9.5,2
6/22/2021,1010.5,31.4,24.4,29.1,81,95,74,WNW,11,WNW,22,3.5,0.0,7
6/23/2021,1010.8,30.0,27.0,28.5,83,96,78,WNW,9,WNW,19,0.0,0.0,8
6/24/2021,1011.0,31.2,26.8,29.0,82,88,76,WNW,8,WNW,15,0.6,3.4,7
6/25/2021,1010.1,32.1,26.1,29.2,81,94,72,WNW,7,WNW,20,0.05,9.4,6
6/26/2021,1010.1,32.6,25.1,29.4,77,87,70,W,7,W,14,3.5,10.5,6
6/27/2021,1010.9,32.4,23.6,27.2,88,100,79,WNW,7,W,33,37.5,4.1,7
6/28/2021,1009.6,32.2,25.6,28.4,85,95,78,NW,6,NW,22,8.6,4.4,7
6/29/2021,1009.2,32.5,26.8,29.5,82,90,73,NW,6,NW,16,0.05,10.6,5
6/30/2021,1009.2,32.4,26.6,29.1,84,92,75,WNW,8,NW,20,6.3,8.7,6
7/1/2021,1009.0,31.7,24.9,29.0,81,85,76,W,9,NW,28,0.7,0.0,7
7/2/2021,1009.4,32.1,24.5,28.4,82,92,73,W,10,WNW,24,2.8,6.6,7
7/3/2021,1009.5,31.7,27.9,29.2,81,92,75,WNW,12,WNW,23,0.0,0.0,8
7/4/2021,1009.5,32.9,28.0,29.7,81,88,73,WNW,9,WNW,21,0.0,5.3,7
7/5/2021,1008.7,32.2,25.3,29.0,82,93,74,WNW,12,NNW,25,1.3,5.5,7
7/6/2021,1007.8,31.8,25.3,28.5,82,89,72,NW,9,N,25,1.3,7.1,7
7/7/2021,1008.5,31.3,25.8,29.1,80,87,73,NW,10,NW,25,0.05,9.8,7
7/8/2021,1008.7,32.7,24.9,29.0,82,97,72,WNW,11,WNW,28,10.4,8.1,6
7/9/2021,1008.9,30.4,24.2,26.5,89,97,82,W,13,W,34,70.5,0.0,8
7/10/2021,1008.8,28.6,24.3,27.2,86,94,82,W,11,WNW,36,4.9,0.0,8
7/11/2021,1008.3,31.0,27.4,29.0,82,88,77,WNW,10,WNW,22,0.0,7.2,7
7/12/2021,1007.9,31.7,27.6,29.2,82,90,75,W,7,W,19,0.0,10.1,7
7/13/2021,1008.0,32.2,27.6,29.3,84,90,76,W,6,WNW,14,0.0,8.1,6
7/14/2021,1008.0,32.4,27.5,29.3,84,90,74,W,5,W,14,0.0,8.4,6
7/15/2021,1007.9,32.2,27.9,29.4,84,91,77,W,6,WNW,14,0.0,6.9,7
7/16/2021,1009.1,32.9,26.8,29.5,82,88,71,NW,5,W,13,0.0,8.7,6
7/17/2021,1009.7,32.4,26.4,29.2,82,90,74,WNW,5,WNW,12,0.05,9.7,4
7/18/2021,1010.1,32.9,25.4,28.9,82,91,73,WNW,8,WNW,27,3.4,5.7,7
7/19/2021,1010.7,32.6,27.4,29.3,81,88,73,WNW,7,WNW,15,0.0,9.9,6
7/20/2021,1012.0,32.1,26.6,29.0,82,89,69,W,7,W,21,0.5,8.0,5
7/21/2021,1011.6,31.9,27.6,29.2,81,86,75,W,6,WNW,17,0.05,7.5,7
7/22/2021,1009.5,31.5,26.8,29.4,81,86,75,W,9,W,20,0.0,9.2,7
7/23/2021,1008.8,30.6,25.7,28.6,85,95,80,WSW,9,WSW,19,13.4,1.6,6
7/24/2021,1009.9,31.0,23.9,27.2,89,98,79,W,7,NW,28,25.9,2.0,7
7/25/2021,1011.0,29.4,24.5,27.3,86,97,77,WNW,13,W,36,0.9,0.0,8
7/26/2021,1011.0,32.9,24.9,28.0,85,96,72,W,7,W,25,23.8,3.5,7
7/27/2021,1010.5,31.1,25.4,28.0,85,97,74,WNW,9,W,26,2.9,7.1,7
7/28/2021,1010.9,31.0,25.2,28.4,84,93,79,W,7,W,25,3.7,1.5,7
7/29/2021,1011.6,31.4,27.0,29.0,82,88,74,WNW,6,WNW,15,0.05,8.6,6
7/30/2021,1012.5,32.6,25.9,29.0,81,92,74,WNW,5,WNW,13,0.5,11.1,3
7/31/2021,1012.6,32.1,25.4,28.7,83,95,74,WNW,7,WNW,20,3.1,10.0,6
8/1/2021,1011.7,31.4,25.0,28.2,84,92,75,WNW,7,NNW,24,3.8,7.8,6
8/2/2021,1012.1,31.8,26.0,28.8,82,89,73,W,4,W,13,0.0,8.4,7
8/3/2021,1012.9,32.1,27.6,29.1,81,87,76,W,4,WSW,9,0.0,9.5,6
8/4/2021,1013.0,32.4,27.2,29.6,81,87,73,W,5,W,11,0.05,9.9,6
8/5/2021,1011.4,32.2,25.0,29.1,83,92,76,W,7,WNW,19,1.4,5.1,6
8/6/2021,1010.1,31.4,26.5,29.0,84,95,80,WNW,12,W,30,5.5,4.2,7
8/7/2021,1010.5,32.5,25.5,29.0,82,89,73,WNW,11,W,27,0.8,3.8,8
8/8/2021,1011.0,29.9,24.8,28.0,84,92,77,W,9,W,24,17.5,0.0,8
8/9/2021,1011.6,29.4,24.6,27.3,86,98,76,WNW,11,W,24,5.7,0.0,8
8/10/2021,1011.3,29.1,24.0,27.5,86,99,80,NW,11,NW,32,25.5,0.0,8
8/11/2021,1011.7,32.8,26.0,29.0,81,94,72,NW,9,NW,22,0.8,9.2,6
8/12/2021,1012.0,32.4,27.5,29.1,81,87,74,WNW,9,NW,19,0.0,7.2,7
8/13/2021,1011.0,31.2,27.4,29.0,79,85,73,WNW,10,W,18,0.0,6.6,6
8/14/2021,1009.9,31.7,27.3,29.1,78,84,70,WNW,10,WNW,20,0.0,10.8,5
8/15/2021,1010.2,31.0,24.8,28.5,81,89,73,WNW,10,NW,29,1.5,6.1,7
8/16/2021,1011.0,31.1,24.9,27.9,83,95,75,NW,9,NW,29,1.3,4.9,7
8/17/2021,1011.5,31.0,24.2,27.2,85,95,77,WNW,9,WNW,28,13.6,3.1,7
8/18/2021,1010.4,29.2,24.1,27.1,86,95,83,WNW,9,WNW,24,2.3,0.2,7
8/19/2021,1009.2,31.5,26.1,28.5,82,89,74,WNW,7,W,17,0.05,8.2,6
8/20/2021,1009.3,31.8,27.2,28.8,80,88,72,NW,6,NW,14,0.0,9.7,5
8/21/2021,1010.2,31.9,27.2,28.9,79,85,73,NW,6,WNW,14,0.0,10.9,4
8/22/2021,1009.8,32.0,26.6,28.8,79,88,70,NW,4,NNW,10,0.0,10.9,5
8/23/2021,1009.8,31.8,25.4,28.6,80,89,72,W,4,WSW,14,0.0,10.6,4
8/24/2021,1010.0,31.8,24.8,27.9,83,95,72,W,5,WNW,21,5.5,9.3,6
8/25/2021,1009.3,30.5,24.0,27.4,86,95,78,W,8,NW,22,14.1,1.5,7
8/26/2021,1008.5,31.0,26.5,28.4,81,92,76,W,10,W,24,0.9,7.3,6
8/27/2021,1008.7,31.3,24.5,27.9,86,97,73,WNW,7,W,23,3.5,4.1,7
8/28/2021,1007.7,29.5,25.6,27.7,84,95,78,W,8,W,25,6.1,0.0,7
8/29/2021,1007.6,30.7,25.6,28.6,82,89,77,W,9,W,31,10.6,1.8,8
8/30/2021,1008.4,31.6,27.2,28.9,82,88,74,WNW,8,W,16,0.0,6.7,7
8/31/2021,1009.2,31.9,27.1,29.1,79,87,73,WNW,7,WNW,15,0.0,10.9,4
9/1/2021,1010.1,33.6,27.0,29.0,79,87,70,WNW,8,W,17,0.0,10.3,2
9/2/2021,1009.6,31.7,26.9,28.8,79,85,73,WNW,7,WNW,15,0.0,7.0,7
9/3/2021,1009.2,32.1,26.0,29.0,77,85,70,W,5,W,13,0.0,9.9,6
9/4/2021,1009.8,30.9,26.6,28.4,81,90,76,W,8,W,22,0.05,4.3,7
9/5/2021,1010.4,30.8,24.9,27.8,85,91,80,W,8,WNW,23,8.3,0.3,7
9/6/2021,1010.4,31.9,25.9,29.1,81,90,74,W,8,WNW,24,3.8,10.1,7
9/7/2021,1010.2,31.5,26.4,29.1,81,91,74,W,8,WSW,22,1.5,7.9,7
9/8/2021,1010.9,31.7,27.0,28.9,77,85,69,W,5,W,14,0.0,10.8,4
9/9/2021,1011.5,31.7,27.5,29.0,78,85,71,WNW,5,NW,12,0.0,10.8,2
9/10/2021,1011.1,32.9,27.2,29.2,77,85,69,NW,6,WNW,16,0.0,10.9,2
9/11/2021,1010.5,33.3,27.7,29.3,75,84,66,W,7,W,16,0.0,10.7,5
9/12/2021,1009.7,31.3,27.4,29.3,78,86,71,WSW,9,WSW,17,0.7,7.8,7
9/13/2021,1009.1,31.8,25.7,28.8,83,92,74,W,6,WNW,24,6.7,6.5,5
9/14/2021,1009.2,31.2,24.6,28.4,85,94,77,W,7,WNW,27,10.9,5.8,7
9/15/2021,1009.8,30.2,25.5,27.5,87,97,80,W,8,W,26,12.0,0.0,8
9/16/2021,1008.9,31.9,26.7,28.9,81,92,73,WNW,7,WNW,20,1.0,6.6,6
9/17/2021,1008.9,33.0,27.2,29.2,80,89,72,NW,7,WNW,17,0.0,9.9,5
9/18/2021,1009.8,32.2,26.8,28.9,81,89,73,NNW,5,NNW,14,0.0,8.3,6
9/19/2021,1010.9,32.1,27.2,29.2,80,89,71,NNW,4,NNW,13,0.0,10.4,5
9/20/2021,1010.6,31.7,26.1,29.0,80,93,71,NNW,4,WNW,16,0.05,10.0,4
9/21/2021,1010.2,31.7,25.9,28.5,84,92,76,WNW,8,WNW,23,3.6,5.4,6
9/22/2021,1009.0,31.8,25.2,28.6,83,95,72,NW,7,NW,24,3.7,9.1,6
9/23/2021,1009.5,32.2,27.8,29.4,80,86,71,NW,9,NW,19,0.0,9.0,4
9/24/2021,1009.7,32.6,26.2,29.2,80,89,69,NW,7,W,18,0.2,10.2,5
9/25/2021,1009.1,30.9,24.8,28.3,84,98,74,WNW,11,WNW,32,21.7,5.0,7
9/26/2021,1009.0,30.2,23.5,26.4,87,98,77,WNW,14,WSW,33,46.1,0.2,8
9/27/2021,1008.1,30.2,22.9,27.5,86,98,77,W,10,W,36,34.6,0.1,8
9/28/2021,1009.4,30.4,25.5,27.6,85,94,76,W,8,WNW,27,2.4,0.8,7
9/29/2021,1009.7,31.5,26.5,28.8,82,92,74,W,6,WSW,16,0.0,9.6,3
9/30/2021,1010.0,32.2,25.6,28.8,82,90,70,W,5,W,23,4.3,10.0,5
10/1/2021,1009.4,31.6,24.6,27.8,85,96,75,NW,6,NW,22,5.5,4.9,7
10/2/2021,1008.7,30.4,25.1,27.7,85,92,79,NW,7,WNW,16,2.7,0.6,7
10/3/2021,1008.5,31.1,25.2,28.4,83,91,75,WNW,7,W,19,7.1,9.3,7
10/4/2021,1008.1,30.9,24.3,26.9,90,98,79,WNW,8,W,25,83.3,2.3,8
10/5/2021,1008.1,28.4,24.5,27.0,88,100,84,WNW,12,W,28,4.8,0.0,8
10/6/2021,1007.6,31.2,26.8,28.4,84,91,76,WNW,8,W,18,0.8,1.1,7
10/7/2021,1008.1,31.6,26.2,28.5,83,92,73,WSW,7,WSW,19,5.0,9.7,6
10/8/2021,1009.3,31.1,25.2,28.8,83,90,76,WSW,8,WSW,23,3.1,10.7,7
10/9/2021,1010.5,31.1,27.2,28.8,83,90,76,W,7,WSW,18,0.4,8.2,7
10/10/2021,1009.9,31.8,27.7,29.2,82,88,76,W,8,W,17,0.2,10.0,6
10/11/2021,1009.2,31.0,25.2,28.4,84,92,77,W,8,W,22,3.0,0.0,7
10/12/2021,1008.7,31.7,27.4,28.9,81,86,76,W,9,W,20,1.3,9.3,6
10/13/2021,1008.0,31.5,27.6,29.1,81,86,76,W,8,W,21,0.9,8.5,4
10/14/2021,1006.6,31.8,27.4,29.2,80,87,74,W,9,W,23,0.05,10.9,4
10/15/2021,1004.2,30.9,25.3,28.5,83,91,73,W,13,W,35,7.7,0.0,7
10/16/2021,1005.7,32.6,27.2,28.7,75,83,71,W,11,W,29,0.0,8.2,7
10/17/2021,1008.6,30.2,24.3,27.8,80,88,73,W,10,WSW,30,5.2,2.0,7
10/18/2021,1010.5,31.6,27.0,28.6,79,86,71,W,6,WSW,18,0.0,7.7,7
10/19/2021,1011.8,31.9,26.6,28.7,78,85,71,NW,6,WNW,16,0.0,10.7,5
10/20/2021,1012.5,31.4,27.0,28.7,78,86,73,NW,5,NW,14,0.0,10.9,5
10/21/2021,1012.0,31.7,24.6,28.3,83,96,75,NW,6,NNW,20,17.0,9.3,6
10/22/2021,1012.1,31.2,25.0,28.3,84,91,78,NW,4,S,17,0.05,6.7,7
10/23/2021,1013.1,31.0,25.0,27.5,83,92,75,W,7,W,19,2.0,1.5,7
10/24/2021,1012.8,31.0,25.6,27.6,85,89,76,WNW,6,WSW,20,0.8,2.6,7
10/25/2021,1010.9,31.5,27.0,28.6,84,90,77,WNW,5,NW,13,1.3,9.2,6
10/26/2021,1010.1,31.4,26.9,28.7,80,89,76,NW,6,NNW,20,1.7,6.1,6
10/27/2021,1010.2,32.7,26.6,28.3,79,85,74,NW,5,NW,14,0.05,0.4,7
10/28/2021,1010.0,31.4,26.7,28.9,78,84,70,WNW,5,NW,14,0.0,10.7,5
10/29/2021,1010.8,31.6,26.9,28.7,77,83,71,W,4,W,10,0.0,8.7,7
10/30/2021,1011.2,31.6,24.2,28.2,82,96,72,WNW,4,NW,13,6.7,8.7,7
10/31/2021,1011.1,32.1,23.5,28.1,83,95,76,W,5,WNW,25,82.1,3.6,7
11/1/2021,1010.2,29.4,24.5,26.3,91,98,86,WNW,4,WSW,23,9.4,0.0,8
11/2/2021,1009.0,31.2,25.2,27.9,85,98,77,NW,3,NW,17,3.9,6.9,7
11/3/2021,1009.3,31.1,25.2,27.9,84,92,76,SW,6,SW,21,4.0,6.0,7
11/4/2021,1009.6,29.1,23.5,26.6,90,100,82,SSW,6,WSW,29,47.9,0.0,7
11/5/2021,1009.7,32.3,26.0,28.4,84,90,77,WSW,6,WSW,16,1.4,7.8,7
11/6/2021,1009.3,30.7,24.4,27.2,86,94,77,W,7,W,25,9.9,5.6,7
11/7/2021,1009.2,29.6,23.6,27.0,88,96,83,WSW,7,W,26,11.7,0.1,8
11/8/2021,1009.7,30.9,26.5,28.1,85,92,73,W,5,W,15,0.0,2.9,7
11/9/2021,1010.1,31.8,27.1,29.0,82,89,76,WNW,7,WNW,15,0.0,10.2,6
11/10/2021,1009.2,31.6,25.0,28.5,81,93,75,W,9,NW,23,0.2,10.6,7
11/11/2021,1008.4,31.6,24.4,28.0,81,94,71,W,9,W,23,16.4,7.6,7
11/12/2021,1008.5,30.7,25.0,28.3,80,97,73,WSW,12,W,29,11.9,6.0,7
11/13/2021,1009.3,30.9,26.2,28.7,80,92,73,WSW,14,W,28,0.0,5.7,7
11/14/2021,1009.8,30.7,27.1,28.5,81,88,76,W,11,WSW,27,0.0,7.7,7
11/15/2021,1008.1,32.1,23.4,28.1,84,97,76,W,9,W,25,39.6,10.2,7
11/16/2021,1008.2,29.9,23.9,26.9,88,95,82,W,7,W,27,27.6,0.4,7
11/17/2021,1009.1,31.5,26.5,28.3,83,88,76,W,6,WNW,17,0.7,8.8,6
11/18/2021,1008.3,31.0,26.6,28.3,79,85,73,WNW,11,WNW,23,0.05,6.1,6
11/19/2021,1007.1,30.9,26.4,28.4,76,83,72,W,11,WNW,23,0.0,11.3,3
11/20/2021,1007.8,31.1,26.5,28.3,74,81,68,W,8,W,18,0.0,10.8,3
11/21/2021,1009.9,32.2,26.2,28.1,77,83,72,W,5,WSW,15,0.0,8.6,6
11/22/2021,1010.3,31.4,26.5,28.4,77,84,69,NW,6,NW,15,0.0,10.4,3
11/23/2021,1010.3,31.8,24.9,28.6,81,86,74,NW,6,N,16,3.6,11.0,5
11/24/2021,1010.2,30.4,23.5,26.7,89,98,79,NW,6,N,18,12.6,0.0,8
11/25/2021,1009.6,31.3,24.6,28.0,85,89,78,NW,5,N,15,0.5,3.0,7
11/26/2021,1009.7,30.7,23.3,27.5,86,100,79,NNW,4,W,12,63.0,0.3,7
11/27/2021,1009.7,31.1,24.5,27.5,86,98,78,WNW,4,W,11,2.4,3.5,7
11/28/2021,1009.5,30.0,23.1,25.5,93,99,83,WNW,4,N,17,36.6,1.2,8
11/29/2021,1009.6,30.5,24.5,27.1,88,97,74,S,5,S,13,11.1,7.1,7
11/30/2021,1009.7,29.0,24.1,26.6,90,98,84,WSW,4,SW,14,0.05,0.3,7
12/1/2021,1010.2,31.2,24.6,27.5,85,96,76,S,5,SW,19,3.5,10.5,4
12/2/2021,1010.2,31.1,26.6,28.2,84,94,76,S,5,S,13,0.0,10.8,2
12/3/2021,1011.3,31.4,25.0,28.3,84,92,74,S,4,S,12,0.9,11.1,2
12/4/2021,1012.0,31.4,25.3,27.9,85,97,72,WNW,3,W,12,1.8,9.7,4
12/5/2021,1011.7,31.7,25.6,28.2,83,95,75,WNW,4,N,12,0.0,10.2,4
12/6/2021,1011.3,32.0,25.4,28.5,81,88,75,N,5,N,17,1.9,10.7,3
12/7/2021,1011.0,30.7,25.8,28.2,80,85,74,N,5,N,15,0.05,5.6,5
12/8/2021,1011.2,31.0,24.6,27.7,84,99,73,NNW,5,ESE,18,26.8,10.8,4
12/9/2021,1012.0,31.6,25.5,27.6,86,93,76,N,4,N,13,2.3,6.5,6
12/10/2021,1011.8,28.4,23.9,26.2,91,98,83,NE,4,E,21,36.5,0.0,7
12/11/2021,1011.6,31.6,24.6,27.8,83,97,71,N,4,N,11,0.0,10.9,3
12/12/2021,1011.1,30.8,24.4,27.8,84,93,75,NNE,4,N,16,0.2,8.1,6
12/13/2021,1010.8,29.9,23.9,27.0,87,96,79,ESE,5,E,18,15.2,0.8,7
12/14/2021,1010.5,29.9,24.2,26.9,88,98,80,E,4,E,16,0.0,0.6,6
12/15/2021,1011.2,30.2,24.4,27.2,88,98,76,NE,2,NE,8,0.0,2.2,7
12/16/2021,1012.0,31.8,24.1,27.9,85,93,77,NNE,4,E,15,2.7,9.4,4
12/17/2021,1012.2,31.9,23.1,27.5,85,97,73,E,2,E,8,0.0,10.9,2
12/18/2021,1011.7,31.6,23.6,27.4,84,98,72,ENE,3,NE,9,0.0,10.7,2
12/19/2021,1012.3,31.6,26.5,28.2,83,98,74,E,4,ENE,11,0.0,9.3,1
12/20/2021,1012.6,31.4,26.2,28.7,81,86,73,ESE,5,ENE,12,0.0,8.2,2
12/21/2021,1013.2,31.5,24.2,27.9,83,95,73,E,4,E,12,0.0,8.9,2
12/22/2021,1012.1,31.4,25.6,28.1,77,89,68,ENE,6,NE,12,0.0,7.8,3
12/23/2021,1011.7,31.5,24.8,27.7,75,85,67,NE,5,E,10,0.0,10.4,2
12/24/2021,1011.9,30.8,21.2,26.8,79,90,67,NNE,5,ENE,10,0.0,10.6,2
12/25/2021,1012.4,31.2,24.5,26.6,80,96,62,NNE,3,ENE,9,0.0,10.6,1
12/26/2021,1013.4,31.5,25.9,28.0,77,90,69,ENE,5,ENE,12,0.0,8.8,2
12/27/2021,1012.9,31.8,26.8,28.3,71,82,62,ENE,8,ENE,17,0.0,10.6,2
12/28/2021,1012.1,31.7,23.6,28.1,69,82,58,NE,8,NE,18,0.0,10.0,2
12/29/2021,1011.8,31.2,23.5,26.9,73,83,60,NE,5,NE,12,0.0,11.2,1
12/30/2021,1012.3,30.8,24.2,27.8,73,85,60,ENE,5,ENE,11,0.0,11.3,1
12/31/2021,1012.5,31.7,25.1,28.1,80,91,70,ENE,6,ENE,23,6.5,9.0,3
1/1/2022,1012.6,30.0,24.5,27.7,84,92,78,NE,7,ESE,20,0.05,2.2,6
1/2/2022,1011.3,31.0,25.2,28.2,82,92,76,ENE,7,ENE,19,0.7,7.5,4
1/3/2022,1011.9,31.1,24.5,27.4,86,94,73,NNE,5,ENE,16,3.5,7.9,5
1/4/2022,1012.3,31.6,25.5,28.2,80,94,70,NE,5,NE,11,0.05,8.4,4
1/5/2022,1012.1,31.0,24.2,27.9,82,88,75,NNE,5,NE,10,0.0,8.7,6
1/6/2022,1011.8,31.1,23.5,27.2,82,93,70,N,4,N,12,0.0,8.3,3
1/7/2022,1012.3,31.2,24.1,27.5,80,94,70,N,4,NNW,9,0.0,9.6,2
1/8/2022,1012.4,30.9,26.6,28.2,78,90,70,N,5,N,12,0.0,10.7,2
1/9/2022,1011.7,31.0,24.2,27.8,79,91,68,N,5,N,15,0.0,10.9,4
1/10/2022,1011.3,31.0,25.1,27.8,80,92,68,N,6,N,13,0.0,9.5,3
1/11/2022,1011.6,31.4,24.5,28.0,80,90,71,NNE,6,N,15,0.0,10.4,2
1/12/2022,1011.8,31.6,24.2,27.5,78,89,67,NNE,5,N,14,0.0,10.3,3
1/13/2022,1011.0,31.4,25.6,27.9,76,83,66,NE,6,NE,13,0.0,10.5,2
1/14/2022,1010.8,31.2,26.4,28.3,74,81,67,ENE,7,ENE,14,0.0,10.6,3
1/15/2022,1010.9,31.4,26.7,28.5,75,81,68,NE,8,NE,14,0.0,10.5,4
1/16/2022,1011.7,31.8,25.6,28.7,78,85,72,ENE,8,ENE,16,0.05,10.8,4
1/17/2022,1013.0,31.8,25.6,28.4,78,86,68,NE,8,NE,17,0.05,9.1,3
1/18/2022,1011.9,33.4,25.8,28.2,77,86,67,NE,8,NE,20,0.0,10.2,5
1/19/2022,1011.7,31.0,24.8,28.1,76,87,65,N,4,NNW,10,0.0,10.1,4
1/20/2022,1010.9,31.1,23.0,27.6,77,85,67,N,5,N,12,0.0,10.7,4
1/21/2022,1011.9,31.3,24.1,27.2,77,90,64,N,4,N,11,0.0,10.1,5
1/22/2022,1010.7,30.6,26.5,28.1,74,83,66,N,6,NNW,13,0.0,1.4,7
1/23/2022,1010.7,31.1,26.2,28.4,73,79,66,N,7,NNW,16,0.0,11.0,7
1/24/2022,1010.0,31.0,22.6,28.0,67,75,61,N,6,NNW,16,0.0,10.9,5
1/25/2022,1009.8,30.8,23.9,27.6,68,82,58,N,5,NE,13,0.0,10.0,3
1/26/2022,1010.4,30.9,22.5,26.6,67,84,54,N,4,N,11,0.0,10.0,5
1/27/2022,1009.2,30.4,21.9,26.0,65,81,50,NNE,5,NE,14,0.0,8.2,5
1/28/2022,1009.5,30.9,23.4,27.9,72,86,63,E,9,E,26,2.3,8.4,6
1/29/2022,1010.9,31.2,23.3,27.4,82,96,69,ESE,8,E,25,4.3,2.1,7
1/30/2022,1010.3,31.3,26.8,28.9,78,82,71,E,8,E,19,0.0,10.4,5
1/31/2022,1010.0,32.4,25.4,28.7,81,89,72,E,6,E,12,0.0,10.6,2
2/1/2022,1009.9,31.9,25.3,28.2,81,92,71,NNE,7,NE,15,0.0,10.6,5
2/2/2022,1011.1,31.4,25.1,28.3,79,89,71,N,6,NE,13,0.0,7.1,4
2/3/2022,1011.3,31.8,26.5,28.4,76,86,70,N,5,ENE,12,0.0,10.4,2
2/4/2022,1010.2,31.2,24.0,27.9,75,85,67,N,6,N,16,0.0,11.1,2
2/5/2022,1010.2,30.9,21.6,27.1,78,90,68,NNE,5,N,15,0.0,11.0,2
2/6/2022,1012.8,30.8,24.9,27.4,73,92,63,N,5,N,14,0.0,10.8,3
2/7/2022,1012.7,30.6,24.6,27.8,74,83,67,N,6,N,14,0.0,4.5,6
2/8/2022,1011.4,31.0,24.7,28.0,74,86,65,N,6,N,16,0.0,10.6,2
2/9/2022,1010.9,31.3,23.2,28.1,79,97,61,NNW,6,NNW,13,13.8,8.8,5
2/10/2022,1010.1,30.6,24.5,26.6,86,98,75,N,7,N,16,0.05,1.3,7
2/11/2022,1009.4,31.7,26.1,28.9,77,83,68,E,6,ENE,14,0.0,10.8,3
2/12/2022,1009.6,31.2,24.5,28.6,78,89,71,NW,3,NW,9,0.0,1.7,7
2/13/2022,1008.8,30.7,26.1,27.9,84,95,73,NNW,4,N,10,0.0,1.3,7
2/14/2022,1009.1,31.6,22.9,27.9,81,93,70,SSE,4,SSE,24,51.8,9.8,5
2/15/2022,1009.3,32.1,22.9,27.0,85,97,72,NE,3,WNW,25,0.0,3.8,6
2/16/2022,1007.5,31.9,23.0,27.3,83,97,69,VRB,3,W,9,0.0,10.7,3
2/17/2022,1006.6,31.1,24.0,27.5,80,97,69,VRB,3,NNW,8,0.0,10.1,6
2/18/2022,1008.0,30.9,27.2,28.5,77,94,69,E,5,E,15,0.0,10.6,4
2/19/2022,1009.6,31.5,27.3,29.0,77,81,71,E,8,ENE,18,0.0,9.8,4
2/20/2022,1010.1,31.5,26.4,28.9,78,84,70,E,7,E,17,0.0,10.3,2
2/21/2022,1009.8,31.2,24.0,28.1,80,94,67,E,4,ENE,10,0.0,10.8,2
2/22/2022,1010.7,31.9,24.5,28.2,79,90,65,NE,4,NNE,11,0.0,9.1,3
2/23/2022,1012.1,31.7,26.8,28.9,77,87,70,E,5,E,13,0.0,10.1,2
2/24/2022,1012.9,32.2,25.0,28.1,80,91,69,NNE,7,NE,27,1.3,9.8,3
2/25/2022,1011.8,31.7,24.3,28.2,80,94,68,NE,5,NE,13,0.0,10.8,3
2/26/2022,1012.0,30.9,26.0,28.4,80,97,72,ENE,6,E,20,0.05,8.9,2
2/27/2022,1012.2,31.9,25.2,28.7,79,90,69,ENE,4,E,11,0.0,9.3,3
2/28/2022,1011.9,31.9,23.7,28.3,81,96,70,ENE,5,NE,15,0.0,9.9,3
3/1/2022,1011.4,31.6,23.4,28.0,81,96,67,N,5,N,15,0.0,10.8,2
3/2/2022,1010.4,31.2,22.9,27.7,80,95,70,N,6,N,14,0.0,9.5,5
3/3/2022,1010.6,31.8,22.6,27.2,80,95,64,N,4,N,11,0.0,10.7,5
3/4/2022,1010.9,31.8,22.7,28.1,76,93,65,NNW,3,NNW,12,0.0,11.0,4
3/5/2022,1010.3,32.4,24.4,28.4,76,96,66,NW,3,NNW,12,0.0,10.7,3
3/6/2022,1010.0,32.4,23.6,28.0,79,95,64,NW,3,NW,10,0.0,10.7,3
3/7/2022,1009.7,33.1,24.3,28.4,77,91,64,VRB,2,NNW,8,0.0,9.7,5
3/8/2022,1010.0,32.0,23.8,28.5,77,93,66,ESE,3,E,7,0.0,10.0,2
3/9/2022,1009.7,32.6,25.1,28.4,78,94,66,N,3,N,10,0.0,10.6,2
3/10/2022,1009.7,32.2,24.5,28.7,81,97,69,NNE,4,NNW,12,0.0,9.1,3
3/11/2022,1009.1,32.5,24.0,28.1,82,98,66,N,3,ENE,10,0.0,9.2,2
3/12/2022,1008.8,32.7,24.1,28.5,79,97,66,NNW,4,NNW,10,0.0,10.3,2
3/13/2022,1008.8,32.5,25.4,28.4,80,94,67,N,4,NE,13,0.0,10.1,2
3/14/2022,1009.5,32.3,26.2,29.2,76,87,66,NNW,4,NNW,12,0.0,9.8,2
3/15/2022,1009.6,32.9,27.1,29.6,75,81,67,WNW,5,W,11,0.0,8.5,6
3/16/2022,1008.8,32.9,27.1,29.8,77,83,68,W,6,W,12,0.0,6.7,7
3/17/2022,1008.3,33.2,28.1,29.8,76,82,68,W,6,NW,13,0.0,7.1,7
3/18/2022,1008.4,33.1,27.7,29.9,76,83,66,W,7,W,14,0.0,9.6,3
3/19/2022,1008.9,32.9,26.2,29.7,76,85,66,W,8,W,22,0.05,10.0,4
3/20/2022,1009.0,32.6,26.7,29.6,75,82,63,WNW,8,W,16,0.0,10.0,3
3/21/2022,1009.3,32.5,27.5,29.8,72,80,64,WNW,7,WNW,16,0.0,9.8,2
3/22/2022,1008.9,32.9,27.4,29.7,70,76,59,WNW,7,NW,14,0.0,10.6,2
3/23/2022,1008.2,32.7,27.0,29.5,70,79,63,W,6,W,12,0.0,10.7,2
3/24/2022,1008.5,32.5,27.3,29.4,69,75,62,WSW,5,WSW,11,0.0,10.9,2
3/25/2022,1009.5,32.4,22.8,28.3,76,93,61,W,3,WSW,11,0.0,9.9,2
3/26/2022,1011.0,32.7,24.1,28.1,74,96,61,VRB,3,NW,7,0.0,10.8,2
3/27/2022,1010.7,32.7,27.2,29.5,72,81,62,ENE,5,E,9,0.0,10.8,2
3/28/2022,1010.7,32.9,26.0,28.9,80,91,68,E,3,ESE,13,1.0,7.2,3
3/29/2022,1010.0,32.9,25.3,29.2,77,88,69,NNW,4,NNW,10,0.0,9.5,3
3/30/2022,1009.8,33.4,25.4,29.2,78,93,66,VRB,2,NE,8,0.0,10.5,2
3/31/2022,1009.7,33.2,23.7,29.8,77,92,66,W,3,NW,14,29.2,10.4,2
4/1/2022,1010.5,33.2,26.1,29.3,76,90,62,WNW,3,E,25,0.0,10.1,2
4/2/2022,1010.8,32.7,25.0,29.0,81,94,69,VRB,2,W,7,0.0,10.5,2
4/3/2022,1009.7,32.9,25.0,28.6,82,95,69,VRB,2,S,7,0.0,9.6,2
4/4/2022,1010.6,32.8,25.4,29.1,79,93,67,S,3,NNW,11,0.2,9.2,5
4/5/2022,1012.1,32.4,24.2,29.1,78,91,70,SSE,3,SSE,11,0.05,7.7,6
4/6/2022,1012.3,32.8,25.1,28.8,79,92,66,VRB,3,NNE,10,0.0,10.3,4
4/7/2022,1010.9,32.6,26.9,29.2,79,91,66,NNW,3,NNW,9,0.0,0.0,2
4/8/2022,1010.3,33.4,25.0,29.9,77,87,68,WNW,3,W,9,1.5,9.6,3
4/9/2022,1009.9,32.2,23.6,28.8,80,94,69,WSW,5,NE,19,11.1,1.8,7
4/10/2022,1009.5,32.5,28.2,29.3,78,92,67,WNW,6,W,16,0.0,8.1,4
4/11/2022,1008.2,33.4,27.2,30.3,76,83,67,WNW,6,NW,12,0.4,10.4,2
4/12/2022,1007.3,32.8,26.5,29.0,80,88,70,NW,5,NNE,16,0.7,9.5,6
4/13/2022,1007.2,32.2,23.5,27.4,87,98,76,SW,5,SW,23,13.1,1.6,8
4/14/2022,1007.8,31.4,25.0,27.9,84,94,70,W,4,W,18,0.05,3.5,7
4/15/2022,1007.5,31.9,25.4,28.6,83,98,70,S,4,SSE,11,0.0,11.0,2
4/16/2022,1007.0,33.2,27.6,29.7,78,95,68,SSW,7,S,14,0.0,10.5,2
4/17/2022,1008.5,33.1,27.8,30.2,79,85,72,S,6,S,12,0.0,11.1,2
4/18/2022,1010.3,33.4,26.4,30.1,78,87,68,SSW,6,SSW,15,4.4,11.2,2
4/19/2022,1011.2,32.6,24.8,28.3,84,95,68,WSW,5,ENE,26,3.0,6.7,6
4/20/2022,1008.6,32.4,26.9,29.1,82,95,70,WNW,5,WNW,18,0.0,6.3,6
4/21/2022,1007.8,33.2,26.5,30.0,78,91,70,N,4,N,11,0.0,7.8,6
4/22/2022,1008.5,33.6,25.4,29.8,80,92,69,VRB,5,S,28,2.2,10.5,5
4/23/2022,1009.1,33.4,26.2,29.2,79,93,70,SSW,6,SSW,17,0.0,6.8,7
4/24/2022,1007.9,33.1,27.0,29.6,79,94,68,S,4,SSW,11,0.0,11.0,4
4/25/2022,1007.9,33.2,26.5,29.8,79,89,65,W,4,SSW,11,0.0,10.6,3
4/26/2022,1007.9,33.4,25.6,29.6,81,92,69,NW,3,NNW,10,0.4,10.7,5
4/27/2022,1007.6,33.5,26.1,30.0,79,94,69,WNW,3,WNW,9,0.0,10.7,3
4/28/2022,1009.1,33.1,25.9,29.2,83,95,70,VRB,3,ENE,7,0.0,4.3,6
4/29/2022,1009.6,33.7,28.4,30.2,79,94,69,WSW,6,WSW,15,0.05,10.6,6
4/30/2022,1008.5,33.8,27.9,30.6,79,87,71,W,7,W,15,0.05,7.6,7
5/1/2022,1008.2,33.1,28.9,30.4,80,86,74,W,8,WNW,19,0.0,7.8,7
5/2/2022,1007.9,33.8,27.1,30.1,80,85,72,WNW,9,W,24,3.5,5.2,7
5/3/2022,1008.1,33.4,28.7,30.6,76,84,69,NW,7,NW,14,0.0,9.7,6
5/4/2022,1009.3,33.6,28.7,30.7,76,82,68,WNW,7,WNW,15,0.0,6.9,6
5/5/2022,1008.7,33.7,24.6,30.1,79,94,68,W,7,NNW,23,12.9,4.4,7
5/6/2022,1008.1,33.4,24.7,29.8,81,96,71,WNW,5,NNW,19,0.9,6.9,6
5/7/2022,1007.6,33.4,28.8,30.7,77,84,68,NW,7,NW,14,0.0,5.0,7
5/8/2022,1006.4,33.4,28.8,30.5,79,82,76,WNW,9,NW,19,0.0,4.0,7
5/9/2022,1006.9,33.6,29.0,30.8,74,80,68,W,11,W,24,0.0,8.7,7
5/10/2022,1007.3,33.7,28.4,30.6,75,84,66,WNW,11,W,22,0.0,6.5,7
5/11/2022,1007.9,32.4,27.0,30.1,78,83,68,W,9,WSW,27,1.4,7.2,7
5/12/2022,1007.9,32.6,24.5,29.8,81,90,72,WSW,10,W,29,29.4,10.0,6
5/13/2022,1007.7,31.2,24.4,27.3,90,96,82,W,10,WSW,32,74.5,0.0,8
5/14/2022,1009.0,29.4,24.8,27.2,87,96,76,W,12,WNW,36,27.7,0.0,8
5/15/2022,1009.1,30.8,24.2,27.7,86,95,81,W,12,WNW,32,17.2,0.0,8
5/16/2022,1008.2,30.1,24.1,27.1,89,96,80,W,13,NW,36,100.8,0.0,8
5/17/2022,1006.9,29.2,23.1,27.1,89,100,84,W,11,NW,40,52.1,0.0,8
5/18/2022,1008.5,29.6,24.4,27.2,89,96,81,W,9,WNW,28,31.1,0.0,8
5/19/2022,1009.7,31.8,25.9,27.6,88,93,83,SW,8,W,21,9.8,0.0,8
5/20/2022,1009.9,32.0,27.0,29.2,84,92,77,WSW,8,WSW,20,0.9,10.4,4
5/21/2022,1009.5,31.8,27.8,29.4,81,90,71,W,7,WSW,18,0.05,10.6,2
5/22/2022,1008.3,32.2,28.0,29.6,82,88,74,W,7,W,16,0.05,10.9,4
5/23/2022,1007.6,32.2,27.4,29.6,82,90,75,W,7,WSW,23,3.2,9.6,6
5/24/2022,1009.8,31.9,25.4,29.2,84,89,79,W,6,W,24,11.2,2.3,7
5/25/2022,1010.3,33.0,24.1,29.2,82,97,72,W,6,W,29,12.0,5.9,7
5/26/2022,1011.0,30.6,26.3,27.7,83,93,76,W,7,W,21,0.0,3.3,6
5/27/2022,1010.3,31.3,24.5,28.5,81,96,74,W,7,WNW,24,13.5,7.8,5
5/28/2022,1010.0,29.0,24.0,27.2,86,92,81,WSW,9,W,26,13.3,0.3,7
5/29/2022,1009.4,30.0,24.2,27.1,88,98,82,W,8,WNW,27,32.7,1.4,7
5/30/2022,1009.4,30.8,23.9,26.4,91,95,81,W,11,WSW,33,58.0,0.0,8
5/31/2022,1009.1,29.4,25.1,27.0,86,94,79,W,12,WNW,30,5.2,0.0,8
6/1/2022,1008.7,31.2,25.7,28.1,84,90,77,W,9,WNW,23,2.3,1.6,7
6/2/2022,1008.7,31.4,25.9,29.0,85,90,78,WNW,9,WNW,23,2.3,9.4,6
6/3/2022,1008.9,31.0,24.8,27.6,86,91,80,WNW,9,W,24,1.3,0.0,7
6/4/2022,1008.0,31.9,27.5,29.1,85,94,77,WNW,8,W,16,0.0,9.6,3
6/5/2022,1008.0,32.1,27.2,29.1,84,92,76,WNW,7,WNW,21,3.0,10.4,2
6/6/2022,1008.3,32.1,27.5,29.3,84,90,77,W,7,WNW,15,0.0,9.2,6
6/7/2022,1009.3,32.1,26.8,29.0,82,87,75,W,5,W,12,0.0,6.3,7
6/8/2022,1009.4,31.7,27.2,28.9,80,85,73,WNW,7,WNW,14,0.0,7.7,6
6/9/2022,1008.9,32.1,26.6,29.3,80,89,72,W,5,W,12,0.0,9.6,6
6/10/2022,1009.5,31.7,26.5,29.1,83,94,74,WSW,6,WSW,15,0.8,9.8,6
6/11/2022,1009.8,31.1,26.4,28.9,82,87,74,WSW,6,WSW,17,0.5,6.2,6
6/12/2022,1009.9,31.9,24.8,28.1,83,91,74,W,5,NW,25,4.3,3.4,7
6/13/2022,1009.9,31.1,27.5,28.7,80,87,69,W,5,NW,17,0.05,7.1,6
6/14/2022,1009.2,32.9,27.8,29.2,81,88,70,W,5,W,13,0.0,7.8,7
6/15/2022,1008.9,32.6,25.2,29.2,83,91,73,WNW,7,NW,25,0.4,6.5,7
6/16/2022,1008.6,31.6,25.5,28.5,85,96,73,NW,6,NNW,24,10.5,3.1,7
6/17/2022,1008.4,32.0,25.9,28.7,83,89,74,NW,5,NW,24,8.7,7.6,7
6/18/2022,1008.6,31.6,25.4,28.2,83,91,72,WNW,5,N,16,0.05,4.6,6
6/19/2022,1008.9,32.1,27.4,29.2,82,87,72,WNW,6,WNW,16,1.9,9.0,6
6/20/2022,1008.7,31.7,27.7,29.3,80,85,74,WNW,7,WNW,18,0.0,9.9,6
6/21/2022,1008.0,32.3,24.6,29.0,79,89,72,WNW,8,WNW,35,3.0,8.8,7
6/22/2022,1009.0,32.6,24.0,29.3,80,97,72,W,6,NW,18,27.6,8.7,7
6/23/2022,1009.8,31.4,24.2,28.1,84,96,76,WNW,9,WNW,36,7.8,3.3,7
6/24/2022,1009.4,31.9,24.8,28.9,80,93,72,WNW,11,WNW,34,17.0,8.5,7
6/25/2022,1008.2,31.9,24.9,28.0,84,91,76,WNW,10,WNW,32,9.5,3.2,7
6/26/2022,1008.4,32.9,27.9,29.5,81,85,75,W,8,W,19,0.4,9.9,5
6/27/2022,1009.2,32.2,27.5,29.6,80,85,73,W,8,W,18,1.2,9.9,4
6/28/2022,1009.0,33.3,24.3,28.2,85,97,77,W,7,W,28,14.0,1.4,7
6/29/2022,1008.2,32.1,24.5,28.4,84,98,76,W,10,WNW,41,19.6,10.5,6
6/30/2022,1008.0,30.8,25.4,28.1,83,89,74,NW,9,WNW,31,0.8,0.0,8
7/1/2022,1008.1,31.6,24.2,28.8,83,91,76,WNW,13,NW,41,15.4,9.4,7
7/2/2022,1007.8,30.2,24.0,27.0,88,95,80,WNW,14,NW,43,24.6,2.2,7
7/3/2022,1008.6,29.4,23.2,26.5,89,97,80,WNW,10,WNW,36,20.6,0.0,8
7/4/2022,1007.7,31.3,24.8,28.3,83,94,76,W,13,W,41,5.6,4.4,8
7/5/2022,1007.2,31.1,24.9,28.9,82,91,74,WNW,12,WNW,32,5.1,0.2,8
7/6/2022,1008.2,32.4,23.6,28.5,85,95,77,WNW,11,WNW,40,6.0,6.3,7
7/7/2022,1009.9,31.2,25.0,28.5,85,93,76,WNW,9,WNW,35,2.7,0.6,7
7/8/2022,1009.7,31.4,26.4,28.8,83,88,76,WNW,11,WNW,25,0.0,4.9,7
7/9/2022,1008.9,31.8,24.5,28.4,83,94,76,W,12,W,38,19.0,6.8,7
7/10/2022,1010.4,30.9,24.0,26.7,88,98,79,WNW,11,W,37,21.7,1.4,8
7/11/2022,1011.7,32.0,26.7,28.5,83,89,76,W,6,WNW,23,0.0,8.3,7
7/12/2022,1011.4,31.1,27.2,28.6,80,88,75,WSW,7,WSW,14,0.0,5.8,7
7/13/2022,1009.4,32.0,27.4,29.0,79,85,73,SW,9,WSW,17,0.0,9.6,7
7/14/2022,1007.8,30.1,24.5,27.9,84,94,72,SSW,9,WSW,36,10.0,3.7,7
7/15/2022,1007.9,30.5,25.6,28.5,85,93,79,SW,8,SW,15,0.2,0.0,7
7/16/2022,1008.1,31.4,26.5,28.4,87,92,78,SSW,6,SSW,17,0.0,6.6,7
7/17/2022,1009.2,30.8,24.2,27.8,84,94,77,W,12,WNW,37,10.1,4.1,7
7/18/2022,1009.6,31.7,24.0,27.8,82,89,76,NW,10,NW,29,3.2,4.3,7
7/19/2022,1009.3,31.7,25.1,28.0,82,91,72,NW,12,NW,32,5.1,5.0,7
7/20/2022,1009.4,31.0,25.2,28.1,83,91,77,NW,11,NNW,24,7.8,1.6,8
7/21/2022,1009.8,30.1,25.2,28.0,83,87,76,NW,11,WNW,27,2.8,0.0,8
7/22/2022,1010.2,31.1,27.4,28.7,80,86,75,WNW,11,WNW,20,0.0,2.8,7
7/23/2022,1009.9,31.5,26.9,28.8,79,83,72,WNW,10,W,19,0.0,9.0,5
7/24/2022,1009.4,31.8,27.0,28.8,78,87,70,NW,6,WNW,15,0.0,10.5,5
7/25/2022,1010.2,31.2,24.8,28.2,83,93,77,NW,9,NW,27,5.4,7.2,6
7/26/2022,1009.9,30.2,25.2,28.0,81,88,75,NNW,10,NNW,23,0.05,8.8,7
7/27/2022,1009.7,31.4,23.1,27.7,82,95,72,NW,10,NW,27,14.5,3.7,7
7/28/2022,1009.4,31.7,25.8,28.1,81,94,74,NW,10,WNW,26,2.0,7.7,7
7/29/2022,1009.1,29.0,24.1,26.9,90,100,85,NW,10,NNW,22,38.5,0.6,8
7/30/2022,1008.1,30.6,25.6,28.1,84,91,79,NW,12,WNW,26,9.7,8.2,7
7/31/2022,1008.5,29.1,24.0,26.2,91,97,83,W,14,WSW,31,34.9,0.0,8
8/1/2022,1008.8,29.4,24.6,27.0,84,90,74,WNW,15,WNW,37,2.3,0.0,8
8/2/2022,1007.9,29.6,23.9,27.2,86,96,77,W,16,WNW,42,12.0,0.0,8
8/3/2022,1008.1,29.4,23.5,26.4,88,99,78,W,17,W,40,37.0,0.6,8
8/4/2022,1009.0,29.4,24.2,27.0,87,94,82,W,13,WNW,38,14.1,0.0,8
8/5/2022,1008.9,30.0,25.6,27.8,86,89,80,W,10,W,25,8.6,0.7,7
8/6/2022,1008.1,30.6,27.1,28.2,84,89,78,W,9,W,21,0.0,3.7,7
8/7/2022,1008.1,31.2,22.4,28.3,83,89,75,W,10,W,36,15.1,8.0,6
8/8/2022,1008.2,31.0,26.1,28.4,84,90,77,W,8,W,17,0.0,9.3,7
8/9/2022,1007.8,31.1,26.9,28.6,82,89,74,W,8,W,19,0.0,9.7,6
8/10/2022,1007.4,31.4,26.2,28.5,83,92,74,WNW,8,WNW,20,3.3,10.5,3
8/11/2022,1008.6,31.2,26.8,28.4,85,89,75,W,8,W,22,2.5,7.0,6
8/12/2022,1009.1,32.0,26.5,28.6,84,91,76,W,5,W,10,0.0,10.3,4
8/13/2022,1009.2,32.9,26.5,28.2,85,92,75,W,4,W,8,0.0,5.2,5
8/14/2022,1009.9,31.8,26.6,28.7,82,91,75,NW,5,NW,11,0.0,10.6,6
8/15/2022,1009.9,30.9,24.2,27.9,83,93,75,N,5,N,12,0.0,10.3,5
8/16/2022,1009.9,30.8,23.9,27.7,82,97,70,N,4,N,13,0.0,10.9,3
8/17/2022,1010.2,31.3,24.2,27.5,83,97,70,VRB,2,E,8,0.0,10.9,5
8/18/2022,1010.1,33.2,27.2,28.6,80,86,68,W,5,WSW,12,0.0,9.3,6
8/19/2022,1010.3,32.1,25.3,28.6,82,89,75,WNW,6,N,24,2.9,9.0,7
8/20/2022,1010.0,31.4,27.2,28.9,80,85,73,WNW,6,WNW,11,0.0,9.0,7
8/21/2022,1010.6,31.3,23.6,27.7,83,98,71,W,7,WNW,27,34.9,7.5,7
8/22/2022,1010.6,30.0,24.8,27.1,86,95,78,W,9,WNW,27,1.5,1.1,7
8/23/2022,1010.9,28.9,24.9,26.5,88,96,78,WSW,7,W,25,4.0,0.0,8
8/24/2022,1010.8,30.3,24.1,27.2,85,93,78,NW,8,NNW,25,10.3,0.3,7
8/25/2022,1009.9,28.3,23.9,26.4,88,96,81,WNW,9,WNW,25,18.1,0.0,8
8/26/2022,1009.5,30.8,24.5,27.9,82,92,75,WNW,10,NW,25,8.3,1.3,7
8/27/2022,1009.6,30.2,25.5,27.9,83,89,77,NW,10,NW,24,1.8,0.2,7
8/28/2022,1009.0,30.9,23.3,27.4,84,94,77,NW,9,WNW,24,42.1,5.9,7
8/29/2022,1009.8,30.1,24.1,26.9,87,98,78,WNW,11,NW,31,10.8,0.7,7
8/30/2022,1009.3,31.0,24.0,27.1,86,100,76,WNW,12,NW,30,50.5,2.6,7
8/31/2022,1008.8,28.4,23.8,26.2,88,95,82,WNW,11,WNW,31,10.2,0.0,8
9/1/2022,1009.1,29.0,24.4,26.4,84,91,75,W,11,W,28,4.6,0.4,7
9/2/2022,1009.5,30.1,24.9,26.9,86,94,78,W,10,W,24,3.1,4.8,6
9/3/2022,1009.6,30.2,25.5,27.7,84,89,75,W,11,WNW,26,0.6,10.4,7
9/4/2022,1009.4,30.2,23.0,27.1,86,98,78,WNW,13,NW,31,87.8,6.4,7
9/5/2022,1010.6,30.0,23.4,25.5,91,97,85,WNW,15,WNW,29,5.7,0.0,8
9/6/2022,1010.0,29.8,23.6,26.8,87,95,79,WNW,12,WNW,31,72.4,3.4,8
9/7/2022,1010.9,29.6,24.0,26.1,95,97,77,WNW,11,W,24,1.8,3.3,7
9/8/2022,1010.0,30.7,26.4,27.8,86,92,79,WNW,9,WNW,17,0.0,9.0,7
9/9/2022,1010.0,30.8,26.0,28.1,84,89,77,W,11,W,19,0.0,10.5,6
9/10/2022,1010.3,30.9,26.4,28.2,84,90,73,W,9,W,18,0.05,9.7,6
9/11/2022,1009.8,31.4,26.6,28.3,84,89,77,W,7,W,18,0.05,10.0,7
9/12/2022,1009.4,31.0,25.6,28.2,84,92,75,W,6,W,14,1.8,10.5,7
9/13/2022,1010.7,31.1,24.6,27.9,85,96,75,W,4,W,11,0.0,10.0,3
9/14/2022,1012.4,31.7,24.1,27.4,85,97,73,WSW,3,WSW,9,0.0,10.7,2
9/15/2022,1012.7,31.0,26.5,28.0,79,96,70,NW,4,NW,11,0.0,10.9,2
9/16/2022,1011.0,31.1,24.5,27.8,79,92,70,NW,4,NW,10,0.0,10.4,2
9/17/2022,1011.1,31.6,26.7,28.4,79,92,70,W,5,W,13,0.0,10.4,3
9/18/2022,1011.5,31.6,25.2,28.4,81,91,71,W,5,W,18,9.1,9.8,5
9/19/2022,1011.3,31.4,26.8,28.5,82,89,72,WNW,6,W,15,0.5,8.1,7
9/20/2022,1010.9,30.3,23.3,27.6,83,96,69,NW,5,SW,17,6.9,1.4,7
9/21/2022,1011.0,31.1,26.5,28.3,79,90,70,NW,4,NNW,10,0.0,10.7,3
9/22/2022,1011.1,31.0,23.5,28.1,80,95,69,W,4,W,20,1.6,11.0,2
9/23/2022,1011.6,31.7,26.8,28.6,78,89,68,WNW,4,W,10,0.0,10.6,5
9/24/2022,1010.6,31.8,26.1,28.7,79,87,70,NW,8,NW,22,3.1,9.8,5
9/25/2022,1009.7,31.9,27.3,28.8,79,84,66,NW,7,WNW,14,0.0,7.3,5
9/26/2022,1010.9,32.1,27.5,29.0,76,83,69,NW,8,NW,16,0.0,10.4,4
9/27/2022,1010.1,31.8,26.0,28.8,77,85,71,NW,8,WNW,17,0.0,10.8,3
9/28/2022,1009.5,31.2,26.6,28.6,76,81,68,WNW,7,WNW,16,0.0,10.1,2
9/29/2022,1009.5,32.3,24.2,28.7,78,94,69,WNW,6,N,18,2.5,10.9,4
9/30/2022,1011.1,30.1,24.4,26.6,87,95,82,WSW,12,WSW,30,17.4,2.8,7
10/1/2022,1010.8,30.8,27.3,28.5,81,86,71,W,11,W,20,0.0,5.1,7
10/2/2022,1011.0,30.9,23.6,27.3,85,98,76,W,11,WNW,32,25.4,2.5,7
10/3/2022,1010.4,30.2,24.5,27.4,86,94,77,WNW,9,W,27,9.8,3.1,7
10/4/2022,1009.9,30.9,26.6,28.3,82,95,75,WNW,9,NW,20,0.05,7.9,7
10/5/2022,1009.8,30.9,26.5,28.3,82,87,74,WNW,10,WNW,24,4.1,7.7,7
10/6/2022,1009.3,31.1,26.8,28.6,80,86,73,WNW,11,WNW,19,0.0,9.5,5
10/7/2022,1009.7,31.2,25.0,28.5,79,88,70,WNW,10,WNW,21,2.5,11.0,4
10/8/2022,1009.7,31.0,25.6,28.0,81,90,74,WNW,8,WNW,20,0.0,4.7,6
10/9/2022,1010.3,31.7,23.9,27.8,83,98,71,WNW,7,WNW,25,20.6,10.2,5
10/10/2022,1010.6,30.5,25.8,27.3,87,98,77,WNW,10,WNW,27,9.1,5.5,7
10/11/2022,1010.4,30.3,23.9,26.6,88,95,80,NW,9,WSW,25,10.5,2.1,7
10/12/2022,1010.6,29.9,24.4,27.0,84,94,76,W,11,WSW,28,11.6,2.5,7
10/13/2022,1010.5,29.7,24.5,26.5,89,96,83,WSW,9,W,22,7.9,0.0,7
10/14/2022,1009.5,29.4,24.2,27.0,88,97,82,W,8,SSW,17,6.5,1.6,7
10/15/2022,1008.6,30.0,24.8,26.9,89,97,79,WSW,7,SSW,23,11.3,3.7,7
10/16/2022,1010.3,29.4,24.8,26.8,90,96,80,WSW,10,WSW,24,13.7,6.1,7
10/17/2022,1011.8,30.0,25.2,26.9,86,91,75,WSW,14,WSW,31,5.6,2.8,8
10/18/2022,1012.3,29.4,23.5,26.4,88,98,79,W,15,WSW,34,49.2,0.5,8
10/19/2022,1012.2,31.4,23.6,27.1,84,96,73,W,10,W,29,13.6,5.9,7
10/20/2022,1011.8,30.4,24.7,27.5,86,93,81,WSW,9,WSW,21,6.8,2.9,7
10/21/2022,1012.2,29.6,24.9,26.8,91,98,85,WSW,6,W,20,6.2,0.0,7
10/22/2022,1012.3,30.9,25.0,27.5,89,96,77,SW,7,WSW,18,2.0,5.0,6
10/23/2022,1012.1,30.8,24.6,27.9,86,92,79,WSW,8,SW,19,4.9,8.3,7
10/24/2022,1011.2,30.7,25.0,27.4,87,96,76,W,7,NW,21,3.7,5.2,7
10/25/2022,1011.4,30.4,25.0,27.7,87,96,75,W,5,W,20,3.8,9.7,5
10/26/2022,1011.7,31.1,24.2,27.5,88,98,75,VRB,2,NW,8,0.0,10.1,4
10/27/2022,1011.0,31.6,24.9,27.6,82,99,69,SW,3,S,21,0.05,2.2,7
10/28/2022,1009.4,30.8,24.5,27.9,84,95,76,NNE,4,E,16,0.0,7.1,6
10/29/2022,1009.9,30.8,24.6,27.6,80,95,67,N,4,N,11,0.0,10.7,3
10/30/2022,1010.3,31.7,26.2,28.1,78,85,69,NW,4,NNW,9,0.0,11.2,3
10/31/2022,1010.7,30.8,26.5,28.2,75,85,66,W,6,WSW,13,0.0,10.9,3
11/1/2022,1011.3,31.0,26.6,28.1,78,84,68,W,7,W,14,0.0,5.4,6
11/2/2022,1010.4,31.3,26.5,28.5,79,87,69,W,7,W,14,0.0,11.1,4
11/3/2022,1010.3,31.7,26.5,28.7,82,89,75,W,6,W,12,0.0,10.8,2
11/4/2022,1011.3,31.9,24.0,28.2,78,91,67,W,4,W,9,0.0,10.4,4
11/5/2022,1012.7,31.3,23.5,27.1,85,96,72,VRB,1,NW,6,0.0,7.3,6
11/6/2022,1012.9,31.1,25.4,27.6,80,98,69,VRB,3,WSW,8,0.0,10.4,6
11/7/2022,1012.2,31.9,24.3,28.2,80,97,66,NW,5,NW,16,4.1,9.9,4
11/8/2022,1011.7,31.2,24.5,27.9,83,93,71,N,5,N,21,1.9,8.7,6
11/9/2022,1011.3,30.3,23.6,26.5,89,98,80,N,5,NNE,27,13.6,2.1,6
11/10/2022,1010.8,31.3,23.8,26.7,87,98,74,VRB,2,W,18,0.0,5.6,7
11/11/2022,1010.8,31.4,25.0,27.5,84,94,72,SSW,3,SW,11,0.0,6.8,7
11/12/2022,1010.8,30.6,26.0,28.2,82,89,76,W,6,W,15,3.8,6.9,6
11/13/2022,1010.5,31.4,26.3,28.3,80,89,70,W,5,W,16,0.9,8.9,7
11/14/2022,1011.7,31.2,24.8,27.9,82,93,70,WSW,6,W,19,2.4,6.7,7
11/15/2022,1012.0,30.5,24.3,27.3,86,97,77,SW,4,WSW,17,5.3,3.0,6
11/16/2022,1010.8,30.9,25.1,27.4,85,96,76,SW,4,SW,10,4.5,8.5,6
11/17/2022,1010.4,31.8,24.5,28.0,83,94,74,W,4,WSW,10,0.0,10.4,4
11/18/2022,1010.5,32.1,23.6,27.3,85,96,73,VRB,2,NE,7,0.0,6.6,6
11/19/2022,1010.2,31.8,24.6,27.7,82,96,70,NW,3,NW,13,3.0,11.0,6
11/20/2022,1009.6,30.3,22.5,26.1,86,97,72,WNW,7,WSW,23,22.2,1.4,8
11/21/2022,1009.8,29.8,25.5,27.6,76,94,69,NW,5,NW,12,0.0,3.4,6
11/22/2022,1010.7,31.3,24.2,28.1,74,96,62,WNW,3,WNW,14,0.9,9.7,4
11/23/2022,1011.3,30.1,26.8,27.7,78,89,70,W,4,NW,14,0.9,4.4,6
11/24/2022,1010.9,31.4,26.1,28.3,73,83,63,NW,5,NW,14,0.0,11.1,5
11/25/2022,1010.8,31.3,23.2,27.6,80,95,68,W,3,W,10,0.0,10.6,2
11/26/2022,1009.8,30.9,25.4,27.6,77,96,69,SSE,4,SW,8,0.0,10.5,3
11/27/2022,1008.6,31.2,26.4,28.2,75,86,66,SSE,5,SSE,10,0.0,11.3,2
11/28/2022,1009.4,31.1,23.5,27.3,81,96,68,S,3,S,11,0.0,10.8,2
11/29/2022,1010.1,31.6,23.5,27.4,81,98,66,VRB,2,SSE,7,0.0,10.9,2
11/30/2022,1010.3,31.5,24.3,27.6,82,98,70,VRB,2,E,15,27.6,10.6,5
12/1/2022,1009.8,30.9,25.0,27.6,84,98,73,VRB,2,S,7,0.0,5.7,6
12/2/2022,1009.6,31.6,23.9,27.5,83,94,73,VRB,3,WNW,25,5.9,5.9,5
12/3/2022,1010.3,29.5,22.8,25.0,94,99,83,VRB,2,E,25,27.2,1.3,6
12/4/2022,1010.7,28.4,23.9,25.5,93,98,84,NNE,3,NE,12,3.2,0.0,8
12/5/2022,1010.7,31.4,23.4,26.8,87,98,76,SSE,4,SSE,24,17.4,2.8,7
12/6/2022,1010.2,30.9,23.2,27.5,85,97,73,E,5,ESE,18,34.6,6.2,7
12/7/2022,1010.2,30.8,25.6,27.7,84,98,73,WSW,4,WSW,10,0.05,7.5,6
12/8/2022,1009.6,31.6,26.8,28.5,81,86,73,W,6,WNW,13,0.0,6.4,7
12/9/2022,1008.6,32.4,27.4,28.6,78,85,72,WNW,7,WNW,15,0.0,3.1,7
12/10/2022,1009.0,31.7,27.1,28.7,77,84,66,WNW,8,WNW,17,0.0,6.3,7
12/11/2022,1010.0,31.8,27.0,28.9,76,83,68,WNW,10,WNW,21,0.0,9.9,6
12/12/2022,1009.8,30.8,25.2,28.2,82,85,76,W,8,WSW,27,2.7,6.1,6
12/13/2022,1009.8,31.9,25.0,28.5,80,94,70,W,6,WSW,16,0.0,11.0,5
12/14/2022,1010.2,31.3,26.4,27.8,82,93,71,S,6,S,21,1.3,8.8,7
12/15/2022,1009.1,30.7,25.9,28.0,81,87,74,SE,7,SE,18,0.05,10.1,7
12/16/2022,1009.4,30.4,25.0,27.8,81,91,72,S,7,S,21,1.2,10.5,4
12/17/2022,1009.9,30.8,24.3,27.6,79,90,70,NNE,5,ENE,12,0.0,10.8,4
12/18/2022,1009.1,31.1,27.1,28.2,78,94,69,N,7,N,14,0.0,9.2,6
12/19/2022,1008.2,30.0,25.5,27.6,83,93,74,NNW,5,NNE,17,0.0,0.2,7
12/20/2022,1007.8,31.0,25.8,28.0,84,92,73,VRB,2,SSE,9,0.0,3.9,7
12/21/2022,1008.8,31.0,24.0,26.8,86,95,76,S,4,E,19,0.05,1.8,7
12/22/2022,1009.2,31.2,25.8,28.2,82,89,73,W,4,NW,10,0.0,8.7,6
12/23/2022,1009.5,31.2,25.1,28.3,76,84,67,N,6,N,15,0.0,10.3,6
12/24/2022,1010.0,30.7,26.5,28.0,75,82,67,NNW,5,NNW,12,0.0,10.0,6
12/25/2022,1010.4,31.4,27.0,28.5,77,84,69,NW,7,NW,17,0.0,9.9,5
12/26/2022,1011.5,31.2,24.2,27.8,81,95,70,NW,9,NW,19,9.2,4.2,7
12/27/2022,1012.0,30.4,24.8,27.3,86,94,78,WNW,6,WNW,17,0.0,5.2,5
12/28/2022,1013.4,30.8,25.6,28.3,82,98,72,SE,5,SE,12,0.05,11.0,6
12/29/2022,1014.7,30.4,24.2,27.8,83,95,73,E,9,ENE,31,3.9,2.5,6
12/30/2022,1015.5,30.6,26.0,28.1,79,86,73,ENE,10,E,17,0.0,10.8,4
12/31/2022,1015.1,30.9,22.9,27.2,79,92,70,NNE,7,ENE,16,0.0,10.7,2
1/1/2023,1014.6,30.3,24.4,26.8,79,92,66,NNE,5,N,12,2.6,10.4,5
1/2/2023,1014.1,30.9,26.2,27.9,76,87,69,E,6,E,13,0.0,9.5,3
1/3/2023,1014.0,30.2,23.1,27.2,75,84,66,ENE,8,ENE,14,0.0,11.2,2
1/4/2023,1012.6,30.4,25.2,27.3,75,91,67,NE,6,NE,12,0.0,10.6,2
1/5/2023,1013.2,31.3,22.0,26.6,76,97,62,NNE,3,SSE,8,0.0,11.0,1
1/6/2023,1013.6,30.9,24.1,26.6,82,99,67,NNE,4,NE,14,0.0,10.2,2
1/7/2023,1013.1,31.0,24.4,27.2,82,92,70,NNE,4,N,12,0.0,7.2,7
1/8/2023,1012.5,31.3,24.5,27.7,81,91,67,NNE,5,ENE,14,0.0,9.8,3
1/9/2023,1013.5,31.2,24.6,27.7,81,94,70,NNE,4,ENE,8,0.0,8.6,3
1/10/2023,1013.0,30.8,23.1,27.5,84,95,76,E,4,NNE,13,0.05,4.8,5
1/11/2023,1011.9,30.4,24.8,27.2,80,97,72,NNE,5,NE,11,0.0,8.2,3
1/12/2023,1011.4,31.0,21.3,26.5,76,95,61,NNE,6,NE,14,0.0,8.9,5
1/13/2023,1012.4,30.9,21.7,26.1,74,93,60,N,4,N,12,0.0,11.0,2
1/14/2023,1011.5,30.2,25.5,27.2,77,91,69,NNW,5,N,15,0.0,7.8,6
1/15/2023,1010.9,30.3,24.5,27.6,78,83,70,E,6,ENE,13,0.0,9.9,3
1/16/2023,1011.2,30.4,26.1,27.6,77,85,67,ENE,7,ENE,13,0.0,10.4,2
1/17/2023,1011.8,31.2,26.5,27.9,79,86,66,E,7,E,17,0.0,10.1,4
1/18/2023,1012.3,30.8,26.6,28.0,81,87,73,ENE,9,ENE,19,0.0,10.5,4
1/19/2023,1012.1,30.4,25.4,27.7,78,85,67,ENE,9,ENE,20,0.0,8.3,4
1/20/2023,1012.6,30.7,21.5,27.1,73,83,60,ENE,7,ENE,16,0.0,10.6,3
1/21/2023,1012.0,30.2,25.2,27.4,71,80,61,N,6,N,14,0.0,10.0,3
1/22/2023,1010.2,30.6,24.0,27.5,78,94,67,NNE,8,NNE,18,0.0,3.3,6
1/23/2023,1010.2,30.9,23.4,27.6,79,98,66,N,6,SSE,24,49.6,8.0,5
1/24/2023,1011.1,28.6,23.9,26.0,87,98,80,ENE,7,ENE,19,0.4,0.7,7
1/25/2023,1010.7,30.9,23.5,26.7,85,96,77,ENE,8,ENE,19,7.2,2.5,7
1/26/2023,1010.5,30.6,25.1,27.5,81,91,70,E,5,E,11,0.0,9.1,4
1/27/2023,1010.4,30.4,25.2,27.5,82,92,74,ENE,4,ENE,10,0.05,10.9,5
1/28/2023,1009.8,30.4,24.6,27.4,81,88,74,N,4,NNE,9,0.0,8.8,4
1/29/2023,1009.3,30.7,23.4,27.5,78,89,68,NE,7,NE,14,0.0,10.2,3
1/30/2023,1010.9,30.2,26.0,27.6,77,90,66,N,6,NNW,12,0.0,8.1,5
1/31/2023,1010.6,31.0,26.2,28.2,78,84,72,NNW,8,NNW,15,0.0,9.6,7
2/1/2023,1010.0,30.4,26.1,28.1,78,84,72,NW,8,NNW,17,0.0,6.9,7
2/2/2023,1010.2,31.2,26.5,28.1,79,85,70,WNW,6,NW,14,0.0,6.8,7
2/3/2023,1010.6,30.4,24.0,26.4,85,92,73,NNE,6,W,13,0.05,0.2,8
2/4/2023,1009.8,31.8,25.8,27.6,81,93,70,ENE,3,E,8,0.0,6.1,7
2/5/2023,1009.8,30.9,24.4,27.7,82,92,72,SSE,3,S,9,0.0,7.5,5
2/6/2023,1010.6,31.4,24.5,27.6,84,98,75,N,3,ENE,10,0.0,6.6,6
2/7/2023,1010.7,30.8,23.4,27.3,82,97,72,N,5,N,11,0.0,7.7,6
2/8/2023,1010.6,31.1,26.5,28.1,79,85,70,N,6,N,14,0.0,10.0,7
2/9/2023,1011.7,30.4,23.3,27.3,81,94,69,NNW,5,N,12,0.0,9.3,6
2/10/2023,1012.2,32.5,23.2,27.1,81,95,69,NNW,4,NNW,13,0.0,6.0,6
2/11/2023,1012.8,30.7,22.7,26.7,83,97,68,NNW,3,NNW,10,0.0,10.4,3
2/12/2023,1012.3,30.9,24.5,27.0,75,94,63,NNW,5,NNW,11,0.0,10.5,1
2/13/2023,1012.4,31.1,25.7,28.1,70,83,61,E,5,E,10,0.0,11.0,2
2/14/2023,1011.9,31.8,23.5,27.4,75,86,63,NE,7,ENE,15,0.0,10.7,2
2/15/2023,1010.5,31.4,25.0,27.6,72,84,63,NNE,7,NNE,17,0.0,11.0,2
2/16/2023,1010.7,31.0,25.8,28.0,73,81,65,E,6,ENE,12,0.0,10.4,3
2/17/2023,1011.7,30.9,24.0,27.6,72,80,63,ENE,6,ENE,12,0.0,10.9,2
2/18/2023,1012.1,31.6,21.7,27.0,70,84,55,NE,5,NE,14,0.0,11.4,1
2/19/2023,1011.9,31.8,24.5,27.3,76,92,64,NNE,5,NNE,15,0.0,10.8,2
2/20/2023,1012.3,31.7,25.0,27.9,78,91,63,NNE,5,ENE,11,0.0,10.9,2
2/21/2023,1012.4,31.6,27.1,28.8,77,82,71,NNW,7,N,15,0.0,8.8,3
2/22/2023,1011.7,31.3,24.8,28.2,80,96,69,NNW,6,NNW,17,0.0,8.4,4
2/23/2023,1011.2,31.1,26.4,28.2,75,88,59,E,5,E,11,0.0,10.3,2
2/24/2023,1012.7,33.2,23.6,27.8,77,96,61,NE,5,ESE,15,9.3,9.8,5
2/25/2023,1013.6,30.8,24.5,27.3,84,96,70,NE,4,NE,13,0.0,6.9,4
2/26/2023,1014.2,31.8,24.6,27.9,78,93,65,NE,6,NE,13,0.0,10.7,3
2/27/2023,1014.0,30.8,23.2,28.1,71,78,65,ENE,9,ENE,19,0.0,11.0,2
2/28/2023,1014.0,30.9,24.9,27.7,74,85,65,E,5,E,10,0.0,11.0,2
3/1/2023,1013.6,31.6,26.2,28.6,77,87,67,N,7,ENE,18,0.0,10.3,3
3/2/2023,1014.3,32.0,26.5,28.6,78,86,69,E,9,E,21,0.0,10.0,6
3/3/2023,1014.4,31.8,24.8,28.3,79,91,70,ENE,7,ENE,14,0.0,10.0,2
3/4/2023,1014.3,31.2,26.5,28.3,79,92,67,ENE,6,ENE,13,0.0,10.2,2
3/5/2023,1013.9,31.0,23.9,27.8,84,98,73,ENE,8,NE,24,15.8,4.7,7
3/6/2023,1012.7,29.6,26.5,27.6,85,90,71,E,7,ESE,20,0.05,0.1,7
3/7/2023,1011.8,31.1,26.3,28.5,79,86,72,ENE,7,ENE,12,0.0,10.2,3
3/8/2023,1011.3,33.0,25.8,28.6,80,86,73,ENE,8,ENE,20,0.0,9.6,2
3/9/2023,1011.2,30.5,24.9,28.5,80,87,73,N,6,SE,13,0.0,9.5,4
3/10/2023,1010.9,30.4,26.6,28.1,82,95,74,ENE,7,ENE,23,0.0,10.0,3
3/11/2023,1011.0,31.6,26.7,28.7,82,89,72,E,6,E,13,0.0,10.2,3
3/12/2023,1010.4,31.8,27.0,28.7,81,88,73,NE,7,NE,16,0.0,8.0,5
3/13/2023,1009.8,32.0,26.8,29.1,80,86,74,ENE,9,ENE,19,0.0,9.4,5
3/14/2023,1009.0,32.5,24.9,28.9,81,92,72,ENE,4,E,12,10.7,10.0,3
3/15/2023,1009.2,32.1,24.9,28.7,80,91,70,E,4,NE,15,0.0,10.1,3
3/16/2023,1010.2,31.8,25.1,28.1,82,96,70,VRB,2,SE,10,0.0,10.2,2
3/17/2023,1009.7,31.7,26.0,28.6,84,96,73,N,4,NE,13,0.0,8.8,3
3/18/2023,1009.6,32.2,25.4,29.3,77,95,64,ENE,3,ENE,10,0.0,9.6,3
3/19/2023,1009.4,32.1,26.9,29.1,77,90,68,W,4,S,8,0.0,10.8,4
3/20/2023,1009.4,31.8,25.8,28.3,81,88,70,WNW,5,W,17,0.0,3.9,4
3/21/2023,1009.2,32.1,25.9,29.0,76,90,68,N,5,NNW,13,0.0,10.6,7
3/22/2023,1009.6,32.0,24.2,28.8,72,84,64,N,5,NNW,13,0.0,9.7,6
3/23/2023,1009.8,31.9,25.0,28.3,74,87,62,NNE,5,NNW,11,0.0,9.9,6
3/24/2023,1010.4,32.3,24.8,28.1,79,93,65,NNE,4,NE,11,0.0,4.4,6
3/25/2023,1010.5,32.5,25.3,29.0,77,91,66,ENE,6,NE,13,0.0,10.2,3
3/26/2023,1010.7,32.9,26.9,29.1,76,91,66,N,4,NE,11,0.0,9.9,3
3/27/2023,1010.4,32.6,27.8,29.7,72,81,63,N,7,NNW,15,0.0,10.8,2
3/28/2023,1010.4,32.4,27.5,29.5,74,82,65,NNW,6,NNW,14,0.0,10.8,2
3/29/2023,1011.0,33.2,26.9,29.5,74,81,65,NNW,6,NNW,13,0.0,10.7,3
3/30/2023,1010.7,32.9,26.8,29.6,74,81,66,NNW,5,NW,12,0.0,10.5,2
3/31/2023,1009.7,32.3,25.4,29.1,75,84,65,N,5,N,13,0.0,10.7,3
4/1/2023,1010.3,32.8,27.3,29.2,76,91,66,NNW,5,NNW,10,0.0,10.7,2
4/2/2023,1009.9,32.8,27.2,29.4,72,81,63,NNW,5,N,13,0.0,10.7,3
4/3/2023,1010.0,32.2,26.6,29.4,74,87,64,N,5,NNW,13,0.6,10.9,2
4/4/2023,1010.3,31.9,26.1,28.6,79,87,68,N,6,N,18,0.05,7.6,7
4/5/2023,1010.2,32.8,25.8,29.1,76,89,65,NNW,5,NNW,14,0.0,10.4,3
4/6/2023,1010.1,32.6,25.0,28.9,78,91,66,N,4,NNE,12,0.0,10.6,2
4/7/2023,1011.3,32.8,25.3,28.4,82,95,66,NNE,3,NE,12,4.2,8.9,3
4/8/2023,1012.2,32.7,25.4,28.9,80,94,68,NE,5,ENE,24,0.0,9.2,4
4/9/2023,1011.9,33.1,28.5,29.7,76,93,67,E,7,ENE,23,0.0,9.8,4
4/10/2023,1010.8,32.6,28.4,30.2,75,81,67,E,7,E,14,0.0,10.7,4
4/11/2023,1011.3,33.3,26.6,29.6,78,87,66,NE,7,ENE,15,0.05,10.4,4
4/12/2023,1010.9,33.6,26.0,29.9,77,92,65,ENE,6,ENE,14,0.0,10.2,3
4/13/2023,1011.1,33.8,26.4,29.5,79,92,67,ENE,3,ENE,10,0.0,9.9,3
4/14/2023,1011.2,33.9,28.4,30.2,79,89,69,NW,4,NW,9,0.0,10.4,5
4/15/2023,1010.3,33.9,27.9,30.5,76,86,68,NW,4,WNW,10,0.0,10.3,3
4/16/2023,1009.3,33.4,26.5,29.4,80,89,69,NW,3,SSW,10,0.8,5.4,4
4/17/2023,1009.6,33.3,25.6,29.4,78,91,68,N,3,NNW,9,0.0,9.3,2
4/18/2023,1010.2,33.1,28.4,30.0,76,91,68,N,5,NNW,12,0.0,10.7,2
4/19/2023,1008.6,34.0,26.8,30.4,77,87,66,NW,4,NNW,10,0.0,10.6,2
4/20/2023,1007.2,33.4,26.5,29.8,76,88,62,W,3,W,7,0.0,10.8,2
4/21/2023,1007.3,33.9,25.4,29.7,78,93,63,W,3,W,8,0.0,10.8,2
4/22/2023,1007.5,34.2,28.8,30.5,77,87,65,W,5,W,10,0.0,11.0,2
4/23/2023,1007.5,34.4,29.1,31.0,75,83,68,NNW,7,NNW,13,0.0,10.6,2
4/24/2023,1008.3,33.8,26.8,30.1,75,86,64,N,6,N,15,0.0,10.4,2
4/25/2023,1008.7,33.6,28.8,30.5,73,81,66,NNW,6,N,14,0.0,10.9,2
4/26/2023,1008.3,33.8,26.1,30.4,75,95,66,N,6,NNE,18,2.4,10.6,6
4/27/2023,1008.4,33.4,24.5,29.6,81,93,68,N,6,SSW,15,29.0,9.0,6
4/28/2023,1008.8,32.4,25.8,28.6,84,95,73,W,3,ENE,15,2.6,5.1,7
4/29/2023,1008.0,33.2,26.4,29.7,80,95,70,NE,5,E,23,6.2,10.4,6
4/30/2023,1007.1,33.4,25.9,30.1,78,91,71,ENE,5,ENE,13,0.9,11.0,7
5/1/2023,1008.1,32.1,25.0,27.6,87,96,76,W,7,NW,28,30.4,0.9,8
5/2/2023,1008.9,32.9,24.1,29.4,81,96,70,WNW,5,SSW,22,21.9,7.0,7
5/3/2023,1009.8,32.8,27.4,30.1,78,87,71,WNW,6,WNW,14,0.05,8.5,7
5/4/2023,1009.6,33.4,27.7,30.2,74,87,63,WNW,6,SW,15,0.0,5.6,7
5/5/2023,1008.7,32.6,27.0,29.7,77,82,70,W,6,WSW,21,0.4,7.6,6
5/6/2023,1009.0,33.6,26.8,30.2,75,85,68,WNW,7,W,15,0.6,9.7,6
5/7/2023,1008.9,33.0,28.2,30.1,77,83,68,WNW,7,WNW,16,0.0,6.2,6
5/8/2023,1008.6,33.7,28.4,30.2,77,84,68,WNW,6,NW,13,0.0,10.5,2
5/9/2023,1008.6,33.3,28.4,30.2,79,86,71,W,7,W,18,0.05,10.7,6
5/10/2023,1008.3,33.3,25.8,30.0,81,91,69,W,6,SW,18,11.3,10.3,5
5/11/2023,1009.5,32.6,27.4,29.8,82,89,74,WSW,5,SW,13,0.0,10.2,5
5/12/2023,1010.1,32.9,28.5,29.8,81,92,74,SSW,7,SSW,15,0.0,8.9,7
5/13/2023,1010.9,32.0,26.7,29.5,81,87,73,WSW,7,SW,18,3.8,4.2,7
5/14/2023,1010.4,31.2,24.4,27.9,88,98,78,WSW,6,NW,18,50.4,1.0,7
5/15/2023,1010.8,31.9,25.4,28.1,87,97,77,W,8,WSW,22,20.5,0.8,7
5/16/2023,1011.1,32.4,28.4,29.3,81,87,72,WNW,7,NW,18,1.0,1.9,7
5/17/2023,1011.1,33.1,26.6,30.0,82,88,73,WNW,4,WNW,11,0.0,10.7,3
5/18/2023,1011.6,33.6,27.4,30.0,81,94,68,N,4,NE,13,0.0,10.2,3
5/19/2023,1011.0,32.9,27.3,30.0,80,94,70,WNW,3,NW,10,4.4,9.0,4
5/20/2023,1010.8,32.9,28.1,30.2,80,86,72,W,5,WSW,11,0.0,8.5,6
5/21/2023,1011.2,33.4,28.5,30.5,77,85,72,NW,6,NW,12,0.0,10.8,3
5/22/2023,1011.3,33.6,27.1,29.8,81,92,70,NW,4,W,10,0.05,7.3,5
5/23/2023,1011.7,32.9,27.3,29.5,82,92,71,S,4,SSE,13,0.0,9.9,3
5/24/2023,1012.0,32.5,26.8,29.8,79,90,69,S,5,S,11,0.0,10.6,2
5/25/2023,1012.7,33.0,28.4,30.3,75,86,65,WSW,5,S,10,0.0,11.0,2
5/26/2023,1012.8,34.6,28.6,30.7,76,84,69,W,6,WSW,12,0.8,10.4,2
5/27/2023,1011.2,34.6,24.5,29.5,81,98,68,W,8,WNW,28,34.2,9.9,5
5/28/2023,1010.2,32.1,24.7,29.3,83,92,78,WNW,9,WNW,21,5.4,2.0,7
5/29/2023,1010.0,32.4,26.9,29.3,83,98,70,WNW,5,NNE,20,0.05,5.9,6
5/30/2023,1010.0,33.2,28.0,30.4,80,89,73,W,5,WSW,12,0.0,10.8,2
5/31/2023,1009.7,34.6,28.4,30.3,79,90,72,WSW,7,SW,15,0.05,10.0,4
6/1/2023,1010.4,32.6,25.6,29.0,83,92,73,WSW,9,W,23,17.9,3.4,7
6/2/2023,1010.4,33.1,28.1,29.6,82,88,74,W,8,W,18,0.0,7.5,7
6/3/2023,1010.3,32.4,27.1,29.8,82,92,77,WSW,10,WSW,19,1.0,5.2,7
6/4/2023,1010.5,30.3,25.4,28.1,87,95,82,WSW,10,WSW,24,8.1,0.0,7
6/5/2023,1010.2,32.4,26.4,28.8,84,91,73,W,9,WNW,29,3.0,3.8,7
6/6/2023,1009.7,32.1,24.4,29.0,83,89,77,W,8,WNW,29,0.9,9.3,7
6/7/2023,1010.0,30.9,26.6,28.5,83,92,76,WSW,11,W,29,0.7,0.0,7
6/8/2023,1009.8,31.0,27.6,29.5,84,88,80,WSW,10,WSW,20,0.9,0.3,7
6/9/2023,1009.1,30.6,26.0,29.3,84,89,77,WSW,9,W,24,0.8,0.4,7
6/10/2023,1008.7,32.4,26.2,29.4,83,91,74,WSW,7,WSW,26,5.0,7.7,7
6/11/2023,1007.9,32.9,29.1,30.2,80,86,73,W,9,W,19,0.0,9.7,6
6/12/2023,1008.2,32.1,29.0,30.0,80,84,75,W,10,WSW,20,0.0,3.6,6
6/13/2023,1009.3,32.9,29.3,30.3,79,84,71,W,10,W,20,0.0,5.4,7
6/14/2023,1010.4,32.4,28.0,29.9,81,86,76,W,10,W,20,0.0,1.6,7
6/15/2023,1010.5,34.4,28.2,30.9,73,83,56,W,7,W,16,0.0,9.8,4
6/16/2023,1010.3,34.1,28.0,30.3,75,84,62,W,8,W,17,0.0,10.5,3
6/17/2023,1010.8,33.9,28.2,30.1,74,80,67,W,8,W,16,0.0,10.1,5
6/18/2023,1009.9,32.8,28.0,30.1,76,84,68,WNW,8,WNW,17,0.05,5.8,7
6/19/2023,1008.3,34.1,26.6,30.1,81,90,69,WNW,8,WNW,25,12.8,9.1,6
6/20/2023,1007.8,33.2,27.9,30.2,81,87,72,WNW,9,W,20,0.05,5.8,7
6/21/2023,1008.7,32.8,27.8,30.2,82,86,75,WNW,8,WNW,19,0.0,1.4,7
6/22/2023,1008.9,34.4,27.0,30.0,81,86,74,WNW,9,W,27,6.5,7.8,7
6/23/2023,1009.4,33.1,27.4,30.0,77,84,69,WNW,10,WNW,22,0.05,7.7,7
6/24/2023,1009.1,32.5,24.3,28.4,83,98,72,W,10,W,28,14.8,9.3,7
6/25/2023,1010.0,30.0,23.6,26.6,89,96,80,W,9,W,28,46.3,0.0,8
6/26/2023,1009.8,31.8,25.3,27.9,87,95,78,W,9,WNW,23,3.1,2.3,8
6/27/2023,1010.7,29.6,25.2,27.7,86,95,79,W,7,WNW,26,5.2,0.0,7
6/28/2023,1011.2,32.5,28.0,29.7,79,86,72,W,9,W,17,0.0,8.9,5
6/29/2023,1011.7,32.2,28.0,29.4,81,86,74,W,9,W,16,0.05,5.9,7
6/30/2023,1011.2,32.5,27.8,29.9,79,85,71,WNW,6,W,14,0.0,10.2,5
7/1/2023,1011.6,32.3,27.5,29.7,76,82,69,W,5,WNW,11,0.0,10.5,7
7/2/2023,1011.3,32.4,24.6,28.2,86,97,72,WNW,9,WNW,29,70.1,5.2,8
7/3/2023,1010.4,30.9,25.2,28.2,85,94,76,W,12,NW,34,10.8,0.9,8
7/4/2023,1009.3,30.9,23.4,27.4,86,98,80,WNW,12,WNW,40,44.5,0.6,8
7/5/2023,1008.5,30.8,23.9,27.1,88,97,82,W,10,NW,41,37.5,0.9,8
7/6/2023,1010.0,31.0,24.8,27.9,85,92,77,W,6,WNW,30,3.7,0.0,8
7/7/2023,1011.4,30.6,26.7,28.5,82,87,75,WNW,6,W,14,0.0,5.0,7
7/8/2023,1011.6,31.7,26.9,29.4,78,86,73,NW,6,WNW,16,0.0,10.8,2
7/9/2023,1010.8,31.8,27.2,29.3,79,87,72,NW,6,NW,16,0.05,10.1,3
7/10/2023,1010.2,31.6,27.9,29.3,79,87,73,NW,6,NNW,15,0.0,7.3,6
7/11/2023,1010.1,31.5,24.9,29.2,80,87,72,NNW,5,N,19,1.6,3.5,7
7/12/2023,1010.1,32.5,26.0,29.2,82,91,73,NW,5,NW,21,5.4,9.8,7
7/13/2023,1010.7,31.9,27.5,29.5,82,86,75,WNW,6,W,13,0.0,10.1,5
7/14/2023,1011.6,32.3,25.2,29.0,83,92,72,W,5,N,20,4.2,9.4,5
7/15/2023,1011.2,31.8,24.2,29.2,82,92,72,NW,6,N,38,21.2,6.6,7
7/16/2023,1010.8,32.5,28.0,29.2,80,88,69,NW,6,NW,29,0.05,5.7,5
7/17/2023,1010.9,33.3,27.8,29.6,77,85,67,NW,8,NW,18,0.0,9.5,5
7/18/2023,1010.9,31.9,27.6,29.5,78,85,70,WNW,9,WNW,18,0.6,8.5,7
7/19/2023,1009.6,31.6,24.6,28.7,84,96,75,WNW,9,NW,33,5.4,9.0,7
7/20/2023,1009.3,31.5,26.6,29.0,82,86,76,NW,11,W,28,0.5,9.9,7
7/21/2023,1010.8,31.8,25.8,28.9,83,89,77,WNW,10,NW,25,1.7,7.4,7
7/22/2023,1011.6,31.4,27.8,29.4,81,88,76,WNW,8,WNW,17,0.05,8.7,6
7/23/2023,1010.9,32.2,28.1,29.8,79,86,71,W,5,W,13,0.0,10.4,4
7/24/2023,1010.1,32.9,28.1,29.8,82,89,73,WSW,4,WSW,14,0.0,7.3,7
7/25/2023,1010.5,33.3,28.0,30.1,81,89,69,WSW,4,WSW,12,0.0,9.4,7
7/26/2023,1011.5,33.8,27.3,29.9,81,89,70,W,3,SSW,12,0.0,9.0,6
7/27/2023,1011.9,33.6,28.0,29.8,78,89,68,VRB,3,WNW,9,0.0,10.1,4
7/28/2023,1011.8,32.8,27.7,29.6,78,85,68,N,4,N,15,0.05,9.9,4
7/29/2023,1011.7,32.8,27.5,30.1,78,85,67,NNW,5,N,15,0.0,10.0,4
7/30/2023,1011.1,33.4,28.2,30.0,78,85,67,NNW,4,N,16,0.0,10.4,7
7/31/2023,1011.4,32.8,27.3,29.9,77,81,70,NW,5,NW,14,0.0,10.4,6
8/1/2023,1011.7,33.2,27.0,29.9,75,83,66,NW,6,NW,14,0.0,10.1,6
8/2/2023,1012.2,32.5,27.9,29.7,75,81,67,NW,6,NW,14,0.0,8.7,6
8/3/2023,1011.8,32.8,24.9,29.8,77,87,68,NW,6,NW,14,3.9,10.7,6
8/4/2023,1012.9,31.8,24.4,28.9,82,95,76,NW,5,NW,22,16.4,9.1,4
8/5/2023,1013.5,33.1,27.4,29.9,80,89,71,N,4,NNW,13,0.0,11.0,6
8/6/2023,1012.6,32.9,27.8,29.8,78,86,62,NNW,5,NW,18,0.0,9.6,7
8/7/2023,1011.1,32.2,26.5,29.7,77,89,68,NNW,6,NW,23,0.05,9.9,7
8/8/2023,1011.3,32.2,24.9,29.4,78,90,68,NW,6,W,23,14.5,10.4,6
8/9/2023,1012.2,32.0,26.5,29.1,81,92,69,N,7,NNW,21,0.9,6.1,7
8/10/2023,1012.5,32.8,27.9,29.7,79,85,70,N,7,N,16,0.0,7.7,7
8/11/2023,1012.0,33.1,27.6,29.9,77,85,70,N,5,N,16,0.0,10.5,4
8/12/2023,1012.0,32.8,27.6,29.6,76,81,68,NNW,6,NNW,18,0.0,10.0,5
8/13/2023,1011.6,33.6,27.2,29.8,72,79,60,NNW,5,NNW,14,0.0,10.9,4
8/14/2023,1011.7,31.9,27.0,29.4,72,80,65,NW,5,WNW,13,0.0,11.0,2
8/15/2023,1011.9,33.1,27.8,29.6,73,82,62,NW,4,NW,11,0.0,10.7,3
8/16/2023,1011.7,33.3,25.6,29.5,76,94,65,N,3,NE,11,9.5,10.6,6
8/17/2023,1012.0,33.4,27.5,29.4,77,88,67,NW,4,NW,10,0.0,10.7,3
8/18/2023,1011.6,32.4,27.8,29.5,77,83,70,WNW,6,WNW,14,0.0,10.5,7
8/19/2023,1010.5,31.7,27.6,29.5,77,82,70,WNW,7,NNW,15,0.05,9.2,7
8/20/2023,1010.0,32.2,27.4,29.6,76,82,65,NNW,6,NW,15,0.0,11.3,2
8/21/2023,1009.4,33.1,27.6,29.9,77,85,66,NNW,6,NNW,15,0.05,10.9,3
8/22/2023,1009.7,33.9,27.5,30.0,75,83,65,N,4,N,14,0.0,11.2,2
8/23/2023,1009.9,33.2,27.8,29.9,73,82,63,NNW,4,NW,11,0.0,10.8,4
8/24/2023,1009.7,32.2,27.1,29.6,74,83,64,WNW,5,WNW,13,0.0,11.2,2
8/25/2023,1009.9,32.6,25.2,29.4,77,91,66,W,3,WNW,9,0.0,10.8,3
8/26/2023,1010.6,33.6,25.6,29.2,80,95,68,WSW,3,SW,12,3.0,10.6,4
8/27/2023,1011.1,32.6,25.0,29.0,81,92,72,WNW,4,W,22,15.5,9.6,4
8/28/2023,1010.9,32.9,24.0,28.0,85,94,78,WNW,9,NW,24,9.5,6.7,6
8/29/2023,1011.0,30.4,23.4,26.1,91,98,81,NNW,8,NNW,24,63.0,0.0,8
8/30/2023,1010.5,31.7,25.0,28.3,84,92,72,NNW,6,N,20,11.8,3.8,7
8/31/2023,1010.2,30.1,27.6,28.9,83,87,78,NW,8,NW,19,0.0,0.3,7
9/1/2023,1010.7,30.0,23.6,27.4,89,100,81,WNW,5,WNW,21,67.1,0.0,8
9/2/2023,1010.5,30.2,23.8,27.8,86,100,77,WNW,8,WNW,21,16.0,4.2,7
9/3/2023,1010.2,29.9,27.8,26.7,87,100,80,W,7,W,25,18.6,0.7,8
9/4/2023,1008.9,30.4,25.5,28.1,84,91,77,W,3,WNW,16,7.3,0.7,7
9/5/2023,1008.8,31.2,26.5,29.0,82,87,73,W,4,W,10,0.05,6.5,7
9/6/2023,1009.6,31.1,28.0,29.1,82,86,76,W,5,WNW,14,0.0,6.2,7
9/7/2023,1010.8,31.3,24.0,29.2,83,88,76,W,4,W,13,4.9,6.4,7
9/8/2023,1011.7,31.0,25.2,28.0,86,93,76,VRB,2,WNW,21,0.0,0.3,8
9/9/2023,1010.6,32.8,26.9,29.2,83,90,74,SSW,3,S,9,0.05,4.4,7
9/10/2023,1010.2,30.5,24.2,27.6,88,97,79,SW,3,W,15,8.3,0.0,8
9/11/2023,1010.7,29.9,24.2,27.7,84,94,71,WNW,5,WNW,29,10.5,0.5,7
9/12/2023,1010.8,31.4,23.9,29.0,83,88,77,WNW,4,WNW,12,8.6,6.1,7
9/13/2023,1010.6,31.2,24.7,28.0,87,95,77,VRB,2,WNW,18,10.0,2.0,7
9/14/2023,1010.3,32.5,26.9,29.0,81,90,70,SSW,3,S,11,0.0,4.8,7
9/15/2023,1010.7,33.1,24.1,29.0,84,97,74,S,4,ESE,13,30.5,10.0,6
9/16/2023,1010.7,31.0,24.0,26.5,90,97,85,VRB,2,SSW,11,21.6,0.0,7
9/17/2023,1009.6,32.2,25.5,28.6,83,90,73,S,4,SW,12,0.05,5.6,7
9/18/2023,1009.9,32.0,24.9,28.0,85,96,73,SSW,5,S,23,19.4,3.1,7
9/19/2023,1010.9,29.8,25.5,27.5,87,95,80,S,4,S,12,0.8,0.0,8
9/20/2023,1010.9,31.5,26.1,28.4,85,93,73,VRB,2,WNW,12,0.0,5.9,7
9/21/2023,1011.3,30.9,23.9,27.9,85,98,75,WNW,3,W,12,38.3,5.1,7
9/22/2023,1011.3,29.7,24.6,27.1,89,98,79,VRB,2,N,6,0.05,0.5,7
9/23/2023,1011.6,32.4,24.2,28.6,81,92,68,VRB,3,WNW,10,0.8,9.8,4
9/24/2023,1011.6,31.4,25.5,27.7,85,92,74,VRB,3,NNW,20,1.3,5.0,6
9/25/2023,1010.5,32.0,25.7,29.1,81,89,72,WNW,3,WNW,14,1.6,10.0,4
9/26/2023,1010.4,31.5,24.9,27.9,87,95,74,W,3,WNW,22,8.1,6.5,7
9/27/2023,1011.0,29.9,25.0,27.9,85,96,80,WSW,5,WNW,20,0.0,1.5,7
9/28/2023,1010.7,32.4,25.5,28.9,83,93,73,W,5,W,26,9.4,6.6,7
9/29/2023,1011.2,31.4,24.0,27.8,87,95,79,SW,5,W,24,32.1,0.9,8
9/30/2023,1012.1,29.6,24.0,27.4,87,96,75,WSW,6,W,29,36.7,0.3,8
10/1/2023,1011.9,30.8,24.4,27.6,87,98,78,W,6,WNW,36,16.1,1.1,7
10/2/2023,1011.8,31.2,24.1,27.5,89,96,78,W,5,W,26,64.8,3.4,8
10/3/2023,1011.8,29.4,24.4,26.3,93,98,87,W,5,W,24,48.4,0.0,8
10/4/2023,1011.7,29.3,24.2,27.2,88,97,82,W,6,W,20,23.6,0.0,8
10/5/2023,1011.0,30.5,27.0,27.6,88,95,82,W,4,WSW,15,0.0,2.5,7
10/6/2023,1010.0,31.6,26.1,28.8,83,89,75,W,3,W,11,0.05,7.4,7
10/7/2023,1010.1,32.0,24.9,28.1,86,99,72,VRB,2,WNW,15,38.3,10.4,5
10/8/2023,1011.1,32.1,25.5,29.0,81,97,71,VRB,2,SSE,7,0.0,10.7,4
10/9/2023,1012.2,31.9,25.7,28.3,87,96,74,VRB,2,SSE,7,1.6,5.3,6
10/10/2023,1011.9,32.8,24.6,28.9,83,91,75,S,4,NW,12,13.6,6.9,6
10/11/2023,1012.6,29.4,23.6,26.4,90,98,77,SW,5,SE,18,34.9,0.1,7
10/12/2023,1012.6,31.4,24.5,27.9,84,96,73,S,4,S,12,7.7,3.5,7
10/13/2023,1013.0,30.2,24.4,26.4,91,98,78,WNW,4,WNW,18,23.7,0.9,8
10/14/2023,1013.2,29.6,23.9,26.5,89,99,82,W,6,W,23,72.6,0.5,7
10/15/2023,1011.3,31.4,26.0,28.2,81,92,69,S,3,SSW,11,2.2,6.5,7
10/16/2023,1011.1,32.5,27.4,29.3,78,89,70,S,4,S,12,0.05,10.6,6
10/17/2023,1011.8,32.8,23.9,28.6,82,98,68,S,4,S,16,16.9,6.4,5
10/18/2023,1012.6,31.9,24.6,27.6,86,94,73,VRB,2,E,10,0.05,0.7,7
10/19/2023,1012.5,31.2,24.5,27.9,84,91,73,VRB,3,SW,10,20.9,8.4,6
10/20/2023,1012.2,32.0,25.6,28.4,81,93,71,SSW,4,SSW,14,0.0,11.0,6
10/21/2023,1012.6,31.9,26.2,28.7,81,93,73,SSE,3,SE,7,0.0,11.0,3
10/22/2023,1012.9,32.1,25.9,28.8,82,89,71,VRB,3,WSW,11,0.3,10.0,5
10/23/2023,1012.4,31.1,25.5,27.6,85,91,74,VRB,3,SE,18,0.0,0.7,7
10/24/2023,1011.5,31.8,25.1,28.8,81,93,72,SSE,3,SSE,9,0.05,10.6,4
10/25/2023,1012.1,32.8,24.8,28.9,81,94,70,ESE,4,ENE,21,4.2,1.4,6
10/26/2023,1011.8,32.5,26.4,29.4,80,89,71,E,4,ESE,14,1.6,11.2,3
10/27/2023,1010.9,32.6,26.1,29.1,80,88,70,E,4,S,17,1.4,8.5,6
10/28/2023,1010.5,32.0,24.8,28.8,81,94,71,SE,5,E,18,19.2,8.2,7
10/29/2023,1010.7,31.9,24.7,28.3,83,92,70,SE,5,E,28,25.1,7.9,7
10/30/2023,1010.9,32.0,24.2,28.2,84,93,73,VRB,3,E,10,1.4,9.2,7
10/31/2023,1011.6,30.7,24.6,27.4,86,93,73,VRB,2,E,24,3.0,5.0,7
11/1/2023,1011.0,31.3,26.4,28.4,83,96,76,E,5,E,24,16.3,4.5,7
11/2/2023,1010.2,32.0,25.2,27.6,88,96,76,E,3,E,18,6.8,2.8,7
11/3/2023,1009.3,31.1,25.5,27.4,89,96,79,VRB,2,SSW,18,7.6,1.3,7
11/4/2023,1009.7,32.5,24.5,28.0,86,97,73,S,5,S,24,24.0,6.9,7
11/5/2023,1011.0,32.3,26.6,28.6,82,89,72,VRB,3,SSW,14,0.05,5.3,7
11/6/2023,1012.1,32.7,26.3,27.9,85,92,71,ENE,3,W,12,1.3,6.0,7
11/7/2023,1011.7,31.9,26.6,28.9,82,92,72,VRB,2,ENE,7,0.0,6.1,7
11/8/2023,1011.3,32.0,24.8,28.1,88,97,75,VRB,2,WNW,9,26.0,7.2,7
11/9/2023,1011.9,28.6,26.0,27.1,86,93,82,ENE,5,N,20,10.0,0.0,7
11/10/2023,1012.0,32.3,26.5,29.0,82,87,74,E,5,E,15,0.7,7.9,7
11/11/2023,1012.2,32.2,24.9,28.4,85,95,76,E,5,SE,18,1.1,7.7,6
11/12/2023,1012.4,30.9,26.1,27.9,86,95,80,ESE,3,NE,9,0.05,0.6,7
11/13/2023,1012.0,31.2,25.8,27.9,87,95,78,VRB,1,SW,8,2.9,2.2,7
11/14/2023,1011.5,31.7,26.4,28.1,84,95,73,VRB,2,N,10,0.05,3.9,7
11/15/2023,1011.5,32.1,25.4,28.7,81,94,71,VRB,2,W,8,0.0,10.6,4
11/16/2023,1011.9,32.2,25.8,28.8,80,94,64,VRB,2,NE,10,0.05,10.6,4
11/17/2023,1011.3,33.2,26.8,29.4,81,92,70,VRB,3,S,9,0.0,9.3,4
11/18/2023,1011.0,33.3,25.4,29.6,80,95,68,S,3,ESE,18,3.0,10.9,3
11/19/2023,1011.1,32.0,26.7,28.9,83,92,76,SE,3,E,9,0.0,6.3,7
11/20/2023,1010.9,33.3,26.5,29.5,79,95,68,ENE,3,E,9,0.0,10.5,4
11/21/2023,1010.2,32.4,24.4,29.3,79,89,70,N,3,N,9,8.5,9.7,4
11/22/2023,1010.3,31.5,24.5,27.2,89,96,81,VRB,3,E,12,6.8,1.3,7
11/23/2023,1008.9,32.7,24.6,28.4,83,96,71,VRB,3,S,14,12.4,4.9,7
11/24/2023,1009.3,30.3,25.4,27.9,85,95,78,SW,4,ESE,18,7.2,0.2,7
11/25/2023,1010.5,31.6,28.1,29.2,80,88,72,E,4,E,13,0.0,8.1,5
11/26/2023,1010.2,32.8,28.8,29.9,77,80,71,E,10,E,22,0.05,9.7,5
11/27/2023,1009.6,32.9,27.1,29.8,78,92,68,E,6,E,19,4.7,10.2,5
11/28/2023,1009.4,32.4,26.0,28.7,82,88,73,VRB,4,NE,13,0.05,6.7,7
11/29/2023,1009.7,33.2,25.7,28.5,85,94,70,VRB,2,N,15,6.0,7.0,6
11/30/2023,1010.5,33.6,26.3,29.0,80,95,72,VRB,2,w,6,0.0,10.7,4
12/1/2023,1009.9,32.5,26.8,29.3,81,89,70,VRB,2,NW,8,0.0,10.6,5
12/2/2023,1009.1,32.3,28.0,29.4,79,85,71,VRB,2,W,8,0.0,3.9,7
12/3/2023,1009.2,32.5,28.2,29.6,78,85,71,W,5,W,10,0.0,7.7,7
12/4/2023,1008.9,32.3,27.9,29.9,77,83,69,W,6,W,12,0.0,10.8,5
12/5/2023,1008.8,32.6,26.2,29.6,79,91,71,W,4,W,12,0.0,10.7,5
12/6/2023,1009.6,33.6,26.3,28.6,81,90,68,S,3,SW,16,0.0,5.8,6
12/7/2023,1010.1,31.6,25.2,27.6,87,94,75,SSW,5,S,20,5.8,2.2,7
12/8/2023,1010.1,29.9,25.4,27.4,88,95,79,SSW,4,S,17,7.8,0.5,7
12/9/2023,1010.0,31.8,26.5,29.0,83,90,76,VRB,3,SSE,8,0.4,4.4,7
12/10/2023,1010.1,32.0,26.0,29.3,82,86,76,SE,7,SE,17,0.5,10.6,6
12/11/2023,1010.5,32.6,26.6,28.6,83,87,74,SSE,5,SSE,19,1.0,6.9,7
12/12/2023,1010.2,30.1,26.2,28.0,85,88,80,ESE,5,SSE,15,0.6,0.5,7
12/13/2023,1009.8,32.2,25.7,29.1,83,98,75,E,6,E,16,0.8,9.0,6
12/14/2023,1011.2,32.8,27.0,29.2,82,95,70,VRB,2,E,7,0.0,8.1,7
12/15/2023,1012.0,31.6,24.0,26.1,91,100,83,VRB,2,S,21,90.6,0.0,8
12/16/2023,1010.7,32.7,26.7,28.8,82,95,64,ENE,5,N,13,0.0,8.0,6
12/17/2023,1010.2,33.0,24.9,28.4,84,96,72,ENE,4,E,26,2.2,7.6,5
12/18/2023,1010.2,32.4,27.1,29.2,81,88,69,E,4,E,16,0.0,10.7,2
12/19/2023,1010.7,31.2,26.4,29.1,82,90,76,E,7,E,23,7.2,9.4,7
12/20/2023,1010.9,32.1,27.5,29.5,79,86,71,E,9,E,21,2.8,7.0,7
12/21/2023,1011.7,31.5,25.5,28.3,86,90,79,E,6,E,26,0.4,1.1,7
12/22/2023,1012.0,32.5,25.5,28.6,84,94,72,ENE,3,ESE,10,0.0,5.9,7
12/23/2023,1012.7,32.5,27.1,29.3,81,95,74,E,4,E,11,0.0,10.1,5
12/24/2023,1012.8,33.6,27.4,29.5,77,84,69,E,6,E,13,0.0,10.5,2
12/25/2023,1012.2,33.2,25.2,29.3,81,92,71,E,7,SE,18,9.2,8.3,6
12/26/2023,1012.2,33.2,27.2,29.4,79,87,71,ENE,6,NE,14,0.0,9.7,4
12/27/2023,1011.9,32.3,26.1,29.3,78,85,68,NE,6,NE,17,0.0,9.6,5
12/28/2023,1010.7,32.6,26.7,29.1,82,91,70,ENE,5,E,25,3.8,7.0,7
12/29/2023,1010.9,32.2,25.5,28.7,84,93,76,E,10,E,24,1.8,3.2,7
12/30/2023,1010.9,31.8,25.2,28.7,85,97,76,E,8,E,26,25.1,5.2,7
12/31/2023,1011.6,32.1,24.2,27.5,88,99,77,E,7,SW,25,46.2,1.2,8
1/1/2024,1011.4,31.2,26.9,28.3,83,91,77,E,7,E,16,0.0,4.2,7
1/2/2024,1011.2,32.5,26.7,29.0,82,89,74,SE,6,SE,16,2.9,11.0,4
1/3/2024,1010.5,31.2,25.4,28.7,84,96,76,SE,7,SE,17,13.2,8.2,7
1/4/2024,1010.9,31.4,23.7,28.1,83,89,77,SSE,7,SW,24,16.1,4.7,7
1/5/2024,1010.6,29.3,24.2,27.1,90,98,82,SW,4,SW,20,3.3,,7
1/6/2024,1011.1,31.6,25.2,28.1,86,94,79,VRB,2,ENE,10,0.7,2.9,7
1/7/2024,1011.0,32.6,27.2,28.7,83,94,77,VRB,3,NNE,13,0.0,5.5,7
1/8/2024,1011.5,32.3,26.3,28.9,83,94,72,E,3,E,9,0.0,5.5,7
1/9/2024,1010.7,32.5,27.0,28.8,83,89,73,E,7,E,18,0.0,5.5,6
1/10/2024,1010.7,32.1,26.6,28.6,82,89,71,ENE,6,E,17,0.05,3.7,7
1/11/2024,1010.3,31.9,27.1,29.2,80,87,74,E,10,ESE,22,0.05,6.8,5
1/12/2024,1011.4,32.1,26.7,28.8,78,86,70,E,11,E,24,0.0,8.6,7
1/13/2024,1012.2,32.6,27.4,29.2,77,86,68,E,8,E,20,0.5,9.6,3
1/14/2024,1012.1,32.9,24.1,28.7,81,92,72,E,6,NE,14,0.0,10.6,3
1/15/2024,1012.2,31.5,23.0,27.8,80,96,64,VRB,2,N,20,1.6,10.2,2
1/16/2024,1011.2,31.9,25.0,28.1,78,89,63,SE,4,SE,15,0.0,4.4,7
1/17/2024,1010.6,30.9,26.6,28.4,74,82,67,ESE,6,SE,18,0.0,9.5,4
1/18/2024,1011.2,31.8,26.0,28.3,73,82,63,ESE,6,E,19,0.0,10.2,2
1/19/2024,1010.8,31.9,27.1,29.0,77,87,67,E,7,E,15,0.0,11.3,2
1/20/2024,1011.9,32.7,27.3,29.1,82,89,72,E,8,E,20,0.0,10.6,5
1/21/2024,1012.1,32.6,27.7,29.3,79,87,70,E,9,E,20,0.0,10.8,2
1/22/2024,1013.1,33.2,27.2,29.4,78,88,67,E,6,E,14,0.0,10.6,2
1/23/2024,1012.9,33.2,25.9,28.6,84,93,71,ENE,3,NNE,11,1.7,8.1,4
1/24/2024,1012.9,33.4,27.0,29.3,79,87,70,E,4,E,10,0.0,9.8,3
1/25/2024,1013.7,33.2,27.1,29.4,75,84,64,ENE,5,E,10,0.0,10.6,3
1/26/2024,1014.4,33.0,25.6,29.0,78,91,68,E,6,E,15,0.05,9.6,3
1/27/2024,1014.3,32.8,25.9,28.8,73,85,65,E,4,E,12,0.0,10.8,2
1/28/2024,1014.2,32.4,24.1,28.6,74,84,63,ENE,4,E,9,0.0,10.7,2
1/29/2024,1013.3,32.8,26.4,28.8,74,91,61,NE,4,ENE,12,0.0,10.9,2
1/30/2024,1013.4,33.2,26.5,28.8,78,88,68,NNE,4,NNE,10,0.0,10.2,3
1/31/2024,1014.0,32.9,26.7,29.1,79,89,64,NNE,4,N,12,0.0,8.7,3
2/1/2024,1013.9,33.6,26.7,29.1,77,87,64,NNE,5,NE,13,0.0,7.3,3
2/2/2024,1013.3,33.4,26.2,29.1,79,88,67,NE,6,N,15,0.0,9.6,4
2/3/2024,1013.5,33.4,27.1,29.5,76,86,65,ENE,5,ENE,12,0.0,10.5,3
2/4/2024,1014.6,33.5,27.2,29.4,77,88,66,NNE,5,NE,10,0.0,10.4,2
2/5/2024,1014.3,33.5,25.8,29.5,78,87,66,ENE,6,ENE,13,0.0,10.2,6
2/6/2024,1013.8,33.4,26.4,29.3,76,90,64,E,4,ENE,10,0.0,10.6,3
2/7/2024,1014.1,32.6,24.0,28.3,75,91,63,N,4,N,13,0.0,10.2,2
2/8/2024,1013.6,33.1,25.1,28.3,77,91,62,N,3,ENE,11,0.0,10.4,3
2/9/2024,1013.6,32.8,26.5,28.9,76,89,66,NE,5,E,17,0.0,9.2,3
2/10/2024,1013.9,32.8,26.8,29.5,74,82,66,E,10,E,19,0.0,8.3,6
2/11/2024,1014.1,33.4,26.6,29.4,76,85,64,ENE,7,E,19,0.05,8.7,3
2/12/2024,1013.9,33.6,27.5,29.4,74,85,61,ENE,4,E,11,0.0,10.2,2
2/13/2024,1013.0,33.4,26.1,29.5,76,95,62,NNE,7,NNE,15,0.0,10.7,2
2/14/2024,1012.6,32.6,26.4,29.2,78,88,65,NNE,5,NNE,13,0.0,10.1,4
2/15/2024,1012.1,34.2,26.8,29.5,79,89,66,NNE,4,ENE,11,0.0,9.4,2
2/16/2024,1012.2,33.8,27.1,29.6,78,87,65,ENE,5,NNE,12,0.0,6.0,6
2/17/2024,1012.0,33.9,26.2,29.4,78,92,63,N,3,N,14,0.0,9.4,5
2/18/2024,1011.0,33.8,27.6,29.9,78,91,64,E,5,E,17,0.0,10.7,3
2/19/2024,1011.7,33.2,26.6,29.8,76,87,67,E,6,NE,15,0.0,10.9,4
2/20/2024,1012.1,34.8,27.6,29.7,77,88,63,NNE,5,N,13,0.0,10.8,2
2/21/2024,1012.1,34.5,26.2,29.8,77,89,65,NNE,4,ENE,11,0.0,9.4,2
2/22/2024,1012.5,33.4,26.0,29.3,78,89,66,NNE,5,NE,12,0.0,10.3,2
2/23/2024,1011.7,33.8,26.3,29.2,76,86,63,NNE,4,N,14,0.0,10.9,2
2/24/2024,1011.1,33.5,26.5,29.2,77,88,66,NNE,5,N,15,0.0,11.3,2
2/25/2024,1009.8,32.4,27.0,29.2,75,84,65,NNE,6,N,17,0.0,10.5,2
2/26/2024,1009.6,33.8,28.4,30.1,76,84,67,E,6,E,17,0.0,9.2,3
2/27/2024,1010.4,33.9,27.9,30.2,79,89,68,NE,7,NE,17,0.0,5.8,6
2/28/2024,1010.3,34.4,26.8,30.1,78,89,65,NE,5,NE,12,0.0,9.6,6
2/29/2024,1011.4,34.3,27.9,29.8,76,87,62,E,3,E,9,0.0,8.0,6
3/1/2024,1012.1,34.4,27.6,30.0,73,83,63,ENE,6,NNE,16,0.0,8.3,6
3/2/2024,1012.1,34.1,26.5,29.4,76,84,62,E,5,E,13,0.0,6.2,6
3/3/2024,1011.6,34.3,27.3,29.8,75,86,60,NNE,5,NE,14,0.0,9.7,2
3/4/2024,1012.1,33.9,26.1,29.4,75,89,63,NNE,4,NE,10,0.0,10.7,2
3/5/2024,1012.1,33.6,28.2,29.8,77,88,68,N,5,NNW,13,0.0,9.8,3
3/6/2024,1012.2,32.9,27.5,29.7,77,83,68,N,6,NNW,15,0.0,9.5,3
3/7/2024,1011.8,33.1,27.6,29.6,76,83,65,N,5,N,14,0.0,10.5,3
3/8/2024,1012.2,32.9,26.2,29.4,76,85,66,NNW,4,N,12,0.0,10.0,2
3/9/2024,1012.2,33.2,26.5,29.5,75,83,64,NNW,4,NNW,10,0.0,9.8,2
3/10/2024,1013.4,33.6,26.4,29.3,77,88,66,N,3,N,10,0.0,9.9,2
3/11/2024,1014.2,33.4,26.5,29.6,79,91,69,N,4,N,11,0.0,8.3,2
3/12/2024,1013.5,34.0,27.4,29.7,78,91,66,VRB,3,NNW,7,0.0,6.4,4
3/13/2024,1013.4,33.4,26.7,29.7,77,87,67,N,3,N,11,0.0,8.5,3
3/14/2024,1013.0,34.0,28.4,30.3,75,82,65,NW,5,NW,14,0.0,10.0,2
3/15/2024,1012.1,33.5,27.9,30.2,74,81,65,NNW,5,NNW,14,0.0,9.9,2
3/16/2024,1011.6,33.7,26.4,29.7,75,85,67,NNW,4,N,12,0.0,10.0,2
3/17/2024,1011.9,34.6,27.0,29.8,75,85,63,NNE,4,NE,11,0.0,10.3,2
3/18/2024,1011.7,34.3,28.5,30.2,74,82,64,N,5,N,12,0.0,10.3,2
3/19/2024,1011.1,33.3,27.4,30.1,75,84,62,N,6,N,16,0.0,10.1,2
3/20/2024,1010.5,34.5,28.3,30.5,72,82,63,E,5,NE,13,0.0,10.1,2
3/21/2024,1009.9,34.1,26.2,30.1,73,87,61,E,4,E,12,0.0,10.4,2
3/22/2024,1008.7,34.6,26.4,29.9,78,87,63,E,4,E,18,3.4,8.4,3
3/23/2024,1009.5,32.4,26.4,29.3,81,87,74,E,5,NE,13,0.05,2.2,6
3/24/2024,1010.8,35.1,27.5,30.7,76,88,64,ENE,4,NE,11,0.0,10.5,3
3/25/2024,1011.2,34.7,27.2,30.3,78,88,65,VRB,3,NE,10,0.0,10.6,2
3/26/2024,1012.3,34.4,26.8,29.9,78,88,62,VRB,2,ENE,11,0.0,8.9,6
3/27/2024,1012.7,33.1,26.8,29.6,79,93,67,VRB,2,N,9,0.0,6.8,5
3/28/2024,1011.4,34.2,27.7,30.4,77,92,66,NNW,3,N,13,1.5,10.5,4
3/29/2024,1011.1,34.7,27.5,30.4,80,91,63,ENE,3,NNE,9,0.0,9.1,5
3/30/2024,1012.3,34.3,26.8,30.5,76,88,65,E,3,E,9,0.0,10.4,3
3/31/2024,1012.3,33.4,27.2,30.0,78,88,68,N,3,NNW,10,0.0,9.9,3
4/1/2024,1010.3,34.2,26.4,30.5,75,85,65,N,3,NNW,10,0.0,10.8,2
4/2/2024,1009.3,33.8,28.9,30.4,74,89,62,VRB,3,NNW,10,0.0,9.7,2
4/3/2024,1009.7,33.8,28.7,30.5,77,90,66,NNW,3,NNW,9,0.0,7.7,4
4/4/2024,1010.2,34.5,28.1,31.0,76,85,63,VRB,3,ENE,11,0.0,10.1,4
4/5/2024,1009.6,33.6,28.3,30.4,80,86,72,NNW,5,NW,14,6.0,7.2,6
4/6/2024,1008.8,34.2,28.9,30.9,74,82,65,NNW,4,NNW,10,0.0,10.9,5
4/7/2024,1008.6,34.4,28.4,31.0,74,82,61,N,4,WNW,10,0.0,10.1,5
4/8/2024,1009.0,34.5,28.2,31.0,75,84,65,VRB,3,N,12,0.0,9.5,5
4/9/2024,1009.1,34.4,28.8,30.9,75,87,66,NE,3,NE,10,0.0,10.8,2
4/10/2024,1009.1,34.2,28.8,31.0,74,86,63,E,3,N,9,0.0,9.8,3
4/11/2024,1009.5,35.1,28.5,31.3,73,85,62,NE,4,NE,12,0.0,10.0,5
4/12/2024,1009.5,34.8,28.0,30.6,79,89,65,VRB,3,E,23,0.8,8.3,5
4/13/2024,1009.7,33.6,25.0,29.2,83,95,67,NE,7,E,27,46.6,3.0,7
4/14/2024,1009.5,33.1,29.2,30.8,76,83,68,ENE,5,ENE,12,0.0,11.0,5
4/15/2024,1010.1,34.1,25.2,30.5,79,94,68,E,6,E,24,33.1,8.7,6
4/16/2024,1010.1,30.4,25.9,28.3,88,98,83,NE,4,SE,12,7.9,,8
4/17/2024,1010.0,33.1,27.8,30.0,82,92,74,VRB,2,W,6,0.05,10.2,5
4/18/2024,1009.4,33.4,28.2,30.5,79,90,70,SW,4,SW,10,0.0,10.2,5
4/19/2024,1008.1,33.6,28.7,30.6,79,86,70,SW,4,WSW,10,0.0,9.6,3
4/20/2024,1007.9,33.6,28.9,30.9,78,85,70,W,5,WSW,11,0.0,9.9,7
4/21/2024,1008.4,33.9,29.0,31.1,77,85,71,WSW,5,SW,14,0.0,10.6,5
4/22/2024,1008.8,34.1,29.5,31.3,77,84,70,W,6,WSW,13,0.0,11.2,3
4/23/2024,1007.7,34.8,28.6,31.0,76,83,67,W,4,W,8,0.0,11.1,4
4/24/2024,1007.4,34.0,27.9,30.8,79,86,70,W,3,WSW,8,0.0,10.0,4
4/25/2024,1007.1,33.9,28.8,30.7,77,89,71,SSE,3,SSE,9,0.0,10.7,5
4/26/2024,1007.0,34.4,28.9,31.1,75,82,68,SE,3,SSE,7,0.0,10.4,4
4/27/2024,1007.6,34.9,29.6,31.4,75,84,67,SW,3,SW,9,0.05,10.1,7
4/28/2024,1008.2,32.9,27.1,29.6,86,93,77,W,6,NNW,16,11.5,3.3,7
4/29/2024,1009.3,31.0,26.8,29.7,85,93,80,WSW,6,WSW,15,3.7,,7
4/30/2024,1008.8,31.9,25.0,28.4,86,95,80,W,6,NNW,30,12.5,1.5,8
5/1/2024,1007.3,32.9,28.0,30.3,85,93,79,W,7,WNW,17,0.05,5.1,7
5/2/2024,1007.2,33.4,28.6,30.4,84,89,76,NNW,4,NNW,13,0.0,1.6,7
5/3/2024,1008.6,34.1,28.4,30.9,80,91,72,NW,5,WSW,16,0.0,8.8,7
5/4/2024,1009.0,34.4,28.8,30.9,78,88,68,W,5,NW,15,0.0,10.7,4
5/5/2024,1008.4,34.4,29.0,31.5,77,84,68,WNW,5,NW,12,0.0,9.4,6
5/6/2024,1008.7,34.6,29.8,31.4,77,83,68,NW,6,NW,13,0.0,8.0,7
5/7/2024,1009.5,34.3,29.6,31.1,78,85,69,NW,6,WSW,18,0.05,4.7,7
5/8/2024,1008.6,35.0,29.1,31.6,73,81,63,NW,6,NW,15,0.0,7.8,7
5/9/2024,1008.0,34.8,28.0,31.3,77,89,67,NW,6,W,17,0.05,10.0,7
5/10/2024,1008.8,34.2,28.0,30.4,82,89,71,VRB,4,W,17,0.0,3.2,7
5/11/2024,1009.6,33.8,28.4,30.0,83,92,73,W,3,SW,14,4.1,6.1,6
5/12/2024,1009.0,34.4,27.9,30.4,81,93,68,N,3,NW,15,7.1,8.1,6
5/13/2024,1008.1,33.9,26.1,30.6,80,91,69,W,5,WSW,25,2.7,8.9,6
5/14/2024,1009.0,31.4,26.8,29.2,84,93,76,W,6,W,21,6.4,,8
5/15/2024,1008.8,33.4,25.8,30.6,80,89,73,W,5,W,15,4.1,7.9,6
5/16/2024,1008.9,33.9,27.5,30.8,79,86,70,WNW,7,NW,24,13.2,8.8,7
5/17/2024,1008.4,33.7,25.5,29.6,83,95,78,W,10,WNW,24,9.3,,7
5/18/2024,1007.3,30.9,26.1,29.2,84,91,78,W,10,W,25,8.1,,8
5/19/2024,1006.4,30.4,25.6,28.5,86,94,77,W,11,NW,35,8.9,,8
5/20/2024,1006.8,31.4,26.3,30.1,82,91,78,W,14,W,28,1.3,0.3,7
5/21/2024,1006.4,31.9,25.0,29.0,83,96,78,W,16,W,32,24.6,4.9,7
5/22/2024,1006.2,30.6,26.0,28.4,84,94,75,W,19,W,36,6.1,,8
5/23/2024,1005.8,30.0,25.1,28.6,82,89,76,W,23,WNW,46,0.6,,8
5/24/2024,1006.5,31.6,25.1,28.9,84,95,77,W,12,W,33,13.0,1.8,7
5/25/2024,1007.5,31.9,24.9,29.1,87,96,81,W,10,NNW,36,16.9,1.2,7
5/26/2024,1007.9,32.1,26.2,29.5,84,90,78,W,9,W,25,2.3,4.6,7
5/27/2024,1008.5,31.0,26.0,28.5,89,98,84,W,14,W,32,24.8,,8
5/28/2024,1008.6,31.1,25.5,28.5,87,98,80,W,17,W,50,9.6,,8
5/29/2024,1008.2,31.1,23.9,29.0,83,91,77,W,20,W,50,4.8,0.8,8
5/30/2024,1008.6,29.9,25.6,28.6,85,96,79,NW,15,WNW,34,1.0,,8
5/31/2024,1008.5,32.0,28.9,30.1,86,89,80,WNW,10,WNW,18,0.0,8.6,7
6/1/2024,1008.7,32.1,28.6,30.0,86,89,81,WNW,8,WNW,17,0.0,4.6,7
6/2/2024,1009.0,32.5,27.8,30.1,83,89,77,W,9,WNW,16,0.0,6.2,7
6/3/2024,1009.2,32.6,28.4,30.1,83,90,74,W,7,W,16,0.0,9.2,7
6/4/2024,1009.8,32.6,26.0,29.6,85,92,75,WSW,5,NW,22,8.0,7.5,7
6/5/2024,1010.1,32.8,27.1,29.9,84,90,77,W,6,W,14,0.05,9.3,7
6/6/2024,1010.1,32.5,28.4,29.7,85,90,78,WSW,6,WSW,14,0.05,7.1,7
6/7/2024,1009.5,32.2,28.5,29.9,84,90,77,SW,8,WSW,17,0.0,3.2,7
6/8/2024,1009.5,32.3,28.2,30.0,84,90,77,WSW,9,WSW,20,0.7,6.7,7
6/9/2024,1010.0,32.0,27.9,29.9,83,89,77,W,10,W,25,1.8,2.2,7
6/10/2024,1010.8,32.4,27.0,29.9,82,90,73,W,9,W,22,0.05,9.8,6
6/11/2024,1011.0,32.8,27.6,29.9,82,88,68,W,8,W,19,0.5,7.9,7
6/12/2024,1011.5,33.2,28.3,30.1,82,88,76,W,9,W,19,1.9,5.9,7
6/13/2024,1010.7,32.4,28.6,30.2,82,87,76,W,9,W,16,0.0,3.9,7
6/14/2024,1009.5,32.8,29.0,30.4,79,84,71,W,9,W,17,0.0,10.0,6
6/15/2024,1009.1,32.4,26.9,30.2,80,87,72,W,9,W,18,0.05,6.5,7
6/16/2024,1009.0,33.5,26.0,30.1,80,88,70,W,8,WNW,22,2.0,8.8,7
6/17/2024,1009.3,33.6,28.3,30.5,79,84,73,W,9,W,20,2.2,10.4,5
6/18/2024,1009.5,32.6,27.7,30.2,79,87,73,W,9,W,23,0.05,9.7,6
6/19/2024,1008.8,31.4,27.6,30.0,80,86,73,W,11,W,24,0.0,0.9,7
6/20/2024,1008.8,32.7,25.6,30.2,81,88,74,W,11,W,26,7.4,3.4,7
6/21/2024,1009.1,32.5,25.0,28.3,84,89,78,W,13,W,47,4.6,,8
6/22/2024,1008.4,30.7,24.6,27.9,87,97,81,W,14,WNW,43,20.2,,8
6/23/2024,1007.9,30.1,26.2,28.0,89,96,83,WNW,9,W,30,18.8,,8
6/24/2024,1007.0,31.0,24.5,28.7,85,94,76,W,14,W,45,16.4,3.7,7
6/25/2024,1007.2,30.9,25.0,28.4,87,96,80,WSW,14,WSW,42,27.0,2.7,8
6/26/2024,1007.4,30.8,26.6,28.9,85,92,79,SW,10,WSW,23,0.9,0.9,8
6/27/2024,1008.4,32.4,26.5,29.2,84,93,79,WSW,11,W,35,1.4,2.4,7
6/28/2024,1008.5,32.2,26.7,29.9,81,88,73,WSW,8,W,19,0.0,9.9,4
6/29/2024,1009.0,31.9,26.3,29.1,85,92,78,W,6,W,19,0.05,8.4,4
6/30/2024,1010.0,32.4,26.6,29.4,84,92,77,SW,6,W,20,1.8,10.6,6
7/1/2024,1009.6,31.4,27.0,29.2,86,93,82,W,4,SW,13,1.4,0.8,7
7/2/2024,1008.6,31.3,24.8,29.1,87,96,80,SW,5,NW,24,10.9,0.6,7
7/3/2024,1009.2,31.5,26.6,28.8,87,95,78,W,7,WSW,26,7.2,5.0,7
7/4/2024,1009.5,32.2,27.8,29.8,83,93,76,WSW,5,WSW,16,0.0,10.2,7
7/5/2024,1008.7,32.4,27.0,29.4,84,90,76,WSW,8,W,24,0.0,7.6,4
7/6/2024,1007.9,31.1,27.8,29.2,86,89,80,SW,5,WSW,11,0.0,,7
7/7/2024,1008.1,31.8,26.0,28.9,85,92,78,WSW,8,W,37,15.7,4.2,7
7/8/2024,1007.8,31.7,26.9,29.3,84,91,77,W,8,WSW,18,6.1,1.7,7
7/9/2024,1009.0,32.0,28.1,29.7,83,86,74,W,6,WSW,15,0.0,4.1,6
7/10/2024,1010.8,32.1,27.4,29.6,84,92,76,W,5,WSW,12,0.0,2.9,6
7/11/2024,1009.8,32.4,27.0,29.5,83,90,76,W,6,W,18,1.9,9.8,5
7/12/2024,1009.1,31.2,26.4,29.2,84,93,79,W,9,W,24,3.3,5.2,7
7/13/2024,1009.1,30.4,24.9,28.6,84,92,79,W,9,WNW,28,12.0,0.8,8
7/14/2024,1008.0,31.8,26.1,29.7,81,84,77,W,11,W,35,0.6,7.5,7
7/15/2024,1007.6,31.9,24.9,29.2,83,93,77,W,12,W,35,10.6,2.6,8
7/16/2024,1008.4,30.4,24.8,28.3,84,96,78,W,12,WNW,32,9.1,0.9,8
7/17/2024,1009.1,29.9,25.1,28.3,88,95,83,WSW,8,W,40,6.2,,8
7/18/2024,1009.1,31.4,28.8,29.7,84,90,79,W,10,W,20,0.0,2.8,7
7/19/2024,1008.1,31.8,28.9,29.9,82,86,77,W,10,W,19,0.0,6.3,7
7/20/2024,1008.4,32.6,26.8,29.7,82,92,74,W,7,W,15,4.5,7.4,7
7/21/2024,1009.3,32.1,27.6,29.2,85,92,78,W,6,W,15,0.05,5.0,7
7/22/2024,1010.7,31.8,27.2,29.5,86,93,79,WSW,5,W,11,0.0,2.2,7
7/23/2024,1010.7,32.8,26.9,29.6,84,92,78,WSW,3,W,9,0.0,7.6,7
7/24/2024,1008.8,33.4,26.4,29.8,82,95,72,W,6,W,35,0.6,9.4,5
7/25/2024,1008.2,33.5,25.0,29.7,83,95,75,W,8,W,33,10.8,5.4,7
7/26/2024,1008.7,31.8,28.1,29.2,84,92,76,WNW,10,SW,22,0.0,0.4,8
7/27/2024,1008.9,32.4,28.4,30.1,84,89,72,WNW,10,WNW,19,0.05,3.4,7
7/28/2024,1007.7,32.6,27.9,30.3,82,88,74,W,10,W,23,0.05,7.6,7
7/29/2024,1006.9,32.6,28.4,30.4,81,86,74,WSW,13,W,27,0.05,9.1,7
7/30/2024,1009.2,32.5,27.4,30.1,83,91,76,WSW,9,SW,23,0.05,0.5,7
7/31/2024,1010.0,32.8,27.5,29.7,84,90,73,W,7,W,25,0.6,2.4,7
8/1/2024,1010.2,31.9,28.4,29.7,81,88,74,WSW,8,SW,18,0.0,1.0,7
8/2/2024,1010.1,32.0,26.5,29.6,81,91,73,WSW,7,SW,15,1.7,,7
8/3/2024,1010.7,33.4,26.0,29.8,79,88,69,WSW,7,SW,15,0.05,8.2,7
8/4/2024,1010.8,32.4,24.2,28.7,84,98,74,WNW,8,WNW,34,3.5,9.3,7
8/5/2024,1010.5,31.9,24.3,27.6,87,98,80,W,6,WNW,28,12.9,0.2,8
8/6/2024,1009.3,32.6,27.4,29.2,82,88,76,NW,10,NW,17,0.05,4.6,7
8/7/2024,1009.9,31.9,27.2,29.7,78,83,70,NW,12,WNW,21,0.0,7.2,7
8/8/2024,1010.9,32.5,27.3,29.8,76,80,69,WNW,7,WNW,16,0.0,5.3,7
8/9/2024,1011.1,32.4,28.6,30.0,76,82,69,WNW,8,NW,16,0.0,9.5,6
8/10/2024,1010.6,32.4,24.5,29.4,80,99,71,NW,14,NW,35,8.4,10.0,7
8/11/2024,1008.5,30.9,24.4,28.4,83,92,73,NW,14,NNW,32,41.5,0.1,8
8/12/2024,1007.8,29.8,24.4,25.9,96,99,89,W,13,WNW,34,177.5,,8
8/13/2024,1008.4,26.9,23.2,25.9,91,100,85,WNW,17,NW,35,30.8,,8
8/14/2024,1007.1,31.1,25.6,28.9,79,89,71,NW,23,NNW,41,2.1,6.5,6
8/15/2024,1006.8,31.1,24.3,29.3,81,96,74,W,18,W,36,31.2,9.1,7
8/16/2024,1007.5,30.5,24.1,27.2,88,97,82,W,14,W,36,25.8,0.3,8
8/17/2024,1008.4,28.6,24.4,26.6,89,98,81,W,17,W,36,31.2,,8
8/18/2024,1008.2,31.4,24.8,28.3,84,90,79,W,16,WNW,36,6.1,6.0,7
8/19/2024,1007.9,31.4,26.0,28.8,83,88,77,W,13,W,25,0.6,9.5,6
8/20/2024,1008.5,29.9,24.5,26.8,90,100,79,W,14,WSW,33,44.1,0.3,8
8/21/2024,1009.5,30.2,23.5,27.9,84,97,77,W,13,W,37,6.0,0.6,7
8/22/2024,1010.5,31.5,25.8,28.5,84,93,72,WNW,7,WNW,20,0.0,7.6,7
8/23/2024,1011.5,32.0,26.4,28.4,84,98,71,SSW,5,WNW,12,0.0,6.7,6
8/24/2024,1012.3,32.4,26.4,29.0,80,87,70,W,7,W,14,0.0,10.8,6
8/25/2024,1012.3,32.4,26.4,29.2,79,88,71,WSW,5,W,11,0.0,10.5,5
8/26/2024,1011.3,32.4,26.8,29.3,78,88,68,SW,6,SW,11,0.0,10.9,4
8/27/2024,1011.5,32.6,26.8,29.2,80,89,69,S,7,S,13,0.05,10.5,4
8/28/2024,1011.5,32.4,27.0,29.2,82,89,71,S,6,SW,16,0.5,8.3,5
8/29/2024,1010.2,33.1,26.8,29.6,81,89,71,WSW,8,WSW,16,0.5,10.7,6
8/30/2024,1010.2,31.6,24.2,27.9,87,95,78,S,8,W,29,20.9,,8
8/31/2024,1010.3,31.5,23.9,28.0,86,95,77,W,5,S,23,14.1,3.1,7
9/1/2024,1010.3,30.0,24.9,27.4,89,97,82,W,7,NW,29,11.1,0.7,7
9/2/2024,1010.3,30.0,24.6,28.0,88,100,82,W,8,W,33,12.8,0.7,7
9/3/2024,1011.4,30.4,24.4,28.2,85,89,80,W,7,W,20,2.1,0.5,7
9/4/2024,1010.9,31.8,26.4,28.8,84,96,75,W,11,W,22,0.05,10.4,7
9/5/2024,1010.1,31.7,27.2,28.9,83,90,76,W,11,NW,22,0.9,8.6,7
9/6/2024,1010.8,31.4,26.3,29.1,80,86,73,W,8,WNW,16,0.0,9.7,6
9/7/2024,1011.6,32.4,26.1,29.3,81,87,72,W,7,SW,17,1.6,8.1,7
9/8/2024,1011.5,33.0,25.0,29.1,83,98,73,SW,7,WNW,33,8.8,9.3,6
9/9/2024,1010.2,31.8,25.3,28.4,86,93,77,SW,8,WNW,24,3.0,3.6,7
9/10/2024,1009.8,32.7,24.6,29.4,84,97,74,WSW,8,SW,35,18.4,9.9,7
9/11/2024,1010.8,32.0,25.0,28.7,84,96,73,W,7,SW,26,0.2,5.1,7
9/12/2024,1011.1,32.2,26.8,29.4,82,88,76,WNW,6,WNW,13,0.0,7.5,7
9/13/2024,1010.8,31.9,26.5,29.3,81,89,73,W,6,WNW,17,0.05,9.1,7
9/14/2024,1010.6,32.1,27.3,29.3,81,87,73,WNW,9,WNW,15,0.0,10.0,6
9/15/2024,1010.6,32.1,27.2,29.3,81,87,73,WNW,9,WNW,15,0.0,10.0,6
9/16/2024,1011.3,32.3,24.8,29.4,80,85,73,WNW,9,WNW,21,3.6,10.8,4
9/17/2024,1010.7,31.8,23.7,28.1,86,98,74,WNW,9,WNW,27,37.9,10.7,5
9/18/2024,1009.2,31.4,25.0,28.9,81,98,74,WNW,12,W,24,0.9,8.7,6
9/19/2024,1009.5,32.1,26.5,29.4,79,85,72,WNW,8,WNW,16,0.0,10.0,3
9/20/2024,1009.4,32.3,24.9,29.4,79,88,71,W,6,WNW,20,3.4,11.2,3
9/21/2024,1009.8,31.9,26.7,28.8,82,94,77,W,8,WNW,20,0.0,10.3,6
9/22/2024,1009.5,32.4,25.4,29.4,78,87,69,WNW,11,W,22,0.7,10.6,6
9/23/2024,1009.3,31.0,25.6,29.1,81,87,74,W,10,WNW,20,2.9,6.7,7
9/24/2024,1008.9,31.4,25.9,29.1,83,92,77,W,10,W,26,6.4,9.5,7
9/25/2024,1008.7,31.2,24.0,28.4,86,95,76,W,11,WNW,30,10.6,5.6,7
9/26/2024,1009.2,31.2,24.8,28.3,86,97,79,W,9,W,28,2.1,2.4,7
9/27/2024,1009.7,32.8,25.3,29.4,81,87,73,WNW,10,WNW,22,4.4,10.1,6
9/28/2024,1009.8,32.4,28.0,29.6,82,87,75,NW,9,WNW,17,0.0,10.9,5
9/29/2024,1009.8,32.8,27.8,29.7,82,88,71,NNW,8,NW,17,0.0,8.9,7
9/30/2024,1009.4,32.0,23.4,28.5,87,96,76,NNW,8,WNW,20,75.8,5.6,8
10/1/2024,1008.7,30.0,24.4,26.8,91,98,78,NNE,5,WNW,24,1.0,0.7,7
10/2/2024,1009.6,32.8,26.6,29.0,83,97,73,WSW,4,SSE,11,0.0,9.3,7
10/3/2024,1009.9,33.4,27.2,29.3,81,87,72,SW,4,SW,12,0.0,9.3,6
10/4/2024,1010.1,32.7,26.4,29.5,82,90,71,SW,5,SSW,17,0.05,10.9,6
10/5/2024,1010.1,32.6,26.0,29.5,83,90,73,W,4,SW,21,0.0,10.2,6
10/6/2024,1010.0,30.9,24.6,28.3,84,92,77,WSW,10,SW,33,3.0,3.6,7
10/7/2024,1010.8,30.2,24.2,27.2,88,98,82,WSW,11,SSW,31,33.6,,8
10/8/2024,1010.3,32.3,27.2,29.2,83,89,77,SSW,10,SSW,24,2.0,4.0,7
10/9/2024,1009.6,32.6,24.0,28.4,84,99,72,W,12,WSW,38,19.5,7.2,7
10/10/2024,1008.9,31.2,23.6,27.3,87,97,73,W,14,W,36,53.3,3.1,8
10/11/2024,1008.8,30.0,24.2,27.6,85,96,78,W,11,W,32,4.3,0.7,7
10/12/2024,1009.3,31.6,24.4,27.5,87,94,78,W,7,W,22,8.5,3.5,7
10/13/2024,1009.3,30.9,24.8,28.2,85,95,77,W,7,W,20,14.7,8.5,6
10/14/2024,1009.5,31.5,26.9,28.9,84,91,73,W,6,WSW,15,0.8,7.0,7
10/15/2024,1009.7,32.2,26.0,28.9,84,89,75,W,7,W,18,4.6,8.6,6
10/16/2024,1009.8,31.8,27.2,29.3,82,88,74,W,7,WNW,15,0.0,10.1,6
10/17/2024,1009.3,31.9,26.9,29.2,83,90,75,WSW,6,WSW,14,0.8,11.3,4
10/18/2024,1009.5,32.2,24.9,29.1,81,90,70,SW,8,WSW,23,2.3,10.3,4
10/19/2024,1010.4,32.2,25.8,28.9,84,94,73,W,5,SW,18,1.6,9.7,3
10/20/2024,1010.9,32.4,26.7,29.3,83,89,75,W,5,WNW,12,0.0,10.8,3
10/21/2024,1010.7,32.6,25.6,29.0,83,95,75,W,6,NW,20,4.3,10.0,5
10/22/2024,1010.8,32.3,26.5,29.3,81,90,71,WSW,6,NW,16,0.05,10.0,6
10/23/2024,1010.5,32.9,26.6,29.1,83,90,69,SW,9,SW,17,0.4,4.8,7
10/24/2024,1010.0,31.1,24.4,28.6,86,94,77,SW,9,WSW,21,6.4,0.9,7
10/25/2024,1010.7,32.9,24.2,28.1,89,97,80,WSW,9,SW,24,54.4,6.6,8
10/26/2024,1011.0,29.1,23.4,26.7,92,98,85,W,8,W,25,55.2,,8
10/27/2024,1009.8,30.9,25.0,27.5,88,96,83,W,9,W,25,4.8,2.6,7
10/28/2024,1009.8,31.0,24.4,28.0,87,97,78,W,8,W,28,19.7,4.8,7
10/29/2024,1010.2,31.4,26.5,28.8,84,89,79,W,7,W,18,0.0,9.7,3
10/30/2024,1010.3,32.0,25.6,28.8,83,95,73,W,3,W,8,0.0,11.2,3
10/31/2024,1010.8,32.4,25.4,28.8,84,92,72,SW,4,WSW,18,3.9,9.7,4
11/1/2024,1011.7,32.1,26.1,29.0,84,94,72,NW,4,NNW,11,0.0,11.5,3
11/2/2024,1011.5,32.6,25.0,28.9,81,92,69,NNW,4,NW,9,0.05,11.1,2
11/3/2024,1011.2,32.8,25.1,29.1,80,91,67,WSW,3,SW,8,0.0,11.1,2
11/4/2024,1010.6,33.2,26.0,28.9,80,88,68,SSW,5,WSW,18,0.05,9.9,5
11/5/2024,1010.9,31.8,25.4,28.3,84,92,75,SW,4,SSW,11,6.2,8.2,3
11/6/2024,1011.3,32.2,25.5,28.5,82,91,72,VRB,3,SE,11,0.0,8.9,3
11/7/2024,1011.0,32.8,25.6,28.9,78,90,66,VRB,2,NNW,6,0.0,11.1,2
11/8/2024,1010.6,33.2,25.6,29.2,78,89,68,VRB,3,WSW,10,0.0,11.0,3
11/9/2024,1010.5,33.8,26.2,29.3,77,90,65,VRB,2,SSE,10,0.0,9.5,5
11/10/2024,1010.5,33.0,25.2,28.7,81,90,68,NW,3,NW,10,0.0,9.0,3
11/11/2024,1010.0,32.6,27.6,29.4,77,92,67,NNW,4,NW,10,0.0,11.0,2
11/12/2024,1009.1,32.9,27.4,29.7,75,80,69,NW,7,WSW,20,1.6,9.3,3
11/13/2024,1008.0,33.1,27.0,29.7,75,82,67,WNW,5,WNW,10,0.0,9.8,4
11/14/2024,1009.5,33.6,25.6,29.6,73,83,62,W,4,WSW,9,0.0,10.9,6
11/15/2024,1009.8,33.5,26.4,29.1,77,89,63,VRB,2,NW,7,0.05,7.6,6
11/16/2024,1008.7,33.5,24.7,29.5,81,90,65,NE,5,NNE,15,25.9,5.3,7
11/17/2024,1008.6,30.4,25.4,28.0,87,98,78,E,5,SW,18,3.7,3.1,7
11/18/2024,1009.7,32.0,25.4,28.0,85,96,73,E,8,E,24,6.5,2.5,7
11/19/2024,1010.5,30.2,24.0,26.6,90,99,76,WNW,5,ENE,17,50.3,1.4,8
11/20/2024,1009.7,31.4,25.6,28.0,86,93,77,NNW,5,NNW,14,2.7,3.8,8
11/21/2024,1010.1,29.2,26.1,27.6,86,93,81,SSW,4,SSW,13,0.2,,8
11/22/2024,1010.1,31.6,24.8,28.9,80,95,73,ESE,5,NE,24,4.4,2.3,7
11/23/2024,1010.6,32.1,25.0,28.2,83,96,70,WNW,4,W,18,4.2,6.0,7
11/24/2024,1010.2,31.7,24.8,28.1,86,94,78,N,5,NNW,24,3.5,2.3,7
11/25/2024,1009.4,32.8,25.6,28.9,82,92,73,N,6,NNW,16,7.6,5.4,7
11/26/2024,1008.9,30.2,25.8,28.7,78,86,73,NNW,8,NW,14,0.3,,7
11/27/2024,1008.2,31.8,27.0,29.2,75,82,67,NW,9,NW,15,0.0,8.6,7
11/28/2024,1008.0,31.9,28.2,29.3,74,80,66,NW,8,NW,14,0.0,8.9,7
11/29/2024,1008.4,31.9,27.7,29.4,78,85,75,NW,10,WNW,20,0.05,1.4,8
11/30/2024,1008.6,31.5,27.2,29.2,74,80,70,NW,15,WNW,25,0.05,4.8,7
12/1/2024,1007.8,32.0,27.1,29.0,70,74,65,WNW,11,WNW,22,0.0,8.4,5
12/2/2024,1008.3,31.5,27.4,29.1,72,80,66,WNW,11,WNW,21,0.0,6.3,6
12/3/2024,1009.1,31.9,26.5,29.0,73,79,66,WNW,9,WNW,19,0.0,9.6,5
12/4/2024,1009.7,32.1,24.5,28.3,73,83,63,WNW,3,WNW,10,0.0,10.0,3
12/5/2024,1010.3,32.1,24.4,28.2,75,84,63,SSW,3,WSW,8,0.0,10.4,3
12/6/2024,1010.4,32.4,23.9,28.5,75,86,63,S,3,E,8,0.0,10.3,5
12/7/2024,1010.4,32.8,25.2,28.5,75,87,64,S,2,S,6,0.0,10.1,4
12/8/2024,1010.3,32.3,26.2,29.0,77,88,67,NNW,4,ENE,15,0.05,10.7,4
12/9/2024,1010.4,32.7,26.2,28.7,82,92,68,W,4,NNW,14,0.0,9.2,4
12/10/2024,1010.0,32.0,26.9,29.0,81,89,70,NW,5,NW,11,0.0,9.1,4
12/11/2024,1009.4,32.6,27.1,29.3,80,87,70,NW,5,N,17,0.0,8.6,3
12/12/2024,1008.5,33.0,26.4,29.5,81,89,71,NNW,7,NW,14,0.0,7.6,3
12/13/2024,1008.9,33.6,23.9,29.2,81,92,69,W,5,WSW,25,39.5,6.7,6
12/14/2024,1010.0,30.7,24.2,26.8,89,95,82,S,5,WNW,24,7.2,0.4,7
12/15/2024,1010.8,33.3,24.0,28.9,82,97,71,SSE,5,E,14,13.6,7.8,6
12/16/2024,1010.1,32.4,25.2,28.5,84,93,71,E,4,ESE,13,1.4,5.7,6
12/17/2024,1010.2,29.9,25.4,26.9,88,95,82,S,7,S,25,1.8,,7
12/18/2024,1009.4,32.5,25.0,28.0,86,96,73,SW,4,SSW,21,2.2,6.2,5
12/19/2024,1009.2,33.0,24.8,28.2,87,95,72,SSW,5,WSW,32,12.1,7.6,6
12/20/2024,1009.8,32.4,27.6,28.8,84,93,78,N,9,NW,17,0.2,5.5,7
12/21/2024,1011.0,30.9,24.1,28.3,83,94,77,NW,6,WSW,27,11.1,2.4,7
12/22/2024,1011.1,31.1,27.0,28.8,76,90,72,NW,11,NW,18,0.0,9.3,4
12/23/2024,1010.9,32.1,24.8,28.6,70,82,59,NNW,8,NW,16,0.0,10.8,2
12/24/2024,1011.2,31.7,25.5,28.3,71,82,61,NW,6,NW,13,0.0,10.3,2
12/25/2024,1012.2,32.6,25.9,28.7,71,80,58,NNW,6,NNW,15,0.0,11.0,2
12/26/2024,1013.0,32.0,23.9,28.2,73,82,62,NNW,5,N,14,0.0,10.9,2
12/27/2024,1013.1,31.6,25.1,28.1,76,87,62,NE,4,ENE,9,0.0,10.9,2
12/28/2024,1012.8,31.7,26.9,28.6,79,88,71,NW,3,NW,8,0.0,8.9,5
12/29/2024,1012.3,33.2,25.8,29.2,81,91,69,NNW,5,NNW,11,0.05,9.3,3
12/30/2024,1011.9,33.7,25.6,29.2,80,92,66,N,5,NE,17,0.6,10.7,3
12/31/2024,1011.3,32.3,26.5,28.7,85,94,74,N,4,N,9,1.0,3.0,7
1/1/2025,1010.0,32.9,27.2,29.5,79,89,68,NE,9,NNE,18,0.0,7.6,7
1/2/2025,1010.7,32.0,26.4,29.2,79,87,71,E,6,E,11,2.0,0.4,7
1/3/2025,1010.3,32.6,26.2,28.9,81,92,69,NNE,8,NNE,19,0.7,3.2,7
1/4/2025,1010.5,31.4,27.2,28.6,83,92,75,E,9,E,19,0.0,2.3,7
1/5/2025,1010.8,31.5,25.9,28.7,83,94,74,E,7,E,22,0.05,0.4,7
1/6/2025,1010.8,32.4,26.9,28.8,84,90,69,E,7,ESE,14,0.0,2.7,5
1/7/2025,1010.6,32.7,27.2,29.0,81,87,70,ENE,7,NE,13,0.0,9.5,4
1/8/2025,1010.0,32.2,26.0,28.9,82,95,71,E,8,E,20,0.0,9.2,6
1/9/2025,1010.7,31.4,27.1,28.8,83,86,76,E,12,E,25,0.05,5.6,4
1/10/2025,1011.6,32.7,26.9,29.3,82,92,73,E,11,E,22,0.0,10.0,4
1/11/2025,1012.3,30.1,25.0,26.9,90,94,83,SE,8,SSE,24,0.9,1.0,7
1/12/2025,1011.4,32.1,25.5,28.4,85,95,74,E,3,SE,8,0.0,10.9,3
1/13/2025,1010.5,30.2,25.1,27.7,85,92,78,NNW,5,N,16,0.05,1.2,7
1/14/2025,1011.5,31.2,24.4,27.6,87,98,76,WNW,6,W,17,8.7,1.9,7
1/15/2025,1011.3,31.2,25.1,27.9,87,96,77,NE,6,ENE,27,1.3,2.7,6
1/16/2025,1010.9,32.6,27.0,28.5,86,95,75,N,8,NE,19,0.0,3.9,6
1/17/2025,1009.5,32.2,24.6,28.7,83,98,72,E,7,E,20,2.5,7.7,5
1/18/2025,1009.7,32.0,25.1,28.4,84,90,72,ENE,6,NNE,28,2.0,5.2,6
1/19/2025,1010.3,32.9,25.5,28.2,85,96,74,NNE,6,ENE,23,1.4,4.2,7
1/20/2025,1010.0,31.9,26.9,28.7,86,95,76,"E,NW,W",4,W,12,0.0,6.2,6
1/21/2025,1009.2,33.8,26.4,29.2,85,93,74,N,6,WNW,14,0.0,10.6,6
1/22/2025,1009.4,33.5,24.5,28.3,85,98,70,SSE,5,NNE,14,6.0,7.9,6
1/23/2025,1009.5,29.2,24.5,26.2,93,98,87,SE,6,E,17,7.4,0.0,8
1/24/2025,1008.5,30.2,25.5,28.0,87,99,80,E,11,E,28,11.1,2.4,7
1/25/2025,1009.2,31.7,27.0,28.6,86,92,75,E,9,ESE,23,0.0,5.1,7
1/26/2025,1009.0,32.1,26.5,28.6,87,96,79,E,7,NE,23,0.05,6.0,6
1/27/2025,1008.8,31.2,24.3,28.2,85,94,77,E,9,E,20,1.6,0.6,7
1/28/2025,1009.8,28.5,24.0,27.1,89,98,79,E,10,ENE,27,1.3,0.0,8
1/29/2025,1010.7,32.4,25.6,28.0,83,98,67,N,4,NE,11,0.05,3.3,7
1/30/2025,1010.0,32.4,26.5,28.5,81,92,69,"NNE,NNW",6,NE,14,0.0,6.1,7
1/31/2025,1010.0,32.2,26.0,28.7,80,89,71,NNW,6,NW,13,0.0,9.0,7
2/1/2025,1010.5,32.9,26.4,28.7,83,92,71,NE,5,E,12,0.0,4.4,7
2/2/2025,1010.7,32.5,24.9,28.9,81,92,69,E,5,E,13,0.0,10.5,3
2/3/2025,1011.2,33.6,26.1,28.8,81,93,68,NE,4,N,12,0.0,10.8,2
2/4/2025,1011.1,32.6,25.2,29.0,77,89,66,E,5,E,11,0.0,11.0,2
2/5/2025,1010.1,33.1,26.9,28.8,78,91,66,N,6,N,16,0.0,8.0,3
2/6/2025,1009.8,32.7,26.8,29.1,75,89,63,ENE,8,NE,16,1.5,9.7,3
2/7/2025,1010.9,33.4,27.0,29.5,73,85,63,ENE,11,NNE,20,0.0,10.2,3
2/8/2025,1010.8,33.2,26.9,29.4,68,80,58,ENE,11,ENE,21,0.0,10.7,5
2/9/2025,1010.7,33.3,26.9,29.3,70,80,59,NE,9,ENE,18,0.0,9.6,3
2/10/2025,1012.1,33.2,26.7,29.3,73,84,62,N,7,E,18,0.0,9.3,3
2/11/2025,1011.8,33.2,27.0,29.3,70,80,60,NE,7,NNE,12,0.0,10.8,4
2/12/2025,1011.9,33.3,27.0,29.5,72,82,61,NE,7,NE,14,0.0,10.1,4
2/13/2025,1011.9,33.6,24.2,29.0,78,93,65,NNE,6,NE,15,0.0,10.1,2
2/14/2025,1012.2,31.9,25.5,28.2,76,91,64,N,4,NW,10,0.0,10.1,4
2/15/2025,1010.9,33.8,24.9,28.8,77,91,63,N,5,N,14,0.0,10.9,2
2/16/2025,1011.3,33.2,25.4,28.8,77,89,66,"N,NNE",5,NNW,11,0.0,10.8,2
2/17/2025,1012.3,32.4,25.7,28.9,76,89,67,E,6,E,11,0.0,8.6,6
2/18/2025,1012.3,32.9,26.7,29.1,76,84,67,ENE,7,ENE,14,0.0,8.7,6
2/19/2025,1011.3,33.4,25.6,29.4,74,86,64,N,5,N,13,0.0,11.0,2
2/20/2025,1011.8,34.1,26.8,29.4,77,87,63,NNE,5,NE,12,0.0,9.4,2
2/21/2025,1012.6,33.9,27.4,29.8,79,87,68,ENE,5,E,10,0.0,9.4,2
2/22/2025,1013.5,33.2,26.5,29.6,76,85,66,E,4,ENE,10,0.0,10.4,2
2/23/2025,1012.6,34.2,27.6,29.8,77,89,65,NNE,6,NNW,14,0.0,10.2,2
2/24/2025,1012.5,33.4,27.8,29.7,77,85,69,ENE,8,ENE,16,0.0,0.0,2
2/25/2025,1013.0,33.8,26.1,29.6,77,87,68,NNE,7,NNE,17,0.0,11.3,2
2/26/2025,1012.4,34.4,26.8,29.8,79,92,67,N,4,NNW,12,0.0,10.3,2
2/27/2025,1011.2,35.8,28.1,30.6,78,89,65,N,7,N,14,0.0,8.0,2
2/28/2025,1010.3,35.0,23.6,30.1,80,100,66,N,8,S,26,69.5,7.1,6
3/1/2025,1009.7,31.2,23.2,27.4,91,98,83,NW,10,S,21,28.0,0.9,7
3/2/2025,1009.4,29.3,24.6,26.5,96,100,87,NNE,5,ENE,20,21.2,0.2,7
3/3/2025,1009.5,32.1,26.6,29.0,89,95,80,E,7,E,15,0.05,7.0,7
3/4/2025,1010.3,32.8,27.0,29.5,84,93,74,E,6,NE,13,0.0,9.8,3
3/5/2025,1011.2,31.7,25.5,28.8,82,91,73,E,3,E,10,0.0,11.2,2
3/6/2025,1011.4,32.4,25.5,28.6,84,95,72,NW,3,NW,10,0.0,11.0,1
3/7/2025,1010.5,32.7,27.1,28.9,82,95,73,W,4,WSW,11,0.0,10.9,2
3/8/2025,1009.0,32.4,28.2,29.5,85,92,77,W,6,W,13,0.0,10.4,2
3/9/2025,1009.2,32.4,27.0,29.5,83,91,74,"NNW,NW",8,NW,14,0.0,10.1,2
3/10/2025,1009.6,34.6,27.2,29.9,84,92,73,NNE,7,N,18,0.0,10.8,3
3/11/2025,1009.7,31.8,24.6,28.6,89,99,77,NW,7,N,23,72.6,1.5,7
3/12/2025,1009.9,30.2,24.5,26.1,95,100,88,E,8,N,19,17.3,0.0,7
3/13/2025,1009.6,31.6,26.4,29.2,84,91,79,SE,7,ESE,17,0.0,10.5,4
3/14/2025,1010.4,32.7,28.0,29.7,78,87,72,E,5,SSE,13,0.0,11.0,3
3/15/2025,1011.0,33.1,27.5,29.7,78,85,71,ENE,6,ENE,13,0.0,10.3,2
3/16/2025,1011.4,33.4,25.9,29.6,77,90,68,ENE,5,ENE,11,0.0,10.8,3
3/17/2025,1011.0,33.0,26.6,29.5,82,92,71,NNW,5,NNW,19,3.3,9.0,3
3/18/2025,1011.2,32.8,26.7,29.3,84,92,73,W,4,NNE,14,0.05,9.3,4
3/19/2025,1011.9,33.1,28.3,30.0,78,88,68,ENE,5,NE,11,0.0,11.2,3
3/20/2025,1012.8,33.4,28.6,30.2,78,86,71,ENE,7,NNE,23,0.0,9.9,4
3/21/2025,1013.1,33.6,27.5,29.8,83,95,68,E,5,E,13,0.0,10.8,3
3/22/2025,1012.4,33.8,28.2,30.1,81,88,73,"N,NNE,NNW",5,N,19,0.0,10.8,4
3/23/2025,1011.8,33.6,27.4,30.5,78,85,68,ENE,6,ENE,14,0.0,10.8,2
3/24/2025,1011.1,34.2,27.3,30.4,78,89,67,"ENE,NNE",6,ENE,13,0.0,10.7,2
3/25/2025,1009.7,33.3,28.1,30.0,80,91,70,W,4,NW,11,0.0,7.4,4
3/26/2025,1009.3,33.5,28.6,30.4,78,86,70,NW,7,NW,12,0.0,8.3,4
3/27/2025,1008.9,33.7,28.4,30.2,76,85,68,NNW,8,NW,14,0.0,10.5,2
3/28/2025,1008.6,34.4,28.5,30.4,79,88,69,NW,6,NNW,12,0.0,10.5,2
3/29/2025,1008.5,33.4,28.4,30.3,79,86,71,NW,9,NW,15,0.0,9.9,3
3/30/2025,1009.1,33.8,28.5,30.5,79,87,70,NW,7,NW,12,0.0,10.1,2
3/31/2025,1009.1,33.7,28.1,30.2,80,87,69,NW,7,WNW,13,0.0,9.5,5
4/1/2025,1008.2,32.8,27.4,29.7,80,87,70,WNW,4,NW,10,0.0,6.0,7
4/2/2025,1009.1,33.6,27.1,29.9,79,91,66,W,4,SE,13,1.7,9.5,3
4/3/2025,1010.9,33.8,26.9,30.0,75,85,65,E,4,SSE,9,0.0,10.8,2
4/4/2025,1011.1,34.3,26.8,29.8,80,89,68,N,4,NNW,9,0.0,10.3,2
4/5/2025,1010.6,33.7,28.0,30.2,76,92,62,W,3,WNW,8,0.0,11.1,2
4/6/2025,1009.8,33.6,28.6,30.5,76,85,67,W,6,NW,18,0.0,10.9,4
4/7/2025,1009.4,34.9,26.5,30.9,78,88,64,WNW,6,NW,13,1.8,9.5,6
4/8/2025,1010.3,34.7,28.4,30.6,80,92,67,WNW,3,NNE,12,0.0,0.0,3
4/9/2025,1010.2,34.4,28.5,30.3,80,86,72,SW,7,SSW,17,0.05,1.4,7
4/10/2025,1009.3,31.4,26.4,28.8,82,91,78,W,8,WNW,25,6.3,0.0,7
4/11/2025,1009.4,33.0,24.6,28.9,82,97,68,WSW,7,SW,25,28.3,6.4,7
4/12/2025,1009.8,32.9,26.1,29.8,80,89,72,W,6,WNW,25,0.05,8.5,4
4/13/2025,1010.1,33.4,28.7,30.0,78,87,70,WNW,9,SSW,19,0.0,8.1,4
4/14/2025,1009.7,32.8,28.9,30.4,78,84,70,WNW,9,NW,17,0.0,10.8,2
4/15/2025,1009.5,33.6,28.2,30.5,78,83,72,WNW,7,NW,16,0.0,10.0,5
4/16/2025,1009.8,34.3,28.0,30.5,77,85,68,W,5,W,11,0.0,11.2,2
4/17/2025,1009.4,33.5,28.5,30.4,76,87,64,WNW,4,NNW,8,0.0,9.8,2
4/18/2025,1009.2,33.6,28.6,30.7,76,83,66,WNW,6,NW,12,0.0,10.8,2
4/19/2025,1008.9,33.5,28.8,30.6,76,81,67,WNW,6,NW,11,0.0,9.9,4
4/20/2025,1009.3,33.7,28.0,30.7,73,79,65,W,5,W,11,0.0,10.1,4
4/21/2025,1010.5,33.8,27.8,30.5,74,84,64,W,3,SW,9,0.0,10.9,2
4/22/2025,1011.2,34.0,28.7,30.8,74,81,66,W,5,W,10,0.0,10.7,3
4/23/2025,1010.2,33.8,27.8,30.7,76,86,67,WSW,7,W,21,0.05,8.8,6
4/24/2025,1009.2,33.4,29.2,30.8,72,78,63,"W,WSW",7,W,13,0.0,10.9,3
4/25/2025,1008.9,33.8,29.1,30.8,73,79,64,W,8,W,15,0.0,7.6,6
4/26/2025,1008.8,33.4,28.1,30.7,75,86,66,W,5,WNW,14,0.05,10.3,3
4/27/2025,1009.2,33.4,25.8,28.9,84,97,68,W,6,NNW,20,25.3,5.1,7
4/28/2025,1008.0,32.6,26.2,29.8,82,92,72,W,5,W,14,0.05,10.6,6
4/29/2025,1008.0,34.1,26.4,30.0,82,95,67,N,3,S,19,13.7,10.6,4
4/30/2025,1008.8,34.2,27.6,30.2,81,94,69,W,3,SSW,9,0.6,10.3,4
5/1/2025,1009.5,34.2,27.6,30.0,80,88,71,S,5,SSE,24,0.05,7.6,6
5/2/2025,1010.0,34.9,28.2,30.8,77,87,67,S,6,S,15,0.0,11.0,3
5/3/2025,1009.4,33.2,28.4,30.0,82,89,72,SW,6,WSW,18,0.0,6.3,7
5/4/2025,1008.6,33.6,29.2,30.8,80,86,69,W,6,W,13,1.0,10.7,3
5/5/2025,1008.6,33.2,27.1,30.6,81,86,71,NW,9,NW,24,7.5,6.7,6
5/6/2025,1009.1,33.7,27.4,30.6,81,89,75,NW,10,NW,22,1.4,6.1,7
5/7/2025,1009.4,31.2,25.6,28.3,85,94,79,SSW,8,S,22,0.8,0.0,8
5/8/2025,1009.3,33.4,28.1,30.2,79,87,71,W,7,WSW,16,0.0,10.2,3
5/9/2025,1009.8,33.8,28.1,30.5,75,81,68,NW,9,WNW,15,0.0,10.9,4
5/10/2025,1009.9,33.2,26.7,30.2,78,86,69,WNW,5,WNW,12,0.9,7.4,5
5/11/2025,1009.3,33.4,26.9,30.0,81,93,68,W,6,WNW,24,3.3,10.3,6
5/12/2025,1008.1,33.0,27.4,30.5,79,87,72,WNW,10,NW,21,2.2,10.2,6
5/13/2025,1008.1,33.2,28.4,30.4,78,82,71,WSW,12,WSW,28,0.05,5.9,7
5/14/2025,1009.0,31.8,28.3,29.8,80,88,75,W,9,NW,25,1.7,1.5,7
5/15/2025,1009.0,33.3,28.9,30.6,77,82,72,W,8,WNW,16,0.0,9.2,5
5/16/2025,1008.6,33.3,28.7,30.6,75,84,64,W,6,WSW,15,0.5,0.0,5
5/17/2025,1008.2,33.3,28.9,30.8,76,80,71,W,7,W,15,0.0,10.0,7
5/18/2025,1006.9,33.6,28.7,30.4,78,86,68,W,9,WSW,22,0.05,9.9,7
5/19/2025,1006.5,32.8,28.4,30.4,76,86,65,W,11,SSW,22,0.0,7.3,7
5/20/2025,1006.9,33.4,25.8,29.7,81,90,71,W,10,WNW,35,7.7,8.3,7
5/21/2025,1008.1,32.4,26.6,29.4,84,92,78,W,8,SW,32,11.4,0.7,7
5/22/2025,1007.8,33.7,27.1,30.0,84,96,76,WSW,9,W,25,2.0,7.9,5
5/23/2025,1006.5,32.5,24.6,30.0,81,88,75,SW,12,WSW,37,25.5,8.6,6
5/24/2025,1007.3,32.2,26.6,29.6,83,94,75,WSW,12,WSW,49,6.7,0.6,8
5/25/2025,1008.9,32.8,24.9,29.5,84,94,76,WSW,11,WSW,35,24.0,2.2,7
5/26/2025,1009.0,31.8,29.1,30.1,82,90,77,WSW,12,W,24,0.05,1.8,8
5/27/2025,1008.6,33.0,25.1,30.2,81,90,74,"W,WSW",12,W,35,1.7,7.6,7
5/28/2025,1008.0,32.4,29.0,30.5,81,87,76,W,11,W,26,0.6,8.6,7
5/29/2025,1007.8,33.1,29.2,30.6,82,86,76,WSW,17,WSW,34,0.05,3.0,8
5/30/2025,1008.8,32.8,28.1,30.0,84,88,78,WSW,14,WSW,40,0.7,0.0,8
5/31/2025,1010.5,32.8,26.1,30.1,84,88,77,W,10,W,28,0.5,0.8,7
6/1/2025,1010.7,32.9,27.5,30.2,82,92,75,W,12,WNW,19,0.0,10.3,4
6/2/2025,1010.4,32.6,26.5,29.3,83,88,71,W,9,W,29,5.1,6.7,6
6/3/2025,1010.1,32.6,26.1,29.8,82,88,75,WSW,10,WSW,30,3.5,7.9,6
6/4/2025,1010.5,31.2,27.2,29.7,83,88,79,"W,WNW",11,W,22,0.6,5.7,7
6/5/2025,1011.0,33.7,28.6,30.2,81,86,68,WNW,11,NW,20,0.0,9.7,6
6/6/2025,1011.3,33.0,27.9,30.1,79,84,73,WNW,9,NW,14,0.0,10.3,2
6/7/2025,1011.5,32.8,27.6,29.9,79,89,71,WNW,9,WNW,23,0.05,10.5,3
6/8/2025,1010.9,32.9,28.1,30.1,79,86,71,WNW,10,W,19,0.0,10.4,4
6/9/2025,1009.4,32.6,25.7,29.9,80,84,73,WNW,12,WNW,29,8.5,6.9,6
6/10/2025,1008.0,31.8,26.5,29.2,85,92,78,W,12,W,36,8.2,3.3,8
6/11/2025,1007.6,31.1,25.5,29.1,84,90,79,WNW,13,WSW,27,2.8,1.5,7
6/12/2025,1007.3,31.8,24.2,28.8,84,95,74,W,15,W,34,40.1,8.7,6
6/13/2025,1008.0,30.1,24.2,27.9,89,99,77,W,13,WNW,45,15.1,0.0,7
6/14/2025,1008.4,30.8,23.6,27.7,88,98,82,W,14,W,44,25.4,0.3,8
6/15/2025,1009.2,30.1,24.5,27.1,89,97,81,WSW,13,W,43,27.4,0.0,8
6/16/2025,1009.0,31.5,25.6,28.8,84,93,78,WSW,12,WNW,37,1.1,0.5,8
6/17/2025,1010.0,32.1,23.5,28.8,85,98,76,WSW,8,W,33,10.5,3.7,7
6/18/2025,1010.1,31.5,27.9,29.0,85,89,75,W,7,W,20,0.05,4.1,7
6/19/2025,1010.5,31.9,27.8,29.4,84,90,77,W,7,W,16,0.0,7.4,7
6/20/2025,1010.8,32.7,27.9,29.8,83,89,74,WSW,7,WSW,13,0.05,8.0,6
6/21/2025,1010.9,33.4,27.5,29.8,83,90,73,WSW,6,SSW,13,0.0,8.5,4
6/22/2025,1010.5,32.6,27.6,29.8,82,93,71,SW,8,SW,24,2.2,9.5,6
6/23/2025,1009.9,32.8,28.0,29.8,81,88,74,SW,8,SW,16,0.0,7.6,7
6/24/2025,1009.1,32.8,28.4,30.0,82,88,75,SW,9,SW,18,0.0,9.6,5
6/25/2025,1008.7,32.9,25.1,29.9,82,90,73,SW,10,SSW,22,3.5,7.1,7
6/26/2025,1009.1,32.4,26.2,28.8,86,95,78,SW,9,SSW,30,0.2,2.3,7
6/27/2025,1009.6,32.0,24.1,28.5,85,94,76,WSW,7,W,30,7.0,1.8,7
6/28/2025,1010.1,31.1,24.8,28.0,87,98,81,W,9,W,32,14.6,1.7,8
6/29/2025,1009.3,32.8,27.1,29.3,84,90,70,W,7,W,17,0.0,1.3,7
6/30/2025,1009.3,32.0,27.0,29.5,80,89,72,W,7,W,15,0.0,10.3,3
