date,pressure_hpa,max_temp_degC,min_temp_degC,mean_temp_degC,mean_humidity_percent,max_humidity_percent,min_humidity_percent,mean_wind_direction_compass,mean_wind_speed_kts,max_wind_direction_compass,max_wind_speed_kts,rainfall_mm,sunshine_hrs,cloud_cover_oktas
1/1/1994,1011.1,31.6,24.0,29.0,77,80,73,VRB,5,ESE,8,26.0,,5
1/2/1994,1012.1,29.4,23.6,24.7,93,98,87,CALM,0,N,15,52.7,,8
1/3/1994,1010.8,30.4,26.5,28.7,78,82,74,VRB,2,CALM,6,11.1,,7
1/4/1994,1010.9,30.2,27.4,28.5,79,80,75,CALM,0,CALM,5,45.2,,6
1/5/1994,1009.2,30.4,24.8,28.8,78,80,75,VRB,6,NE,10,5.8,,5
1/6/1994,1009.2,30.5,27.2,29.1,76,78,74,VRB,5,ENE,10,0.0,,3
1/7/1994,1010.1,31.4,26.1,28.9,79,85,75,VRB,5,ESE,12,3.8,,5
1/8/1994,1010.7,31.2,26.6,29.2,75,78,71,SE,5,SSE,10,0.0,,5
1/9/1994,1010.7,31.0,27.6,29.0,76,77,74,VRB,5,ESE,8,0.0,,5
1/10/1994,1010.7,31.5,26.6,29.1,77,79,74,VRB,3,ESE,7,0.0,,5
1/11/1994,1011.0,29.4,24.8,27.3,84,86,83,NNE,8,NNE,16,1.2,,7
1/12/1994,1011.2,30.6,25.4,28.3,79,83,72,N,6,N,17,0.8,,7
1/13/1994,1011.8,31.0,26.6,29.1,72,75,71,N,8,NNE,12,0.0,,5
1/14/1994,1010.4,30.6,27.2,28.8,72,78,69,NNE,7,NNE,10,0.0,,5
1/15/1994,1008.8,31.4,23.2,29.5,66,69,64,CALM,0,CALM,4,0.0,,1
1/16/1994,1008.6,31.9,24.6,29.8,69,71,65,VRB,4,ENE,15,7.5,,3
1/17/1994,1010.5,30.4,25.4,27.7,80,86,75,CALM,0,WNW,14,0.6,,7
1/18/1994,1012.1,30.5,26.6,27.9,76,84,71,VRB,2,NNW,15,9.5,,7
1/19/1994,1011.0,30.5,25.0,28.9,75,76,74,VRB,5,NNE,8,0.1,,5
1/20/1994,1010.4,30.6,25.1,28.7,75,81,70,VRB,4,NNE,9,0.0,,6
1/21/1994,1010.3,30.8,27.5,29.5,71,75,68,VRB,3,NNE,7,2.0,,3
1/22/1994,1011.3,30.6,24.6,29.1,74,76,72,VRB,5,NE,13,0.3,,6
1/23/1994,1011.7,30.6,27.4,29.3,74,78,71,NNE,6,NE,12,0.0,,7
1/24/1994,1012.1,31.2,23.2,29.2,74,77,71,VRB,5,E,18,18.0,,7
1/25/1994,1011.8,30.2,24.2,26.9,79,88,73,VRB,5,WNW,20,11.4,,7
1/26/1994,1011.0,29.7,27.1,28.1,80,89,75,NNE,10,NE,16,0.0,,8
1/27/1994,1011.9,30.5,24.0,28.9,79,80,77,VRB,5,NE,18,58.0,,7
1/28/1994,1013.3,29.0,23.0,26.8,93,96,84,CALM,0,SW,19,33.3,,8
1/29/1994,1011.5,29.8,24.0,28.5,80,81,78,VRB,3,NE,6,0.0,,6
1/30/1994,1010.0,30.4,25.8,29.3,74,75,72,VRB,3,CALM,6,0.0,,3
1/31/1994,1009.7,30.4,26.4,29.0,74,76,71,NNE,6,NE,8,0.0,,4
2/1/1994,1010.1,30.6,26.6,28.9,75,76,73,NNE,10,NNE,13,0.0,,5
2/2/1994,1010.2,30.7,27.1,29.3,70,73,65,NNE,9,NNE,12,0.0,,4
2/3/1994,1009.9,31.0,26.9,29.3,74,77,69,NE,6,NE,10,0.0,,3
2/4/1994,1010.6,30.5,26.8,29.0,69,71,67,NNE,9,NNE,14,0.0,,3
2/5/1994,1009.7,31.2,27.4,29.3,73,75,71,NE,8,NNE,14,7.6,,3
2/6/1994,1010.0,31.0,24.6,29.5,76,78,72,NNE,9,E,27,4.8,,5
2/7/1994,1011.0,30.6,25.2,28.7,77,79,73,NE,9,E,18,2.6,,6
2/8/1994,1010.5,30.5,25.6,28.9,79,83,75,N,6,N,10,0.1,,7
2/9/1994,1010.6,29.4,23.6,27.3,82,85,78,VRB,5,SW,23,0.1,,8
2/10/1994,1010.3,30.9,26.2,29.4,74,79,71,VRB,4,N,8,0.0,,7
2/11/1994,1009.1,31.0,26.1,29.3,75,79,72,NNW,8,NNW,12,0.0,,5
2/12/1994,1009.4,31.2,27.2,29.5,72,75,67,N,9,N,12,0.0,,3
2/13/1994,1010.4,31.2,25.4,29.5,72,75,69,NNE,9,NNE,13,0.0,,3
2/14/1994,1012.0,31.4,27.0,29.6,72,76,70,NNE,6,N,9,0.0,,4
2/15/1994,1011.2,31.4,28.0,29.5,73,78,69,NNE,7,NNE,8,0.0,,5
2/16/1994,1010.9,31.3,27.6,29.5,71,73,69,NNE,7,NNE,10,0.0,,5
2/17/1994,1012.1,31.6,26.6,29.8,68,73,65,NNE,6,NNE,9,0.0,,4
2/18/1994,1012.4,31.7,27.2,29.5,71,74,67,NNE,11,NNE,15,0.0,,7
2/19/1994,1011.3,31.8,26.3,30.0,72,73,69,NNE,9,NNE,10,0.0,,7
2/20/1994,1011.7,31.6,27.0,29.7,76,78,72,N,7,NNE,10,0.0,,6
2/21/1994,1012.2,30.9,25.4,28.3,82,84,77,NNW,8,NNW,16,7.3,,7
2/22/1994,1009.7,31.0,27.2,29.5,76,79,73,N,9,N,13,0.0,,6
2/23/1994,1010.0,31.0,26.1,29.5,75,79,72,N,5,N,8,0.0,,7
2/24/1994,1011.3,31.2,26.6,28.5,80,85,75,NNE,9,NE,12,0.0,,7
2/25/1994,1010.9,31.6,27.4,29.7,73,79,69,NE,7,NE,12,0.0,,4
2/26/1994,1011.3,31.6,27.5,30.1,66,67,64,NNE,9,NE,13,0.0,,2
2/27/1994,1010.6,31.5,27.6,30.0,70,73,65,NNE,8,NNE,10,0.0,,3
2/28/1994,1011.8,31.4,27.8,29.9,68,71,65,NE,7,NE,12,0.0,,3
3/1/1994,1011.9,31.0,26.4,29.7,66,68,65,NNE,8,NNE,10,0.0,,4
3/2/1994,1012.2,31.1,27.8,29.6,69,73,66,NNE,10,NNE,13,0.0,,3
3/3/1994,1011.7,31.4,27.6,29.5,69,71,68,NNE,7,NNE,10,0.0,,3
3/4/1994,1011.7,31.2,26.6,29.5,67,69,65,NNE,9,NE,12,0.0,,2
3/5/1994,1011.3,31.4,27.8,29.9,68,70,65,NE,5,NE,7,0.0,,3
3/6/1994,1011.0,31.9,25.0,30.1,69,71,67,VRB,4,E,9,0.0,,2
3/7/1994,1011.6,32.0,26.6,29.9,70,78,67,CALM,0,CALM,6,0.0,,3
3/8/1994,1010.6,31.8,24.4,30.1,71,75,69,VRB,3,CALM,5,0.0,,3
3/9/1994,1011.0,32.6,24.0,30.5,70,76,66,VRB,3,WNW,6,0.0,,3
3/10/1994,1012.1,31.8,23.8,29.3,77,82,72,VRB,5,NNW,9,0.0,,7
3/11/1994,1011.3,31.6,27.5,30.1,74,78,71,NNE,6,NNE,10,0.0,,2
3/12/1994,1011.1,32.1,24.8,30.3,72,75,68,NNE,6,NE,7,0.0,,3
3/13/1994,1011.8,32.0,25.0,30.5,73,78,70,VRB,5,NNE,8,0.0,,3
3/14/1994,1011.5,31.6,26.4,30.0,71,73,69,N,10,NE,12,0.0,,2
3/15/1994,1011.1,31.4,25.0,29.5,68,72,65,N,8,N,10,0.0,,4
3/16/1994,1011.0,31.4,24.8,29.9,66,71,63,N,7,N,10,0.0,,1
3/17/1994,1010.6,31.0,25.7,29.9,70,75,66,WNW,5,WNW,8,1.0,,6
3/18/1994,1010.5,32.1,27.2,29.8,75,85,71,W,8,SW,15,0.0,,6
3/19/1994,1011.3,32.2,27.4,30.1,70,72,69,WNW,8,WNW,12,0.0,,7
3/20/1994,1010.3,32.0,28.4,30.3,67,71,65,WNW,6,W,8,0.0,,2
3/21/1994,1009.7,31.9,26.8,30.5,69,71,68,VRB,4,CALM,6,0.0,,3
3/22/1994,1011.4,32.1,27.0,30.6,69,73,67,W,7,W,13,0.0,,2
3/23/1994,1013.0,32.2,26.1,30.5,66,69,63,W,7,W,9,0.0,,2
3/24/1994,1012.4,31.8,26.6,30.3,67,68,66,VRB,5,WNW,7,0.0,,3
3/25/1994,1011.2,32.2,27.4,30.6,66,69,65,W,8,W,11,0.0,,2
3/26/1994,1012.4,32.3,27.8,30.5,66,70,63,WSW,6,SW,7,0.0,,1
3/27/1994,1012.7,32.4,27.6,30.2,71,80,67,SW,5,SW,9,0.0,,2
3/28/1994,1012.4,32.5,27.5,30.6,69,70,67,WSW,6,W,9,0.0,,3
3/29/1994,1012.5,32.5,25.6,29.4,74,77,71,WSW,7,NW,16,3.0,,5
3/30/1994,1012.9,32.3,24.8,29.0,76,84,69,SW,8,SW,13,3.5,,6
3/31/1994,1012.7,31.7,26.2,29.7,75,78,73,WSW,7,WSW,12,0.0,,5
4/1/1994,1011.7,32.1,25.2,30.1,73,75,70,WNW,8,WNW,11,6.4,,4
4/2/1994,1011.0,31.8,26.5,29.3,77,82,72,NW,11,NNW,16,0.0,,7
4/3/1994,1009.8,31.8,25.6,29.9,75,76,73,N,8,N,15,1.7,,5
4/4/1994,1011.2,31.9,24.8,28.9,78,90,71,VRB,6,WNW,13,4.8,,5
4/5/1994,1011.4,31.8,26.0,30.1,75,81,71,VRB,4,CALM,6,0.0,,3
4/6/1994,1011.6,31.0,22.6,25.3,87,88,85,NNW,10,NW,23,19.3,,8
4/7/1994,1009.7,30.5,24.5,28.3,82,90,76,NW,8,N,20,2.1,,7
4/8/1994,1008.2,30.6,27.5,29.5,78,82,74,N,7,N,13,0.0,,3
4/9/1994,1008.9,31.1,23.8,30.3,70,73,68,VRB,3,CALM,5,0.0,,2
4/10/1994,1010.8,32.6,27.6,30.0,76,81,72,VRB,7,SSW,10,0.0,,5
4/11/1994,1011.2,32.8,25.8,30.5,72,74,69,SSW,9,SSW,13,0.0,,5
4/12/1994,1010.0,33.0,24.3,30.3,72,78,69,SSW,9,SSW,17,8.9,,4
4/13/1994,1011.2,31.6,26.0,28.7,78,80,72,VRB,2,SE,9,0.0,,7
4/14/1994,1011.7,31.9,27.4,30.5,72,77,69,NW,6,NW,8,0.0,,3
4/15/1994,1012.0,31.2,23.8,28.5,81,86,78,WNW,8,WSW,18,43.1,,6
4/16/1994,1012.0,31.4,24.2,29.1,77,81,74,VRB,6,NW,10,20.0,,6
4/17/1994,1011.9,31.4,23.5,29.3,76,79,75,WNW,8,N,20,61.0,,6
4/18/1994,1011.9,30.6,26.0,28.5,78,83,74,W,12,W,16,5.6,,8
4/19/1994,1011.2,31.6,27.6,29.7,75,80,67,WNW,7,WNW,17,0.3,,5
4/20/1994,1010.9,31.8,25.0,29.4,75,79,69,CALM,0,NW,15,1.7,,5
4/21/1994,1010.2,31.8,24.8,30.3,72,74,71,WNW,7,WNW,10,2.3,,3
4/22/1994,1010.8,30.6,26.4,28.6,79,81,73,WSW,7,SW,13,0.0,,7
4/23/1994,1011.1,32.0,25.4,29.6,75,83,71,WSW,9,W,17,0.1,,4
4/24/1994,1011.6,32.2,27.0,30.7,72,73,70,SW,6,SSW,9,0.0,,3
4/25/1994,1010.3,32.4,25.8,30.7,70,75,66,CALM,0,CALM,5,0.0,,3
4/26/1994,1009.3,32.8,27.6,30.4,74,77,70,VRB,5,WNW,7,0.0,,4
4/27/1994,1010.7,31.9,25.6,29.9,77,78,73,SSW,10,SW,18,3.0,,6
4/28/1994,1011.0,32.0,24.2,27.9,83,89,76,W,5,SW,35,22.7,,8
4/29/1994,1010.7,30.1,23.8,27.1,85,92,79,W,12,W,26,59.6,,7
4/30/1994,1009.6,29.6,25.8,28.3,83,87,79,W,8,W,18,0.1,,8
5/1/1994,1010.2,29.8,22.6,25.3,93,98,87,VRB,6,WNW,20,53.8,,8
5/2/1994,1010.4,31.8,25.2,29.5,75,78,72,SW,8,W,10,0.0,,5
5/3/1994,1011.2,32.0,26.6,30.5,72,75,68,SW,6,SW,8,0.6,,4
5/4/1994,1012.5,31.1,25.5,27.9,84,89,79,SW,7,W,17,70.8,,7
5/5/1994,1013.6,29.0,24.8,26.9,83,84,82,WSW,6,WSW,14,0.0,,8
5/6/1994,1012.8,31.4,26.2,29.7,72,76,68,SW,5,S,8,0.0,,5
5/7/1994,1013.5,31.9,27.0,30.1,71,74,69,VRB,5,SW,7,0.0,,5
5/8/1994,1013.8,32.0,26.8,30.3,73,79,69,SW,7,SW,11,0.4,,4
5/9/1994,1013.3,32.4,27.6,30.1,74,77,68,WSW,7,WSW,9,0.0,,7
5/10/1994,1012.2,32.0,25.9,30.3,73,75,69,WSW,7,W,10,3.9,,6
5/11/1994,1011.1,31.5,24.2,29.9,76,83,72,WSW,5,NW,25,6.2,,3
5/12/1994,1011.3,32.2,26.5,30.3,73,80,68,VRB,5,NW,18,17.7,,4
5/13/1994,1012.3,32.0,24.0,28.8,81,96,71,SW,5,N,16,90.4,,5
5/14/1994,1012.2,32.0,25.5,29.3,77,85,72,S,9,S,15,1.0,,4
5/15/1994,1011.7,30.6,24.8,27.7,85,87,83,S,8,W,23,0.5,,7
5/16/1994,1011.5,31.6,23.8,29.9,75,79,72,SW,8,NNW,18,26.4,,4
5/17/1994,1011.9,30.6,25.7,29.2,77,84,70,VRB,2,NE,20,16.0,,7
5/18/1994,1011.8,31.0,24.1,28.5,79,88,74,VRB,6,NW,25,7.8,,7
5/19/1994,1011.0,30.5,25.8,28.7,79,83,77,W,10,WNW,18,4.4,,8
5/20/1994,1012.2,29.2,22.6,28.5,81,85,78,SW,11,WSW,20,61.2,,8
5/21/1994,1013.5,28.8,23.5,26.3,87,95,80,WSW,9,WSW,20,2.3,,8
5/22/1994,1011.6,31.6,23.4,28.7,77,87,70,SW,8,SW,23,25.3,,5
5/23/1994,1010.4,31.2,26.3,29.3,78,87,70,SSW,7,SW,16,0.0,,6
5/24/1994,1009.9,31.6,25.0,30.3,71,75,67,VRB,6,WSW,7,0.0,,3
5/25/1994,1009.8,31.2,27.4,29.7,74,76,73,SW,8,SW,12,0.0,,5
5/26/1994,1009.3,31.2,23.0,29.7,71,74,68,SW,9,SW,13,14.0,,6
5/27/1994,1009.8,29.4,25.5,26.5,83,90,76,W,10,NW,32,6.4,,8
5/28/1994,1009.4,30.6,26.0,29.4,73,76,71,SW,9,SSW,12,0.0,,7
5/29/1994,1010.1,30.9,26.7,29.6,69,72,65,SSW,9,SSW,10,0.6,,7
5/30/1994,1009.1,31.1,24.4,29.8,65,72,61,VRB,2,CALM,5,0.0,,5
5/31/1994,1010.0,31.1,26.6,27.3,78,95,68,VRB,7,NW,23,9.2,,4
6/1/1994,1009.6,31.2,27.2,29.7,71,75,68,VRB,3,CALM,6,0.0,,7
6/2/1994,1009.7,31.6,27.4,30.3,71,74,66,VRB,5,SE,6,0.0,,4
6/3/1994,1009.2,31.6,26.5,30.5,72,77,66,VRB,5,SSE,7,0.0,,3
6/4/1994,1008.8,32.1,25.0,28.1,81,96,72,VRB,8,N,19,29.4,,5
6/5/1994,1007.5,30.4,26.1,28.8,79,86,75,WSW,12,W,15,0.2,,7
6/6/1994,1007.2,31.4,28.3,30.0,75,79,72,SW,9,SW,12,0.0,,6
6/7/1994,1007.3,31.4,27.2,30.1,78,79,77,WSW,6,WSW,8,0.0,,7
6/8/1994,1008.3,31.4,28.2,30.3,74,77,72,VRB,5,CALM,7,0.0,,4
6/9/1994,1008.7,32.0,27.0,30.3,74,78,71,VRB,5,WNW,8,0.0,,4
6/10/1994,1009.4,31.9,28.3,30.7,74,75,72,NW,9,NW,12,0.0,,5
6/11/1994,1009.3,31.9,27.3,30.5,75,78,73,WSW,7,W,11,0.0,,4
6/12/1994,1009.8,31.6,28.3,30.1,75,78,72,SW,5,SW,11,0.0,,2
6/13/1994,1011.1,31.5,26.5,30.2,71,74,68,SW,7,SW,12,0.0,,3
6/14/1994,1011.2,31.7,26.6,30.1,71,73,69,VRB,4,W,7,0.0,,5
6/15/1994,1010.5,31.9,25.7,30.0,70,76,67,VRB,3,CALM,7,0.0,,7
6/16/1994,1010.8,31.8,27.4,30.5,69,71,66,VRB,4,CALM,8,0.0,,1
6/17/1994,1012.1,31.9,26.3,30.5,68,71,66,VRB,4,CALM,6,0.0,,1
6/18/1994,1011.3,32.0,23.8,30.3,69,71,66,SSW,6,SSW,12,6.4,,5
6/19/1994,1011.1,31.6,21.8,29.5,75,79,71,VRB,3,SSE,10,75.5,,5
6/20/1994,1011.0,30.1,24.0,27.9,77,91,72,VRB,3,SSW,10,0.0,,7
6/21/1994,1010.9,31.1,24.2,28.7,76,78,72,NNW,6,NNW,18,15.1,,7
6/22/1994,1010.1,31.2,23.4,29.0,79,89,72,VRB,7,NNW,11,16.2,,7
6/23/1994,1010.0,31.4,21.3,29.3,78,89,69,VRB,5,N,10,33.4,,7
6/24/1994,1010.5,30.6,22.6,25.8,87,96,81,VRB,2,NNE,15,10.8,,8
6/25/1994,1010.1,31.5,22.7,29.3,75,76,74,VRB,5,CALM,6,62.5,,4
6/26/1994,1010.2,30.8,23.4,28.1,78,88,71,CALM,0,CALM,5,43.0,,6
6/27/1994,1009.7,30.0,25.4,27.6,84,90,80,WSW,8,NNW,30,2.7,,8
6/28/1994,1009.3,31.3,27.6,30.0,72,74,70,SSW,8,SSW,15,0.0,,3
6/29/1994,1008.9,30.8,25.0,29.8,73,75,71,S,6,S,8,1.6,,3
6/30/1994,1009.0,29.8,23.7,27.1,85,90,75,VRB,6,S,11,6.4,,8
7/1/1994,1008.5,30.9,24.5,29.7,71,76,66,VRB,4,CALM,7,0.0,,2
7/2/1994,1009.2,31.4,26.0,29.7,76,81,73,VRB,4,SW,7,0.0,,7
7/3/1994,1009.3,31.6,27.2,30.3,73,80,68,VRB,4,CALM,6,0.0,,7
7/4/1994,1009.7,31.6,27.8,29.7,75,81,71,VRB,4,CALM,6,0.0,,6
7/5/1994,1010.5,31.8,28.4,30.1,70,74,66,VRB,4,WSW,7,0.0,,2
7/6/1994,1011.5,32.2,,30.3,66,71,61,CALM,0,CALM,3,0.0,,4
7/7/1994,1012.0,32.0,25.8,30.5,68,70,66,VRB,2,CALM,4,0.0,,2
7/8/1994,1012.4,31.9,27.9,30.5,67,69,63,VRB,4,SE,9,0.0,,5
7/9/1994,1011.7,32.2,28.4,29.4,74,90,67,VRB,6,SW,17,3.2,,6
7/10/1994,1012.1,30.0,26.2,28.1,77,81,73,SW,8,SW,23,0.1,,7
7/11/1994,1010.9,30.2,27.2,28.9,79,86,74,VRB,3,SW,6,12.7,,7
7/12/1994,1011.1,30.3,25.5,27.6,80,86,73,SW,9,SW,18,0.0,,8
7/13/1994,1011.1,31.6,24.4,29.7,72,76,69,VRB,5,SW,8,0.0,,6
7/14/1994,1010.3,31.2,25.0,28.9,80,89,74,VRB,3,SE,8,4.7,,7
7/15/1994,1010.1,31.9,25.2,30.3,75,78,71,VRB,6,SE,10,4.0,,6
7/16/1994,1009.7,32.2,21.4,29.8,73,78,69,VRB,4,NNW,38,9.4,,6
7/17/1994,1010.7,30.8,22.6,28.7,75,80,69,VRB,2,N,8,0.0,,7
7/18/1994,1011.7,31.8,25.6,29.2,74,87,68,CALM,0,CALM,3,0.0,,7
7/19/1994,1011.3,32.2,26.5,30.5,71,77,66,VRB,3,ESE,8,0.0,,4
7/20/1994,1010.9,32.2,23.0,30.5,72,76,67,VRB,5,SE,8,0.0,,4
7/21/1994,1011.3,30.9,25.8,29.3,75,79,70,VRB,6,S,7,0.0,,7
7/22/1994,1011.3,31.4,26.2,30.0,71,74,69,VRB,5,SSE,7,0.0,,6
7/23/1994,1011.3,31.6,26.7,30.4,72,73,69,SE,7,SE,10,0.0,,2
7/24/1994,1010.9,31.4,22.9,28.1,79,87,74,SE,8,SSE,11,24.8,,7
7/25/1994,1011.0,30.2,24.6,28.1,82,89,76,VRB,3,SW,7,2.1,,7
7/26/1994,1010.0,29.2,22.2,26.5,87,96,82,VRB,5,NNE,12,39.5,,7
7/27/1994,1010.1,30.6,25.0,29.3,75,76,73,VRB,6,SSW,10,1.7,,7
7/28/1994,1010.9,31.6,23.4,29.7,76,79,72,SSW,9,SSW,11,0.0,,4
7/29/1994,1010.3,31.4,24.5,29.5,76,82,74,VRB,4,S,6,1.7,,7
7/30/1994,1009.8,31.8,25.1,29.9,75,78,73,SSW,7,SSW,12,0.7,,6
7/31/1994,1009.9,31.4,23.2,29.3,72,75,70,VRB,6,WSW,10,0.0,,6
8/1/1994,1010.5,30.2,23.2,29.1,75,78,70,VRB,4,N,7,3.2,,7
8/2/1994,1010.3,30.9,25.6,29.3,76,83,71,VRB,4,SSW,8,0.0,,5
8/3/1994,1010.8,31.8,24.8,29.9,74,79,69,VRB,5,SSE,8,2.0,,5
8/4/1994,1011.5,30.8,22.0,29.1,78,79,77,SSE,7,SSE,9,34.1,,7
8/5/1994,1012.1,29.8,22.4,26.9,78,83,73,CALM,0,SSE,9,0.0,,8
8/6/1994,1012.1,31.4,22.8,29.5,75,85,69,CALM,0,CALM,4,11.7,,6
8/7/1994,1013.1,30.9,25.0,28.5,78,81,75,NNW,9,NNW,12,0.0,,6
8/8/1994,1012.2,31.4,23.7,29.6,75,79,72,N,10,N,13,3.1,,6
8/9/1994,1011.3,31.3,22.6,29.8,73,74,70,NNW,7,NNW,10,5.7,,5
8/10/1994,1010.7,30.9,23.8,28.1,80,87,75,CALM,0,CALM,3,0.3,,7
8/11/1994,1012.0,31.8,26.4,29.7,72,78,69,VRB,2,CALM,5,0.0,,4
8/12/1994,1011.9,31.5,26.6,30.2,71,73,67,VRB,6,SE,10,0.0,,2
8/13/1994,1011.9,31.5,26.6,30.2,71,73,69,SE,7,SE,12,0.0,,2
8/14/1994,1012.0,31.6,24.9,30.3,71,73,69,ESE,6,ESE,14,1.3,,5
8/15/1994,1011.9,31.6,22.8,28.9,77,80,73,VRB,5,SE,15,9.6,,7
8/16/1994,1013.0,29.0,21.4,26.2,84,93,77,SW,9,WNW,22,2.8,,7
8/17/1994,1012.4,30.4,24.2,28.6,77,80,73,SW,8,SW,13,0.6,,7
8/18/1994,1011.0,31.5,26.2,29.9,71,73,68,S,8,S,10,0.0,,4
8/19/1994,1010.4,31.5,26.0,29.8,71,73,70,SE,8,SE,11,0.0,,3
8/20/1994,1010.2,31.7,23.8,30.1,71,73,69,VRB,6,SSE,7,2.5,,2
8/21/1994,1010.3,30.6,23.4,28.9,77,90,69,VRB,5,CALM,7,0.7,,4
8/22/1994,1011.2,30.4,22.6,28.6,77,80,73,CALM,0,CALM,5,0.0,,7
8/23/1994,1012.0,31.7,21.7,29.9,72,78,67,CALM,0,CALM,5,0.0,,2
8/24/1994,1012.5,31.6,21.4,29.9,70,71,68,VRB,3,S,7,0.0,,3
8/25/1994,1012.3,32.0,22.9,29.9,72,74,69,VRB,3,CALM,5,0.0,,6
8/26/1994,1012.7,31.6,25.4,29.3,73,80,69,CALM,0,CALM,5,0.9,,7
8/27/1994,1012.8,31.9,21.7,30.1,70,71,67,SSE,5,SSE,8,26.0,,7
8/28/1994,1012.6,31.3,22.9,29.5,72,77,69,S,5,S,10,9.5,,7
8/29/1994,1012.1,30.7,22.0,28.6,77,80,71,VRB,4,S,7,0.6,,4
8/30/1994,1011.5,31.3,24.9,29.8,70,71,68,SE,6,SE,9,0.0,,7
8/31/1994,1010.7,31.6,25.3,30.3,70,73,69,SSE,7,SSE,8,0.0,,6
9/1/1994,1010.7,31.8,26.3,30.3,69,71,67,VRB,6,SSE,9,0.0,,5
9/2/1994,1010.8,31.8,26.5,30.1,68,71,66,SE,6,SE,10,0.0,,4
9/3/1994,1011.2,31.7,26.8,30.4,69,71,68,SE,7,SE,10,0.0,,4
9/4/1994,1012.2,31.5,21.1,29.1,79,95,72,SE,7,SE,12,64.5,,7
9/5/1994,1013.2,31.6,22.6,26.4,81,81,75,S,6,S,10,1.4,,8
9/6/1994,1011.7,31.0,22.5,29.1,72,76,66,CALM,0,CALM,3,0.0,,7
9/7/1994,1011.9,30.8,22.4,29.6,73,75,69,CALM,0,E,13,1.8,,7
9/8/1994,1013.7,30.6,22.1,27.3,81,95,73,VRB,4,NNE,15,43.9,,7
9/9/1994,1013.5,29.8,22.6,27.4,84,90,76,NW,5,NNW,25,6.4,,8
9/10/1994,1012.7,31.0,22.5,29.3,73,75,71,N,15,N,20,14.1,,7
9/11/1994,1013.7,29.0,22.5,25.2,88,93,82,VRB,4,N,13,15.0,,8
9/12/1994,1013.6,30.6,22.0,27.3,83,96,74,VRB,2,CALM,6,35.4,,7
9/13/1994,1013.0,30.3,22.6,27.7,81,84,75,NW,8,NW,15,17.0,,6
9/14/1994,1012.5,30.0,21.6,27.1,78,88,72,W,5,W,12,22.1,,8
9/15/1994,1012.5,29.6,23.8,27.6,76,84,71,WSW,8,SW,12,0.0,,7
9/16/1994,1012.9,31.1,23.9,29.3,74,84,69,VRB,7,SSW,12,0.1,,4
9/17/1994,1013.7,30.6,21.6,29.1,76,79,73,VRB,3,N,15,14.0,,6
9/18/1994,1013.8,30.0,22.2,26.7,84,90,78,WNW,8,W,26,24.8,,7
9/19/1994,1012.9,29.8,22.2,27.7,80,87,74,VRB,3,NNW,7,10.0,,7
9/20/1994,1012.9,28.0,22.4,26.1,84,87,82,CALM,0,ENE,7,3.2,,7
9/21/1994,1012.9,30.2,24.2,28.3,74,78,71,VRB,3,NNW,18,0.0,,6
9/22/1994,1013.3,30.6,24.4,29.3,77,79,73,WNW,8,WNW,15,0.0,,7
9/23/1994,1013.1,31.0,24.6,29.6,75,79,73,VRB,5,NW,7,0.0,,4
9/24/1994,1013.5,31.2,22.4,29.7,73,76,69,WSW,7,WSW,9,6.6,,5
9/25/1994,1013.6,28.8,22.7,25.7,86,91,81,WSW,8,WSW,10,2.6,,7
9/26/1994,1013.4,30.9,22.4,27.8,79,87,73,VRB,4,WNW,20,31.4,,6
9/27/1994,1013.3,30.4,21.5,26.9,85,90,78,CALM,0,WSW,13,50.0,,7
9/28/1994,1012.9,30.6,22.6,28.1,79,88,71,CALM,0,NNW,7,5.3,,7
9/29/1994,1011.7,31.0,23.6,29.3,72,76,69,VRB,5,WSW,7,0.0,,3
9/30/1994,1011.5,31.2,24.1,28.6,75,84,71,VRB,6,S,8,0.0,,3
10/1/1994,1011.3,31.3,23.2,29.7,73,75,70,SSW,7,SSW,11,1.9,,3
10/2/1994,1011.0,31.2,23.0,28.5,75,83,69,WSW,15,W,25,25.2,,6
10/3/1994,1010.5,31.5,25.0,29.3,75,79,70,S,8,S,15,0.0,,7
10/4/1994,1010.6,31.6,23.1,29.9,72,74,68,S,8,S,10,8.9,,2
10/5/1994,1011.7,31.0,24.1,28.4,77,82,71,VRB,7,NW,15,0.6,,6
10/6/1994,1011.6,30.5,23.7,27.3,83,88,78,SW,6,W,15,7.3,,7
10/7/1994,1010.9,30.6,22.1,28.9,76,80,73,NNW,17,NNW,20,46.5,,7
10/8/1994,1011.4,28.5,22.0,25.6,86,93,77,NW,14,NNW,25,6.9,,8
10/9/1994,1011.2,29.8,23.6,28.1,81,84,75,NW,8,NW,15,0.1,,7
10/10/1994,1012.0,31.5,23.4,29.3,74,78,70,WNW,7,W,8,0.0,,5
10/11/1994,1012.7,31.2,23.1,29.3,74,78,72,VRB,5,N,18,0.0,,7
10/12/1994,1013.1,32.1,24.6,29.2,70,75,65,CALM,0,W,10,0.0,,2
10/13/1994,1013.6,30.2,21.7,28.5,78,82,74,SW,7,WNW,13,23.5,,4
10/14/1994,1014.4,29.8,22.6,27.3,82,88,78,VRB,3,SW,10,19.6,,7
10/15/1994,1013.7,29.6,23.0,27.0,83,88,78,SSE,7,S,20,7.0,,8
10/16/1994,1011.7,30.3,23.7,28.1,78,85,71,SE,6,E,18,0.7,,7
10/17/1994,1011.5,29.8,22.0,27.3,81,86,77,VRB,3,CALM,7,26.1,,7
10/18/1994,1011.9,31.5,23.0,29.7,71,72,68,CALM,0,S,10,26.1,,4
10/19/1994,1012.5,30.0,23.6,28.1,80,84,78,VRB,4,CALM,6,2.1,,6
10/20/1994,1012.2,30.2,22.2,28.3,81,90,75,NNW,11,NNW,18,0.1,,5
10/21/1994,1011.4,30.6,25.0,29.1,75,78,73,VRB,3,CALM,6,0.0,,6
10/22/1994,1011.3,31.5,23.1,29.7,70,73,68,VRB,3,SW,15,0.5,,4
10/23/1994,1013.1,29.6,23.6,27.5,81,86,78,CALM,0,SE,10,0.6,,8
10/24/1994,1012.2,31.0,25.0,29.2,72,76,68,S,7,S,9,0.0,,2
10/25/1994,1012.2,30.9,22.7,29.5,69,72,65,SSW,8,SSW,10,0.0,,5
10/26/1994,1011.8,31.6,21.8,29.5,71,75,66,VRB,4,SW,7,0.0,,5
10/27/1994,1011.4,31.6,24.7,29.5,74,78,68,VRB,4,SW,7,0.0,,5
10/28/1994,1011.0,31.7,22.4,29.5,73,76,70,SE,7,SSE,8,2.0,,7
10/29/1994,1011.2,30.9,23.2,28.7,76,79,71,S,5,S,10,0.5,,7
10/30/1994,1011.4,30.6,22.7,28.2,77,80,71,VRB,4,S,7,2.2,,7
10/31/1994,1012.4,30.6,26.1,29.1,74,78,71,VRB,5,CALM,6,0.0,,6
11/1/1994,1012.4,31.6,25.2,29.9,72,75,70,SE,6,SE,9,0.0,,3
11/2/1994,1012.3,32.2,22.0,30.3,72,74,69,SE,6,SE,8,56.5,,3
11/3/1994,1012.0,30.5,21.9,28.8,76,84,73,SSE,6,SSE,9,18.2,,7
11/4/1994,1012.3,29.6,24.6,27.0,84,88,82,VRB,3,CALM,5,2.6,,7
11/5/1994,1012.1,31.0,25.7,29.5,74,77,71,VRB,2,ENE,6,0.0,,2
11/6/1994,1011.7,31.6,23.5,29.7,74,76,70,VRB,2,CALM,5,0.0,,2
11/7/1994,1011.5,31.2,22.9,28.5,78,83,71,CALM,0,NW,6,17.5,,7
11/8/1994,1010.6,29.5,24.8,27.5,84,92,78,S,4,S,10,0.4,,7
11/9/1994,1010.6,31.4,25.4,28.9,79,84,74,N,10,N,15,0.0,,7
11/10/1994,1011.5,30.0,22.4,27.1,83,93,74,NNW,11,NNW,20,132.7,,7
11/11/1994,1012.1,27.0,22.6,25.5,88,95,85,W,10,W,20,9.1,,8
11/12/1994,1011.0,30.9,23.5,28.4,79,86,73,W,6,W,15,3.2,,7
11/13/1994,1011.1,30.9,22.9,28.3,78,84,70,W,8,W,18,24.5,,7
11/14/1994,1010.7,29.8,25.7,27.9,79,82,77,NNW,10,NNW,15,0.0,,7
11/15/1994,1010.2,31.1,26.2,29.7,73,74,70,VRB,2,E,7,0.0,,2
11/16/1994,1011.0,31.6,21.2,28.1,82,92,70,CALM,0,WSW,18,61.4,,5
11/17/1994,1011.9,29.4,23.4,26.9,82,87,77,NW,12,NW,23,2.7,,7
11/18/1994,1011.1,30.6,25.7,28.3,79,83,74,N,14,N,24,0.0,,7
11/19/1994,1010.8,28.4,22.0,25.3,90,95,83,NNW,17,N,32,122.6,,8
11/20/1994,1011.2,28.0,21.5,26.0,85,98,80,NNE,12,NE,17,22.6,,8
11/21/1994,1011.2,30.0,23.8,28.5,76,77,74,WSW,7,WSW,10,0.1,,7
11/22/1994,1011.8,29.2,24.5,27.7,81,83,79,NW,12,NW,15,3.7,,7
11/23/1994,1011.1,31.0,23.8,29.1,76,78,70,NW,7,NW,12,1.8,,7
11/24/1994,1010.9,31.0,26.1,29.7,75,79,73,WNW,9,WNW,11,0.0,,2
11/25/1994,1010.2,31.6,24.5,29.9,74,77,72,WNW,9,WNW,13,0.4,,2
11/26/1994,1010.1,31.2,25.7,29.5,72,78,64,NNW,11,NNW,14,0.0,,5
11/27/1994,1010.5,31.2,25.2,29.7,70,70,69,N,8,N,10,0.0,,2
11/28/1994,1010.5,31.0,23.4,29.7,70,73,68,NE,6,NE,8,0.0,,2
11/29/1994,1011.3,31.1,23.3,29.5,70,72,68,VRB,3,CALM,6,0.0,,3
11/30/1994,1012.2,31.6,23.0,29.7,67,72,64,VRB,4,CALM,5,0.0,,5
12/1/1994,1013.1,31.4,25.6,30.3,69,70,68,VRB,6,SW,8,0.0,,2
12/2/1994,1013.1,31.6,25.0,30.1,70,71,69,WNW,7,WNW,9,0.0,,2
12/3/1994,1012.2,31.6,25.5,29.7,69,74,66,W,8,WNW,12,0.0,,3
12/4/1994,1012.6,31.8,24.2,29.9,69,71,67,NW,8,NW,10,0.0,,2
12/5/1994,1013.9,31.4,25.5,29.7,69,71,67,NNW,7,NNW,8,0.0,,2
12/6/1994,1012.4,31.6,24.1,29.8,74,75,72,NNE,7,NNE,8,3.9,,3
12/7/1994,1012.1,,23.8,29.3,75,81,71,VRB,5,NNE,6,0.0,,6
12/8/1994,1012.3,30.6,22.2,27.3,82,91,73,CALM,0,NNE,7,17.0,,7
12/9/1994,1013.0,29.4,22.4,27.7,81,82,80,CALM,0,CALM,3,7.9,,7
12/10/1994,1012.5,30.5,24.7,28.1,80,89,75,CALM,0,CALM,2,0.0,,6
12/11/1994,1011.7,31.4,24.0,29.7,70,71,68,VRB,3,NE,7,1.2,,3
12/12/1994,1011.8,31.6,23.6,29.9,70,71,69,CALM,0,NE,7,16.1,,4
12/13/1994,1011.2,31.0,24.7,28.7,78,86,70,NNE,9,NNE,14,0.0,,6
12/14/1994,1011.7,31.0,26.1,28.7,74,78,70,VRB,5,NNE,8,0.0,,7
12/15/1994,1012.2,31.2,26.1,29.3,75,78,73,VRB,6,NE,10,0.0,,7
12/16/1994,1012.4,29.8,23.0,27.9,82,87,78,VRB,5,NNE,8,31.4,,6
12/17/1994,1012.1,31.6,24.0,29.3,79,82,78,VRB,3,ENE,7,8.9,,4
12/18/1994,1012.6,30.8,25.3,29.5,75,76,73,VRB,2,CALM,5,0.0,,3
12/19/1994,1013.1,31.5,23.4,29.7,74,78,72,VRB,4,ESE,7,29.3,,4
12/20/1994,1013.2,30.2,23.4,27.4,83,90,79,VRB,3,SE,8,1.4,,7
12/21/1994,1013.2,30.8,23.2,27.3,84,95,73,VRB,4,E,11,23.1,,7
12/22/1994,1012.2,30.6,23.8,29.2,77,80,74,E,7,E,13,40.8,,6
12/23/1994,1012.3,30.4,23.4,27.7,83,87,79,VRB,6,E,19,38.0,,8
12/24/1994,1012.5,28.0,22.2,25.2,93,96,88,VRB,4,S,10,70.1,,8
12/25/1994,1011.1,29.0,23.1,27.7,82,85,80,E,11,ENE,15,8.6,,7
12/26/1994,1011.3,30.2,23.0,28.0,82,85,78,VRB,6,E,8,28.0,,7
12/27/1994,1011.7,28.6,22.9,26.2,89,96,80,E,9,SE,22,83.1,,8
12/28/1994,1011.5,30.6,23.4,27.6,86,92,79,E,9,E,48,59.6,,7
12/29/1994,1011.7,30.3,25.2,28.5,80,83,77,VRB,6,E,8,2.5,,7
12/30/1994,1011.5,30.8,23.9,28.5,81,84,78,VRB,6,NE,10,6.2,,7
12/31/1994,1011.9,30.6,23.4,29.1,79,82,77,VRB,3,CALM,5,2.7,,3
1/1/1995,1012.5,30.0,24.7,28.1,82,87,78,VRB,4,NE,8,0.0,,7
1/2/1995,1011.2,30.8,24.0,29.0,79,83,77,VRB,5,E,8,0.0,,6
1/3/1995,1012.5,29.8,22.6,26.0,91,96,83,NNW,7,NNW,15,67.6,,7
1/4/1995,1012.4,30.0,23.8,28.7,80,84,78,VRB,4,NNE,7,8.3,,7
1/5/1995,1011.8,30.6,26.0,29.5,76,79,73,VRB,5,ENE,8,0.0,,2
1/6/1995,1012.6,31.1,24.7,29.3,79,81,77,VRB,5,NE,8,0.2,,5
1/7/1995,1013.2,30.9,25.0,28.2,83,86,76,VRB,4,CALM,6,5.1,,7
1/8/1995,1013.3,31.2,26.0,29.6,73,76,71,VRB,5,SE,7,0.0,,4
1/9/1995,1012.1,31.0,24.2,29.6,76,80,72,VRB,3,CALM,5,9.0,,6
1/10/1995,1012.9,30.4,22.6,26.8,87,95,78,VRB,3,SSE,7,15.2,,8
1/11/1995,1013.1,30.5,23.0,29.2,78,80,75,VRB,3,CALM,5,0.0,,6
1/12/1995,1013.1,30.9,26.1,29.5,78,79,78,VRB,5,N,8,0.0,,2
1/13/1995,1012.4,30.9,26.1,29.0,79,81,78,VRB,5,N,8,1.4,,7
1/14/1995,1012.2,29.4,22.2,27.5,80,83,78,VRB,3,N,7,22.9,,7
1/15/1995,1013.0,28.8,21.9,26.1,88,93,81,CALM,0,W,18,29.0,,8
1/16/1995,1013.0,29.4,22.9,27.2,81,84,75,N,11,NNW,25,3.9,,7
1/17/1995,1012.9,30.5,24.8,29.4,74,76,71,N,8,N,10,0.0,,7
1/18/1995,1012.8,30.2,24.6,29.0,74,76,73,N,8,N,10,0.0,,6
1/19/1995,1012.6,31.4,26.0,29.5,73,75,72,NNE,7,NNE,10,0.0,,6
1/20/1995,1011.9,30.6,25.2,29.2,77,80,73,NNW,9,NNW,12,0.0,,6
1/21/1995,1012.1,31.4,23.2,29.9,77,79,75,NW,8,NW,11,0.0,,4
1/22/1995,1012.3,30.8,25.0,29.1,76,89,68,CALM,0,CALM,3,0.0,,5
1/23/1995,1012.4,31.0,23.8,29.6,77,79,75,VRB,3,NE,5,2.3,,4
1/24/1995,1012.4,31.5,23.0,29.6,73,77,67,VRB,4,E,7,1.6,,5
1/25/1995,1013.2,29.8,25.2,27.4,79,84,74,VRB,4,NNE,6,0.6,,7
1/26/1995,1014.0,30.0,25.5,28.3,77,80,73,NNE,6,NNE,11,0.4,,6
1/27/1995,1013.3,29.8,24.4,27.4,78,87,71,VRB,5,NNE,11,1.2,,7
1/28/1995,1013.2,30.6,25.6,29.5,75,79,74,VRB,3,ESE,6,0.0,,3
1/29/1995,1013.3,31.2,26.0,30.0,72,74,70,VRB,4,NE,8,0.0,,1
1/30/1995,1012.7,31.0,25.0,29.7,71,73,68,NNE,7,NNE,9,0.0,,2
1/31/1995,1012.8,31.2,25.0,29.9,72,73,70,NNE,7,NNE,9,0.0,,2
2/1/1995,1012.7,31.3,22.4,29.8,77,85,73,VRB,5,NNE,8,64.5,,5
2/2/1995,1013.1,29.8,23.8,26.9,81,84,78,VRB,4,NE,7,0.4,,7
2/3/1995,1012.5,29.8,25.4,28.1,79,83,75,VRB,4,NE,7,0.3,,7
2/4/1995,1010.9,31.0,23.2,29.7,76,78,74,ENE,6,E,8,27.7,,3
2/5/1995,1012.1,30.8,25.2,28.3,83,90,77,VRB,4,NNE,8,2.0,,7
2/6/1995,1011.9,31.6,23.5,29.4,81,83,78,E,7,E,10,46.2,,7
2/7/1995,1013.2,30.3,23.5,27.1,87,92,82,S,7,S,12,58.3,,7
2/8/1995,1013.5,29.4,22.4,26.4,89,93,83,CALM,0,E,13,31.0,,8
2/9/1995,1013.0,30.7,25.1,29.1,77,82,74,VRB,3,CALM,6,0.0,,6
2/10/1995,1012.8,31.4,26.0,29.6,77,79,73,NNE,7,NNE,10,0.0,,6
2/11/1995,1012.0,31.6,25.4,30.0,75,78,72,VRB,5,NNE,7,0.0,,4
2/12/1995,1012.7,31.2,25.8,29.6,72,75,70,NNE,7,NNE,10,0.0,,5
2/13/1995,1012.4,30.8,25.8,29.7,69,71,67,VRB,5,NE,8,0.0,,2
2/14/1995,1012.3,30.9,25.0,29.4,69,72,66,NNE,10,NE,15,0.0,,5
2/15/1995,1011.2,31.0,22.8,29.3,71,73,68,NNE,6,NNE,8,0.0,,5
2/16/1995,1012.1,31.5,22.4,29.6,71,72,69,VRB,5,N,10,0.0,,2
2/17/1995,1012.3,31.6,23.6,29.9,74,76,72,VRB,5,N,8,0.0,,4
2/18/1995,1011.6,31.2,23.2,29.5,71,73,69,VRB,5,N,8,0.0,,5
2/19/1995,1011.7,31.3,25.2,29.5,70,73,66,NNE,7,N,8,0.0,,2
2/20/1995,1011.9,31.5,25.6,29.8,73,76,71,VRB,5,N,6,0.0,,5
2/21/1995,1011.2,31.6,26.2,29.9,73,75,71,VRB,5,NE,8,0.0,,5
2/22/1995,1011.6,31.6,25.6,30.1,67,70,64,VRB,5,E,7,0.0,,2
2/23/1995,1011.3,31.5,26.1,29.9,67,70,65,VRB,4,NE,7,0.0,,3
2/24/1995,1011.2,31.7,25.6,30.1,67,71,65,VRB,4,ENE,7,0.0,,2
2/25/1995,1011.5,31.6,25.8,30.2,68,70,66,VRB,4,E,6,0.0,,3
2/26/1995,1012.2,32.2,23.2,30.1,71,73,68,VRB,2,CALM,4,0.0,,5
2/27/1995,1012.2,31.6,25.5,30.1,69,73,66,VRB,5,NNW,9,0.0,,5
2/28/1995,1011.7,32.2,25.6,29.8,73,75,70,NE,5,N,7,0.0,,4
3/1/1995,1011.8,31.7,25.0,29.9,69,72,66,N,7,N,9,0.0,,2
3/2/1995,1013.4,31.7,26.0,29.6,72,74,70,N,7,N,9,0.0,,6
3/3/1995,1012.9,31.8,21.6,30.1,67,72,64,VRB,3,N,6,0.0,,4
3/4/1995,1012.8,32.0,26.5,30.1,69,71,67,CALM,0,CALM,5,0.0,,5
3/5/1995,1012.2,32.0,23.0,29.7,76,87,69,VRB,4,NNE,7,15.0,,6
3/6/1995,1012.7,31.0,24.5,29.5,70,73,68,N,6,N,8,0.0,,2
3/7/1995,1011.5,30.8,25.6,29.5,65,66,62,NNE,5,NNE,8,0.0,,1
3/8/1995,1011.6,31.4,24.7,29.8,65,68,63,VRB,5,NNE,8,0.0,,1
3/9/1995,1011.6,31.5,22.9,30.0,68,70,66,NNE,6,N,9,0.0,,2
3/10/1995,1012.3,32.0,22.7,30.5,67,72,63,VRB,3,CALM,5,0.0,,2
3/11/1995,1012.4,31.8,26.6,30.3,66,68,65,VRB,5,ESE,8,0.0,,2
3/12/1995,1012.0,32.1,27.0,30.5,63,65,61,VRB,4,ESE,6,0.0,,1
3/13/1995,1010.8,32.5,26.3,30.9,71,73,70,ENE,6,ENE,9,0.0,,2
3/14/1995,1012.0,31.9,23.1,30.5,65,67,62,VRB,4,NNE,7,8.7,,1
3/15/1995,1014.2,31.8,24.0,29.3,76,80,72,CALM,0,CALM,4,0.0,,6
3/16/1995,1013.5,31.6,22.6,30.1,70,74,67,VRB,4,NNE,7,0.0,,5
3/17/1995,1013.5,32.1,22.8,30.3,69,73,66,VRB,2,CALM,5,0.0,,2
3/18/1995,1013.8,31.3,25.6,28.2,79,83,76,VRB,3,NNE,8,0.0,,7
3/19/1995,1013.5,32.5,23.4,31.0,67,70,65,VRB,5,E,8,21.1,,2
3/20/1995,1012.4,31.9,26.6,30.0,72,76,65,VRB,4,NNE,7,0.1,,4
3/21/1995,1011.8,31.7,22.3,30.5,61,64,58,VRB,4,CALM,5,0.0,,1
3/22/1995,1011.4,31.9,23.4,30.2,71,73,67,VRB,5,NNE,8,0.0,,2
3/23/1995,1011.0,32.4,23.4,30.7,69,71,66,WNW,7,WNW,9,0.0,,4
3/24/1995,1011.2,32.3,25.2,30.7,72,74,68,VRB,5,WSW,7,0.3,,3
3/25/1995,1011.3,32.4,25.0,30.6,71,74,68,WSW,6,WSW,8,2.0,,3
3/26/1995,1010.7,31.9,24.1,29.9,79,83,74,WNW,7,WNW,10,6.6,,7
3/27/1995,1011.0,29.4,24.0,26.3,86,92,83,CALM,0,NNE,10,22.5,,8
3/28/1995,1010.6,30.7,24.0,29.1,78,79,77,WNW,8,WNW,9,0.0,,7
3/29/1995,1010.5,32.2,26.0,30.7,73,75,71,NW,8,NW,12,0.1,,4
3/30/1995,1011.0,32.3,26.3,30.7,69,71,68,NNW,10,NNW,13,0.0,,2
3/31/1995,1010.4,32.1,27.0,30.7,69,74,66,NNW,11,NNW,15,0.0,,2
4/1/1995,1010.8,32.5,25.0,30.6,72,80,67,NNW,14,NNE,25,0.8,,4
4/2/1995,1010.3,32.4,24.9,30.7,66,68,63,NNW,14,NNW,17,0.0,,2
4/3/1995,1011.0,32.4,26.0,30.4,72,75,68,NW,7,WNW,8,0.0,,6
4/4/1995,1010.6,32.3,25.0,30.7,74,78,71,NW,7,NW,10,0.3,,2
4/5/1995,1011.2,30.6,23.6,28.5,82,90,78,WNW,8,NW,13,38.4,,7
4/6/1995,1011.7,30.5,24.0,28.3,82,95,75,VRB,6,N,14,4.3,,5
4/7/1995,1010.8,31.7,24.8,30.1,74,78,68,VRB,3,CALM,6,0.0,,3
4/8/1995,1009.7,31.8,23.5,30.1,73,75,70,W,7,WSW,9,25.6,,2
4/9/1995,1010.7,30.6,24.0,27.9,83,92,75,SW,7,SSW,9,5.0,,8
4/10/1995,1012.1,31.4,22.5,30.2,66,71,61,SSW,6,SSW,9,0.0,,3
4/11/1995,1012.1,31.5,23.7,30.2,69,73,65,VRB,2,CALM,3,0.0,,2
4/12/1995,1012.4,32.6,25.0,30.1,69,70,66,VRB,3,CALM,6,0.0,,3
4/13/1995,1012.5,32.2,23.9,29.3,83,89,77,VRB,4,SW,13,32.8,,6
4/14/1995,1012.4,31.4,23.6,28.0,87,95,78,VRB,7,SSW,20,38.2,,7
4/15/1995,1012.1,31.3,24.8,29.5,76,82,70,SW,8,SW,12,0.0,,7
4/16/1995,1011.5,32.5,24.4,29.1,79,86,72,VRB,6,NNW,12,15.2,,6
4/17/1995,1011.0,32.4,25.0,30.1,74,79,69,VRB,5,NNW,8,0.8,,2
4/18/1995,1010.9,32.7,27.0,30.7,72,75,68,VRB,5,WSW,7,0.0,,2
4/19/1995,1010.7,32.9,26.6,30.6,73,75,72,WSW,6,WSW,8,0.0,,2
4/20/1995,1010.1,32.9,24.8,30.6,74,77,72,WSW,6,WSW,9,0.0,,3
4/21/1995,1009.2,32.6,23.8,30.5,74,78,70,WNW,6,WNW,9,1.3,,3
4/22/1995,1009.9,32.6,23.3,30.8,75,77,73,CALM,0,CALM,3,1.1,,2
4/23/1995,1010.2,32.6,26.0,30.8,71,75,69,SSE,6,SSW,7,0.0,,2
4/24/1995,1010.2,33.0,24.1,30.9,70,75,66,VRB,5,SSW,7,8.7,,2
4/25/1995,1010.4,30.6,24.7,29.3,77,86,74,VRB,4,WSW,8,4.6,,5
4/26/1995,1008.9,32.4,25.5,30.8,72,75,70,VRB,4,SW,6,1.2,,3
4/27/1995,1009.6,32.6,24.4,31.0,72,74,70,WNW,7,WSW,9,10.4,,2
4/28/1995,1011.3,31.5,23.6,26.2,88,92,84,NNE,7,WSW,14,25.8,,8
4/29/1995,1010.0,32.1,22.3,29.3,83,87,81,WSW,7,NNW,18,93.9,,7
4/30/1995,1010.3,29.8,23.5,26.0,88,93,83,WNW,8,NW,22,6.4,,7
5/1/1995,1008.9,31.9,23.2,29.6,80,85,73,WNW,7,N,12,21.5,,8
5/2/1995,1009.6,30.6,24.2,28.1,86,89,81,WNW,9,W,17,26.1,,7
5/3/1995,1009.7,31.4,23.8,28.3,87,94,82,NW,13,NW,17,46.3,,7
5/4/1995,1007.9,31.6,23.4,29.4,82,86,77,W,15,W,24,38.0,,8
5/5/1995,1008.3,30.3,23.5,26.6,83,87,81,W,18,W,27,19.4,,8
5/6/1995,1008.9,32.0,26.7,29.9,77,82,71,WNW,11,WNW,32,0.0,,6
5/7/1995,1012.5,31.6,24.0,29.4,80,89,75,WSW,10,WSW,27,5.9,,8
5/8/1995,1013.1,32.3,23.7,30.2,77,85,72,SW,10,WSW,12,1.9,,5
5/9/1995,1011.9,32.1,25.3,29.2,77,79,73,WSW,10,WSW,20,8.4,,5
5/10/1995,1011.6,31.9,26.2,30.3,74,77,73,WSW,9,WSW,12,0.3,,6
5/11/1995,1012.4,32.4,26.2,30.6,72,75,68,WSW,9,WSW,12,0.0,,5
5/12/1995,1014.2,32.1,26.5,30.6,72,75,69,WNW,11,WNW,15,0.0,,4
5/13/1995,1013.3,31.6,26.5,29.7,74,75,71,WSW,8,WSW,14,0.0,,7
5/14/1995,1012.4,32.3,26.2,30.4,71,74,66,WSW,11,WSW,16,0.1,,3
5/15/1995,1011.9,32.6,26.2,30.6,72,78,68,WSW,11,WSW,14,0.0,,5
5/16/1995,1013.6,32.4,26.6,30.7,73,75,70,VRB,5,W,7,0.0,,2
5/17/1995,1014.0,31.9,25.6,30.5,73,76,67,WSW,8,WSW,10,0.0,,2
5/18/1995,1013.5,32.0,26.2,30.6,71,74,67,W,3,W,8,0.0,,2
5/19/1995,1012.5,32.0,25.4,30.9,74,79,70,W,4,W,7,0.0,,4
5/20/1995,1014.2,32.3,23.5,30.7,69,71,68,SSW,8,SSW,9,0.0,,4
5/21/1995,1013.7,31.9,26.4,30.5,69,77,65,VRB,5,SW,9,0.0,,2
5/22/1995,1013.8,32.3,26.3,30.5,73,77,68,VRB,6,WNW,10,0.0,,2
5/23/1995,1013.6,32.6,23.7,30.5,70,73,65,SSW,7,SSW,10,3.5,,4
5/24/1995,1013.7,32.1,22.7,30.2,71,75,69,VRB,5,SSW,10,0.0,,2
5/25/1995,1013.3,32.7,22.6,30.5,68,71,64,VRB,2,CALM,4,0.0,,2
5/26/1995,1013.4,32.6,27.0,30.9,67,70,65,VRB,5,NW,7,0.0,,2
5/27/1995,1013.2,32.8,24.7,30.8,69,71,68,NW,9,NW,28,2.2,,6
5/28/1995,1013.7,30.3,24.4,27.3,83,92,77,WSW,12,WSW,23,3.8,,8
5/29/1995,1013.1,31.9,22.9,30.2,73,75,70,WSW,8,W,10,24.5,,6
5/30/1995,1013.4,30.6,23.6,26.9,86,91,83,WNW,12,W,23,16.5,,7
5/31/1995,1012.9,31.8,24.1,29.1,76,81,74,WNW,9,WNW,23,113.4,,7
6/1/1995,1013.7,28.4,22.5,26.2,87,93,80,WNW,17,WNW,28,131.6,,8
6/2/1995,1012.1,32.0,24.9,29.8,76,81,73,WNW,11,WNW,12,4.4,,6
6/3/1995,1012.9,32.2,24.6,29.5,76,78,72,WSW,10,WSW,30,1.8,,5
6/4/1995,1012.9,31.6,22.6,29.7,77,82,72,WSW,11,WSW,18,38.6,,7
6/5/1995,1012.8,31.9,27.7,29.8,77,78,73,W,10,SW,15,0.0,,7
6/6/1995,1012.9,32.4,24.5,30.3,71,79,63,SW,8,SW,9,0.1,,7
6/7/1995,1012.9,31.6,23.7,29.4,77,82,70,VRB,3,WSW,22,0.8,,8
6/8/1995,1013.1,32.0,23.4,29.2,81,92,75,WSW,8,WNW,22,15.9,,7
6/9/1995,1012.9,31.9,24.1,30.2,75,79,71,SW,7,SW,8,3.6,,6
6/10/1995,1011.4,31.8,26.4,29.9,80,87,74,SSE,8,SSE,10,0.3,,6
6/11/1995,1011.9,31.3,23.6,29.1,79,87,71,S,10,S,20,30.7,,7
6/12/1995,1011.8,30.9,22.5,28.4,81,89,74,VRB,5,N,15,15.0,,8
6/13/1995,1011.6,30.7,25.6,28.7,79,86,74,SSW,7,SSW,10,0.0,,7
6/14/1995,1011.1,31.2,23.4,30.1,73,75,72,VRB,6,S,10,2.0,,7
6/15/1995,1011.9,31.8,23.0,26.2,73,78,70,CALM,0,CALM,3,2.0,,3
6/16/1995,1012.8,31.8,23.2,30.0,73,79,70,VRB,4,SSW,5,4.6,,3
6/17/1995,1012.3,31.2,23.0,29.5,73,78,64,NW,7,NW,17,0.0,,3
6/18/1995,1012.5,31.6,23.0,30.0,67,71,63,NW,10,NW,12,0.0,,6
6/19/1995,1012.7,31.4,26.0,30.4,69,74,65,NNW,9,NNW,10,0.0,,6
6/20/1995,1013.6,31.8,26.8,30.3,72,74,70,NW,7,NW,9,0.0,,3
6/21/1995,1013.9,32.0,27.2,30.3,70,74,65,VRB,3,CALM,0,0.0,,4
6/22/1995,1013.4,32.0,27.8,30.0,70,74,67,VRB,2,CALM,3,0.0,,3
6/23/1995,1013.3,31.8,26.4,30.2,67,73,63,CALM,0,CALM,0,0.0,,5
6/24/1995,1012.9,32.0,27.0,29.9,65,70,62,CALM,0,CALM,0,0.0,,3
6/25/1995,1013.1,31.6,27.0,29.9,68,71,65,VRB,4,SW,6,0.0,,3
6/26/1995,1013.1,31.8,24.8,30.2,70,72,68,WSW,7,WSW,10,0.0,,3
6/27/1995,1013.0,31.2,25.0,29.8,77,85,71,W,8,NW,15,1.4,,5
6/28/1995,1011.1,31.6,23.8,29.9,77,78,72,NW,12,NW,32,6.4,,5
6/29/1995,1012.6,29.8,22.3,25.3,92,95,85,SW,10,SW,16,59.7,,8
6/30/1995,1012.8,30.4,23.4,28.3,79,84,75,WSW,9,SW,16,6.4,,8
7/1/1995,1011.9,30.8,25.2,28.6,77,81,68,W,10,W,33,7.6,,6
7/2/1995,1008.6,31.0,25.2,29.2,74,75,73,W,9,WSW,13,0.0,,7
7/3/1995,1011.9,31.6,27.0,30.2,70,73,67,NW,8,NW,10,0.0,,3
7/4/1995,1011.9,31.2,25.6,29.8,72,78,65,VRB,3,CALM,5,0.0,,7
7/5/1995,1010.8,31.2,26.2,30.0,71,75,69,W,9,W,9,0.0,,3
7/6/1995,1010.5,31.8,25.2,26.1,74,75,73,W,7,W,9,1.0,,7
7/7/1995,1010.9,32.0,26.2,30.2,74,76,72,NW,9,NW,12,0.0,,3
7/8/1995,1011.1,32.0,23.2,30.3,75,78,71,WNW,8,WNW,12,9.6,,3
7/9/1995,1010.9,31.6,26.2,30.0,73,77,71,WNW,7,WNW,9,0.0,,4
7/10/1995,1009.5,32.0,26.0,30.3,73,73,72,WNW,7,WNW,10,0.0,,3
7/11/1995,1009.8,32.0,24.6,30.2,73,74,72,WNW,6,WNW,9,0.0,,5
7/12/1995,1011.2,31.4,22.5,29.7,77,78,74,VRB,3,WNW,11,6.4,,4
7/13/1995,1011.6,31.8,24.1,29.8,69,71,67,CALM,0,CALM,5,1.4,,6
7/14/1995,1011.7,31.9,26.4,30.1,73,74,72,SSE,6,SSE,8,0.0,,3
7/15/1995,1011.4,32.8,22.7,29.7,75,90,69,VRB,5,WNW,35,2.7,,3
7/16/1995,1010.8,31.3,24.1,29.3,78,80,75,SSW,7,SSW,8,0.0,,7
7/17/1995,1011.0,31.7,22.6,30.0,71,75,64,CALM,0,CALM,3,0.0,,5
7/18/1995,1012.2,32.4,22.6,30.3,67,69,65,CALM,0,CALM,3,0.0,,6
7/19/1995,1012.1,32.4,24.7,30.5,68,70,67,CALM,0,CALM,2,0.0,,6
7/20/1995,1011.6,31.6,23.6,29.7,75,78,73,VRB,4,SSW,14,2.9,,6
7/21/1995,1012.1,31.9,25.8,29.3,71,76,69,S,10,S,15,0.0,,5
7/22/1995,1011.9,32.3,23.7,30.5,68,70,66,VRB,2,CALM,5,0.6,,4
7/23/1995,1013.0,32.1,26.0,30.3,71,73,69,VRB,4,SSE,7,0.0,,3
7/24/1995,1013.0,31.9,23.5,30.2,71,74,69,SSW,7,SSW,9,0.5,,2
7/25/1995,1013.1,32.3,26.0,30.1,72,76,68,VRB,4,SW,6,0.0,,4
7/26/1995,1013.1,32.1,25.0,30.2,70,71,69,VRB,6,W,9,0.0,,7
7/27/1995,1012.8,32.2,25.6,30.1,71,76,68,VRB,4,WNW,7,0.0,,7
7/28/1995,1012.7,31.9,22.7,29.6,75,78,71,SW,7,SW,11,5.6,,7
7/29/1995,1011.4,30.2,22.6,26.7,81,89,69,VRB,6,NNW,23,2.3,,8
7/30/1995,1011.3,30.0,24.0,27.5,79,85,75,VRB,5,NNW,12,0.2,,7
7/31/1995,1012.0,31.9,23.0,29.9,72,76,67,VRB,6,SW,9,0.0,,6
8/1/1995,1013.1,31.9,23.6,30.1,72,73,70,VRB,5,SW,8,0.0,,5
8/2/1995,1012.7,32.3,23.5,30.0,70,75,68,VRB,3,W,7,2.9,,4
8/3/1995,1011.5,32.0,23.8,29.6,75,86,69,NW,6,NNW,17,5.7,,6
8/4/1995,1013.1,30.6,22.2,26.8,84,92,77,VRB,4,NNW,19,12.8,,7
8/5/1995,1013.4,31.7,22.9,29.4,78,80,75,VRB,3,NW,19,7.2,,6
8/6/1995,1013.9,31.2,23.1,27.7,89,97,75,VRB,3,N,17,13.1,,8
8/7/1995,1013.7,31.3,22.0,28.9,78,82,75,VRB,4,WSW,11,35.2,,7
8/8/1995,1012.9,31.2,24.6,28.6,75,83,71,W,7,W,9,0.0,,8
8/9/1995,1012.4,31.6,22.6,29.6,74,81,70,VRB,4,NNW,8,6.0,,6
8/10/1995,1013.0,32.4,26.0,30.0,69,73,67,CALM,0,CALM,4,0.2,,4
8/11/1995,1013.9,31.7,24.0,29.8,70,76,67,SSE,7,SSE,9,1.2,,5
8/12/1995,1011.5,31.2,24.0,29.5,74,76,71,VRB,3,CALM,5,0.0,,6
8/13/1995,1010.2,30.5,21.5,27.7,79,84,71,WSW,8,SW,18,33.4,,7
8/14/1995,1010.0,31.2,22.0,28.5,81,92,71,W,8,WNW,22,56.2,,7
8/15/1995,1011.3,29.0,22.9,27.3,79,81,77,WNW,11,NW,17,4.6,,8
8/16/1995,1010.5,31.4,22.0,29.2,72,79,67,VRB,4,NW,6,15.9,,7
8/17/1995,1010.5,31.2,25.4,29.1,72,74,68,SSW,8,SSW,12,0.0,,4
8/18/1995,1010.7,30.6,25.6,29.6,71,75,69,SSW,8,SSW,15,0.0,,5
8/19/1995,1010.9,31.4,23.4,29.8,75,79,72,SSW,9,S,11,0.4,,8
8/20/1995,1011.0,30.6,24.2,28.5,73,80,67,WNW,7,WNW,10,0.0,,7
8/21/1995,1009.8,31.5,21.0,29.3,77,80,75,SW,11,WSW,27,95.9,,5
8/22/1995,1008.9,30.5,22.6,26.8,81,88,77,VRB,4,SW,6,16.6,,7
8/23/1995,1008.5,31.0,23.8,28.0,81,90,76,VRB,4,SSW,11,5.2,,7
8/24/1995,1009.0,31.2,24.5,28.9,78,85,74,SSW,9,S,11,0.0,,6
8/25/1995,1009.0,30.8,25.6,29.4,74,78,69,S,8,S,11,0.0,,6
8/26/1995,1008.6,31.8,25.4,29.6,78,86,74,SSW,8,SSW,18,0.6,,5
8/27/1995,1008.6,31.5,25.4,29.4,75,79,71,SSW,9,SW,12,0.0,,7
8/28/1995,1008.2,31.5,23.6,29.8,73,74,71,SW,6,SW,8,0.0,,4
8/29/1995,1008.5,31.6,25.4,29.3,77,79,71,WSW,4,SW,11,0.0,,7
8/30/1995,1009.0,31.8,25.2,29.7,77,79,75,SSE,10,S,16,0.0,,6
8/31/1995,1008.0,31.8,26.0,29.7,75,77,73,S,10,S,14,0.0,,7
9/1/1995,1008.3,31.6,25.8,29.5,79,81,73,SSE,6,SSE,8,0.0,,6
9/2/1995,1009.3,31.8,25.6,29.9,74,75,73,SE,6,SSE,9,0.0,,7
9/3/1995,1010.0,31.5,23.5,29.3,75,76,75,SSE,6,SSE,10,0.0,,7
9/4/1995,1009.9,31.4,23.2,29.6,75,78,71,VRB,2,CALM,4,0.0,,5
9/5/1995,1010.4,31.9,23.0,30.2,71,73,69,VRB,3,CALM,5,0.0,,5
9/6/1995,1012.3,31.9,25.4,30.1,73,77,70,VRB,2,CALM,4,0.0,,4
9/7/1995,1012.1,31.9,26.2,30.1,69,74,67,VRB,3,ESE,6,0.0,,7
9/8/1995,1012.8,31.8,26.0,30.1,70,73,66,VRB,2,ENE,6,1.7,,2
9/9/1995,1012.1,32.1,23.2,30.1,69,71,67,VRB,2,N,9,6.6,,3
9/10/1995,1012.5,31.5,23.4,27.9,86,98,74,NW,12,NW,24,10.8,,8
9/11/1995,1012.0,30.8,22.7,28.7,80,92,73,WNW,10,NW,22,18.0,,7
9/12/1995,1013.5,30.5,24.6,28.3,77,83,72,W,11,W,12,0.0,,6
9/13/1995,1014.1,30.9,23.4,28.4,79,83,76,WSW,11,W,21,6.3,,7
9/14/1995,1013.5,30.3,22.8,26.3,87,89,83,W,13,NW,20,27.2,,8
9/15/1995,1013.5,30.3,22.8,26.3,87,93,80,W,12,W,21,4.8,,7
9/16/1995,1013.1,30.6,25.0,29.0,77,83,73,WSW,10,WSW,16,0.2,,5
9/17/1995,1013.4,31.4,24.0,29.7,73,78,69,WSW,7,WSW,18,4.8,,3
9/18/1995,1015.8,30.9,23.4,27.7,80,83,77,VRB,5,WNW,23,6.0,,7
9/19/1995,1013.0,31.4,25.3,29.6,74,76,72,WNW,6,WNW,9,0.0,,4
9/20/1995,1013.6,31.4,23.7,29.6,74,76,70,VRB,5,CALM,6,0.0,,7
9/21/1995,1014.1,30.8,23.0,28.0,83,89,79,VRB,4,N,18,18.7,,7
9/22/1995,1014.1,31.2,22.5,29.3,79,85,69,CALM,0,CALM,3,6.6,,7
9/23/1995,1013.5,29.6,22.5,26.8,85,90,75,VRB,4,NNW,13,33.4,,7
9/24/1995,1012.7,29.6,22.0,25.3,90,96,86,NNW,9,NNW,25,26.1,,8
9/25/1995,1013.2,29.2,22.4,25.7,88,90,86,W,9,NW,25,14.2,,8
9/26/1995,1012.3,31.4,23.7,29.3,73,79,64,VRB,5,SW,15,3.3,,6
9/27/1995,1012.6,30.5,25.4,28.5,81,86,75,SW,9,SW,11,0.0,,7
9/28/1995,1012.3,31.4,26.1,29.8,73,76,70,WSW,8,WSW,12,0.0,,7
9/29/1995,1012.3,31.6,26.0,30.0,70,71,69,W,7,W,9,0.0,,4
9/30/1995,1012.0,31.8,26.4,30.1,69,71,67,NW,9,NW,12,0.0,,4
10/1/1995,1012.1,31.9,23.9,30.0,73,75,70,NW,10,NW,12,2.7,,3
10/2/1995,1013.4,31.8,26.5,30.0,70,75,65,WSW,11,W,14,1.3,,3
10/3/1995,1013.7,30.0,24.1,27.9,77,80,73,WSW,10,W,17,0.7,,7
10/4/1995,1012.7,31.0,25.3,29.6,70,71,69,WSW,9,WSW,12,0.0,,2
10/5/1995,1012.6,31.3,25.6,29.3,71,72,69,WSW,8,WSW,10,0.0,,4
10/6/1995,1012.6,31.1,24.4,29.4,74,82,70,SW,12,WSW,20,1.7,,3
10/7/1995,1013.0,31.2,25.6,29.3,72,75,67,WSW,11,SW,13,0.0,,7
10/8/1995,1012.4,31.3,25.6,29.5,71,73,70,SW,12,SW,15,0.0,,1
10/9/1995,1012.0,31.3,26.0,29.5,72,75,69,WSW,11,WSW,13,0.0,,2
10/10/1995,1011.1,32.6,26.2,29.8,72,74,71,WSW,10,WSW,15,0.0,,1
10/11/1995,1010.9,31.8,26.2,30.1,71,75,69,W,10,WNW,12,0.0,,2
10/12/1995,1012.0,31.6,23.4,30.0,74,75,73,NW,8,NW,10,18.0,,3
10/13/1995,1012.1,30.8,23.7,28.9,78,87,74,WNW,6,WNW,7,0.0,,3
10/14/1995,1012.2,31.3,23.0,28.3,80,90,73,VRB,4,W,12,25.9,,4
10/15/1995,1012.0,30.9,23.3,27.8,84,93,75,WSW,8,WSW,10,10.7,,5
10/16/1995,1011.1,31.5,22.8,29.4,76,80,72,WSW,10,WSW,15,43.1,,4
10/17/1995,1012.6,29.5,22.3,25.4,93,96,89,NW,11,WNW,20,68.4,,8
10/18/1995,1012.7,31.5,23.6,29.7,75,79,72,SW,7,SSW,13,8.8,,5
10/19/1995,1013.1,29.8,22.4,25.8,87,90,83,NW,8,NNW,23,22.4,,8
10/20/1995,1011.8,31.0,22.8,29.0,78,84,73,WNW,9,W,25,29.1,,7
10/21/1995,1012.3,30.5,23.6,28.1,79,93,71,W,11,NW,28,5.0,,7
10/22/1995,1011.7,31.4,23.2,29.7,75,79,72,W,11,NW,17,28.0,,4
10/23/1995,1010.8,30.6,25.0,29.4,73,80,70,W,11,W,15,0.0,,3
10/24/1995,1010.5,30.8,22.8,28.7,80,92,76,W,10,WNW,17,49.5,,4
10/25/1995,1010.6,28.5,23.7,27.1,81,86,78,W,19,WNW,27,3.4,,7
10/26/1995,1011.1,30.8,24.0,28.3,82,86,78,WSW,9,SW,20,6.4,,7
10/27/1995,1010.7,30.6,22.3,26.6,86,96,79,W,12,W,17,46.4,,7
10/28/1995,1009.7,30.8,23.2,28.3,82,90,76,W,11,W,15,10.0,,7
10/29/1995,1009.8,31.5,24.0,29.2,77,78,74,WSW,8,WSW,10,2.1,,4
10/30/1995,1010.6,31.6,22.8,29.1,78,83,75,WSW,10,WSW,23,15.9,,6
10/31/1995,1011.2,31.6,23.3,27.8,81,86,78,WNW,13,WNW,23,7.2,,7
11/1/1995,1011.9,31.4,23.2,27.7,83,85,78,WSW,10,WNW,15,18.0,,6
11/2/1995,1012.1,32.4,25.6,29.6,73,76,70,WSW,9,WSW,10,0.0,,5
11/3/1995,1012.1,32.0,26.2,29.2,78,80,74,WNW,9,WNW,12,0.0,,7
11/4/1995,1012.3,32.6,24.0,30.1,73,76,71,WNW,11,WNW,13,2.2,,3
11/5/1995,1011.9,32.5,23.9,29.1,79,86,72,WSW,11,NW,20,6.3,,5
11/6/1995,1011.0,31.3,21.0,28.5,80,83,77,WNW,9,NW,45,25.2,,7
11/7/1995,1011.2,31.0,23.0,28.2,78,84,73,WNW,15,W,24,13.2,,7
11/8/1995,1010.9,31.6,22.3,28.1,79,83,77,WNW,11,WNW,26,40.9,,7
11/9/1995,1011.7,29.6,22.2,25.7,89,95,83,WNW,9,WSW,12,15.2,,7
11/10/1995,1011.8,31.6,23.7,28.9,78,80,75,WNW,8,WNW,11,1.6,,5
11/11/1995,1012.7,31.8,24.0,29.0,72,72,72,NW,11,NW,19,1.6,,5
11/12/1995,1012.0,31.6,24.5,29.0,72,76,68,NNW,10,NNW,14,0.0,,4
11/13/1995,1013.2,31.9,25.5,29.4,72,75,71,NNW,9,NW,10,0.0,,2
11/14/1995,1014.3,31.7,22.5,27.4,74,77,71,NNW,10,WNW,15,6.3,,5
11/15/1995,1012.0,32.1,23.9,28.9,74,86,69,NW,11,WNW,17,1.3,,4
11/16/1995,1010.7,32.0,24.1,29.2,75,84,69,WNW,11,WNW,15,0.7,,3
11/17/1995,1010.9,32.1,23.3,29.4,74,82,71,WNW,12,WNW,15,2.1,,7
11/18/1995,1011.9,32.4,22.5,26.9,82,88,77,NW,11,WNW,32,7.4,,7
11/19/1995,1010.5,32.6,24.5,29.3,73,78,70,WNW,10,WNW,24,1.6,,3
11/20/1995,1011.2,32.1,25.6,29.5,72,76,68,NNW,10,NNW,12,0.0,,5
11/21/1995,1011.9,32.1,25.5,29.5,71,75,68,NW,11,NNW,12,0.0,,2
11/22/1995,1011.9,32.1,25.5,29.3,76,81,74,NW,11,NW,14,0.0,,5
11/23/1995,1012.5,32.0,25.3,29.4,76,78,72,WNW,10,WNW,13,0.0,,5
11/24/1995,1012.7,31.8,23.3,30.1,74,79,67,NW,10,NW,15,6.7,,5
11/25/1995,1012.3,31.8,22.0,29.1,77,80,75,WNW,9,WNW,10,3.0,,4
11/26/1995,1013.1,31.8,23.1,29.1,77,85,71,VRB,5,WNW,8,0.0,,3
11/27/1995,1014.1,31.8,24.4,28.9,75,76,73,NNW,8,NW,9,0.1,,7
11/28/1995,1013.9,31.9,24.3,28.7,73,76,70,N,9,N,11,0.0,,7
11/29/1995,1014.1,31.7,21.7,29.1,72,76,67,N,7,N,8,0.0,,3
11/30/1995,1014.1,31.6,23.3,29.3,71,75,68,VRB,3,N,7,0.0,,1
12/1/1995,1013.8,29.8,23.1,28.9,75,77,73,VRB,4,SSW,10,1.3,,4
12/2/1995,1015.0,29.2,21.6,27.3,86,92,80,VRB,3,NE,8,18.4,,7
12/3/1995,1015.0,30.0,22.4,26.9,85,98,76,VRB,5,NW,19,1.7,,7
12/4/1995,1013.7,30.6,22.4,28.8,73,81,68,VRB,4,NW,9,4.6,,4
12/5/1995,1013.1,30.4,22.1,29.0,71,73,67,CALM,0,CALM,5,0.0,,2
12/6/1995,1013.5,29.8,24.4,29.1,74,76,71,VRB,3,CALM,5,1.4,,1
12/7/1995,1013.9,30.4,25.4,29.7,71,75,67,NNE,8,NNE,10,0.0,,3
12/8/1995,1011.5,30.6,23.6,29.3,74,78,65,N,7,N,10,0.0,,2
12/9/1995,1012.0,28.9,23.5,26.5,82,95,74,VRB,5,NNE,7,0.4,,6
12/10/1995,1012.9,30.0,22.6,28.9,75,84,67,VRB,4,NNE,6,0.0,,3
12/11/1995,1013.0,30.0,21.2,29.1,71,77,67,VRB,2,NE,7,14.5,,4
12/12/1995,1014.2,29.4,23.6,26.6,77,87,66,N,7,N,10,0.0,,7
12/13/1995,1013.9,30.4,25.4,29.4,74,77,70,VRB,4,NE,6,0.0,,7
12/14/1995,1013.2,30.2,25.2,29.2,73,75,70,NE,7,NE,10,0.0,,3
12/15/1995,1012.7,29.6,24.0,29.1,73,75,71,NE,8,NE,10,3.4,,3
12/16/1995,1012.8,29.8,23.6,28.1,82,89,78,NE,6,NE,11,6.5,,7
12/17/1995,1013.6,29.6,25.5,28.9,75,85,71,NE,8,NNE,15,0.0,,5
12/18/1995,1014.1,30.2,25.4,29.3,71,71,71,VRB,4,E,7,0.0,,3
12/19/1995,1013.7,30.2,25.8,29.3,72,75,70,VRB,4,NE,8,0.0,,5
12/20/1995,1012.7,30.2,25.8,29.5,76,79,75,NE,7,NE,11,0.0,,2
12/21/1995,1012.2,30.6,23.6,29.7,73,75,71,ENE,5,E,18,8.4,,2
12/22/1995,1012.8,30.4,22.8,29.5,73,78,70,VRB,3,E,10,6.4,,5
12/23/1995,1013.7,29.5,21.4,26.9,83,84,82,VRB,3,N,7,2.8,,7
12/24/1995,1013.1,29.0,21.4,28.0,79,82,75,N,5,NNE,8,0.2,,3
12/25/1995,1013.0,30.2,21.6,28.3,81,86,78,N,8,N,19,19.4,,7
12/26/1995,1013.8,27.8,24.2,26.9,80,87,76,N,13,NNE,19,0.0,,7
12/27/1995,1014.1,29.6,24.7,28.0,78,81,73,NNE,6,NNE,10,0.0,,7
12/28/1995,1014.5,29.4,24.8,28.4,75,79,70,NE,5,NE,9,0.0,,7
12/29/1995,1014.3,29.6,25.2,29.0,75,82,70,NE,6,NE,12,0.0,,3
12/30/1995,1013.4,29.4,24.8,28.6,76,80,74,NNE,7,NNE,11,0.0,,3
12/31/1995,1013.1,29.2,25.2,28.3,77,81,71,NNE,8,NNE,11,0.0,,7
1/1/1996,1013.3,29.5,25.2,28.9,74,75,73,NNE,7,NNE,10,0.0,,2
1/2/1996,1013.2,29.8,24.6,29.1,78,80,76,NNE,8,NNE,10,0.0,,3
1/3/1996,1013.3,30.6,21.6,29.1,77,78,76,NNE,5,NNE,10,0.0,,6
1/4/1996,1012.0,30.0,23.4,29.0,73,76,71,VRB,3,CALM,5,0.0,,6
1/5/1996,1010.6,30.0,25.2,28.9,74,80,71,VRB,4,NNE,9,0.0,,5
1/6/1996,1011.1,30.0,25.6,28.9,74,79,69,ENE,6,ENE,9,0.0,,7
1/7/1996,1012.4,30.0,25.2,29.1,75,78,69,NE,7,NE,10,0.0,,3
1/8/1996,1012.7,30.1,24.6,29.2,71,72,71,NE,6,NE,10,0.0,,2
1/9/1996,1013.0,29.8,24.8,28.9,73,80,67,NNE,7,NNE,11,0.0,,6
1/10/1996,1012.2,30.0,25.4,29.3,71,72,69,VRB,4,NE,6,0.0,,3
1/11/1996,1010.4,30.4,24.8,28.9,72,83,66,VRB,4,NE,10,3.4,,5
1/12/1996,1010.0,30.2,26.0,29.0,71,83,66,NE,6,NE,11,0.0,,3
1/13/1996,1010.6,30.2,23.6,29.5,75,78,73,NE,5,NE,22,29.0,,3
1/14/1996,1010.5,29.0,24.5,27.7,84,86,82,NE,5,NE,9,0.0,,7
1/15/1996,1010.3,29.0,23.5,27.7,80,83,78,SSE,13,SE,20,3.4,,7
1/16/1996,1012.1,28.4,21.5,24.8,89,93,83,SW,8,WSW,16,32.5,,8
1/17/1996,1011.6,29.2,24.7,25.3,74,77,71,VRB,4,SE,6,1.0,,4
1/18/1996,1012.4,29.8,25.2,28.9,77,83,71,NE,6,NE,10,0.0,,5
1/19/1996,1011.4,29.4,23.5,28.7,68,70,67,NE,11,NE,15,0.0,,5
1/20/1996,1010.9,29.8,21.6,28.8,76,80,72,VRB,3,NE,6,0.0,,6
1/21/1996,1011.1,30.4,21.0,29.3,69,71,66,ESE,3,ESE,6,0.0,,7
1/22/1996,1011.5,29.7,25.8,28.9,76,78,74,NE,8,NE,12,0.0,,6
1/23/1996,1011.9,30.0,25.6,29.0,72,78,69,NE,10,NE,13,0.0,,5
1/24/1996,1012.0,29.6,25.4,29.0,71,73,66,NE,10,NE,15,0.0,,7
1/25/1996,1011.4,29.7,25.6,28.9,71,77,65,NNE,9,NNE,12,0.0,,7
1/26/1996,1010.5,29.6,25.4,28.9,72,76,70,NNE,10,NNE,15,0.0,,5
1/27/1996,1010.9,29.8,23.8,29.1,71,74,69,NE,6,NE,10,8.0,,7
1/28/1996,1011.2,30.2,25.6,29.3,75,79,71,ENE,8,ENE,16,0.0,,6
1/29/1996,1010.8,30.7,25.4,29.6,75,78,70,ENE,7,ENE,10,0.0,,7
1/30/1996,1010.7,29.8,25.2,28.8,78,80,76,NNE,8,NNE,15,0.0,,7
1/31/1996,1010.8,29.6,24.6,29.0,77,79,75,NNE,8,NNE,10,0.0,,7
2/1/1996,1010.1,29.7,25.8,29.0,77,78,76,NE,7,NE,11,0.0,,7
2/2/1996,1009.9,30.0,25.4,29.4,75,78,73,ENE,7,ENE,10,0.0,,6
2/3/1996,1010.2,30.2,25.7,29.2,74,76,71,NE,7,NE,10,0.0,,3
2/4/1996,1010.5,30.4,25.6,29.5,76,77,75,NE,7,NE,12,0.0,,4
2/5/1996,1010.4,30.4,25.4,29.4,76,78,74,NE,9,NE,12,0.0,,3
2/6/1996,1010.8,30.6,26.0,29.9,75,78,74,NE,6,ENE,12,0.0,,2
2/7/1996,1011.8,30.4,25.7,30.0,70,71,67,VRB,3,CALM,6,0.0,,6
2/8/1996,1012.2,30.3,25.7,29.5,75,76,74,NE,8,NE,10,0.0,,5
2/9/1996,1011.6,30.1,23.9,29.4,72,78,69,NE,11,NE,15,0.0,,1
2/10/1996,1013.0,29.8,25.3,29.0,74,76,72,N,8,N,10,0.0,,5
2/11/1996,1013.6,30.3,24.5,29.1,73,76,70,N,8,N,10,0.0,,3
2/12/1996,1012.3,30.4,25.8,29.2,73,77,69,NE,6,NE,10,0.0,,3
2/13/1996,1010.5,30.6,25.9,29.5,74,76,72,NE,9,NE,12,0.0,,1
2/14/1996,1011.3,30.4,25.0,29.5,71,73,69,NE,8,NE,13,0.0,,1
2/15/1996,1010.3,30.2,25.4,29.3,72,76,70,NNE,11,NNE,14,0.0,,1
2/16/1996,1009.8,30.4,25.6,29.4,74,77,71,NE,9,NE,12,0.0,,2
2/17/1996,1009.8,30.2,25.6,29.2,71,75,68,NNE,10,NNE,14,0.0,,2
2/18/1996,1010.1,30.4,25.8,29.5,68,71,67,NE,9,NNE,10,0.0,,2
2/19/1996,1010.0,30.6,24.8,29.7,74,77,71,NE,8,NE,9,1.6,,3
2/20/1996,1010.9,29.6,22.6,26.1,82,90,75,NE,9,NE,14,3.4,,7
2/21/1996,1011.4,29.8,22.4,29.0,78,84,74,VRB,2,CALM,4,0.0,,5
2/22/1996,1011.9,30.2,25.0,29.0,76,84,73,NE,8,NNE,10,0.0,,3
2/23/1996,1012.1,30.4,25.4,29.6,72,75,70,VRB,3,CALM,4,0.0,,1
2/24/1996,1010.8,30.6,23.6,29.7,70,72,67,VRB,2,CALM,4,7.8,,1
2/25/1996,1012.4,30.4,22.6,28.3,83,87,78,VRB,2,NE,10,13.2,,6
2/26/1996,1012.4,30.2,25.6,29.5,74,77,71,VRB,3,NNE,8,0.0,,3
2/27/1996,1011.9,30.4,25.4,29.4,76,78,71,NE,8,NE,10,0.0,,2
2/28/1996,1011.1,31.2,25.2,30.1,77,81,72,NE,9,ENE,10,1.6,,3
2/29/1996,1011.5,30.2,22.8,28.7,78,87,73,SSE,9,SSE,14,50.8,,6
3/1/1996,1012.2,26.4,22.2,25.2,94,95,92,CALM,0,NNE,9,21.0,,8
3/2/1996,1010.9,30.8,25.6,29.7,73,75,71,E,8,E,9,0.0,,6
3/3/1996,1011.4,30.2,25.8,29.6,71,74,69,VRB,4,NNE,11,0.0,,2
3/4/1996,1012.0,30.4,25.6,29.7,72,73,71,VRB,2,NE,12,0.0,,2
3/5/1996,1012.5,30.6,24.4,29.7,72,74,69,VRB,5,NE,8,1.1,,3
3/6/1996,1011.6,29.2,25.4,28.2,75,78,72,NNE,10,NNE,10,0.8,,7
3/7/1996,1011.7,30.4,25.2,29.7,71,77,69,VRB,4,NNE,9,0.0,,3
3/8/1996,1012.7,30.4,22.6,29.5,73,77,71,VRB,4,NE,8,0.0,,3
3/9/1996,1012.1,30.4,22.6,29.4,73,77,71,NE,7,NNE,10,0.0,,2
3/10/1996,1011.3,30.4,21.8,29.4,69,77,66,VRB,2,NE,8,0.0,,2
3/11/1996,1011.2,30.4,21.6,28.9,74,83,70,VRB,5,NW,8,0.7,,5
3/12/1996,1012.2,30.4,24.6,28.9,77,86,74,VRB,5,NNE,10,0.1,,5
3/13/1996,1011.1,30.8,25.8,29.7,76,80,73,NNE,8,NE,11,0.1,,3
3/14/1996,1009.6,30.4,25.2,29.7,71,73,69,NNE,8,NNE,12,0.0,,3
3/15/1996,1009.7,30.6,23.2,29.7,70,72,68,VRB,3,CALM,5,0.0,,2
3/16/1996,1009.6,30.6,24.6,29.8,71,75,69,NNE,7,NW,12,0.0,,2
3/17/1996,1010.2,30.4,25.2,29.4,73,77,70,NW,8,NNE,9,0.0,,5
3/18/1996,1010.2,30.4,24.9,29.7,74,78,69,N,6,NNE,9,0.0,,3
3/19/1996,1010.7,30.6,25.2,29.7,75,78,73,N,6,N,8,0.0,,3
3/20/1996,1009.5,30.6,23.6,29.9,75,78,72,NW,5,NNW,6,2.9,,3
3/21/1996,1011.0,30.5,24.0,29.4,78,82,73,VRB,3,CALM,6,0.0,,5
3/22/1996,1010.8,31.0,26.6,30.1,72,76,69,N,7,N,10,0.0,,5
3/23/1996,1009.9,31.3,23.8,30.5,70,71,68,NE,4,NE,7,0.0,,3
3/24/1996,1010.2,30.6,23.4,29.5,79,85,74,CALM,0,CALM,4,1.1,,7
3/25/1996,1010.9,28.6,23.3,27.5,88,89,83,CALM,0,NNW,10,3.6,,8
3/26/1996,1010.2,30.5,25.5,29.4,77,84,72,VRB,5,SW,15,0.0,,5
3/27/1996,1010.5,30.0,23.6,28.9,79,83,76,WNW,10,WNW,17,7.4,,7
3/28/1996,1011.1,30.3,25.8,29.0,84,89,81,WNW,7,WNW,10,0.0,,7
3/29/1996,1009.9,31.3,26.6,30.5,77,78,75,WNW,11,WNW,15,0.1,,5
3/30/1996,1010.3,29.7,26.1,29.2,80,81,79,WNW,7,NNW,15,4.7,,8
3/31/1996,1009.5,29.9,24.9,28.3,85,92,78,NW,10,NW,17,7.2,,6
4/1/1996,1009.3,31.3,26.6,30.1,77,79,75,WNW,9,WNW,12,0.0,,6
4/2/1996,1009.2,31.2,25.3,30.2,75,78,72,NW,10,NNW,11,0.2,,1
4/3/1996,1009.6,31.1,24.8,30.1,79,81,77,NW,12,NW,15,3.0,,2
4/4/1996,1010.3,30.6,25.0,28.9,82,87,77,NNW,10,N,18,4.1,,8
4/5/1996,1010.7,28.8,22.6,28.1,84,85,80,VRB,2,CALM,5,0.0,,8
4/6/1996,1010.4,30.7,23.4,30.1,77,79,74,VRB,2,CALM,4,0.0,,3
4/7/1996,1011.8,30.8,25.8,30.1,76,78,74,VRB,4,SSE,6,0.0,,3
4/8/1996,1012.2,31.5,26.2,30.5,73,75,72,SSW,9,SSW,11,0.0,,4
4/9/1996,1011.6,30.8,26.0,30.1,68,71,63,SSW,10,SSW,12,0.0,,2
4/10/1996,1010.5,31.0,23.8,30.2,71,73,69,WSW,8,WSW,12,0.0,,2
4/11/1996,1010.5,31.2,25.3,30.1,73,79,68,WNW,6,WSW,7,1.1,,4
4/12/1996,1011.5,30.0,23.5,28.1,84,93,76,VRB,7,NNW,12,4.7,,6
4/13/1996,1012.6,31.0,23.6,30.3,72,73,70,VRB,5,SW,8,0.0,,4
4/14/1996,1012.7,31.4,24.0,29.8,73,76,71,CALM,0,CALM,4,0.0,,3
4/15/1996,1012.5,30.9,22.3,30.2,70,71,69,VRB,5,CALM,7,0.0,,1
4/16/1996,1011.3,30.9,25.8,29.9,71,72,70,VRB,3,CALM,5,0.0,,2
4/17/1996,1011.4,31.3,26.0,30.5,68,71,66,WNW,8,WNW,10,0.0,,1
4/18/1996,1012.1,31.2,25.9,30.4,70,73,68,VRB,4,CALM,6,0.3,,2
4/19/1996,1012.0,31.4,26.2,30.7,71,75,68,NW,7,NW,10,0.0,,3
4/20/1996,1011.9,31.5,25.3,30.7,71,73,69,WSW,7,W,10,1.1,,2
4/21/1996,1012.2,31.6,26.6,30.8,75,77,74,WNW,11,NW,15,0.0,,4
4/22/1996,1011.3,31.5,26.4,30.7,74,77,72,NW,12,NW,15,0.0,,1
4/23/1996,1011.2,31.6,26.7,30.3,74,75,74,WNW,9,WNW,12,0.0,,4
4/24/1996,1011.2,31.5,25.3,30.1,78,85,73,NW,12,NNW,20,3.8,,5
4/25/1996,1010.9,30.2,24.5,29.5,79,82,75,WNW,11,W,15,1.6,,7
4/26/1996,1010.8,29.0,23.2,28.0,84,85,80,NW,19,NW,30,35.5,,7
4/27/1996,1011.2,30.2,26.0,28.5,81,85,78,NW,11,NW,20,0.1,,8
4/28/1996,1010.5,31.2,26.9,30.5,76,77,75,NW,13,NW,17,0.0,,6
4/29/1996,1010.8,31.3,26.6,30.4,76,79,74,WNW,10,WNW,12,0.0,,6
4/30/1996,1011.7,31.3,27.0,30.6,72,75,70,WNW,11,WNW,13,0.0,,5
5/1/1996,1011.6,31.3,23.0,29.9,81,87,74,W,10,SW,18,25.9,,5
5/2/1996,1011.4,31.0,24.4,29.7,78,83,74,WSW,9,WSW,10,2.0,,4
5/3/1996,1011.6,31.0,23.0,29.7,78,81,74,WSW,8,SW,9,13.6,,6
5/4/1996,1011.9,30.3,24.4,29.0,82,86,77,SW,9,W,17,2.1,,6
5/5/1996,1011.5,30.1,25.2,28.8,82,85,79,W,9,W,11,0.2,,7
5/6/1996,1011.7,28.5,22.7,26.1,89,95,83,VRB,7,NW,23,26.1,,8
5/7/1996,1012.5,29.2,23.6,27.1,89,90,87,CALM,0,NNW,20,10.1,,7
5/8/1996,1012.0,30.7,24.0,29.2,82,90,76,VRB,5,NNW,20,4.3,,5
5/9/1996,1012.3,28.5,23.3,27.9,84,92,81,VRB,7,NW,18,67.6,,7
5/10/1996,1012.4,30.6,23.8,29.2,82,90,76,VRB,3,CALM,6,0.0,,5
5/11/1996,1014.2,31.0,24.7,29.7,79,81,76,SW,7,SW,9,0.4,,6
5/12/1996,1014.1,31.2,24.4,30.2,78,79,76,VRB,6,SSW,8,15.9,,3
5/13/1996,1014.4,30.8,24.1,29.9,76,78,74,VRB,5,N,7,0.0,,6
5/14/1996,1014.2,31.1,23.6,30.1,75,77,72,CALM,0,CALM,2,0.0,,2
5/15/1996,1014.6,31.0,25.0,29.4,75,78,73,VRB,2,CALM,4,0.6,,3
5/16/1996,1014.3,31.4,25.1,30.3,73,82,68,VRB,2,SSE,7,0.0,,3
5/17/1996,1013.6,31.6,24.8,30.1,74,80,71,VRB,4,SE,7,6.3,,2
5/18/1996,1012.9,31.4,22.2,30.7,71,74,69,VRB,4,SE,6,0.0,,1
5/19/1996,1011.7,31.7,23.7,30.5,71,73,67,CALM,0,CALM,4,0.0,,1
5/20/1996,1012.8,31.6,25.2,30.8,71,76,68,VRB,4,NNW,7,0.0,,4
5/21/1996,1013.2,31.8,26.6,30.5,71,79,68,WSW,6,WSW,10,0.0,,6
5/22/1996,1012.3,31.4,26.6,30.3,75,78,71,WSW,7,WSW,10,0.5,,4
5/23/1996,1011.9,30.2,26.5,29.3,78,81,74,SSW,9,SW,11,0.4,,7
5/24/1996,1012.0,31.3,26.0,29.8,73,75,72,SW,8,SW,12,0.0,,7
5/25/1996,1012.2,31.0,26.0,29.9,75,79,72,VRB,5,SW,7,1.1,,6
5/26/1996,1012.6,31.2,26.6,30.3,73,75,71,VRB,5,SW,7,0.0,,3
5/27/1996,1012.0,31.3,25.7,30.4,73,74,71,WSW,8,WSW,13,0.0,,4
5/28/1996,1010.4,31.0,23.6,30.3,72,78,68,SW,7,NNW,20,3.0,,5
5/29/1996,1009.3,29.8,22.0,27.0,85,93,76,VRB,5,NNW,37,45.6,,8
5/30/1996,1008.6,31.0,23.0,30.1,74,75,73,WNW,8,WNW,10,3.7,,6
5/31/1996,1010.3,30.8,23.2,29.3,77,78,75,VRB,5,NNW,15,47.4,,6
6/1/1996,1011.0,28.9,22.5,25.5,92,95,90,N,8,N,20,14.3,,8
6/2/1996,1010.6,28.8,23.2,26.5,86,93,83,WNW,11,WNW,22,30.5,,8
6/3/1996,1010.7,30.8,23.6,29.9,74,78,69,WNW,9,WNW,11,10.5,,6
6/4/1996,1011.8,30.2,24.6,28.5,78,84,72,NW,7,WNW,10,0.6,,7
6/5/1996,1011.5,30.4,25.8,29.5,77,83,72,WNW,8,WNW,12,0.0,,7
6/6/1996,1011.5,31.0,26.0,30.3,75,77,72,WSW,8,WNW,11,0.0,,6
6/7/1996,1011.2,30.8,26.1,30.2,74,76,73,VRB,3,CALM,6,0.0,,5
6/8/1996,1010.7,31.3,26.3,30.5,70,71,68,W,8,WNW,10,0.0,,2
6/9/1996,1009.6,30.8,23.5,30.2,73,76,70,SSW,10,SSW,12,0.0,,3
6/10/1996,1009.4,30.6,23.4,29.5,77,83,72,VRB,6,SSE,10,4.5,,6
6/11/1996,1010.4,27.8,23.0,26.4,89,93,86,CALM,0,WNW,18,15.6,,8
6/12/1996,1010.6,30.0,23.8,29.1,76,79,74,WSW,7,WSW,10,2.8,,7
6/13/1996,1009.6,29.6,24.5,27.7,83,87,78,CALM,0,SW,9,6.7,,8
6/14/1996,1008.8,29.6,23.2,27.7,86,95,76,SSW,8,NW,17,22.4,,8
6/15/1996,1008.6,31.0,22.3,29.6,74,75,69,W,8,W,12,0.0,,6
6/16/1996,1008.8,30.0,22.4,29.4,73,76,70,VRB,4,CALM,7,0.0,,6
6/17/1996,1008.8,30.4,26.0,29.3,74,78,71,SSW,8,SSW,25,0.0,,6
6/18/1996,1008.6,31.0,25.9,30.1,74,78,71,S,13,S,18,0.0,,3
6/19/1996,1009.9,30.7,26.5,30.2,74,75,72,SE,6,SE,8,0.0,,2
6/20/1996,1010.6,31.0,26.4,30.4,77,79,75,SE,8,SE,10,0.0,,7
6/21/1996,1011.6,31.0,26.7,30.3,75,77,72,ESE,6,ESE,8,0.0,,5
6/22/1996,1011.2,31.2,26.4,30.1,77,78,74,VRB,3,CALM,5,0.0,,7
6/23/1996,1011.9,31.6,24.1,30.6,73,75,71,VRB,2,CALM,4,0.0,,7
6/24/1996,1012.2,31.5,23.9,30.3,74,75,72,CALM,0,CALM,3,0.7,,3
6/25/1996,1011.4,31.3,26.4,30.1,76,79,72,VRB,4,N,8,0.0,,5
6/26/1996,1012.0,31.3,23.8,30.3,73,77,70,VRB,4,CALM,6,0.0,,3
6/27/1996,1013.1,31.0,24.0,30.0,73,79,69,VRB,5,N,8,0.0,,5
6/28/1996,1013.8,30.0,22.5,29.3,76,80,73,VRB,2,CALM,5,8.1,,7
6/29/1996,1014.7,29.8,22.8,27.5,83,90,78,NW,6,NW,20,1.5,,7
6/30/1996,1014.0,29.6,22.3,28.1,79,84,73,W,8,WNW,17,8.5,,8
7/1/1996,1012.1,28.4,23.4,27.5,77,83,73,NNW,7,NNW,12,0.0,,8
7/2/1996,1012.6,30.8,25.2,29.6,74,80,68,VRB,4,NNW,7,3.3,,7
7/3/1996,1013.6,30.8,22.0,28.9,74,81,69,VRB,6,WNW,26,23.7,,6
7/4/1996,1013.7,29.5,23.0,27.1,81,90,71,VRB,3,NW,25,0.1,,8
7/5/1996,1011.8,31.0,23.4,30.2,72,75,71,VRB,5,WNW,7,0.4,,3
7/6/1996,1010.7,30.8,24.6,29.5,77,80,73,SW,7,SW,14,0.0,,5
7/7/1996,1010.1,30.4,22.4,29.3,74,77,70,VRB,5,NW,23,13.9,,5
7/8/1996,1011.3,28.3,21.8,26.1,82,91,73,NW,16,NNW,35,13.8,,7
7/9/1996,1012.4,28.0,22.4,25.4,88,90,87,WNW,14,NW,25,23.0,,8
7/10/1996,1011.2,30.5,22.4,27.9,77,81,74,W,10,WNW,25,18.2,,6
7/11/1996,1009.6,30.6,23.6,29.4,74,79,71,WSW,6,WSW,8,0.5,,6
7/12/1996,1009.6,30.2,23.4,29.1,78,82,74,VRB,5,SW,9,10.5,,7
7/13/1996,1011.2,28.5,23.3,26.8,84,95,79,SW,8,W,18,3.0,,8
7/14/1996,1011.0,30.3,25.3,29.3,74,78,70,VRB,2,CALM,5,0.0,,7
7/15/1996,1011.1,30.7,21.8,29.3,75,79,73,S,8,S,10,14.8,,7
7/16/1996,1011.0,29.3,21.0,25.7,88,96,81,CALM,0,NW,25,24.7,,7
7/17/1996,1011.0,29.5,24.0,27.6,80,87,74,S,8,SSW,13,0.4,,7
7/18/1996,1011.9,30.2,23.5,29.0,72,78,68,SW,8,SW,12,0.0,,6
7/19/1996,1011.0,30.5,24.6,29.2,74,78,70,SW,8,SW,12,0.0,,7
7/20/1996,1011.5,30.6,24.0,29.3,78,78,78,S,6,S,10,18.7,,6
7/21/1996,1011.8,28.8,24.8,28.0,84,90,80,SSE,9,S,15,0.4,,7
7/22/1996,1011.8,30.7,25.6,29.6,77,85,74,S,10,S,12,0.0,,5
7/23/1996,1011.3,30.7,22.6,29.9,72,74,70,SSW,7,SSW,8,0.0,,3
7/24/1996,1011.6,30.4,23.8,29.4,76,78,74,VRB,3,CALM,7,0.0,,6
7/25/1996,1011.8,30.4,22.8,29.3,76,80,74,VRB,3,SSW,8,0.0,,7
7/26/1996,1012.8,30.8,26.2,29.5,78,85,74,CALM,0,CALM,5,0.0,,7
7/27/1996,1013.0,30.7,25.0,29.3,79,81,77,VRB,4,SSE,12,0.0,,7
7/28/1996,1012.1,30.4,21.0,28.8,82,87,78,SSE,8,W,35,60.5,,8
7/29/1996,1012.2,29.0,23.2,27.7,80,87,71,CALM,0,SSE,28,0.0,,7
7/30/1996,1012.9,29.8,22.9,28.8,80,81,77,VRB,2,CALM,5,19.1,,6
7/31/1996,1013.6,29.9,23.5,28.6,77,80,74,VRB,4,SW,7,13.6,,7
8/1/1996,1013.5,30.1,25.4,29.4,80,82,77,SSE,7,SSE,9,0.0,,7
8/2/1996,1013.0,30.7,24.7,30.0,77,78,74,SE,7,SSE,9,0.6,,4
8/3/1996,1012.2,30.4,20.8,29.4,80,85,77,VRB,5,NW,30,27.6,,7
8/4/1996,1011.9,27.9,23.4,27.3,82,85,79,CALM,0,SSW,6,0.0,,8
8/5/1996,1011.8,30.8,23.8,29.4,73,75,69,SSE,8,S,12,15.7,,7
8/6/1996,1013.0,30.6,25.2,29.5,79,85,74,SSW,9,SSW,15,0.0,,5
8/7/1996,1013.4,30.0,23.5,29.2,81,89,78,SSW,7,SW,15,7.5,,6
8/8/1996,1013.2,30.5,21.4,29.0,79,82,75,VRB,7,WSW,12,39.6,,5
8/9/1996,1013.7,28.6,23.1,27.3,82,87,74,SSW,11,SSW,18,0.6,,8
8/10/1996,1012.4,30.2,24.5,29.4,73,75,71,SW,8,SW,11,0.0,,6
8/11/1996,1011.8,30.0,23.6,28.4,79,87,74,VRB,6,WSW,20,3.0,,6
8/12/1996,1013.0,29.5,22.5,28.5,77,81,73,WSW,8,NW,25,26.0,,8
8/13/1996,1011.4,30.0,21.1,29.1,76,81,73,WNW,8,WNW,10,8.6,,4
8/14/1996,1010.1,29.3,22.6,27.5,80,87,74,WNW,8,WSW,28,16.0,,7
8/15/1996,1011.5,28.2,22.6,26.0,89,95,86,NW,8,NNW,25,12.2,,7
8/16/1996,1012.2,30.3,26.0,29.2,71,72,70,NNW,13,NNW,20,0.0,,6
8/17/1996,1011.7,30.6,22.4,29.4,74,77,71,NNW,12,NNW,28,8.2,,6
8/18/1996,1012.0,27.4,22.2,25.8,91,95,86,NNW,11,NNW,28,14.6,,8
8/19/1996,1010.7,30.5,24.4,29.5,77,82,74,WNW,8,WNW,10,0.0,,5
8/20/1996,1010.6,30.4,22.0,29.4,70,77,65,VRB,5,WNW,8,0.0,,6
8/21/1996,1011.2,30.6,21.1,29.4,70,78,65,VRB,5,NNW,30,22.9,,6
8/22/1996,1010.3,30.8,21.3,28.6,79,96,70,NNW,6,NW,22,46.4,,7
8/23/1996,1012.7,30.0,24.5,29.2,74,80,70,VRB,3,CALM,7,0.0,,7
8/24/1996,1011.8,30.1,22.2,29.1,72,76,70,SSW,6,SSW,14,0.0,,7
8/25/1996,1011.9,30.6,21.5,29.7,73,76,71,VRB,4,NNW,18,12.7,,2
8/26/1996,1012.6,30.5,24.3,29.3,75,78,73,VRB,4,NNW,12,1.0,,4
8/27/1996,1010.6,30.8,22.8,29.9,74,75,72,NW,7,W,27,7.9,,5
8/28/1996,1012.2,30.0,24.4,28.7,77,79,75,WNW,8,NW,18,0.0,,7
8/29/1996,1011.8,30.5,22.0,29.0,78,80,74,WNW,8,NW,31,32.5,,6
8/30/1996,1011.2,30.2,25.0,28.5,79,86,73,W,6,WNW,19,0.0,,7
8/31/1996,1011.6,30.4,22.4,29.6,73,76,71,SW,7,SW,12,0.0,,4
9/1/1996,1011.7,30.0,24.1,29.1,76,78,74,SW,5,NNE,16,0.0,,4
9/2/1996,1011.7,30.6,22.5,29.7,70,75,65,W,5,WSW,22,6.4,,2
9/3/1996,1010.5,30.3,23.3,28.9,79,89,73,WSW,8,NW,22,7.7,,3
9/4/1996,1010.0,30.6,21.9,28.9,80,92,74,WSW,10,WNW,21,2.9,,5
9/5/1996,1010.0,30.6,22.9,27.8,81,93,73,SW,12,WSW,24,10.7,,7
9/6/1996,1009.7,30.5,25.6,29.5,72,75,69,SW,10,SSW,17,0.0,,2
9/7/1996,1009.8,30.6,25.4,29.7,71,78,67,SW,10,WSW,19,0.0,,2
9/8/1996,1009.6,30.2,25.6,29.2,74,78,70,W,10,WNW,20,0.0,,5
9/9/1996,1009.2,30.9,23.0,29.5,78,80,74,WNW,8,W,13,17.0,,7
9/10/1996,1009.6,30.4,23.7,28.8,83,92,78,VRB,3,WSW,17,1.7,,6
9/11/1996,1011.0,29.4,24.5,27.7,83,86,81,VRB,5,SSW,14,0.7,,8
9/12/1996,1011.0,30.6,23.6,29.5,76,79,73,SSW,10,SW,21,3.7,,3
9/13/1996,1010.4,28.6,23.9,26.8,75,78,69,SW,10,SW,18,0.0,,7
9/14/1996,1010.7,30.7,25.6,29.4,73,75,69,SSW,13,SW,20,0.0,,5
9/15/1996,1010.8,30.4,25.4,29.5,74,78,70,SSW,9,SW,17,0.0,,8
9/16/1996,1012.1,30.6,24.8,29.8,72,75,68,SSE,8,SSE,14,0.0,,5
9/17/1996,1012.8,30.7,24.4,29.7,74,75,73,SSE,8,S,13,2.0,,7
9/18/1996,1011.5,29.3,23.4,27.9,87,90,83,VRB,5,SSE,16,17.9,,7
9/19/1996,1012.9,27.3,22.3,25.2,90,95,85,WNW,5,WNW,18,26.8,,8
9/20/1996,1012.6,28.6,20.6,26.4,87,93,79,VRB,3,NW,29,39.9,,8
9/21/1996,1013.0,28.9,23.6,28.0,83,92,80,CALM,0,WSW,6,0.2,,8
9/22/1996,1011.8,30.6,23.0,30.1,76,79,74,VRB,4,NW,20,5.0,,5
9/23/1996,1011.3,29.4,22.6,27.3,86,90,82,W,7,NW,23,3.8,,8
9/24/1996,1012.3,27.4,21.4,26.5,82,84,80,WNW,11,WNW,26,38.1,,8
9/25/1996,1013.7,29.4,22.4,27.5,86,93,73,VRB,3,W,16,35.4,,8
9/26/1996,1012.4,29.4,24.4,27.9,80,86,74,VRB,6,SW,20,3.5,,7
9/27/1996,1011.8,29.0,25.5,28.2,76,76,75,SW,11,SW,20,0.0,,8
9/28/1996,1012.3,30.2,24.6,29.1,72,75,70,WSW,12,WSW,22,0.6,,6
9/29/1996,1012.4,30.4,26.0,29.5,72,75,70,W,8,W,16,0.0,,6
9/30/1996,1011.5,30.8,24.5,30.1,70,76,67,NW,10,NNW,18,1.7,,3
10/1/1996,1012.1,30.4,21.6,27.7,80,90,73,NNW,14,NNW,30,18.9,,6
10/2/1996,1012.4,29.2,22.4,27.2,80,85,79,NW,9,W,26,9.8,,7
10/3/1996,1012.2,29.5,22.1,27.0,81,87,76,SW,9,WNW,18,28.3,,8
10/4/1996,1012.5,29.0,23.5,27.5,81,89,73,SW,6,SW,10,3.7,,8
10/5/1996,1012.8,30.4,22.5,29.5,74,78,70,SW,8,SSW,9,16.1,,5
10/6/1996,1013.3,28.8,21.7,26.5,80,85,74,VRB,7,NNW,25,56.6,,6
10/7/1996,1013.4,28.4,22.2,26.8,86,89,80,NW,10,NW,17,12.6,,8
10/8/1996,1013.3,30.2,23.0,29.1,79,84,76,NW,13,NNW,26,9.1,,6
10/9/1996,1013.4,29.5,22.5,26.9,84,88,76,NW,10,NW,27,10.2,,8
10/10/1996,1012.0,30.0,21.5,28.5,75,88,71,NW,14,NW,28,13.5,,6
10/11/1996,1011.3,29.8,23.2,28.7,73,81,68,WNW,17,WNW,27,3.6,,4
10/12/1996,1012.1,29.8,23.2,28.7,76,81,73,W,17,W,25,16.0,,7
10/13/1996,1013.2,29.5,22.0,28.0,81,84,78,WSW,14,WNW,28,29.3,,7
10/14/1996,1012.8,28.6,21.2,26.0,83,93,73,WSW,18,NW,35,38.0,,7
10/15/1996,1011.0,29.5,25.0,28.3,78,85,72,WSW,14,WSW,27,1.2,,5
10/16/1996,1011.4,31.0,24.5,29.4,72,74,71,WSW,11,WSW,17,3.0,,3
10/17/1996,1012.3,30.2,23.5,29.1,77,80,75,WSW,11,WSW,18,1.4,,6
10/18/1996,1012.5,30.4,25.5,29.4,73,76,71,WSW,12,WSW,19,0.0,,6
10/19/1996,1011.8,30.3,24.5,29.7,72,74,70,WNW,16,WNW,24,0.4,,3
10/20/1996,1011.0,30.2,24.0,28.9,78,81,74,WNW,16,WNW,28,2.7,,4
10/21/1996,1012.0,30.0,24.0,29.2,74,76,71,WNW,11,WNW,20,0.3,,7
10/22/1996,1012.1,30.0,22.5,29.0,75,77,73,WSW,16,WSW,20,6.0,,6
10/23/1996,1012.2,30.1,24.2,29.3,73,76,66,WSW,12,WSW,22,0.0,,3
10/24/1996,1012.8,30.0,25.4,29.1,74,77,71,WNW,11,WNW,18,0.0,,3
10/25/1996,1013.2,30.2,24.4,29.7,72,74,71,NW,15,NW,18,0.9,,2
10/26/1996,1012.3,30.0,22.4,29.3,75,80,71,NW,12,NW,30,11.7,,6
10/27/1996,1011.7,29.4,25.0,27.8,78,81,72,NW,16,NW,25,0.0,,7
10/28/1996,1011.5,30.4,24.6,29.7,77,78,76,NW,12,NW,20,0.0,,4
10/29/1996,1012.2,30.6,23.5,29.6,75,79,72,NW,10,WNW,18,1.3,,3
10/30/1996,1011.8,30.0,24.0,29.4,75,78,73,NNW,10,NNW,15,3.2,,2
10/31/1996,1011.9,30.0,24.4,29.3,74,76,71,NNW,9,NNW,16,0.0,,2
11/1/1996,1012.1,30.4,26.0,29.2,74,78,70,VRB,5,NNW,7,0.0,,1
11/2/1996,1011.3,30.4,25.2,29.5,76,78,74,VRB,6,NW,10,0.0,,3
11/3/1996,1011.4,30.4,25.6,29.7,73,75,70,NW,10,NW,12,0.0,,3
11/4/1996,1011.8,30.4,25.5,29.7,73,76,70,NW,11,NW,16,0.0,,2
11/5/1996,1011.6,30.6,25.4,29.9,72,75,69,WNW,14,WNW,17,0.0,,3
11/6/1996,1011.1,30.5,25.4,29.6,72,75,70,WNW,11,WNW,17,0.0,,2
11/7/1996,1011.0,30.2,21.5,27.9,83,95,71,NNW,13,NW,27,61.7,,5
11/8/1996,1013.5,28.4,21.7,26.3,79,86,70,NNW,11,NNW,26,14.0,,6
11/9/1996,1013.7,29.4,23.4,28.3,77,81,73,VRB,4,CALM,7,0.0,,4
11/10/1996,1013.5,30.0,24.4,29.3,73,76,70,VRB,5,WNW,7,0.0,,3
11/11/1996,1014.0,30.0,23.6,29.4,72,76,67,VRB,5,WNW,8,0.3,,3
11/12/1996,1014.0,29.6,25.4,28.5,77,79,75,W,9,WNW,18,0.0,,5
11/13/1996,1012.2,29.8,23.8,28.7,75,82,73,WNW,12,WNW,18,0.0,,5
11/14/1996,1012.0,30.0,24.0,29.1,75,80,73,WNW,8,WNW,11,0.0,,3
11/15/1996,1012.6,30.0,24.6,28.9,78,86,74,VRB,6,WNW,10,0.0,,5
11/16/1996,1012.3,30.0,24.6,29.2,75,76,74,NNW,7,NNW,10,0.0,,2
11/17/1996,1012.0,30.2,24.4,29.6,73,76,70,VRB,5,NW,11,0.0,,4
11/18/1996,1012.6,30.4,22.4,29.6,73,75,71,VRB,4,WNW,8,0.0,,2
11/19/1996,1012.0,30.5,25.0,29.7,72,75,69,SW,5,SW,8,0.0,,3
11/20/1996,1012.0,30.6,22.7,29.7,73,75,71,SW,6,SW,11,8.1,,6
11/21/1996,1011.0,29.6,22.6,27.7,84,93,76,VRB,4,SW,8,6.6,,7
11/22/1996,1009.3,30.4,22.6,29.3,79,90,73,VRB,5,NW,10,23.8,,7
11/23/1996,1010.5,29.8,23.0,27.9,85,95,74,VRB,2,CALM,6,13.7,,7
11/24/1996,1010.1,30.5,23.6,29.7,75,79,73,VRB,5,WNW,8,0.0,,5
11/25/1996,1010.1,30.6,23.0,29.2,79,91,74,VRB,4,SW,12,51.3,,5
11/26/1996,1010.3,29.2,23.6,28.2,83,87,79,W,12,WNW,15,7.6,,7
11/27/1996,1010.6,28.0,21.5,25.4,91,96,87,WNW,16,NNW,37,42.6,,8
11/28/1996,1009.2,28.8,24.0,27.6,81,83,78,WNW,11,WNW,20,1.6,,7
11/29/1996,1009.7,29.8,22.4,28.4,81,86,72,NW,13,NNW,32,31.2,,7
11/30/1996,1011.0,27.8,21.6,25.9,89,93,84,NW,19,NW,35,33.3,,8
12/1/1996,1011.6,29.6,25.1,28.8,79,82,75,NW,12,NW,14,0.0,,7
12/2/1996,1011.7,30.0,24.8,29.0,79,82,78,NW,9,NW,12,0.0,,7
12/3/1996,1011.7,29.8,24.8,29.1,76,80,74,VRB,5,W,8,0.0,,6
12/4/1996,1012.8,30.0,24.9,29.3,78,80,75,W,8,W,13,0.0,,4
12/5/1996,1012.3,29.8,24.8,28.9,78,80,75,WNW,8,WNW,10,0.0,,7
12/6/1996,1012.3,29.2,22.2,26.7,77,81,75,NW,11,WNW,25,9.2,,6
12/7/1996,1013.5,29.6,22.6,28.1,80,83,75,W,11,WNW,23,6.7,,7
12/8/1996,1012.9,29.6,22.6,28.7,75,77,74,WNW,10,WNW,17,0.0,,3
12/9/1996,1011.5,29.6,24.8,28.7,74,76,71,WNW,11,WNW,18,0.0,,3
12/10/1996,1011.4,29.5,25.4,28.9,73,76,71,WNW,13,NW,26,0.0,,2
12/11/1996,1012.0,29.6,25.4,29.0,72,74,71,NW,16,NW,25,0.0,,2
12/12/1996,1011.3,29.6,25.0,29.1,73,74,71,NW,16,NW,25,0.0,,2
12/13/1996,1011.0,29.8,25.0,28.7,76,78,75,WNW,16,NW,25,0.0,,6
12/14/1996,1011.4,29.8,25.3,28.8,76,77,74,WNW,15,WNW,19,0.0,,5
12/15/1996,1011.0,30.0,24.8,28.9,73,76,71,WNW,13,WNW,20,0.0,,2
12/16/1996,1011.4,29.4,24.0,28.7,76,80,74,NW,10,NW,17,0.0,,3
12/17/1996,1012.2,29.4,22.0,28.6,78,80,74,VRB,6,NW,9,0.0,,2
12/18/1996,1013.2,29.4,21.8,28.7,77,80,73,VRB,4,CALM,7,0.0,,3
12/19/1996,1013.0,29.8,25.2,28.9,76,80,74,NNE,8,NNE,13,0.0,,3
12/20/1996,1013.7,30.0,22.5,29.1,73,74,72,NNE,9,NNE,13,0.0,,1
12/21/1996,1014.5,30.3,20.9,28.9,75,76,73,VRB,3,CALM,5,0.0,,3
12/22/1996,1015.6,30.0,21.2,28.5,74,77,73,VRB,2,CALM,6,0.0,,1
12/23/1996,1015.6,30.5,21.7,29.1,73,74,71,CALM,0,ENE,18,29.1,,2
12/24/1996,1015.4,29.2,22.4,27.3,80,84,77,NNE,6,ENE,18,0.2,,4
12/25/1996,1015.3,29.2,23.0,28.5,77,79,74,NNE,7,ENE,17,0.0,,2
12/26/1996,1014.1,29.7,24.6,28.8,69,76,64,NNE,7,NNE,12,0.0,,3
12/27/1996,1013.7,30.2,25.2,29.3,71,72,71,NE,6,NE,10,0.0,,2
12/28/1996,1013.8,30.5,25.3,29.6,74,75,72,VRB,4,ENE,8,0.0,,2
12/29/1996,1013.9,30.4,22.6,26.8,86,96,81,VRB,6,ENE,23,39.9,,5
12/30/1996,1012.6,29.6,25.4,28.5,79,80,75,VRB,4,ESE,15,0.0,,4
12/31/1996,1012.9,30.0,24.0,29.3,75,76,73,ENE,8,ENE,15,1.5,,3
1/1/1997,1012.6,29.0,24.5,27.2,83,88,80,ENE,10,E,18,5.7,,7
1/2/1997,1013.8,30.4,25.3,29.5,75,78,73,VRB,4,ENE,7,0.0,,3
1/3/1997,1013.9,30.2,23.3,29.0,78,87,75,NNE,6,NNE,18,13.2,,3
1/4/1997,1012.5,29.4,24.5,27.8,79,86,74,VRB,6,NNE,15,0.2,,7
1/5/1997,1013.0,30.2,24.5,29.3,77,78,75,NNE,11,NNE,18,0.0,,3
1/6/1997,1013.8,30.0,25.3,29.1,75,76,73,NNE,9,NNE,15,0.0,,3
1/7/1997,1013.4,30.0,25.4,29.2,72,75,69,NE,8,NE,15,0.0,,2
1/8/1997,1013.1,29.8,25.2,28.9,69,72,65,NE,8,NE,15,0.0,,2
1/9/1997,1012.8,30.3,24.8,29.1,70,72,68,ENE,7,ENE,18,0.0,,2
1/10/1997,1012.5,30.3,25.6,29.3,77,78,75,NE,4,NE,10,0.0,,4
1/11/1997,1013.8,30.2,24.2,29.4,78,81,75,VRB,4,E,18,4.5,,7
1/12/1997,1013.9,30.5,24.0,28.9,75,81,68,ENE,9,E,17,2.0,,5
1/13/1997,1012.0,30.6,25.0,29.4,77,81,73,ESE,7,SE,17,1.5,,5
1/14/1997,1014.1,29.3,23.4,28.4,80,83,78,ENE,6,ENE,12,11.6,,5
1/15/1997,1013.1,28.6,22.8,26.5,85,92,79,S,6,SE,18,11.9,,7
1/16/1997,1014.1,30.6,24.6,29.6,76,78,74,VRB,5,NE,8,0.0,,3
1/17/1997,1011.4,30.4,25.4,29.3,72,75,67,VRB,3,CALM,6,0.0,,6
1/18/1997,1014.3,30.5,23.7,25.5,75,83,71,VRB,7,SE,19,9.1,,3
1/19/1997,1012.9,30.6,25.5,29.6,75,78,71,E,8,E,17,0.0,,2
1/20/1997,1012.3,30.1,24.8,29.5,75,76,74,NE,6,NE,13,0.0,,3
1/21/1997,1012.3,30.4,24.6,29.6,71,74,71,VRB,6,ENE,16,0.0,,3
1/22/1997,1011.9,30.2,25.0,29.2,74,75,73,NNE,8,ENE,17,0.0,,3
1/23/1997,1011.9,30.5,25.3,29.5,75,76,73,VRB,4,ENE,14,0.0,,5
1/24/1997,1011.3,30.0,25.4,29.2,71,76,66,VRB,4,ENE,15,0.0,,5
1/25/1997,1010.9,31.5,25.6,29.5,68,73,64,NE,7,ESE,13,0.0,,1
1/26/1997,1012.5,30.2,25.4,29.5,71,73,67,NE,6,E,15,0.0,,2
1/27/1997,1012.2,30.5,25.9,29.4,71,74,70,NE,8,NE,15,0.0,,3
1/28/1997,1011.5,30.5,25.6,29.7,73,76,71,VRB,7,NE,12,0.0,,3
1/29/1997,1012.2,30.5,25.3,29.7,70,73,68,NNE,6,NE,12,0.0,,2
1/30/1997,1011.0,30.4,25.4,29.4,72,73,69,N,12,N,19,0.0,,4
1/31/1997,1011.3,30.1,24.0,29.3,73,75,71,N,8,NE,16,0.0,,5
2/1/1997,1011.9,30.2,24.4,29.3,72,76,70,NNW,10,NNW,13,0.0,,7
2/2/1997,1010.8,30.0,23.3,28.4,73,76,70,N,7,NE,12,0.0,,7
2/3/1997,1010.6,30.3,24.4,29.0,74,80,71,NNW,10,NNW,17,0.0,,5
2/4/1997,1010.0,30.0,25.2,28.9,70,73,68,NNW,11,NNW,15,0.0,,5
2/5/1997,1010.9,30.2,22.9,29.0,69,72,65,NNE,14,NNE,19,6.6,,7
2/6/1997,1012.8,29.6,24.6,27.8,79,88,72,NW,11,WSW,24,0.0,,5
2/7/1997,1012.7,30.3,21.3,29.3,74,75,73,VRB,6,NE,12,3.8,,7
2/8/1997,1012.2,31.6,23.1,29.0,77,84,73,NNW,8,NNE,34,0.0,,7
2/9/1997,1011.4,30.4,22.5,29.3,75,78,73,VRB,6,NNW,8,0.0,,7
2/10/1997,1011.3,30.2,21.8,29.1,76,81,74,VRB,5,NNW,7,15.8,,6
2/11/1997,1012.1,29.0,23.7,27.1,82,88,77,N,8,NE,20,0.0,,7
2/12/1997,1012.0,30.4,25.5,29.2,73,76,71,VRB,5,NE,12,0.0,,6
2/13/1997,1011.3,30.7,25.5,29.6,70,77,67,NE,10,E,13,0.0,,5
2/14/1997,1011.2,30.6,25.3,29.9,68,72,65,NNE,9,SW,15,0.0,,3
2/15/1997,1011.4,30.8,24.4,29.8,70,76,65,N,8,NNW,16,0.0,,3
2/16/1997,1012.1,30.5,24.2,29.5,68,72,66,N,8,NW,12,0.0,,3
2/17/1997,1012.0,30.2,24.6,29.2,73,77,70,VRB,6,NE,14,0.0,,3
2/18/1997,1011.8,30.8,23.7,29.7,75,78,72,VRB,5,NW,12,1.0,,2
2/19/1997,1012.8,29.8,21.8,28.4,76,78,73,N,8,NNE,18,0.0,,6
2/20/1997,1013.3,30.7,23.5,29.6,74,86,69,VRB,5,N,11,10.7,,4
2/21/1997,1013.2,31.0,22.1,29.6,77,78,75,VRB,5,NNE,26,0.0,,5
2/22/1997,1013.6,30.6,23.0,29.5,75,80,70,CALM,0,CALM,6,0.0,,4
2/23/1997,1013.0,31.4,24.5,30.3,72,78,69,CALM,0,CALM,4,3.6,,2
2/24/1997,1013.6,31.3,26.6,30.4,71,74,68,VRB,3,ENE,7,0.0,,2
2/25/1997,1012.9,31.8,26.5,30.5,73,75,71,VRB,4,ENE,7,0.0,,2
2/26/1997,1012.1,31.1,26.3,30.1,67,71,64,NE,7,NE,9,0.0,,3
2/27/1997,1012.4,31.0,26.0,30.0,64,72,58,NNE,12,NNE,17,0.0,,1
2/28/1997,1013.2,30.5,25.5,29.7,65,67,63,NNE,9,NNE,15,0.0,,1
3/1/1997,1012.7,30.6,24.0,29.1,64,67,59,NNE,9,NNE,15,0.0,,1
3/2/1997,1012.6,30.6,25.7,29.1,63,65,61,NNE,6,NNE,13,0.0,,2
3/3/1997,1013.4,31.1,26.3,29.3,70,74,66,VRB,3,CALM,7,0.0,,4
3/4/1997,1013.7,31.3,25.8,29.4,71,77,68,VRB,3,CALM,5,0.0,,7
3/5/1997,1012.8,31.4,22.3,29.7,70,80,66,VRB,3,NE,7,0.0,,2
3/6/1997,1012.8,31.5,25.6,29.2,73,91,65,VRB,2,E,6,0.0,,2
3/7/1997,1013.6,31.2,24.6,29.6,70,77,65,VRB,2,NE,6,2.3,,2
3/8/1997,1012.6,31.4,23.4,29.6,72,92,63,VRB,2,E,8,0.0,,2
3/9/1997,1013.3,31.6,24.7,29.3,77,95,66,VRB,3,NE,9,7.2,,3
3/10/1997,1012.9,31.4,24.0,29.6,79,81,73,VRB,5,SSW,9,6.4,,3
3/11/1997,1013.9,31.6,23.0,29.8,76,83,70,VRB,4,S,8,8.4,,4
3/12/1997,1013.6,31.2,23.4,28.7,79,98,70,VRB,2,NNE,10,5.5,,3
3/13/1997,1012.6,31.0,23.7,29.0,79,96,74,CALM,0,E,8,0.0,,5
3/14/1997,1012.5,31.7,24.6,29.6,75,90,69,VRB,2,CALM,5,0.0,,2
3/15/1997,1012.2,31.6,22.4,30.2,69,73,66,VRB,3,CALM,5,0.0,,1
3/16/1997,1012.8,31.6,22.2,29.2,71,83,66,CALM,0,CALM,5,0.0,,1
3/17/1997,1013.2,31.6,20.9,29.1,72,93,63,CALM,0,CALM,5,0.0,,1
3/18/1997,1013.1,31.4,22.6,28.8,71,91,63,VRB,2,CALM,4,0.0,,1
3/19/1997,1012.6,31.3,23.7,28.8,75,90,69,VRB,3,N,8,0.0,,2
3/20/1997,1012.3,30.6,22.6,28.6,75,81,71,VRB,3,NNW,8,0.5,,4
3/21/1997,1012.5,31.1,23.6,29.5,72,82,68,VRB,4,N,7,13.0,,2
3/22/1997,1011.8,31.3,24.8,28.1,78,87,71,CALM,0,CALM,5,1.5,,5
3/23/1997,1009.9,31.6,22.5,29.4,77,84,71,CALM,0,NW,9,27.6,,3
3/24/1997,1009.7,30.4,23.3,26.9,85,93,71,VRB,5,NNE,15,3.0,,6
3/25/1997,1009.1,31.7,24.2,30.3,72,76,71,VRB,5,E,10,12.6,,4
3/26/1997,1009.1,30.4,24.0,27.0,87,90,86,VRB,4,E,20,16.8,,6
3/27/1997,1009.0,30.4,23.8,27.9,85,90,78,E,6,E,24,13.7,,7
3/28/1997,1008.8,29.4,23.2,27.3,89,93,85,E,7,E,20,70.1,,8
3/29/1997,1010.3,27.2,21.6,25.1,92,96,88,VRB,5,ESE,13,50.4,,8
3/30/1997,1010.8,30.4,23.5,28.0,82,96,74,VRB,4,S,10,0.0,,7
3/31/1997,1011.2,31.0,23.7,28.6,84,93,79,VRB,2,NNE,7,0.0,,5
4/1/1997,1010.8,30.6,23.4,28.9,81,92,76,VRB,3,NE,9,0.0,,6
4/2/1997,1009.5,30.6,23.2,29.4,77,84,74,VRB,4,SE,7,0.0,,2
4/3/1997,1009.5,30.6,22.6,29.1,79,92,73,CALM,0,CALM,4,0.0,,2
4/4/1997,1009.8,31.6,24.4,29.3,75,91,68,CALM,0,CALM,4,0.0,,2
4/5/1997,1011.5,31.0,23.6,27.6,84,90,80,SW,9,SW,18,2.4,,6
4/6/1997,1011.0,30.6,23.5,28.8,78,86,71,CALM,0,CALM,4,0.0,,7
4/7/1997,1010.9,31.3,25.4,29.2,76,86,71,VRB,3,ESE,7,0.0,,4
4/8/1997,1011.2,30.7,23.6,29.7,75,77,73,SW,6,SW,11,0.0,,2
4/9/1997,1012.8,30.8,25.2,29.3,78,92,72,VRB,4,W,8,0.0,,2
4/10/1997,1013.4,31.0,26.0,29.5,75,81,68,VRB,5,W,8,0.0,,2
4/11/1997,1013.9,31.0,24.0,29.7,74,80,70,W,7,WNW,12,0.0,,5
4/12/1997,1013.0,30.6,25.6,29.2,78,90,72,NW,7,NW,11,0.0,,3
4/13/1997,1013.3,31.0,24.7,29.4,74,81,70,NW,7,NW,10,0.0,,1
4/14/1997,1012.9,30.8,25.0,29.5,75,84,71,NW,7,NW,11,0.0,,1
4/15/1997,1012.7,31.6,25.6,29.9,73,81,69,NW,7,NW,10,0.0,,2
4/16/1997,1012.2,31.8,23.5,29.9,74,80,68,VRB,5,W,8,0.0,,4
4/17/1997,1011.8,31.8,23.3,29.9,76,85,69,CALM,0,CALM,4,0.7,,2
4/18/1997,1011.8,31.7,24.7,29.6,76,93,67,VRB,2,SE,7,7.9,,2
4/19/1997,1011.3,31.6,24.2,30.3,74,80,69,CALM,0,CALM,4,0.0,,2
4/20/1997,1010.6,30.6,22.3,28.7,78,81,73,CALM,0,S,10,22.3,,4
4/21/1997,1010.2,29.4,24.8,27.9,84,95,80,VRB,5,SE,14,0.0,,6
4/22/1997,1010.1,31.2,24.6,29.7,73,81,69,SSE,7,SSW,14,0.0,,4
4/23/1997,1010.6,30.8,23.6,29.6,74,83,69,VRB,5,SE,11,0.0,,2
4/24/1997,1010.3,31.7,24.0,30.2,74,83,70,VRB,2,CALM,6,5.7,,3
4/25/1997,1010.7,30.8,23.8,28.7,80,95,70,CALM,0,SSE,9,3.6,,5
4/26/1997,1010.3,31.8,25.0,29.5,79,87,73,VRB,4,WNW,7,0.3,,3
4/27/1997,1010.8,31.8,22.8,29.8,76,83,71,W,6,WSW,19,10.0,,4
4/28/1997,1011.3,29.6,23.0,27.4,86,96,77,W,10,WSW,20,14.3,,7
4/29/1997,1010.5,31.6,24.2,29.4,77,92,69,VRB,4,W,10,1.0,,5
4/30/1997,1010.8,31.6,24.8,30.0,77,86,70,W,9,W,14,0.7,,4
5/1/1997,1010.8,31.7,23.6,30.1,78,87,72,VRB,5,NW,14,0.0,,2
5/2/1997,1010.5,31.4,24.8,29.2,79,92,74,CALM,0,WSW,15,0.0,,4
5/3/1997,1010.1,31.6,25.4,30.1,76,81,73,W,6,NW,14,0.0,,2
5/4/1997,1010.1,29.8,23.6,28.5,80,84,75,W,13,NNW,22,6.1,,8
5/5/1997,1008.8,31.4,25.0,29.9,79,86,73,WNW,9,NW,19,2.4,,4
5/6/1997,1009.3,30.6,23.2,28.9,81,85,78,NW,11,NNE,26,13.9,,7
5/7/1997,1009.9,28.8,23.8,27.5,83,87,79,W,8,N,29,2.4,,8
5/8/1997,1009.8,31.4,22.0,29.9,74,78,69,NW,13,N,33,14.7,,7
5/9/1997,1010.3,30.6,23.1,28.1,81,90,73,NNW,9,WNW,36,9.4,,8
5/10/1997,1009.0,31.6,22.6,29.2,82,86,79,WNW,9,NNW,29,26.8,,7
5/11/1997,1009.7,30.8,24.5,28.8,79,81,78,NW,12,N,34,0.0,,7
5/12/1997,1009.8,31.3,22.8,28.8,80,83,75,WNW,14,N,33,16.6,,7
5/13/1997,1010.4,29.8,23.7,27.8,85,90,79,WNW,13,NW,31,18.2,,8
5/14/1997,1010.2,30.2,23.2,27.4,85,95,78,WNW,13,NNW,36,14.4,,7
5/15/1997,1011.1,29.8,22.0,28.9,80,83,78,WSW,16,WNW,39,76.4,,6
5/16/1997,1011.9,29.2,23.6,26.8,86,98,77,W,17,N,37,15.4,,8
5/17/1997,1010.4,29.8,21.2,28.0,84,96,75,SW,15,W,36,68.4,,7
5/18/1997,1012.6,27.8,22.3,25.6,86,96,75,SW,11,SSW,33,43.0,,8
5/19/1997,1012.8,29.4,23.5,27.7,80,84,78,W,10,WSW,27,8.3,,8
5/20/1997,1012.9,29.4,22.8,27.4,83,89,80,SW,10,NW,28,18.6,,8
5/21/1997,1012.2,29.8,23.1,27.3,84,92,75,VRB,7,WNW,25,15.7,,6
5/22/1997,1012.2,30.0,26.0,28.3,81,89,78,VRB,7,WNW,17,0.0,,6
5/23/1997,1011.8,30.7,25.3,29.4,77,85,74,WSW,9,WSW,15,0.0,,3
5/24/1997,1011.9,31.0,25.6,29.7,76,84,72,W,8,WNW,12,0.0,,2
5/25/1997,1012.0,30.8,25.7,29.3,77,84,73,WSW,8,WSW,13,0.0,,2
5/26/1997,1012.1,30.3,26.5,29.1,73,75,71,SW,9,SW,16,0.0,,6
5/27/1997,1012.7,31.0,22.9,29.8,74,77,72,SW,8,WSW,15,0.0,,3
5/28/1997,1013.5,31.0,22.3,28.7,77,91,72,CALM,0,CALM,5,0.0,,2
5/29/1997,1013.3,31.4,25.6,29.0,76,91,72,CALM,0,CALM,6,0.0,,2
5/30/1997,1012.8,31.4,26.5,29.7,75,84,70,W,8,W,13,0.0,,2
5/31/1997,1013.4,31.5,26.0,29.9,74,77,72,SSW,8,SW,15,0.0,,2
6/1/1997,1013.6,31.4,24.9,29.8,76,84,73,SSW,10,SW,17,0.0,,2
6/2/1997,1013.7,31.0,22.4,29.7,74,80,71,VRB,7,SSW,10,0.0,,2
6/3/1997,1013.2,31.3,21.6,29.0,75,91,68,CALM,0,CALM,4,0.0,,1
6/4/1997,1013.7,31.3,25.9,29.2,72,85,68,VRB,3,NW,7,0.0,,2
6/5/1997,1013.2,31.4,25.4,29.9,73,84,66,W,7,W,16,0.0,,6
6/6/1997,1012.2,31.3,24.5,29.8,71,78,67,VRB,5,W,11,1.3,,2
6/7/1997,1012.8,31.2,25.0,28.4,83,87,78,VRB,5,SW,18,2.2,,4
6/8/1997,1013.2,30.3,23.1,27.4,81,87,77,VRB,5,NW,18,15.3,,5
6/9/1997,1012.6,30.6,24.3,28.9,78,93,68,VRB,3,SW,12,0.0,,3
6/10/1997,1011.9,31.3,24.0,29.5,76,89,68,VRB,5,SSW,14,0.0,,3
6/11/1997,1011.2,32.0,23.2,30.2,73,81,65,VRB,3,S,9,4.3,,2
6/12/1997,1011.1,31.2,25.0,29.1,77,90,69,VRB,3,S,10,0.0,,6
6/13/1997,1010.2,31.2,22.1,29.7,76,90,70,VRB,5,ESE,14,0.0,,6
6/14/1997,1010.1,31.9,23.6,29.5,76,96,67,CALM,0,NNW,8,0.0,,5
6/15/1997,1010.5,30.6,23.5,28.4,81,90,73,VRB,5,NNW,17,0.0,,7
6/16/1997,1011.5,32.0,25.0,29.2,76,90,69,SSW,6,SSW,15,0.0,,3
6/17/1997,1012.6,30.8,22.5,28.5,80,87,75,CALM,0,SE,10,0.0,,7
6/18/1997,1011.9,31.6,24.5,29.0,75,91,68,VRB,3,SE,10,0.0,,2
6/19/1997,1012.0,30.8,26.8,29.1,79,84,73,S,9,SE,18,0.0,,7
6/20/1997,1011.5,31.6,27.8,30.4,75,80,71,SE,9,SE,18,0.0,,2
6/21/1997,1011.1,31.4,25.9,30.4,74,79,68,SE,12,SE,20,0.9,,3
6/22/1997,1011.6,32.1,23.6,30.4,76,84,70,SE,10,ENE,21,0.0,,4
6/23/1997,1011.1,31.8,26.3,29.8,77,93,70,VRB,5,S,11,0.0,,6
6/24/1997,1009.8,31.6,25.0,29.9,75,80,69,S,7,S,16,0.0,,5
6/25/1997,1009.3,31.5,27.0,29.9,74,80,70,VRB,6,S,14,0.0,,5
6/26/1997,1008.5,31.8,27.1,30.4,74,83,70,S,12,SE,19,0.0,,4
6/27/1997,1008.4,30.7,23.3,27.3,85,95,78,SSW,9,WNW,20,35.6,,5
6/28/1997,1007.1,30.2,26.2,28.6,78,84,74,SSW,13,WSW,22,0.0,,6
6/29/1997,1006.6,31.2,26.5,29.7,79,83,76,WSW,7,WSW,10,0.0,,4
6/30/1997,1007.2,31.3,24.5,29.6,77,82,74,VRB,7,SSW,13,0.0,,4
7/1/1997,1008.6,31.2,24.6,29.2,81,90,76,VRB,3,CALM,7,0.0,,6
7/2/1997,1009.0,31.9,27.6,30.2,76,82,73,VRB,3,CALM,7,0.0,,5
7/3/1997,1009.5,31.9,27.3,30.3,76,82,71,VRB,4,SE,10,0.0,,7
7/4/1997,1010.4,32.0,26.5,30.4,75,82,71,VRB,5,SE,8,0.0,,2
7/5/1997,1010.3,31.4,23.2,29.9,73,80,70,VRB,4,CALM,7,0.0,,4
7/6/1997,1010.2,31.0,24.6,29.1,77,91,71,VRB,3,SSW,8,0.0,,2
7/7/1997,1010.4,31.8,24.4,29.8,75,89,71,VRB,2,CALM,6,5.6,,3
7/8/1997,1011.3,31.3,25.0,29.0,80,92,70,VRB,2,CALM,6,0.0,,6
7/9/1997,1012.2,32.2,26.4,30.5,72,80,66,VRB,2,CALM,7,0.0,,4
7/10/1997,1011.8,31.7,27.2,30.3,73,83,68,VRB,5,SSE,8,0.0,,3
7/11/1997,1011.4,31.7,27.3,30.4,73,80,68,VRB,5,CALM,7,0.0,,3
7/12/1997,1011.6,30.4,25.4,29.0,81,85,77,VRB,5,S,12,1.5,,5
7/13/1997,1011.5,32.2,23.8,30.3,74,80,72,VRB,3,SW,12,0.0,,3
7/14/1997,1012.7,31.3,23.6,27.8,84,93,72,VRB,4,NNW,26,0.0,,6
7/15/1997,1011.8,30.6,24.4,28.5,79,95,72,VRB,2,NNW,11,0.0,,6
7/16/1997,1009.4,31.4,21.6,29.1,80,87,72,VRB,4,SW,10,14.6,,7
7/17/1997,1010.1,27.6,22.8,25.6,88,95,83,WNW,15,NW,35,24.1,,8
7/18/1997,1011.1,30.0,24.0,27.7,83,92,75,WSW,8,WSW,13,11.7,,6
7/19/1997,1010.9,30.7,25.0,28.7,81,84,76,VRB,6,WSW,15,0.5,,7
7/20/1997,1010.7,30.3,25.9,29.0,79,84,75,WSW,8,WSW,13,0.0,,6
7/21/1997,1010.8,31.4,25.0,29.3,80,84,72,W,7,WSW,18,12.5,,5
7/22/1997,1011.5,28.9,23.2,27.4,83,90,77,WSW,8,NW,30,11.7,,8
7/23/1997,1011.5,30.3,22.3,28.4,77,80,73,W,10,W,26,51.8,,7
7/24/1997,1011.4,30.5,22.6,28.7,78,90,69,VRB,6,W,22,0.0,,5
7/25/1997,1011.8,30.6,25.5,28.4,76,85,69,CALM,0,WSW,10,0.0,,6
7/26/1997,1012.3,30.8,26.4,29.6,73,77,70,VRB,4,S,12,0.0,,2
7/27/1997,1012.5,30.6,23.3,29.6,73,81,70,VRB,5,E,14,16.8,,3
7/28/1997,1013.4,30.5,24.1,27.8,85,93,79,VRB,5,E,20,6.8,,6
7/29/1997,1011.9,31.0,26.6,29.8,76,79,73,SE,6,SE,12,0.0,,3
7/30/1997,1010.9,31.0,26.8,29.7,76,81,73,VRB,5,SE,10,0.0,,4
7/31/1997,1009.5,31.1,26.8,29.9,73,77,70,VRB,5,ESE,10,0.0,,2
8/1/1997,1010.7,31.3,27.0,29.9,74,77,72,VRB,7,SSE,14,0.0,,2
8/2/1997,1012.2,31.6,24.5,30.2,76,80,73,VRB,4,SE,8,15.0,,2
8/3/1997,1012.8,30.0,24.0,27.3,86,95,79,VRB,3,CALM,6,38.4,,6
8/4/1997,1012.7,31.6,23.6,29.1,78,87,74,S,11,S,18,33.5,,5
8/5/1997,1012.7,29.8,25.2,27.9,80,90,74,S,11,S,15,2.3,,8
8/6/1997,1012.4,30.6,26.0,28.6,79,83,75,S,11,SSW,18,0.0,,7
8/7/1997,1012.5,29.4,24.8,28.4,77,80,70,S,9,S,19,1.3,,7
8/8/1997,1012.5,30.8,24.6,28.9,80,87,75,VRB,6,SSE,16,0.0,,4
8/9/1997,1013.7,30.8,23.0,29.0,80,90,75,VRB,4,SE,15,0.0,,5
8/10/1997,1014.3,31.4,22.5,29.0,81,94,72,VRB,2,NNW,10,0.0,,4
8/11/1997,1014.6,31.6,22.3,29.3,71,91,63,VRB,2,NNW,10,0.0,,2
8/12/1997,1014.6,31.6,22.7,28.8,75,83,69,VRB,3,NNW,11,0.0,,3
8/13/1997,1014.2,31.4,22.6,28.8,78,90,72,VRB,3,S,11,0.0,,3
8/14/1997,1013.9,31.8,23.5,29.0,75,91,68,CALM,0,CALM,5,0.5,,3
8/15/1997,1013.8,30.8,23.3,28.0,82,90,72,VRB,3,S,9,9.8,,4
8/16/1997,1013.9,30.2,23.4,28.0,85,93,77,VRB,5,NW,15,8.6,,6
8/17/1997,1012.9,30.6,22.7,29.2,75,84,70,VRB,3,WNW,8,55.0,,7
8/18/1997,1012.0,30.2,22.7,26.9,84,93,76,WNW,11,NNW,20,15.1,,8
8/19/1997,1012.9,29.2,23.2,26.7,79,92,72,WNW,15,NNW,36,0.0,,8
8/20/1997,1012.0,29.8,22.3,27.3,86,93,80,VRB,6,S,20,22.8,,7
8/21/1997,1012.4,30.9,24.4,29.4,77,84,73,SSW,8,NW,19,0.0,,4
8/22/1997,1012.1,30.9,25.8,29.4,78,84,72,VRB,5,CALM,8,0.0,,6
8/23/1997,1011.5,31.4,23.2,30.0,78,82,76,VRB,5,NE,18,14.5,,2
8/24/1997,1011.6,30.6,23.4,28.5,81,89,75,VRB,4,ESE,12,0.7,,6
8/25/1997,1011.4,29.8,24.4,27.6,83,87,80,VRB,4,NW,12,0.0,,7
8/26/1997,1010.9,31.4,23.0,29.8,76,83,73,CALM,0,CALM,6,0.0,,4
8/27/1997,1011.7,31.8,25.6,29.3,75,91,70,CALM,0,CALM,7,0.0,,7
8/28/1997,1012.0,31.6,22.2,28.0,81,92,73,SW,9,WNW,35,16.8,,7
8/29/1997,1011.9,30.6,23.3,28.5,82,92,75,VRB,2,NW,17,0.0,,7
8/30/1997,1011.8,31.4,27.3,29.2,81,93,74,VRB,4,NNE,12,0.0,,5
8/31/1997,1012.4,31.8,24.3,30.1,72,78,70,VRB,6,WNW,14,1.2,,4
9/1/1997,1013.6,28.0,23.5,25.8,85,88,81,NNW,10,N,26,8.1,,8
9/2/1997,1012.5,29.3,23.8,27.3,82,90,72,VRB,3,NNE,17,0.5,,7
9/3/1997,1012.2,30.6,24.7,28.8,79,89,72,VRB,4,NW,13,6.9,,6
9/4/1997,1012.2,30.4,23.4,28.0,84,95,74,NW,7,NW,20,16.5,,6
9/5/1997,1012.6,29.3,23.5,26.7,87,92,79,VRB,5,N,22,21.9,,6
9/6/1997,1012.5,30.2,23.5,28.6,81,88,70,VRB,6,SSW,14,24.0,,5
9/7/1997,1012.6,29.0,23.7,26.9,86,92,76,SW,9,WSW,20,1.5,,7
9/8/1997,1010.9,30.3,23.0,28.5,79,84,75,S,8,SSW,12,0.0,,5
9/9/1997,1010.8,30.0,22.0,28.5,78,92,74,VRB,4,NNW,19,41.1,,5
9/10/1997,1012.2,29.3,23.0,26.3,88,92,84,NNW,7,NNW,23,56.8,,8
9/11/1997,1013.0,27.0,23.1,25.4,90,96,84,WNW,5,NW,15,5.5,,8
9/12/1997,1013.3,28.5,24.0,26.5,84,91,78,WSW,11,WSW,18,0.1,,7
9/13/1997,1012.9,28.4,24.6,26.7,85,92,81,CALM,0,SSW,8,2.0,,8
9/14/1997,1013.2,28.5,22.0,26.7,86,93,83,SSW,12,SSW,27,23.9,,7
9/15/1997,1013.1,29.0,24.0,27.1,82,95,72,CALM,0,SSW,8,0.0,,8
9/16/1997,1012.8,30.5,25.2,29.2,71,80,67,SSW,10,SSW,15,0.0,,3
9/17/1997,1013.9,31.0,25.4,29.1,74,86,68,S,10,S,13,0.0,,4
9/18/1997,1014.4,31.0,25.2,29.3,73,80,69,S,8,S,12,0.0,,5
9/19/1997,1014.1,31.2,24.4,29.8,77,80,75,SSE,7,SSE,11,1.1,,2
9/20/1997,1013.7,31.5,22.4,29.4,76,84,72,SSE,9,SSE,13,0.0,,2
9/21/1997,1012.9,30.8,24.9,28.5,80,95,74,SSW,7,S,15,1.9,,3
9/22/1997,1012.3,31.0,25.7,29.4,74,80,71,SSW,9,SSW,17,0.0,,2
9/23/1997,1013.0,31.0,25.6,29.4,75,83,71,SSW,8,SSW,15,0.0,,2
9/24/1997,1012.8,31.3,26.8,29.8,76,81,72,SSE,8,SSE,16,0.0,,2
9/25/1997,1012.7,31.6,26.0,30.4,76,80,71,SSE,9,SSE,15,0.0,,4
9/26/1997,1013.4,29.7,22.4,26.7,84,93,75,SSE,9,NNW,25,64.0,,7
9/27/1997,1013.2,29.8,22.1,26.7,88,95,78,VRB,3,N,13,63.4,,7
9/28/1997,1013.8,30.8,24.4,29.0,77,87,70,VRB,2,N,12,0.0,,7
9/29/1997,1014.4,31.2,26.6,29.4,80,87,75,VRB,5,S,12,0.0,,5
9/30/1997,1014.4,31.4,25.4,29.7,79,84,72,VRB,3,E,11,1.9,,4
10/1/1997,1014.7,30.9,23.5,29.5,76,83,70,VRB,3,NNW,15,14.2,,5
10/2/1997,1015.7,29.6,22.5,25.9,91,98,87,VRB,5,ESE,22,24.2,,8
10/3/1997,1015.5,31.0,23.7,29.4,78,82,73,SSE,9,ESE,18,10.5,,5
10/4/1997,1015.5,30.1,24.6,27.2,86,92,79,SE,8,SE,18,2.1,,7
10/5/1997,1014.0,30.8,23.0,29.2,75,80,71,SE,7,SE,15,0.0,,2
10/6/1997,1012.4,31.1,22.4,25.5,87,98,79,CALM,0,NW,25,66.0,,5
10/7/1997,1013.4,30.3,25.2,27.9,83,98,78,VRB,3,SSE,10,2.8,,3
10/8/1997,1013.7,30.6,24.8,29.1,78,80,76,VRB,6,SSE,15,0.7,,6
10/9/1997,1012.5,30.5,25.6,29.2,78,81,76,SE,9,SE,17,0.0,,4
10/10/1997,1011.5,31.5,26.0,29.5,80,87,72,E,8,E,17,4.6,,4
10/11/1997,1011.4,30.4,23.7,28.8,80,84,73,E,11,NNE,25,33.4,,5
10/12/1997,1011.2,30.6,24.5,28.5,85,97,77,SSE,7,WNW,18,12.3,,6
10/13/1997,1012.5,30.6,23.4,26.9,88,95,78,VRB,5,E,22,15.3,,7
10/14/1997,1011.7,30.7,23.5,28.9,78,90,70,ESE,9,E,18,0.0,,4
10/15/1997,1011.1,30.7,26.0,29.4,80,91,73,ESE,7,S,14,1.2,,2
10/16/1997,1011.5,29.4,23.5,27.2,88,93,83,VRB,6,E,18,19.9,,8
10/17/1997,1011.6,30.6,26.4,29.4,77,83,74,SE,14,ESE,21,0.4,,2
10/18/1997,1012.1,31.0,25.8,29.4,81,83,78,SE,9,SSE,16,0.0,,2
10/19/1997,1012.3,31.2,25.6,29.6,77,83,73,SE,8,SW,14,0.0,,3
10/20/1997,1012.2,30.8,23.0,29.2,79,90,73,VRB,5,ENE,11,2.0,,3
10/21/1997,1012.8,31.2,26.2,28.7,80,90,73,VRB,5,E,12,0.0,,5
10/22/1997,1012.3,30.6,25.0,28.9,80,83,76,SE,8,SSW,20,1.9,,5
10/23/1997,1011.7,31.3,26.5,29.5,78,80,76,SE,8,E,14,0.0,,5
10/24/1997,1012.6,31.2,26.6,29.5,77,83,73,SE,10,WNW,16,0.0,,2
10/25/1997,1012.5,30.7,26.5,29.4,77,81,73,SE,8,E,14,0.0,,2
10/26/1997,1012.7,31.2,25.4,29.6,78,82,76,SE,9,SE,14,0.0,,3
10/27/1997,1012.7,30.6,25.3,28.9,81,89,74,VRB,4,ESE,12,0.4,,4
10/28/1997,1012.8,30.9,25.5,29.4,77,83,74,SE,9,SE,14,0.0,,4
10/29/1997,1012.6,30.6,26.1,29.2,78,87,74,SE,8,SE,15,0.0,,3
10/30/1997,1013.1,31.0,26.4,29.6,78,83,75,SE,10,SE,18,0.0,,2
10/31/1997,1013.4,30.5,26.3,29.3,79,83,77,SE,8,ESE,14,0.0,,3
11/1/1997,1012.9,30.6,26.7,29.3,79,81,77,SE,9,SE,12,0.0,,2
11/2/1997,1012.9,30.6,26.6,29.2,78,83,74,SE,7,SE,12,0.0,,2
11/3/1997,1012.7,30.7,26.4,29.3,77,84,74,VRB,6,SE,11,0.0,,2
11/4/1997,1013.2,31.2,26.8,29.6,78,84,74,VRB,5,SE,10,0.0,,2
11/5/1997,1012.8,31.4,26.6,29.6,75,83,69,VRB,4,SE,8,0.0,,2
11/6/1997,1013.2,31.2,26.8,29.4,75,81,73,VRB,4,ENE,9,0.0,,3
11/7/1997,1013.6,30.8,26.9,29.3,75,81,69,SE,7,SSE,15,0.0,,2
11/8/1997,1013.5,30.7,26.7,29.3,75,80,71,SE,9,ESE,16,0.0,,2
11/9/1997,1012.5,30.6,27.1,29.4,74,80,71,SE,10,SE,20,0.0,,2
11/10/1997,1012.0,30.7,26.9,29.3,75,80,72,SE,11,ESE,17,0.0,,2
11/11/1997,1012.3,30.8,26.7,29.2,73,77,68,SE,9,E,14,0.0,,2
11/12/1997,1011.7,31.2,26.8,29.3,73,78,68,SE,10,SE,15,0.0,,2
11/13/1997,1011.2,31.3,26.5,29.2,71,77,68,SE,8,E,14,0.0,,3
11/14/1997,1011.1,31.6,27.0,29.3,72,81,65,VRB,6,ENE,13,0.0,,2
11/15/1997,1010.1,31.4,26.4,29.7,73,81,69,VRB,7,NE,17,0.0,,2
11/16/1997,1010.4,30.4,26.7,29.1,70,75,66,SE,9,E,16,0.0,,1
11/17/1997,1010.1,31.4,26.3,29.0,79,83,73,SE,7,SSE,10,6.3,,4
11/18/1997,1010.8,31.4,25.6,29.5,80,87,73,ESE,6,ESE,10,8.3,,4
11/19/1997,1011.3,31.3,27.0,29.4,79,87,74,VRB,3,ESE,8,2.7,,3
11/20/1997,1011.7,31.3,27.2,29.5,77,87,73,ESE,9,ESE,12,0.0,,3
11/21/1997,1012.0,31.2,27.3,29.6,77,84,73,ESE,9,ESE,14,0.0,,2
11/22/1997,1011.9,31.4,27.0,29.5,77,84,73,SE,11,SE,16,0.0,,2
11/23/1997,1011.6,30.8,24.8,29.0,79,84,73,SE,8,SE,14,13.8,,5
11/24/1997,1010.7,31.0,26.0,28.9,80,87,73,VRB,5,SE,10,3.0,,6
11/25/1997,1011.0,31.0,26.8,29.5,76,84,71,VRB,5,SE,10,0.0,,2
11/26/1997,1012.2,30.7,24.6,29.2,75,81,71,SE,10,SE,13,4.9,,3
11/27/1997,1011.4,30.5,27.1,28.8,80,87,71,SE,8,SE,10,0.0,,3
11/28/1997,1010.6,31.5,26.8,29.6,76,79,73,ESE,8,E,12,0.0,,3
11/29/1997,1010.4,31.0,24.4,28.9,77,80,74,E,8,E,15,17.1,,3
11/30/1997,1010.6,30.7,27.2,29.3,77,81,74,SE,11,ENE,18,0.0,,3
12/1/1997,1010.6,30.9,25.6,29.4,77,82,71,ESE,10,ESE,17,5.6,,5
12/2/1997,1010.9,30.4,24.5,28.3,81,87,78,SE,6,SE,15,12.3,,4
12/3/1997,1010.3,28.6,23.5,26.8,86,92,82,S,13,SE,20,9.0,,8
12/4/1997,1010.9,29.4,26.5,27.4,84,87,80,VRB,5,SE,12,0.0,,7
12/5/1997,1010.5,30.6,26.8,28.7,78,84,74,SE,11,SE,17,0.0,,6
12/6/1997,1012.1,30.5,26.4,29.0,75,83,71,SE,10,SE,14,0.0,,2
12/7/1997,1010.7,30.4,26.6,29.0,75,81,71,VRB,6,SE,10,0.0,,2
12/8/1997,1010.3,30.6,26.9,29.1,76,83,73,VRB,5,SE,8,0.0,,2
12/9/1997,1011.1,30.8,24.1,29.4,77,81,74,VRB,5,SE,9,2.4,,2
12/10/1997,1011.2,31.4,25.1,29.7,78,86,74,VRB,4,ESE,8,4.8,,2
12/11/1997,1010.4,31.5,25.9,29.5,80,86,75,VRB,2,NE,8,1.2,,3
12/12/1997,1010.9,30.6,26.6,29.6,75,80,73,VRB,4,SE,8,0.0,,3
12/13/1997,1011.3,30.9,24.7,29.3,81,83,78,VRB,4,ESE,8,7.0,,5
12/14/1997,1010.6,31.1,26.8,29.3,80,92,75,VRB,5,ESE,12,0.0,,4
12/15/1997,1011.3,31.8,25.5,29.8,77,84,72,VRB,4,CALM,6,8.0,,3
12/16/1997,1012.1,31.1,26.6,29.4,79,84,74,VRB,6,SSE,12,1.2,,3
12/17/1997,1011.9,31.4,25.9,29.3,81,85,76,S,10,S,15,0.1,,6
12/18/1997,1012.2,30.0,24.2,28.5,82,86,78,VRB,4,S,7,1.4,,5
12/19/1997,1012.5,29.6,25.2,27.1,88,95,82,VRB,3,NNW,9,6.6,,6
12/20/1997,1012.8,30.4,26.6,28.2,82,85,79,VRB,6,SE,15,1.2,,5
12/21/1997,1013.3,30.8,25.0,29.3,77,82,73,S,9,S,13,0.0,,3
12/22/1997,1014.1,29.6,23.0,27.1,85,92,80,CALM,0,CALM,3,6.9,,7
12/23/1997,1014.3,31.0,23.8,28.8,78,92,70,CALM,0,CALM,5,23.7,,1
12/24/1997,1012.8,30.4,25.6,28.2,82,92,74,VRB,3,SE,8,1.1,,4
12/25/1997,1012.8,28.9,24.1,26.6,87,93,83,SW,8,SSW,13,36.0,,6
12/26/1997,1012.9,27.6,23.7,25.7,93,96,90,VRB,4,SE,15,56.8,,7
12/27/1997,1012.5,29.4,24.6,26.3,87,95,76,VRB,4,N,7,1.4,,7
12/28/1997,1012.2,30.7,23.4,29.0,78,87,72,CALM,0,CALM,6,83.7,,3
12/29/1997,1013.6,29.4,23.2,25.9,90,98,83,VRB,2,S,8,12.2,,7
12/30/1997,1012.8,30.3,25.6,28.4,78,92,71,VRB,6,CALM,6,0.0,,3
12/31/1997,1012.2,30.4,24.6,28.6,81,92,74,VRB,5,CALM,7,7.9,,2
1/1/1998,1011.4,30.0,23.7,28.2,83,88,79,VRB,4,S,10,6.6,,3
1/2/1998,1012.0,31.0,23.4,29.0,78,89,70,CALM,0,CALM,5,0.0,,3
1/3/1998,1012.9,30.4,24.2,28.0,82,91,76,VRB,4,NNW,8,1.1,,3
1/4/1998,1014.0,30.9,26.7,28.7,82,89,77,VRB,3,CALM,6,0.0,,6
1/5/1998,1011.6,31.1,26.0,29.7,76,81,73,ESE,8,SE,14,1.9,,3
1/6/1998,1010.6,31.2,27.5,29.7,79,84,76,E,9,E,12,0.0,,2
1/7/1998,1011.5,31.6,25.8,29.9,75,80,72,ESE,8,ESE,11,0.1,,4
1/8/1998,1011.0,31.0,26.0,29.2,79,84,73,VRB,5,ESE,8,0.6,,3
1/9/1998,1009.8,31.4,25.7,28.9,81,86,76,SE,7,SE,15,10.9,,3
1/10/1998,1009.8,31.4,24.7,29.7,78,87,73,VRB,5,SE,8,3.0,,5
1/11/1998,1010.5,28.9,24.9,27.0,86,92,81,VRB,5,ENE,11,18.5,,7
1/12/1998,1009.9,28.9,24.6,26.8,90,96,83,S,8,S,13,20.2,,8
1/13/1998,1010.2,27.8,24.6,26.7,89,93,84,VRB,2,CALM,5,5.6,,7
1/14/1998,1011.5,30.5,23.5,25.8,93,98,85,VRB,4,SW,15,153.4,,7
1/15/1998,1011.6,30.4,24.0,28.2,84,92,78,VRB,4,NW,10,0.0,,5
1/16/1998,1010.9,31.2,24.8,29.6,78,87,72,VRB,2,CALM,5,5.7,,4
1/17/1998,1011.2,31.3,24.1,29.2,80,92,70,CALM,0,CALM,5,7.3,,5
1/18/1998,1011.9,30.9,24.1,28.7,81,93,75,VRB,2,S,11,0.1,,3
1/19/1998,1012.3,30.6,26.0,27.3,84,93,77,VRB,7,E,12,8.6,,7
1/20/1998,1011.9,31.4,26.9,29.3,80,90,75,VRB,4,ENE,8,0.0,,5
1/21/1998,1011.5,31.5,26.0,29.8,76,87,69,ENE,6,E,10,0.0,,1
1/22/1998,1011.8,31.4,27.0,28.7,83,87,79,VRB,3,E,9,0.7,,5
1/23/1998,1011.2,31.5,27.4,29.7,78,84,74,VRB,5,E,10,0.0,,2
1/24/1998,1011.7,31.6,27.2,30.1,78,85,74,VRB,3,E,8,0.0,,3
1/25/1998,1012.6,31.5,27.5,29.9,76,83,73,E,10,E,12,0.0,,2
1/26/1998,1012.4,31.7,26.0,29.8,78,87,72,E,8,E,14,3.6,,2
1/27/1998,1011.4,31.6,25.0,29.8,79,87,76,E,8,E,13,16.4,,4
1/28/1998,1012.6,31.7,25.5,28.9,82,87,75,E,8,E,14,17.6,,5
1/29/1998,1013.3,31.4,27.2,30.0,78,86,73,E,10,E,16,0.0,,2
1/30/1998,1012.6,31.6,27.8,30.1,79,85,75,E,10,ESE,14,0.0,,2
1/31/1998,1012.3,32.2,28.0,30.4,79,82,76,ENE,10,ENE,14,0.0,,1
2/1/1998,1012.2,32.1,27.4,30.5,77,82,74,ENE,10,ENE,16,2.8,,1
2/2/1998,1013.0,32.1,27.0,30.2,79,87,76,VRB,6,ENE,10,0.0,,4
2/3/1998,1013.1,32.2,27.6,30.3,78,89,74,VRB,7,ENE,12,0.0,,2
2/4/1998,1013.5,32.0,26.7,30.0,79,86,72,VRB,6,NNE,15,1.2,,2
2/5/1998,1013.7,31.6,27.4,29.6,80,87,75,VRB,6,NNE,15,0.0,,7
2/6/1998,1012.3,32.2,27.2,30.4,78,86,71,VRB,4,NE,8,0.0,,4
2/7/1998,1011.6,32.1,27.4,29.5,80,85,74,VRB,4,NE,8,1.9,,3
2/8/1998,1011.5,32.1,27.8,30.4,77,87,72,ENE,8,ENE,12,0.0,,2
2/9/1998,1011.8,32.1,27.8,30.1,80,86,76,VRB,6,ENE,13,0.3,,4
2/10/1998,1012.0,32.4,27.7,30.2,78,85,73,ENE,8,ENE,16,0.0,,4
2/11/1998,1012.2,31.7,27.2,29.9,77,80,73,ENE,9,ENE,11,0.0,,6
2/12/1998,1011.5,32.7,25.3,29.4,83,83,77,E,7,ESE,14,10.3,,7
2/13/1998,1013.1,32.2,26.7,30.0,80,89,72,VRB,5,ESE,11,0.5,,3
2/14/1998,1014.2,31.8,27.4,29.9,80,89,75,VRB,4,E,10,0.0,,3
2/15/1998,1013.9,31.8,27.0,30.0,76,80,72,NNE,8,NNE,14,0.0,,3
2/16/1998,1012.9,31.0,25.3,29.2,77,81,73,NE,6,NE,12,2.0,,4
2/17/1998,1014.1,30.4,24.0,27.0,87,93,81,CALM,0,S,20,33.6,,7
2/18/1998,1012.6,30.6,25.5,29.3,76,84,72,N,8,N,14,0.0,,2
2/19/1998,1013.2,30.7,25.0,29.0,72,83,66,N,6,N,9,0.0,,3
2/20/1998,1012.5,30.9,25.6,29.2,72,78,69,VRB,5,N,10,0.0,,1
2/21/1998,1013.4,30.8,26.5,29.1,73,78,68,VRB,7,NNE,11,0.0,,2
2/22/1998,1012.3,30.6,25.5,29.0,74,80,71,VRB,7,NNE,13,0.0,,2
2/23/1998,1011.5,31.0,24.2,29.2,73,81,69,VRB,5,NNE,12,0.0,,1
2/24/1998,1012.6,31.0,26.5,29.4,70,80,63,VRB,6,NNE,9,0.0,,3
2/25/1998,1012.8,31.3,27.6,29.4,73,81,69,VRB,4,NNE,8,0.0,,6
2/26/1998,1011.6,32.0,27.4,30.2,73,82,64,VRB,5,ENE,10,0.0,,2
2/27/1998,1011.7,32.1,27.2,30.4,74,83,68,VRB,5,ESE,8,0.0,,2
2/28/1998,1012.6,31.6,26.4,29.8,75,80,72,VRB,4,NNE,10,0.0,,1
3/1/1998,1012.6,31.3,24.7,29.0,79,84,73,N,8,N,14,4.3,,5
3/2/1998,1012.2,31.5,23.8,28.8,82,95,73,VRB,5,NNE,11,0.0,,5
3/3/1998,1012.7,31.6,27.0,29.9,74,77,71,VRB,5,NE,14,0.0,,3
3/4/1998,1012.4,32.0,27.3,30.2,64,70,60,ENE,6,ENE,13,0.0,,1
3/5/1998,1011.0,31.8,25.7,29.9,74,79,71,VRB,4,N,8,0.0,,1
3/6/1998,1011.6,31.7,27.7,30.1,75,78,73,VRB,5,NE,10,0.0,,1
3/7/1998,1009.9,32.2,27.4,30.5,74,83,71,VRB,5,N,14,0.0,,2
3/8/1998,1010.8,32.4,26.2,30.5,72,82,67,VRB,2,CALM,4,0.0,,2
3/9/1998,1010.9,32.0,26.0,29.9,74,80,68,NNE,6,NNE,12,0.0,,3
3/10/1998,1010.2,31.8,25.6,29.9,74,87,66,VRB,4,NE,13,0.0,,1
3/11/1998,1012.5,31.5,24.6,29.7,75,83,70,N,6,N,13,0.0,,3
3/12/1998,1012.7,31.7,23.6,29.9,74,80,68,N,6,NNW,14,0.0,,2
3/13/1998,1012.9,31.6,26.9,28.9,79,90,71,VRB,4,N,12,0.0,,3
3/14/1998,1011.9,31.9,27.0,30.1,75,81,71,N,7,NE,15,0.0,,2
3/15/1998,1010.9,32.0,27.0,30.4,74,82,70,NNE,7,NE,15,0.0,,1
3/16/1998,1011.4,32.1,27.2,30.1,75,83,67,VRB,6,ESE,17,0.0,,3
3/17/1998,1012.1,33.4,27.8,31.0,76,85,71,VRB,5,E,14,0.0,,3
3/18/1998,1012.1,32.8,25.4,29.6,83,90,78,VRB,4,SE,20,13.2,,5
3/19/1998,1011.5,31.3,27.7,29.4,83,87,79,VRB,6,WSW,20,0.0,,6
3/20/1998,1010.1,32.4,25.4,29.8,79,92,70,VRB,5,SSW,24,11.0,,3
3/21/1998,1012.1,31.2,24.3,28.1,85,95,75,CALM,0,N,22,39.0,,5
3/22/1998,1011.7,29.7,22.5,28.6,92,97,87,CALM,0,SSE,27,8.5,,8
3/23/1998,1010.9,31.2,23.0,28.6,79,96,72,CALM,0,SSW,10,0.0,,1
3/24/1998,1010.9,32.0,23.7,29.3,76,96,66,CALM,0,CALM,4,0.0,,1
3/25/1998,1010.4,31.9,24.2,29.6,80,96,74,VRB,2,CALM,6,0.0,,1
3/26/1998,1010.1,32.6,26.6,30.1,81,95,74,CALM,0,CALM,7,0.0,,3
3/27/1998,1010.0,33.0,26.8,31.0,77,86,67,VRB,4,E,14,0.4,,2
3/28/1998,1010.5,31.6,24.4,28.5,84,89,80,VRB,5,S,16,23.3,,4
3/29/1998,1010.9,30.2,24.5,28.7,85,92,82,NE,5,N,17,0.0,,5
3/30/1998,1012.0,31.9,24.5,29.8,80,98,72,VRB,3,S,9,26.0,,1
3/31/1998,1012.4,30.4,25.1,27.3,86,95,80,VRB,7,E,22,6.8,,6
4/1/1998,1011.9,32.3,24.6,30.2,79,89,74,VRB,4,SE,9,0.0,,3
4/2/1998,1011.9,31.8,25.4,29.6,79,96,72,CALM,0,NW,7,0.0,,1
4/3/1998,1011.3,32.3,26.0,30.1,78,87,72,VRB,3,NW,8,0.0,,4
4/4/1998,1009.7,32.3,25.0,30.5,79,92,75,VRB,5,NNE,12,0.0,,1
4/5/1998,1010.6,32.6,26.0,30.4,80,93,75,VRB,2,CALM,7,4.9,,2
4/6/1998,1011.4,31.4,24.8,28.3,85,92,79,CALM,0,SE,20,46.8,,8
4/7/1998,1012.0,29.6,25.0,26.6,88,95,81,VRB,6,WSW,18,2.3,,8
4/8/1998,1009.2,31.9,26.0,30.2,77,86,72,VRB,4,NW,8,0.0,,4
4/9/1998,1008.6,32.1,25.9,30.7,77,87,72,N,7,N,13,0.0,,2
4/10/1998,1009.3,32.5,28.3,30.7,78,87,74,VRB,3,NE,8,0.0,,3
4/11/1998,1010.0,33.0,25.8,31.1,77,86,72,VRB,4,ENE,10,0.0,,2
4/12/1998,1009.9,33.0,25.4,31.1,77,89,69,CALM,0,CALM,3,0.0,,1
4/13/1998,1008.6,32.8,26.3,30.5,78,94,70,CALM,0,CALM,0,0.0,,2
4/14/1998,1008.8,32.8,26.0,30.6,78,95,73,CALM,0,CALM,5,5.0,,3
4/15/1998,1010.7,32.5,25.6,30.0,79,92,71,VRB,4,SW,15,0.0,,5
4/16/1998,1011.4,32.7,26.0,30.7,78,92,72,VRB,4,SW,15,0.0,,2
4/17/1998,1011.7,31.9,27.0,30.0,79,87,72,VRB,5,NW,20,0.0,,6
4/18/1998,1011.5,32.8,26.0,30.5,79,87,72,NNW,7,N,15,0.2,,6
4/19/1998,1012.3,30.5,27.4,29.4,81,87,76,W,10,WNW,23,0.0,,7
4/20/1998,1010.9,32.8,25.0,31.1,76,87,70,VRB,5,N,8,0.0,,2
4/21/1998,1010.7,33.0,26.6,31.0,75,87,68,VRB,3,WSW,8,0.0,,2
4/22/1998,1010.9,32.6,24.6,30.9,74,87,69,VRB,5,SW,10,0.0,,1
4/23/1998,1011.6,33.0,25.0,30.9,74,93,65,CALM,0,W,7,0.0,,1
4/24/1998,1010.7,33.0,25.4,30.7,75,93,68,CALM,0,NNW,8,0.0,,2
4/25/1998,1010.4,33.4,25.7,31.1,72,92,67,VRB,2,CALM,5,0.0,,1
4/26/1998,1011.0,33.5,25.2,31.3,72,92,64,VRB,2,CALM,7,0.0,,1
4/27/1998,1011.2,33.8,24.2,31.4,71,87,65,CALM,0,S,20,45.2,,5
4/28/1998,1011.8,32.6,25.0,27.8,82,93,75,SE,6,SE,15,1.9,,8
4/29/1998,1011.4,32.6,26.7,30.3,76,95,70,VRB,3,CALM,7,0.0,,2
4/30/1998,1010.3,33.4,25.8,31.1,75,83,72,CALM,0,CALM,4,0.0,,2
5/1/1998,1010.0,33.2,25.7,31.3,76,92,70,VRB,2,W,8,0.0,,1
5/2/1998,1009.9,33.5,25.9,31.6,73,85,68,VRB,3,NNW,9,0.0,,1
5/3/1998,1009.8,32.8,27.2,30.9,74,86,70,VRB,2,CALM,5,0.0,,2
5/4/1998,1008.4,32.6,26.6,30.9,78,89,70,S,6,S,8,0.0,,6
5/5/1998,1007.8,33.5,26.0,31.1,76,92,68,CALM,0,CALM,5,3.2,,3
5/6/1998,1007.7,34.0,25.5,30.5,81,89,73,CALM,0,SW,12,1.5,,4
5/7/1998,1008.9,33.0,26.4,30.6,79,93,71,VRB,3,SW,8,16.2,,2
5/8/1998,1010.0,32.0,26.0,29.8,83,89,81,W,8,WSW,15,8.7,,6
5/9/1998,1008.5,32.0,27.0,30.2,81,92,75,NW,10,NW,15,1.5,,7
5/10/1998,1007.7,32.0,24.4,29.4,84,95,77,WNW,9,NW,45,78.0,,7
5/11/1998,1008.5,30.4,24.4,28.2,88,98,81,WNW,22,WNW,45,63.5,,8
5/12/1998,1008.8,30.0,25.8,27.6,87,93,82,WNW,15,WNW,40,14.7,,8
5/13/1998,1007.9,29.8,24.6,27.7,89,92,84,NW,14,W,50,44.9,,8
5/14/1998,1008.2,31.6,25.0,27.7,79,86,73,WNW,23,WNW,44,8.5,,8
5/15/1998,1008.8,30.4,24.4,27.9,84,90,78,WNW,16,NW,30,19.0,,8
5/16/1998,1008.7,32.8,27.0,30.9,79,86,76,WNW,16,WNW,35,0.7,,6
5/17/1998,1010.7,32.0,24.8,29.2,82,95,75,W,15,WNW,25,11.4,,5
5/18/1998,1010.9,32.4,25.5,30.7,79,87,75,W,13,NW,28,25.6,,4
5/19/1998,1010.9,31.6,26.6,29.0,85,97,79,W,11,WNW,28,4.5,,7
5/20/1998,1010.1,32.7,27.1,31.2,79,85,75,WNW,13,WNW,28,0.1,,4
5/21/1998,1010.5,32.8,25.4,29.8,80,85,75,WNW,7,NNW,29,9.1,,5
5/22/1998,1011.3,32.6,25.6,29.5,83,95,76,NW,13,NW,30,6.6,,5
5/23/1998,1011.0,32.5,28.2,31.2,76,79,73,WNW,12,W,21,0.0,,2
5/24/1998,1011.4,32.8,25.6,31.1,77,79,75,WNW,11,WNW,20,18.6,,4
5/25/1998,1011.4,30.7,25.7,28.3,86,90,83,SW,10,W,30,9.4,,7
5/26/1998,1011.9,30.0,24.5,27.4,87,95,78,SW,11,SW,28,41.4,,7
5/27/1998,1012.9,31.7,25.1,30.0,76,82,71,SW,9,SSW,17,4.8,,4
5/28/1998,1012.9,31.6,27.5,30.1,78,85,74,WSW,6,W,22,0.0,,3
5/29/1998,1011.3,32.6,28.0,30.8,75,83,71,WNW,8,W,20,0.0,,4
5/30/1998,1009.7,32.5,26.3,30.6,76,90,68,WNW,11,NNW,35,8.7,,3
5/31/1998,1010.8,32.6,25.1,30.9,74,79,70,WNW,12,NNW,36,17.4,,4
6/1/1998,1012.1,30.6,25.4,27.8,87,92,82,W,16,W,38,12.6,,8
6/2/1998,1010.5,32.0,27.0,30.5,76,78,72,SW,13,W,24,2.9,,5
6/3/1998,1010.5,32.0,28.0,30.2,76,78,73,SW,11,W,20,0.0,,6
6/4/1998,1010.8,31.9,28.1,30.8,76,79,72,WSW,10,W,17,0.0,,2
6/5/1998,1010.5,32.3,28.1,30.8,74,78,72,WSW,8,WSW,18,0.0,,2
6/6/1998,1009.6,32.2,26.8,30.4,75,85,69,SW,8,SSW,20,0.1,,2
6/7/1998,1010.4,32.4,24.0,30.4,76,83,71,VRB,4,WNW,19,29.4,,5
6/8/1998,1010.9,31.7,27.6,30.0,77,87,72,SW,8,SW,18,0.0,,3
6/9/1998,1011.8,32.4,24.5,30.9,76,80,74,VRB,4,W,10,0.0,,3
6/10/1998,1012.4,32.5,26.2,30.9,76,95,69,VRB,4,W,13,0.0,,2
6/11/1998,1012.1,32.3,28.0,30.7,73,79,70,W,7,W,14,0.0,,4
6/12/1998,1011.8,32.7,28.3,30.5,70,75,66,W,8,W,20,0.0,,7
6/13/1998,1010.2,32.4,23.4,30.7,74,78,71,NW,10,N,34,33.1,,6
6/14/1998,1010.7,32.0,26.8,29.6,77,85,67,W,9,WSW,25,2.9,,7
6/15/1998,1011.4,30.4,24.5,28.9,82,86,77,WSW,11,NNW,28,18.1,,7
6/16/1998,1011.4,30.4,25.2,28.2,82,95,77,VRB,4,N,29,1.3,,8
6/17/1998,1010.5,31.6,27.8,30.0,77,84,73,VRB,5,WSW,9,0.0,,6
6/18/1998,1009.9,31.8,27.3,30.4,73,78,71,SW,7,SW,16,1.0,,3
6/19/1998,1011.3,31.8,24.0,30.1,73,80,67,SSW,7,SSW,15,0.0,,2
6/20/1998,1011.7,31.9,23.8,29.3,75,91,68,VRB,3,S,10,11.2,,2
6/21/1998,1011.4,31.9,27.5,29.1,77,92,70,SW,5,SW,17,0.0,,3
6/22/1998,1010.8,31.4,26.6,30.0,74,78,71,SW,9,WSW,20,1.0,,3
6/23/1998,1010.0,31.3,27.3,30.0,70,75,65,SSW,13,SSW,20,0.0,,6
6/24/1998,1009.7,31.4,27.3,30.1,69,73,65,S,11,S,18,0.0,,1
6/25/1998,1009.6,31.3,27.6,29.8,70,73,69,SSW,8,SSW,18,0.0,,4
6/26/1998,1008.9,30.9,27.6,29.7,74,77,71,SSW,9,S,20,0.0,,6
6/27/1998,1008.8,31.6,24.8,29.3,77,92,68,S,9,SW,26,19.9,,5
6/28/1998,1009.9,30.5,27.4,29.2,73,79,68,SSW,8,SSW,17,0.0,,7
6/29/1998,1009.1,31.6,26.4,30.1,72,79,68,SSE,7,SSE,16,0.0,,5
6/30/1998,1008.1,32.5,25.4,30.8,74,85,69,VRB,2,W,18,2.4,,6
7/1/1998,1008.7,31.4,25.5,28.1,84,95,78,W,8,W,20,13.2,,7
7/2/1998,1008.9,30.1,25.0,28.7,83,95,78,SSW,8,NW,18,6.2,,7
7/3/1998,1009.4,31.4,25.7,29.8,75,78,73,SW,8,SW,14,0.0,,7
7/4/1998,1010.7,31.4,24.0,29.4,75,84,71,CALM,0,SW,8,0.0,,7
7/5/1998,1012.1,32.1,24.0,30.1,76,95,66,VRB,3,CALM,8,0.0,,2
7/6/1998,1011.9,32.0,23.1,29.7,75,93,68,VRB,2,CALM,7,0.0,,1
7/7/1998,1011.6,32.2,23.6,29.2,77,96,67,CALM,0,CALM,6,0.0,,3
7/8/1998,1010.0,32.3,24.5,29.4,74,95,66,CALM,0,CALM,6,0.0,,2
7/9/1998,1010.2,31.4,24.7,29.5,77,80,72,NNW,8,NNE,21,4.6,,5
7/10/1998,1010.9,31.2,24.8,27.8,84,91,77,WNW,8,WNW,32,1.4,,5
7/11/1998,1009.8,31.6,25.5,29.4,79,93,73,NNW,9,W,16,6.9,,2
7/12/1998,1010.5,30.8,24.0,27.3,86,98,81,NW,14,N,55,9.1,,6
7/13/1998,1010.5,31.0,23.4,29.8,79,81,76,VRB,6,N,45,33.3,,8
7/14/1998,1011.2,31.3,25.2,29.6,80,85,75,NNW,10,NNW,19,1.0,,8
7/15/1998,1011.8,31.0,25.3,28.5,78,82,74,VRB,7,NNW,27,3.2,,8
7/16/1998,1011.1,29.5,23.3,26.7,87,92,82,VRB,7,ENE,30,35.0,,8
7/17/1998,1010.1,30.6,22.3,27.1,83,85,81,NW,15,NNW,35,21.8,,8
7/18/1998,1011.3,30.7,22.7,28.7,80,92,73,WNW,7,W,25,10.9,,7
7/19/1998,1011.9,30.5,22.6,28.1,80,85,74,VRB,4,NW,25,0.0,,6
7/20/1998,1010.8,31.0,23.5,28.5,77,95,70,VRB,4,W,10,6.6,,2
7/21/1998,1010.4,31.1,25.5,28.9,76,90,69,VRB,3,SW,10,0.0,,1
7/22/1998,1010.5,31.6,26.6,29.5,74,81,68,W,5,SW,16,0.0,,2
7/23/1998,1010.7,31.7,23.0,29.7,74,74,71,W,9,N,38,7.8,,6
7/24/1998,1010.4,31.0,26.4,29.0,77,87,69,W,7,SW,16,0.0,,7
7/25/1998,1010.3,31.7,25.3,29.7,75,84,70,WNW,7,NW,21,0.3,,7
7/26/1998,1010.7,31.4,26.4,29.8,75,79,71,WNW,9,WNW,16,0.0,,2
7/27/1998,1010.8,31.7,23.6,29.5,77,84,74,WNW,8,SW,16,1.2,,5
7/28/1998,1010.3,31.6,25.5,29.2,80,95,74,VRB,3,CALM,8,0.0,,5
7/29/1998,1009.8,31.7,26.5,30.2,77,82,72,NW,7,NW,14,0.0,,3
7/30/1998,1009.8,31.4,25.5,29.8,76,84,72,VRB,5,ENE,15,0.4,,3
7/31/1998,1009.5,31.6,24.5,29.6,78,83,74,VRB,5,N,18,8.2,,6
8/1/1998,1009.8,31.4,27.2,28.4,83,100,77,VRB,6,NE,40,48.9,,7
8/2/1998,1010.0,31.3,23.7,29.2,78,87,69,VRB,3,NE,10,4.4,,7
8/3/1998,1012.7,30.6,23.3,28.2,80,95,74,NW,12,NW,30,6.6,,8
8/4/1998,1012.6,31.3,22.5,28.1,81,91,73,CALM,0,NW,36,28.7,,8
8/5/1998,1012.1,30.2,23.8,27.9,79,88,73,NNW,9,NW,20,3.8,,6
8/6/1998,1011.5,31.0,24.3,29.4,81,95,73,NNW,12,N,35,1.1,,7
8/7/1998,1012.0,29.6,25.7,27.4,79,82,75,NW,12,N,30,0.0,,7
8/8/1998,1011.3,31.4,26.0,29.5,75,80,72,VRB,6,WNW,12,0.0,,3
8/9/1998,1010.4,31.3,24.0,29.4,75,81,70,VRB,6,WNW,12,10.0,,3
8/10/1998,1010.7,31.4,26.0,28.3,80,87,75,VRB,7,NW,15,0.1,,7
8/11/1998,1011.4,30.4,23.0,28.9,78,84,74,SSW,8,SW,18,0.0,,5
8/12/1998,1010.1,31.5,24.0,28.9,79,96,72,VRB,4,WNW,10,6.6,,1
8/13/1998,1009.5,30.7,25.2,27.7,80,89,68,NW,12,NNW,28,1.0,,6
8/14/1998,1009.4,31.4,26.7,29.5,76,82,72,N,12,NNW,26,1.6,,2
8/15/1998,1010.6,31.3,22.9,29.8,72,79,70,NNE,8,NNE,18,0.0,,1
8/16/1998,1011.9,31.5,23.1,28.8,76,96,71,VRB,3,NW,12,0.0,,2
8/17/1998,1011.2,31.8,26.1,29.0,75,95,66,CALM,0,SSW,14,0.0,,3
8/18/1998,1010.3,31.3,25.3,27.3,73,79,70,SW,8,SW,18,4.4,,4
8/19/1998,1011.0,30.7,25.4,28.4,79,87,74,SW,7,SW,24,0.0,,7
8/20/1998,1010.0,30.3,24.9,28.7,75,80,74,SW,9,WSW,22,0.0,,4
8/21/1998,1010.3,30.6,25.0,28.3,79,84,75,WSW,11,WNW,26,0.2,,5
8/22/1998,1009.2,31.1,23.0,27.7,82,93,73,WSW,10,N,24,4.2,,7
8/23/1998,1009.3,30.6,24.0,27.6,81,92,72,NW,12,NW,25,5.2,,6
8/24/1998,1010.3,30.9,23.9,28.4,81,86,78,VRB,4,NW,18,6.7,,6
8/25/1998,1010.0,31.6,25.0,29.5,78,84,74,WNW,9,NW,20,0.0,,6
8/26/1998,1011.4,31.7,22.9,29.8,74,80,69,NW,7,NW,15,0.0,,3
8/27/1998,1012.2,31.0,25.6,28.8,79,95,72,VRB,4,SSE,15,0.0,,2
8/28/1998,1013.3,31.5,26.6,29.4,75,87,69,SSE,6,S,16,0.0,,2
8/29/1998,1013.0,31.7,22.5,29.8,76,83,72,VRB,3,SE,9,0.0,,1
8/30/1998,1012.5,31.4,26.4,28.8,78,95,70,SW,5,S,17,0.0,,2
8/31/1998,1012.1,31.3,26.0,29.7,75,87,70,SSW,11,SW,19,0.1,,2
9/1/1998,1012.2,31.2,25.6,29.6,73,84,69,SSW,10,SW,20,0.7,,4
9/2/1998,1012.6,31.2,23.6,29.2,77,84,72,SSW,8,W,25,2.5,,4
9/3/1998,1012.3,30.7,26.0,28.9,78,86,72,SSW,11,SW,20,0.0,,5
9/4/1998,1013.0,31.0,26.0,29.1,74,78,69,SW,12,SW,21,0.0,,5
9/5/1998,1011.7,30.9,24.6,29.3,70,77,68,SSW,11,SSW,19,0.0,,2
9/6/1998,1012.0,31.0,25.0,29.2,75,84,71,VRB,5,W,12,0.0,,4
9/7/1998,1011.4,31.0,26.3,29.4,73,80,68,SW,8,SW,15,0.0,,2
9/8/1998,1012.6,31.4,25.8,29.4,74,78,70,SW,10,SW,19,0.0,,2
9/9/1998,1013.2,31.0,26.0,29.6,72,80,68,WSW,7,W,15,0.0,,2
9/10/1998,1011.7,31.5,25.2,29.4,75,83,67,WNW,6,WSW,18,0.0,,3
9/11/1998,1010.9,30.8,26.3,29.1,77,81,71,WSW,7,NW,17,0.0,,5
9/12/1998,1011.5,31.6,26.3,29.4,77,86,70,SW,7,SW,17,0.0,,5
9/13/1998,1011.9,31.2,26.1,29.3,77,85,70,WSW,8,WSW,19,0.2,,5
9/14/1998,1011.8,31.1,26.4,29.2,78,86,74,WSW,8,WSW,20,0.0,,6
9/15/1998,1010.5,31.5,25.9,29.7,76,86,72,W,9,W,23,0.0,,4
9/16/1998,1010.5,31.1,25.6,29.7,77,84,72,WSW,11,WSW,20,0.0,,6
9/17/1998,1010.4,31.1,24.2,29.5,77,86,73,SW,9,WSW,25,4.0,,6
9/18/1998,1010.9,30.6,23.4,28.9,80,90,74,SW,8,NW,29,3.5,,6
9/19/1998,1011.0,30.5,22.3,27.8,83,92,73,W,9,NW,31,20.6,,7
9/20/1998,1011.7,28.6,24.4,26.8,82,90,71,WSW,9,NW,27,2.4,,8
9/21/1998,1011.1,31.6,24.9,29.2,78,84,74,SW,8,SW,20,0.0,,6
9/22/1998,1011.8,30.7,24.2,29.2,73,78,71,W,9,W,21,2.1,,7
9/23/1998,1012.5,30.9,24.4,28.9,77,90,69,WNW,10,WNW,30,0.0,,7
9/24/1998,1012.0,30.6,26.1,29.2,76,82,73,W,9,WNW,20,0.0,,8
9/25/1998,1012.1,31.0,24.5,29.5,75,83,70,WNW,10,W,19,1.9,,4
9/26/1998,1011.6,31.0,22.9,29.4,73,80,69,W,10,WNW,29,18.4,,4
9/27/1998,1009.9,31.0,26.0,29.4,77,87,73,W,11,W,26,1.0,,6
9/28/1998,1009.9,31.0,26.4,29.7,74,76,70,W,13,W,26,0.1,,6
9/29/1998,1009.9,31.4,22.0,29.4,76,83,71,W,11,NW,30,8.1,,3
9/30/1998,1010.3,31.5,26.2,29.4,80,89,71,WNW,8,W,17,0.0,,6
10/1/1998,1010.6,31.2,26.5,29.6,79,86,73,NW,8,NW,15,2.4,,5
10/2/1998,1011.7,31.2,23.5,29.2,79,89,74,VRB,5,SE,15,0.2,,6
10/3/1998,1011.6,31.5,24.5,28.6,81,95,74,VRB,4,W,16,0.4,,4
10/4/1998,1012.3,30.8,24.0,28.0,82,86,79,SSW,6,NW,20,1.8,,7
10/5/1998,1011.1,31.0,26.2,29.3,72,83,64,SSW,10,SSW,19,0.0,,6
10/6/1998,1010.4,30.8,26.0,29.2,71,74,66,SSW,11,SSW,20,0.0,,6
10/7/1998,1010.2,31.3,26.0,29.4,74,77,71,SW,10,SW,18,0.0,,3
10/8/1998,1010.8,30.8,26.1,29.1,73,78,68,SW,8,SW,18,0.0,,4
10/9/1998,1010.5,31.0,24.2,29.0,73,77,68,SSW,9,S,20,2.4,,6
10/10/1998,1010.3,31.1,26.5,28.9,76,86,67,SSW,9,W,18,0.0,,4
10/11/1998,1010.7,31.0,25.0,29.7,66,69,64,SW,10,SW,18,0.0,,3
10/12/1998,1010.5,31.0,23.0,29.5,69,71,67,SW,7,SW,16,0.0,,2
10/13/1998,1011.2,31.3,22.4,28.8,77,95,68,VRB,4,S,15,0.2,,3
10/14/1998,1011.4,30.8,23.0,28.9,76,90,70,VRB,5,WSW,12,7.7,,5
10/15/1998,1011.2,31.0,24.6,28.1,79,90,70,VRB,4,WNW,15,0.0,,6
10/16/1998,1012.1,31.4,26.4,29.5,75,87,70,SSE,7,SSE,13,0.0,,4
10/17/1998,1014.1,31.1,21.3,29.7,71,77,68,VRB,5,SE,10,0.0,,2
10/18/1998,1014.0,31.0,26.4,28.5,75,96,69,VRB,3,NNW,17,0.0,,2
10/19/1998,1012.1,31.6,24.0,30.1,69,73,68,NNW,12,NW,20,2.8,,2
10/20/1998,1011.8,30.5,24.2,27.6,83,92,78,NW,13,NW,30,2.5,,7
10/21/1998,1011.3,30.3,23.0,28.3,82,87,78,NW,15,NW,40,38.7,,7
10/22/1998,1012.1,28.5,22.4,25.4,91,92,87,NW,18,NW,35,36.6,,8
10/23/1998,1011.4,30.7,22.6,28.4,79,87,73,WNW,10,W,22,25.4,,8
10/24/1998,1012.5,28.4,23.6,26.1,86,93,76,WNW,7,NW,21,4.3,,8
10/25/1998,1014.1,29.0,23.0,26.4,84,88,80,WNW,8,NW,22,7.0,,7
10/26/1998,1012.9,30.0,22.6,28.1,81,86,76,NW,10,WNW,27,35.4,,7
10/27/1998,1012.9,29.6,22.8,26.6,85,91,76,NW,11,NW,20,1.3,,8
10/28/1998,1013.2,30.4,23.0,28.1,81,93,75,WNW,10,WNW,35,51.8,,5
10/29/1998,1013.3,29.0,23.2,26.3,86,91,81,WNW,10,WSW,35,13.6,,8
10/30/1998,1012.0,30.4,23.4,27.6,80,84,77,WSW,13,W,30,3.7,,7
10/31/1998,1011.6,30.7,22.5,27.9,80,83,77,WSW,12,WNW,33,13.4,,8
11/1/1998,1012.7,28.3,22.0,26.2,88,93,81,WNW,11,WNW,35,9.1,,8
11/2/1998,1012.9,30.0,25.6,27.8,78,95,68,W,13,W,29,0.0,,7
11/3/1998,1012.1,31.0,25.0,29.5,69,74,67,W,12,W,25,1.1,,3
11/4/1998,1011.6,30.8,26.4,29.2,73,77,69,W,12,WNW,27,0.0,,2
11/5/1998,1010.7,30.5,25.0,28.5,76,79,74,NW,13,NW,30,0.0,,4
11/6/1998,1010.1,30.6,25.2,29.4,76,82,71,NW,14,NW,28,0.9,,2
11/7/1998,1010.2,30.9,25.0,29.4,76,84,72,WNW,13,W,28,0.0,,3
11/8/1998,1010.9,30.7,25.4,28.9,77,79,73,WSW,13,WSW,29,0.5,,3
11/9/1998,1011.8,28.8,22.5,26.8,83,89,79,W,12,W,31,25.4,,5
11/10/1998,1011.7,30.2,24.6,27.9,81,83,77,W,9,W,31,0.5,,7
11/11/1998,1011.4,30.6,24.5,27.9,83,90,73,NW,9,NW,25,1.9,,6
11/12/1998,1011.6,30.6,23.2,28.5,83,86,81,W,10,NNW,20,40.8,,7
11/13/1998,1012.1,27.6,22.5,24.9,94,98,87,WNW,15,SW,32,47.5,,8
11/14/1998,1011.2,30.1,24.4,28.4,77,80,72,WNW,12,WNW,29,0.0,,7
11/15/1998,1011.1,30.4,24.0,29.1,69,75,66,WNW,13,WNW,20,1.2,,3
11/16/1998,1011.6,29.9,24.6,28.0,80,88,78,WSW,9,WSW,23,3.0,,5
11/17/1998,1010.7,30.3,24.0,28.2,81,92,74,VRB,5,NW,19,1.7,,3
11/18/1998,1011.1,31.5,25.4,28.7,79,92,74,VRB,6,NNW,18,0.2,,6
11/19/1998,1011.8,30.4,25.5,28.7,75,84,69,NNW,13,NNW,23,0.0,,2
11/20/1998,1011.7,30.7,24.6,29.3,73,77,71,NW,12,WNW,29,0.9,,1
11/21/1998,1011.5,30.5,25.9,29.2,74,77,71,NW,11,NW,19,0.0,,1
11/22/1998,1010.6,30.6,25.4,29.1,75,80,71,NNW,10,NW,16,0.0,,2
11/23/1998,1011.2,31.0,23.8,29.3,74,81,69,NNW,8,NNW,16,0.0,,4
11/24/1998,1011.9,31.0,23.2,29.3,74,84,61,VRB,4,N,10,0.7,,2
11/25/1998,1012.5,31.1,25.2,29.2,75,87,67,NW,7,NNW,18,0.0,,4
11/26/1998,1012.1,30.8,25.2,29.0,72,82,67,N,8,N,13,0.0,,3
11/27/1998,1011.9,30.6,22.5,28.9,72,79,67,N,6,N,12,0.0,,4
11/28/1998,1011.0,30.6,22.6,28.5,75,93,69,VRB,2,N,10,0.0,,2
11/29/1998,1011.9,30.9,21.5,28.7,75,85,71,VRB,4,NNE,12,0.0,,2
11/30/1998,1013.3,31.2,23.0,28.4,73,96,63,VRB,3,SW,10,0.0,,4
12/1/1998,1013.7,31.4,23.4,28.8,73,81,68,VRB,4,WSW,14,0.6,,3
12/2/1998,1012.4,30.8,21.4,28.8,74,81,68,VRB,4,SE,10,0.0,,2
12/3/1998,1012.3,31.4,23.5,28.6,75,96,68,CALM,0,NW,10,4.4,,2
12/4/1998,1012.8,31.1,25.7,28.9,75,90,68,VRB,5,NW,14,0.0,,3
12/5/1998,1012.5,31.1,26.0,29.2,75,90,68,W,7,WSW,16,0.0,,3
12/6/1998,1012.2,31.6,23.8,29.2,78,86,72,NW,9,NW,25,8.3,,4
12/7/1998,1011.8,30.6,24.0,28.4,80,87,71,VRB,4,WSW,28,3.8,,5
12/8/1998,1011.2,29.4,22.6,26.5,84,92,76,WSW,15,W,35,44.0,,7
12/9/1998,1011.3,29.0,22.8,26.6,84,95,78,WSW,12,W,39,6.2,,7
12/10/1998,1012.0,30.0,23.0,27.2,84,92,72,SW,9,WSW,29,13.2,,7
12/11/1998,1011.3,30.0,22.7,28.0,80,92,74,WSW,11,WNW,30,19.3,,7
12/12/1998,1011.4,29.5,24.0,27.3,83,90,74,SW,13,WSW,30,5.2,,7
12/13/1998,1011.8,30.6,22.4,29.0,75,81,70,SSW,7,SW,18,0.0,,5
12/14/1998,1012.0,30.8,23.0,28.6,75,84,69,VRB,3,SE,9,1.8,,3
12/15/1998,1012.3,29.7,24.7,28.0,81,93,76,N,5,NW,12,0.0,,2
12/16/1998,1013.0,30.1,25.4,28.3,74,85,69,N,6,NW,15,0.0,,2
12/17/1998,1013.2,30.4,25.6,28.6,75,80,71,NW,7,NW,17,0.0,,3
12/18/1998,1013.0,30.6,22.8,28.9,74,80,70,W,9,W,28,24.5,,3
12/19/1998,1012.0,30.0,24.4,28.1,81,88,75,SW,9,W,20,0.4,,4
12/20/1998,1011.1,29.8,22.6,28.1,79,81,77,NW,11,W,26,1.9,,3
12/21/1998,1010.8,29.9,22.5,28.4,77,86,74,NW,11,W,26,0.0,,2
12/22/1998,1011.4,30.0,25.9,28.4,77,82,74,NW,8,NW,14,0.0,,1
12/23/1998,1011.5,29.9,21.6,28.2,73,82,67,NNW,9,NNW,16,0.0,,1
12/24/1998,1012.5,29.8,19.6,27.4,75,96,67,VRB,3,NNW,14,0.0,,2
12/25/1998,1013.0,29.8,23.8,27.3,73,91,66,VRB,2,SW,6,5.0,,1
12/26/1998,1012.1,30.2,24.0,28.4,76,92,68,VRB,3,NW,7,9.0,,3
12/27/1998,1012.2,30.6,24.9,28.5,74,84,66,VRB,3,NE,10,0.0,,7
12/28/1998,1013.2,30.0,22.3,28.4,74,78,71,VRB,5,N,8,0.0,,4
12/29/1998,1012.6,30.0,24.0,28.5,74,82,66,NW,8,NNW,14,2.9,,4
12/30/1998,1011.8,30.2,25.1,28.6,78,88,73,NNW,8,NNW,12,0.0,,4
12/31/1998,1011.3,30.0,24.4,28.5,77,84,73,VRB,6,N,11,0.0,,4
1/1/1999,1012.0,30.5,26.2,28.5,77,87,73,NNW,5,NW,12,0.0,,5
1/2/1999,1011.1,29.7,24.8,28.3,81,84,79,NNW,9,N,19,8.9,,7
1/3/1999,1010.2,30.6,24.8,28.6,79,86,74,NNW,11,NNW,15,2.4,,6
1/4/1999,1009.4,30.3,22.8,28.0,82,96,75,VRB,3,N,8,0.3,,6
1/5/1999,1009.3,30.0,24.8,27.2,84,96,72,VRB,2,NE,6,0.0,,5
1/6/1999,1009.5,30.6,25.4,28.2,80,83,72,CALM,0,NE,10,6.7,,6
1/7/1999,1009.4,29.0,22.8,26.6,86,95,79,NNE,7,WSW,15,16.0,,7
1/8/1999,1010.2,30.0,22.7,27.8,81,93,75,CALM,0,CALM,5,1.3,,7
1/9/1999,1009.6,29.5,22.6,27.2,85,95,75,CALM,0,W,8,0.8,,6
1/10/1999,1010.9,30.8,26.0,28.0,80,91,73,VRB,3,NNE,10,0.0,,3
1/11/1999,1010.8,30.4,23.6,28.1,81,85,74,VRB,6,NNE,18,0.0,,5
1/12/1999,1011.0,30.3,22.3,26.9,81,88,77,NNE,6,NNE,12,39.3,,7
1/13/1999,1010.8,29.8,22.3,26.8,85,93,77,N,6,N,16,60.0,,7
1/14/1999,1011.0,27.5,22.9,25.5,89,92,84,VRB,4,N,15,7.4,,7
1/15/1999,1011.7,27.6,22.6,26.0,88,90,84,VRB,4,N,9,11.9,,8
1/16/1999,1012.5,30.0,25.4,28.1,82,93,76,VRB,4,N,10,0.4,,5
1/17/1999,1011.6,31.0,25.8,29.0,77,83,71,E,6,E,10,0.0,,7
1/18/1999,1010.9,30.1,23.2,28.2,80,82,78,E,9,NE,14,29.9,,7
1/19/1999,1010.1,29.9,23.0,27.3,84,95,78,VRB,4,NNE,20,8.2,,7
1/20/1999,1011.3,28.6,23.4,25.6,91,96,84,VRB,4,NNE,10,15.4,,7
1/21/1999,1012.6,26.4,22.3,24.8,91,95,88,VRB,6,N,22,46.5,,7
1/22/1999,1011.1,29.8,24.4,27.9,79,84,74,N,11,NNE,15,0.2,,6
1/23/1999,1010.6,29.8,25.0,28.4,76,78,74,N,9,NW,12,0.0,,8
1/24/1999,1011.9,29.9,23.4,28.3,74,78,71,N,8,N,12,0.0,,8
1/25/1999,1012.0,30.2,25.9,28.4,78,87,74,N,6,N,10,0.0,,7
1/26/1999,1010.9,30.4,25.8,28.9,72,78,65,N,7,NNE,11,0.0,,4
1/27/1999,1010.0,30.4,25.8,28.7,71,75,65,NNE,8,NNE,12,0.0,,2
1/28/1999,1010.4,30.0,25.6,28.8,69,77,64,NNE,9,NNE,14,0.0,,1
1/29/1999,1011.2,30.5,25.5,28.8,69,77,64,NNE,7,NNE,10,0.0,,3
1/30/1999,1010.6,30.5,23.6,28.9,69,74,65,NNE,7,N,12,0.0,,2
1/31/1999,1009.8,30.0,22.4,28.1,75,77,74,N,7,N,15,56.8,,5
2/1/1999,1010.5,30.4,25.4,27.7,76,95,65,N,6,NW,12,0.0,,7
2/2/1999,1010.6,30.1,23.6,28.8,71,77,67,N,8,NNE,15,0.0,,3
2/3/1999,1011.6,31.0,23.5,28.7,75,88,65,VRB,3,E,8,0.0,,1
2/4/1999,1011.7,31.5,23.0,29.3,73,88,66,VRB,4,SE,7,2.5,,3
2/5/1999,1012.8,31.1,24.8,29.3,75,84,70,SSE,6,SE,10,0.5,,2
2/6/1999,1013.3,31.0,23.8,29.2,76,84,69,VRB,3,SE,8,0.2,,3
2/7/1999,1013.3,30.8,24.1,29.1,76,87,70,VRB,5,N,20,1.5,,4
2/8/1999,1012.4,30.8,25.2,26.6,78,87,72,NNW,8,N,20,0.2,,4
2/9/1999,1011.6,30.8,26.4,29.1,77,87,73,NNW,9,NNW,18,1.4,,2
2/10/1999,1011.0,29.5,25.6,28.4,79,86,74,VRB,4,NNW,16,0.0,,6
2/11/1999,1011.4,30.7,26.2,29.2,74,80,67,NNE,8,NE,15,0.0,,7
2/12/1999,1013.4,31.5,26.5,29.5,75,84,70,VRB,4,NE,16,0.0,,2
2/13/1999,1013.1,30.2,26.4,29.2,74,77,71,NE,7,NE,18,0.0,,2
2/14/1999,1011.3,31.6,26.6,29.5,75,83,72,NNE,6,NE,18,0.0,,2
2/15/1999,1011.4,31.6,25.6,30.0,74,80,72,NNE,6,NNE,17,0.0,,4
2/16/1999,1012.9,32.0,25.1,30.0,76,86,71,VRB,2,NE,15,0.4,,2
2/17/1999,1012.7,31.6,25.2,29.6,76,84,70,VRB,3,NE,18,0.3,,6
2/18/1999,1012.3,31.3,25.0,29.8,74,82,69,NNE,6,NE,17,0.0,,3
2/19/1999,1011.8,31.4,22.6,29.4,75,81,69,VRB,4,NW,22,3.5,,3
2/20/1999,1010.6,30.8,25.7,29.1,75,83,70,VRB,4,N,14,0.0,,3
2/21/1999,1010.4,31.2,22.7,29.5,76,83,71,N,6,N,16,0.0,,2
2/22/1999,1012.0,31.0,22.8,27.0,81,95,71,CALM,0,N,8,0.0,,1
2/23/1999,1012.3,31.9,24.0,28.4,77,90,72,CALM,0,SW,18,9.5,,3
2/24/1999,1011.6,31.7,24.1,29.6,75,83,72,VRB,3,NE,16,0.0,,3
2/25/1999,1011.2,31.0,23.2,27.5,85,95,73,CALM,0,SE,17,34.7,,5
2/26/1999,1011.2,30.0,24.3,28.1,82,95,72,VRB,5,NNW,15,0.0,,5
2/27/1999,1010.5,30.8,22.8,28.9,77,86,71,VRB,5,N,12,0.0,,4
2/28/1999,1010.3,31.0,24.8,27.8,80,89,74,VRB,3,NNW,17,0.0,,6
3/1/1999,1011.2,30.0,21.5,25.2,88,93,82,CALM,0,NNW,25,19.6,,7
3/2/1999,1009.3,31.0,26.3,28.3,77,95,65,CALM,0,NW,10,0.0,,4
3/3/1999,1008.9,31.4,25.0,29.4,76,81,72,VRB,3,NE,12,0.0,,7
3/4/1999,1008.7,31.6,26.4,29.9,73,81,67,VRB,3,E,15,0.0,,5
3/5/1999,1008.2,31.5,23.8,29.7,74,83,68,VRB,2,NE,11,0.0,,5
3/6/1999,1007.2,31.5,23.2,29.1,80,93,73,CALM,0,NNW,23,6.0,,3
3/7/1999,1007.3,31.1,26.8,29.6,75,93,69,VRB,5,NNE,13,0.0,,3
3/8/1999,1007.2,31.7,23.1,29.7,75,92,68,VRB,4,E,10,0.0,,2
3/9/1999,1007.8,31.0,22.0,29.4,66,75,62,VRB,5,NNE,13,0.0,,1
3/10/1999,1008.6,31.0,23.4,28.5,72,85,68,VRB,3,N,13,0.0,,1
3/11/1999,1008.5,31.4,26.5,29.4,71,78,66,VRB,5,W,16,0.0,,2
3/12/1999,1008.6,32.0,25.3,29.2,71,80,66,W,7,W,19,1.6,,3
3/13/1999,1008.4,31.6,26.6,29.9,75,82,71,NW,9,NW,18,0.0,,5
3/14/1999,1008.2,31.5,26.8,29.8,74,78,70,NNW,10,NNW,19,0.0,,6
3/15/1999,1007.8,31.4,23.0,29.9,73,80,68,NNW,10,NNW,19,0.0,,5
3/16/1999,1007.3,31.8,25.8,29.1,77,91,71,VRB,3,NNW,10,0.0,,3
3/17/1999,1008.1,31.5,25.8,29.7,75,82,70,WNW,6,W,13,0.0,,5
3/18/1999,1009.0,31.5,22.1,29.6,72,78,67,NW,6,NW,13,0.0,,6
3/19/1999,1008.8,31.4,23.0,28.3,79,96,71,VRB,3,W,11,0.0,,7
3/20/1999,1008.8,31.6,24.1,29.2,75,85,69,VRB,4,NW,11,0.0,,7
3/21/1999,1008.2,31.8,26.2,29.6,77,93,68,VRB,5,WNW,20,0.0,,7
3/22/1999,1009.3,31.0,24.6,27.9,83,92,77,NW,9,NW,26,6.0,,2
3/23/1999,1009.8,31.8,27.4,30.1,74,78,70,NW,10,NNW,19,0.0,,6
3/24/1999,1010.7,31.5,26.4,29.9,75,78,74,NW,8,WNW,20,0.3,,7
3/25/1999,1010.6,31.6,25.5,30.2,74,79,72,NNW,7,NNW,14,0.0,,3
3/26/1999,1010.4,31.8,24.6,29.9,76,86,69,VRB,5,NNW,14,0.7,,2
3/27/1999,1010.4,31.8,25.6,30.0,74,84,66,NW,8,WSW,19,0.4,,5
3/28/1999,1010.4,31.2,25.8,28.6,80,86,71,VRB,3,WNW,21,0.7,,7
3/29/1999,1009.8,32.2,25.5,30.0,75,80,70,WNW,7,NE,22,0.9,,7
3/30/1999,1010.4,30.6,24.0,27.5,88,95,82,VRB,5,SSW,23,28.7,,8
3/31/1999,1010.1,30.5,23.7,28.0,84,92,78,VRB,5,WNW,23,28.6,,8
4/1/1999,1011.5,28.9,23.2,25.5,90,93,87,W,10,WSW,26,29.0,,8
4/2/1999,1010.0,30.6,23.2,27.9,83,96,75,NW,11,WNW,25,44.6,,5
4/3/1999,1011.1,28.6,24.5,27.2,81,87,73,W,10,WNW,30,3.0,,7
4/4/1999,1010.8,31.5,24.1,29.6,78,83,73,WSW,7,W,23,6.1,,4
4/5/1999,1011.0,31.5,25.6,29.4,79,92,70,SSW,7,W,18,0.0,,4
4/6/1999,1010.9,31.6,25.6,29.8,75,86,71,WSW,8,W,23,0.1,,3
4/7/1999,1010.4,31.1,22.5,28.7,80,89,73,WSW,10,WSW,33,35.7,,7
4/8/1999,1011.8,30.6,23.4,27.7,80,91,73,W,11,NW,30,3.7,,7
4/9/1999,1011.8,31.8,25.4,30.2,75,77,72,WNW,10,WNW,23,5.4,,6
4/10/1999,1011.3,31.6,26.0,29.9,75,79,72,WNW,8,W,23,5.6,,7
4/11/1999,1012.3,30.6,23.6,29.2,82,90,77,WSW,10,W,38,26.7,,7
4/12/1999,1012.5,31.8,26.4,30.0,73,80,68,W,11,WSW,28,0.0,,7
4/13/1999,1012.2,31.7,24.8,30.4,72,76,67,W,12,WNW,33,0.5,,7
4/14/1999,1011.8,31.8,24.5,29.5,73,83,67,WNW,12,WNW,24,2.5,,7
4/15/1999,1011.3,31.6,24.7,28.5,81,92,73,WNW,9,WNW,26,1.5,,7
4/16/1999,1011.1,31.2,23.2,29.0,78,80,75,W,9,W,32,20.6,,7
4/17/1999,1011.7,31.2,27.2,28.9,75,85,69,WSW,11,WSW,20,0.0,,8
4/18/1999,1010.7,31.4,27.4,30.1,71,75,67,WSW,10,W,19,0.0,,7
4/19/1999,1010.0,31.6,25.4,30.2,74,76,69,W,10,W,22,2.5,,5
4/20/1999,1010.7,31.5,26.9,29.9,76,81,72,W,11,W,20,0.1,,3
4/21/1999,1012.1,31.4,26.4,29.8,75,78,72,W,11,W,20,0.0,,5
4/22/1999,1012.0,31.5,26.6,30.0,74,76,72,W,10,WNW,18,0.0,,4
4/23/1999,1010.3,31.6,26.5,30.0,74,80,69,W,8,W,16,0.0,,3
4/24/1999,1009.4,31.5,24.8,29.7,74,80,69,SW,8,SSW,17,0.2,,3
4/25/1999,1010.2,31.4,23.6,29.6,76,86,68,VRB,5,SW,12,0.0,,4
4/26/1999,1010.1,31.7,21.9,29.0,77,92,68,CALM,0,SW,11,0.0,,4
4/27/1999,1010.5,31.6,23.0,29.0,74,95,66,VRB,3,W,10,0.0,,2
4/28/1999,1011.1,31.6,22.8,29.2,74,91,66,VRB,3,NW,11,0.0,,2
4/29/1999,1011.2,31.8,22.4,28.3,80,93,67,VRB,4,SSE,17,1.5,,4
4/30/1999,1011.0,31.6,22.6,28.9,77,95,67,VRB,2,SW,9,0.0,,4
5/1/1999,1011.2,31.8,25.6,28.9,76,93,66,VRB,2,NNW,11,0.0,,3
5/2/1999,1011.0,31.7,26.8,30.1,73,81,70,NW,8,NW,18,0.0,,5
5/3/1999,1009.8,32.0,24.8,30.5,68,73,63,WNW,8,NW,27,0.0,,4
5/4/1999,1010.2,31.4,23.8,28.1,79,88,73,W,13,NW,32,7.1,,7
5/5/1999,1011.2,30.2,25.4,28.0,78,85,73,WSW,14,WSW,36,0.0,,7
5/6/1999,1010.3,32.0,23.0,29.5,78,85,72,WSW,9,SW,26,18.7,,7
5/7/1999,1010.4,30.6,23.0,26.2,87,93,78,SW,9,SW,27,9.0,,7
5/8/1999,1010.3,31.0,24.6,28.7,79,81,76,SW,7,SW,23,0.3,,6
5/9/1999,1011.5,31.1,22.0,28.6,78,88,74,W,8,NW,28,32.1,,7
5/10/1999,1010.9,31.0,25.6,28.9,75,80,72,W,10,NW,24,5.7,,7
5/11/1999,1010.1,31.5,26.4,30.0,73,77,71,SW,8,SW,13,0.0,,3
5/12/1999,1010.3,31.5,25.9,29.8,72,79,71,W,7,W,13,0.0,,7
5/13/1999,1009.3,31.2,25.0,28.8,77,84,71,VRB,5,W,20,10.2,,5
5/14/1999,1009.2,31.4,25.2,29.6,74,81,71,WSW,7,SW,22,0.0,,5
5/15/1999,1007.5,31.2,26.7,29.8,72,77,72,SW,9,SW,19,0.0,,3
5/16/1999,1007.9,31.2,23.2,28.5,79,90,73,SSW,9,SSW,22,43.7,,7
5/17/1999,1009.3,31.0,23.6,28.7,79,81,76,VRB,5,NW,20,0.7,,6
5/18/1999,1010.6,31.8,24.8,29.0,75,93,69,VRB,4,SE,13,3.6,,4
5/19/1999,1011.1,31.7,26.4,30.0,76,89,66,SSE,6,SSW,12,0.0,,5
5/20/1999,1011.0,32.4,25.8,30.0,74,82,69,S,7,SSW,14,0.0,,4
5/21/1999,1010.8,31.5,25.6,29.8,76,81,73,SSW,6,SSW,16,0.0,,3
5/22/1999,1010.3,31.0,26.5,29.3,74,81,71,SW,7,SW,13,0.0,,7
5/23/1999,1011.3,31.0,26.0,29.4,71,84,65,WSW,9,WSW,15,0.0,,5
5/24/1999,1011.2,30.9,26.4,29.3,68,71,65,SW,9,SW,15,0.0,,3
5/25/1999,1010.3,30.6,26.4,28.9,67,71,63,SW,9,SW,14,0.0,,6
5/26/1999,1010.2,30.8,26.0,29.3,71,72,70,SW,7,SW,12,0.0,,8
5/27/1999,1011.8,31.2,25.4,29.1,73,78,68,S,7,S,12,0.0,,7
5/28/1999,1012.3,31.1,24.5,29.5,73,80,69,SSW,6,S,15,1.0,,7
5/29/1999,1011.3,30.8,21.4,29.4,76,87,72,SSW,9,SSW,16,19.1,,7
5/30/1999,1011.9,30.6,23.2,26.8,81,96,73,VRB,3,SE,16,0.0,,7
5/31/1999,1012.2,30.4,25.2,29.1,71,76,67,SSW,7,SSW,11,0.0,,7
6/1/1999,1012.8,30.8,24.8,29.2,69,77,64,SSW,7,SSW,10,0.0,,6
6/2/1999,1013.6,30.4,25.8,29.0,74,78,70,VRB,5,SW,8,0.0,,7
6/3/1999,1012.6,31.2,26.5,29.3,74,83,68,SW,7,S,12,0.0,,6
6/4/1999,1012.3,31.0,26.0,29.3,73,77,69,SSW,7,SSW,11,0.0,,6
6/5/1999,1012.2,31.7,26.4,29.5,73,84,68,SSW,9,SSW,13,0.0,,3
6/6/1999,1011.9,31.4,26.6,29.5,73,84,69,S,9,S,12,0.0,,4
6/7/1999,1012.2,31.0,26.5,29.3,74,80,72,SSW,9,SSW,13,0.0,,7
6/8/1999,1012.2,30.1,22.6,28.1,79,82,76,SW,7,SW,12,57.7,,7
6/9/1999,1011.6,30.0,23.6,27.5,80,88,74,WSW,9,W,25,4.9,,7
6/10/1999,1011.4,30.8,26.4,29.2,73,78,68,SW,10,SW,17,0.0,,7
6/11/1999,1011.9,31.0,26.8,29.5,76,79,74,SW,10,SSW,17,0.0,,5
6/12/1999,1011.6,30.1,23.5,29.0,78,86,71,SSW,11,SSW,18,25.7,,6
6/13/1999,1012.0,28.6,24.2,26.6,83,92,76,SSW,6,SSW,22,4.8,,8
6/14/1999,1012.4,30.8,25.2,29.0,70,81,63,WSW,6,WSW,10,0.0,,6
6/15/1999,1012.5,30.4,21.6,28.9,71,82,71,SW,6,SW,11,0.0,,3
6/16/1999,1011.4,31.0,21.4,27.9,74,88,67,VRB,3,W,7,0.0,,4
6/17/1999,1010.6,30.4,21.3,27.8,74,93,66,VRB,4,SSW,7,0.0,,4
6/18/1999,1010.0,30.4,26.6,28.0,77,95,71,VRB,4,SSE,8,0.0,,4
6/19/1999,1009.6,30.8,26.8,29.5,78,80,77,SE,6,SSE,8,0.0,,4
6/20/1999,1009.7,31.2,23.8,29.8,77,82,73,VRB,5,ESE,8,13.4,,6
6/21/1999,1010.3,31.1,24.1,28.6,79,90,73,VRB,5,ENE,9,0.0,,5
6/22/1999,1011.3,31.0,23.5,29.4,77,86,74,VRB,6,N,10,5.0,,3
6/23/1999,1012.2,31.4,22.5,28.0,82,91,70,CALM,0,WNW,12,0.0,,5
6/24/1999,1012.1,31.5,23.0,28.5,80,95,74,CALM,0,CALM,6,0.0,,3
6/25/1999,1010.4,31.2,23.2,28.7,79,95,70,VRB,3,N,9,0.0,,6
6/26/1999,1010.3,30.7,22.2,29.1,71,85,65,VRB,5,NW,10,0.0,,3
6/27/1999,1011.4,30.5,25.2,27.8,81,90,75,SW,6,SW,14,1.3,,5
6/28/1999,1011.9,29.0,22.8,26.4,85,87,81,VRB,2,SW,12,11.1,,8
6/29/1999,1011.7,30.6,25.6,28.2,79,92,69,VRB,3,WSW,8,0.0,,7
6/30/1999,1012.5,30.8,25.6,29.0,73,80,69,W,7,SW,16,0.0,,8
7/1/1999,1012.1,31.0,25.7,29.1,73,77,67,WSW,9,WSW,15,0.0,,6
7/2/1999,1009.9,31.0,25.4,29.2,73,80,65,WSW,6,WSW,9,0.0,,3
7/3/1999,1010.4,30.9,24.2,29.1,75,83,69,WSW,6,WSW,15,8.1,,5
7/4/1999,1010.8,29.5,23.6,27.3,81,88,71,S,10,S,16,4.6,,7
7/5/1999,1010.3,30.6,23.6,28.9,72,80,69,S,9,S,14,0.0,,7
7/6/1999,1010.1,29.4,25.6,28.2,76,78,75,SSE,7,SSE,10,0.0,,8
7/7/1999,1010.1,30.6,22.6,27.9,78,80,71,S,10,NW,30,7.6,,6
7/8/1999,1010.2,30.4,25.2,28.4,79,84,72,VRB,5,SSW,12,2.5,,7
7/9/1999,1010.4,30.8,23.6,29.0,76,81,71,VRB,4,NW,12,12.1,,7
7/10/1999,1011.3,30.5,23.6,28.4,81,96,73,VRB,3,WNW,9,0.0,,6
7/11/1999,1011.2,31.8,24.2,28.9,74,91,68,VRB,2,N,8,0.0,,5
7/12/1999,1011.7,31.7,21.8,27.7,71,81,66,CALM,0,NW,11,14.2,,4
7/13/1999,1012.6,31.1,21.7,28.1,79,96,69,VRB,2,S,12,0.0,,6
7/14/1999,1011.8,31.2,21.8,28.0,78,96,69,VRB,2,SW,6,0.0,,5
7/15/1999,1011.6,30.7,21.6,28.1,74,95,65,VRB,2,SW,9,0.0,,5
7/16/1999,1010.2,30.6,24.6,28.0,77,95,70,SW,5,SW,11,0.0,,2
7/17/1999,1010.1,30.5,25.6,29.3,72,80,67,S,8,S,11,0.0,,3
7/18/1999,1010.1,31.0,24.5,29.4,73,80,69,S,10,S,14,0.0,,3
7/19/1999,1010.3,30.9,24.3,29.2,77,87,73,S,7,S,12,0.5,,2
7/20/1999,1011.0,31.2,22.6,29.0,77,92,71,S,5,S,10,0.0,,4
7/21/1999,1011.4,31.0,23.5,28.5,79,95,72,VRB,4,S,8,0.0,,5
7/22/1999,1011.2,31.0,25.6,29.0,78,93,72,VRB,4,SW,9,0.0,,4
7/23/1999,1011.1,30.6,24.4,28.8,76,83,71,VRB,4,SW,8,0.0,,8
7/24/1999,1011.2,31.4,23.3,29.1,75,84,71,VRB,4,NW,7,0.3,,7
7/25/1999,1011.8,30.6,23.4,28.6,79,92,71,VRB,4,SSW,9,0.0,,6
7/26/1999,1011.2,31.0,23.8,28.5,81,92,74,SSE,6,S,18,17.8,,7
7/27/1999,1011.9,30.6,25.8,28.9,74,77,70,SSE,9,S,13,0.0,,8
7/28/1999,1012.2,30.8,25.6,28.5,71,78,67,SSW,9,WSW,23,0.0,,6
7/29/1999,1010.6,31.0,26.4,29.1,75,84,70,WNW,6,WNW,10,0.0,,7
7/30/1999,1009.6,31.6,24.2,29.5,75,80,71,WNW,7,WNW,11,1.0,,7
7/31/1999,1010.6,30.2,25.0,27.1,83,87,78,WSW,7,NW,22,0.5,,8
8/1/1999,1011.3,31.4,26.6,29.7,73,79,69,WNW,9,WNW,15,0.0,,7
8/2/1999,1010.9,31.4,25.5,29.5,73,76,68,WNW,10,WNW,16,0.0,,6
8/3/1999,1010.8,31.0,22.6,28.8,74,80,66,SW,6,SW,10,0.0,,6
8/4/1999,1011.3,30.6,26.8,28.4,77,96,69,VRB,3,SE,9,0.0,,3
8/5/1999,1012.2,31.2,23.6,28.9,80,96,70,SE,7,WNW,19,5.6,,6
8/6/1999,1011.7,31.4,25.2,27.9,82,85,77,SSE,7,SSE,12,0.0,,8
8/7/1999,1011.0,31.0,24.0,29.4,78,84,73,SSE,8,SSE,13,0.0,,6
8/8/1999,1010.5,31.0,23.0,29.1,76,84,72,VRB,3,SSE,8,0.0,,2
8/9/1999,1010.7,31.3,26.8,29.1,77,95,69,CALM,0,SE,6,0.0,,1
8/10/1999,1011.7,31.2,24.6,29.9,73,75,71,VRB,4,ESE,8,0.0,,4
8/11/1999,1012.0,31.4,22.4,29.8,71,83,66,CALM,0,ESE,8,0.0,,5
8/12/1999,1011.8,31.0,26.1,28.3,75,93,70,VRB,3,SSE,10,0.0,,6
8/13/1999,1010.5,31.0,22.4,29.3,75,83,70,S,7,NNW,21,6.1,,6
8/14/1999,1011.7,29.8,22.4,27.0,79,92,67,NW,9,NW,23,0.1,,8
8/15/1999,1012.6,30.8,24.5,28.3,75,95,66,VRB,4,SSW,8,0.0,,7
8/16/1999,1012.5,30.6,22.3,28.1,77,84,70,SW,5,WNW,21,25.1,,7
8/17/1999,1012.3,29.2,23.0,26.3,84,93,75,NNW,8,W,25,10.6,,8
8/18/1999,1013.0,27.8,22.5,25.7,88,95,84,NNW,11,NW,30,25.5,,8
8/19/1999,1013.1,28.6,24.2,26.7,83,88,76,NW,8,NW,16,2.9,,8
8/20/1999,1013.0,29.8,23.2,27.9,81,85,78,SW,8,W,26,12.1,,7
8/21/1999,1011.5,30.1,23.0,28.3,80,90,74,WSW,7,NW,26,10.7,,7
8/22/1999,1011.5,29.4,22.8,27.2,80,87,72,SW,8,NNW,20,4.9,,8
8/23/1999,1012.1,30.6,22.1,28.5,80,88,73,VRB,4,NW,10,0.0,,5
8/24/1999,1012.5,30.8,22.0,28.2,78,96,69,CALM,0,CALM,5,0.0,,6
8/25/1999,1012.1,31.2,23.0,28.4,77,96,67,CALM,0,CALM,5,0.0,,5
8/26/1999,1012.6,30.9,21.4,28.6,75,88,69,VRB,3,SSW,6,0.0,,4
8/27/1999,1012.8,30.6,22.5,28.1,78,95,71,VRB,3,SE,6,0.0,,4
8/28/1999,1012.4,31.1,21.3,28.5,77,95,66,VRB,2,SE,6,0.0,,6
8/29/1999,1012.6,30.6,21.3,28.2,74,93,65,CALM,0,NNW,6,0.0,,2
8/30/1999,1012.3,31.4,21.7,28.5,73,93,64,CALM,0,CALM,5,0.0,,3
8/31/1999,1012.7,32.0,23.6,28.5,74,95,65,CALM,0,WNW,6,0.0,,2
9/1/1999,1013.0,31.2,26.6,28.9,75,90,68,SSW,6,SSW,14,0.0,,6
9/2/1999,1012.9,31.3,25.5,29.4,75,80,70,SSW,11,SSW,17,0.0,,7
9/3/1999,1012.8,31.0,23.2,29.3,75,84,69,S,8,S,10,0.0,,5
9/4/1999,1012.9,31.4,23.5,28.8,78,95,70,VRB,5,SSE,10,0.0,,6
9/5/1999,1012.1,30.9,25.8,28.7,77,92,70,SW,5,SW,8,0.0,,7
9/6/1999,1011.0,30.8,24.4,29.4,75,83,71,SW,6,SW,9,0.0,,4
9/7/1999,1010.7,31.0,24.2,29.0,76,85,70,VRB,5,S,12,0.0,,5
9/8/1999,1010.7,31.5,23.9,29.1,76,87,69,VRB,5,NNW,18,3.5,,3
9/9/1999,1010.4,30.8,26.4,29.2,75,80,70,NW,10,NW,17,0.0,,2
9/10/1999,1009.8,31.8,23.6,29.0,74,84,66,VRB,5,NNW,18,7.9,,4
9/11/1999,1010.7,31.0,23.0,28.7,77,85,70,VRB,5,W,14,0.0,,7
9/12/1999,1010.5,31.0,22.8,28.6,75,91,67,VRB,4,SSE,16,0.0,,4
9/13/1999,1011.8,31.2,25.5,28.6,76,93,68,VRB,3,SSE,13,1.5,,6
9/14/1999,1011.1,31.4,26.6,29.8,72,80,64,SE,7,SE,12,0.0,,4
9/15/1999,1010.6,32.5,24.4,30.7,71,80,64,VRB,4,NNW,11,3.4,,3
9/16/1999,1011.0,30.8,22.8,26.7,84,93,75,VRB,4,W,19,12.8,,8
9/17/1999,1011.3,31.0,21.0,26.1,83,95,73,VRB,5,NNW,28,39.0,,7
9/18/1999,1010.9,30.6,25.2,29.0,79,89,73,SW,7,NW,17,0.0,,7
9/19/1999,1011.9,31.0,24.0,29.1,75,87,68,VRB,5,SW,15,0.0,,7
9/20/1999,1012.5,30.6,23.4,29.0,76,85,72,SW,7,SW,20,1.6,,4
9/21/1999,1012.4,30.4,23.5,26.9,85,88,83,NW,7,NW,26,16.2,,7
9/22/1999,1011.0,30.4,24.5,28.7,76,80,72,NW,10,NW,26,2.2,,6
9/23/1999,1011.2,29.4,24.4,27.2,83,92,77,WNW,14,WNW,28,0.9,,6
9/24/1999,1011.4,28.4,24.8,27.1,84,86,82,NW,6,NW,18,4.6,,8
9/25/1999,1010.5,31.2,22.2,29.0,75,79,72,NW,12,WSW,28,23.2,,6
9/26/1999,1010.1,30.2,25.5,28.1,76,81,70,NW,10,NW,16,0.0,,8
9/27/1999,1010.1,31.0,26.6,29.3,76,80,74,NW,8,NW,16,0.0,,7
9/28/1999,1009.7,31.2,24.0,29.4,76,80,73,NW,6,W,16,0.0,,6
9/29/1999,1009.3,31.0,23.6,28.9,82,87,74,WSW,6,WNW,18,21.9,,5
9/30/1999,1009.8,31.4,25.6,28.9,77,84,72,SW,8,SW,16,0.0,,7
10/1/1999,1009.6,31.0,26.0,29.4,74,81,69,S,9,S,16,0.0,,5
10/2/1999,1009.6,31.0,24.6,29.5,75,80,72,SW,9,SW,19,0.0,,5
10/3/1999,1010.0,30.4,22.7,26.3,88,92,81,SW,10,WNW,29,32.7,,7
10/4/1999,1009.5,30.0,23.6,28.4,75,80,71,WNW,14,WNW,28,1.1,,7
10/5/1999,1009.4,30.7,23.0,29.1,75,78,71,WNW,13,WSW,26,14.1,,6
10/6/1999,1009.9,30.7,26.5,29.1,75,78,69,W,12,W,21,0.0,,6
10/7/1999,1009.0,30.5,26.2,29.3,72,76,68,W,13,W,22,0.0,,4
10/8/1999,1008.7,30.8,26.4,29.0,74,79,70,W,11,W,19,0.0,,6
10/9/1999,1010.4,31.5,25.8,29.8,75,80,71,W,7,W,15,0.0,,6
10/10/1999,1011.6,31.0,25.7,29.2,76,83,71,SW,6,S,13,0.3,,5
10/11/1999,1012.8,29.2,23.0,26.6,83,90,81,NNW,6,NW,26,17.8,,7
10/12/1999,1011.4,30.4,24.8,28.7,75,82,73,W,7,SW,14,0.0,,6
10/13/1999,1011.5,31.0,24.4,29.2,76,78,73,W,7,W,16,3.3,,7
10/14/1999,1011.0,30.9,23.8,29.0,78,92,70,W,9,WNW,24,10.7,,7
10/15/1999,1011.2,30.0,23.8,27.3,83,88,77,NW,10,NW,23,19.1,,7
10/16/1999,1010.7,29.8,24.6,27.0,83,90,78,NW,9,WNW,24,3.1,,7
10/17/1999,1010.0,31.0,23.0,29.1,73,77,68,W,13,W,30,9.2,,6
10/18/1999,1010.3,30.0,23.5,26.5,84,88,78,W,14,NW,28,10.9,,8
10/19/1999,1010.4,30.4,27.0,29.1,72,78,69,NW,13,NW,28,0.0,,7
10/20/1999,1010.4,31.0,26.8,29.4,73,77,70,WNW,15,WNW,24,0.0,,5
10/21/1999,1010.5,30.8,23.8,28.9,75,79,73,WNW,14,WNW,28,2.8,,4
10/22/1999,1011.2,30.8,24.2,29.0,78,82,74,WNW,10,W,24,3.6,,6
10/23/1999,1011.5,31.4,24.6,29.1,78,81,74,NW,10,W,27,6.5,,4
10/24/1999,1010.8,30.5,24.2,29.0,76,86,69,NW,14,WNW,27,3.5,,4
10/25/1999,1010.5,31.0,22.7,28.8,77,81,71,WNW,12,NW,34,10.7,,6
10/26/1999,1011.2,30.7,25.5,28.7,79,89,73,WNW,9,WNW,22,0.0,,4
10/27/1999,1011.0,30.8,25.5,29.2,72,74,69,W,8,W,14,0.0,,3
10/28/1999,1011.6,30.8,26.0,29.3,74,84,70,W,8,W,18,0.0,,3
10/29/1999,1012.5,30.6,25.7,29.1,76,77,65,W,9,W,18,0.0,,2
10/30/1999,1011.9,30.5,25.6,28.9,68,70,64,WNW,10,WNW,19,0.0,,3
10/31/1999,1011.4,30.6,26.0,29.0,69,70,67,NW,12,NW,21,0.0,,5
11/1/1999,1011.2,30.7,24.6,29.2,71,74,68,NW,11,NNW,22,1.8,,2
11/2/1999,1012.1,30.5,26.0,28.8,77,85,71,NW,11,NW,20,0.0,,4
11/3/1999,1012.3,30.5,24.4,29.2,75,81,69,NW,11,NW,20,0.0,,2
11/4/1999,1011.9,30.4,24.2,28.2,76,83,71,NW,10,WNW,25,0.0,,4
11/5/1999,1011.1,30.6,25.2,29.2,75,80,71,NNW,8,NNW,15,0.0,,3
11/6/1999,1012.2,30.6,23.6,29.3,72,80,65,NNW,9,W,28,0.7,,3
11/7/1999,1011.9,30.9,23.6,29.0,74,81,71,NW,9,NW,17,0.0,,3
11/8/1999,1011.8,30.9,25.7,29.3,75,80,72,WNW,9,NW,16,0.0,,3
11/9/1999,1011.4,30.9,24.2,29.1,71,78,66,WNW,9,NW,17,6.6,,2
11/10/1999,1012.1,30.6,25.6,29.1,72,81,68,NW,8,W,14,0.0,,2
11/11/1999,1012.9,30.8,25.6,29.3,72,81,67,W,8,W,15,0.0,,2
11/12/1999,1013.3,31.0,25.5,29.3,74,80,70,W,7,W,14,0.0,,3
11/13/1999,1013.7,30.8,23.8,29.0,74,80,69,WNW,7,WNW,12,0.0,,3
11/14/1999,1013.6,30.9,25.5,29.0,76,84,70,WNW,6,WNW,12,0.0,,3
11/15/1999,1012.5,31.0,25.0,29.2,71,80,68,WNW,7,WNW,13,0.0,,2
11/16/1999,1012.5,30.7,24.6,29.0,73,81,69,WNW,6,NW,12,0.0,,2
11/17/1999,1013.1,30.8,25.5,29.4,70,75,64,NNW,8,NNW,16,0.0,,2
11/18/1999,1012.5,30.8,24.8,29.3,72,81,69,NNW,7,NNW,13,0.0,,3
11/19/1999,1011.1,31.4,22.6,29.4,72,81,69,NW,5,WSW,14,25.4,,3
11/20/1999,1011.2,30.8,23.8,28.1,78,92,71,W,8,W,27,4.3,,5
11/21/1999,1011.3,29.6,24.5,27.6,81,87,75,WNW,9,W,25,2.1,,5
11/22/1999,1009.8,31.0,25.2,29.2,77,81,74,WNW,9,WNW,20,1.3,,4
11/23/1999,1009.5,31.2,22.6,27.9,81,87,74,WNW,6,NW,18,19.9,,5
11/24/1999,1009.7,29.6,25.5,27.5,82,95,74,WNW,8,W,20,0.4,,4
11/25/1999,1010.1,30.0,22.3,25.7,88,96,78,NNW,10,NNW,29,51.5,,7
11/26/1999,1009.0,30.5,21.8,28.8,80,87,75,NW,9,W,18,51.9,,5
11/27/1999,1010.4,29.5,23.8,26.5,85,95,78,SW,8,WNW,16,1.7,,8
11/28/1999,1010.1,30.7,24.2,28.4,78,87,71,NW,9,WNW,25,39.6,,5
11/29/1999,1010.2,28.6,24.5,27.6,80,83,79,NW,13,WNW,26,0.2,,8
11/30/1999,1009.7,30.6,23.0,29.0,74,79,71,WNW,11,NW,23,6.6,,6
12/1/1999,1010.9,29.8,25.3,27.8,80,84,78,NW,10,NW,22,1.9,,7
12/2/1999,1011.6,30.8,22.0,29.0,78,85,73,NW,9,NW,25,11.4,,7
12/3/1999,1012.6,30.0,25.0,27.5,84,95,73,NW,6,NW,18,0.0,,7
12/4/1999,1012.8,30.5,26.0,28.9,75,81,69,NW,6,NW,12,0.0,,7
12/5/1999,1013.0,30.9,22.8,28.3,80,91,72,NW,7,NW,24,7.5,,6
12/6/1999,1012.7,30.5,25.8,29.0,76,84,71,NW,7,WNW,16,0.0,,3
12/7/1999,1013.4,30.8,25.6,28.9,71,78,66,WNW,10,WNW,20,0.0,,3
12/8/1999,1013.9,30.5,25.6,28.8,74,79,67,NW,12,NW,28,0.0,,3
12/9/1999,1012.8,30.5,23.6,28.8,76,81,71,WNW,9,W,14,3.5,,3
12/10/1999,1012.6,29.6,23.4,28.1,81,87,76,NW,7,N,22,7.2,,4
12/11/1999,1012.4,29.8,24.0,27.7,83,87,79,NW,7,NW,14,8.4,,5
12/12/1999,1012.1,30.2,22.6,28.5,79,84,74,NW,8,NW,16,5.3,,7
12/13/1999,1011.1,30.0,23.4,27.9,82,88,75,NW,7,SW,14,5.2,,5
12/14/1999,1010.3,30.3,25.7,28.5,79,96,70,WNW,6,WNW,13,0.0,,3
12/15/1999,1010.2,30.6,25.3,28.9,74,80,71,WNW,8,WNW,13,0.0,,2
12/16/1999,1011.0,30.7,23.0,29.0,75,84,70,VRB,5,W,18,1.6,,3
12/17/1999,1011.6,29.0,23.6,27.3,85,89,81,NW,6,NW,20,10.4,,8
12/18/1999,1011.2,30.2,24.0,28.3,79,92,73,NNW,6,NNW,14,0.0,,6
12/19/1999,1010.1,30.0,24.4,28.2,79,90,74,VRB,5,NW,11,1.1,,4
12/20/1999,1010.4,30.3,25.0,28.3,79,82,74,VRB,6,NW,15,0.0,,4
12/21/1999,1010.6,30.0,22.1,28.1,80,84,74,NNW,9,W,22,46.9,,5
12/22/1999,1012.0,28.0,22.2,25.2,92,95,90,W,8,W,22,13.1,,8
12/23/1999,1012.2,28.5,22.6,26.4,85,92,80,WNW,6,NNW,22,42.9,,7
12/24/1999,1012.0,30.8,26.2,28.1,79,95,72,CALM,0,NE,13,0.0,,3
12/25/1999,1011.5,30.7,25.8,29.0,78,84,76,N,7,N,14,0.0,,4
12/26/1999,1010.8,30.8,25.7,28.7,78,83,70,N,6,NNE,20,0.1,,5
12/27/1999,1010.4,31.0,24.4,28.8,80,85,74,VRB,5,NE,15,2.9,,6
12/28/1999,1011.6,29.0,23.5,27.2,83,92,77,E,8,ESE,23,22.6,,7
12/29/1999,1010.5,30.5,23.2,28.4,80,87,75,ESE,7,ESE,23,20.0,,6
12/30/1999,1008.8,29.6,23.5,26.7,84,92,77,NNW,9,NNW,22,2.7,,7
12/31/1999,1008.4,29.8,25.8,26.2,72,81,67,NNE,9,NE,17,0.0,,7
1/1/2000,1009.5,30.5,21.8,28.6,73,77,71,NNE,8,NE,18,0.0,,7
1/2/2000,1010.0,30.0,25.0,27.5,80,95,71,VRB,3,NNE,12,0.0,,5
1/3/2000,1009.2,30.5,25.7,28.8,75,79,71,NNE,7,NNE,12,0.0,,6
1/4/2000,1009.3,30.5,26.4,28.7,77,80,74,N,6,NNE,14,0.0,,7
1/5/2000,1009.1,30.5,25.2,29.2,77,80,73,NE,7,NE,16,0.0,,4
1/6/2000,1008.8,30.6,26.4,29.1,79,85,73,NE,7,NE,14,0.0,,3
1/7/2000,1008.9,31.0,23.4,29.3,79,85,75,VRB,5,NE,10,0.0,,3
1/8/2000,1008.9,30.8,22.8,28.6,79,95,73,VRB,3,SSW,14,7.2,,3
1/9/2000,1008.7,30.5,24.6,27.8,83,91,78,VRB,3,NE,15,0.0,,6
1/10/2000,1009.0,30.2,23.9,28.5,78,94,73,VRB,4,NNE,7,0.0,,6
1/11/2000,1009.8,30.2,25.4,27.8,79,90,68,CALM,0,SW,12,0.9,,6
1/12/2000,1010.2,30.4,23.7,27.8,80,84,76,SW,7,NW,24,2.1,,5
1/13/2000,1010.3,28.0,22.4,25.6,87,95,83,W,6,N,20,26.9,,8
1/14/2000,1009.9,29.8,22.6,28.0,80,84,78,CALM,0,WNW,6,0.0,,8
1/15/2000,1009.7,31.0,23.5,28.3,80,96,71,CALM,0,CALM,5,0.0,,3
1/16/2000,1009.9,29.8,21.6,27.4,84,95,80,VRB,5,NW,16,35.8,,7
1/17/2000,1011.6,28.8,21.5,25.6,86,96,75,NNW,7,WNW,25,7.0,,7
1/18/2000,1011.2,30.4,25.8,28.9,76,81,71,NNE,7,NE,17,0.6,,4
1/19/2000,1011.3,31.2,23.6,29.4,78,84,72,SE,6,E,18,8.2,,5
1/20/2000,1011.1,30.2,22.8,26.8,84,90,78,VRB,3,NE,20,5.4,,7
1/21/2000,1011.8,30.4,23.3,28.0,82,96,73,VRB,4,N,21,7.3,,5
1/22/2000,1012.3,30.2,25.8,28.7,75,80,71,NNE,7,N,14,0.0,,4
1/23/2000,1012.8,30.0,25.4,28.5,69,71,67,NNE,7,NE,13,0.0,,4
1/24/2000,1012.1,30.0,24.9,28.5,70,77,65,NNE,7,NE,15,0.0,,3
1/25/2000,1012.5,30.0,26.4,28.6,68,74,65,NNE,6,NE,12,0.0,,2
1/26/2000,1011.8,30.4,26.4,29.4,71,74,66,NNE,9,NE,18,0.0,,5
1/27/2000,1011.1,30.5,26.3,28.8,72,74,68,NNE,9,NE,17,0.0,,4
1/28/2000,1010.9,30.4,26.2,29.0,69,74,65,NNE,8,NE,14,0.0,,3
1/29/2000,1011.6,30.6,26.4,29.0,78,81,74,NNE,8,NE,16,0.0,,7
1/30/2000,1012.1,31.0,26.5,29.5,76,83,76,NNE,7,NNE,18,0.0,,3
1/31/2000,1012.7,31.0,25.7,29.4,76,83,73,NNE,7,NNE,20,0.0,,6
2/1/2000,1011.4,30.4,26.2,28.6,76,81,73,NNE,6,N,12,0.0,,6
2/2/2000,1010.9,31.0,26.0,28.8,74,79,71,NNE,6,N,18,0.0,,7
2/3/2000,1011.7,30.6,24.4,29.2,72,75,68,N,6,N,18,0.0,,5
2/4/2000,1011.5,30.5,24.4,28.9,77,87,70,VRB,2,NW,10,0.0,,4
2/5/2000,1011.0,31.0,26.4,29.0,75,84,70,VRB,4,W,13,0.0,,3
2/6/2000,1011.4,31.0,26.4,29.4,76,82,72,W,7,NW,16,0.0,,5
2/7/2000,1010.7,31.0,26.0,29.4,73,80,69,NW,10,NW,18,0.0,,2
2/8/2000,1010.4,31.3,24.3,29.0,77,81,72,NW,8,NW,20,5.4,,5
2/9/2000,1010.4,31.0,23.9,29.1,77,84,71,NW,11,NW,26,4.5,,5
2/10/2000,1011.5,30.6,25.4,29.2,72,84,67,NW,12,NW,21,0.0,,2
2/11/2000,1012.0,30.7,25.8,29.0,71,77,68,NW,8,NW,17,0.0,,2
2/12/2000,1010.7,30.9,24.4,29.1,68,72,63,NNW,11,NNW,19,0.0,,3
2/13/2000,1009.6,30.2,24.4,28.4,70,76,64,VRB,5,W,13,0.0,,3
2/14/2000,1009.1,30.6,23.5,28.9,67,76,64,N,6,N,13,0.0,,3
2/15/2000,1010.2,30.6,23.0,29.0,70,75,66,VRB,5,NNW,14,0.0,,3
2/16/2000,1010.4,30.8,25.5,28.9,70,79,65,N,7,N,17,0.0,,5
2/17/2000,1009.5,31.0,25.4,29.3,73,80,70,NNW,8,N,16,0.0,,4
2/18/2000,1009.9,31.2,26.0,29.4,72,78,67,N,6,N,14,0.0,,6
2/19/2000,1010.0,31.2,22.9,29.2,76,81,71,NW,7,NW,28,8.4,,7
2/20/2000,1009.5,31.0,26.6,29.4,76,83,69,NW,11,NW,24,0.0,,6
2/21/2000,1009.7,31.2,26.3,29.1,71,73,68,NW,11,NW,19,0.0,,7
2/22/2000,1010.0,31.0,24.0,29.2,65,70,59,NW,10,NNW,20,0.0,,6
2/23/2000,1010.0,30.8,20.6,29.1,64,74,54,VRB,4,NNW,11,0.0,,5
2/24/2000,1010.5,30.5,24.0,28.0,70,85,61,CALM,0,NNW,13,0.0,,3
2/25/2000,1010.7,30.5,24.7,28.7,68,76,64,N,8,N,17,0.0,,6
2/26/2000,1009.2,30.6,25.4,28.8,67,74,63,NNW,9,NNW,18,0.0,,5
2/27/2000,1008.4,31.0,25.5,29.2,67,73,65,N,8,NW,14,0.0,,5
2/28/2000,1008.8,30.8,25.6,29.1,69,77,65,NNE,7,N,17,0.0,,7
2/29/2000,1010.1,31.4,21.8,29.5,67,73,63,NNE,6,N,13,0.0,,6
3/1/2000,1010.0,30.5,22.5,27.6,78,93,68,CALM,0,N,9,0.0,,7
3/2/2000,1010.7,30.6,26.6,28.4,80,93,73,NNW,6,NW,14,0.0,,6
3/3/2000,1011.1,31.6,26.7,29.4,79,90,72,N,7,N,14,0.0,,7
3/4/2000,1011.0,31.6,26.4,29.8,76,82,71,NW,10,NW,16,0.4,,6
3/5/2000,1009.9,31.5,26.2,29.6,71,76,68,NNW,10,NNW,18,0.0,,6
3/6/2000,1010.6,31.4,25.8,29.5,68,73,65,NW,10,NNW,18,0.0,,2
3/7/2000,1011.1,31.0,25.0,29.4,64,72,59,NW,9,NW,17,0.0,,2
3/8/2000,1010.5,30.6,25.4,29.0,64,73,58,NW,7,NW,16,0.0,,5
3/9/2000,1010.1,30.6,25.4,29.1,67,74,64,NNW,8,NNW,16,0.0,,1
3/10/2000,1010.0,31.0,23.5,29.3,68,71,64,NNW,9,NNW,18,0.0,,3
3/11/2000,1011.2,30.8,23.9,28.7,67,76,61,VRB,5,W,12,0.0,,6
3/12/2000,1011.0,31.0,24.4,28.6,68,76,63,WNW,6,WNW,16,0.0,,3
3/13/2000,1009.7,31.0,25.8,29.1,74,88,69,W,6,W,12,0.0,,3
3/14/2000,1010.4,31.0,25.0,29.4,71,80,67,WSW,6,WSW,13,0.0,,2
3/15/2000,1011.2,30.6,22.4,29.0,71,78,67,VRB,5,W,12,0.0,,3
3/16/2000,1010.5,31.2,25.8,29.3,70,84,62,NW,6,W,14,0.0,,2
3/17/2000,1009.9,31.2,23.4,29.4,77,84,74,WNW,6,N,18,11.5,,5
3/18/2000,1010.3,30.8,22.6,29.2,79,87,74,VRB,1,WNW,20,37.5,,6
3/19/2000,1010.4,31.0,23.5,28.8,79,93,71,VRB,5,NW,7,0.0,,3
3/20/2000,1009.6,31.4,24.8,29.0,75,93,66,NNW,7,NNW,12,0.0,,1
3/21/2000,1010.4,31.5,26.4,29.5,68,77,61,NW,7,NW,12,0.0,,1
3/22/2000,1010.6,31.4,26.4,29.9,69,77,62,NW,8,NW,14,0.0,,1
3/23/2000,1010.7,31.5,23.5,29.8,71,76,67,WNW,6,WNW,12,0.0,,1
3/24/2000,1009.6,30.8,23.0,28.8,78,91,71,VRB,5,NW,12,0.0,,2
3/25/2000,1010.1,31.9,23.0,29.3,73,93,63,CALM,0,CALM,4,0.0,,1
3/26/2000,1010.8,31.4,26.2,29.1,72,91,65,VRB,1,W,8,0.0,,2
3/27/2000,1010.7,31.4,24.8,29.3,75,80,68,VRB,4,WSW,18,0.0,,4
3/28/2000,1010.5,31.0,24.5,29.3,75,80,70,WNW,6,W,16,0.4,,3
3/29/2000,1011.0,31.3,26.5,29.3,77,87,72,VRB,4,WSW,14,0.0,,3
3/30/2000,1010.9,31.8,24.8,30.0,76,80,71,WSW,6,W,18,10.2,,6
3/31/2000,1009.7,31.7,23.0,30.2,78,78,70,W,8,W,28,5.6,,3
4/1/2000,1009.7,31.5,27.0,29.6,77,84,73,WSW,9,W,18,0.0,,4
4/2/2000,1009.4,31.8,27.1,30.2,73,78,68,W,10,W,18,0.0,,2
4/3/2000,1009.6,31.7,25.9,29.8,73,77,71,WSW,8,W,22,1.2,,2
4/4/2000,1009.6,31.7,27.0,30.1,75,80,71,WSW,8,WSW,14,0.0,,2
4/5/2000,1009.1,31.8,23.2,28.5,78,95,72,WSW,9,SW,19,74.3,,3
4/6/2000,1009.5,31.7,24.0,29.3,75,80,68,WNW,8,NW,16,0.4,,7
4/7/2000,1010.9,30.6,24.0,28.3,79,86,74,VRB,5,NW,22,0.0,,6
4/8/2000,1011.1,31.6,26.3,29.3,77,95,68,CALM,0,NW,7,0.0,,3
4/9/2000,1010.6,31.4,25.4,29.8,74,80,68,NW,7,NW,13,0.0,,2
4/10/2000,1010.3,31.6,26.8,30.0,75,81,69,NW,9,NW,16,0.0,,3
4/11/2000,1010.1,31.6,26.2,30.1,71,76,68,WNW,7,WNW,15,0.0,,3
4/12/2000,1010.3,31.6,27.2,30.3,72,76,68,W,9,W,15,0.0,,2
4/13/2000,1009.5,31.7,27.0,30.3,74,78,70,WSW,9,WSW,15,0.0,,2
4/14/2000,1008.2,31.7,27.4,30.1,74,77,71,W,9,W,17,0.0,,2
4/15/2000,1009.0,31.8,27.4,30.4,74,78,72,WNW,11,WNW,22,0.0,,2
4/16/2000,1010.3,31.9,26.4,30.3,73,78,70,NW,11,NW,18,1.0,,2
4/17/2000,1010.0,32.0,23.0,30.4,77,82,74,WNW,10,WNW,22,12.7,,4
4/18/2000,1010.9,31.7,24.0,31.1,80,89,73,WNW,8,WNW,20,11.5,,4
4/19/2000,1010.1,31.6,23.7,28.4,85,92,80,CALM,0,WNW,18,12.2,,6
4/20/2000,1010.3,30.4,23.8,27.7,82,85,77,SW,8,WSW,18,18.1,,7
4/21/2000,1010.2,31.4,23.5,29.4,75,79,73,WSW,8,WSW,19,6.2,,5
4/22/2000,1011.5,30.0,24.0,26.8,83,91,78,W,8,WNW,22,6.3,,7
4/23/2000,1011.5,31.8,24.5,29.7,77,79,71,WSW,8,WSW,23,0.3,,7
4/24/2000,1011.6,31.5,27.2,29.6,74,84,71,WNW,10,W,21,0.0,,6
4/25/2000,1010.4,31.7,27.2,30.4,70,75,66,W,11,W,19,0.0,,4
4/26/2000,1010.3,31.6,27.0,30.0,70,75,66,WNW,10,W,17,0.0,,6
4/27/2000,1010.2,31.5,27.0,30.1,70,75,66,W,8,W,17,0.0,,4
4/28/2000,1010.3,31.6,27.0,29.8,69,70,63,WNW,9,WNW,16,0.0,,5
4/29/2000,1011.5,31.6,27.3,30.0,69,75,62,WNW,10,W,15,0.0,,5
4/30/2000,1012.1,31.5,27.0,30.3,68,72,63,WNW,10,W,18,0.0,,3
5/1/2000,1011.1,31.5,27.0,29.7,70,72,67,W,8,W,10,0.0,,5
5/2/2000,1010.3,31.6,27.3,30.2,72,75,70,WSW,9,WSW,16,0.1,,3
5/3/2000,1012.1,31.8,26.0,30.2,73,78,70,WSW,9,W,16,0.0,,5
5/4/2000,1011.4,32.0,24.5,29.4,76,80,71,W,10,W,27,7.5,,5
5/5/2000,1011.3,32.0,27.0,29.5,78,86,72,W,9,W,18,0.0,,3
5/6/2000,1011.4,32.3,26.8,30.4,74,78,72,SW,9,SW,14,0.0,,3
5/7/2000,1011.5,31.7,25.5,30.4,73,79,70,SW,8,SW,17,0.0,,2
5/8/2000,1010.4,31.4,26.2,29.7,71,80,65,VRB,4,NNW,10,0.0,,2
5/9/2000,1010.5,31.4,26.6,30.1,71,78,67,NW,6,NW,12,0.0,,2
5/10/2000,1010.9,31.8,24.4,30.1,77,85,68,VRB,5,NW,14,4.4,,3
5/11/2000,1011.1,31.6,25.0,29.0,80,90,72,VRB,5,SW,13,0.0,,3
5/12/2000,1010.9,32.2,26.6,29.9,75,87,68,VRB,5,SW,13,0.0,,3
5/13/2000,1011.0,31.6,24.8,30.0,72,86,67,SW,6,SW,12,0.0,,2
5/14/2000,1011.9,32.0,25.0,30.1,73,87,66,VRB,5,WSW,12,0.0,,5
5/15/2000,1011.7,31.6,27.0,29.9,75,92,68,SW,6,SW,11,0.0,,5
5/16/2000,1011.5,31.5,26.8,30.2,71,76,69,SW,7,SW,15,0.0,,2
5/17/2000,1011.1,32.0,26.6,30.4,73,80,69,W,5,W,9,0.0,,2
5/18/2000,1010.6,32.3,25.0,30.6,74,83,69,VRB,4,WSW,9,0.0,,2
5/19/2000,1010.3,31.8,24.8,29.3,77,80,72,VRB,5,SSW,7,2.0,,4
5/20/2000,1009.8,32.5,23.5,29.6,79,90,73,CALM,0,NW,33,52.0,,3
5/21/2000,1010.1,30.0,24.4,27.4,80,92,71,NW,15,NW,35,2.6,,8
5/22/2000,1010.2,31.0,25.0,28.9,77,85,71,NW,9,NW,27,0.8,,5
5/23/2000,1009.8,31.8,23.0,30.1,77,86,72,NW,7,NW,20,29.4,,7
5/24/2000,1010.1,30.5,24.6,28.1,83,90,78,W,7,W,24,0.0,,7
5/25/2000,1010.2,30.5,23.6,29.4,78,83,70,VRB,3,W,12,0.0,,7
5/26/2000,1009.5,31.2,22.8,28.8,83,95,75,CALM,0,WNW,17,22.7,,6
5/27/2000,1010.0,31.0,23.6,28.0,82,85,74,VRB,1,WSW,19,0.1,,8
5/28/2000,1010.1,32.0,27.0,29.6,78,95,70,CALM,0,CALM,4,0.0,,5
5/29/2000,1010.9,32.1,23.0,30.4,71,76,68,VRB,3,CALM,5,0.0,,2
5/30/2000,1011.4,32.0,24.4,29.2,78,96,69,CALM,0,CALM,5,0.0,,3
5/31/2000,1011.0,31.8,24.2,29.7,74,88,67,SW,8,SW,10,0.0,,7
6/1/2000,1010.4,31.6,23.0,29.1,77,92,68,VRB,5,NNW,20,18.3,,4
6/2/2000,1009.4,31.0,22.9,28.6,81,90,72,VRB,5,WNW,25,13.0,,8
6/3/2000,1009.2,28.6,23.2,26.5,87,92,81,VRB,6,NW,25,30.9,,8
6/4/2000,1008.2,30.4,22.8,28.0,82,91,77,WSW,9,NNW,24,103.3,,7
6/5/2000,1008.8,30.3,22.7,27.3,84,95,72,S,7,S,23,0.4,,7
6/6/2000,1008.1,31.2,26.4,29.8,71,73,68,SSW,10,S,20,0.0,,6
6/7/2000,1009.5,31.6,25.3,29.6,75,82,70,S,7,SE,13,0.0,,7
6/8/2000,1010.8,31.0,25.0,29.6,76,83,72,SSE,7,SSE,14,0.0,,6
6/9/2000,1011.4,30.2,24.4,27.8,83,90,76,VRB,5,NW,20,2.7,,7
6/10/2000,1012.0,31.4,23.4,28.2,82,93,73,SSW,7,W,29,3.8,,5
6/11/2000,1013.0,30.4,22.4,27.9,81,90,73,VRB,6,NW,26,97.2,,8
6/12/2000,1013.9,30.4,23.6,27.7,77,88,71,VRB,5,WNW,8,0.5,,7
6/13/2000,1013.4,30.9,23.2,29.0,77,92,65,VRB,5,SSW,10,0.0,,7
6/14/2000,1013.7,29.9,24.0,27.7,82,91,75,S,8,S,16,14.8,,5
6/15/2000,1012.8,31.4,22.4,29.1,76,92,69,VRB,4,ENE,6,0.0,,3
6/16/2000,1012.8,31.4,25.6,28.4,78,96,71,VRB,5,SW,12,0.0,,2
6/17/2000,1012.5,30.6,25.8,29.1,73,83,69,SW,7,SW,13,0.0,,3
6/18/2000,1010.8,31.5,25.6,29.4,72,78,67,W,7,W,21,0.0,,5
6/19/2000,1010.0,31.5,24.2,29.0,79,84,74,W,8,W,25,9.7,,6
6/20/2000,1009.5,31.6,26.7,29.6,77,84,72,W,8,W,18,0.0,,7
6/21/2000,1010.0,31.6,25.7,30.0,75,80,72,W,6,WSW,12,0.0,,3
6/22/2000,1010.8,31.2,25.0,29.6,76,80,72,WSW,6,WSW,12,0.7,,3
6/23/2000,1010.9,31.4,22.8,29.5,78,85,70,VRB,4,NNW,18,35.5,,3
6/24/2000,1011.0,30.4,23.6,27.5,85,90,80,VRB,5,W,21,6.6,,7
6/25/2000,1011.2,29.8,23.8,28.4,80,84,75,VRB,4,SSW,7,0.0,,8
6/26/2000,1011.2,30.0,23.0,26.9,83,91,75,NW,7,NW,15,14.9,,6
6/27/2000,1011.7,29.9,24.8,28.5,76,84,71,VRB,4,SW,8,0.0,,8
6/28/2000,1011.1,30.6,24.0,29.2,75,81,69,SW,6,W,18,7.5,,2
6/29/2000,1011.2,30.3,23.0,27.1,84,90,74,NW,9,NW,26,15.5,,7
6/30/2000,1009.7,31.0,25.6,28.5,77,84,72,SW,7,SW,18,0.6,,3
7/1/2000,1009.3,30.9,26.3,29.3,72,76,68,SW,9,SW,18,0.0,,6
7/2/2000,1009.4,30.8,26.4,29.1,72,75,70,WSW,7,WSW,14,0.0,,8
7/3/2000,1009.5,30.7,26.0,29.0,71,76,67,WSW,7,WSW,14,0.0,,7
7/4/2000,1009.6,30.9,25.6,29.2,73,78,69,WSW,6,WSW,12,0.0,,6
7/5/2000,1009.7,31.0,24.2,29.3,73,78,70,SW,6,SW,14,6.5,,3
7/6/2000,1010.6,29.6,24.4,26.9,85,90,81,VRB,1,W,20,1.3,,8
7/7/2000,1009.9,30.6,24.0,28.5,78,92,71,VRB,4,S,14,7.7,,7
7/8/2000,1010.1,30.7,23.5,29.1,75,83,70,VRB,3,W,10,0.0,,8
7/9/2000,1010.0,31.6,25.4,29.4,70,82,62,VRB,5,NW,10,0.0,,3
7/10/2000,1009.7,31.6,26.6,29.8,70,80,63,VRB,5,NNW,9,0.0,,3
7/11/2000,1009.3,31.0,24.3,29.0,79,83,76,N,7,N,15,8.6,,7
7/12/2000,1009.3,30.1,24.1,28.1,82,89,75,N,7,NW,12,0.0,,8
7/13/2000,1010.0,30.6,24.4,27.1,84,92,74,VRB,6,SE,10,25.3,,6
7/14/2000,1010.9,30.8,23.6,28.4,81,87,76,VRB,6,NW,18,3.9,,6
7/15/2000,1010.2,31.6,23.8,29.9,75,84,68,VRB,5,N,10,13.2,,4
7/16/2000,1010.4,31.6,24.0,28.1,80,92,74,VRB,4,W,15,1.0,,5
7/17/2000,1011.2,30.6,23.4,28.3,83,89,76,VRB,2,NE,12,0.5,,5
7/18/2000,1010.3,31.7,22.0,29.0,78,97,68,VRB,2,NW,8,0.0,,4
7/19/2000,1009.1,31.6,22.8,29.0,74,95,66,VRB,4,SSE,12,0.0,,3
7/20/2000,1009.7,31.5,26.8,29.1,71,84,66,VRB,4,NE,8,0.0,,1
7/21/2000,1010.1,32.0,26.0,30.2,71,79,67,ENE,7,ENE,14,0.0,,2
7/22/2000,1011.4,31.0,26.4,29.4,71,73,67,NNE,7,NNE,14,0.0,,2
7/23/2000,1011.0,31.4,26.0,29.8,71,74,69,VRB,4,N,13,0.5,,4
7/24/2000,1011.0,31.4,22.0,28.3,83,98,76,NNW,7,WSW,34,47.8,,6
7/25/2000,1012.6,28.0,23.2,25.9,81,93,73,N,12,NW,29,2.2,,8
7/26/2000,1012.3,30.8,24.3,28.6,74,85,67,VRB,5,WSW,10,0.0,,7
7/27/2000,1011.9,29.4,20.0,26.4,86,92,78,NW,10,SSW,28,27.8,,8
7/28/2000,1011.4,30.4,23.5,27.8,75,84,70,W,10,WNW,28,3.7,,7
7/29/2000,1010.7,31.0,26.0,29.2,72,80,68,SW,7,SW,14,0.0,,7
7/30/2000,1011.3,30.7,21.6,29.3,68,74,61,SW,8,SW,18,17.7,,4
7/31/2000,1011.2,30.6,26.4,28.8,74,81,69,SW,8,SW,13,0.0,,6
8/1/2000,1009.9,31.4,26.6,29.5,73,79,70,WSW,9,WSW,18,0.0,,5
8/2/2000,1009.8,31.2,25.7,29.9,70,73,68,WSW,10,SW,20,0.0,,2
8/3/2000,1010.3,31.2,23.0,29.6,71,74,68,W,10,NW,27,10.0,,3
8/4/2000,1010.4,31.0,26.0,29.2,77,87,69,NW,13,NW,25,0.0,,6
8/5/2000,1010.5,31.2,22.4,27.7,80,92,70,NW,12,NW,33,14.9,,7
8/6/2000,1010.5,29.6,23.0,27.6,82,93,75,CALM,0,NW,17,1.2,,8
8/7/2000,1011.7,31.4,22.2,29.0,75,80,71,S,9,S,24,13.6,,7
8/8/2000,1012.7,30.5,22.6,28.2,75,83,70,SW,8,SW,35,4.6,,7
8/9/2000,1011.9,30.5,24.6,28.9,73,74,71,SW,9,SW,16,2.2,,7
8/10/2000,1010.1,31.0,24.0,29.1,75,77,72,SW,10,W,25,0.8,,5
8/11/2000,1009.3,31.0,23.6,28.5,77,81,73,WSW,9,WNW,22,0.5,,7
8/12/2000,1009.7,31.2,23.0,28.8,77,86,72,NW,9,NW,21,10.8,,7
8/13/2000,1011.8,30.7,23.4,29.0,75,85,69,NNW,7,NNW,14,0.0,,7
8/14/2000,1012.4,31.4,23.1,29.0,74,85,68,VRB,3,CALM,5,0.0,,5
8/15/2000,1012.2,31.0,24.6,28.6,78,88,69,SSW,6,SSW,15,1.0,,7
8/16/2000,1012.3,30.4,22.8,27.7,81,87,78,SSW,7,SSW,16,23.4,,8
8/17/2000,1012.2,30.6,23.4,26.6,83,91,78,NW,7,WNW,31,13.7,,8
8/18/2000,1012.8,29.4,24.8,28.0,75,82,72,NW,7,NW,22,0.0,,7
8/19/2000,1013.2,30.6,23.4,27.9,79,87,68,SW,6,WSW,30,32.2,,5
8/20/2000,1012.5,30.9,23.4,29.2,77,89,70,SW,7,SW,10,3.2,,6
8/21/2000,1011.4,30.4,24.0,28.0,80,88,74,VRB,3,SW,18,11.4,,5
8/22/2000,1011.2,30.0,24.0,27.5,83,92,75,SW,9,SW,18,3.5,,7
8/23/2000,1011.1,30.2,26.0,28.4,76,87,70,SSW,11,SSW,18,0.0,,7
8/24/2000,1010.5,30.0,25.8,28.7,68,71,63,SSW,7,SSW,14,0.0,,7
8/25/2000,1009.6,30.6,25.7,28.9,71,74,68,S,8,S,14,0.0,,7
8/26/2000,1010.6,31.0,26.0,29.1,74,83,71,SSE,8,SSE,11,0.0,,7
8/27/2000,1011.3,31.0,24.8,29.3,76,80,73,SSE,7,SSE,10,0.6,,7
8/28/2000,1011.7,31.0,25.6,29.1,73,81,69,SSE,6,SSE,10,0.0,,7
8/29/2000,1011.6,31.2,26.4,29.0,76,87,72,VRB,5,SSE,14,0.1,,5
8/30/2000,1011.6,31.0,21.6,29.4,75,80,72,SE,7,SE,15,25.1,,3
8/31/2000,1011.5,30.8,23.0,28.1,76,83,70,VRB,2,E,8,0.0,,6
9/1/2000,1011.2,30.8,23.8,28.9,73,90,65,VRB,2,SE,10,0.0,,6
9/2/2000,1011.0,31.4,24.8,29.1,74,88,68,VRB,3,CALM,5,0.0,,3
9/3/2000,1010.9,31.0,23.0,29.0,80,84,72,VRB,3,SSE,7,30.0,,6
9/4/2000,1012.0,31.0,23.8,28.5,79,90,72,VRB,5,S,11,0.3,,6
9/5/2000,1011.7,30.4,22.4,27.8,84,95,78,CALM,0,W,8,6.3,,6
9/6/2000,1010.5,30.8,24.4,28.3,77,91,69,CALM,0,CALM,5,0.0,,3
9/7/2000,1010.6,31.5,23.3,28.9,76,83,69,VRB,7,SW,20,6.5,,4
9/8/2000,1012.4,29.4,21.2,27.0,85,91,76,NNW,8,N,23,24.8,,8
9/9/2000,1012.8,30.5,22.4,28.1,76,96,71,VRB,4,S,6,0.0,,1
9/10/2000,1012.6,30.7,22.7,28.0,77,95,69,VRB,5,SSE,21,12.3,,3
9/11/2000,1011.4,29.4,22.8,26.8,84,93,79,VRB,4,S,16,0.0,,8
9/12/2000,1011.0,29.2,22.8,27.8,82,91,75,NW,6,W,20,26.5,,7
9/13/2000,1012.0,27.4,22.5,24.9,91,93,87,NW,12,WSW,27,45.7,,8
9/14/2000,1011.1,28.2,22.2,26.6,85,90,80,W,8,W,18,31.4,,8
9/15/2000,1011.7,28.4,21.5,24.9,89,96,80,W,9,WNW,32,99.5,,8
9/16/2000,1010.9,30.6,22.5,28.7,77,90,73,SW,11,W,34,14.0,,7
9/17/2000,1012.5,29.8,23.6,27.3,78,81,75,W,12,SW,30,18.6,,8
9/18/2000,1011.5,30.8,25.4,28.7,80,85,74,SW,10,WSW,19,0.0,,8
9/19/2000,1011.2,30.6,25.4,29.0,76,83,71,SSW,11,SSW,19,0.0,,7
9/20/2000,1010.9,30.5,25.9,27.1,74,76,73,SW,9,SW,15,0.0,,7
9/21/2000,1010.6,30.6,26.0,29.0,72,77,68,SW,8,SW,10,0.0,,2
9/22/2000,1010.5,31.3,24.5,29.6,73,77,68,W,8,W,11,0.8,,2
9/23/2000,1010.3,31.2,22.0,28.7,79,84,73,W,11,W,25,21.2,,3
9/24/2000,1010.2,29.3,21.0,25.2,86,90,82,W,10,W,35,34.2,,8
9/25/2000,1010.1,30.0,22.8,28.5,74,78,73,W,15,W,30,23.5,,7
9/26/2000,1011.5,28.8,23.0,26.0,82,90,77,W,13,WSW,31,20.5,,8
9/27/2000,1010.7,29.3,24.1,27.6,83,90,77,WNW,12,NW,27,4.9,,7
9/28/2000,1011.3,30.0,23.2,27.5,80,86,71,WNW,10,NW,32,5.1,,6
9/29/2000,1011.8,28.6,22.3,26.5,85,95,76,VRB,4,W,16,0.0,,6
9/30/2000,1011.8,30.8,24.2,28.3,81,96,73,SW,7,SW,10,0.0,,2
10/1/2000,1011.9,30.8,26.2,28.8,75,90,68,SSW,6,SW,12,0.0,,6
10/2/2000,1011.5,31.0,23.6,29.5,74,81,70,S,10,S,18,0.0,,5
10/3/2000,1011.3,31.2,25.0,28.4,80,95,74,VRB,1,CALM,5,0.0,,5
10/4/2000,1010.8,31.0,23.4,29.5,73,83,68,VRB,3,CALM,4,0.0,,2
10/5/2000,1011.1,31.0,23.6,28.3,81,87,75,VRB,3,WSW,15,6.9,,5
10/6/2000,1011.8,30.6,24.1,28.8,79,92,71,NW,7,NW,18,4.5,,4
10/7/2000,1011.9,30.6,24.5,29.1,77,81,75,W,11,WSW,28,0.5,,3
10/8/2000,1011.6,31.4,24.2,29.3,75,83,70,W,13,WNW,25,1.2,,5
10/9/2000,1010.0,31.4,23.8,29.0,80,92,72,W,7,W,22,42.4,,6
10/10/2000,1011.6,30.0,23.6,26.7,84,92,78,W,9,W,24,15.2,,8
10/11/2000,1013.0,30.6,22.5,27.9,83,95,74,W,13,SW,27,8.8,,6
10/12/2000,1012.8,31.2,23.9,29.2,75,78,71,SSW,10,W,23,0.8,,7
10/13/2000,1011.4,30.6,25.8,28.4,74,81,70,SW,9,SW,15,0.0,,6
10/14/2000,1010.8,30.7,23.9,29.0,77,78,74,W,8,W,23,6.1,,4
10/15/2000,1011.8,30.7,24.8,28.7,77,81,75,WSW,11,W,20,0.3,,7
10/16/2000,1011.7,31.4,24.8,29.4,76,81,73,WSW,11,WSW,26,4.6,,3
10/17/2000,1011.0,31.4,23.4,29.7,74,78,71,SW,13,WSW,29,8.0,,6
10/18/2000,1010.4,30.0,22.5,28.1,80,84,75,WSW,14,WSW,32,21.5,,7
10/19/2000,1011.0,30.6,25.2,28.9,78,80,74,WSW,15,WSW,28,0.0,,6
10/20/2000,1012.0,30.4,23.1,28.9,80,86,74,WSW,10,NW,25,6.3,,5
10/21/2000,1012.8,30.0,23.4,27.9,81,91,75,VRB,6,NW,22,16.4,,5
10/22/2000,1012.6,30.7,25.5,28.0,83,92,74,VRB,5,WSW,16,0.0,,7
10/23/2000,1012.0,30.8,24.8,28.3,79,86,73,WSW,9,W,21,0.5,,7
10/24/2000,1011.6,30.8,23.4,29.2,77,83,73,WSW,9,SW,23,20.7,,6
10/25/2000,1012.3,30.0,24.3,27.3,86,88,78,W,9,W,24,1.5,,7
10/26/2000,1011.5,30.9,25.4,29.1,76,80,72,W,12,W,24,0.0,,3
10/27/2000,1011.2,31.1,26.8,29.8,73,78,70,W,11,W,20,0.0,,2
10/28/2000,1012.3,31.3,26.4,29.6,75,80,73,W,11,W,19,0.5,,2
10/29/2000,1012.7,31.2,25.6,29.6,70,76,68,W,10,W,17,0.0,,1
10/30/2000,1012.0,30.8,26.0,29.3,70,77,68,WNW,9,WNW,15,0.0,,2
10/31/2000,1011.1,30.8,26.0,29.3,69,75,65,NW,10,NW,17,0.0,,4
11/1/2000,1010.5,31.0,23.6,29.0,77,80,73,W,9,NW,25,6.8,,4
11/2/2000,1010.3,30.4,25.0,28.3,82,90,74,W,9,W,20,0.1,,5
11/3/2000,1011.2,30.5,25.8,28.6,79,89,74,W,6,W,15,2.3,,5
11/4/2000,1012.4,30.8,24.8,29.3,74,81,69,NW,6,NW,12,5.5,,2
11/5/2000,1011.4,30.7,23.0,27.8,86,92,83,VRB,5,SSW,20,16.8,,6
11/6/2000,1010.5,30.0,24.4,27.7,83,89,74,W,11,W,24,0.2,,7
11/7/2000,1011.0,30.4,23.4,25.5,82,89,73,SW,9,W,23,24.5,,6
11/8/2000,1011.0,27.4,22.2,25.5,87,92,81,SW,9,SW,23,41.4,,8
11/9/2000,1010.2,29.7,23.5,26.7,82,90,74,W,14,NW,26,28.0,,8
11/10/2000,1010.1,30.7,22.6,28.0,79,86,73,NW,14,NW,24,16.0,,6
11/11/2000,1011.3,30.0,25.6,28.1,82,87,78,NW,7,NW,8,0.0,,7
11/12/2000,1009.2,30.7,25.2,29.3,75,81,72,N,6,N,10,0.0,,2
11/13/2000,1007.5,30.7,24.4,28.9,78,83,71,NNW,7,NNW,18,19.8,,5
11/14/2000,1008.4,29.2,24.2,26.6,88,93,82,VRB,4,NE,12,3.4,,8
11/15/2000,1008.6,30.5,23.8,27.7,84,96,76,ESE,6,NE,22,2.2,,6
11/16/2000,1009.2,29.0,24.6,27.1,84,95,77,VRB,2,NE,8,0.0,,8
11/17/2000,1008.4,31.6,23.8,28.9,77,83,72,VRB,3,N,10,31.7,,8
11/18/2000,1008.8,30.0,22.7,27.3,85,95,78,VRB,5,NW,10,38.6,,7
11/19/2000,1010.8,28.6,24.8,27.0,82,88,77,WSW,13,WSW,24,0.0,,8
11/20/2000,1011.0,30.4,26.7,28.8,76,84,73,W,9,W,14,0.0,,7
11/21/2000,1009.8,31.0,24.2,29.4,78,87,72,W,10,W,18,31.6,,6
11/22/2000,1010.5,30.0,23.5,27.8,84,93,71,W,7,W,20,1.9,,7
11/23/2000,1011.8,31.1,26.9,29.7,75,83,72,WSW,11,WSW,18,0.0,,6
11/24/2000,1012.3,31.0,26.5,29.5,75,80,72,W,9,W,15,0.0,,6
11/25/2000,1012.0,31.0,26.5,29.7,75,79,72,W,8,W,10,0.0,,4
11/26/2000,1011.6,31.0,24.2,29.5,77,83,72,NW,8,NW,12,9.3,,3
11/27/2000,1011.7,31.2,26.0,29.1,79,84,76,NW,9,NW,16,1.0,,4
11/28/2000,1010.9,30.8,23.4,29.4,75,79,73,WNW,11,WNW,20,11.3,,3
11/29/2000,1010.6,31.2,22.6,28.8,73,79,70,WNW,10,W,28,12.5,,5
11/30/2000,1012.0,30.8,22.6,28.8,77,80,73,WNW,12,WNW,20,46.6,,7
12/1/2000,1011.4,30.7,24.0,28.2,81,88,71,WNW,9,NW,15,17.4,,6
12/2/2000,1011.6,30.0,24.0,27.9,86,89,78,NNW,7,WNW,13,7.0,,7
12/3/2000,1011.8,30.5,25.7,28.7,78,86,76,NNE,6,NNE,13,0.0,,4
12/4/2000,1011.5,30.8,25.6,29.4,71,78,69,N,6,N,12,0.0,,3
12/5/2000,1011.2,30.6,24.2,29.2,72,78,70,VRB,5,N,9,0.6,,3
12/6/2000,1011.5,30.8,24.6,28.8,79,86,73,WNW,6,WNW,14,4.3,,4
12/7/2000,1011.2,30.7,24.4,28.4,84,93,74,W,7,WNW,15,1.5,,4
12/8/2000,1011.2,29.4,24.4,27.7,80,84,75,WSW,9,WSW,13,0.9,,6
12/9/2000,1010.6,30.7,25.0,28.6,76,84,69,VRB,5,NW,10,0.0,,7
12/10/2000,1010.9,31.1,23.2,29.1,79,87,75,VRB,5,NNE,9,0.0,,6
12/11/2000,1011.8,31.0,22.2,28.8,78,92,72,VRB,3,N,18,39.7,,4
12/12/2000,1011.6,30.7,26.2,29.0,78,83,75,NE,6,NE,14,0.0,,4
12/13/2000,1011.3,30.6,26.0,29.0,76,84,71,NNE,7,NNE,13,0.0,,3
12/14/2000,1010.9,31.0,26.0,29.4,75,78,72,NNE,6,NNE,8,0.0,,2
12/15/2000,1010.8,30.6,25.2,29.1,77,83,73,VRB,5,NNE,7,0.0,,3
12/16/2000,1012.2,30.4,22.1,26.6,86,95,75,NNE,9,NW,20,13.0,,5
12/17/2000,1012.6,30.5,25.4,28.7,76,84,73,NNE,6,NNE,10,0.0,,4
12/18/2000,1011.7,31.0,24.6,29.0,76,77,74,NNE,8,N,18,13.5,,4
12/19/2000,1010.0,30.5,25.5,28.6,82,87,78,VRB,5,N,10,0.0,,8
12/20/2000,1010.6,30.6,24.0,29.0,76,84,71,VRB,5,WNW,7,0.0,,2
12/21/2000,1010.9,30.7,25.6,29.0,77,86,74,VRB,3,CALM,5,0.0,,5
12/22/2000,1010.8,30.6,25.0,28.9,77,84,73,VRB,5,NNW,9,0.0,,5
12/23/2000,1010.3,31.0,25.0,28.5,82,87,77,VRB,4,NNE,8,9.7,,6
12/24/2000,1010.8,29.9,22.8,27.4,85,93,74,VRB,5,S,9,33.0,,8
12/25/2000,1011.0,30.5,26.0,28.9,77,84,71,NW,7,NW,10,0.0,,7
12/26/2000,1011.0,30.6,26.4,29.3,79,84,75,NW,11,NW,17,0.0,,6
12/27/2000,1010.5,30.9,22.7,29.1,78,81,74,NW,10,W,25,15.0,,6
12/28/2000,1010.7,28.2,23.9,27.0,88,95,82,W,13,WNW,25,6.3,,8
12/29/2000,1010.4,30.5,25.0,29.1,74,77,71,NW,9,NNW,13,0.0,,7
12/30/2000,1010.6,30.5,23.0,29.1,73,78,70,NNW,8,NNW,11,0.0,,2
12/31/2000,1010.6,30.5,23.6,28.7,72,79,67,VRB,5,NNW,10,0.0,,1
1/1/2001,1010.4,30.5,25.6,28.7,72,85,64,NNE,6,N,10,0.0,,2
1/2/2001,1010.7,30.7,25.9,28.9,76,83,73,VRB,4,NNE,7,0.0,,7
1/3/2001,1011.0,31.0,26.0,29.2,76,83,71,VRB,4,NNE,6,0.0,,2
1/4/2001,1010.9,31.0,25.6,29.5,73,81,70,VRB,4,E,8,0.0,,3
1/5/2001,1010.8,31.0,26.2,29.3,71,81,64,VRB,3,NNE,7,0.0,,2
1/6/2001,1011.4,31.4,25.0,29.5,71,81,66,VRB,3,CALM,5,0.0,,2
1/7/2001,1009.9,30.7,26.5,29.4,76,81,73,NE,8,NE,14,0.0,,2
1/8/2001,1009.5,30.9,26.0,29.3,74,77,71,NNE,9,NNE,14,0.0,,2
1/9/2001,1010.6,30.6,25.3,29.1,72,75,71,NNE,7,NNE,12,0.0,,2
1/10/2001,1011.4,30.6,25.9,29.2,71,77,68,NNE,6,NNW,10,0.0,,2
1/11/2001,1009.7,30.7,24.4,29.2,73,76,70,NNE,8,NNE,14,0.0,,3
1/12/2001,1009.8,30.8,24.8,29.3,75,81,71,VRB,5,NE,10,12.5,,2
1/13/2001,1010.8,31.5,26.3,29.8,77,87,72,VRB,3,E,6,0.0,,3
1/14/2001,1011.2,31.5,23.9,29.7,73,81,68,VRB,3,CALM,5,0.0,,2
1/15/2001,1012.0,31.0,26.5,29.5,76,84,72,VRB,4,NE,8,0.0,,2
1/16/2001,1011.7,30.9,26.4,29.3,73,77,69,NE,7,NE,10,0.0,,3
1/17/2001,1011.1,31.6,26.2,29.7,72,80,66,NE,5,NE,7,0.0,,5
1/18/2001,1010.5,30.8,24.8,29.2,73,77,69,NNE,8,NNE,12,0.0,,2
1/19/2001,1010.0,31.0,25.4,29.4,75,81,72,NNE,8,NNE,13,0.7,,6
1/20/2001,1010.3,31.2,26.1,29.4,78,81,75,NE,6,NE,11,0.0,,7
1/21/2001,1009.7,31.0,23.6,29.3,77,81,73,VRB,5,NNE,12,7.1,,5
1/22/2001,1010.1,29.4,24.6,26.9,84,90,81,NW,7,NW,18,0.1,,8
1/23/2001,1009.6,30.4,23.6,28.6,75,83,70,VRB,5,NNW,8,0.0,,7
1/24/2001,1010.0,30.6,22.5,28.4,78,88,71,VRB,1,NNE,6,0.0,,5
1/25/2001,1010.2,30.2,25.4,28.7,78,84,74,WNW,9,W,20,1.6,,5
1/26/2001,1009.5,30.7,21.8,28.6,79,86,74,NW,12,NW,17,7.9,,7
1/27/2001,1010.4,28.0,21.6,26.8,79,82,74,NNW,14,NNW,30,0.0,,8
1/28/2001,1010.1,30.4,22.8,28.8,77,86,71,WNW,9,NNW,13,0.0,,7
1/29/2001,1010.3,30.6,25.0,28.3,80,90,71,NNW,7,NNW,12,0.0,,7
1/30/2001,1009.5,30.6,26.0,29.0,77,87,72,NNW,10,N,18,0.0,,3
1/31/2001,1009.2,30.8,25.6,29.1,77,81,73,NNE,8,NNE,13,0.0,,7
2/1/2001,1009.1,30.6,22.8,28.8,81,89,75,VRB,3,NNE,10,0.0,,7
2/2/2001,1008.8,30.7,22.8,28.3,81,95,73,VRB,4,NW,9,0.0,,6
2/3/2001,1009.5,31.0,23.3,28.3,79,96,69,VRB,5,SW,8,0.0,,4
2/4/2001,1010.2,31.3,26.2,28.9,77,93,70,SW,7,SW,10,0.0,,3
2/5/2001,1010.6,31.8,24.2,29.7,74,81,70,SW,6,W,13,0.0,,3
2/6/2001,1010.6,31.0,26.2,29.4,81,92,73,NNW,7,NNW,17,0.0,,6
2/7/2001,1010.5,31.2,25.6,29.6,77,85,73,N,8,N,23,0.0,,3
2/8/2001,1010.5,31.4,24.0,29.3,77,90,68,VRB,5,N,14,0.0,,5
2/9/2001,1011.4,31.6,23.4,29.7,68,74,63,VRB,4,ENE,12,0.0,,2
2/10/2001,1011.7,31.6,26.0,28.9,74,85,69,VRB,4,E,14,0.0,,4
2/11/2001,1010.8,30.6,25.7,29.1,70,84,63,NNE,8,NNE,17,0.0,,2
2/12/2001,1011.2,30.3,21.0,28.9,66,71,61,NNE,6,NNE,17,0.0,,1
2/13/2001,1011.3,30.6,26.0,28.8,67,75,61,NE,7,NNE,17,0.0,,1
2/14/2001,1010.5,31.0,24.2,29.3,68,73,64,NE,7,NE,16,0.0,,2
2/15/2001,1011.9,31.0,25.7,29.1,70,80,65,VRB,5,N,17,0.0,,3
2/16/2001,1012.8,31.2,25.6,29.5,72,80,66,N,6,N,17,0.0,,3
2/17/2001,1012.6,31.0,22.1,29.1,73,80,68,NNW,6,NW,17,0.0,,4
2/18/2001,1011.1,30.6,23.7,28.3,75,91,66,VRB,4,NNW,14,0.0,,1
2/19/2001,1012.5,31.4,26.1,29.4,76,87,69,N,6,N,17,0.0,,3
2/20/2001,1013.0,31.0,23.6,28.7,80,87,75,NNW,8,NNW,23,0.0,,4
2/21/2001,1011.4,31.3,24.6,28.9,79,92,75,VRB,4,N,14,0.0,,2
2/22/2001,1010.6,31.4,26.8,29.5,76,86,69,NNE,6,NNE,17,0.0,,2
2/23/2001,1011.3,31.6,24.2,29.8,70,74,66,NNE,7,NNE,16,0.0,,2
2/24/2001,1011.8,31.7,21.9,29.3,73,84,68,VRB,5,N,16,0.0,,3
2/25/2001,1011.5,30.7,21.3,28.9,72,95,63,VRB,4,NNW,16,0.0,,2
2/26/2001,1010.9,30.9,21.5,28.2,71,93,62,VRB,3,NW,12,0.0,,1
2/27/2001,1011.7,31.6,22.8,28.6,71,91,60,VRB,3,ENE,10,0.0,,2
2/28/2001,1012.6,32.0,26.0,29.9,65,77,59,VRB,3,E,10,0.0,,1
3/1/2001,1011.6,31.8,25.0,27.5,62,67,59,VRB,4,ENE,12,0.0,,1
3/2/2001,1012.2,31.6,24.6,27.2,64,71,57,VRB,4,E,14,0.0,,3
3/3/2001,1012.3,32.2,26.2,29.9,63,70,57,VRB,4,ESE,10,0.0,,2
3/4/2001,1011.7,32.0,24.6,30.0,66,74,61,VRB,3,ESE,8,0.0,,2
3/5/2001,1012.4,30.5,24.4,27.9,77,87,70,VRB,5,SW,17,1.1,,5
3/6/2001,1011.7,31.2,26.7,29.0,78,86,72,NE,6,NNE,17,0.0,,5
3/7/2001,1012.0,31.7,27.0,30.1,73,80,67,NNE,7,N,19,0.0,,2
3/8/2001,1010.9,32.2,23.2,30.2,71,77,68,VRB,4,E,14,2.2,,2
3/9/2001,1011.1,32.0,26.0,29.2,74,91,66,VRB,4,ESE,10,0.0,,1
3/10/2001,1011.6,32.0,22.8,30.0,65,74,59,VRB,3,N,10,0.0,,1
3/11/2001,1012.5,31.6,25.0,29.1,73,93,64,VRB,5,NE,12,0.0,,1
3/12/2001,1011.6,32.0,26.8,29.9,71,84,63,VRB,4,NE,12,0.0,,2
3/13/2001,1010.7,32.5,27.2,30.5,71,77,65,VRB,4,NE,16,0.0,,2
3/14/2001,1011.4,32.4,22.5,30.5,70,79,65,VRB,5,NE,12,0.0,,2
3/15/2001,1012.3,32.0,24.6,28.8,76,95,67,VRB,3,ESE,8,0.0,,1
3/16/2001,1011.1,32.4,22.8,29.6,70,90,63,VRB,3,SE,8,0.0,,1
3/17/2001,1010.8,32.0,22.0,29.1,75,95,65,VRB,3,NNE,14,0.0,,1
3/18/2001,1010.7,31.8,22.2,28.7,76,93,68,VRB,3,SW,16,0.0,,1
3/19/2001,1011.6,31.9,23.9,28.9,76,95,67,VRB,4,WNW,13,0.0,,1
3/20/2001,1011.1,32.4,25.0,30.0,75,80,68,VRB,5,WNW,12,0.0,,3
3/21/2001,1010.3,32.3,26.6,30.3,72,83,65,WNW,6,WNW,16,0.0,,2
3/22/2001,1009.8,31.8,25.6,29.6,77,82,72,WNW,8,NW,23,1.3,,3
3/23/2001,1009.5,32.0,26.8,30.3,77,80,72,WNW,8,WNW,17,0.0,,3
3/24/2001,1009.9,32.2,25.1,30.3,77,83,75,WNW,8,WNW,25,0.1,,5
3/25/2001,1010.6,30.5,24.4,28.8,79,84,76,W,8,NW,21,0.3,,8
3/26/2001,1010.5,30.7,25.9,28.8,79,81,78,W,7,WNW,16,0.0,,8
3/27/2001,1009.6,32.0,26.5,30.1,76,86,71,WNW,6,WNW,14,0.0,,3
3/28/2001,1009.8,31.9,24.1,30.2,77,83,74,NW,7,WNW,17,0.0,,3
3/29/2001,1008.9,31.8,27.0,29.5,74,87,69,W,6,WNW,14,0.0,,2
3/30/2001,1009.7,32.2,24.1,30.1,74,80,70,WNW,7,N,23,0.7,,3
3/31/2001,1011.1,31.0,24.4,28.3,83,93,71,WNW,9,W,27,0.9,,8
4/1/2001,1010.2,32.1,26.4,30.4,75,78,71,NNW,8,NNW,19,0.0,,6
4/2/2001,1009.6,30.4,23.2,28.2,83,87,78,N,8,N,23,1.8,,6
4/3/2001,1009.2,32.0,23.8,29.1,79,96,70,VRB,4,N,14,0.0,,5
4/4/2001,1010.1,32.0,24.2,29.6,77,93,68,VRB,3,SW,8,0.0,,3
4/5/2001,1010.1,32.4,23.4,30.0,75,90,71,VRB,5,WNW,12,4.6,,3
4/6/2001,1010.2,32.2,26.0,29.5,75,96,66,SW,6,SW,12,0.0,,2
4/7/2001,1011.4,32.2,25.6,30.2,67,74,66,WSW,6,WSW,14,0.0,,2
4/8/2001,1010.5,32.0,27.5,30.0,69,75,66,W,7,WNW,16,0.0,,2
4/9/2001,1009.9,32.2,27.3,30.7,66,71,62,WNW,10,WNW,19,0.0,,3
4/10/2001,1010.8,32.4,27.3,30.7,70,75,67,WNW,9,WNW,17,0.0,,5
4/11/2001,1011.0,32.1,26.7,30.5,72,75,70,W,8,NW,25,0.0,,6
4/12/2001,1010.2,32.5,26.5,30.8,71,76,71,WNW,7,WNW,14,0.0,,4
4/13/2001,1010.6,32.1,24.3,30.3,73,78,69,WSW,6,WSW,21,11.3,,3
4/14/2001,1012.9,30.8,25.6,28.8,84,95,75,WSW,6,W,16,0.0,,5
4/15/2001,1012.6,32.2,24.6,30.2,77,86,71,S,7,S,16,1.0,,3
4/16/2001,1012.2,31.4,25.6,29.3,82,90,76,VRB,4,NNW,16,0.1,,4
4/17/2001,1011.3,32.0,26.2,29.7,78,90,71,NW,7,N,23,0.3,,4
4/18/2001,1010.6,32.3,26.0,30.6,74,78,71,WNW,7,NW,16,0.0,,6
4/19/2001,1010.2,30.1,23.8,27.6,87,92,80,WNW,11,W,41,30.4,,8
4/20/2001,1009.3,31.4,24.0,28.5,81,90,74,NW,11,WNW,27,19.0,,7
4/21/2001,1009.2,28.4,23.5,26.9,87,95,82,NW,12,NW,35,19.6,,8
4/22/2001,1009.6,30.0,23.4,26.8,88,98,81,W,16,WNW,39,61.9,,7
4/23/2001,1009.1,31.2,24.0,29.5,80,86,76,W,11,W,33,2.6,,7
4/24/2001,1010.3,30.3,22.0,27.4,89,93,85,W,10,NW,41,29.2,,8
4/25/2001,1010.1,31.6,25.4,29.5,81,90,70,W,9,W,23,4.0,,7
4/26/2001,1011.6,31.7,23.2,27.7,88,97,79,W,10,WNW,34,32.9,,7
4/27/2001,1010.1,31.7,27.0,29.7,81,85,77,W,9,W,29,0.0,,6
4/28/2001,1009.0,31.3,26.1,27.6,80,85,76,W,11,W,25,0.0,,4
4/29/2001,1009.7,30.5,25.8,28.9,81,86,77,WNW,11,NW,27,0.0,,8
4/30/2001,1010.3,31.8,27.0,30.4,75,79,72,WNW,11,WNW,23,0.0,,3
5/1/2001,1010.4,31.8,23.2,29.8,80,83,77,WSW,10,WSW,29,13.0,,5
5/2/2001,1009.4,31.6,23.6,29.9,77,81,73,WSW,12,WSW,21,0.0,,6
5/3/2001,1008.1,31.8,27.4,30.5,75,79,72,W,12,WSW,25,0.0,,4
5/4/2001,1009.3,32.0,28.0,30.4,76,81,71,W,12,W,23,0.0,,6
5/5/2001,1010.5,31.0,23.8,27.8,83,87,78,W,10,W,31,36.4,,6
5/6/2001,1010.0,31.6,24.8,29.8,76,81,70,W,12,W,29,3.6,,5
5/7/2001,1011.5,31.0,24.3,28.0,81,87,76,WSW,10,W,33,6.4,,6
5/8/2001,1010.5,32.0,27.0,30.4,77,85,72,W,9,W,19,0.0,,3
5/9/2001,1010.7,32.0,27.2,30.3,78,85,74,W,8,NW,25,0.0,,3
5/10/2001,1011.2,31.8,27.4,30.2,76,80,72,NW,12,WNW,23,0.0,,3
5/11/2001,1011.4,31.8,26.4,30.4,76,80,72,WNW,9,WNW,19,0.1,,5
5/12/2001,1011.5,31.4,27.0,30.1,74,79,71,WSW,10,WSW,19,0.0,,6
5/13/2001,1010.4,31.5,25.4,30.1,74,80,69,SW,8,W,24,6.0,,2
5/14/2001,1010.2,32.1,25.0,30.2,74,86,67,VRB,4,SW,10,0.0,,2
5/15/2001,1011.1,31.6,26.3,27.8,73,81,66,WSW,6,SW,16,0.0,,2
5/16/2001,1011.6,31.6,27.0,30.2,73,79,68,SW,8,SSW,16,0.0,,2
5/17/2001,1012.5,31.7,26.4,30.1,72,76,68,SW,9,SW,17,0.0,,3
5/18/2001,1011.7,31.6,25.6,29.9,73,81,69,SW,9,SW,21,0.2,,4
5/19/2001,1011.7,31.4,26.4,29.3,77,86,72,W,10,W,19,0.0,,6
5/20/2001,1010.7,31.6,25.4,30.0,73,79,69,NW,6,NW,14,0.0,,3
5/21/2001,1010.4,31.6,24.1,30.0,73,80,67,VRB,5,SW,14,0.0,,3
5/22/2001,1010.3,32.0,24.6,29.8,76,92,70,VRB,5,SSW,14,0.7,,2
5/23/2001,1010.7,32.0,27.0,30.4,77,87,69,VRB,5,S,12,0.0,,3
5/24/2001,1010.1,32.6,23.1,30.7,73,80,67,VRB,4,ESE,12,0.0,,2
5/25/2001,1008.7,32.0,23.6,29.6,75,95,68,VRB,3,WSW,27,9.9,,2
5/26/2001,1009.9,30.6,22.7,28.1,77,90,69,WNW,13,NW,33,0.0,,7
5/27/2001,1010.4,31.4,26.8,29.0,76,95,67,VRB,3,S,12,0.0,,5
5/28/2001,1010.5,32.2,24.4,30.3,75,86,70,S,7,SSW,16,3.7,,6
5/29/2001,1011.1,30.6,23.6,26.6,89,98,81,VRB,4,W,25,6.5,,8
5/30/2001,1010.6,31.6,24.5,29.8,76,84,70,W,7,W,17,4.4,,6
5/31/2001,1010.1,31.3,24.4,29.2,78,84,72,W,8,NNW,29,0.5,,6
6/1/2001,1010.0,30.4,24.8,28.3,77,79,71,W,9,WNW,33,6.8,,8
6/2/2001,1010.8,31.6,26.4,30.0,75,78,72,W,10,WNW,21,0.8,,7
6/3/2001,1010.7,31.6,25.0,29.8,75,78,72,WNW,10,WNW,24,1.5,,8
6/4/2001,1010.0,31.0,24.6,28.9,78,82,74,W,10,W,31,6.4,,7
6/5/2001,1009.5,31.2,24.8,29.4,74,80,69,W,10,W,31,2.2,,7
6/6/2001,1008.1,31.6,27.0,30.2,73,78,70,WNW,11,WNW,19,0.0,,4
6/7/2001,1007.7,31.6,26.8,30.1,75,82,70,WNW,9,WNW,17,0.0,,5
6/8/2001,1007.7,32.0,27.0,30.6,76,79,73,WNW,8,WNW,16,0.0,,6
6/9/2001,1008.7,31.8,24.5,30.2,74,77,71,W,6,WSW,14,0.5,,6
6/10/2001,1009.0,31.6,26.4,29.7,76,87,66,W,6,W,16,0.0,,6
6/11/2001,1008.9,31.5,26.3,29.8,76,84,71,WSW,7,SW,14,0.0,,4
6/12/2001,1009.9,31.3,26.4,29.7,75,79,72,WSW,7,WSW,16,0.0,,5
6/13/2001,1011.3,31.0,25.0,29.7,73,80,68,SW,7,SW,14,0.0,,2
6/14/2001,1011.3,31.5,24.0,29.6,69,81,63,W,6,WSW,12,0.0,,1
6/15/2001,1011.6,31.6,25.6,29.8,69,77,63,VRB,5,NW,16,0.0,,3
6/16/2001,1011.0,31.4,26.2,29.5,75,77,71,NW,6,NW,14,0.0,,6
6/17/2001,1011.0,30.8,22.0,29.0,76,80,72,VRB,4,SW,9,0.0,,7
6/18/2001,1011.3,31.1,22.9,28.7,77,98,69,VRB,3,SSE,10,0.0,,1
6/19/2001,1012.1,31.5,23.6,29.1,77,95,68,VRB,3,SE,8,0.0,,1
6/20/2001,1012.3,32.3,23.0,29.8,72,83,65,VRB,3,SSW,11,0.0,,2
6/21/2001,1012.0,31.4,24.4,28.9,77,95,68,VRB,4,SW,13,0.0,,2
6/22/2001,1011.9,31.8,25.0,29.9,73,83,66,W,7,W,22,2.8,,4
6/23/2001,1011.8,31.0,24.4,28.9,75,80,69,WSW,11,WNW,37,2.3,,7
6/24/2001,1011.3,31.2,26.2,29.6,74,78,71,SW,7,SW,14,0.0,,8
6/25/2001,1011.9,31.4,22.0,29.7,77,79,73,SW,6,WNW,34,7.0,,6
6/26/2001,1011.8,31.4,24.6,29.2,79,90,73,WNW,7,WNW,15,0.3,,7
6/27/2001,1012.2,31.8,24.6,29.7,78,89,73,W,7,W,19,2.7,,5
6/28/2001,1012.4,31.1,25.0,29.5,76,82,72,WSW,7,SW,18,1.4,,8
6/29/2001,1011.2,30.7,26.6,28.9,78,83,72,SW,7,SW,17,0.0,,8
6/30/2001,1011.1,31.0,24.6,29.3,73,76,69,SW,7,SW,13,0.0,,7
7/1/2001,1011.8,31.3,24.0,29.1,71,84,66,VRB,4,SW,10,0.0,,4
7/2/2001,1012.7,31.4,26.3,29.5,73,81,69,WSW,6,W,11,0.0,,5
7/3/2001,1011.4,31.4,26.4,29.6,69,75,64,W,7,WSW,14,0.0,,3
7/4/2001,1010.7,31.4,26.6,29.7,71,75,68,W,8,WSW,16,0.0,,4
7/5/2001,1009.9,31.7,26.4,30.1,70,74,66,W,9,W,18,0.0,,2
7/6/2001,1010.3,31.5,24.4,29.0,75,83,68,W,10,WNW,28,1.7,,6
7/7/2001,1010.3,31.6,21.0,29.7,79,90,73,SW,8,SW,16,31.9,,5
7/8/2001,1010.7,30.2,22.1,25.7,85,90,74,NW,11,N,54,8.2,,8
7/9/2001,1009.3,31.0,26.5,29.7,75,80,72,SSW,9,SSW,18,0.0,,8
7/10/2001,1010.2,30.9,25.3,29.3,77,80,70,S,6,S,14,0.9,,8
7/11/2001,1010.1,31.1,26.8,29.6,76,80,72,S,7,S,12,0.0,,8
7/12/2001,1009.9,31.4,25.0,29.7,73,77,71,SSE,6,SSW,13,0.2,,3
7/13/2001,1010.7,31.4,24.4,29.4,76,80,71,WSW,6,SW,16,4.2,,5
7/14/2001,1011.8,31.4,25.6,29.4,80,93,72,W,4,WSW,10,0.0,,5
7/15/2001,1012.6,31.5,24.2,29.7,77,87,71,NW,6,NW,19,3.4,,6
7/16/2001,1013.0,30.7,22.8,28.7,79,86,73,W,5,WNW,15,19.5,,8
7/17/2001,1013.0,28.5,22.7,26.0,86,93,74,WSW,6,WSW,26,3.4,,8
7/18/2001,1011.3,30.7,23.0,27.0,84,93,71,NNW,6,WSW,28,64.9,,7
7/19/2001,1010.6,30.6,24.0,28.3,79,87,71,NNW,4,N,15,0.6,,7
7/20/2001,1010.9,31.2,24.6,28.8,78,84,71,NNW,7,N,31,3.0,,6
7/21/2001,1010.2,31.0,26.0,29.4,75,83,69,NW,8,NNW,21,0.0,,7
7/22/2001,1010.3,31.4,22.8,27.6,82,90,71,W,5,WNW,27,20.8,,7
7/23/2001,1010.8,30.4,24.0,27.2,86,96,75,WNW,8,WNW,34,0.4,,7
7/24/2001,1010.2,30.8,22.8,29.1,74,84,69,SW,5,W,28,5.1,,5
7/25/2001,1010.3,30.5,24.0,27.8,81,95,70,W,5,NW,30,0.3,,7
7/26/2001,1010.9,30.0,23.5,28.2,79,87,74,W,6,WSW,26,18.0,,8
7/27/2001,1011.1,29.3,23.5,28.0,79,84,75,W,7,W,24,4.3,,8
7/28/2001,1011.2,30.0,26.7,28.6,77,78,76,WSW,11,WSW,20,0.0,,8
7/29/2001,1012.5,30.7,22.4,29.3,70,72,68,WSW,6,SW,12,0.0,,8
7/30/2001,1011.8,30.6,23.6,28.2,77,96,65,VRB,3,WSW,10,0.0,,4
7/31/2001,1012.4,30.8,22.4,28.9,73,90,65,WSW,4,W,27,0.4,,6
8/1/2001,1012.7,30.4,23.0,27.7,80,95,70,NNW,7,NNW,38,27.5,,6
8/2/2001,1011.3,31.2,22.6,29.4,75,81,71,NW,9,NNW,20,16.6,,7
8/3/2001,1011.2,29.6,22.6,26.7,84,89,74,W,10,NW,32,6.9,,7
8/4/2001,1011.8,30.8,23.2,29.3,76,84,71,SW,5,SW,12,0.0,,7
8/5/2001,1012.1,31.3,23.0,29.0,79,92,72,N,7,NNW,22,18.8,,5
8/6/2001,1012.2,30.4,24.1,26.9,81,92,73,S,6,N,19,0.0,,8
8/7/2001,1010.6,31.0,24.0,29.5,74,78,69,NW,6,NNW,15,0.0,,5
8/8/2001,1011.6,31.4,22.8,28.6,79,93,71,W,4,W,14,0.0,,7
8/9/2001,1012.5,31.4,23.5,28.7,77,96,67,NNW,4,NNW,13,0.0,,2
8/10/2001,1012.3,31.5,24.0,29.2,78,95,70,NNW,6,NNW,17,1.5,,4
8/11/2001,1011.9,30.8,23.2,28.6,80,95,71,WSW,4,WNW,23,7.0,,6
8/12/2001,1011.2,31.4,26.4,29.9,75,81,72,SW,7,SW,15,0.3,,2
8/13/2001,1011.0,31.4,26.5,29.9,76,83,72,SSW,8,SSW,16,0.0,,3
8/14/2001,1012.5,31.5,27.0,29.7,75,82,69,S,7,S,14,0.0,,6
8/15/2001,1013.6,32.4,26.4,30.1,74,75,72,S,8,S,15,0.0,,2
8/16/2001,1012.6,32.5,26.4,30.2,76,84,71,S,7,SSW,18,0.0,,3
8/17/2001,1012.1,31.8,26.2,30.0,79,85,74,S,10,S,19,1.4,,4
8/18/2001,1012.1,31.7,26.0,29.9,77,82,71,SSW,7,SSW,15,0.0,,6
8/19/2001,1012.4,31.9,25.5,29.8,76,86,69,SW,10,SW,19,3.1,,5
8/20/2001,1012.4,31.5,26.3,29.5,78,82,72,SSW,9,SSW,18,0.0,,6
8/21/2001,1012.6,31.5,23.9,30.0,75,83,72,S,7,SSW,14,0.0,,4
8/22/2001,1011.5,31.5,23.7,29.3,79,95,72,S,4,SSW,12,6.0,,3
8/23/2001,1011.0,31.2,23.7,28.5,84,93,75,SW,4,WSW,27,23.5,,6
8/24/2001,1011.3,30.0,23.8,26.8,84,92,75,SSW,8,WNW,22,24.1,,7
8/25/2001,1012.3,30.4,23.0,28.6,77,82,71,SSE,5,S,21,2.5,,7
8/26/2001,1012.0,31.6,22.1,29.1,77,95,69,VRB,2,W,18,65.9,,6
8/27/2001,1012.2,30.0,23.8,27.1,78,88,69,NW,7,NNW,21,7.3,,7
8/28/2001,1012.2,28.1,23.7,25.8,88,93,83,N,6,NW,23,14.2,,8
8/29/2001,1011.8,29.1,23.1,26.9,86,90,81,NNW,7,NW,23,6.8,,8
8/30/2001,1010.9,30.9,22.3,28.6,79,90,71,WNW,4,NNW,26,7.2,,5
8/31/2001,1011.2,29.4,23.6,27.0,83,92,78,W,5,SW,16,6.2,,8
9/1/2001,1011.4,28.7,22.7,25.6,90,93,81,NNW,7,NNW,42,18.8,,8
9/2/2001,1011.2,30.7,24.7,28.6,78,86,73,NW,12,NW,26,0.0,,7
9/3/2001,1012.0,31.4,24.2,28.8,78,87,71,NNW,7,NW,23,2.1,,7
9/4/2001,1012.9,30.3,25.6,28.6,79,85,74,NW,6,WNW,13,0.0,,6
9/5/2001,1012.4,30.7,25.4,28.9,78,85,73,NW,6,NW,13,0.0,,7
9/6/2001,1012.4,30.9,23.4,29.1,80,84,76,W,6,SW,27,9.2,,7
9/7/2001,1012.6,30.8,23.1,28.5,82,96,75,SW,6,SW,19,12.2,,5
9/8/2001,1013.5,29.8,22.1,24.9,93,95,92,NW,8,NNW,31,16.7,,8
9/9/2001,1012.0,30.8,24.6,29.2,75,80,72,W,7,NW,18,1.5,,6
9/10/2001,1011.4,30.3,24.3,27.8,85,95,77,WNW,7,NNW,29,26.2,,7
9/11/2001,1010.8,31.0,22.5,29.2,75,81,71,W,9,NW,25,42.2,,6
9/12/2001,1012.0,28.6,22.6,25.4,91,95,84,W,8,SW,26,91.3,,8
9/13/2001,1011.0,29.1,22.6,27.7,81,92,75,NW,11,W,36,26.6,,8
9/14/2001,1009.7,29.7,23.0,27.9,80,87,74,NW,13,NNW,30,8.8,,7
9/15/2001,1011.3,30.4,24.2,27.6,82,92,78,NW,8,NW,32,0.1,,8
9/16/2001,1011.3,31.2,26.0,29.5,79,84,76,NW,11,NW,23,0.0,,6
9/17/2001,1011.5,31.3,24.8,29.4,77,83,72,WNW,7,WNW,15,1.2,,6
9/18/2001,1011.0,31.2,26.1,29.4,76,84,72,SW,8,W,17,0.0,,4
9/19/2001,1011.6,31.2,23.4,29.3,75,81,70,W,9,SW,27,11.7,,4
9/20/2001,1011.9,30.4,24.4,28.1,81,86,74,WNW,10,WNW,26,0.0,,7
9/21/2001,1011.8,30.6,23.8,28.8,75,79,71,W,9,W,25,14.7,,6
9/22/2001,1012.1,30.8,24.2,28.9,75,82,70,SSW,10,WSW,28,0.0,,7
9/23/2001,1012.0,31.0,26.0,29.5,73,80,69,SSW,8,SSW,16,1.1,,3
9/24/2001,1012.2,31.4,25.0,29.3,74,83,69,SW,7,SW,19,2.0,,7
9/25/2001,1011.3,30.7,26.1,29.4,72,76,67,WSW,9,WSW,16,0.0,,6
9/26/2001,1010.2,30.4,26.1,28.8,72,74,71,W,7,WSW,14,0.0,,7
9/27/2001,1010.2,30.8,26.4,29.4,72,75,71,W,8,W,16,0.0,,6
9/28/2001,1010.6,31.5,27.0,29.7,74,86,68,W,10,W,21,0.0,,4
9/29/2001,1010.9,31.7,26.2,29.9,71,75,68,W,9,W,18,0.0,,6
9/30/2001,1010.9,30.5,22.8,28.2,77,81,75,WNW,7,W,32,8.7,,6
10/1/2001,1011.1,31.0,23.1,28.5,80,90,73,WNW,11,NW,29,13.1,,7
10/2/2001,1012.0,29.4,24.4,28.1,81,85,76,NW,13,WNW,30,2.5,,8
10/3/2001,1011.7,31.0,24.0,29.2,76,82,73,WNW,10,WSW,24,10.0,,5
10/4/2001,1012.0,30.1,24.7,28.2,82,90,78,W,10,WNW,24,13.5,,7
10/5/2001,1011.4,30.6,26.9,29.3,76,82,72,WNW,12,WNW,24,0.0,,7
10/6/2001,1011.3,31.3,27.0,29.8,75,80,72,WNW,13,WNW,25,0.0,,4
10/7/2001,1011.8,31.4,24.8,29.9,74,78,71,WNW,11,W,24,0.4,,7
10/8/2001,1011.6,31.2,26.2,29.4,75,82,70,W,8,WSW,22,0.0,,5
10/9/2001,1011.8,31.0,26.4,29.5,75,79,70,WSW,10,SW,18,0.1,,7
10/10/2001,1012.6,31.4,26.4,29.7,73,79,70,WSW,9,WSW,16,0.0,,7
10/11/2001,1013.2,31.3,26.1,29.7,73,80,69,SW,7,SW,14,0.0,,5
10/12/2001,1012.9,31.4,26.5,29.8,74,80,69,SSW,8,SSW,17,0.3,,3
10/13/2001,1011.9,31.3,26.0,29.8,72,79,68,SW,10,SSW,18,0.0,,2
10/14/2001,1011.0,31.2,26.2,29.6,71,80,67,WSW,7,WNW,15,0.0,,2
10/15/2001,1011.6,31.4,25.7,29.3,75,82,68,WNW,8,WNW,30,0.0,,4
10/16/2001,1012.0,31.0,22.4,27.3,82,90,74,W,13,W,37,77.3,,7
10/17/2001,1012.5,29.0,23.6,26.5,85,93,77,WNW,11,W,27,2.8,,8
10/18/2001,1011.4,31.3,24.0,29.5,74,84,68,W,10,NW,28,8.1,,6
10/19/2001,1013.0,29.9,23.6,27.7,84,90,79,WSW,8,WSW,17,0.8,,7
10/20/2001,1013.2,30.1,24.1,27.8,82,90,71,W,6,WNW,24,8.8,,6
10/21/2001,1011.4,31.0,24.6,29.4,75,83,71,W,7,WNW,30,1.8,,2
10/22/2001,1010.7,31.0,23.2,29.3,76,86,70,WNW,12,NW,33,8.8,,4
10/23/2001,1010.9,30.5,23.0,27.4,78,82,75,NW,13,NW,39,47.6,,6
10/24/2001,1011.3,28.4,23.4,25.6,88,92,84,WNW,12,WNW,32,5.6,,8
10/25/2001,1010.0,30.8,22.9,28.9,77,83,69,WSW,9,W,39,12.2,,7
10/26/2001,1010.0,30.7,23.5,28.0,78,90,71,W,7,W,26,8.2,,7
10/27/2001,1010.5,30.6,24.9,28.5,81,86,76,W,8,NW,22,8.5,,6
10/28/2001,1011.0,31.0,23.6,28.7,79,87,74,W,10,W,32,30.5,,5
10/29/2001,1010.9,30.6,24.5,28.4,83,88,78,WNW,7,WNW,22,7.9,,7
10/30/2001,1010.8,30.8,25.0,28.6,81,89,72,NW,9,WNW,26,4.8,,7
10/31/2001,1011.2,30.8,26.6,29.6,76,80,73,NW,13,NW,29,0.0,,5
11/1/2001,1011.8,30.0,24.6,28.4,76,82,71,NW,14,NNW,34,0.0,,5
11/2/2001,1013.0,30.6,26.1,28.5,78,80,75,NW,11,NW,22,0.0,,7
11/3/2001,1011.9,30.7,26.0,29.3,75,83,70,WNW,8,NW,17,0.0,,5
11/4/2001,1011.1,30.6,25.8,29.3,77,84,72,NW,6,NNW,15,0.0,,4
11/5/2001,1012.2,31.4,24.8,29.3,77,83,73,WNW,7,NW,21,0.0,,5
11/6/2001,1012.0,31.2,25.2,29.5,74,80,71,W,9,WSW,20,4.4,,4
11/7/2001,1010.7,31.0,24.0,29.4,76,83,74,WSW,11,W,30,7.2,,4
11/8/2001,1010.2,30.0,24.0,27.5,84,87,81,W,13,W,37,6.7,,7
11/9/2001,1010.8,30.5,24.0,28.5,79,84,75,W,13,W,35,8.1,,6
11/10/2001,1010.1,30.6,23.6,28.7,78,84,74,W,16,NW,46,6.7,,7
11/11/2001,1010.0,28.8,22.4,26.0,88,92,83,NW,18,WNW,40,39.3,,8
11/12/2001,1009.7,29.6,23.0,28.1,80,87,74,NW,17,WNW,32,32.5,,7
11/13/2001,1011.6,29.8,23.0,27.3,86,88,81,W,8,W,27,11.6,,7
11/14/2001,1012.7,29.2,22.9,27.9,82,86,79,W,9,NW,27,23.3,,7
11/15/2001,1012.3,30.1,25.5,28.7,78,88,74,WNW,11,NW,24,0.0,,5
11/16/2001,1012.1,30.5,25.4,28.9,81,86,76,NW,13,NW,28,0.3,,4
11/17/2001,1012.1,31.0,24.8,29.3,78,83,74,NW,13,WNW,30,4.1,,3
11/18/2001,1012.3,30.6,25.3,29.1,78,84,71,W,12,W,26,0.0,,3
11/19/2001,1011.9,30.8,23.4,28.0,80,92,75,W,12,NW,35,65.6,,5
11/20/2001,1012.2,30.5,24.0,28.8,81,84,81,W,11,N,30,5.6,,5
11/21/2001,1012.6,30.8,25.6,28.7,80,90,74,W,10,W,22,0.6,,5
11/22/2001,1012.2,30.6,25.0,29.2,76,83,70,W,13,W,24,0.4,,4
11/23/2001,1012.3,30.4,24.4,28.4,82,86,77,W,12,NW,28,2.7,,5
11/24/2001,1012.1,30.6,23.0,29.2,78,81,76,WNW,9,NW,28,10.5,,5
11/25/2001,1012.0,30.4,25.2,28.3,79,84,74,NNW,10,NW,41,0.1,,5
11/26/2001,1011.9,29.8,22.5,27.9,81,84,74,NW,6,N,19,0.1,,6
11/27/2001,1012.1,30.6,23.4,28.4,78,96,71,VRB,3,W,10,11.0,,2
11/28/2001,1011.3,30.4,24.2,28.3,79,92,70,WNW,5,NW,17,0.3,,3
11/29/2001,1010.6,30.4,24.0,28.9,79,87,75,WNW,7,WNW,14,2.2,,3
11/30/2001,1011.7,29.8,22.8,27.0,85,92,78,NNW,6,NE,23,52.8,,3
12/1/2001,1010.8,30.4,23.6,28.7,81,90,74,VRB,3,NE,18,9.9,,3
12/2/2001,1010.9,30.1,23.2,28.3,82,87,78,NW,7,NW,25,8.9,,5
12/3/2001,1011.1,30.5,23.5,28.7,81,84,79,NNW,12,NNW,34,9.4,,5
12/4/2001,1011.0,30.8,25.1,28.1,83,86,76,NNW,7,NNW,24,0.4,,6
12/5/2001,1010.5,30.7,23.4,29.2,79,84,74,NW,7,NW,16,0.0,,3
12/6/2001,1011.3,31.2,24.4,28.9,79,95,69,VRB,2,S,12,0.8,,3
12/7/2001,1011.3,31.0,23.0,27.9,85,95,75,WSW,5,N,13,47.4,,6
12/8/2001,1011.5,30.4,23.6,28.5,81,95,70,N,4,NNW,14,0.0,,4
12/9/2001,1012.6,30.4,25.7,28.3,81,93,77,NE,5,NE,18,1.4,,6
12/10/2001,1013.1,31.0,22.4,28.5,80,90,75,NE,6,NNE,20,113.6,,5
12/11/2001,1013.7,27.5,22.5,25.3,89,95,86,VRB,4,NW,18,5.3,,8
12/12/2001,1013.5,30.0,24.4,27.3,85,96,75,VRB,4,NE,10,0.2,,7
12/13/2001,1013.0,31.2,25.7,29.6,75,83,69,ESE,5,ESE,13,0.7,,3
12/14/2001,1013.9,31.0,24.4,28.1,82,86,77,VRB,3,SE,16,3.4,,6
12/15/2001,1013.7,31.4,23.8,28.9,78,84,73,NE,4,NE,17,35.9,,6
12/16/2001,1012.7,28.8,26.2,28.3,78,85,75,NE,9,NNE,20,0.0,,7
12/17/2001,1012.9,30.0,25.5,28.5,73,77,71,NE,7,NE,15,0.0,,7
12/18/2001,1012.8,30.4,25.5,28.7,77,86,71,NE,5,NE,13,0.0,,4
12/19/2001,1012.5,30.5,22.5,28.7,77,83,74,ENE,5,NE,12,0.0,,2
12/20/2001,1012.3,30.0,21.8,28.3,73,84,66,N,5,N,15,0.0,,2
12/21/2001,1012.3,30.6,23.5,28.1,81,95,73,VRB,3,N,9,0.0,,3
12/22/2001,1012.5,30.7,25.9,28.8,81,93,76,N,5,N,15,0.0,,5
12/23/2001,1013.0,31.0,24.6,29.3,79,87,75,VRB,3,N,12,0.0,,4
12/24/2001,1012.8,31.2,23.7,29.4,78,84,71,NE,6,NE,12,0.0,,5
12/25/2001,1013.3,31.4,26.0,29.1,80,92,72,VRB,3,NE,9,0.0,,5
12/26/2001,1013.5,31.6,25.6,29.7,77,81,74,E,5,E,12,0.0,,5
12/27/2001,1014.2,31.6,26.3,29.7,78,86,72,ESE,6,E,17,0.0,,3
12/28/2001,1014.1,32.0,24.7,30.1,74,79,69,E,5,E,22,0.3,,2
12/29/2001,1013.5,31.6,24.5,29.5,76,86,72,E,4,NE,16,2.8,,6
12/30/2001,1013.6,31.6,25.8,29.5,77,89,72,E,5,E,14,2.5,,4
12/31/2001,1012.3,31.4,24.1,29.4,79,87,73,ENE,5,N,21,3.0,,3
1/1/2002,1012.1,31.8,25.0,29.8,79,86,74,E,6,E,20,2.4,,4
1/2/2002,1012.3,31.8,26.8,29.9,79,87,75,E,8,E,20,0.2,,3
1/3/2002,1012.2,31.7,24.4,28.8,81,85,76,E,6,ENE,22,10.5,,5
1/4/2002,1012.2,28.6,23.0,26.9,87,92,81,E,5,E,19,3.8,,8
1/5/2002,1011.2,28.5,24.0,27.1,87,92,83,NE,5,NE,19,0.0,,7
1/6/2002,1011.1,30.4,26.0,28.4,81,84,78,N,7,N,19,0.0,,5
1/7/2002,1011.8,31.4,27.0,29.6,79,86,74,ESE,6,ENE,16,0.0,,5
1/8/2002,1011.0,32.3,27.2,30.3,77,83,72,E,8,E,18,0.2,,2
1/9/2002,1011.1,32.4,26.4,30.5,75,82,69,E,8,E,20,1.6,,3
1/10/2002,1011.7,30.4,24.0,27.3,87,90,83,ENE,6,E,23,28.2,,6
1/11/2002,1012.2,29.2,23.8,27.4,82,90,72,NE,9,NE,27,15.8,,7
1/12/2002,1012.3,29.4,23.6,26.8,85,93,81,WNW,6,NE,23,4.9,,7
1/13/2002,1010.8,31.2,24.5,29.3,79,87,73,ENE,7,NE,19,0.0,,7
1/14/2002,1009.8,30.8,24.0,28.6,80,95,71,VRB,3,N,12,17.0,,7
1/15/2002,1011.3,29.6,23.6,26.3,86,93,80,NE,5,N,26,18.1,,8
1/16/2002,1010.9,28.5,26.4,27.9,76,77,76,NNE,7,NE,17,0.0,,8
1/17/2002,1010.3,30.2,25.6,28.7,72,76,68,NNE,8,NNE,18,0.0,,7
1/18/2002,1009.5,30.4,25.6,28.8,68,74,65,NNE,5,N,14,0.0,,7
1/19/2002,1009.7,30.6,25.8,28.9,72,80,65,ENE,5,ENE,11,0.0,,6
1/20/2002,1010.1,31.3,26.0,29.4,71,76,66,E,4,E,11,0.0,,4
1/21/2002,1010.1,31.6,25.6,29.7,71,78,66,E,5,E,11,0.0,,2
1/22/2002,1009.9,31.4,26.5,29.5,74,83,68,E,4,ESE,10,0.0,,5
1/23/2002,1010.9,31.6,26.5,30.0,75,83,69,ESE,5,ESE,12,0.0,,5
1/24/2002,1011.6,31.5,26.4,29.7,76,81,71,ENE,5,ENE,11,0.0,,5
1/25/2002,1011.8,30.6,23.4,28.5,80,86,77,NW,7,NW,28,2.9,,7
1/26/2002,1011.8,30.5,25.0,28.7,78,81,75,N,6,N,20,0.0,,7
1/27/2002,1011.9,30.6,26.4,29.1,78,86,73,NNE,6,N,16,0.0,,7
1/28/2002,1012.0,31.0,26.2,29.3,74,80,71,NE,6,N,16,0.0,,7
1/29/2002,1012.1,30.9,26.2,29.1,73,78,69,N,8,N,23,0.0,,7
1/30/2002,1011.4,30.5,24.9,28.9,71,77,67,NNE,7,NNE,18,0.0,,6
1/31/2002,1012.0,30.4,25.1,28.7,66,74,60,NNW,7,NNW,19,0.0,,3
2/1/2002,1012.2,30.5,25.9,28.7,71,75,68,NNW,11,NNW,22,0.0,,3
2/2/2002,1012.3,30.8,26.2,29.2,74,77,71,NW,10,NW,20,0.0,,5
2/3/2002,1011.4,31.2,24.4,29.6,78,84,73,NW,8,NW,16,0.0,,5
2/4/2002,1010.4,31.0,22.8,29.0,78,87,73,NW,6,NW,14,0.0,,2
2/5/2002,1011.3,31.0,22.6,28.5,80,95,73,VRB,3,N,15,0.0,,1
2/6/2002,1011.6,31.2,25.4,28.6,80,95,71,NW,4,NE,15,0.0,,2
2/7/2002,1011.5,31.3,23.5,29.3,77,89,70,N,5,NNW,24,3.3,,4
2/8/2002,1011.2,30.8,23.5,28.8,79,93,71,VRB,4,WNW,13,0.0,,3
2/9/2002,1011.1,31.4,23.4,29.0,75,85,65,VRB,3,SW,23,35.0,,3
2/10/2002,1010.9,31.2,22.7,28.9,80,96,70,VRB,3,NNW,12,0.0,,6
2/11/2002,1011.2,32.4,23.6,29.1,76,95,67,VRB,3,E,11,0.0,,3
2/12/2002,1011.2,31.0,24.4,28.9,79,95,73,E,5,ESE,19,1.0,,6
2/13/2002,1012.0,30.5,23.2,28.1,81,90,74,ESE,6,SSE,23,42.8,,7
2/14/2002,1012.6,28.5,23.9,26.3,90,93,86,SSW,6,S,24,12.0,,8
2/15/2002,1013.2,29.5,24.4,27.6,84,92,79,VRB,4,NNW,21,4.8,,7
2/16/2002,1012.9,30.5,25.8,28.2,79,87,74,NE,8,NE,20,0.0,,7
2/17/2002,1013.5,31.8,22.2,28.8,78,93,72,ENE,4,ENE,22,74.5,,7
2/18/2002,1014.3,31.6,26.4,29.9,75,84,68,E,7,E,17,0.3,,4
2/19/2002,1016.0,31.6,26.4,29.9,77,83,73,ENE,4,NE,13,0.0,,3
2/20/2002,1014.8,31.4,26.2,29.7,76,83,73,ENE,6,NE,13,0.0,,3
2/21/2002,1014.3,31.6,26.4,29.9,73,80,69,ENE,6,E,13,0.0,,2
2/22/2002,1014.7,32.0,27.0,30.1,72,80,66,E,6,E,16,0.0,,2
2/23/2002,1013.3,32.0,27.0,30.4,74,79,71,E,9,ENE,20,0.0,,2
2/24/2002,1012.1,32.2,26.0,30.3,73,79,70,E,10,ENE,21,0.0,,2
2/25/2002,1011.2,32.2,27.1,30.4,71,78,68,E,8,E,17,0.0,,5
2/26/2002,1011.3,31.7,26.4,30.1,75,79,71,E,7,E,13,0.0,,5
2/27/2002,1011.2,30.8,26.0,29.0,81,86,78,NE,7,ENE,18,1.0,,4
2/28/2002,1010.9,31.5,24.0,28.7,80,85,76,W,6,E,28,25.2,,5
3/1/2002,1010.7,29.9,23.6,28.1,82,86,78,S,7,S,20,1.5,,7
3/2/2002,1010.6,30.4,23.4,27.3,85,92,79,E,6,SE,18,39.6,,7
3/3/2002,1009.9,31.4,26.7,29.3,77,86,72,ESE,5,S,11,0.0,,5
3/4/2002,1009.3,31.4,24.0,29.9,75,81,72,ESE,6,ENE,28,10.0,,4
3/5/2002,1010.8,31.0,24.8,29.2,77,84,72,SSE,4,SSE,15,11.7,,3
3/6/2002,1012.1,30.4,24.5,28.3,81,89,74,SW,6,WSW,22,0.0,,6
3/7/2002,1011.8,31.0,25.3,29.1,80,95,73,W,5,NW,14,2.6,,2
3/8/2002,1010.9,31.5,26.2,29.5,77,84,72,N,6,NE,18,2.5,,4
3/9/2002,1011.5,30.0,24.0,28.2,85,89,81,N,5,WNW,16,1.7,,6
3/10/2002,1012.0,31.0,26.6,28.6,82,87,76,E,4,ENE,15,0.0,,5
3/11/2002,1011.0,32.3,26.8,30.3,74,80,70,E,7,E,18,0.0,,4
3/12/2002,1011.4,32.0,25.7,30.0,72,80,68,E,6,ENE,13,0.0,,3
3/13/2002,1012.4,31.2,23.8,29.6,72,81,69,NE,5,NE,13,0.0,,2
3/14/2002,1012.0,31.2,25.7,29.3,75,92,69,NE,5,NE,14,0.0,,4
3/15/2002,1011.5,31.2,26.1,29.4,78,87,73,ESE,4,E,11,0.0,,7
3/16/2002,1010.8,31.0,24.3,29.3,79,84,74,N,4,WSW,16,0.0,,4
3/17/2002,1010.3,31.3,24.0,29.7,77,86,69,NE,4,NNE,13,0.0,,4
3/18/2002,1010.6,31.6,23.4,29.9,72,84,71,E,4,E,10,0.0,,2
3/19/2002,1011.2,31.6,26.4,29.3,78,95,70,VRB,3,ENE,10,0.0,,5
3/20/2002,1010.3,31.4,23.0,29.5,79,83,70,NNE,4,SE,20,34.1,,6
3/21/2002,1010.7,30.9,24.5,28.8,82,93,77,ENE,4,ENE,12,0.0,,7
3/22/2002,1009.6,31.2,24.6,29.4,76,87,71,N,4,NE,15,0.0,,3
3/23/2002,1010.1,31.4,21.6,29.4,81,92,77,NW,7,NW,35,29.4,,5
3/24/2002,1009.4,31.0,26.2,29.2,82,98,71,N,6,N,21,0.0,,6
3/25/2002,1007.8,31.0,25.5,29.5,76,83,72,NNW,9,NNW,23,0.0,,4
3/26/2002,1008.4,31.0,25.0,29.5,74,84,70,NW,8,NW,18,0.0,,2
3/27/2002,1009.3,30.9,25.4,29.1,73,80,69,NNW,6,NNW,16,0.0,,1
3/28/2002,1010.3,31.0,24.6,29.4,72,84,68,NW,7,NW,17,0.0,,2
3/29/2002,1010.7,31.2,23.2,29.1,75,87,71,NNW,7,NW,15,0.0,,2
3/30/2002,1010.7,31.2,23.2,29.1,75,88,70,NE,5,NE,14,0.0,,2
3/31/2002,1010.0,31.6,23.2,29.7,76,89,69,E,4,E,11,0.0,,2
4/1/2002,1013.1,31.5,22.4,29.5,72,84,66,VRB,3,SE,9,0.0,,2
4/2/2002,1013.8,31.7,23.4,29.0,73,93,63,VRB,3,W,10,0.0,,3
4/3/2002,1011.3,31.3,25.2,29.3,71,87,65,W,4,W,12,0.0,,3
4/4/2002,1009.8,31.5,26.6,29.9,70,74,65,WNW,7,W,16,0.0,,2
4/5/2002,1010.0,31.6,25.4,30.1,72,76,69,W,6,W,12,0.0,,2
4/6/2002,1010.9,31.8,25.0,30.2,70,76,67,W,6,W,13,0.0,,2
4/7/2002,1010.9,31.7,24.9,30.0,73,83,68,VRB,3,NW,12,0.2,,2
4/8/2002,1011.1,31.8,24.2,30.1,72,80,68,WSW,6,SW,15,1.2,,2
4/9/2002,1010.4,31.8,23.0,29.8,77,93,68,WSW,4,WSW,12,0.0,,3
4/10/2002,1008.4,31.8,23.4,29.4,75,95,67,VRB,3,SSW,8,0.0,,2
4/11/2002,1008.8,32.7,23.6,30.0,74,91,66,VRB,2,WNW,9,0.0,,2
4/12/2002,1010.2,32.9,24.2,30.0,75,91,64,VRB,3,ENE,11,18.5,,3
4/13/2002,1011.0,31.8,23.0,28.7,80,95,70,VRB,4,N,31,71.2,,4
4/14/2002,1010.7,31.0,24.0,26.9,83,91,76,SW,6,WSW,14,3.0,,8
4/15/2002,1010.8,31.2,23.4,28.5,78,92,71,NW,5,NNW,29,17.5,,5
4/16/2002,1011.0,30.6,25.2,28.2,84,95,77,NW,10,NW,23,0.1,,5
4/17/2002,1009.9,29.6,25.6,27.8,85,93,79,W,6,WSW,18,3.4,,7
4/18/2002,1008.4,31.6,25.2,29.8,82,86,75,NW,8,N,21,4.6,,5
4/19/2002,1009.6,30.1,24.2,27.7,86,92,82,WNW,5,N,20,4.6,,8
4/20/2002,1009.9,32.0,24.6,29.7,80,95,72,VRB,4,SW,23,6.5,,4
4/21/2002,1010.0,30.8,24.5,26.5,88,92,78,W,9,W,23,7.4,,7
4/22/2002,1009.4,30.4,25.2,28.4,82,86,78,W,4,W,17,0.2,,6
4/23/2002,1009.5,31.7,25.3,29.7,80,91,71,WNW,6,NW,25,3.1,,6
4/24/2002,1008.8,31.8,24.1,30.1,77,83,71,W,8,NW,21,9.8,,5
4/25/2002,1008.9,30.2,23.6,26.3,90,93,83,W,6,N,27,16.0,,8
4/26/2002,1008.4,31.3,25.8,29.6,78,84,73,W,10,WNW,21,1.7,,6
4/27/2002,1008.9,31.6,24.3,30.1,78,85,74,W,5,W,27,5.2,,7
4/28/2002,1008.2,32.0,26.9,30.1,79,84,73,W,10,WSW,23,0.0,,6
4/29/2002,1007.7,31.7,25.4,29.8,80,83,74,W,8,NW,24,5.7,,5
4/30/2002,1007.2,30.8,23.4,28.0,86,91,73,WNW,15,NW,41,43.3,,7
5/1/2002,1007.0,30.8,23.6,27.0,87,95,78,WNW,14,NNW,38,32.3,,8
5/2/2002,1006.2,31.0,23.5,29.5,79,85,73,WNW,7,WNW,18,69.0,,7
5/3/2002,1008.1,29.8,24.3,26.6,86,93,79,W,10,WSW,36,10.7,,8
5/4/2002,1007.2,31.1,24.8,29.8,78,84,74,WSW,9,WSW,19,16.7,,7
5/5/2002,1008.4,29.6,23.0,26.6,88,90,84,SW,11,SW,40,46.2,,8
5/6/2002,1007.9,31.2,26.2,29.7,80,84,77,WSW,11,WSW,24,1.8,,7
5/7/2002,1009.4,31.8,27.2,30.3,79,82,76,WSW,11,SW,20,0.0,,6
5/8/2002,1009.7,30.6,26.7,30.3,75,83,71,WSW,9,WSW,18,0.0,,6
5/9/2002,1011.7,31.5,27.0,29.9,76,82,71,WSW,7,WSW,16,0.0,,3
5/10/2002,1012.7,31.7,27.2,30.2,76,80,72,W,8,WNW,15,0.0,,3
5/11/2002,1011.6,32.0,27.3,30.5,75,80,71,NW,8,NW,18,0.0,,6
5/12/2002,1010.8,32.4,27.7,30.6,75,82,70,WNW,8,WNW,16,0.0,,3
5/13/2002,1011.7,32.4,26.8,30.8,74,78,72,WNW,10,WNW,21,0.0,,3
5/14/2002,1012.1,32.4,26.6,30.5,77,83,71,NW,11,NW,28,1.5,,5
5/15/2002,1011.5,32.3,27.2,30.8,75,79,71,W,11,WNW,26,1.6,,5
5/16/2002,1010.7,32.3,25.9,30.7,75,79,73,W,12,W,27,0.0,,3
5/17/2002,1010.8,31.9,27.3,30.4,74,78,72,WSW,11,WSW,23,0.3,,3
5/18/2002,1010.9,31.7,27.5,30.3,74,78,72,WSW,11,W,20,0.0,,3
5/19/2002,1011.2,31.8,27.6,30.4,71,73,67,W,10,W,21,0.0,,2
5/20/2002,1010.6,31.8,27.4,30.5,72,76,67,W,10,W,19,0.0,,3
5/21/2002,1011.6,31.7,25.8,30.4,69,73,67,W,10,W,19,0.0,,3
5/22/2002,1011.9,31.7,25.0,30.0,69,76,67,W,5,WNW,12,0.0,,3
5/23/2002,1011.9,31.8,24.6,29.7,73,77,63,WSW,4,WSW,11,0.0,,6
5/24/2002,1012.1,31.6,27.4,29.8,74,84,68,SW,6,SW,15,0.0,,6
5/25/2002,1012.5,31.8,27.0,30.2,72,78,68,SSW,9,SSW,17,0.0,,6
5/26/2002,1012.2,31.6,26.7,30.3,72,77,68,S,9,S,16,0.0,,4
5/27/2002,1010.9,32.0,25.5,30.5,75,83,70,S,8,S,15,0.6,,3
5/28/2002,1011.2,32.0,24.2,30.2,76,89,70,S,7,SSW,14,0.0,,3
5/29/2002,1011.7,32.6,23.2,29.6,79,95,69,VRB,2,NNE,18,32.3,,4
5/30/2002,1011.9,32.0,27.0,29.5,79,96,70,W,5,W,11,0.0,,6
5/31/2002,1011.8,31.9,25.0,30.3,75,80,71,W,6,S,15,2.2,,6
6/1/2002,1011.1,31.0,24.5,28.7,80,92,75,WSW,7,NW,37,4.1,,7
6/2/2002,1010.9,31.6,24.5,30.1,77,80,73,W,7,WSW,18,1.0,,5
6/3/2002,1011.1,30.6,23.4,26.4,86,96,78,NW,7,NNW,44,45.1,,7
6/4/2002,1010.4,31.2,23.6,29.1,77,84,71,WNW,11,NW,31,20.8,,8
6/5/2002,1011.2,29.8,23.6,27.5,82,95,71,NW,17,WNW,33,8.3,,7
6/6/2002,1010.9,31.7,24.8,29.9,74,82,71,W,10,WNW,32,9.2,,7
6/7/2002,1010.7,31.2,24.1,27.8,83,89,72,W,12,W,31,16.2,,8
6/8/2002,1009.3,30.6,22.4,28.0,83,92,76,WNW,13,W,42,15.5,,8
6/9/2002,1008.3,31.6,21.6,29.2,77,82,73,WNW,12,WNW,42,20.7,,8
6/10/2002,1008.9,30.2,24.8,27.8,79,92,70,WNW,15,WNW,40,0.5,,7
6/11/2002,1008.6,31.6,26.7,30.1,76,82,71,W,8,W,19,0.0,,5
6/12/2002,1008.8,30.0,26.8,29.3,78,80,75,WSW,7,WSW,16,0.0,,8
6/13/2002,1007.7,30.8,26.5,29.6,77,79,73,W,6,WSW,12,0.0,,7
6/14/2002,1008.1,31.5,25.4,29.6,79,84,73,W,6,NW,27,1.7,,5
6/15/2002,1009.1,31.6,27.5,29.8,76,78,69,NW,11,NW,25,0.0,,6
6/16/2002,1009.4,31.8,26.8,30.1,76,82,71,NW,10,NW,21,0.0,,6
6/17/2002,1009.5,31.4,26.4,30.0,75,80,70,N,7,N,19,0.4,,5
6/18/2002,1009.8,31.4,27.2,29.9,76,80,72,NNE,7,NNE,16,0.0,,6
6/19/2002,1010.1,31.6,24.0,30.2,81,89,75,NNE,6,W,33,5.8,,6
6/20/2002,1010.3,31.4,24.6,29.1,83,97,72,NNW,4,NNW,17,20.1,,6
6/21/2002,1011.2,31.0,23.5,27.4,86,93,79,W,10,W,25,18.6,,7
6/22/2002,1010.5,32.3,25.5,30.4,77,87,69,NE,4,N,9,0.0,,6
6/23/2002,1012.0,30.8,25.2,29.3,79,85,74,W,7,NNE,26,0.0,,7
6/24/2002,1012.9,30.7,24.8,29.2,79,81,78,WNW,7,NW,22,15.7,,7
6/25/2002,1012.5,29.4,24.0,27.2,89,95,85,NW,7,NW,30,15.1,,7
6/26/2002,1011.5,30.2,23.8,28.3,86,92,78,NNW,10,NNW,35,20.0,,6
6/27/2002,1012.2,30.8,22.6,27.0,87,95,78,N,10,NW,39,23.6,,7
6/28/2002,1013.2,30.7,25.5,28.5,82,87,78,NNW,11,NNW,41,0.3,,4
6/29/2002,1013.6,31.5,25.0,29.4,80,86,78,NNE,7,N,23,4.6,,6
6/30/2002,1012.9,31.4,24.5,30.0,77,85,73,NNW,7,NNW,17,0.0,,2
7/1/2002,1013.2,31.4,22.6,29.4,78,90,70,NW,5,NW,13,0.0,,4
7/2/2002,1013.5,31.4,22.6,28.9,79,96,69,NNW,4,NW,11,0.0,,3
7/3/2002,1013.4,31.2,22.8,28.9,77,95,71,VRB,3,WNW,29,1.1,,3
7/4/2002,1012.9,31.5,22.6,29.0,81,96,72,VRB,3,NW,40,6.5,,5
7/5/2002,1013.3,31.0,25.9,29.1,81,90,75,NW,6,NNW,19,0.0,,7
7/6/2002,1012.7,30.4,24.3,28.5,85,92,79,N,8,NNW,35,3.3,,7
7/7/2002,1011.7,29.4,23.6,27.6,85,92,78,NW,18,NW,42,5.4,,8
7/8/2002,1011.4,30.4,24.8,28.3,80,85,76,NW,13,NW,34,1.3,,7
7/9/2002,1011.5,29.2,23.4,26.8,91,97,80,WNW,11,WSW,31,219.8,,8
7/10/2002,1011.8,26.8,24.0,25.7,95,98,86,W,13,W,30,8.1,,8
7/11/2002,1011.1,30.4,25.4,28.6,81,82,77,W,9,W,24,7.6,,7
7/12/2002,1012.3,30.8,26.0,29.2,80,84,74,WSW,8,SW,15,0.0,,7
7/13/2002,1012.8,31.5,26.9,29.5,78,83,74,WSW,6,WNW,14,0.0,,7
7/14/2002,1012.7,31.4,25.7,29.6,77,80,76,NW,8,W,23,0.1,,3
7/15/2002,1012.5,31.4,26.7,29.4,79,86,74,W,8,WNW,17,0.0,,7
7/16/2002,1012.9,30.8,23.6,29.3,75,79,71,WNW,9,WNW,27,11.6,,6
7/17/2002,1013.0,30.6,24.6,28.9,80,92,70,W,8,WNW,20,0.7,,7
7/18/2002,1011.9,30.4,22.6,28.7,75,79,69,SW,6,SSW,12,0.0,,6
7/19/2002,1012.5,31.0,24.1,28.7,73,85,65,S,5,SSW,14,0.0,,2
7/20/2002,1013.3,30.2,24.0,28.6,78,87,70,SW,7,SW,20,1.9,,3
7/21/2002,1013.1,31.0,26.2,29.3,71,77,67,SSW,9,SSW,17,0.0,,3
7/22/2002,1013.0,31.0,26.7,29.4,75,85,69,SSW,10,SSW,17,0.0,,5
7/23/2002,1013.9,30.8,23.2,29.5,76,82,70,S,9,WNW,23,30.1,,7
7/24/2002,1013.9,31.4,25.2,29.8,75,83,69,S,10,S,18,0.0,,2
7/25/2002,1012.8,30.5,24.2,28.5,83,90,77,NNW,5,NW,22,4.7,,6
7/26/2002,1012.7,28.1,22.5,26.3,88,92,84,S,6,N,30,62.2,,8
7/27/2002,1012.6,29.4,22.8,26.5,84,93,76,W,6,NNW,27,7.6,,8
7/28/2002,1012.7,30.5,22.8,28.9,78,82,74,SW,6,NNE,27,1.3,,8
7/29/2002,1013.0,29.3,23.4,26.4,84,96,75,W,14,NW,42,6.4,,7
7/30/2002,1010.7,30.8,23.6,28.0,75,82,70,W,12,WNW,38,9.3,,7
7/31/2002,1010.1,30.2,23.7,27.9,81,85,77,W,10,NW,28,0.2,,8
8/1/2002,1009.8,31.0,26.4,29.5,77,83,72,W,10,W,21,0.0,,7
8/2/2002,1010.6,30.0,25.8,28.8,77,81,74,WSW,8,WSW,17,0.0,,8
8/3/2002,1010.6,30.7,25.3,29.1,79,84,73,SW,8,SW,20,0.4,,6
8/4/2002,1011.9,29.4,21.8,26.1,85,96,79,SW,8,NNW,48,25.4,,8
8/5/2002,1011.5,30.7,24.4,29.2,74,81,70,WSW,5,WSW,12,0.0,,6
8/6/2002,1012.2,30.4,23.6,28.8,75,83,68,WSW,6,SW,13,0.0,,7
8/7/2002,1012.2,30.6,25.2,28.7,77,90,69,SW,6,SW,14,0.0,,6
8/8/2002,1012.9,31.0,25.0,29.3,75,78,72,SW,7,SW,14,0.0,,4
8/9/2002,1012.3,30.7,25.0,29.0,72,81,65,SSW,7,SSW,14,0.0,,2
8/10/2002,1012.6,30.6,25.7,29.0,72,78,67,S,6,S,13,0.0,,4
8/11/2002,1013.6,30.8,25.6,29.3,77,84,73,SSE,5,SSE,15,0.0,,4
8/12/2002,1014.2,31.4,25.8,28.4,79,86,69,VRB,3,ENE,15,0.0,,6
8/13/2002,1012.7,31.8,26.4,29.9,75,82,67,ESE,4,ESE,10,0.0,,4
8/14/2002,1011.9,31.6,25.0,30.0,73,82,67,E,4,E,10,0.0,,2
8/15/2002,1012.5,31.6,23.6,29.7,74,87,67,E,4,E,9,0.0,,2
8/16/2002,1011.6,30.9,24.2,29.4,75,81,69,VRB,3,SE,9,0.0,,4
8/17/2002,1011.3,32.0,23.5,29.6,76,88,66,S,4,S,12,0.0,,5
8/18/2002,1011.6,31.8,23.7,29.0,79,95,70,VRB,3,NE,8,0.0,,5
8/19/2002,1012.2,31.4,25.8,28.8,80,95,74,VRB,3,E,13,1.4,,7
8/20/2002,1011.3,31.6,24.3,29.1,81,87,73,ESE,5,ESE,13,0.6,,6
8/21/2002,1011.0,30.4,23.5,27.2,88,95,83,S,8,SW,29,30.9,,8
8/22/2002,1011.5,27.8,24.8,26.8,86,92,80,NNE,5,WNW,17,0.0,,7
8/23/2002,1011.8,30.6,22.4,26.9,88,95,77,W,7,NNW,19,26.8,,7
8/24/2002,1013.4,30.2,22.3,26.8,85,93,77,NNW,9,WNW,27,11.2,,7
8/25/2002,1013.3,30.4,26.0,28.5,78,81,75,NW,8,NW,17,0.0,,6
8/26/2002,1012.9,30.8,25.5,29.4,75,84,69,N,9,N,21,0.0,,3
8/27/2002,1012.7,30.8,24.8,29.1,73,81,68,N,7,N,20,0.0,,3
8/28/2002,1012.8,30.6,25.5,29.0,73,78,69,NW,7,NW,16,0.0,,2
8/29/2002,1013.1,30.6,24.5,28.2,83,90,78,WNW,5,W,18,7.4,,7
8/30/2002,1012.7,29.9,24.3,27.8,83,89,79,WNW,7,WNW,20,8.3,,6
8/31/2002,1012.3,29.9,25.0,28.3,82,86,77,WNW,10,W,23,0.7,,6
9/1/2002,1012.5,30.6,26.4,28.8,79,80,77,W,11,WNW,22,0.0,,6
9/2/2002,1013.0,30.8,24.7,29.0,78,83,75,WNW,10,WNW,24,6.2,,6
9/3/2002,1013.5,30.7,25.6,28.2,78,86,73,NNW,9,NNW,23,0.0,,6
9/4/2002,1012.6,30.6,23.3,29.1,76,83,71,N,5,N,14,0.0,,5
9/5/2002,1012.3,30.5,25.0,28.5,79,92,75,W,6,W,15,0.0,,6
9/6/2002,1011.9,31.2,26.0,29.2,78,84,73,WSW,8,WSW,20,0.0,,5
9/7/2002,1012.5,31.0,25.3,29.6,76,82,72,SW,9,SW,15,0.0,,5
9/8/2002,1013.5,31.0,24.6,29.2,75,80,71,W,5,W,13,1.2,,2
9/9/2002,1013.0,30.8,22.2,28.6,78,87,68,WSW,4,WSW,12,0.0,,4
9/10/2002,1011.8,30.6,22.8,28.3,77,95,66,VRB,3,SSW,11,0.0,,2
9/11/2002,1011.6,30.8,26.0,28.9,73,84,67,WSW,5,SW,12,0.0,,3
9/12/2002,1012.4,31.6,24.4,29.9,72,80,68,W,6,NNW,23,1.9,,5
9/13/2002,1012.9,31.0,26.4,28.7,78,87,73,N,7,N,25,1.1,,6
9/14/2002,1013.7,31.3,22.4,28.6,75,84,69,N,5,NNW,32,17.7,,4
9/15/2002,1014.8,31.1,25.7,28.5,78,95,68,VRB,2,SSW,13,0.0,,5
9/16/2002,1015.8,31.2,23.5,29.7,74,80,70,SSW,7,W,22,16.8,,2
9/17/2002,1014.6,30.2,22.7,27.9,80,92,71,WSW,5,W,25,59.6,,4
9/18/2002,1014.7,26.4,22.5,24.3,93,95,87,W,8,SW,24,49.7,,8
9/19/2002,1013.3,30.2,26.6,28.7,75,80,71,SW,8,SW,19,0.0,,6
9/20/2002,1013.7,31.0,25.0,29.7,73,77,70,SW,9,SW,17,0.0,,4
9/21/2002,1012.9,31.0,26.6,29.4,72,78,68,W,7,W,19,0.0,,4
9/22/2002,1012.4,31.2,24.6,29.4,74,78,69,W,9,WSW,27,2.8,,6
9/23/2002,1012.2,30.9,24.0,28.3,78,87,75,WSW,10,W,37,0.2,,6
9/24/2002,1012.6,30.4,23.6,27.8,81,88,70,WNW,13,NW,37,18.1,,7
9/25/2002,1013.3,29.2,22.3,25.8,84,92,75,W,10,WNW,31,42.4,,7
9/26/2002,1013.1,30.2,25.3,28.2,80,90,73,NW,6,WNW,22,0.0,,7
9/27/2002,1011.8,31.0,24.4,29.5,78,87,71,W,5,N,18,2.8,,5
9/28/2002,1011.6,30.8,23.8,29.1,79,90,72,W,4,WSW,19,6.4,,6
9/29/2002,1011.5,30.6,23.6,28.9,81,87,72,SW,6,W,23,20.3,,4
9/30/2002,1010.9,30.0,23.3,27.8,83,93,75,WSW,10,WSW,36,39.3,,6
10/1/2002,1012.2,29.0,22.2,26.1,93,98,88,W,11,W,36,78.1,,8
10/2/2002,1011.1,30.4,23.6,28.9,76,80,72,WSW,9,WNW,24,17.6,,5
10/3/2002,1012.3,29.0,23.4,25.9,88,95,80,W,13,WNW,31,7.6,,8
10/4/2002,1011.2,30.6,22.6,29.0,76,83,66,W,11,NW,38,15.1,,6
10/5/2002,1011.5,29.2,22.6,25.3,88,98,83,W,14,W,30,4.2,,8
10/6/2002,1010.4,30.6,23.8,27.5,85,90,79,NW,12,NW,34,13.6,,7
10/7/2002,1010.2,30.4,24.0,28.5,78,84,73,WNW,14,WNW,36,4.3,,7
10/8/2002,1010.1,31.0,22.4,27.7,83,92,75,NW,13,NW,43,32.9,,8
10/9/2002,1010.5,30.5,23.6,28.9,84,95,79,WSW,10,WNW,27,16.7,,7
10/10/2002,1012.6,29.8,23.4,27.8,81,90,73,WSW,9,W,29,0.3,,6
10/11/2002,1013.0,30.0,23.8,28.0,83,93,78,W,4,W,13,1.0,,7
10/12/2002,1010.4,30.8,23.2,28.9,81,95,73,W,4,W,37,46.7,,4
10/13/2002,1011.3,29.6,23.4,27.0,84,90,78,WNW,16,NNW,36,1.8,,7
10/14/2002,1011.2,31.0,23.8,29.0,78,81,75,W,11,WNW,31,3.6,,4
10/15/2002,1011.4,31.2,22.4,29.6,77,83,69,W,8,NW,21,11.6,,4
10/16/2002,1013.2,29.8,23.0,25.9,83,89,74,W,13,WNW,41,7.1,,7
10/17/2002,1012.5,30.8,26.0,29.2,81,86,77,SSW,8,SSW,15,0.0,,6
10/18/2002,1011.8,30.6,23.2,29.4,76,81,71,SW,7,SSW,14,0.0,,2
10/19/2002,1011.6,30.8,24.4,28.3,82,95,75,VRB,3,S,12,0.0,,4
10/20/2002,1012.4,31.0,23.2,29.2,79,92,73,SSW,5,SSW,12,0.0,,3
10/21/2002,1013.0,31.2,22.8,28.7,81,98,71,VRB,2,ESE,6,0.0,,6
10/22/2002,1012.5,31.2,24.4,28.9,76,95,68,VRB,3,NW,12,0.0,,4
10/23/2002,1011.5,31.2,24.0,29.3,77,84,70,NW,4,NW,14,0.0,,3
10/24/2002,1010.9,31.0,23.6,29.4,79,89,73,W,5,W,16,0.0,,3
10/25/2002,1011.5,31.6,22.8,29.4,76,93,66,WNW,4,WNW,10,0.0,,2
10/26/2002,1011.9,31.4,23.0,29.1,79,90,71,W,6,NW,20,19.4,,6
10/27/2002,1012.0,30.0,22.6,26.8,85,91,79,SW,8,SW,19,0.9,,7
10/28/2002,1010.5,30.6,23.2,26.1,80,96,72,VRB,3,SSE,17,3.5,,4
10/29/2002,1009.9,30.8,22.8,27.6,86,93,71,SSE,4,SSW,18,16.4,,6
10/30/2002,1011.0,29.7,23.2,26.9,87,96,78,ESE,4,ESE,12,1.9,,6
10/31/2002,1010.7,31.0,23.2,28.1,85,96,75,VRB,3,WSW,22,56.8,,6
11/1/2002,1010.8,30.2,24.2,27.9,85,96,75,WSW,6,W,29,6.1,,7
11/2/2002,1011.2,31.0,22.8,28.7,81,93,74,W,6,NNW,21,29.1,,7
11/3/2002,1011.1,30.7,24.6,29.0,76,87,70,W,6,NNW,18,1.0,,4
11/4/2002,1011.6,31.0,25.4,29.0,80,92,69,WSW,4,S,12,1.2,,4
11/5/2002,1011.7,30.4,24.0,26.8,85,90,78,S,6,S,21,5.3,,7
11/6/2002,1010.9,30.8,23.6,29.2,76,83,70,SW,7,W,19,0.3,,5
11/7/2002,1011.4,31.6,24.0,28.5,80,91,69,VRB,3,WSW,15,11.2,,7
11/8/2002,1011.4,30.6,24.4,27.1,87,95,79,WSW,4,WSW,17,9.4,,7
11/9/2002,1010.8,29.6,23.8,26.4,83,91,77,W,11,W,30,24.5,,7
11/10/2002,1011.0,30.8,24.0,29.3,78,87,71,W,7,WSW,26,23.7,,7
11/11/2002,1011.7,30.0,23.4,27.2,85,92,77,NW,8,NW,36,8.4,,7
11/12/2002,1010.9,28.7,22.6,28.0,82,93,78,NW,12,WNW,41,38.8,,7
11/13/2002,1011.2,28.4,22.8,25.0,90,95,84,W,17,NW,39,50.8,,8
11/14/2002,1010.6,28.6,23.6,27.4,82,86,79,WNW,13,N,34,1.6,,8
11/15/2002,1010.5,30.9,26.4,26.7,79,86,74,NW,9,NNW,20,0.0,,7
11/16/2002,1010.6,31.0,26.4,29.2,79,83,73,N,10,NNW,24,0.0,,7
11/17/2002,1011.3,30.0,25.8,28.6,80,84,74,N,7,NNW,20,0.0,,8
11/18/2002,1010.6,30.8,26.3,26.6,79,83,75,NW,6,NW,14,0.0,,6
11/19/2002,1010.7,30.6,25.8,29.2,79,84,74,W,6,W,13,0.0,,5
11/20/2002,1011.0,30.4,25.5,26.7,75,80,69,WSW,7,SW,14,0.0,,3
11/21/2002,1011.1,30.5,25.8,29.2,74,80,70,W,8,WNW,17,0.0,,3
11/22/2002,1011.6,30.3,25.6,28.5,80,82,77,W,7,W,16,3.7,,6
11/23/2002,1012.0,30.5,25.8,29.1,74,80,70,WNW,8,W,16,0.0,,3
11/24/2002,1011.7,30.6,25.6,28.8,76,80,71,W,7,W,16,0.0,,3
11/25/2002,1012.0,30.3,25.8,28.9,75,81,71,NW,9,NW,18,0.0,,2
11/26/2002,1012.5,30.6,25.8,29.0,76,84,71,W,8,W,18,0.0,,2
11/27/2002,1013.2,30.6,25.4,28.9,76,80,73,W,8,W,15,0.0,,3
11/28/2002,1013.9,30.4,23.6,28.8,76,83,71,WNW,5,WNW,12,0.0,,3
11/29/2002,1014.3,30.2,26.0,28.8,75,84,71,WNW,6,W,12,0.0,,1
11/30/2002,1013.9,30.2,24.5,28.5,80,83,74,W,9,NW,28,2.7,,4
12/1/2002,1012.0,30.3,22.2,28.6,78,88,72,N,5,N,16,0.0,,4
12/2/2002,1011.9,30.8,24.0,28.3,79,95,69,NW,4,N,19,0.0,,2
12/3/2002,1012.8,30.8,23.6,28.8,77,95,69,NNW,5,NNW,12,0.0,,2
12/4/2002,1012.0,31.0,23.6,28.8,79,91,73,VRB,3,N,11,0.0,,2
12/5/2002,1011.1,31.2,23.4,29.0,80,95,69,VRB,3,NW,11,0.0,,4
12/6/2002,1010.9,31.2,25.6,29.1,78,85,66,SW,5,SW,12,0.0,,4
12/7/2002,1011.1,31.8,21.9,29.7,73,87,63,WSW,4,SW,13,0.0,,2
12/8/2002,1011.2,31.4,24.0,28.7,81,95,73,VRB,3,NW,12,2.2,,3
12/9/2002,1013.1,30.2,23.9,28.3,82,92,75,NE,4,NNE,16,0.0,,6
12/10/2002,1012.6,31.2,24.0,29.0,78,91,70,NW,4,N,12,0.0,,4
12/11/2002,1012.9,31.9,23.4,28.7,83,92,71,N,4,NW,14,0.0,,5
12/12/2002,1013.5,32.0,23.4,29.0,86,95,71,VRB,3,WSW,21,109.4,,6
12/13/2002,1014.8,30.2,24.0,27.6,86,92,78,SW,5,W,15,0.2,,6
12/14/2002,1013.4,30.5,23.4,27.6,88,95,77,W,5,NNW,17,38.5,,5
12/15/2002,1012.2,30.2,24.4,28.0,84,95,75,VRB,3,SW,19,3.2,,6
12/16/2002,1011.7,28.6,24.5,26.5,86,95,76,WNW,13,WNW,29,3.6,,7
12/17/2002,1010.9,30.2,23.6,27.7,84,93,78,WNW,9,WSW,26,46.3,,7
12/18/2002,1010.5,29.6,23.4,28.0,81,87,78,NW,10,NW,26,93.5,,7
12/19/2002,1010.2,28.6,23.4,26.5,88,95,84,W,13,NW,32,53.4,,8
12/20/2002,1010.8,28.0,23.2,25.8,87,93,80,NNW,16,NW,35,47.4,,7
12/21/2002,1010.1,29.5,24.6,27.5,87,95,81,NNW,12,NW,26,1.1,,7
12/22/2002,1009.8,30.6,25.2,29.0,77,84,73,N,7,N,29,0.4,,6
12/23/2002,1010.6,30.5,23.6,28.8,77,84,69,NE,5,NE,13,0.5,,7
12/24/2002,1011.3,31.0,25.8,28.5,83,93,76,E,4,NE,15,0.0,,7
12/25/2002,1012.5,31.4,23.2,29.5,78,84,72,VRB,3,SW,29,69.8,,3
12/26/2002,1013.2,30.2,23.2,26.3,87,92,82,NW,4,NW,23,0.0,,7
12/27/2002,1012.9,30.6,26.2,28.4,79,91,73,VRB,3,NE,12,0.0,,4
12/28/2002,1012.6,30.6,26.4,29.1,77,83,73,ENE,6,ENE,13,0.0,,3
12/29/2002,1013.6,30.4,26.1,29.2,74,77,71,NE,7,NE,17,0.0,,5
12/30/2002,1014.2,30.5,26.0,29.0,75,80,71,NE,5,NNE,14,0.0,,5
12/31/2002,1012.7,30.2,25.4,28.8,75,79,71,NE,7,NE,17,0.0,,5
1/1/2003,1012.3,30.2,25.4,28.8,77,79,73,NE,8,NE,18,0.0,,5
1/2/2003,1013.4,30.4,25.6,28.7,74,84,65,NE,7,NE,17,0.0,,3
1/3/2003,1013.1,30.6,26.2,29.1,70,74,65,ENE,7,ENE,16,0.0,,2
1/4/2003,1012.6,30.6,26.3,29.2,72,76,65,ENE,7,ENE,16,0.0,,5
1/5/2003,1012.7,30.9,26.4,29.4,74,79,67,ENE,7,NE,17,0.0,,2
1/6/2003,1013.3,31.0,26.1,29.1,79,85,74,NNE,5,NNE,19,0.0,,7
1/7/2003,1013.0,31.5,23.8,28.9,79,86,74,NNE,5,N,15,13.8,,3
1/8/2003,1012.8,30.0,22.8,26.9,90,95,82,VRB,3,ENE,11,15.8,,6
1/9/2003,1012.7,31.0,25.6,28.6,83,96,75,VRB,3,E,13,0.9,,2
1/10/2003,1012.8,30.8,23.6,29.0,81,86,76,E,7,ENE,22,31.5,,6
1/11/2003,1013.2,31.0,26.3,28.6,81,92,74,ESE,5,ESE,15,0.6,,7
1/12/2003,1013.5,31.6,25.0,29.6,78,85,73,E,5,ENE,18,0.0,,4
1/13/2003,1013.0,31.4,25.4,29.3,78,90,72,ENE,7,NE,18,0.0,,4
1/14/2003,1013.1,30.6,25.4,29.1,74,78,69,ENE,7,ENE,16,0.0,,5
1/15/2003,1013.1,30.8,22.2,29.1,70,80,63,VRB,3,NE,10,0.0,,2
1/16/2003,1012.8,30.4,25.2,28.3,76,95,67,NNE,5,NNE,16,0.0,,2
1/17/2003,1012.5,30.8,26.4,29.2,75,78,73,NE,7,NE,18,0.0,,2
1/18/2003,1013.2,30.6,26.6,29.2,73,77,70,NE,8,NNE,17,0.0,,2
1/19/2003,1013.2,31.0,26.8,29.2,76,83,68,NE,7,NE,18,0.0,,4
1/20/2003,1011.3,31.0,26.4,29.4,77,80,73,NE,9,NNE,21,0.0,,4
1/21/2003,1011.5,31.0,24.2,29.4,79,85,74,NE,5,ENE,16,0.0,,6
1/22/2003,1011.4,30.8,26.2,28.9,78,90,71,VRB,3,WNW,12,0.0,,6
1/23/2003,1010.7,30.2,24.0,28.1,85,90,78,NW,8,NW,24,4.6,,8
1/24/2003,1009.6,30.6,24.6,28.6,78,84,72,NNW,11,N,27,7.9,,5
1/25/2003,1010.4,29.8,24.3,28.5,83,92,78,NE,4,NNE,15,0.0,,7
1/26/2003,1011.1,30.9,23.2,28.8,82,92,75,NE,4,NNW,13,28.0,,5
1/27/2003,1012.0,30.5,26.3,28.2,84,92,77,NE,5,E,17,0.5,,7
1/28/2003,1012.5,29.6,25.5,28.5,78,81,75,NE,5,NE,13,0.0,,7
1/29/2003,1012.1,30.6,26.4,29.2,76,83,70,NE,5,NE,15,0.0,,5
1/30/2003,1013.2,30.6,25.8,28.9,76,83,70,NE,7,NE,16,0.0,,6
1/31/2003,1013.7,30.4,25.8,28.6,73,77,70,NE,6,NNE,15,0.0,,6
2/1/2003,1014.2,30.4,25.6,28.9,71,76,68,N,4,NE,13,0.0,,6
2/2/2003,1013.2,30.7,25.0,29.1,73,77,70,NE,5,NE,12,0.0,,5
2/3/2003,1013.1,30.7,26.4,29.2,76,81,71,NE,5,NE,14,0.0,,5
2/4/2003,1012.1,31.5,26.4,29.8,77,83,71,ENE,5,NE,13,0.0,,4
2/5/2003,1011.8,31.4,26.4,29.7,77,83,71,NNE,6,NNE,15,0.0,,3
2/6/2003,1011.2,31.4,25.0,29.6,78,83,73,NNE,5,NNW,16,0.0,,5
2/7/2003,1010.5,31.2,26.6,29.2,79,89,71,N,5,NNE,19,0.0,,6
2/8/2003,1009.2,31.1,26.6,29.5,76,81,71,NNE,7,NNE,16,0.0,,3
2/9/2003,1008.3,31.4,26.8,29.7,74,80,70,NNE,7,NNE,17,0.0,,2
2/10/2003,1008.2,32.0,27.0,30.0,74,80,71,NNE,7,NE,16,0.0,,3
2/11/2003,1008.9,32.8,25.7,30.6,75,82,68,NE,6,ENE,14,0.0,,5
2/12/2003,1009.0,31.9,24.8,28.8,77,87,68,NNE,5,N,15,0.0,,7
2/13/2003,1010.3,31.3,26.4,29.6,78,92,71,NNE,5,N,14,0.0,,4
2/14/2003,1010.1,32.4,24.4,30.3,73,81,66,NE,4,ENE,10,0.0,,4
2/15/2003,1012.1,32.0,26.8,30.1,75,86,68,VRB,3,E,11,0.0,,2
2/16/2003,1012.7,32.3,26.4,30.7,73,79,67,ESE,4,NNE,19,0.0,,3
2/17/2003,1012.5,32.4,27.4,30.6,74,81,70,SE,5,E,13,0.0,,3
2/18/2003,1012.8,33.1,27.4,30.8,74,85,66,NE,6,NE,15,0.0,,3
2/19/2003,1012.0,32.8,27.2,30.9,75,82,68,NE,6,NE,14,0.0,,3
2/20/2003,1012.3,31.8,26.6,30.1,76,80,71,NNE,5,NNE,14,0.0,,5
2/21/2003,1013.2,31.6,26.4,29.9,76,83,71,NNE,4,N,15,0.0,,3
2/22/2003,1012.9,31.8,26.1,29.9,70,76,66,NNE,6,NNE,14,0.0,,3
2/23/2003,1012.2,31.4,23.8,29.7,72,81,66,NNE,5,NNE,13,0.0,,2
2/24/2003,1012.3,31.7,24.2,29.5,71,81,66,VRB,3,N,11,0.0,,3
2/25/2003,1013.2,31.0,25.0,29.5,72,80,65,N,6,N,16,0.0,,2
2/26/2003,1012.2,31.0,22.6,28.9,72,80,66,N,5,N,17,0.0,,4
2/27/2003,1012.0,30.8,24.6,28.7,77,95,70,N,6,N,21,0.0,,7
2/28/2003,1011.8,31.4,26.2,29.6,79,87,71,NNW,7,NNW,18,0.0,,5
3/1/2003,1011.8,31.2,25.9,29.6,77,87,71,NNW,10,N,24,0.0,,7
3/2/2003,1011.8,31.3,26.0,29.6,74,83,70,N,8,NNW,21,0.0,,6
3/3/2003,1010.9,31.5,26.4,29.8,75,81,71,NNW,10,NNW,25,0.0,,2
3/4/2003,1010.3,30.8,26.0,29.4,76,81,72,NNW,8,NNW,20,0.0,,6
3/5/2003,1009.4,31.0,26.6,29.5,76,81,72,NNW,7,NNW,18,0.0,,5
3/6/2003,1010.2,31.3,26.5,29.6,77,83,72,NNW,9,NNW,21,0.0,,6
3/7/2003,1010.1,31.4,26.6,29.9,75,81,68,NNE,5,NNE,11,0.0,,3
3/8/2003,1009.7,31.6,26.6,30.0,74,80,70,NNE,5,NNE,12,0.0,,3
3/9/2003,1009.9,32.6,24.2,30.7,76,82,68,E,4,ESE,17,8.3,,3
3/10/2003,1011.7,30.8,24.6,27.1,81,90,65,ENE,6,E,21,3.0,,7
3/11/2003,1010.5,31.6,26.7,29.9,77,87,67,ENE,5,NE,12,0.0,,5
3/12/2003,1010.5,31.4,27.0,29.9,77,83,73,SE,4,SE,11,0.0,,3
3/13/2003,1012.1,31.4,24.6,29.9,75,79,71,SSE,5,S,11,0.0,,4
3/14/2003,1013.0,31.6,24.0,29.6,75,86,68,SSW,5,SW,12,0.0,,2
3/15/2003,1012.2,31.2,26.7,29.0,77,93,70,NW,4,WNW,11,0.0,,5
3/16/2003,1011.4,31.5,25.6,29.9,77,83,72,NW,6,NW,14,0.1,,2
3/17/2003,1011.5,31.2,24.6,29.8,78,87,72,NNW,5,NNW,17,0.0,,2
3/18/2003,1011.8,31.4,24.0,29.4,81,92,74,NNW,5,NNW,16,8.9,,4
3/19/2003,1011.8,29.5,22.8,26.4,86,89,83,NW,8,S,22,0.5,,8
3/20/2003,1010.5,31.3,26.0,28.9,80,96,71,VRB,3,NE,10,0.0,,2
3/21/2003,1009.4,31.8,25.0,30.0,78,82,75,SE,4,SE,22,1.1,,4
3/22/2003,1010.5,30.6,26.0,29.0,82,85,78,SSE,6,SE,16,2.7,,7
3/23/2003,1011.6,30.0,24.0,28.3,83,89,79,S,4,NE,11,13.0,,6
3/24/2003,1012.3,29.3,23.0,25.8,92,98,84,VRB,4,NNE,17,12.0,,7
3/25/2003,1011.6,31.4,24.2,28.7,79,88,72,E,4,NE,12,0.0,,6
3/26/2003,1012.5,31.6,23.2,29.5,80,93,69,VRB,3,SE,9,0.0,,3
3/27/2003,1012.6,31.8,24.4,29.4,78,96,66,VRB,2,SW,8,0.0,,3
3/28/2003,1011.4,31.6,24.2,29.7,78,90,72,NW,5,NW,14,2.9,,4
3/29/2003,1009.9,30.6,25.8,28.6,82,93,75,NNW,8,NNW,24,0.0,,6
3/30/2003,1010.2,31.5,26.3,30.0,75,82,69,NNW,7,NNW,17,0.0,,3
3/31/2003,1011.5,31.4,26.6,30.0,74,80,68,N,6,NNW,15,0.0,,3
4/1/2003,1010.7,31.8,27.6,29.9,74,81,68,NW,5,NW,12,0.0,,2
4/2/2003,1010.5,31.7,27.8,30.2,76,80,72,SSW,7,SSW,15,0.0,,2
4/3/2003,1010.9,32.0,27.2,30.5,76,81,72,SSW,9,SSW,16,0.0,,3
4/4/2003,1010.2,31.6,26.8,30.2,77,85,72,SSW,6,NW,15,0.0,,4
4/5/2003,1008.6,31.6,25.6,29.9,78,86,74,NW,7,NW,25,2.1,,4
4/6/2003,1010.1,31.7,27.2,29.4,79,90,72,WNW,6,NNW,17,0.0,,5
4/7/2003,1011.7,31.6,24.8,28.8,81,87,75,NW,7,N,31,2.2,,5
4/8/2003,1011.6,30.9,24.6,29.2,79,86,73,NW,6,NW,16,5.4,,7
4/9/2003,1011.2,30.8,24.6,28.3,83,95,76,NW,5,N,16,0.0,,7
4/10/2003,1010.6,32.0,25.2,29.5,76,93,73,VRB,3,NW,10,0.0,,5
4/11/2003,1011.4,31.8,26.6,29.9,78,92,71,NW,4,NNW,17,0.1,,4
4/12/2003,1011.3,31.8,24.8,28.7,83,90,75,N,4,SSW,21,3.7,,6
4/13/2003,1009.8,32.0,24.6,29.8,77,89,71,VRB,4,NNW,14,0.0,,4
4/14/2003,1010.1,31.4,24.0,28.4,83,93,74,VRB,5,SSW,15,17.4,,5
4/15/2003,1010.4,31.6,25.4,29.4,78,96,69,NW,4,NW,27,0.0,,3
4/16/2003,1011.1,32.2,24.4,30.2,74,85,67,NNW,4,NW,10,0.0,,4
4/17/2003,1010.9,32.6,25.2,29.5,74,95,67,VRB,2,NW,23,0.1,,4
4/18/2003,1010.4,31.8,24.8,29.9,77,94,70,NW,4,NW,21,2.8,,3
4/19/2003,1009.4,31.2,23.6,29.3,78,92,71,NW,6,WNW,29,14.5,,6
4/20/2003,1009.5,30.6,24.4,26.4,88,93,81,S,7,SW,23,4.6,,8
4/21/2003,1009.4,31.6,26.6,29.7,77,87,71,SSW,5,NW,17,4.9,,6
4/22/2003,1010.3,31.4,23.8,28.5,77,92,76,SSW,10,W,25,13.6,,6
4/23/2003,1012.2,29.2,23.2,25.8,91,98,80,NNW,4,N,20,22.3,,8
4/24/2003,1010.2,31.8,24.2,29.1,79,96,71,NNW,7,NW,22,9.0,,4
4/25/2003,1009.4,31.0,22.5,27.2,86,98,73,NW,15,NNW,33,52.1,,7
4/26/2003,1008.1,30.8,27.0,29.1,81,90,78,NW,10,NNW,26,0.0,,6
4/27/2003,1007.6,31.2,24.3,28.2,83,95,72,NW,10,N,28,7.9,,6
4/28/2003,1007.4,30.9,27.0,29.1,80,87,75,NW,6,NW,25,0.0,,7
4/29/2003,1008.6,31.8,23.2,30.0,74,85,72,NW,8,WSW,39,21.4,,5
4/30/2003,1009.1,30.6,26.4,28.7,83,89,77,NW,8,SSW,20,0.2,,7
5/1/2003,1007.8,32.2,27.2,30.1,78,83,72,W,7,NW,15,0.2,,7
5/2/2003,1007.5,31.6,26.3,29.9,82,92,74,SSW,7,SSW,18,0.0,,5
5/3/2003,1008.6,31.0,23.9,28.8,84,92,76,SSW,7,NW,33,4.8,,6
5/4/2003,1008.8,31.2,25.4,29.3,83,90,75,SSW,9,SSW,24,11.2,,7
5/5/2003,1010.0,30.4,25.0,28.3,79,92,71,SSW,16,SSW,41,2.2,,7
5/6/2003,1010.7,31.4,27.6,29.9,76,79,65,SSW,11,SSW,22,0.0,,7
5/7/2003,1010.4,30.8,25.0,29.1,81,92,76,WSW,8,W,32,4.7,,7
5/8/2003,1009.9,31.7,24.8,30.3,78,85,75,W,9,W,23,1.2,,4
5/9/2003,1010.2,31.6,26.4,29.4,80,89,75,NW,9,W,24,2.7,,6
5/10/2003,1010.1,31.7,24.8,29.9,78,85,74,NW,10,W,28,7.6,,6
5/11/2003,1009.8,30.6,24.0,28.6,82,87,78,NW,13,NW,36,36.4,,7
5/12/2003,1010.0,30.6,23.4,28.4,84,95,78,NW,12,NW,44,19.1,,7
5/13/2003,1010.5,31.4,23.5,29.1,80,92,75,NW,12,NW,36,32.6,,7
5/14/2003,1010.4,31.0,23.0,28.8,82,92,75,SW,11,W,41,36.5,,7
5/15/2003,1011.1,30.6,27.2,29.1,79,96,73,SW,10,WSW,21,0.0,,4
5/16/2003,1012.2,31.2,27.4,29.8,74,78,69,SSW,11,SW,20,0.0,,5
5/17/2003,1012.2,30.8,27.2,29.6,74,78,71,SW,12,SSW,20,0.0,,7
5/18/2003,1011.7,31.1,26.6,29.4,73,79,69,SW,10,SSW,18,0.0,,6
5/19/2003,1011.7,31.0,25.9,29.5,73,81,66,SW,7,SSW,16,0.0,,6
5/20/2003,1012.4,31.0,26.4,29.4,75,81,71,SSW,8,S,15,0.0,,3
5/21/2003,1013.1,31.2,23.0,29.5,73,83,68,SW,5,SSW,11,0.0,,3
5/22/2003,1012.0,31.4,23.3,28.8,76,96,64,WSW,4,W,11,0.0,,4
5/23/2003,1011.3,31.4,24.4,29.1,74,90,67,W,4,WSW,11,0.0,,4
5/24/2003,1011.7,31.6,24.1,29.7,71,80,66,W,5,W,12,0.0,,3
5/25/2003,1012.4,31.4,23.4,29.3,74,90,67,VRB,3,SSE,8,0.0,,2
5/26/2003,1012.1,31.7,24.8,29.4,80,96,72,VRB,2,WNW,15,14.2,,2
5/27/2003,1011.6,31.4,25.8,29.1,83,98,73,SW,5,WSW,18,0.1,,6
5/28/2003,1011.5,31.4,24.4,29.5,80,97,73,WNW,5,W,17,23.4,,6
5/29/2003,1012.0,31.4,25.2,29.2,80,97,72,SSW,4,SSW,12,0.0,,5
5/30/2003,1012.4,30.6,24.6,28.1,84,92,81,SW,5,SSW,19,7.8,,7
5/31/2003,1011.8,31.4,26.9,29.1,81,93,73,NW,5,NW,17,0.0,,6
6/1/2003,1010.5,31.3,24.1,28.0,81,95,73,SW,7,WNW,27,45.0,,6
6/2/2003,1009.9,30.4,23.9,27.8,85,98,77,SSW,7,W,23,60.1,,7
6/3/2003,1010.2,30.6,23.5,27.3,84,95,75,SSW,9,SSW,25,14.0,,7
6/4/2003,1010.9,29.4,23.3,26.7,88,93,76,NW,9,NW,29,10.0,,7
6/5/2003,1010.3,29.8,23.6,27.9,82,92,75,SW,10,WNW,30,1.4,,7
6/6/2003,1009.5,31.0,24.1,28.9,79,97,71,SW,4,WSW,10,0.0,,7
6/7/2003,1009.3,31.4,25.0,28.7,81,93,69,W,4,N,17,0.0,,6
6/8/2003,1010.5,29.4,23.7,25.8,87,95,74,SSW,10,NW,27,28.6,,8
6/9/2003,1010.1,31.0,26.8,29.1,77,87,73,S,5,S,11,0.0,,7
6/10/2003,1009.4,30.9,27.1,29.3,77,85,73,VRB,3,SSE,12,0.0,,7
6/11/2003,1009.6,32.0,27.2,29.9,75,82,71,ESE,4,ESE,11,0.0,,6
6/12/2003,1011.3,32.2,26.2,30.1,76,88,66,VRB,3,E,9,0.0,,6
6/13/2003,1011.5,30.8,24.8,29.5,77,86,72,SE,4,S,10,0.0,,5
6/14/2003,1011.9,31.2,23.4,28.3,80,92,73,SSW,4,N,21,3.3,,4
6/15/2003,1010.5,31.0,25.8,28.8,75,93,66,SSW,5,SSW,12,0.0,,4
6/16/2003,1009.9,31.0,25.6,28.9,77,87,72,SW,6,WSW,18,0.0,,5
6/17/2003,1010.1,31.0,26.2,29.3,76,86,69,SSE,5,S,13,0.0,,5
6/18/2003,1010.7,31.2,25.5,29.9,76,82,72,SSE,5,SE,14,0.0,,7
6/19/2003,1010.3,31.2,25.7,29.9,75,82,70,SSE,5,SSE,12,0.0,,6
6/20/2003,1009.5,31.4,26.6,29.8,77,89,67,S,6,SSE,15,0.0,,7
6/21/2003,1008.5,31.2,24.4,29.8,77,85,72,S,6,S,14,16.2,,7
6/22/2003,1009.6,30.2,23.5,27.7,80,95,72,NW,12,NW,39,9.8,,7
6/23/2003,1009.0,30.8,26.8,29.2,78,90,73,NW,5,NW,15,0.0,,7
6/24/2003,1009.2,31.4,24.5,29.5,74,80,68,W,5,WSW,12,0.4,,6
6/25/2003,1009.2,31.4,25.4,29.3,77,97,68,VRB,3,WNW,9,0.0,,7
6/26/2003,1009.5,31.4,25.0,29.5,77,92,69,VRB,3,NW,11,0.0,,7
6/27/2003,1010.4,31.6,24.5,29.5,78,90,70,NNW,4,NW,37,0.0,,7
6/28/2003,1010.8,31.0,26.0,29.3,77,86,69,NNW,7,NNW,22,0.0,,7
6/29/2003,1010.8,31.4,25.5,28.2,81,90,72,NW,4,N,26,3.3,,7
6/30/2003,1009.8,31.4,22.5,28.5,80,90,72,WNW,7,WSW,27,30.6,,7
7/1/2003,1009.5,31.0,25.6,29.2,79,85,74,W,5,WSW,11,0.0,,7
7/2/2003,1010.6,30.8,25.2,29.4,77,89,70,SW,4,SW,11,0.0,,6
7/3/2003,1010.7,31.2,25.9,29.3,76,80,71,VRB,3,E,9,0.0,,7
7/4/2003,1009.6,31.4,25.8,29.6,78,87,73,VRB,3,SSE,12,1.4,,5
7/5/2003,1009.4,30.6,25.0,29.4,78,83,73,SE,6,NNE,20,0.0,,7
7/6/2003,1009.8,31.2,25.6,29.3,75,89,68,ESE,4,SE,11,0.0,,7
7/7/2003,1010.1,31.6,24.6,29.5,73,86,66,VRB,3,NNE,11,0.0,,4
7/8/2003,1009.8,31.0,23.4,29.1,74,85,65,VRB,3,NNW,13,0.0,,6
7/9/2003,1010.5,31.2,26.6,28.7,75,93,65,VRB,3,WNW,9,0.0,,7
7/10/2003,1011.1,30.6,27.4,29.4,74,78,70,S,5,SSE,12,0.0,,7
7/11/2003,1009.8,31.4,27.2,29.5,75,82,69,S,5,S,14,0.2,,7
7/12/2003,1009.6,31.4,23.2,29.7,77,82,73,S,7,ENE,19,3.5,,7
7/13/2003,1010.6,30.1,23.3,26.3,85,93,80,N,7,N,34,0.4,,7
7/14/2003,1009.6,31.6,26.8,29.6,71,89,63,VRB,3,NNW,11,0.0,,6
7/15/2003,1010.2,31.6,27.4,29.9,72,79,66,ENE,4,NE,11,0.0,,7
7/16/2003,1010.6,31.6,25.0,29.7,75,79,71,NE,4,ENE,9,0.9,,5
7/17/2003,1011.2,31.8,23.8,29.2,77,95,67,VRB,3,NNW,30,3.2,,6
7/18/2003,1011.3,30.6,23.5,28.2,81,93,73,NNE,6,NNW,55,6.4,,7
7/19/2003,1010.0,30.6,22.9,28.9,78,84,73,NNE,5,NW,33,29.3,,7
7/20/2003,1010.1,31.0,24.0,27.9,77,98,69,SW,5,SW,28,20.2,,6
7/21/2003,1011.1,30.6,24.0,28.4,77,89,65,NW,8,NW,40,0.0,,7
7/22/2003,1011.2,31.4,23.8,29.0,80,96,69,VRB,2,N,14,3.6,,5
7/23/2003,1011.1,30.2,23.0,27.9,77,87,71,NW,8,NW,42,0.3,,6
7/24/2003,1010.8,30.4,26.7,28.5,77,96,71,S,4,S,10,0.0,,4
7/25/2003,1010.3,31.2,27.2,29.5,73,79,69,SSE,4,SE,10,0.0,,6
7/26/2003,1010.0,31.2,26.8,29.7,77,81,71,SSE,4,SSE,9,0.0,,7
7/27/2003,1010.3,31.3,24.0,29.8,77,85,72,VRB,3,SSW,20,104.3,,5
7/28/2003,1011.0,30.6,24.6,28.3,85,97,78,SE,6,SSE,20,4.2,,7
7/29/2003,1010.6,30.6,26.7,28.8,77,85,69,E,5,ENE,19,0.0,,6
7/30/2003,1010.8,31.6,23.4,28.0,82,96,71,E,5,NNE,25,42.8,,5
7/31/2003,1011.5,29.2,25.4,27.8,83,92,74,N,4,N,23,0.0,,7
8/1/2003,1011.4,30.6,24.3,29.0,81,95,70,VRB,2,NW,17,0.0,,7
8/2/2003,1011.9,31.0,25.4,29.2,78,95,71,VRB,3,NNW,15,0.4,,6
8/3/2003,1012.3,31.4,23.0,29.5,76,90,71,VRB,3,N,29,60.6,,5
8/4/2003,1013.5,30.5,23.1,25.9,89,96,77,NW,8,NW,28,24.1,,7
8/5/2003,1012.1,30.5,26.1,28.6,77,87,66,WNW,5,NW,15,0.0,,6
8/6/2003,1010.6,30.8,23.8,29.0,77,84,69,W,5,WNW,16,6.6,,7
8/7/2003,1010.3,31.2,22.8,28.6,80,97,70,VRB,3,N,16,15.7,,7
8/8/2003,1010.5,30.4,22.8,27.1,86,96,73,N,7,N,34,3.4,,6
8/9/2003,1009.3,30.6,22.6,28.3,80,95,71,NNW,10,NW,45,7.4,,7
8/10/2003,1009.9,31.2,26.0,28.7,82,87,76,N,8,NNW,23,1.8,,7
8/11/2003,1011.6,31.0,25.5,29.3,79,86,73,N,7,N,26,0.0,,5
8/12/2003,1012.7,30.4,27.0,28.9,78,80,74,NW,9,NNW,24,0.0,,8
8/13/2003,1011.5,31.0,25.2,29.4,77,82,72,NW,9,NW,17,0.8,,5
8/14/2003,1011.9,29.8,24.4,28.3,80,93,73,NW,5,NW,19,1.6,,6
8/15/2003,1012.0,30.8,25.8,29.0,78,92,73,SW,4,WSW,11,0.0,,7
8/16/2003,1012.2,30.6,25.6,29.1,76,83,71,SW,7,SSW,15,0.0,,5
8/17/2003,1012.4,30.6,25.6,29.0,73,80,66,SW,7,SW,14,0.0,,5
8/18/2003,1012.4,30.6,26.8,28.9,73,80,69,W,6,WSW,13,0.0,,7
8/19/2003,1011.3,31.1,25.3,29.3,74,81,70,W,9,WNW,29,0.0,,5
8/20/2003,1010.2,30.6,26.2,29.1,75,83,71,W,10,W,25,0.3,,7
8/21/2003,1010.2,30.4,25.4,29.1,74,80,69,WSW,8,SW,15,0.0,,7
8/22/2003,1011.0,30.6,25.6,28.8,79,86,72,WSW,5,WSW,12,0.0,,7
8/23/2003,1011.6,30.8,25.2,29.2,75,86,69,WSW,5,W,11,0.0,,4
8/24/2003,1010.5,31.4,25.8,29.3,74,92,68,W,4,WSW,12,0.1,,3
8/25/2003,1010.7,31.5,26.6,29.4,73,80,69,W,5,W,13,0.0,,3
8/26/2003,1011.5,31.1,24.3,29.2,73,81,66,W,5,W,13,0.6,,6
8/27/2003,1011.9,31.0,24.8,28.3,77,92,69,WSW,6,WSW,21,3.6,,6
8/28/2003,1012.6,31.0,22.3,29.3,72,82,66,WSW,5,WSW,13,0.0,,5
8/29/2003,1012.7,30.8,26.3,28.6,73,93,64,SSW,7,SSW,19,0.0,,3
8/30/2003,1012.8,31.0,26.2,29.3,71,77,65,SW,9,SSW,17,0.4,,3
8/31/2003,1012.5,30.7,25.7,29.0,74,86,68,SSW,9,WSW,18,2.9,,3
9/1/2003,1012.3,31.0,26.7,29.2,74,84,69,SSW,8,SSW,15,0.0,,3
9/2/2003,1012.1,30.6,25.9,29.1,75,81,68,SW,7,WSW,15,0.0,,6
9/3/2003,1012.2,31.2,24.8,29.1,75,82,69,W,5,WNW,15,0.0,,7
9/4/2003,1012.0,30.8,24.4,28.9,78,95,72,WNW,7,NW,24,1.0,,6
9/5/2003,1012.3,30.2,23.6,27.5,80,95,70,W,6,W,27,4.8,,6
9/6/2003,1012.8,31.2,23.6,28.8,77,97,67,VRB,2,NW,9,0.0,,7
9/7/2003,1012.7,31.3,23.2,28.8,72,93,62,VRB,3,N,13,0.0,,6
9/8/2003,1012.6,31.6,23.6,28.8,73,95,62,VRB,3,E,9,0.0,,3
9/9/2003,1012.6,31.2,26.5,28.9,74,92,64,VRB,3,SW,11,0.0,,3
9/10/2003,1012.3,31.4,26.0,29.7,72,79,67,W,6,SW,15,0.0,,4
9/11/2003,1012.2,31.2,24.0,29.0,75,83,69,W,6,NW,22,1.0,,6
9/12/2003,1012.0,29.6,25.6,27.8,80,91,76,W,8,NNW,32,0.0,,7
9/13/2003,1011.6,31.2,27.4,29.5,71,76,63,WSW,9,SW,17,0.0,,7
9/14/2003,1010.8,31.4,24.8,29.1,75,79,68,SSW,10,SSW,25,9.8,,6
9/15/2003,1011.4,31.0,26.9,29.4,75,81,70,SSW,10,SSW,18,0.0,,2
9/16/2003,1011.6,31.0,26.8,29.4,75,80,70,SSW,9,SSW,17,0.0,,2
9/17/2003,1012.4,31.2,26.6,29.4,73,81,69,SSW,8,SSW,16,0.0,,5
9/18/2003,1013.5,30.6,24.2,28.6,77,92,70,W,8,WNW,30,0.5,,6
9/19/2003,1013.3,30.6,24.1,29.2,75,79,69,SW,8,W,18,2.0,,7
9/20/2003,1013.2,30.6,22.9,28.4,79,97,71,W,7,NW,36,7.7,,7
9/21/2003,1013.3,30.3,23.4,28.1,81,92,73,VRB,3,S,15,1.7,,6
9/22/2003,1012.9,31.2,25.2,28.5,78,97,69,WSW,4,W,17,2.3,,6
9/23/2003,1011.8,30.5,25.7,28.8,78,88,69,WSW,8,SSW,23,5.0,,5
9/24/2003,1011.0,30.6,26.6,29.1,76,87,71,WSW,7,SW,19,0.0,,3
9/25/2003,1011.5,31.2,23.8,28.9,77,89,70,WSW,5,W,33,13.3,,5
9/26/2003,1011.5,30.7,23.6,28.5,77,93,65,W,10,W,33,9.5,,7
9/27/2003,1010.4,31.0,25.4,28.9,76,89,69,NW,10,WNW,31,0.0,,6
9/28/2003,1010.5,30.4,23.7,27.1,85,95,74,NW,12,W,33,18.6,,7
9/29/2003,1010.8,30.0,23.4,28.0,77,95,70,NW,13,W,41,17.0,,7
9/30/2003,1011.2,28.8,23.3,26.6,82,95,73,NW,15,WNW,43,16.1,,8
10/1/2003,1009.6,31.2,22.2,28.7,78,86,72,NW,13,NW,43,22.8,,7
10/2/2003,1009.7,29.8,23.8,28.3,82,87,76,NW,11,WNW,32,4.5,,7
10/3/2003,1010.4,30.6,25.4,28.7,79,87,72,WNW,11,WNW,32,1.1,,5
10/4/2003,1010.6,30.8,25.0,29.2,79,85,74,W,9,WNW,27,1.9,,5
10/5/2003,1010.9,30.6,26.4,28.9,79,85,73,W,9,W,25,2.7,,5
10/6/2003,1010.3,31.2,26.5,29.4,75,86,71,W,11,W,21,0.0,,4
10/7/2003,1010.7,31.7,26.2,29.5,75,82,70,NW,10,NW,20,0.0,,4
10/8/2003,1011.2,31.6,26.6,29.4,76,83,69,NW,9,WNW,21,0.0,,5
10/9/2003,1012.2,31.3,25.0,28.6,79,87,73,SW,8,WSW,25,3.5,,7
10/10/2003,1011.8,31.2,26.6,29.1,77,84,71,SW,7,W,14,0.0,,6
10/11/2003,1010.9,31.4,26.7,29.4,74,81,68,NW,6,NW,13,0.0,,4
10/12/2003,1010.7,31.6,23.9,29.5,75,84,69,WNW,7,WNW,16,1.1,,3
10/13/2003,1012.2,31.0,25.0,28.5,77,90,68,W,10,W,27,2.4,,5
10/14/2003,1012.3,31.7,26.3,29.3,77,89,71,W,6,WSW,16,0.0,,3
10/15/2003,1012.0,31.4,26.4,29.2,73,81,67,W,8,W,17,0.0,,2
10/16/2003,1011.8,31.6,26.6,29.6,73,80,66,W,7,W,15,0.0,,2
10/17/2003,1011.6,31.8,26.6,29.8,74,83,68,W,8,WSW,15,0.0,,3
10/18/2003,1012.5,31.9,27.0,29.6,73,80,67,W,7,W,16,0.0,,3
10/19/2003,1013.1,31.7,26.4,29.7,75,79,71,W,9,W,17,0.0,,3
10/20/2003,1013.4,31.6,24.8,29.0,79,92,72,WSW,10,SW,24,2.7,,4
10/21/2003,1012.6,31.1,23.6,29.3,73,80,68,WSW,10,NW,20,2.4,,3
10/22/2003,1013.0,31.0,26.6,29.0,76,89,69,WSW,8,WSW,17,0.0,,4
10/23/2003,1014.1,31.4,27.0,29.4,75,85,69,WSW,11,SW,21,0.0,,5
10/24/2003,1012.7,31.2,25.6,29.6,75,82,70,WSW,10,SW,19,0.0,,5
10/25/2003,1011.3,31.4,26.4,29.3,75,83,69,W,6,WNW,15,0.0,,3
10/26/2003,1010.7,31.4,24.5,29.3,74,78,68,WNW,8,W,25,6.8,,3
10/27/2003,1011.7,30.2,23.6,27.6,83,90,77,WNW,8,WNW,25,23.6,,5
10/28/2003,1013.0,29.4,22.9,26.0,88,96,76,NW,9,NW,30,32.3,,7
10/29/2003,1012.1,31.0,25.1,28.7,72,84,65,NNW,5,NNW,14,0.0,,4
10/30/2003,1011.2,31.4,26.4,29.1,72,85,67,NNW,5,N,14,0.0,,2
10/31/2003,1010.9,30.0,23.6,27.6,83,98,75,NW,5,NNW,28,17.4,,7
11/1/2003,1010.5,30.8,23.0,28.7,76,83,69,NW,11,NW,35,47.2,,6
11/2/2003,1011.0,29.8,23.0,27.1,87,95,78,NNW,6,N,21,10.7,,7
11/3/2003,1011.4,29.4,24.8,27.3,83,91,77,WNW,6,SW,21,2.9,,7
11/4/2003,1011.7,28.8,22.6,25.7,89,95,79,W,10,WNW,25,20.7,,7
11/5/2003,1010.6,31.4,24.2,29.4,73,86,69,W,8,WNW,28,2.7,,7
11/6/2003,1010.7,31.4,24.6,28.7,81,90,71,W,7,WSW,27,1.8,,7
11/7/2003,1010.1,31.4,24.3,29.1,73,80,66,W,11,W,31,0.0,,7
11/8/2003,1009.9,30.0,23.7,27.7,81,95,75,W,11,WNW,39,3.7,,7
11/9/2003,1008.2,31.2,24.6,28.9,79,89,73,WNW,13,WNW,34,2.1,,7
11/10/2003,1009.7,29.4,24.8,27.7,84,89,81,NW,12,NNW,41,1.2,,7
11/11/2003,1010.7,29.6,23.6,27.6,82,87,75,NW,11,N,33,6.6,,7
11/12/2003,1010.6,30.4,24.6,28.3,81,90,74,NNW,11,WNW,25,3.7,,6
11/13/2003,1010.4,31.2,26.2,29.1,78,86,73,NNE,7,N,19,0.0,,5
11/14/2003,1011.8,30.6,23.4,28.3,83,95,76,NNW,9,NNW,36,64.4,,6
11/15/2003,1013.0,29.0,24.6,26.2,87,93,82,NW,12,WNW,34,0.9,,8
11/16/2003,1011.5,30.4,23.9,28.5,80,89,75,NW,14,NW,37,3.1,,7
11/17/2003,1011.4,30.2,24.2,28.2,80,87,74,WNW,12,W,25,1.0,,4
11/18/2003,1010.7,30.6,26.0,28.8,80,92,73,W,9,W,19,0.0,,5
11/19/2003,1011.0,30.8,25.8,28.8,76,84,70,W,8,W,16,0.0,,2
11/20/2003,1011.2,30.8,23.2,28.8,75,83,68,W,6,W,14,0.0,,2
11/21/2003,1011.8,31.0,22.6,28.4,77,93,71,W,4,SW,11,0.0,,2
11/22/2003,1012.5,30.7,26.0,28.2,78,96,71,NW,5,NNW,17,0.0,,2
11/23/2003,1012.2,31.2,25.1,29.0,77,84,71,NW,7,NNW,16,0.4,,3
11/24/2003,1012.4,31.0,25.4,28.4,81,92,73,NW,8,NW,23,0.0,,3
11/25/2003,1012.6,31.5,24.6,28.4,75,90,70,NE,5,NE,17,0.2,,4
11/26/2003,1011.3,31.2,23.6,28.7,79,92,71,VRB,3,WNW,17,4.3,,3
11/27/2003,1010.2,30.5,25.2,28.1,81,95,71,NW,8,NW,21,0.0,,4
11/28/2003,1009.6,30.5,23.6,28.3,81,96,74,N,7,WSW,29,8.1,,3
11/29/2003,1010.6,31.0,24.3,28.7,78,95,70,VRB,3,WNW,8,0.0,,3
11/30/2003,1011.0,31.8,25.4,29.2,77,93,67,VRB,3,WNW,10,0.0,,3
12/1/2003,1011.2,31.6,25.3,29.5,75,84,68,WSW,6,SW,14,0.0,,3
12/2/2003,1010.6,31.6,24.2,29.2,79,87,73,W,5,NW,20,6.9,,3
12/3/2003,1009.9,29.8,24.4,26.8,87,95,76,NNW,5,NW,23,3.7,,6
12/4/2003,1009.5,31.1,25.3,28.4,80,89,72,VRB,3,E,12,1.8,,6
12/5/2003,1010.2,31.1,23.0,28.5,82,93,73,SSE,6,SSE,17,29.8,,6
12/6/2003,1010.9,29.6,23.0,26.6,90,96,83,WSW,6,NW,18,60.3,,7
12/7/2003,1011.7,30.2,24.2,27.8,83,95,75,SW,8,WSW,35,6.3,,7
12/8/2003,1012.3,30.0,22.7,27.1,85,97,79,W,7,W,28,52.3,,7
12/9/2003,1011.9,29.8,23.4,27.3,85,92,78,NNW,7,NW,27,16.9,,6
12/10/2003,1011.5,30.2,24.0,27.7,85,96,81,N,5,NE,19,10.0,,6
12/11/2003,1010.7,31.0,23.0,28.1,82,98,72,NE,4,S,14,71.3,,5
12/12/2003,1010.8,28.6,23.6,26.4,87,95,76,VRB,3,NNW,19,3.0,,7
12/13/2003,1010.9,30.8,25.1,28.1,81,92,72,VRB,3,N,17,0.0,,6
12/14/2003,1011.0,31.2,23.9,27.8,79,96,71,VRB,3,NNW,11,29.9,,7
12/15/2003,1010.6,31.1,25.4,28.7,78,96,69,VRB,3,N,21,0.0,,5
12/16/2003,1010.7,30.9,25.6,28.8,77,87,71,NNW,6,NNW,17,0.0,,5
12/17/2003,1011.9,30.6,26.1,28.9,75,87,68,NNE,5,N,18,0.0,,4
12/18/2003,1012.9,30.9,26.1,28.7,72,78,65,NNE,5,NNE,13,0.0,,6
12/19/2003,1013.6,31.1,24.5,28.9,72,80,67,ENE,5,ENE,13,0.0,,3
12/20/2003,1014.2,30.4,25.7,28.1,75,90,65,ENE,4,NE,13,0.0,,7
12/21/2003,1013.5,31.4,25.0,29.2,74,84,68,NE,5,NE,19,0.8,,6
12/22/2003,1012.8,31.7,24.6,28.4,79,87,69,ENE,6,NNE,22,1.9,,6
12/23/2003,1012.3,30.8,22.6,28.9,74,79,68,ENE,7,NE,20,20.4,,5
12/24/2003,1012.9,30.2,22.6,27.4,81,92,72,NE,5,NE,15,4.4,,6
12/25/2003,1012.2,30.8,26.0,28.8,72,77,65,NE,6,NE,16,0.0,,3
12/26/2003,1011.2,30.9,26.4,28.9,71,77,65,ENE,5,NE,13,0.0,,2
12/27/2003,1011.3,31.4,27.0,29.3,75,80,66,ENE,4,ENE,11,0.0,,6
12/28/2003,1011.2,31.6,25.4,29.3,80,87,71,ENE,7,ENE,21,4.7,,6
12/29/2003,1011.9,31.2,23.5,28.3,82,90,76,E,8,E,29,59.7,,6
12/30/2003,1013.8,28.8,23.6,25.3,93,96,89,ESE,8,SE,33,19.3,,8
12/31/2003,1013.5,30.0,24.6,27.3,82,88,74,NE,5,WNW,25,0.2,,7
1/1/2004,1012.6,30.6,22.5,27.3,85,95,74,N,5,NNE,21,35.6,,5
1/2/2004,1012.8,30.0,22.6,27.3,83,96,75,N,5,NE,24,24.0,,6
1/3/2004,1012.3,30.7,26.4,28.7,78,84,71,NE,6,NE,15,0.05,,3
1/4/2004,1012.4,31.2,26.2,29.2,76,84,70,ENE,5,ENE,17,0.0,,3
1/5/2004,1012.6,31.4,26.2,29.2,76,84,71,ENE,5,ENE,13,0.0,,3
1/6/2004,1012.3,31.5,26.4,29.3,77,87,70,E,4,NE,12,0.0,,3
1/7/2004,1011.9,32.2,26.5,29.7,75,83,67,E,5,E,14,0.0,,3
1/8/2004,1011.7,32.1,26.3,29.1,79,86,71,E,6,E,19,0.8,,5
1/9/2004,1011.2,32.0,27.0,29.8,77,87,71,ENE,8,E,20,0.0,,3
1/10/2004,1010.8,31.8,25.8,29.7,78,85,72,E,9,E,22,0.3,,4
1/11/2004,1011.1,31.6,25.5,29.1,80,87,72,E,7,E,22,1.9,,3
1/12/2004,1011.5,31.4,25.2,28.2,83,89,75,E,4,NE,15,2.7,,6
1/13/2004,1010.8,29.4,24.5,27.2,87,95,83,NE,7,NNE,23,1.8,,6
1/14/2004,1009.9,30.9,22.5,28.4,81,87,71,ENE,6,E,20,16.6,,7
1/15/2004,1011.8,28.2,24.0,25.8,90,95,87,ENE,4,ENE,19,18.4,,8
1/16/2004,1011.7,31.0,23.4,28.5,81,89,72,E,4,NE,11,3.3,,7
1/17/2004,1011.2,31.2,23.4,29.1,82,98,70,VRB,3,WNW,17,74.4,,5
1/18/2004,1011.3,29.3,24.6,27.0,86,97,76,NW,5,E,15,15.0,,7
1/19/2004,1010.1,30.6,26.4,28.5,80,92,74,ENE,7,ENE,18,0.1,,7
1/20/2004,1009.5,30.7,26.0,28.8,74,80,69,NE,8,ENE,17,0.0,,4
1/21/2004,1008.9,31.3,23.7,29.1,73,80,68,E,7,E,17,0.0,,3
1/22/2004,1009.4,30.5,22.6,28.2,79,95,71,NE,4,W,16,36.7,,4
1/23/2004,1009.1,29.8,23.8,27.1,85,98,75,E,4,ENE,10,0.05,,7
1/24/2004,1008.8,30.6,26.0,28.5,80,89,74,ENE,6,E,16,0.05,,7
1/25/2004,1011.0,30.5,24.3,28.5,77,83,70,NE,5,NNE,15,0.0,,5
1/26/2004,1011.0,30.4,26.4,28.3,81,93,73,ENE,5,ENE,16,0.0,,7
1/27/2004,1009.5,31.8,23.7,29.6,79,86,71,E,6,E,20,26.8,,4
1/28/2004,1008.6,31.7,26.8,29.5,77,84,69,ESE,5,ESE,14,0.1,,3
1/29/2004,1008.7,31.8,26.4,29.8,78,85,71,SE,4,SE,14,0.7,,3
1/30/2004,1010.0,31.2,26.4,29.3,78,89,72,E,7,E,18,0.05,,4
1/31/2004,1011.1,31.0,26.6,29.1,77,84,71,NE,9,NE,19,0.0,,6
2/1/2004,1008.6,30.6,26.2,29.1,77,84,71,ENE,8,ENE,16,0.0,,5
2/2/2004,1008.6,31.9,25.7,29.4,73,80,66,E,5,E,12,0.0,,5
2/3/2004,1010.0,31.6,25.9,29.2,73,84,66,E,4,E,16,0.0,,2
2/4/2004,1010.2,31.4,26.4,29.3,75,82,66,E,8,E,14,0.0,,3
2/5/2004,1010.5,31.5,26.7,29.5,76,84,72,E,7,E,18,0.0,,3
2/6/2004,1011.7,32.4,26.6,29.8,76,83,70,ESE,5,ESE,12,0.0,,4
2/7/2004,1013.5,32.8,26.7,30.1,75,86,66,VRB,3,ESE,10,0.0,,2
2/8/2004,1013.2,31.4,25.2,29.4,77,84,71,E,6,E,13,0.0,,3
2/9/2004,1012.5,31.6,25.8,29.1,77,90,68,ENE,4,E,10,0.0,,4
2/10/2004,1013.1,31.8,24.7,29.2,73,87,61,ENE,6,E,13,0.0,,5
2/11/2004,1013.4,31.5,26.9,29.3,74,84,68,E,4,E,12,0.0,,5
2/12/2004,1012.5,32.0,26.8,29.8,74,83,69,E,6,E,13,0.0,,3
2/13/2004,1011.6,32.0,26.6,29.8,74,82,70,E,6,E,11,0.0,,4
2/14/2004,1010.9,32.4,26.4,29.8,74,83,67,E,4,E,10,0.0,,3
2/15/2004,1011.0,31.6,27.2,29.7,72,85,66,ENE,7,ENE,16,0.0,,4
2/16/2004,1011.1,31.6,24.4,29.7,71,77,64,ENE,9,ENE,15,3.1,,3
2/17/2004,1011.0,31.3,23.9,28.1,81,95,67,N,5,NW,28,2.2,,5
2/18/2004,1009.8,31.4,23.6,29.1,75,83,69,ENE,5,ENE,13,7.7,,4
2/19/2004,1010.6,31.0,23.6,28.3,77,95,65,NE,5,NE,13,0.0,,7
2/20/2004,1010.9,30.9,26.7,29.1,67,73,62,NE,7,NE,13,0.0,,4
2/21/2004,1011.0,31.2,26.8,29.3,71,79,65,NE,7,NE,15,0.0,,2
2/22/2004,1010.7,31.8,26.0,29.6,69,80,63,E,6,E,12,0.0,,3
2/23/2004,1010.8,32.2,26.0,29.6,68,77,61,ESE,4,E,10,0.0,,3
2/24/2004,1011.9,32.0,23.9,29.6,73,83,66,VRB,2,E,9,0.0,,2
2/25/2004,1012.0,31.7,26.4,28.7,80,93,73,VRB,3,ENE,13,0.0,,6
2/26/2004,1011.1,32.2,25.6,29.9,72,86,66,E,5,E,12,0.0,,4
2/27/2004,1011.1,31.4,24.3,29.5,70,80,63,NE,6,NE,15,10.9,,5
2/28/2004,1011.4,30.4,24.3,27.0,83,92,75,NE,8,NW,24,0.1,,7
2/29/2004,1011.2,30.2,26.2,28.7,75,82,71,NE,7,NE,14,0.0,,7
3/1/2004,1010.5,31.4,26.6,29.3,72,79,66,NE,7,NE,15,0.0,,5
3/2/2004,1009.8,31.1,26.5,29.1,73,81,69,N,7,N,15,0.0,,3
3/3/2004,1010.0,31.2,24.6,29.4,69,77,63,N,7,N,14,0.0,,5
3/4/2004,1010.2,31.4,23.0,29.1,71,87,63,N,6,NNW,12,0.0,,3
3/5/2004,1009.8,32.0,23.0,28.9,73,93,62,CALM,0,E,9,0.0,,3
3/6/2004,1010.2,31.4,26.7,28.7,73,93,64,VRB,3,NNW,8,0.0,,4
3/7/2004,1011.2,31.6,26.8,29.7,74,82,67,N,7,N,12,0.0,,4
3/8/2004,1011.8,31.6,26.8,29.6,71,81,65,NE,8,NE,16,0.0,,3
3/9/2004,1011.1,32.1,27.3,30.1,71,78,66,NE,8,NE,17,0.0,,3
3/10/2004,1009.7,32.1,27.0,30.1,73,81,68,NE,5,NE,12,0.0,,2
3/11/2004,1010.1,33.0,27.0,30.6,73,82,63,ENE,4,ENE,9,0.0,,3
3/12/2004,1010.8,32.6,27.4,30.2,75,85,68,NE,4,NE,12,0.0,,5
3/13/2004,1012.1,32.8,27.2,30.5,74,83,67,VRB,3,N,11,0.0,,5
3/14/2004,1012.0,31.6,26.6,29.9,73,82,67,N,6,N,12,0.0,,3
3/15/2004,1011.5,31.6,25.5,29.5,75,84,70,N,7,N,13,0.0,,4
3/16/2004,1010.5,31.9,26.3,29.7,73,84,66,NW,5,NW,11,0.0,,3
3/17/2004,1010.8,31.8,25.7,29.8,71,80,66,WNW,6,W,12,0.0,,2
3/18/2004,1011.3,31.9,26.6,29.7,69,80,62,W,6,NW,15,0.0,,5
3/19/2004,1010.3,32.0,27.4,29.9,73,82,68,NW,8,NW,17,0.0,,4
3/20/2004,1009.0,32.2,24.8,30.1,74,82,71,WNW,9,NW,20,5.2,,3
3/21/2004,1009.7,31.6,27.0,29.1,79,90,71,WNW,7,NW,20,0.0,,6
3/22/2004,1010.6,32.0,27.6,30.1,73,78,69,WSW,9,W,18,0.0,,4
3/23/2004,1011.4,32.1,27.3,29.9,75,79,71,WSW,9,WSW,18,0.0,,3
3/24/2004,1010.9,31.8,27.0,29.8,73,80,68,WSW,9,WSW,18,0.0,,2
3/25/2004,1010.1,31.8,27.0,29.9,70,77,66,W,10,W,19,0.0,,2
3/26/2004,1009.3,31.8,26.4,30.0,71,80,66,W,7,W,16,0.0,,2
3/27/2004,1011.0,32.0,22.1,29.8,70,91,63,WNW,4,WSW,10,0.0,,1
3/28/2004,1011.5,32.7,24.0,29.1,74,95,64,VRB,2,ENE,6,0.0,,1
3/29/2004,1011.9,32.1,26.2,29.6,69,88,61,VRB,3,SE,9,0.0,,1
3/30/2004,1011.8,31.6,26.0,29.6,69,75,64,SSE,4,S,9,0.0,,1
3/31/2004,1011.5,31.8,24.2,29.8,67,78,60,SSE,4,S,8,0.0,,2
4/1/2004,1012.2,32.6,27.2,30.0,67,84,57,VRB,3,S,8,0.0,,1
4/2/2004,1012.3,32.6,23.5,29.9,72,90,63,SE,4,SE,16,0.3,,4
4/3/2004,1012.6,32.6,22.7,29.0,75,96,64,CALM,0,SSE,5,0.0,,2
4/4/2004,1012.5,33.0,23.9,29.4,73,95,62,VRB,1,E,5,0.0,,2
4/5/2004,1011.6,32.6,25.0,29.5,74,92,63,CALM,0,E,2,0.05,,2
4/6/2004,1011.6,31.7,25.4,29.2,77,89,71,SW,5,SSW,14,0.0,,3
4/7/2004,1012.5,32.2,24.8,28.7,80,90,70,W,8,WSW,23,3.4,,5
4/8/2004,1011.9,31.6,24.6,29.3,77,83,70,NW,12,N,28,14.4,,6
4/9/2004,1010.4,31.4,26.1,29.0,78,84,75,W,8,W,21,4.2,,6
4/10/2004,1009.3,32.1,25.3,30.0,75,83,69,W,6,W,15,0.05,,3
4/11/2004,1010.1,32.0,24.5,29.3,80,92,74,VRB,3,WNW,15,8.2,,3
4/12/2004,1010.6,30.4,23.8,26.9,87,95,76,NNE,5,NE,20,17.1,,8
4/13/2004,1009.5,31.6,25.4,29.1,81,97,72,SW,5,WSW,15,3.3,,4
4/14/2004,1009.5,32.2,25.0,30.1,78,93,71,WSW,4,W,9,0.9,,3
4/15/2004,1010.0,32.0,27.1,29.8,77,93,71,S,6,S,13,0.05,,3
4/16/2004,1010.9,32.2,24.6,29.9,74,86,64,SSW,7,S,23,11.8,,3
4/17/2004,1010.4,31.4,25.0,28.7,81,93,74,W,7,NNW,18,0.9,,7
4/18/2004,1009.5,31.8,24.8,29.1,80,93,72,W,9,WNW,25,3.2,,6
4/19/2004,1010.2,29.6,21.8,27.1,86,93,80,W,11,W,25,62.8,,7
4/20/2004,1012.5,28.4,22.5,25.7,88,98,80,SW,8,SW,24,1.4,,8
4/21/2004,1011.0,31.8,24.0,29.6,77,84,71,WSW,5,W,12,15.0,,6
4/22/2004,1009.2,31.2,26.8,29.1,78,90,72,W,7,SW,20,0.05,,5
4/23/2004,1008.9,31.2,24.4,28.7,81,92,75,SW,12,SW,26,17.6,,5
4/24/2004,1008.7,31.6,25.6,29.4,80,93,73,SW,5,SSW,12,0.0,,6
4/25/2004,1007.7,31.3,26.1,29.4,76,86,70,SSW,6,SSE,12,0.0,,2
4/26/2004,1009.8,31.4,25.5,28.9,77,85,67,SSW,9,S,25,0.05,,6
4/27/2004,1010.1,31.3,26.4,29.5,78,84,72,W,7,NW,16,0.05,,4
4/28/2004,1009.1,31.8,26.4,30.3,75,82,71,W,10,WNW,18,0.05,,3
4/29/2004,1008.5,31.6,27.0,29.5,78,86,72,W,11,W,23,0.0,,4
4/30/2004,1007.2,32.0,24.6,29.6,78,89,71,WNW,12,NNW,35,6.8,,4
5/1/2004,1008.3,29.4,24.2,27.1,86,93,76,WNW,14,NNW,30,6.6,,7
5/2/2004,1007.4,31.2,24.5,29.8,78,85,74,WNW,14,WNW,27,1.8,,7
5/3/2004,1008.7,30.4,26.0,29.3,80,83,73,W,15,W,37,0.05,,7
5/4/2004,1007.8,32.0,28.0,30.1,76,79,71,W,15,W,28,0.05,,7
5/5/2004,1007.8,31.5,26.0,29.9,78,85,72,W,19,W,40,0.4,,6
5/6/2004,1007.6,31.6,26.4,30.2,78,82,74,W,18,W,38,1.1,,5
5/7/2004,1007.9,31.8,27.3,30.1,77,85,73,W,17,W,29,0.3,,4
5/8/2004,1007.1,31.9,26.3,30.2,77,82,71,W,16,W,25,3.4,,5
5/9/2004,1007.6,31.6,26.9,29.5,80,89,71,WNW,15,NW,30,1.8,,5
5/10/2004,1008.8,31.6,25.6,29.9,78,83,71,NW,15,NNW,32,4.3,,5
5/11/2004,1009.9,31.8,27.4,30.2,73,78,70,NW,15,NW,24,0.05,,4
5/12/2004,1009.4,31.9,27.2,29.9,73,79,68,NW,10,NW,17,0.0,,6
5/13/2004,1008.8,31.8,26.8,29.8,74,81,70,NW,9,NW,15,0.0,,7
5/14/2004,1009.6,31.2,25.6,29.5,75,81,72,NW,8,NW,16,0.0,,7
5/15/2004,1010.7,31.7,24.4,29.5,75,87,67,NW,5,W,17,2.3,,7
5/16/2004,1010.9,31.6,27.0,29.6,76,80,70,WSW,7,SW,12,0.0,,6
5/17/2004,1011.2,31.6,26.2,29.7,75,83,70,WSW,7,WSW,15,0.3,,6
5/18/2004,1011.7,31.7,27.2,29.9,74,85,67,WSW,10,W,20,0.05,,6
5/19/2004,1011.0,31.4,26.3,29.5,70,84,63,WSW,12,WSW,29,0.05,,4
5/20/2004,1011.6,31.4,27.2,29.7,68,72,63,W,12,W,24,0.0,,5
5/21/2004,1011.2,31.5,27.2,29.7,67,75,61,WNW,11,WNW,18,0.0,,3
5/22/2004,1011.0,31.6,23.4,29.5,73,81,68,WNW,11,NW,30,36.4,,4
5/23/2004,1011.8,30.6,21.8,27.8,81,100,69,WNW,14,NW,42,9.5,,7
5/24/2004,1012.0,31.6,27.4,29.9,74,80,71,NW,11,NW,18,0.0,,5
5/25/2004,1012.0,31.7,25.6,29.9,73,78,67,NW,9,NW,16,0.0,,6
5/26/2004,1012.2,31.6,24.6,29.3,74,87,68,NW,5,NW,10,1.2,,4
5/27/2004,1012.5,30.4,23.2,27.8,84,93,78,VRB,2,N,20,24.4,,7
5/28/2004,1012.2,31.4,26.2,28.8,76,87,69,WNW,9,NW,18,0.3,,7
5/29/2004,1011.5,31.4,27.0,29.7,72,83,66,W,9,W,17,0.0,,6
5/30/2004,1011.4,31.7,26.0,29.7,71,80,66,WNW,10,NW,18,0.05,,4
5/31/2004,1012.0,30.6,24.8,29.0,75,81,68,W,9,W,19,6.8,,7
6/1/2004,1012.9,31.4,26.2,29.7,74,81,68,W,8,W,15,0.0,,5
6/2/2004,1013.3,31.5,26.0,29.6,74,83,70,W,10,W,17,0.0,,3
6/3/2004,1012.5,30.8,22.7,28.5,79,86,75,W,11,NW,33,5.5,,6
6/4/2004,1012.3,30.2,24.4,28.4,76,84,71,W,11,WSW,25,0.2,,7
6/5/2004,1012.1,31.0,23.6,28.6,76,83,68,W,7,W,25,22.6,,7
6/6/2004,1012.5,29.6,23.4,26.8,84,95,77,W,9,WSW,25,3.6,,7
6/7/2004,1012.2,30.6,26.6,29.0,76,83,73,SW,8,SSW,16,0.05,,5
6/8/2004,1010.5,31.2,26.4,29.4,73,82,66,SSE,10,SSE,20,0.05,,2
6/9/2004,1011.0,31.5,24.7,29.4,78,83,73,SSE,8,S,18,0.05,,6
6/10/2004,1010.0,31.6,26.0,29.4,77,92,69,SSW,6,SSW,14,0.0,,4
6/11/2004,1009.2,31.0,24.6,29.3,74,80,69,SW,6,SSW,12,0.0,,5
6/12/2004,1009.6,31.4,26.8,29.1,80,95,73,WSW,5,WSW,13,0.05,,7
6/13/2004,1010.0,31.4,26.4,29.4,77,86,73,WSW,8,W,25,1.0,,6
6/14/2004,1009.4,31.4,26.0,29.7,76,82,72,WSW,8,WSW,15,0.0,,4
6/15/2004,1010.4,31.4,26.5,29.6,74,84,67,WSW,6,WSW,15,0.8,,3
6/16/2004,1011.6,32.8,26.6,29.9,76,87,68,W,5,W,10,0.0,,4
6/17/2004,1011.8,32.0,26.4,29.8,71,81,62,WNW,7,WNW,11,0.0,,3
6/18/2004,1012.4,31.4,24.0,29.4,72,84,66,NW,5,NW,11,0.0,,5
6/19/2004,1011.4,31.6,26.4,29.2,73,85,66,NW,4,NW,10,0.0,,5
6/20/2004,1013.3,31.8,25.6,29.7,73,83,65,WNW,5,W,12,0.05,,6
6/21/2004,1014.3,31.4,23.6,28.9,79,87,69,NW,5,WNW,18,8.6,,6
6/22/2004,1014.7,31.6,25.4,29.0,77,98,68,VRB,2,W,9,3.9,,6
6/23/2004,1013.0,31.6,26.6,29.7,73,86,67,NNW,8,NNW,16,0.0,,7
6/24/2004,1013.5,31.4,23.0,27.7,77,90,70,N,9,SW,34,15.7,,7
6/25/2004,1014.5,29.0,23.8,26.7,85,95,77,WNW,5,WNW,22,9.7,,7
6/26/2004,1013.6,31.2,23.2,28.9,73,84,67,W,5,N,17,2.6,,4
6/27/2004,1014.1,30.0,23.2,26.5,85,93,79,VRB,2,S,13,3.8,,7
6/28/2004,1014.3,30.2,24.2,28.2,73,88,71,SSW,7,SSW,13,0.0,,7
6/29/2004,1013.8,30.8,22.8,28.0,79,96,69,SSW,8,W,30,19.1,,7
6/30/2004,1013.0,30.8,25.2,28.1,77,93,67,SSW,10,W,32,0.05,,6
7/1/2004,1012.8,30.8,22.2,28.8,73,80,68,SW,9,SSW,17,34.0,,7
7/2/2004,1011.9,29.8,22.9,27.8,78,88,76,WSW,8,NNW,35,13.4,,7
7/3/2004,1011.0,29.8,23.1,26.5,83,95,77,W,10,NW,35,5.6,,8
7/4/2004,1010.7,28.9,24.6,27.4,82,89,75,W,7,W,24,0.4,,7
7/5/2004,1010.8,30.6,23.2,27.5,81,93,70,SW,7,W,28,6.8,,7
7/6/2004,1011.1,30.8,23.0,28.4,79,95,71,S,5,S,12,0.0,,7
7/7/2004,1010.9,30.8,23.4,28.2,76,95,66,VRB,3,S,10,0.0,,6
7/8/2004,1011.1,31.2,21.8,28.9,76,92,68,VRB,2,WNW,28,6.9,,5
7/9/2004,1011.4,30.4,25.0,27.8,74,93,65,WNW,7,WNW,18,0.05,,6
7/10/2004,1011.3,30.8,23.8,28.7,75,84,69,VRB,3,WNW,10,0.0,,5
7/11/2004,1011.4,31.8,23.5,28.6,76,95,67,VRB,3,SW,15,0.0,,7
7/12/2004,1011.8,30.8,24.0,28.3,76,95,66,VRB,3,SSW,12,0.0,,6
7/13/2004,1011.9,30.6,25.0,28.7,78,86,71,WNW,7,WNW,15,0.7,,6
7/14/2004,1010.8,30.2,25.2,28.1,81,84,74,SW,9,SW,20,1.7,,7
7/15/2004,1010.3,30.6,25.5,28.7,75,81,71,SSW,7,SSW,18,0.05,,7
7/16/2004,1010.3,30.6,26.3,28.7,77,84,71,S,9,S,17,0.05,,4
7/17/2004,1010.8,30.6,22.0,27.1,83,100,70,S,11,W,40,99.7,,7
7/18/2004,1011.1,27.6,24.1,26.2,85,93,81,W,4,W,32,1.4,,8
7/19/2004,1010.2,30.2,22.8,28.4,78,88,71,SSW,5,SSW,11,0.0,,7
7/20/2004,1010.4,30.2,24.0,28.1,80,96,71,S,5,S,17,0.0,,5
7/21/2004,1011.3,31.2,24.8,28.6,79,93,72,WSW,5,WSW,16,0.05,,5
7/22/2004,1011.8,29.8,24.2,27.8,81,92,75,SW,7,SW,17,8.6,,7
7/23/2004,1012.0,30.2,24.2,27.8,81,93,71,SW,6,NNW,20,0.7,,7
7/24/2004,1011.4,29.4,25.8,27.8,77,84,71,SSW,8,SW,16,0.0,,7
7/25/2004,1010.7,30.6,25.6,28.6,75,87,69,SSW,7,SSW,15,0.05,,6
7/26/2004,1010.6,30.6,23.6,27.3,81,92,70,SSW,9,SSW,23,0.9,,7
7/27/2004,1010.6,29.6,24.6,27.4,79,88,71,VRB,2,SW,17,0.0,,7
7/28/2004,1010.1,30.2,25.6,28.1,73,78,67,SSW,8,SSW,16,0.0,,7
7/29/2004,1010.5,30.6,23.0,28.6,78,86,73,S,7,S,16,0.0,,7
7/30/2004,1011.1,30.5,22.6,28.6,77,96,69,SE,4,S,9,0.0,,4
7/31/2004,1012.3,31.6,23.0,28.6,75,95,64,VRB,1,E,10,0.0,,4
8/1/2004,1012.0,31.6,22.5,28.5,73,91,63,VRB,1,S,11,0.0,,4
8/2/2004,1010.8,30.8,22.7,28.3,75,95,66,VRB,3,S,10,0.0,,5
8/3/2004,1010.3,30.4,23.2,26.9,82,95,74,WSW,7,WSW,24,6.4,,6
8/4/2004,1010.1,30.0,22.0,26.4,86,100,74,SW,9,NNW,35,52.2,,7
8/5/2004,1009.9,30.4,26.1,28.8,80,87,74,SSW,11,S,17,0.0,,7
8/6/2004,1010.5,30.6,25.6,28.8,80,87,75,S,6,SSE,14,0.0,,2
8/7/2004,1011.4,30.6,24.0,29.1,76,84,69,VRB,3,S,13,0.0,,4
8/8/2004,1012.2,31.4,24.2,29.1,73,90,66,VRB,2,ENE,11,0.3,,7
8/9/2004,1012.7,31.6,23.4,28.6,78,95,68,VRB,2,NNE,12,0.0,,7
8/10/2004,1013.0,31.2,24.2,28.5,78,96,69,VRB,2,S,13,0.0,,7
8/11/2004,1012.9,30.8,23.8,28.7,76,93,68,VRB,2,SW,12,0.0,,4
8/12/2004,1012.9,30.6,26.4,28.9,72,87,65,SSW,6,SSW,14,0.0,,3
8/13/2004,1012.9,30.8,26.6,29.3,73,79,68,SSE,7,SSE,20,0.05,,3
8/14/2004,1012.8,31.4,27.2,29.5,73,79,68,SE,8,SSE,19,0.0,,4
8/15/2004,1011.3,30.9,26.3,29.2,77,87,73,SE,7,SE,16,0.7,,7
8/16/2004,1011.8,29.8,22.5,27.1,81,100,71,SE,6,NNW,30,26.0,,7
8/17/2004,1012.5,30.9,26.8,28.4,78,93,68,S,5,SSE,17,0.05,,7
8/18/2004,1012.9,31.2,25.4,29.5,77,82,72,SE,8,SSE,18,0.5,,5
8/19/2004,1012.4,30.0,24.8,28.1,83,93,77,SSE,5,S,18,6.0,,7
8/20/2004,1011.3,29.8,26.2,28.1,82,90,74,SW,6,SW,19,0.3,,7
8/21/2004,1011.9,30.4,26.2,28.7,77,83,73,WSW,8,WSW,17,0.0,,7
8/22/2004,1012.6,30.7,24.8,28.9,74,80,69,SW,7,SW,16,0.0,,6
8/23/2004,1013.5,30.4,23.8,28.5,77,84,71,SW,5,WSW,13,0.0,,7
8/24/2004,1013.8,30.9,24.7,28.7,75,88,65,VRB,3,WSW,8,0.0,,4
8/25/2004,1013.4,30.6,22.0,28.5,75,86,69,W,6,W,16,70.2,,5
8/26/2004,1013.1,29.6,23.0,25.5,91,95,87,W,9,NNW,29,8.4,,7
8/27/2004,1012.3,29.6,23.2,26.8,83,96,74,WNW,12,W,35,5.5,,6
8/28/2004,1014.3,28.8,23.3,25.9,84,95,77,NW,12,WNW,33,5.0,,7
8/29/2004,1013.3,30.1,22.7,27.9,79,95,74,W,9,NW,30,11.4,,7
8/30/2004,1013.3,30.0,22.6,27.9,79,84,74,SW,10,SW,22,15.7,,7
8/31/2004,1013.1,27.6,22.2,24.9,89,95,81,WNW,7,NW,28,14.3,,8
9/1/2004,1011.0,29.6,22.9,27.1,79,85,72,WNW,10,NW,34,0.9,,7
9/2/2004,1011.7,30.1,24.0,28.0,78,88,68,WNW,4,WNW,14,0.05,,7
9/3/2004,1012.8,30.3,22.4,27.7,80,92,71,WSW,4,WSW,25,10.7,,7
9/4/2004,1012.0,30.2,25.2,27.9,76,95,66,WSW,6,WSW,14,0.0,,7
9/5/2004,1010.8,30.0,25.6,28.3,74,80,69,SSW,9,SSW,18,0.05,,6
9/6/2004,1010.5,30.4,25.7,28.5,74,82,70,S,11,S,18,0.0,,6
9/7/2004,1011.2,30.4,26.0,28.7,74,81,68,S,11,S,18,0.0,,6
9/8/2004,1011.6,30.6,26.2,28.6,77,86,71,SSE,11,S,22,0.2,,4
9/9/2004,1011.8,30.5,26.2,28.8,76,83,70,SSE,7,SSE,16,0.0,,3
9/10/2004,1012.4,30.6,23.2,28.8,73,80,65,SSE,6,SSW,11,0.0,,5
9/11/2004,1012.4,30.2,23.4,27.6,81,95,74,VRB,3,SW,16,0.05,,6
9/12/2004,1012.3,30.5,24.7,28.3,79,96,70,WNW,4,NW,10,0.0,,3
9/13/2004,1013.4,30.8,22.7,28.5,76,87,68,VRB,3,NNW,14,0.0,,3
9/14/2004,1013.6,31.0,23.0,28.4,77,95,66,VRB,3,SW,9,0.0,,3
9/15/2004,1012.3,30.7,22.6,28.3,79,97,71,WSW,4,SW,13,18.0,,3
9/16/2004,1013.5,29.4,22.6,26.1,85,95,78,W,9,SW,23,5.7,,7
9/17/2004,1012.9,30.0,25.6,28.1,76,83,71,S,6,S,15,0.0,,7
9/18/2004,1012.1,30.0,23.4,27.7,80,95,71,S,6,WSW,23,27.1,,6
9/19/2004,1011.5,30.3,24.0,27.3,82,98,75,WSW,7,SSW,20,17.9,,7
9/20/2004,1012.0,29.8,22.6,26.6,85,95,74,SW,5,WSW,22,36.4,,7
9/21/2004,1012.5,28.8,23.0,26.3,86,95,78,WNW,13,NW,34,25.6,,7
9/22/2004,1011.4,30.0,26.0,28.0,80,87,74,W,10,W,20,0.0,,7
9/23/2004,1011.6,30.1,26.0,28.4,77,81,73,W,9,W,18,0.0,,7
9/24/2004,1010.5,30.6,24.0,28.6,77,82,73,W,8,WSW,20,1.2,,6
9/25/2004,1010.8,28.4,22.6,26.0,87,98,80,W,12,SW,46,74.0,,6
9/26/2004,1010.5,29.6,23.8,27.4,82,93,75,W,11,WNW,33,0.0,,7
9/27/2004,1010.4,30.2,25.2,28.5,78,84,71,W,9,W,19,0.0,,7
9/28/2004,1009.8,30.7,25.5,28.8,79,84,74,W,9,W,17,0.0,,3
9/29/2004,1010.5,30.5,22.0,28.5,77,86,71,WSW,4,WSW,9,0.0,,2
9/30/2004,1012.4,30.4,21.9,27.9,78,96,66,VRB,1,E,7,0.0,,5
10/1/2004,1013.5,30.6,22.8,27.8,77,96,66,VRB,1,W,8,0.0,,4
10/2/2004,1013.3,30.5,26.1,28.4,75,92,68,WSW,5,WSW,15,0.0,,5
10/3/2004,1013.0,30.6,26.0,28.9,74,78,71,WSW,9,SW,17,0.5,,4
10/4/2004,1013.2,30.6,23.6,29.0,71,76,69,W,10,SW,20,3.8,,4
10/5/2004,1013.1,30.0,25.9,28.1,78,90,68,SW,8,SW,16,1.0,,4
10/6/2004,1012.9,30.5,25.8,28.7,73,78,69,WSW,8,WSW,15,0.0,,3
10/7/2004,1013.1,30.6,23.8,28.9,74,80,69,W,6,WSW,16,0.05,,3
10/8/2004,1012.5,31.4,26.0,28.7,75,92,69,W,4,SSW,10,0.0,,3
10/9/2004,1013.6,31.0,25.1,29.0,72,78,68,SSW,6,SSW,12,0.0,,3
10/10/2004,1013.7,30.6,23.6,28.8,76,84,70,S,5,S,13,0.05,,3
10/11/2004,1013.6,30.8,23.5,28.7,74,91,68,SW,4,SW,11,0.0,,2
10/12/2004,1013.5,31.0,24.7,28.7,72,90,64,SW,4,SW,10,0.0,,3
10/13/2004,1013.5,31.0,24.8,29.1,70,77,64,SW,6,SW,15,0.0,,2
10/14/2004,1014.5,31.4,24.4,29.3,72,81,66,WSW,6,W,13,0.4,,2
10/15/2004,1014.0,31.2,25.5,29.1,73,87,67,WSW,6,WSW,15,0.0,,3
10/16/2004,1012.5,31.1,25.4,29.1,70,80,63,SW,5,SW,12,0.0,,2
10/17/2004,1011.6,31.4,24.8,29.0,77,92,67,WSW,4,W,18,0.5,,3
10/18/2004,1011.1,31.6,25.2,28.8,78,89,70,VRB,3,NNW,14,1.3,,5
10/19/2004,1010.3,31.4,25.1,29.2,76,87,69,VRB,3,S,13,0.0,,4
10/20/2004,1010.2,31.2,23.8,27.7,84,98,72,W,5,W,35,19.1,,7
10/21/2004,1010.2,31.2,23.2,27.2,87,100,74,NW,8,W,21,60.0,,7
10/22/2004,1010.9,29.5,23.0,27.2,83,95,72,NW,8,NW,23,58.3,,7
10/23/2004,1010.6,28.4,23.5,26.3,87,98,74,NNW,5,W,25,58.5,,7
10/24/2004,1010.9,28.4,23.4,26.4,84,96,77,W,9,W,28,14.0,,7
10/25/2004,1010.8,29.6,23.2,27.1,85,98,73,W,9,WSW,22,28.2,,7
10/26/2004,1010.9,30.2,25.2,28.1,78,89,71,WNW,9,WNW,17,0.5,,7
10/27/2004,1010.9,31.3,23.0,29.2,77,87,72,NNW,9,NW,21,30.3,,5
10/28/2004,1011.0,30.4,22.6,26.9,84,98,73,NNW,11,NW,35,15.2,,8
10/29/2004,1010.6,28.6,24.4,27.1,82,92,76,NW,12,NW,33,1.3,,7
10/30/2004,1010.4,28.4,23.8,26.0,90,97,81,NW,7,SW,30,6.1,,7
10/31/2004,1010.2,29.6,23.7,27.8,81,88,75,WSW,16,WSW,28,2.4,,6
11/1/2004,1010.7,29.6,23.8,27.9,82,92,71,SSW,5,SW,24,0.1,,7
11/2/2004,1011.2,31.0,25.0,28.7,77,95,65,VRB,2,WNW,10,0.8,,6
11/3/2004,1011.2,30.7,26.2,28.8,78,87,70,N,7,N,18,0.0,,4
11/4/2004,1011.3,30.6,25.0,28.9,75,80,71,NNW,9,NNW,17,0.2,,5
11/5/2004,1011.5,30.0,24.4,27.8,80,87,70,WNW,9,WNW,26,0.4,,7
11/6/2004,1010.4,31.0,22.7,28.1,82,92,74,NW,10,NW,28,55.7,,7
11/7/2004,1010.0,28.8,24.0,27.1,86,95,80,NW,10,NW,25,14.1,,7
11/8/2004,1009.9,30.6,23.6,28.6,82,89,77,NW,10,NW,28,15.1,,7
11/9/2004,1009.9,30.4,24.6,28.0,84,92,77,NW,10,NW,22,4.0,,6
11/10/2004,1010.3,30.6,25.4,29.1,78,84,73,NNW,10,NNW,19,1.1,,5
11/11/2004,1011.0,31.1,25.7,28.9,79,87,73,NNW,7,NNW,15,0.1,,5
11/12/2004,1012.1,29.4,24.6,27.5,82,92,71,NW,9,NNW,23,1.5,,6
11/13/2004,1012.4,30.6,23.8,28.4,80,87,74,NNW,8,WSW,19,10.3,,4
11/14/2004,1012.1,30.2,23.8,26.9,86,93,75,NW,9,NNW,24,13.7,,7
11/15/2004,1012.2,29.8,23.4,27.8,82,88,75,NW,9,NW,20,3.7,,7
11/16/2004,1012.4,29.4,23.8,27.1,85,96,78,WNW,5,WNW,15,4.7,,7
11/17/2004,1012.4,30.8,23.6,27.9,83,93,73,WNW,6,SW,27,8.0,,6
11/18/2004,1012.4,30.5,24.4,28.8,77,89,70,NW,7,NW,15,0.0,,4
11/19/2004,1012.2,30.6,26.0,28.5,79,93,70,W,5,W,16,0.0,,5
11/20/2004,1011.8,30.7,26.4,29.0,76,87,71,WNW,7,WNW,16,0.05,,2
11/21/2004,1011.7,30.6,22.0,28.1,82,96,73,W,11,SW,25,103.7,,5
11/22/2004,1011.7,29.4,24.4,27.5,81,95,61,NW,8,WNW,23,1.4,,7
11/23/2004,1010.7,30.3,25.4,28.7,79,84,75,WNW,12,W,19,0.0,,5
11/24/2004,1009.7,30.6,23.3,28.6,80,93,73,NNW,11,NNW,23,38.5,,5
11/25/2004,1009.4,28.5,22.6,25.3,94,100,87,VRB,3,NW,15,58.8,,7
11/26/2004,1009.7,28.4,24.0,25.8,92,96,86,E,7,E,19,30.1,,7
11/27/2004,1009.1,29.4,23.6,27.1,87,90,82,ESE,9,SE,23,21.8,,7
11/28/2004,1011.5,28.6,23.4,26.3,90,96,83,SSW,10,SW,26,49.6,,7
11/29/2004,1012.2,29.0,25.2,27.1,83,92,76,SW,10,WSW,22,0.1,,7
11/30/2004,1010.9,29.6,22.6,27.8,84,93,76,NNW,9,NW,26,31.7,,7
12/1/2004,1012.3,27.9,22.3,25.3,88,100,81,NW,9,W,25,21.6,,7
12/2/2004,1012.9,30.2,25.4,28.4,78,92,73,N,7,NNW,15,0.2,,4
12/3/2004,1013.6,30.3,23.3,28.2,79,92,73,N,7,N,18,10.6,,4
12/4/2004,1012.5,30.5,24.2,28.1,82,96,73,VRB,3,W,14,13.9,,5
12/5/2004,1012.3,29.8,25.2,27.9,83,92,76,W,7,W,15,0.0,,5
12/6/2004,1013.3,29.8,25.4,27.7,82,89,73,W,8,WNW,20,0.05,,5
12/7/2004,1013.2,30.5,23.4,28.5,79,95,71,NW,6,NW,13,4.8,,3
12/8/2004,1011.9,31.0,25.4,28.6,81,88,74,E,4,E,12,0.05,,3
12/9/2004,1011.4,31.0,25.6,28.8,80,92,70,VRB,3,E,12,0.05,,6
12/10/2004,1011.2,31.0,24.0,28.9,80,89,73,VRB,2,E,13,10.8,,3
12/11/2004,1011.5,30.2,23.2,27.8,82,93,71,E,5,E,15,18.7,,6
12/12/2004,1011.7,30.3,25.5,28.2,81,98,73,SSE,7,S,23,0.05,,4
12/13/2004,1011.3,31.0,25.1,29.0,79,89,76,VRB,2,N,12,2.5,,4
12/14/2004,1009.3,31.0,25.6,28.9,81,87,76,NNE,5,NNE,13,0.0,,4
12/15/2004,1008.3,30.8,24.6,28.9,83,92,76,VRB,3,NNW,13,7.4,,6
12/16/2004,1010.2,30.4,24.6,27.9,86,95,77,WNW,6,WNW,17,3.1,,7
12/17/2004,1012.1,30.6,23.7,28.3,84,89,77,NW,8,NW,18,8.3,,7
12/18/2004,1011.8,30.9,24.0,28.5,85,97,77,VRB,3,NE,9,1.4,,5
12/19/2004,1010.4,30.4,22.0,28.0,83,96,78,N,5,W,30,74.0,,6
12/20/2004,1010.4,29.0,23.2,27.3,83,86,79,NW,9,NNW,18,26.7,,7
12/21/2004,1009.8,29.8,23.2,27.6,83,96,72,NNE,4,NW,18,1.1,,7
12/22/2004,1009.9,29.4,24.6,27.3,85,90,81,NNW,12,NW,24,2.6,,7
12/23/2004,1010.1,29.6,22.0,25.7,89,100,79,NNE,10,N,30,38.1,,7
12/24/2004,1010.2,30.1,25.8,28.1,73,81,67,NNE,6,NNE,15,0.0,,7
12/25/2004,1010.8,30.5,24.0,28.2,73,78,68,NNE,6,NNE,12,0.0,,4
12/26/2004,1009.9,30.1,23.1,27.7,76,87,70,VRB,3,N,12,0.0,,6
12/27/2004,1009.6,30.5,23.6,27.6,80,96,71,VRB,3,NNE,16,0.1,,6
12/28/2004,1010.4,30.4,25.4,28.3,80,91,73,N,5,NNE,14,0.8,,3
12/29/2004,1010.4,30.4,24.4,28.6,81,85,74,NE,8,NE,20,1.4,,7
12/30/2004,1011.3,29.8,23.0,27.7,84,95,77,VRB,3,NE,13,9.2,,5
12/31/2004,1012.2,28.9,23.0,26.1,91,98,85,VRB,3,WSW,25,8.6,,7
1/1/2005,1013.6,29.4,23.6,27.2,87,96,81,N,4,NNW,12,0.05,,7
1/2/2005,1012.1,30.0,25.0,28.3,81,90,75,NNW,6,NW,12,0.0,,3
1/3/2005,1011.9,30.6,25.6,28.4,80,92,73,N,5,N,15,0.0,,6
1/4/2005,1012.6,31.4,25.8,29.1,78,89,72,VRB,3,ENE,12,0.0,,6
1/5/2005,1012.8,30.4,25.6,28.5,77,84,71,NE,6,NE,14,0.0,,7
1/6/2005,1012.6,30.6,24.6,28.4,76,84,69,NNE,5,NNE,11,0.0,,6
1/7/2005,1012.2,30.5,25.6,28.3,78,88,71,NNE,5,NNE,14,0.0,,5
1/8/2005,1012.1,31.4,24.7,28.6,77,84,71,NE,5,NE,13,0.0,,5
1/9/2005,1011.7,30.7,25.4,28.3,79,92,69,VRB,2,N,16,0.0,,7
1/10/2005,1011.4,30.4,23.4,28.7,79,87,71,NE,4,NE,10,2.0,,4
1/11/2005,1011.6,30.8,24.8,28.5,78,93,68,N,4,SW,23,0.05,,5
1/12/2005,1012.1,31.2,25.8,28.9,79,89,71,N,7,N,19,1.8,,5
1/13/2005,1011.6,30.0,26.1,28.1,79,83,70,NNE,6,NNE,16,1.5,,7
1/14/2005,1011.3,30.0,24.8,27.9,77,87,71,NNE,5,NNE,14,0.4,,7
1/15/2005,1011.1,30.0,23.6,27.5,80,87,73,NNE,4,NNW,16,14.3,,7
1/16/2005,1011.9,29.4,24.0,27.2,85,92,78,VRB,2,NE,17,32.6,,7
1/17/2005,1012.2,28.2,23.0,26.1,90,96,81,S,5,WNW,20,20.4,,7
1/18/2005,1012.4,29.6,23.5,27.6,86,96,78,N,4,N,13,20.3,,7
1/19/2005,1011.8,30.6,24.8,27.9,83,98,73,VRB,3,NNW,18,3.5,,4
1/20/2005,1011.7,31.0,26.3,29.1,78,86,73,NE,5,NE,12,0.0,,3
1/21/2005,1012.3,31.4,26.0,29.2,81,89,73,NE,5,NNE,17,0.0,,5
1/22/2005,1012.2,31.0,25.5,29.1,80,90,72,ESE,4,S,16,0.6,,4
1/23/2005,1011.5,31.6,25.0,28.4,84,92,77,ESE,5,E,17,6.6,,6
1/24/2005,1011.6,31.0,24.6,28.9,82,95,70,ENE,6,NE,17,7.8,,5
1/25/2005,1010.9,31.5,24.0,28.3,83,96,71,E,6,E,21,9.8,,5
1/26/2005,1010.3,30.5,22.6,28.6,81,89,74,N,7,NNE,16,59.7,,5
1/27/2005,1011.7,29.2,24.6,26.9,83,96,71,W,7,W,22,0.05,,7
1/28/2005,1009.6,31.0,26.2,28.9,75,83,70,N,4,N,14,0.0,,4
1/29/2005,1009.7,30.8,26.3,28.8,76,81,69,N,7,N,14,0.0,,3
1/30/2005,1010.2,31.2,26.1,29.0,77,84,70,NE,4,NE,10,0.0,,5
1/31/2005,1010.9,31.3,25.3,29.2,73,83,67,ENE,4,ENE,9,0.0,,3
2/1/2005,1011.6,31.5,26.2,29.4,73,83,68,E,4,E,12,0.0,,3
2/2/2005,1011.3,31.4,26.6,29.4,76,83,71,ENE,5,NE,15,0.9,,3
2/3/2005,1011.8,31.7,26.6,29.8,75,82,69,E,5,E,11,0.0,,2
2/4/2005,1011.7,31.6,26.4,29.8,75,83,69,NE,5,NE,15,0.0,,2
2/5/2005,1012.5,32.2,24.0,29.4,74,83,67,E,4,ESE,10,0.7,,3
2/6/2005,1012.1,31.6,25.6,29.2,76,93,68,ENE,4,ENE,13,0.05,,3
2/7/2005,1011.9,31.8,24.8,29.6,75,83,69,ENE,6,NE,17,2.4,,4
2/8/2005,1011.8,31.4,25.0,28.9,80,92,68,NE,5,ENE,17,4.8,,6
2/9/2005,1012.3,29.4,23.9,26.9,88,93,83,ENE,9,E,23,24.8,,7
2/10/2005,1013.4,29.3,23.3,27.1,86,96,79,E,6,E,15,80.1,,7
2/11/2005,1014.4,29.0,26.2,26.9,86,100,80,SW,4,NNE,18,0.1,,7
2/12/2005,1013.7,31.4,26.2,29.2,76,84,70,ENE,7,ENE,15,0.0,,7
2/13/2005,1012.0,30.6,26.4,28.9,74,80,69,NE,7,NE,16,0.0,,2
2/14/2005,1010.1,31.6,26.4,29.4,78,85,72,ENE,7,ENE,15,0.0,,5
2/15/2005,1011.5,30.6,26.0,29.0,80,86,75,NNE,7,NNE,17,0.0,,4
2/16/2005,1011.7,30.6,26.0,28.6,78,87,71,NNE,6,NNE,16,0.05,,4
2/17/2005,1011.0,30.6,25.4,28.6,76,81,71,NNE,6,N,17,0.0,,5
2/18/2005,1011.6,30.2,25.8,28.6,79,87,74,N,9,NNW,20,0.0,,5
2/19/2005,1012.1,30.5,24.4,28.5,78,82,71,N,7,N,15,2.7,,7
2/20/2005,1012.8,29.8,25.2,28.0,80,86,74,N,5,N,12,0.0,,7
2/21/2005,1012.4,30.4,23.5,28.6,81,89,77,N,5,NW,12,0.0,,5
2/22/2005,1012.3,31.2,24.6,28.8,79,96,70,VRB,3,NE,10,0.0,,2
2/23/2005,1012.1,31.0,24.6,28.8,80,95,73,VRB,3,NE,10,0.0,,3
2/24/2005,1011.6,31.0,23.7,29.2,80,87,75,N,6,N,17,6.7,,2
2/25/2005,1012.1,31.2,25.2,29.0,81,93,72,NE,5,NNE,18,1.4,,6
2/26/2005,1012.2,31.6,27.2,29.7,80,92,72,VRB,3,NE,14,0.0,,5
2/27/2005,1010.7,32.4,26.6,30.3,77,86,68,ESE,6,ESE,14,0.0,,3
2/28/2005,1010.5,32.3,27.2,30.1,78,85,71,ENE,5,ENE,12,0.0,,3
3/1/2005,1011.8,32.4,27.2,30.3,76,85,68,ENE,6,ENE,15,0.0,,3
3/2/2005,1013.6,32.6,27.6,30.5,75,85,68,ENE,7,NE,16,0.0,,3
3/3/2005,1013.3,33.0,27.2,30.6,74,82,68,E,7,E,14,0.0,,3
3/4/2005,1013.7,32.6,27.2,30.6,73,80,68,E,7,E,16,0.0,,2
3/5/2005,1014.4,33.0,27.4,30.7,72,83,68,E,6,E,14,0.05,,2
3/6/2005,1014.3,32.9,27.4,30.7,76,83,67,E,6,E,13,0.05,,3
3/7/2005,1013.3,33.2,27.0,30.6,76,85,67,E,7,E,18,0.1,,3
3/8/2005,1014.2,32.3,26.6,30.0,76,86,69,ESE,5,E,15,0.1,,3
3/9/2005,1014.1,32.2,27.0,30.1,70,77,65,SE,6,SE,15,0.0,,3
3/10/2005,1013.0,32.8,26.0,30.4,71,80,63,E,4,E,11,0.05,,4
3/11/2005,1011.9,33.0,25.6,30.0,72,87,62,VRB,1,SSE,8,0.0,,2
3/12/2005,1011.5,32.2,23.4,30.1,71,78,65,VRB,3,SE,10,0.0,,2
3/13/2005,1011.7,32.8,22.5,29.0,76,96,62,VRB,1,E,5,0.0,,1
3/14/2005,1011.4,32.0,25.0,28.9,77,95,68,VRB,2,NNE,12,0.4,,5
3/15/2005,1010.6,32.6,25.2,30.0,74,97,63,VRB,3,NE,8,0.0,,3
3/16/2005,1010.9,32.6,25.2,29.7,76,92,63,VRB,2,NNE,12,0.0,,3
3/17/2005,1010.4,32.6,24.6,29.8,75,90,63,NE,4,NE,17,18.2,,4
3/18/2005,1010.1,31.8,27.0,29.2,77,93,71,NNE,4,NNE,13,0.0,,7
3/19/2005,1009.7,32.2,24.6,29.9,75,86,69,NE,4,NE,12,0.0,,7
3/20/2005,1011.4,32.4,24.2,29.4,77,95,66,VRB,1,NE,5,0.0,,7
3/21/2005,1010.4,32.2,24.6,29.3,79,97,70,VRB,1,E,7,0.0,,6
3/22/2005,1010.2,32.4,23.8,29.7,75,95,65,VRB,2,SE,6,0.0,,5
3/23/2005,1010.7,31.6,24.5,29.1,77,96,66,VRB,3,NNW,11,0.05,,3
3/24/2005,1010.5,31.4,26.4,29.6,78,89,66,W,5,W,11,0.0,,2
3/25/2005,1010.6,31.6,27.2,29.8,75,81,68,WNW,6,WNW,13,0.0,,2
3/26/2005,1011.4,31.4,26.4,29.5,75,79,69,NNW,8,NNW,18,0.0,,6
3/27/2005,1011.5,31.4,25.5,29.6,73,84,68,N,7,NNW,17,0.0,,2
3/28/2005,1012.4,31.5,26.8,29.7,73,80,68,WNW,7,WNW,15,0.0,,5
3/29/2005,1011.9,31.6,27.2,29.7,75,80,71,WNW,8,NW,18,0.0,,7
3/30/2005,1011.3,31.4,27.2,29.6,72,77,65,W,9,W,18,0.0,,7
3/31/2005,1010.1,31.4,27.0,29.8,69,76,63,W,11,W,21,0.0,,4
4/1/2005,1009.1,31.2,27.2,29.7,73,78,69,WNW,12,WNW,24,0.05,,5
4/2/2005,1009.1,31.2,26.8,29.7,74,81,69,NW,14,NW,24,0.0,,3
4/3/2005,1010.4,31.3,27.0,29.5,73,80,69,NW,14,NNW,25,0.0,,3
4/4/2005,1010.3,31.2,27.0,29.6,71,78,64,NW,12,NW,22,0.0,,5
4/5/2005,1010.5,31.5,26.3,29.5,74,78,69,WNW,8,WNW,16,0.0,,4
4/6/2005,1010.4,31.2,26.8,29.3,73,80,67,W,7,W,16,0.0,,3
4/7/2005,1010.2,31.6,27.0,29.8,72,76,67,W,8,W,17,0.0,,2
4/8/2005,1011.1,31.6,27.2,29.8,74,78,71,WNW,8,WNW,16,0.0,,3
4/9/2005,1011.3,31.8,26.8,29.9,76,81,72,NW,8,NW,15,0.0,,3
4/10/2005,1011.6,32.0,24.6,29.9,75,85,67,WSW,4,SW,11,0.0,,3
4/11/2005,1011.4,32.0,24.0,29.4,77,92,70,VRB,3,SSW,10,0.05,,4
4/12/2005,1012.0,31.5,23.8,29.2,73,93,63,VRB,3,SSW,11,0.0,,2
4/13/2005,1013.5,31.6,25.2,29.1,73,91,62,VRB,2,N,21,0.05,,5
4/14/2005,1013.7,33.3,23.8,30.3,75,92,64,VRB,2,E,8,0.0,,6
4/15/2005,1013.3,32.8,23.4,29.1,77,95,65,VRB,2,S,14,9.7,,3
4/16/2005,1012.8,32.6,23.9,29.7,76,97,66,VRB,1,E,7,0.3,,3
4/17/2005,1012.5,32.2,24.0,29.1,79,95,66,VRB,1,W,7,4.6,,3
4/18/2005,1012.1,32.5,23.6,29.9,75,95,65,VRB,2,ENE,7,0.0,,3
4/19/2005,1012.4,32.4,23.2,29.4,74,93,61,VRB,1,W,7,0.0,,2
4/20/2005,1012.8,31.9,23.6,29.1,75,91,66,VRB,2,WSW,9,0.0,,2
4/21/2005,1011.7,31.6,25.8,29.0,79,95,69,VRB,3,WSW,13,0.0,,3
4/22/2005,1010.9,31.8,25.4,29.5,78,93,70,WSW,6,W,17,1.7,,4
4/23/2005,1011.0,31.0,24.2,28.7,81,89,72,NW,4,NW,14,0.05,,7
4/24/2005,1011.1,31.4,26.9,29.0,81,95,74,W,4,W,10,0.0,,6
4/25/2005,1010.9,31.6,26.6,30.1,75,83,71,NNW,5,NW,14,0.0,,3
4/26/2005,1010.9,31.0,24.6,28.6,84,93,79,WNW,5,WNW,21,4.9,,7
4/27/2005,1010.2,33.0,24.8,30.1,77,90,69,VRB,2,S,13,0.6,,4
4/28/2005,1009.4,32.2,24.4,30.0,78,98,69,WNW,4,NW,15,14.9,,4
4/29/2005,1008.5,31.8,25.2,28.5,86,98,75,WNW,4,WNW,19,10.7,,7
4/30/2005,1008.5,31.4,24.3,28.3,86,98,81,W,6,SW,25,38.1,,7
5/1/2005,1009.6,30.4,23.6,27.9,87,100,78,W,9,W,29,49.4,,8
5/2/2005,1011.4,29.0,24.3,27.1,86,98,78,W,9,W,35,19.2,,8
5/3/2005,1010.3,30.8,25.4,29.1,81,85,76,WSW,8,WSW,26,3.8,,6
5/4/2005,1010.0,29.2,23.5,28.0,85,97,78,WSW,9,WSW,35,20.8,,7
5/5/2005,1009.7,28.4,23.8,27.1,86,95,79,W,11,W,37,10.6,,8
5/6/2005,1008.6,31.6,24.4,29.2,81,89,77,WSW,11,WSW,34,6.7,,6
5/7/2005,1008.7,31.2,26.6,29.2,81,87,77,W,10,WNW,22,0.1,,6
5/8/2005,1010.3,31.9,26.8,30.0,77,82,74,WNW,10,W,22,0.0,,6
5/9/2005,1010.7,31.6,25.4,29.9,77,82,71,W,12,W,24,1.0,,7
5/10/2005,1010.8,31.0,26.6,28.9,79,84,71,W,14,W,33,0.05,,7
5/11/2005,1010.7,31.2,24.8,29.0,81,90,74,W,11,WNW,23,3.2,,4
5/12/2005,1010.9,31.4,26.2,29.8,78,83,74,W,7,W,15,0.0,,5
5/13/2005,1010.8,31.4,26.7,29.5,79,90,74,WSW,6,WSW,14,0.0,,3
5/14/2005,1011.1,31.2,26.2,29.6,74,80,69,SW,7,SW,15,0.0,,2
5/15/2005,1011.6,31.6,26.5,29.8,75,81,67,S,8,SSW,15,0.0,,3
5/16/2005,1011.8,31.3,24.6,29.5,73,81,68,S,7,S,13,0.0,,2
5/17/2005,1011.8,31.7,22.4,29.1,74,88,67,WSW,5,WSW,11,0.0,,2
5/18/2005,1010.9,31.1,23.4,28.4,76,98,64,VRB,3,W,9,0.0,,1
5/19/2005,1010.6,31.2,25.9,29.0,73,81,67,WSW,4,WSW,11,0.0,,2
5/20/2005,1009.9,31.6,26.6,29.7,72,80,66,SW,5,WSW,11,0.0,,5
5/21/2005,1009.8,31.5,27.4,29.7,72,77,68,WSW,7,WSW,14,0.0,,3
5/22/2005,1010.1,31.8,26.0,29.5,76,87,69,WSW,8,W,22,1.4,,3
5/23/2005,1011.3,31.6,27.5,29.9,76,83,72,WSW,8,WSW,17,0.0,,6
5/24/2005,1011.4,31.8,26.4,29.9,75,80,72,SW,7,WSW,15,0.05,,6
5/25/2005,1010.8,31.7,26.9,29.8,73,85,66,SSW,7,WSW,15,0.0,,5
5/26/2005,1010.4,31.6,25.2,29.7,73,79,62,SSW,6,SSW,13,1.1,,4
5/27/2005,1011.0,31.8,24.6,29.3,78,86,71,SSW,6,SSW,16,0.05,,3
5/28/2005,1011.1,30.6,25.8,28.9,81,95,72,SW,5,S,13,2.0,,4
5/29/2005,1011.2,29.6,23.6,26.1,91,100,80,W,7,W,26,69.7,,7
5/30/2005,1010.9,30.8,23.4,28.7,80,93,74,W,7,W,28,18.9,,7
5/31/2005,1010.8,30.8,24.6,28.8,80,90,70,W,8,WSW,29,2.1,,7
6/1/2005,1011.1,28.4,22.8,26.3,89,95,79,W,15,WSW,44,41.7,,8
6/2/2005,1009.8,31.2,23.8,28.6,80,92,71,W,13,WNW,33,10.1,,7
6/3/2005,1010.4,31.0,25.6,28.4,84,92,79,WSW,8,W,19,1.4,,7
6/4/2005,1009.5,31.2,23.7,28.6,82,97,73,WSW,5,WNW,29,31.1,,7
6/5/2005,1009.8,30.1,23.4,27.1,86,98,79,W,12,W,35,22.6,,8
6/6/2005,1009.8,31.2,24.8,29.3,80,93,74,W,7,W,25,4.6,,7
6/7/2005,1010.1,29.5,24.6,27.9,82,89,67,W,10,WSW,26,0.8,,7
6/8/2005,1009.6,31.2,27.6,29.5,77,86,72,W,8,W,17,0.0,,8
6/9/2005,1009.6,31.5,26.4,30.0,75,83,71,WSW,8,W,15,0.0,,5
6/10/2005,1009.7,31.2,26.4,29.7,77,83,72,W,8,W,22,0.0,,6
6/11/2005,1010.3,30.8,26.4,29.1,80,85,72,WSW,9,SW,22,1.3,,7
6/12/2005,1010.8,29.4,24.1,27.5,83,96,80,SW,9,W,28,3.7,,7
6/13/2005,1010.7,30.4,24.8,28.9,77,83,71,SW,7,SW,15,8.8,,7
6/14/2005,1010.8,31.6,26.3,29.5,77,84,72,WSW,6,WSW,12,0.0,,6
6/15/2005,1010.8,30.4,24.4,28.0,83,89,74,SW,4,W,14,5.7,,6
6/16/2005,1010.1,31.0,26.5,28.9,79,90,73,W,6,WSW,17,0.5,,6
6/17/2005,1010.4,30.8,26.2,29.5,75,82,71,WSW,10,WSW,21,1.3,,7
6/18/2005,1010.2,31.4,26.6,29.5,73,78,65,W,8,WSW,17,0.0,,6
6/19/2005,1009.9,30.6,22.4,29.1,72,78,69,SW,6,SW,34,11.3,,7
6/20/2005,1010.2,30.8,25.1,28.4,79,89,69,VRB,3,S,11,1.5,,6
6/21/2005,1011.0,30.8,23.2,28.8,79,92,69,VRB,3,S,16,0.0,,6
6/22/2005,1011.5,31.6,23.8,27.7,86,97,72,VRB,3,S,14,7.6,,7
6/23/2005,1011.9,29.4,24.8,27.0,85,97,76,SSW,7,W,23,0.6,,7
6/24/2005,1012.0,30.4,23.2,28.8,79,87,74,SSW,7,SSW,25,53.0,,7
6/25/2005,1012.4,30.6,25.6,28.2,84,96,76,SSE,7,SSE,17,0.05,,7
6/26/2005,1011.9,31.0,22.2,28.8,80,96,71,SSE,8,SSE,18,80.7,,5
6/27/2005,1011.9,30.2,25.0,28.0,79,95,62,S,7,S,17,0.0,,7
6/28/2005,1011.1,30.5,24.4,28.8,82,87,77,S,6,S,16,0.7,,5
6/29/2005,1010.7,31.0,25.3,28.9,80,95,71,S,4,SSE,11,0.0,,4
6/30/2005,1010.7,30.6,24.9,29.0,78,89,71,SSW,5,SW,13,0.0,,3
7/1/2005,1011.7,31.0,22.6,28.9,75,86,69,SSW,4,WSW,12,0.0,,2
7/2/2005,1012.3,31.4,23.0,28.4,77,96,65,VRB,1,E,5,0.0,,5
7/3/2005,1012.1,31.6,22.9,29.1,73,93,66,VRB,2,E,6,0.0,,4
7/4/2005,1011.8,30.7,23.2,28.4,78,96,68,VRB,3,S,11,0.0,,5
7/5/2005,1011.5,31.4,24.4,28.8,78,96,68,VRB,3,WSW,9,0.0,,6
7/6/2005,1012.4,31.2,23.6,29.0,78,92,70,W,4,W,29,11.2,,7
7/7/2005,1012.3,30.4,23.9,27.2,83,95,76,WNW,9,WNW,30,5.7,,7
7/8/2005,1012.2,29.3,24.4,27.0,85,95,76,NW,8,NW,34,2.7,,8
7/9/2005,1011.6,31.0,25.4,29.1,78,83,70,SW,8,SSW,21,0.0,,7
7/10/2005,1011.6,31.0,23.1,29.0,80,92,73,SSW,7,W,30,16.0,,7
7/11/2005,1012.4,29.9,22.0,27.5,82,98,73,S,6,NW,22,15.0,,7
7/12/2005,1013.1,28.1,23.2,26.2,85,100,77,WNW,8,WNW,31,2.0,,8
7/13/2005,1012.1,29.4,23.6,27.8,86,95,79,VRB,2,WSW,16,2.5,,6
7/14/2005,1012.0,29.8,23.7,27.7,87,98,79,S,4,S,19,2.3,,7
7/15/2005,1011.6,31.0,21.4,28.7,81,98,72,S,6,NW,35,32.7,,5
7/16/2005,1011.5,29.4,23.4,26.4,87,96,78,NNW,4,NW,28,0.05,,8
7/17/2005,1009.5,30.8,25.8,28.4,82,97,74,W,4,W,10,0.0,,7
7/18/2005,1011.0,31.0,21.6,28.2,83,96,76,WNW,7,WSW,30,24.3,,7
7/19/2005,1012.3,30.6,24.2,28.9,81,89,70,W,6,W,22,9.6,,4
7/20/2005,1012.2,31.2,26.0,29.3,78,87,72,W,5,W,11,0.0,,5
7/21/2005,1012.4,31.4,24.6,29.3,76,86,71,WNW,5,WNW,11,0.0,,4
7/22/2005,1012.3,30.6,24.0,28.9,76,83,70,WSW,5,WSW,10,0.0,,5
7/23/2005,1011.9,30.8,25.8,28.7,77,93,69,S,5,S,14,0.0,,4
7/24/2005,1012.0,30.8,26.6,29.1,76,87,65,SSE,6,SSE,13,0.0,,7
7/25/2005,1011.7,31.2,26.8,29.4,75,79,70,SE,5,SE,13,0.0,,7
7/26/2005,1011.5,30.2,26.0,28.6,78,86,72,SSE,7,SSE,19,2.6,,6
7/27/2005,1010.5,31.0,25.0,29.4,79,87,74,SE,8,SE,21,10.1,,3
7/28/2005,1010.4,30.6,21.8,27.6,88,100,76,SE,10,WNW,29,88.4,,7
7/29/2005,1010.8,29.4,25.2,27.7,83,92,78,S,8,S,16,0.7,,7
7/30/2005,1011.1,30.1,25.9,28.6,80,86,75,S,7,S,14,0.9,,7
7/31/2005,1010.8,30.8,23.2,29.0,76,83,70,S,7,S,13,0.0,,3
8/1/2005,1011.1,31.2,26.2,28.7,75,95,66,VRB,2,E,8,0.0,,7
8/2/2005,1011.3,30.6,24.2,28.6,79,92,70,SE,4,SSE,15,3.4,,5
8/3/2005,1011.8,30.4,26.4,28.0,81,90,73,SE,5,SE,13,0.0,,6
8/4/2005,1012.1,31.2,26.2,29.5,76,83,70,ESE,4,ESE,9,0.0,,3
8/5/2005,1012.2,31.2,23.2,29.5,74,83,68,VRB,3,E,8,12.2,,3
8/6/2005,1012.0,32.0,22.5,28.9,79,98,67,ENE,4,ENE,17,19.7,,6
8/7/2005,1011.8,30.8,22.4,26.3,88,100,78,VRB,3,N,15,12.1,,7
8/8/2005,1012.2,31.0,25.1,27.5,83,96,73,VRB,2,N,17,0.05,,7
8/9/2005,1012.9,31.8,23.4,29.5,77,87,71,VRB,3,ENE,10,0.3,,7
8/10/2005,1012.4,31.0,23.8,28.6,79,96,68,VRB,2,SE,9,0.1,,6
8/11/2005,1012.3,30.6,25.2,28.6,80,93,73,S,4,SE,9,0.7,,7
8/12/2005,1012.4,29.4,25.4,27.6,82,90,75,S,6,SSW,14,0.0,,7
8/13/2005,1011.5,31.2,24.4,29.2,79,95,70,SSE,8,E,16,2.2,,7
8/14/2005,1011.2,30.0,23.0,27.9,84,90,71,SE,5,E,17,52.0,,7
8/15/2005,1011.6,28.2,23.4,26.6,87,95,81,S,5,SSW,15,1.2,,7
8/16/2005,1010.7,30.5,25.2,28.4,79,91,71,SW,5,SSW,14,0.7,,7
8/17/2005,1011.3,30.6,22.6,28.7,79,92,73,SSW,4,SW,9,0.0,,7
8/18/2005,1012.1,30.5,23.2,28.4,79,96,71,VRB,3,W,10,0.0,,4
8/19/2005,1013.1,30.6,22.5,28.4,79,96,71,SW,4,WSW,10,0.0,,4
8/20/2005,1011.9,30.9,23.0,28.3,79,96,69,VRB,1,W,8,0.0,,2
8/21/2005,1011.6,30.4,25.0,28.4,74,95,66,VRB,3,N,10,0.0,,5
8/22/2005,1011.8,30.4,24.0,28.5,76,90,70,NNW,4,NW,16,0.05,,5
8/23/2005,1011.0,31.0,25.2,28.8,77,95,67,VRB,2,NW,11,0.0,,6
8/24/2005,1012.8,31.0,23.8,28.6,76,89,68,VRB,2,SSW,9,0.0,,6
8/25/2005,1012.5,31.0,22.8,28.5,78,93,70,VRB,3,SSW,13,2.9,,7
8/26/2005,1012.7,30.2,21.6,27.0,83,96,73,SSW,6,W,36,10.2,,7
8/27/2005,1012.4,30.0,23.2,27.2,81,90,71,W,7,W,25,2.6,,7
8/28/2005,1012.0,28.6,23.4,26.0,86,95,76,W,13,WSW,34,10.3,,7
8/29/2005,1012.2,28.6,23.6,27.3,81,92,74,W,11,W,30,3.4,,8
8/30/2005,1010.8,29.4,24.8,27.9,80,83,73,SW,10,W,23,0.05,,7
8/31/2005,1009.6,30.4,22.8,27.7,81,93,73,WSW,10,WSW,30,27.6,,7
9/1/2005,1010.3,29.6,23.0,27.2,83,96,76,WSW,11,WSW,33,19.2,,7
9/2/2005,1011.6,28.8,23.4,27.4,80,88,75,WSW,11,WNW,29,2.6,,7
9/3/2005,1011.7,29.4,22.8,27.0,80,95,73,W,10,WNW,33,8.2,,7
9/4/2005,1011.7,29.0,23.2,27.1,81,90,78,W,10,W,41,15.5,,7
9/5/2005,1009.9,29.6,24.1,27.7,81,92,72,SW,11,SW,28,1.1,,7
9/6/2005,1010.2,30.7,26.0,28.7,76,83,71,SW,7,WSW,15,0.05,,6
9/7/2005,1010.7,30.5,25.0,28.7,74,80,68,WSW,7,WSW,13,0.0,,4
9/8/2005,1010.7,30.4,25.8,28.8,77,85,71,W,5,W,13,0.0,,4
9/9/2005,1011.3,30.6,25.7,29.0,78,83,70,SW,6,SW,13,0.0,,4
9/10/2005,1010.9,30.4,25.9,28.9,75,84,69,SSW,7,S,15,0.0,,4
9/11/2005,1010.3,30.1,23.0,28.2,75,78,71,SSW,6,SSW,13,0.0,,7
9/12/2005,1010.2,30.0,22.2,27.8,77,91,69,VRB,3,W,10,0.0,,7
9/13/2005,1011.1,31.2,23.6,28.3,77,95,67,VRB,1,NW,7,0.05,,3
9/14/2005,1011.8,32.0,25.0,29.0,76,93,66,VRB,1,NNW,7,0.0,,5
9/15/2005,1012.3,31.6,26.1,29.6,75,87,68,VRB,3,E,10,0.0,,6
9/16/2005,1013.4,31.4,26.4,29.6,76,85,70,E,4,E,8,0.0,,6
9/17/2005,1014.4,31.8,23.5,29.5,75,95,67,VRB,3,ESE,11,25.0,,3
9/18/2005,1015.6,31.0,23.6,28.1,81,95,71,SSE,4,SSE,14,11.2,,5
9/19/2005,1014.5,30.6,23.8,28.7,75,85,66,S,7,S,14,12.7,,5
9/20/2005,1012.9,30.6,25.6,28.7,71,93,61,S,9,S,16,0.0,,4
9/21/2005,1011.7,30.6,25.8,28.9,72,78,67,SSE,7,SSE,15,0.0,,3
9/22/2005,1012.8,30.8,23.4,29.2,74,80,69,SE,5,SSE,11,0.0,,4
9/23/2005,1013.8,31.0,23.7,28.6,76,90,63,VRB,3,SSW,9,0.0,,2
9/24/2005,1013.6,32.0,24.0,29.2,75,93,64,VRB,1,ENE,6,0.0,,4
9/25/2005,1012.7,31.0,24.6,29.0,76,86,69,S,5,S,15,0.5,,4
9/26/2005,1012.1,31.0,23.8,28.7,76,87,69,SW,5,SW,11,0.0,,5
9/27/2005,1012.2,31.0,26.4,28.8,73,88,67,SW,4,SW,12,0.0,,5
9/28/2005,1012.7,30.8,25.2,28.1,79,84,71,WNW,8,WNW,22,0.6,,7
9/29/2005,1012.8,28.4,22.8,26.8,83,95,74,WSW,12,W,37,8.5,,7
9/30/2005,1013.4,28.4,24.2,27.9,79,84,75,SW,5,SW,17,0.8,,8
10/1/2005,1013.0,30.8,23.8,28.4,78,92,70,W,5,W,19,3.7,,5
10/2/2005,1013.1,30.6,22.8,28.5,79,95,73,W,7,W,21,30.8,,3
10/3/2005,1013.5,29.0,23.0,26.5,87,96,77,W,10,W,28,31.0,,7
10/4/2005,1011.7,30.5,22.8,27.2,87,93,74,W,8,W,28,54.7,,7
10/5/2005,1012.5,27.6,23.6,26.0,89,98,84,W,13,W,30,5.8,,8
10/6/2005,1012.4,30.4,22.4,27.7,80,95,71,WNW,6,NW,32,50.4,,7
10/7/2005,1012.7,28.2,22.4,26.8,87,98,77,W,10,WNW,29,34.9,,8
10/8/2005,1012.7,28.0,22.6,25.9,87,96,80,W,9,WSW,30,24.4,,7
10/9/2005,1012.2,29.4,23.1,26.8,85,96,78,WSW,12,W,35,8.2,,7
10/10/2005,1011.0,29.8,24.2,28.1,79,86,74,W,11,WSW,27,9.0,,6
10/11/2005,1011.5,29.0,23.3,26.8,85,95,80,SW,10,SSW,25,2.0,,7
10/12/2005,1010.3,30.5,22.4,28.0,83,96,78,SW,10,SSW,34,48.1,,7
10/13/2005,1010.0,29.9,23.8,27.7,85,93,78,WSW,9,WSW,27,8.7,,7
10/14/2005,1009.4,30.1,23.7,27.5,85,97,75,W,9,W,33,38.5,,6
10/15/2005,1010.0,28.8,23.3,27.3,85,92,78,WNW,10,W,33,8.7,,7
10/16/2005,1010.9,29.0,23.6,27.1,87,96,82,WSW,9,WSW,26,1.2,,7
10/17/2005,1012.2,31.0,26.5,29.1,77,84,71,W,8,W,15,0.0,,7
10/18/2005,1012.4,30.6,26.2,28.9,76,81,72,W,10,WNW,20,0.0,,6
10/19/2005,1011.8,30.1,24.9,28.3,80,86,75,W,12,WSW,26,3.4,,5
10/20/2005,1011.8,30.7,23.4,28.4,79,90,70,W,10,W,22,14.0,,6
10/21/2005,1010.8,30.0,24.2,27.9,83,95,75,W,10,WNW,26,11.3,,5
10/22/2005,1011.3,30.4,26.4,28.8,78,87,73,W,9,W,19,0.0,,4
10/23/2005,1011.6,30.6,26.2,28.9,72,78,68,WSW,10,WSW,19,0.0,,4
10/24/2005,1011.7,30.6,26.4,28.9,75,80,70,W,9,W,19,0.0,,6
10/25/2005,1011.5,30.6,26.2,28.8,74,80,70,W,9,WNW,18,0.0,,4
10/26/2005,1011.8,30.6,26.3,29.0,75,80,71,W,8,WNW,15,0.0,,3
10/27/2005,1012.3,30.8,25.8,29.0,76,84,69,W,7,W,16,0.0,,3
10/28/2005,1012.6,30.6,23.2,28.2,79,91,71,WSW,5,SW,20,8.3,,5
10/29/2005,1012.5,30.0,25.0,27.9,82,90,77,W,6,WNW,20,3.8,,5
10/30/2005,1012.0,29.7,23.6,28.1,80,89,75,WNW,15,W,41,18.0,,6
10/31/2005,1013.1,29.0,22.9,27.0,85,95,79,W,14,WSW,45,15.3,,7
11/1/2005,1012.7,30.2,24.2,28.2,80,87,73,W,14,W,27,2.8,,7
11/2/2005,1012.4,30.2,24.0,28.2,82,92,75,W,13,W,35,9.4,,6
11/3/2005,1011.8,30.2,24.5,28.6,79,87,74,W,13,WNW,28,2.1,,5
11/4/2005,1011.3,30.4,25.8,28.5,80,87,74,WNW,10,WNW,19,0.05,,5
11/5/2005,1011.1,30.5,23.8,28.7,78,83,69,W,9,W,19,1.7,,3
11/6/2005,1011.1,29.4,24.2,27.9,82,88,74,WNW,13,WNW,32,3.3,,3
11/7/2005,1010.3,30.4,26.5,28.8,76,80,73,W,15,W,27,0.0,,5
11/8/2005,1010.4,30.6,26.5,28.9,77,83,72,W,14,W,26,0.0,,3
11/9/2005,1011.5,30.4,24.8,28.7,79,89,74,W,13,W,25,1.8,,7
11/10/2005,1011.9,30.5,25.0,28.4,77,84,73,W,11,W,23,0.0,,7
11/11/2005,1011.4,30.7,25.4,28.8,76,84,70,W,7,W,13,0.0,,3
11/12/2005,1012.8,30.4,25.8,28.5,75,84,70,SW,8,SW,17,0.0,,3
11/13/2005,1013.1,30.2,24.7,28.3,78,89,71,SW,8,SW,16,0.8,,3
11/14/2005,1012.8,30.4,24.5,28.6,79,86,71,W,10,W,21,2.3,,4
11/15/2005,1011.7,30.6,24.3,27.3,83,92,75,W,9,W,25,2.0,,6
11/16/2005,1011.4,30.4,25.6,28.4,76,81,71,W,9,W,17,0.0,,3
11/17/2005,1011.9,30.4,25.8,28.5,78,87,73,W,8,W,17,0.0,,3
11/18/2005,1012.6,30.8,25.7,28.6,77,83,71,W,9,W,17,0.0,,4
11/19/2005,1012.4,30.5,24.2,28.7,78,86,73,W,7,NNW,22,0.0,,2
11/20/2005,1011.7,30.4,25.3,28.3,77,84,74,WNW,7,WNW,15,0.05,,3
11/21/2005,1011.2,30.5,26.4,28.6,78,86,72,W,7,WSW,16,0.0,,3
11/22/2005,1011.1,30.5,26.0,28.8,79,84,74,WSW,11,WSW,23,0.0,,3
11/23/2005,1011.2,30.2,23.8,28.1,80,92,74,SW,8,WSW,26,2.0,,3
11/24/2005,1010.7,30.4,24.8,27.5,82,89,77,SW,10,SW,27,2.3,,5
11/25/2005,1010.4,30.6,25.6,28.4,80,87,74,WSW,7,WSW,19,0.0,,5
11/26/2005,1010.5,30.6,23.4,28.7,78,86,71,S,6,S,12,0.0,,3
11/27/2005,1010.3,31.0,24.0,28.5,76,93,68,VRB,2,NNW,7,0.0,,3
11/28/2005,1011.2,30.8,25.8,28.8,78,90,70,N,4,NNW,12,0.0,,3
11/29/2005,1011.3,31.4,23.0,29.0,79,90,73,NNE,3,NNE,9,0.0,,2
11/30/2005,1009.2,30.6,25.4,28.2,81,96,73,W,4,WNW,11,0.0,,3
12/1/2005,1009.2,30.2,22.8,27.6,83,98,73,W,8,WSW,26,41.5,,4
12/2/2005,1010.5,29.6,25.8,27.8,84,90,79,W,9,W,21,0.6,,6
12/3/2005,1011.1,30.2,26.0,28.6,80,85,73,W,12,W,21,0.05,,5
12/4/2005,1009.6,30.0,25.6,28.3,80,87,71,W,12,W,24,0.0,,4
12/5/2005,1009.6,30.2,25.3,28.2,81,87,77,W,9,W,17,0.0,,5
12/6/2005,1010.3,30.0,23.9,28.1,81,86,77,NW,7,NW,15,0.0,,3
12/7/2005,1010.8,29.4,24.6,27.7,79,88,75,WNW,6,NW,13,0.0,,2
12/8/2005,1011.3,29.2,25.0,27.3,79,87,73,W,6,W,12,0.0,,6
12/9/2005,1010.7,30.0,25.7,28.2,78,86,73,W,10,W,21,0.0,,4
12/10/2005,1011.4,30.2,25.5,28.4,80,89,75,W,10,W,20,0.0,,6
12/11/2005,1011.2,29.8,25.5,28.1,80,86,76,WNW,10,WNW,19,0.0,,7
12/12/2005,1011.4,29.6,25.6,27.8,84,86,81,WNW,10,W,19,0.0,,7
12/13/2005,1011.0,30.0,25.7,28.4,82,89,77,W,10,WNW,19,0.0,,5
12/14/2005,1010.2,30.0,23.4,28.4,81,86,77,W,11,W,26,4.8,,4
12/15/2005,1010.9,29.9,25.1,27.7,86,92,82,W,13,W,25,1.7,,7
12/16/2005,1011.5,29.6,25.0,28.1,82,87,78,WNW,8,WNW,15,0.0,,3
12/17/2005,1011.3,29.8,24.2,28.2,82,89,76,W,8,W,18,0.6,,5
12/18/2005,1010.9,30.2,23.6,28.1,84,95,78,W,10,W,28,4.4,,6
12/19/2005,1009.8,30.5,24.0,28.5,83,89,79,W,11,W,21,3.0,,3
12/20/2005,1010.3,29.8,23.0,27.2,89,97,81,W,7,WSW,21,12.1,,6
12/21/2005,1012.2,29.2,23.4,27.0,85,92,76,W,7,W,27,9.2,,7
12/22/2005,1012.1,29.8,25.6,28.1,77,80,73,WNW,9,WNW,16,0.0,,4
12/23/2005,1011.4,30.0,25.0,28.1,76,81,70,NW,11,NW,20,0.0,,6
12/24/2005,1011.0,29.9,23.6,28.1,75,84,68,NW,7,NNW,17,0.0,,3
12/25/2005,1011.3,30.0,24.6,27.7,79,90,71,N,4,NNE,11,7.9,,4
12/26/2005,1012.2,30.4,25.8,28.4,75,81,71,NE,5,NE,16,0.0,,3
12/27/2005,1013.4,30.8,25.4,28.8,74,81,69,ENE,5,NE,15,0.0,,2
12/28/2005,1013.3,31.4,25.1,28.8,77,84,69,ENE,4,ENE,11,0.0,,4
12/29/2005,1013.4,31.3,23.3,28.7,74,84,69,ENE,4,ENE,11,0.0,,2
12/30/2005,1013.1,30.7,25.4,28.3,74,85,68,VRB,2,NE,8,0.0,,2
12/31/2005,1012.9,30.4,25.6,28.4,75,81,69,NNE,5,N,13,0.0,,3
1/1/2006,1012.9,30.8,25.9,28.8,76,81,72,NNE,5,NNE,15,0.05,,3
1/2/2006,1011.9,30.6,25.5,28.7,76,86,71,NNE,4,NNE,14,0.0,,3
1/3/2006,1010.5,31.0,25.6,28.8,78,84,72,NE,4,NNE,13,0.0,,2
1/4/2006,1010.1,30.8,25.4,28.7,80,87,74,NE,5,NNE,14,0.0,,2
1/5/2006,1010.3,31.0,25.6,28.7,80,87,71,NNE,4,NNE,13,0.0,,3
1/6/2006,1010.0,30.6,24.5,28.6,81,90,75,NNE,4,N,12,0.05,,3
1/7/2006,1010.3,31.2,25.6,28.4,82,92,73,SW,3,W,9,0.0,,5
1/8/2006,1010.8,30.2,23.4,28.0,83,97,76,WNW,5,SSW,20,7.7,,5
1/9/2006,1010.4,29.8,25.0,27.8,82,90,76,W,9,W,23,0.3,,7
1/10/2006,1010.1,30.0,25.8,28.3,82,90,77,NNE,3,NW,10,0.0,,7
1/11/2006,1009.6,31.6,22.8,29.1,80,89,70,NE,3,ENE,10,30.6,,6
1/12/2006,1010.7,29.0,23.2,25.0,94,98,87,W,4,WSW,17,47.4,,8
1/13/2006,1011.7,26.6,22.1,25.2,91,98,87,W,12,W,33,50.9,,8
1/14/2006,1010.7,30.0,24.5,27.6,84,92,77,W,9,W,25,4.1,,6
1/15/2006,1010.6,30.2,25.4,28.2,82,87,78,WSW,7,SW,15,0.0,,7
1/16/2006,1011.8,32.0,23.0,28.1,81,95,74,W,5,W,13,0.0,,4
1/17/2006,1011.4,30.8,25.5,28.3,80,96,73,NE,3,NE,8,0.0,,4
1/18/2006,1011.9,30.2,23.8,28.4,77,84,71,N,4,N,12,0.0,,2
1/19/2006,1012.0,31.2,26.0,28.8,79,89,71,NNE,4,NNE,15,0.0,,4
1/20/2006,1012.5,30.6,25.4,29.0,75,79,72,NNE,5,NNE,11,0.0,,3
1/21/2006,1013.3,30.8,25.2,29.0,75,89,68,ENE,3,ENE,10,0.0,,2
1/22/2006,1013.0,30.4,24.9,27.9,82,89,75,NNW,3,N,11,1.3,,4
1/23/2006,1013.3,30.6,25.2,28.0,77,86,71,N,8,N,19,0.05,,3
1/24/2006,1013.8,29.6,25.2,28.1,73,77,68,N,7,N,17,0.0,,3
1/25/2006,1013.8,30.2,25.7,28.3,70,80,62,N,6,N,16,0.0,,2
1/26/2006,1013.8,30.2,25.5,28.2,70,80,56,N,8,NNE,19,0.0,,5
1/27/2006,1012.7,30.5,25.6,28.5,72,77,68,NNE,6,NNE,14,0.0,,2
1/28/2006,1011.3,30.6,23.9,28.4,76,83,71,N,5,N,10,0.0,,3
1/29/2006,1012.2,29.6,21.5,25.5,92,100,83,NW,7,NNW,25,103.1,,6
1/30/2006,1012.7,28.6,24.0,26.3,88,96,78,ENE,5,ENE,13,0.1,,7
1/31/2006,1013.0,31.0,25.6,28.8,79,89,72,ENE,4,ENE,12,0.0,,4
2/1/2006,1012.8,31.2,25.8,29.1,80,89,73,ENE,4,ENE,14,0.3,,3
2/2/2006,1012.1,30.4,26.0,28.6,82,87,74,NNE,6,NNE,19,0.05,,3
2/3/2006,1012.8,30.6,25.4,28.6,76,81,70,NNE,6,NNE,17,0.0,,2
2/4/2006,1013.1,31.0,26.1,28.7,80,87,73,NNE,5,NE,15,0.0,,3
2/5/2006,1011.8,31.5,25.8,29.3,77,84,73,ENE,5,ENE,14,0.0,,2
2/6/2006,1011.1,31.5,24.6,29.1,80,89,71,ENE,4,ENE,15,2.1,,4
2/7/2006,1011.3,30.6,23.4,29.0,80,86,73,NE,6,SE,19,28.9,,6
2/8/2006,1012.9,30.6,23.2,27.3,85,98,74,ESE,5,ESE,23,20.4,,6
2/9/2006,1013.7,29.8,25.0,27.8,83,95,75,W,5,W,11,0.0,,5
2/10/2006,1012.4,30.4,25.2,28.5,81,90,73,N,5,NNE,16,0.05,,3
2/11/2006,1011.3,31.1,25.4,28.4,83,89,77,NNE,6,NE,23,0.6,,5
2/12/2006,1011.1,29.4,23.2,26.8,89,96,83,NNE,3,NE,15,22.6,,7
2/13/2006,1010.8,30.4,22.8,27.9,82,93,75,N,5,E,21,28.7,,5
2/14/2006,1011.7,29.6,25.5,27.4,83,90,79,NE,6,NE,17,0.05,,7
2/15/2006,1010.4,31.6,26.0,28.8,78,87,69,ENE,3,ENE,9,0.05,,5
2/16/2006,1011.1,30.5,23.0,27.2,85,95,74,VRB,2,E,14,30.0,,6
2/17/2006,1011.3,31.0,24.5,28.1,85,95,72,NNE,3,NNW,10,7.1,,5
2/18/2006,1011.2,31.4,26.2,29.0,79,87,72,NE,5,N,13,0.05,,5
2/19/2006,1010.7,30.1,23.4,27.9,83,92,73,NNW,5,NW,23,60.0,,7
2/20/2006,1011.1,27.6,21.0,24.8,93,98,85,N,5,SSW,17,48.2,,8
2/21/2006,1010.9,29.6,24.8,27.8,84,98,78,NW,4,N,12,0.05,,6
2/22/2006,1010.2,30.2,23.4,28.7,75,80,69,N,7,N,15,0.0,,5
2/23/2006,1009.0,30.2,25.5,28.2,76,93,70,N,5,N,14,0.0,,5
2/24/2006,1009.0,31.2,21.3,28.7,72,83,67,NE,3,NE,10,0.0,,7
2/25/2006,1009.7,29.8,20.8,27.0,79,96,71,NNE,3,NNE,9,0.0,,6
2/26/2006,1010.5,29.8,22.8,27.0,81,96,71,WNW,3,W,11,0.0,,3
2/27/2006,1009.9,30.6,22.5,28.2,78,96,70,NNW,5,N,12,0.0,,3
2/28/2006,1009.7,30.6,23.4,28.0,78,95,68,NNE,3,NW,10,0.0,,2
3/1/2006,1009.3,31.4,24.0,29.1,71,83,71,NNE,3,NNE,9,0.0,,2
3/2/2006,1009.6,31.4,21.9,29.0,76,93,67,VRB,2,NNE,7,0.0,,3
3/3/2006,1011.1,30.6,22.4,28.1,77,96,68,VRB,2,WSW,10,0.0,,2
3/4/2006,1011.1,31.8,25.8,28.9,76,96,67,E,4,NE,13,0.0,,5
3/5/2006,1010.6,31.7,27.0,29.6,75,86,69,SE,3,SE,9,0.0,,4
3/6/2006,1011.8,32.0,26.6,29.8,77,85,71,NNE,5,NNE,13,0.0,,3
3/7/2006,1011.0,32.1,26.6,30.0,76,83,69,NE,5,NE,14,0.05,,3
3/8/2006,1011.9,31.8,27.0,29.9,76,85,71,ESE,4,ESE,12,2.4,,3
3/9/2006,1012.0,31.6,26.1,29.9,75,82,68,ESE,5,E,12,0.05,,5
3/10/2006,1011.3,31.6,23.2,29.2,78,89,69,SE,3,SSE,15,0.4,,4
3/11/2006,1011.4,31.2,23.4,28.3,81,96,73,W,4,WNW,20,12.2,,5
3/12/2006,1010.9,30.8,25.6,28.5,79,86,71,WNW,8,WNW,19,1.4,,6
3/13/2006,1010.5,31.4,25.4,29.3,77,84,72,WNW,5,WNW,12,0.05,,5
3/14/2006,1011.6,30.6,23.6,28.2,82,90,77,W,7,NW,23,15.7,,6
3/15/2006,1011.5,29.4,23.4,27.0,86,98,76,VRB,3,NW,19,2.4,,7
3/16/2006,1010.3,30.8,26.0,29.1,77,89,69,W,5,W,9,0.0,,5
3/17/2006,1011.0,30.2,26.0,27.7,82,87,78,N,7,NW,18,0.0,,7
3/18/2006,1009.5,31.0,26.6,29.2,76,87,71,N,5,N,12,0.0,,3
3/19/2006,1010.5,31.6,24.6,29.6,76,87,69,NNE,3,NE,10,0.0,,6
3/20/2006,1011.1,30.7,26.2,28.7,80,95,73,NW,6,N,14,0.0,,7
3/21/2006,1011.0,31.2,25.4,28.9,77,86,70,NW,6,NW,16,1.0,,6
3/22/2006,1010.3,31.0,23.6,29.1,79,85,73,NW,7,NW,17,6.2,,7
3/23/2006,1009.7,30.8,23.4,28.6,81,98,71,WNW,5,WNW,18,8.0,,5
3/24/2006,1009.6,30.8,26.4,28.9,79,87,74,W,6,W,13,0.0,,4
3/25/2006,1011.7,31.4,26.4,29.2,79,83,75,W,7,W,19,1.2,,5
3/26/2006,1012.5,31.4,26.6,29.3,77,81,72,W,6,W,14,0.0,,3
3/27/2006,1010.8,31.3,26.4,29.5,73,79,69,WNW,9,WNW,21,0.0,,3
3/28/2006,1010.4,31.4,24.6,29.7,73,80,69,W,8,W,17,0.4,,3
3/29/2006,1011.3,31.0,25.4,28.9,78,87,73,WNW,7,WNW,15,0.0,,7
3/30/2006,1012.2,31.4,26.6,29.6,75,80,68,W,8,W,14,0.0,,6
3/31/2006,1012.1,31.4,25.2,29.4,73,77,68,WNW,8,WNW,15,0.0,,3
4/1/2006,1011.6,31.4,25.7,29.2,70,80,64,W,6,WNW,12,0.0,,2
4/2/2006,1011.6,31.4,26.4,29.3,70,78,64,W,5,W,12,0.0,,3
4/3/2006,1011.2,31.4,26.6,29.5,72,78,67,W,6,W,12,1.3,,2
4/4/2006,1011.2,31.5,26.0,29.3,74,85,66,W,5,W,12,0.0,,5
4/5/2006,1010.8,31.3,27.2,29.4,71,78,65,SW,6,SSW,14,0.0,,1
4/6/2006,1011.0,31.8,25.2,29.7,78,83,72,SW,7,WSW,24,7.7,,3
4/7/2006,1010.9,31.5,26.0,29.6,74,85,68,W,7,W,14,0.0,,3
4/8/2006,1009.9,31.5,24.6,29.5,73,82,68,W,5,W,11,4.5,,2
4/9/2006,1009.9,31.7,23.5,29.4,80,95,70,SW,6,S,20,2.6,,3
4/10/2006,1010.8,31.0,24.6,28.5,78,92,71,WSW,6,NW,22,4.8,,5
4/11/2006,1010.0,31.8,27.0,29.7,76,83,72,W,6,W,19,0.0,,4
4/12/2006,1008.5,31.6,26.9,30.2,74,78,68,WNW,7,WNW,13,0.0,,3
4/13/2006,1008.4,31.7,23.9,30.0,75,82,70,W,5,SW,12,1.6,,2
4/14/2006,1009.2,32.4,24.6,29.5,79,98,71,VRB,2,W,9,0.0,,3
4/15/2006,1010.2,32.4,24.8,29.6,79,95,70,VRB,2,SE,9,0.0,,3
4/16/2006,1009.9,31.0,23.0,28.8,81,90,71,SW,6,SW,18,12.3,,6
4/17/2006,1011.5,28.0,22.0,26.0,83,93,72,NW,7,W,31,21.7,,8
4/18/2006,1011.1,31.8,25.2,29.2,79,91,69,W,4,SSE,11,0.5,,7
4/19/2006,1011.6,31.8,25.6,29.1,79,89,72,SSE,3,WSW,15,0.4,,6
4/20/2006,1011.7,32.0,25.4,30.1,76,86,71,SW,6,SW,14,0.0,,4
4/21/2006,1011.7,31.6,23.4,29.3,80,90,73,WSW,6,WSW,18,10.8,,6
4/22/2006,1011.2,31.7,27.2,29.7,76,83,71,W,9,W,21,2.6,,4
4/23/2006,1010.8,31.8,25.6,29.6,77,92,68,W,10,W,22,5.0,,5
4/24/2006,1011.4,30.0,24.6,28.3,83,89,78,W,7,WNW,23,7.2,,7
4/25/2006,1011.0,31.5,23.4,28.9,80,87,72,WSW,9,WSW,23,30.2,,7
4/26/2006,1011.4,31.4,25.8,29.2,81,92,76,WSW,7,W,20,5.1,,6
4/27/2006,1010.9,31.4,27.2,29.9,77,80,72,SW,8,SW,16,0.0,,4
4/28/2006,1010.5,31.4,27.2,29.8,78,85,73,SW,8,SW,19,2.5,,4
4/29/2006,1010.7,31.2,23.6,28.7,82,85,73,W,8,NW,25,25.0,,6
4/30/2006,1011.3,31.6,27.3,29.8,78,87,71,SW,7,WSW,14,0.0,,5
5/1/2006,1011.7,31.8,25.4,30.1,76,85,69,W,7,W,15,0.05,,5
5/2/2006,1010.7,31.6,24.4,29.9,78,87,72,WSW,8,W,18,6.6,,4
5/3/2006,1011.1,30.6,24.6,28.2,84,92,78,W,9,W,23,4.3,,6
5/4/2006,1011.7,31.8,26.3,30.0,77,89,71,W,10,WNW,21,3.0,,4
5/5/2006,1012.7,31.6,22.6,29.3,79,95,72,WSW,9,WNW,35,11.0,,7
5/6/2006,1011.3,31.6,27.0,29.9,77,86,71,SW,7,W,18,0.4,,3
5/7/2006,1009.8,31.6,25.8,29.9,75,82,70,S,7,SSW,15,0.0,,3
5/8/2006,1009.7,31.7,24.0,29.8,74,80,71,S,5,S,11,0.0,,6
5/9/2006,1010.4,32.2,23.9,29.7,75,95,66,VRB,2,E,6,0.0,,2
5/10/2006,1010.0,32.1,23.5,29.6,76,93,68,WNW,3,NW,14,0.0,,3
5/11/2006,1010.7,32.0,24.2,29.4,75,95,66,W,3,W,9,0.0,,2
5/12/2006,1011.7,31.6,26.6,29.5,75,93,69,SSW,3,SSW,10,0.0,,3
5/13/2006,1011.7,32.0,24.5,30.2,75,83,68,SSW,7,SSW,7,16.6,,5
5/14/2006,1011.5,31.8,24.6,29.1,79,95,68,WSW,5,WSW,21,10.1,,3
5/15/2006,1011.0,31.6,25.0,29.5,79,87,71,W,9,WNW,22,6.0,,5
5/16/2006,1011.8,31.2,25.6,28.7,82,87,76,SW,8,SW,21,2.8,,7
5/17/2006,1011.5,30.9,24.4,29.1,82,89,78,SSW,8,SW,25,8.4,,7
5/18/2006,1012.0,30.8,25.0,28.1,84,92,72,SSW,7,NW,25,14.5,,7
5/19/2006,1011.8,31.2,24.0,29.0,80,93,74,W,10,WNW,26,4.4,,7
5/20/2006,1011.9,31.0,25.7,29.4,77,86,73,SSW,7,SSW,17,0.05,,7
5/21/2006,1011.9,31.6,25.8,29.6,75,87,69,S,7,S,14,0.05,,5
5/22/2006,1011.2,31.6,26.0,29.7,77,86,70,S,6,S,14,0.0,,4
5/23/2006,1011.1,31.6,25.2,29.6,78,87,72,S,4,SSW,10,0.05,,5
5/24/2006,1010.3,31.6,24.8,29.8,74,84,66,W,4,SW,13,0.0,,3
5/25/2006,1010.2,31.7,25.0,28.9,79,86,71,SW,4,SW,15,0.0,,6
5/26/2006,1010.9,31.6,26.2,29.5,77,87,71,SSE,6,SW,19,0.0,,6
5/27/2006,1011.5,32.0,25.4,29.1,76,87,68,SE,7,S,25,0.6,,5
5/28/2006,1010.6,31.6,25.9,29.7,76,89,71,SSE,7,SSE,13,0.0,,5
5/29/2006,1009.5,31.4,25.6,29.4,77,86,72,S,7,S,14,0.0,,4
5/30/2006,1009.3,31.4,26.6,29.5,76,83,70,SSE,7,SSE,15,0.05,,7
5/31/2006,1010.2,31.6,26.0,30.0,76,82,72,SE,7,SSE,17,0.4,,6
6/1/2006,1011.0,31.4,23.6,29.2,78,95,69,ESE,6,NW,20,2.0,,7
6/2/2006,1011.2,31.6,23.0,28.9,80,98,72,ESE,3,ESE,8,0.0,,5
6/3/2006,1010.7,31.8,22.6,29.0,77,95,66,VRB,2,E,6,0.0,,2
6/4/2006,1010.9,31.6,24.5,29.0,78,95,67,W,3,W,9,0.0,,6
6/5/2006,1011.4,32.0,23.4,29.4,77,92,69,VRB,2,WNW,9,0.0,,7
6/6/2006,1011.6,31.4,24.1,28.5,82,96,73,VRB,2,SSW,13,5.0,,5
6/7/2006,1011.8,31.6,24.5,29.3,76,84,72,SSW,4,S,16,0.2,,5
6/8/2006,1011.6,31.4,26.6,29.6,75,92,67,SW,5,SW,11,0.05,,6
6/9/2006,1011.5,31.4,26.4,29.6,75,80,71,SSW,7,S,19,0.8,,7
6/10/2006,1011.5,31.5,26.2,29.4,76,83,72,S,8,SSW,23,1.2,,7
6/11/2006,1011.3,30.8,25.0,29.0,78,82,74,SSE,8,SSE,20,0.0,,5
6/12/2006,1010.4,30.6,23.8,28.9,77,89,71,SSW,3,SSW,10,0.2,,6
6/13/2006,1010.4,31.0,23.8,27.7,85,96,73,WNW,6,WSW,26,1.8,,7
6/14/2006,1011.6,28.1,23.4,26.5,85,95,77,W,5,W,20,13.2,,8
6/15/2006,1012.3,28.0,22.8,25.6,90,98,81,W,12,W,29,55.7,,7
6/16/2006,1012.1,30.4,23.4,28.7,76,87,70,SW,6,SW,15,0.0,,7
6/17/2006,1011.8,30.6,23.8,27.5,81,95,70,WNW,6,NW,23,2.3,,7
6/18/2006,1010.2,31.0,26.6,29.2,76,80,71,WSW,5,SSW,15,0.05,,6
6/19/2006,1009.6,31.0,23.8,28.9,79,90,71,SSW,9,SW,20,3.1,,7
6/20/2006,1009.6,30.0,24.2,28.3,79,86,74,W,8,W,30,3.4,,7
6/21/2006,1008.9,30.6,22.8,26.7,85,96,74,NW,8,W,29,11.1,,7
6/22/2006,1008.0,30.7,25.2,28.6,81,92,74,SSW,5,S,12,0.05,,7
6/23/2006,1007.8,31.2,24.5,29.4,78,89,71,WSW,4,SW,10,3.4,,6
6/24/2006,1008.3,31.4,25.2,29.3,82,98,72,W,4,W,12,0.5,,4
6/25/2006,1008.8,31.4,26.4,29.3,81,92,70,W,6,SW,15,0.6,,4
6/26/2006,1009.4,31.5,25.2,29.1,82,92,76,WNW,6,W,21,6.6,,7
6/27/2006,1009.6,31.6,26.0,29.9,77,85,72,NW,9,NW,19,0.0,,5
6/28/2006,1010.3,31.2,24.2,28.6,83,95,72,VRB,2,WSW,19,1.0,,8
6/29/2006,1011.2,30.8,24.4,27.8,88,98,77,VRB,2,N,10,5.6,,7
6/30/2006,1011.9,30.7,23.6,28.3,83,98,75,SSW,3,WSW,10,0.0,,7
7/1/2006,1011.4,31.4,26.2,28.8,80,96,68,SSE,3,S,9,0.3,,6
7/2/2006,1010.6,31.2,26.1,29.7,78,85,71,ESE,4,SSE,20,0.0,,5
7/3/2006,1009.7,31.6,23.4,29.5,73,84,66,SSE,12,WSW,22,13.2,,6
7/4/2006,1009.7,30.0,24.8,28.0,86,97,80,SSE,7,SE,23,1.9,,7
7/5/2006,1010.2,31.0,24.6,28.8,82,92,77,SE,7,SE,22,9.3,,7
7/6/2006,1011.8,29.8,23.4,27.5,87,96,83,SSE,4,S,24,8.7,,7
7/7/2006,1011.5,30.4,23.5,28.5,75,82,70,S,5,S,13,0.0,,7
7/8/2006,1010.8,31.4,23.2,28.6,78,95,67,VRB,2,WSW,11,3.6,,6
7/9/2006,1011.3,31.2,24.8,27.5,84,95,72,W,3,W,19,3.4,,6
7/10/2006,1011.9,31.6,26.0,28.5,80,85,73,WSW,7,SW,15,0.05,,7
7/11/2006,1011.8,31.4,25.8,29.4,75,83,70,SW,7,SW,17,0.0,,6
7/12/2006,1011.4,30.7,22.6,28.9,73,84,69,SW,4,SW,9,0.0,,7
7/13/2006,1010.9,31.1,24.2,28.3,80,96,70,VRB,2,SSW,10,0.0,,7
7/14/2006,1011.2,32.6,25.0,29.6,75,93,61,VRB,2,NNE,8,0.05,,4
7/15/2006,1011.5,30.6,24.0,27.4,86,97,76,E,3,S,15,1.6,,7
7/16/2006,1011.0,30.5,23.3,28.2,82,95,71,SSW,4,SSW,12,1.7,,8
7/17/2006,1010.0,30.5,23.4,28.4,78,95,73,WSW,4,WSW,11,0.05,,7
7/18/2006,1009.7,31.8,23.6,28.3,79,92,66,E,3,SW,15,26.8,,7
7/19/2006,1009.9,30.0,23.9,28.6,81,89,75,E,3,E,11,5.3,,7
7/20/2006,1010.7,31.6,24.5,28.5,82,97,70,VRB,2,NNE,7,0.0,,7
7/21/2006,1010.1,31.2,22.7,29.0,80,92,72,N,3,W,23,37.1,,7
7/22/2006,1010.7,30.6,22.8,28.3,83,98,77,VRB,2,SSW,14,18.2,,7
7/23/2006,1011.5,31.0,25.3,27.5,86,98,77,SSE,4,S,17,0.05,,8
7/24/2006,1011.5,31.4,22.5,28.6,80,89,72,S,3,SE,9,0.0,,7
7/25/2006,1011.6,32.4,23.4,28.9,74,98,60,VRB,1,E,6,2.1,,6
7/26/2006,1013.0,31.2,25.6,28.8,77,96,68,SE,3,SSE,13,0.0,,7
7/27/2006,1012.3,31.0,25.4,29.3,76,84,70,SSE,8,SSE,16,0.0,,7
7/28/2006,1010.3,31.2,26.0,28.9,76,83,66,SSE,7,S,14,0.05,,7
7/29/2006,1009.8,31.5,24.4,29.6,75,86,69,ESE,4,E,10,1.4,,5
7/30/2006,1011.1,31.4,26.0,29.4,77,86,72,SE,5,SE,14,0.05,,4
7/31/2006,1011.1,31.1,25.8,29.3,76,84,68,SSE,7,SE,14,0.0,,3
8/1/2006,1010.3,31.5,24.6,29.5,76,84,69,SE,6,SSE,13,0.0,,5
8/2/2006,1010.1,32.1,25.0,29.4,77,86,69,SW,3,SE,11,0.5,,4
8/3/2006,1009.7,31.4,26.3,29.5,78,92,71,S,6,S,13,0.0,,6
8/4/2006,1009.0,31.5,26.0,29.6,75,83,69,SSE,6,SSE,12,0.0,,5
8/5/2006,1010.1,31.6,25.6,29.5,75,86,68,SE,5,SE,10,0.0,,5
8/6/2006,1011.7,31.2,26.4,29.5,72,84,68,SE,4,SE,10,0.0,,2
8/7/2006,1011.9,31.4,26.8,29.7,72,79,68,SE,6,SE,14,0.0,,3
8/8/2006,1011.8,31.7,27.0,30.0,73,78,68,SE,7,SE,15,0.0,,2
8/9/2006,1011.9,31.7,26.8,29.8,76,86,68,SE,8,SE,15,0.0,,4
8/10/2006,1011.8,30.5,26.4,28.9,77,82,73,SSE,12,S,18,0.0,,8
8/11/2006,1011.0,31.4,26.0,29.3,73,80,69,SSE,13,SSE,21,0.0,,6
8/12/2006,1010.5,31.2,23.4,28.9,74,82,67,SSE,9,SSE,18,0.0,,7
8/13/2006,1010.9,31.3,26.0,28.4,80,93,69,S,7,S,25,0.0,,7
8/14/2006,1010.2,31.5,25.2,29.3,75,84,68,SSE,10,SSE,16,0.0,,7
8/15/2006,1009.7,31.4,26.1,29.6,78,85,73,SSE,7,SE,16,0.05,,7
8/16/2006,1009.2,31.3,25.6,29.1,78,86,73,S,9,SSE,15,0.0,,7
8/17/2006,1009.1,30.8,26.4,28.9,78,86,72,SW,6,SSW,13,0.0,,6
8/18/2006,1009.6,31.4,26.4,29.4,76,84,71,SE,7,SE,15,0.7,,7
8/19/2006,1010.7,32.1,24.0,29.3,78,87,71,E,5,NNE,16,0.05,,7
8/20/2006,1011.0,31.6,23.3,29.1,76,92,69,E,3,N,16,9.0,,7
8/21/2006,1010.9,30.5,23.5,27.9,80,96,69,SE,3,SE,7,0.0,,6
8/22/2006,1010.3,31.4,25.0,28.1,83,96,68,S,4,SE,11,15.0,,5
8/23/2006,1011.5,27.6,21.4,26.0,90,96,82,NNW,10,NW,30,21.4,,8
8/24/2006,1011.6,26.8,22.4,25.7,93,97,84,WNW,6,W,18,43.6,,8
8/25/2006,1012.8,30.4,23.5,27.7,79,92,71,NNW,3,NW,9,0.0,,6
8/26/2006,1011.9,31.0,23.0,28.4,80,92,69,SE,3,SE,16,2.4,,4
8/27/2006,1011.3,30.6,24.3,27.7,84,98,75,WSW,4,SSW,17,3.9,,7
8/28/2006,1010.8,29.4,24.1,27.4,84,90,79,WSW,8,SW,22,2.1,,7
8/29/2006,1011.0,30.1,21.8,27.9,82,97,70,SSW,3,SW,9,0.0,,7
8/30/2006,1011.4,31.2,22.4,27.9,78,98,66,VRB,2,SE,6,0.0,,4
8/31/2006,1010.6,30.6,25.2,28.2,79,98,70,WSW,4,SW,11,0.7,,4
9/1/2006,1010.6,30.8,26.1,28.9,78,86,73,W,7,WSW,15,0.0,,7
9/2/2006,1010.8,30.9,26.1,28.7,81,86,76,W,5,W,11,0.05,,7
9/3/2006,1010.6,31.4,26.6,29.5,77,83,73,WNW,9,WNW,16,0.1,,5
9/4/2006,1010.5,30.6,22.6,28.5,80,89,72,WNW,12,NW,32,6.0,,6
9/5/2006,1009.3,30.8,22.0,26.8,84,96,70,WNW,14,W,42,19.0,,7
9/6/2006,1009.2,30.0,23.6,27.6,81,93,77,WNW,10,NW,32,5.7,,7
9/7/2006,1009.3,30.4,23.4,27.3,85,93,73,WNW,11,WNW,29,18.7,,7
9/8/2006,1010.0,29.2,22.2,27.5,82,92,74,W,12,W,36,27.7,,7
9/9/2006,1011.5,28.6,21.8,25.9,88,98,79,W,9,WNW,34,21.0,,8
9/10/2006,1011.2,30.0,22.5,28.1,80,87,74,WSW,10,SW,45,2.2,,7
9/11/2006,1011.1,28.8,25.0,27.5,83,89,77,SW,7,SW,24,0.05,,7
9/12/2006,1011.5,30.5,24.9,28.9,78,84,72,W,7,SSW,16,0.05,,6
9/13/2006,1012.5,30.9,22.2,28.8,78,89,69,VRB,2,W,7,0.0,,5
9/14/2006,1012.3,30.8,23.4,28.1,79,96,70,ESE,3,SE,10,0.0,,7
9/15/2006,1011.6,30.6,26.2,28.8,75,84,69,SE,6,SSE,13,0.0,,6
9/16/2006,1012.0,31.0,26.0,29.6,79,84,74,SE,7,SSE,17,0.0,,7
9/17/2006,1011.2,30.8,26.3,29.2,77,83,73,SE,4,ESE,10,0.0,,4
9/18/2006,1010.8,30.9,25.6,29.2,78,84,73,ESE,4,E,11,0.0,,3
9/19/2006,1010.7,30.8,26.2,29.0,79,89,74,SE,4,ESE,10,0.0,,3
9/20/2006,1011.2,31.0,26.5,29.5,79,85,73,SE,6,SE,14,0.0,,5
9/21/2006,1010.7,31.2,26.3,29.6,78,85,73,SE,5,SE,12,0.0,,3
9/22/2006,1010.4,31.1,26.2,29.3,78,84,73,ESE,4,ESE,11,0.0,,2
9/23/2006,1011.1,31.2,26.3,29.4,77,84,71,ESE,4,ESE,11,0.0,,3
9/24/2006,1012.4,31.2,26.3,29.7,79,85,74,SSE,7,SSE,15,0.0,,4
9/25/2006,1012.5,31.5,24.0,29.3,79,86,73,SSE,5,SSE,13,0.6,,4
9/26/2006,1012.2,30.2,25.2,28.0,83,93,75,SW,5,SSW,16,0.1,,6
9/27/2006,1011.1,31.0,24.2,28.7,80,89,73,W,7,W,23,2.8,,5
9/28/2006,1011.2,31.0,24.2,29.1,80,86,72,WSW,6,WSW,17,8.9,,6
9/29/2006,1012.2,28.8,22.9,26.4,91,98,84,W,4,W,30,1.1,,7
9/30/2006,1012.3,30.9,24.7,28.8,81,90,76,WSW,5,WSW,12,0.0,,5
10/1/2006,1012.2,31.0,23.7,29.1,77,86,69,W,5,W,12,7.9,,5
10/2/2006,1011.0,30.5,24.2,28.8,81,90,74,WNW,7,NW,16,2.0,,5
10/3/2006,1011.7,29.8,25.0,27.9,85,92,78,W,5,W,13,1.9,,7
10/4/2006,1012.9,29.9,23.9,27.8,84,89,77,WSW,6,W,19,0.05,,7
10/5/2006,1013.0,30.6,24.6,28.8,80,96,72,SSE,5,SSE,10,0.0,,4
10/6/2006,1013.1,30.6,24.1,28.8,80,90,74,S,5,S,11,0.0,,3
10/7/2006,1012.4,31.4,22.5,29.0,77,96,70,SE,4,SW,15,9.0,,3
10/8/2006,1012.6,31.0,23.0,28.6,79,97,68,VRB,2,SE,8,0.0,,5
10/9/2006,1013.2,31.5,23.2,28.6,78,96,66,VRB,1,SW,8,0.0,,4
10/10/2006,1013.7,31.2,23.4,29.1,76,96,68,SE,3,SE,8,0.0,,3
10/11/2006,1013.6,31.6,23.3,28.9,78,90,71,E,3,SE,12,0.0,,4
10/12/2006,1013.4,31.8,22.4,28.3,80,94,68,VRB,2,NW,17,16.2,,5
10/13/2006,1013.8,31.6,24.3,28.6,78,97,69,VRB,1,SE,7,0.05,,4
10/14/2006,1012.3,31.0,23.8,29.3,77,87,71,SSE,5,SSE,13,13.6,,4
10/15/2006,1010.8,30.4,23.9,28.2,85,98,78,W,3,W,12,15.3,,6
10/16/2006,1011.2,30.0,23.5,27.4,86,98,72,W,3,W,11,2.9,,7
10/17/2006,1011.3,30.6,23.4,28.0,84,95,74,SSE,4,SE,17,59.4,,5
10/18/2006,1012.0,29.6,24.2,26.8,87,96,75,VRB,2,SSE,16,1.7,,7
10/19/2006,1010.8,30.9,24.9,29.0,79,92,72,SW,3,SSE,12,1.2,,6
10/20/2006,1010.7,31.4,27.0,27.5,80,88,73,ESE,5,ESE,18,0.1,,6
10/21/2006,1011.3,31.2,25.9,29.6,75,80,68,ESE,7,ESE,18,0.0,,3
10/22/2006,1011.4,31.2,22.9,29.2,73,84,66,ESE,3,SSE,8,0.0,,3
10/23/2006,1011.0,31.6,23.5,28.9,76,97,67,ESE,3,ESE,8,0.0,,6
10/24/2006,1011.2,32.6,24.6,28.9,77,94,65,VRB,2,NNE,8,0.0,,7
10/25/2006,1011.4,31.3,26.4,29.0,78,93,70,SW,4,SW,12,0.0,,6
10/26/2006,1011.5,31.4,23.6,29.2,78,86,71,SW,6,WNW,21,15.7,,6
10/27/2006,1012.1,29.2,24.0,27.1,87,98,80,SSW,7,SSW,16,1.1,,7
10/28/2006,1009.9,30.8,24.5,28.9,79,92,75,SSE,7,SE,16,0.2,,7
10/29/2006,1010.0,32.0,24.4,29.0,79,93,70,NNW,4,NW,13,5.2,,6
10/30/2006,1010.6,31.6,24.9,29.4,77,92,69,VRB,2,E,13,0.05,,4
10/31/2006,1011.0,29.0,22.4,25.9,93,98,84,S,3,S,16,42.8,,7
11/1/2006,1009.6,30.6,25.2,28.4,80,95,72,VRB,2,S,8,0.0,,3
11/2/2006,1008.7,32.2,23.4,29.2,79,86,70,VRB,2,WSW,13,29.6,,5
11/3/2006,1009.5,30.6,23.4,26.9,87,93,78,SW,5,NW,16,9.3,,7
11/4/2006,1010.0,30.4,23.3,27.3,85,95,74,N,5,N,22,2.9,,7
11/5/2006,1010.5,31.3,24.6,29.2,77,90,72,SSE,5,S,14,3.6,,4
11/6/2006,1011.1,31.0,25.4,28.9,78,92,69,SE,6,SE,14,0.3,,6
11/7/2006,1010.4,32.0,24.1,28.5,80,95,71,SE,4,SSE,16,6.7,,7
11/8/2006,1010.9,31.6,22.3,28.5,82,95,70,VRB,2,WNW,14,113.3,,6
11/9/2006,1012.5,28.5,22.3,25.7,90,100,80,N,5,NNW,18,26.4,,8
11/10/2006,1011.8,30.6,22.6,27.9,82,100,71,SSW,4,WNW,21,40.7,,6
11/11/2006,1011.4,31.2,23.0,28.6,78,87,70,SW,5,WNW,17,23.2,,5
11/12/2006,1011.3,29.5,24.4,26.5,88,97,75,NW,4,W,19,14.9,,7
11/13/2006,1010.2,30.0,23.2,27.7,83,93,71,SSW,4,SSW,16,8.5,,6
11/14/2006,1009.4,30.2,24.4,27.7,84,97,75,SSW,3,W,14,1.0,,6
11/15/2006,1010.0,29.8,24.8,27.2,86,91,76,W,7,W,18,4.9,,7
11/16/2006,1009.2,30.4,23.0,27.2,85,98,74,SW,8,SW,23,58.4,,7
11/17/2006,1009.1,29.3,22.6,26.4,85,97,76,WSW,9,S,22,40.3,,7
11/18/2006,1010.1,29.1,22.6,26.6,85,96,76,WSW,6,WNW,19,5.1,,7
11/19/2006,1009.7,30.4,24.6,28.3,79,93,71,W,4,SE,15,0.05,,7
11/20/2006,1011.1,29.5,22.9,26.0,88,95,76,SSW,6,W,19,12.4,,7
11/21/2006,1009.7,30.0,23.6,27.8,83,98,76,VRB,2,WNW,13,0.3,,7
11/22/2006,1009.8,29.7,23.6,27.2,82,95,73,W,4,SSE,17,0.7,,7
11/23/2006,1009.4,30.4,23.6,28.1,82,90,77,SE,3,ESE,15,8.2,,7
11/24/2006,1009.8,30.8,24.0,28.0,82,94,73,E,3,ESE,14,14.8,,7
11/25/2006,1009.4,30.7,23.6,28.3,82,94,74,ENE,4,ENE,15,42.1,,7
11/26/2006,1009.9,28.5,22.6,25.5,91,100,82,W,7,W,17,57.7,,7
11/27/2006,1009.9,28.2,22.2,25.3,91,100,81,NW,9,NW,24,97.3,,8
11/28/2006,1009.4,30.0,24.5,27.7,84,93,76,NW,4,NW,18,0.05,,7
11/29/2006,1010.5,28.6,24.6,26.5,88,95,83,WNW,6,WNW,18,2.3,,7
11/30/2006,1011.0,30.7,24.8,28.4,80,86,75,SSE,5,SSE,14,0.0,,7
12/1/2006,1010.7,31.4,23.5,29.0,78,91,69,E,3,ESE,12,1.7,,7
12/2/2006,1010.3,30.6,24.6,27.9,81,92,69,NNE,3,NNE,9,0.0,,7
12/3/2006,1010.7,30.7,24.0,28.7,79,84,73,NNE,4,N,13,0.05,,7
12/4/2006,1011.6,29.8,23.2,26.9,86,93,78,W,4,E,16,0.8,,7
12/5/2006,1012.1,30.0,23.2,27.6,83,95,72,NNW,3,S,16,4.2,,7
12/6/2006,1010.4,30.0,23.4,26.8,88,96,77,SSW,5,W,17,31.9,,7
12/7/2006,1010.1,30.1,24.9,28.2,80,92,73,SE,5,SSE,14,0.05,,6
12/8/2006,1010.2,31.8,24.2,29.3,74,88,64,VRB,1,N,8,3.0,,3
12/9/2006,1011.2,31.6,23.9,28.4,83,96,70,VRB,2,ENE,11,13.6,,6
12/10/2006,1011.1,31.4,23.3,28.7,81,93,71,ENE,3,ENE,15,17.3,,6
12/11/2006,1011.3,30.4,21.9,25.5,91,100,81,N,5,N,25,69.0,,7
12/12/2006,1010.6,31.5,25.0,28.5,81,98,72,VRB,2,WSW,15,7.3,,5
12/13/2006,1010.6,31.6,24.4,28.3,84,98,76,N,3,N,17,13.0,,4
12/14/2006,1010.5,30.6,23.1,28.3,83,93,76,ENE,4,NE,18,50.7,,7
12/15/2006,1010.2,28.6,23.5,26.4,89,98,82,NNE,6,N,19,3.3,,8
12/16/2006,1010.0,28.6,23.0,26.9,86,96,78,NNW,4,NNE,25,59.6,,7
12/17/2006,1009.7,29.8,23.3,27.0,88,99,76,S,3,S,19,27.0,,7
12/18/2006,1010.0,28.6,23.4,26.6,90,98,84,S,5,SSE,27,19.8,,7
12/19/2006,1010.8,31.0,24.2,28.5,82,87,73,SW,5,SW,15,1.2,,7
12/20/2006,1010.5,29.9,26.0,28.0,81,93,73,N,3,N,14,0.0,,7
12/21/2006,1009.1,30.4,24.5,28.7,80,89,74,N,4,N,16,1.2,,7
12/22/2006,1008.5,30.4,24.0,28.3,82,90,74,E,3,NNE,16,8.9,,7
12/23/2006,1009.2,30.8,22.7,27.3,86,100,73,NE,5,WSW,21,76.1,,7
12/24/2006,1008.9,28.6,25.2,27.3,85,93,76,NW,9,NNW,21,0.05,,7
12/25/2006,1009.1,29.2,26.1,28.2,82,87,78,NNE,8,NE,23,0.05,,7
12/26/2006,1009.8,31.1,25.4,28.8,82,87,78,NNE,4,ENE,15,0.0,,7
12/27/2006,1010.1,32.4,26.0,29.3,81,92,67,E,6,ENE,17,0.05,,7
12/28/2006,1010.7,31.6,24.5,28.9,79,87,71,ESE,4,S,15,4.8,,5
12/29/2006,1011.9,29.6,24.0,27.3,87,97,77,N,3,SW,16,9.1,,7
12/30/2006,1012.8,30.4,25.4,27.7,80,92,68,N,4,N,14,0.1,,7
12/31/2006,1012.5,30.5,25.6,29.0,77,83,73,NNE,6,NNE,14,0.0,,4
1/1/2007,1012.9,31.0,26.0,26.0,74,78,71,NE,5,NE,15,0.0,,4
1/2/2007,1013.2,30.8,25.6,25.6,72,80,65,NNE,5,NNE,15,0.0,,6
1/3/2007,1012.9,30.8,26.0,26.0,72,78,68,NNE,5,NNE,15,0.0,,3
1/4/2007,1012.5,30.6,25.9,25.9,72,77,65,NNE,6,NNE,22,0.0,,7
1/5/2007,1011.4,30.4,25.6,25.6,74,78,70,NNE,7,NNE,18,0.0,,5
1/6/2007,1011.0,30.4,25.7,25.7,74,84,70,NNE,6,NNE,16,0.0,,3
1/7/2007,1010.0,30.5,26.0,26.0,79,83,74,NNE,6,NNE,23,0.0,,4
1/8/2007,1009.9,30.6,26.0,26.0,75,83,69,NNE,7,NNE,19,0.0,,7
1/9/2007,1010.6,30.8,26.2,26.2,78,84,72,NNE,5,NE,16,0.0,,3
1/10/2007,1011.3,31.6,23.2,23.2,80,88,72,NNE,3,NNE,16,48.7,,6
1/11/2007,1010.9,30.2,24.6,24.6,84,92,79,N,6,NNE,15,0.0,,7
1/12/2007,1010.0,31.1,24.6,24.6,82,95,74,NE,5,ENE,18,0.5,,5
1/13/2007,1010.5,31.6,26.2,26.2,81,93,72,ENE,5,ENE,16,0.0,,5
1/14/2007,1011.0,31.4,23.4,23.4,87,100,76,ENE,5,NE,17,60.6,,6
1/15/2007,1010.6,29.0,23.6,23.6,89,98,79,E,3,E,16,25.8,,7
1/16/2007,1011.3,29.2,23.3,23.3,85,93,79,VRB,2,SE,15,25.8,,7
1/17/2007,1012.1,29.1,24.0,24.0,85,96,78,SE,4,ENE,14,15.2,,7
1/18/2007,1012.1,30.4,22.4,22.4,85,100,74,NE,4,E,18,162.1,,7
1/19/2007,1011.9,28.8,22.6,22.6,87,100,77,NNW,7,N,19,1.2,,7
1/20/2007,1011.4,31.4,22.6,22.6,79,90,70,NE,3,ENE,10,0.0,,5
1/21/2007,1011.9,31.5,26.0,26.0,82,87,72,NE,5,NE,16,0.0,,6
1/22/2007,1012.2,31.4,25.2,25.2,80,88,72,NE,4,NNE,18,0.0,,7
1/23/2007,1012.6,30.4,25.8,25.8,76,83,71,NNE,7,NNE,22,0.0,,5
1/24/2007,1012.1,30.6,25.2,25.2,74,85,67,NNE,6,NNE,16,0.0,,6
1/25/2007,1011.5,31.0,26.0,26.0,73,80,64,NE,5,NE,16,0.0,,3
1/26/2007,1011.0,31.2,25.0,25.0,77,81,69,NE,5,NE,20,0.3,,7
1/27/2007,1011.3,30.0,26.2,26.2,80,86,76,NNE,6,NNE,19,0.0,,7
1/28/2007,1011.2,31.0,25.7,25.7,79,84,73,NNE,5,NNE,15,0.0,,5
1/29/2007,1010.5,31.5,26.4,26.4,76,86,69,E,5,E,17,0.0,,3
1/30/2007,1011.2,32.2,26.3,26.3,77,85,70,E,5,E,16,0.0,,3
1/31/2007,1012.5,31.4,26.4,26.4,77,86,70,ENE,5,NE,14,0.0,,3
2/1/2007,1012.0,31.0,26.4,29.1,81,87,71,NE,5,NNE,17,0.5,,5
2/2/2007,1011.7,31.7,26.2,29.4,77,86,71,NE,6,ENE,18,0.0,,5
2/3/2007,1012.9,31.6,26.4,29.2,77,83,71,NE,4,NE,17,0.0,,4
2/4/2007,1011.9,31.6,25.8,29.4,78,85,70,NE,6,NE,15,0.0,,5
2/5/2007,1010.9,31.6,26.4,29.4,77,84,68,NNE,4,NNE,15,0.0,,4
2/6/2007,1011.4,31.5,26.2,29.3,76,83,66,NNE,5,NE,17,0.0,,4
2/7/2007,1011.4,31.4,25.7,29.0,75,87,67,NNE,5,N,14,0.05,,5
2/8/2007,1011.4,30.8,25.8,29.0,72,78,69,NE,6,NE,18,0.0,,4
2/9/2007,1010.3,30.7,26.0,29.4,74,81,68,NE,6,NE,19,0.0,,3
2/10/2007,1010.1,31.4,26.0,29.2,75,86,67,NE,5,NNE,15,0.0,,3
2/11/2007,1011.4,31.5,26.1,29.3,73,81,67,ENE,6,ENE,19,0.0,,2
2/12/2007,1011.9,32.5,25.6,29.7,74,83,71,E,4,E,15,0.05,,3
2/13/2007,1010.2,31.8,26.2,29.6,77,84,66,NE,6,ENE,15,0.0,,4
2/14/2007,1011.7,31.8,26.2,29.6,74,83,70,ENE,4,NE,14,0.2,,3
2/15/2007,1012.5,31.7,22.4,29.2,78,85,69,NE,3,NE,12,0.0,,3
2/16/2007,1011.6,30.5,24.8,27.9,78,97,70,N,4,N,12,0.0,,4
2/17/2007,1010.8,30.4,24.9,28.2,76,82,63,NNW,6,NNW,14,0.0,,5
2/18/2007,1010.3,30.1,22.5,28.0,70,77,60,N,4,N,13,0.0,,6
2/19/2007,1010.8,31.2,25.1,28.3,68,81,61,NNE,3,NNE,13,0.0,,5
2/20/2007,1010.4,31.9,26.5,29.1,69,77,66,ENE,4,NE,12,0.0,,5
2/21/2007,1010.7,32.2,26.4,29.5,75,87,64,NE,6,NNE,22,0.0,,7
2/22/2007,1008.7,31.4,25.9,29.3,71,78,69,NNE,5,NNE,17,0.0,,5
2/23/2007,1008.1,30.8,25.5,28.7,74,82,66,NNE,5,NNE,14,0.0,,6
2/24/2007,1009.3,32.0,23.6,29.3,75,86,71,NE,3,NE,11,0.0,,5
2/25/2007,1009.2,31.3,26.0,28.8,78,95,64,NNE,3,NNE,9,0.0,,5
2/26/2007,1009.0,32.3,26.2,29.6,74,83,66,NE,4,NE,13,0.0,,5
2/27/2007,1008.8,32.5,25.8,29.7,74,82,67,ENE,3,E,15,0.0,,3
2/28/2007,1009.2,32.2,25.6,29.8,75,86,74,ENE,4,ENE,14,0.0,,3
3/1/2007,1010.2,31.6,24.5,29.1,80,89,74,WSW,3,WSW,10,0.0,,3
3/2/2007,1011.0,30.8,25.4,28.6,79,90,71,NNW,5,NNW,13,0.0,,3
3/3/2007,1010.0,30.8,23.1,28.8,77,85,59,N,6,NNW,15,0.0,,2
3/4/2007,1010.7,30.4,21.0,27.9,71,91,60,NNW,4,NNW,11,0.0,,2
3/5/2007,1011.1,29.8,23.7,27.5,69,92,60,N,4,NNW,13,0.0,,4
3/6/2007,1010.0,32.0,20.6,29.1,69,82,60,NE,3,NE,11,0.0,,4
3/7/2007,1008.7,31.3,23.5,27.7,73,94,59,VRB,2,NNE,8,0.0,,7
3/8/2007,1008.5,31.7,26.0,29.3,67,75,61,NE,4,ENE,11,0.0,,4
3/9/2007,1009.0,32.2,25.8,29.8,67,74,62,ENE,4,E,14,0.0,,4
3/10/2007,1010.4,32.0,25.3,29.7,68,78,63,ENE,3,ENE,9,0.0,,5
3/11/2007,1010.1,32.4,23.4,29.7,71,84,64,E,3,ENE,10,0.0,,2
3/12/2007,1010.9,32.4,25.6,29.4,73,93,64,VRB,2,NE,10,0.0,,3
3/13/2007,1010.3,32.3,25.8,29.8,72,84,64,NE,4,NE,11,0.0,,3
3/14/2007,1009.7,32.3,23.2,29.9,71,80,65,VRB,2,E,8,0.0,,3
3/15/2007,1009.0,31.9,23.8,29.3,74,89,72,VRB,2,NE,9,0.0,,2
3/16/2007,1009.8,31.6,23.4,28.5,81,93,70,N,4,N,15,0.0,,5
3/17/2007,1009.9,32.0,25.1,29.2,79,97,71,NNE,4,NE,11,0.0,,2
3/18/2007,1008.9,32.2,25.0,29.8,78,92,71,NE,3,NE,10,0.05,,6
3/19/2007,1009.8,31.2,24.9,28.5,81,86,75,ENE,5,NNE,24,0.0,,7
3/20/2007,1011.7,31.0,24.0,28.5,84,94,65,SE,3,SE,14,6.7,,7
3/21/2007,1012.1,32.3,24.3,29.5,75,90,73,VRB,2,ENE,7,0.0,,5
3/22/2007,1011.9,31.5,25.3,28.9,82,96,70,NNW,4,NW,11,0.5,,4
3/23/2007,1012.8,30.8,23.7,29.1,77,84,70,NNW,4,W,11,0.0,,4
3/24/2007,1013.1,31.0,25.2,29.0,77,92,70,WNW,5,WNW,11,0.0,,3
3/25/2007,1010.6,31.5,24.3,29.4,77,86,71,W,6,W,15,2.6,,2
3/26/2007,1010.0,31.6,26.6,29.2,79,94,68,W,7,W,17,0.4,,4
3/27/2007,1010.5,31.6,26.8,29.9,73,80,71,WNW,8,WNW,17,0.0,,3
3/28/2007,1011.3,31.5,26.2,29.7,75,79,68,WNW,8,NW,17,0.0,,4
3/29/2007,1010.4,31.4,23.2,29.6,74,83,65,NW,6,NW,13,0.0,,2
3/30/2007,1010.0,31.1,22.6,28.9,74,93,63,NNW,4,NW,13,0.0,,2
3/31/2007,1011.0,31.2,23.6,29.0,74,95,66,WNW,4,NW,11,0.0,,2
4/1/2007,1011.7,32.0,25.0,29.2,74,92,66,VRB,2,W,10,0.0,,6
4/2/2007,1010.1,32.0,26.0,29.6,73,87,71,W,5,W,14,0.0,,2
4/3/2007,1008.7,31.6,26.2,29.6,77,83,70,WNW,8,W,18,0.5,,4
4/4/2007,1008.5,32.1,25.9,30.1,74,83,71,WNW,9,NW,19,1.4,,4
4/5/2007,1009.5,32.1,24.3,29.2,77,86,81,W,11,NW,28,6.3,,6
4/6/2007,1010.6,29.4,23.5,26.9,87,93,76,NW,12,NW,33,5.4,,7
4/7/2007,1009.9,31.3,23.2,27.7,85,100,71,WSW,9,NW,27,39.6,,7
4/8/2007,1009.7,31.7,26.6,29.8,78,87,71,WNW,9,NW,18,0.2,,5
4/9/2007,1010.0,31.7,25.2,29.8,78,85,72,WNW,7,WNW,14,0.0,,4
4/10/2007,1010.7,31.8,26.7,29.8,79,92,67,W,5,W,11,0.0,,3
4/11/2007,1010.1,31.9,27.2,30.0,74,82,68,W,7,W,16,0.0,,3
4/12/2007,1008.8,31.8,24.0,30.3,73,80,72,W,8,W,20,23.9,,5
4/13/2007,1009.0,31.8,26.8,30.1,78,86,73,WSW,9,W,18,0.05,,4
4/14/2007,1009.0,32.0,27.3,30.0,78,85,69,W,9,W,20,0.05,,7
4/15/2007,1009.5,31.9,26.8,29.9,72,77,71,W,9,W,19,0.0,,5
4/16/2007,1009.4,31.8,27.1,30.1,75,80,67,W,7,W,16,0.0,,4
4/17/2007,1010.0,31.8,24.8,30.0,73,80,65,W,8,W,14,0.0,,5
4/18/2007,1010.4,31.2,22.1,29.1,71,84,68,WNW,5,WNW,14,0.0,,2
4/19/2007,1010.4,31.1,23.0,28.4,77,95,61,W,3,W,11,0.0,,2
4/20/2007,1010.7,31.8,22.6,29.2,71,95,63,VRB,2,E,6,0.0,,1
4/21/2007,1010.8,32.6,24.5,29.6,73,95,63,VRB,1,NE,14,4.3,,6
4/22/2007,1011.2,32.6,23.5,29.8,75,95,64,VRB,2,ENE,7,0.0,,3
4/23/2007,1010.3,32.4,23.7,29.7,73,94,61,VRB,2,WSW,9,0.0,,3
4/24/2007,1008.9,32.0,24.0,29.4,77,94,71,VRB,2,SE,9,0.5,,4
4/25/2007,1008.2,31.6,26.2,29.5,77,93,70,S,4,SSE,11,0.5,,4
4/26/2007,1009.3,32.0,25.5,29.4,78,90,75,SSE,5,WSW,17,3.6,,4
4/27/2007,1010.2,31.5,23.5,28.6,82,97,74,W,5,W,22,56.3,,7
4/28/2007,1010.0,30.1,24.8,27.9,86,99,72,WSW,7,WSW,19,0.1,,7
4/29/2007,1009.8,30.6,26.2,29.2,78,82,72,W,7,W,19,0.0,,6
4/30/2007,1009.9,31.8,25.2,29.1,79,90,74,WSW,7,SW,30,5.2,,7
5/1/2007,1010.7,31.2,27.3,29.8,78,83,72,WSW,8,SW,19,0.0,,6
5/2/2007,1010.0,31.6,25.6,30.0,77,83,71,WSW,10,WSW,22,0.6,,5
5/3/2007,1009.0,31.6,26.6,29.9,77,89,71,WSW,12,WSW,28,1.0,,4
5/4/2007,1008.2,32.0,26.9,30.4,75,78,74,WSW,10,WSW,21,0.0,,4
5/5/2007,1008.8,31.7,25.6,29.6,80,85,71,SW,7,WSW,22,4.1,,6
5/6/2007,1009.0,31.2,25.0,28.5,84,94,73,WSW,8,W,27,6.2,,7
5/7/2007,1008.8,31.8,24.4,29.7,79,87,70,SW,8,SW,23,10.1,,4
5/8/2007,1009.6,32.0,25.9,29.7,77,83,70,SW,8,SW,22,0.5,,3
5/9/2007,1010.6,31.8,26.0,30.2,76,82,72,WSW,8,WSW,19,1.4,,5
5/10/2007,1010.8,31.8,25.1,29.9,79,87,72,W,9,W,20,0.1,,6
5/11/2007,1011.2,31.2,24.3,28.2,84,90,71,WSW,11,WSW,30,2.6,,7
5/12/2007,1010.6,31.7,26.3,29.7,76,83,67,SSW,6,WSW,14,0.0,,3
5/13/2007,1010.2,32.0,26.4,29.9,76,86,69,SSW,4,S,13,0.05,,3
5/14/2007,1010.1,32.0,25.2,30.2,75,85,68,S,5,S,13,0.0,,3
5/15/2007,1009.4,32.2,24.8,29.9,76,87,67,SSE,4,SE,10,0.0,,4
5/16/2007,1010.3,32.4,25.9,29.8,76,90,66,VRB,2,SSE,8,0.0,,7
5/17/2007,1010.7,32.2,26.4,30.2,71,81,68,S,4,SSW,11,0.0,,6
5/18/2007,1010.1,32.4,25.2,30.1,74,82,68,SSW,4,SW,11,0.6,,6
5/19/2007,1010.5,32.0,22.7,30.1,75,87,79,SW,4,SE,18,51.0,,6
5/20/2007,1010.4,31.1,23.4,27.0,89,100,66,WSW,3,WSW,16,0.4,,7
5/21/2007,1009.5,31.7,26.2,29.2,77,99,66,VRB,2,ESE,7,0.0,,3
5/22/2007,1008.7,32.0,26.9,29.9,72,80,71,ESE,3,ESE,10,0.0,,3
5/23/2007,1009.4,32.2,26.2,30.4,75,82,74,ESE,4,SSE,13,0.3,,5
5/24/2007,1009.2,31.8,24.4,28.9,82,93,74,ESE,4,SSE,17,3.0,,6
5/25/2007,1009.7,31.4,25.0,28.1,85,97,77,SSE,5,SE,20,10.4,,7
5/26/2007,1011.0,31.0,23.0,27.9,87,95,77,SW,8,WSW,29,71.7,,7
5/27/2007,1012.4,28.4,23.2,26.5,86,97,70,SSW,12,S,33,24.5,,8
5/28/2007,1011.1,31.0,24.9,29.1,79,90,73,SSE,8,SE,16,0.4,,7
5/29/2007,1010.4,31.6,23.9,28.4,82,94,70,S,5,S,29,0.3,,7
5/30/2007,1009.9,31.2,24.6,29.5,75,84,72,SE,3,SE,11,0.0,,5
5/31/2007,1009.4,31.4,27.0,29.5,78,89,69,SE,4,SE,10,0.0,,4
6/1/2007,1008.2,32.6,26.8,30.1,77,85,66,ENE,3,ENE,14,0.0,,5
6/2/2007,1008.4,32.8,24.4,30.5,74,85,67,ENE,3,NE,9,0.0,,5
6/3/2007,1008.8,32.4,24.0,29.8,76,93,68,VRB,2,NW,21,10.6,,3
6/4/2007,1008.8,32.4,27.5,29.8,77,96,71,VRB,2,ESE,8,0.0,,4
6/5/2007,1008.4,31.8,27.0,30.2,76,80,67,ESE,4,ESE,11,0.0,,3
6/6/2007,1008.8,31.8,24.5,30.0,76,88,74,SE,3,SE,9,0.0,,2
6/7/2007,1009.4,30.8,24.0,28.5,83,93,68,S,7,S,22,11.5,,7
6/8/2007,1009.4,31.3,25.8,28.9,79,95,71,S,6,S,15,0.5,,6
6/9/2007,1009.8,31.4,27.0,29.5,78,85,75,S,7,S,14,0.0,,6
6/10/2007,1008.7,31.6,24.0,28.7,81,97,73,SSW,5,SW,26,31.0,,7
6/11/2007,1008.7,30.5,22.5,27.6,83,98,72,SSW,9,NW,36,10.1,,7
6/12/2007,1007.2,31.0,23.6,29.2,77,82,79,WSW,8,NW,29,48.0,,7
6/13/2007,1007.4,30.3,21.6,26.8,86,100,76,WSW,10,WNW,44,59.8,,7
6/14/2007,1006.6,31.2,25.8,29.5,79,82,72,W,8,WSW,17,0.4,,7
6/15/2007,1006.2,30.8,24.1,29.1,78,84,72,WSW,6,W,12,0.0,,7
6/16/2007,1006.5,31.3,24.4,29.0,79,94,72,VRB,2,SW,10,0.0,,7
6/17/2007,1006.6,31.0,26.7,28.8,80,95,73,SE,4,S,13,0.0,,7
6/18/2007,1007.0,31.3,27.0,29.5,79,84,71,E,3,ESE,11,0.0,,7
6/19/2007,1007.0,32.0,27.2,29.9,79,89,71,E,4,ESE,13,0.05,,7
6/20/2007,1006.7,29.9,21.9,27.7,83,98,71,SE,9,SSE,32,43.2,,8
6/21/2007,1006.1,29.4,21.0,27.4,80,100,68,S,8,W,46,24.7,,7
6/22/2007,1005.0,30.7,25.4,29.0,74,82,69,SSE,8,S,17,0.05,,7
6/23/2007,1007.0,31.5,24.8,29.4,76,84,71,SSE,7,SSE,13,0.0,,6
6/24/2007,1009.5,30.9,23.3,28.9,78,90,71,SSE,3,SSE,9,0.0,,5
6/25/2007,1010.1,31.5,26.5,29.4,78,96,70,NNE,3,NNE,9,0.0,,3
6/26/2007,1009.4,32.3,26.8,30.1,77,86,65,NE,3,NE,11,0.0,,5
6/27/2007,1010.1,32.4,24.6,30.3,73,85,68,ENE,3,NE,9,0.0,,6
6/28/2007,1010.5,31.7,26.7,29.5,74,90,72,ESE,3,ESE,8,0.0,,6
6/29/2007,1009.4,31.5,25.6,29.9,76,83,75,SE,5,SE,12,0.0,,6
6/30/2007,1009.1,31.2,27.3,29.6,79,83,75,SE,5,SE,15,0.0,,7
7/1/2007,1008.4,32.2,26.7,29.5,82,86,72,ESE,6,S,16,0.05,,7
7/2/2007,1008.6,31.7,22.6,29.8,79,95,68,E,5,SSW,29,17.2,,4
7/3/2007,1010.3,31.0,25.0,28.3,81,96,70,E,7,NW,25,0.6,,7
7/4/2007,1011.0,31.8,26.5,29.7,78,87,74,E,3,SE,11,0.0,,7
7/5/2007,1011.3,30.8,23.9,27.4,85,93,73,W,6,W,32,24.0,,7
7/6/2007,1011.3,30.5,25.7,28.6,77,83,73,SW,7,SW,16,0.05,,7
7/7/2007,1011.1,30.4,25.5,28.7,79,93,72,SSW,8,SSW,17,1.9,,6
7/8/2007,1010.9,31.2,23.6,29.1,78,86,68,S,3,S,8,0.0,,6
7/9/2007,1009.9,31.8,24.2,29.3,77,97,69,VRB,2,NE,12,1.0,,6
7/10/2007,1009.5,32.0,24.5,29.9,75,82,76,NE,3,NE,12,0.05,,4
7/11/2007,1010.7,30.4,22.0,27.1,84,95,73,NW,5,WNW,37,11.6,,7
7/12/2007,1010.8,30.8,24.7,28.5,81,92,71,SE,3,S,16,8.6,,5
7/13/2007,1010.3,30.9,23.5,27.6,82,95,77,S,6,WSW,23,0.4,,7
7/14/2007,1009.3,30.6,22.7,27.4,84,97,74,SSW,5,WNW,31,40.9,,6
7/15/2007,1009.4,30.0,23.0,28.1,80,90,71,WNW,10,WSW,34,0.9,,8
7/16/2007,1009.8,29.4,22.5,27.2,82,100,73,WSW,10,NW,34,17.3,,7
7/17/2007,1009.2,30.6,25.6,28.7,80,87,69,SW,5,SW,13,0.3,,7
7/18/2007,1009.3,31.0,22.4,28.1,80,100,74,SW,5,W,26,23.7,,7
7/19/2007,1010.3,29.7,26.2,28.0,80,90,69,SW,3,WSW,12,0.05,,7
7/20/2007,1009.9,30.9,25.2,29.2,75,82,70,WSW,5,WSW,11,5.1,,6
7/21/2007,1008.8,31.2,26.4,29.5,75,85,71,W,8,WNW,18,0.2,,6
7/22/2007,1007.7,31.4,26.0,29.7,75,80,72,WNW,10,WNW,19,1.9,,7
7/23/2007,1007.7,31.2,23.0,29.5,78,85,73,W,5,W,13,3.4,,6
7/24/2007,1008.8,30.3,22.9,26.2,85,95,70,W,6,W,35,5.6,,7
7/25/2007,1008.6,31.9,26.3,29.1,78,97,67,VRB,2,NE,8,0.0,,7
7/26/2007,1009.5,31.6,22.8,29.8,74,86,66,E,4,SW,12,0.0,,5
7/27/2007,1009.8,31.9,22.6,28.8,77,93,68,VRB,2,E,8,0.0,,6
7/28/2007,1009.5,30.9,22.6,28.6,77,97,65,WSW,3,SSW,10,0.0,,4
7/29/2007,1010.1,31.0,21.1,28.2,78,97,63,VRB,2,W,10,0.0,,5
7/30/2007,1010.3,31.6,21.8,28.3,74,95,67,VRB,1,NE,6,0.0,,4
7/31/2007,1009.9,31.2,24.0,28.6,76,94,68,SE,3,SE,12,0.0,,4
8/1/2007,1009.9,31.5,26.5,29.5,74,92,70,SSE,5,SSE,13,0.0,,3
8/2/2007,1010.4,31.4,26.9,29.6,75,83,69,ESE,4,ESE,14,0.0,,7
8/3/2007,1010.9,31.6,27.0,29.9,76,81,69,ESE,5,SE,14,0.0,,7
8/4/2007,1010.4,31.5,26.8,29.8,75,80,69,SE,7,SSE,21,0.0,,7
8/5/2007,1009.4,31.8,26.0,29.8,74,80,71,SSE,9,SSE,17,0.0,,4
8/6/2007,1009.6,31.2,23.3,29.5,77,87,69,SE,4,SE,13,0.0,,7
8/7/2007,1009.9,31.2,26.4,28.9,78,97,68,S,5,S,13,0.0,,6
8/8/2007,1009.9,31.7,26.5,29.3,75,80,69,S,8,S,17,0.0,,7
8/9/2007,1008.8,31.3,23.5,29.0,77,85,68,S,6,S,13,8.5,,7
8/10/2007,1009.4,31.5,23.6,28.4,78,87,66,NW,4,WSW,17,0.05,,7
8/11/2007,1010.2,32.0,25.0,29.2,76,93,75,VRB,2,SSE,13,0.05,,7
8/12/2007,1011.21,30.4,23.6,27.5,82,92,67,S,4,SSE,17,0.05,,7
8/13/2007,1011.1,31.8,25.8,28.8,78,92,65,E,3,SE,14,0.0,,7
8/14/2007,1010.6,31.5,26.4,29.6,72,79,67,ESE,3,SE,9,0.05,,6
8/15/2007,1010.3,31.5,23.8,29.8,73,81,71,SE,4,SE,10,0.0,,6
8/16/2007,1009.6,31.5,25.6,28.8,79,94,69,S,5,S,14,0.6,,5
8/17/2007,1010.2,31.0,26.2,29.0,77,84,61,S,7,S,13,0.0,,7
8/18/2007,1011.0,31.6,24.7,29.5,74,81,71,WSW,8,SW,24,1.6,,7
8/19/2007,1011.0,30.8,26.6,29.1,77,83,72,SW,6,W,12,0.0,,7
8/20/2007,1011.4,30.6,25.5,28.8,78,82,72,SW,5,SW,12,0.0,,7
8/21/2007,1010.8,31.2,24.0,28.2,81,92,66,SSW,6,SSW,19,6.0,,6
8/22/2007,1010.0,31.0,25.6,28.7,77,84,70,SSW,4,W,11,0.0,,7
8/23/2007,1009.5,31.5,24.1,29.3,76,84,72,SSW,5,SSE,12,5.3,,5
8/24/2007,1009.3,31.0,23.4,28.5,82,97,72,SSW,3,S,12,3.8,,6
8/25/2007,1009.7,31.2,25.5,28.4,82,98,69,SSW,3,SW,9,0.0,,7
8/26/2007,1009.1,31.2,22.8,29.1,78,93,67,WSW,5,W,27,27.3,,7
8/27/2007,1009.4,30.6,22.6,27.5,82,93,71,NW,7,W,32,1.5,,7
8/28/2007,1009.2,31.2,24.0,28.5,80,93,74,VRB,2,SW,16,1.8,,7
8/29/2007,1010.0,30.3,23.5,27.8,82,94,78,SSW,6,WSW,19,21.6,,7
8/30/2007,1010.6,30.0,22.5,26.6,87,97,68,SSW,6,S,21,19.2,,7
8/31/2007,1010.0,30.8,25.0,28.8,76,84,72,SW,4,WSW,12,0.0,,7
9/1/2007,1009.5,31.4,26.8,29.5,78,92,76,SSE,6,SSE,13,0.0,,6
9/2/2007,1008.8,31.2,27.3,29.4,80,86,70,SSE,7,SE,15,0.0,,7
9/3/2007,1008.7,31.0,27.4,29.6,80,83,74,ESE,7,ESE,19,0.0,,7
9/4/2007,1009.0,31.5,22.4,29.0,82,100,74,SE,8,WNW,33,94.5,,7
9/5/2007,1010.6,29.8,22.4,26.6,82,92,70,S,5,NW,20,0.3,,7
9/6/2007,1009.5,31.3,25.5,29.3,77,88,73,SSE,5,S,13,0.0,,4
9/7/2007,1008.6,31.2,25.8,29.4,77,86,73,ESE,3,ESE,9,0.0,,7
9/8/2007,1008.8,31.0,25.8,29.4,79,92,74,SE,3,SE,10,0.0,,7
9/9/2007,1009.0,31.0,24.8,28.8,83,94,74,VRB,2,ENE,7,0.0,,7
9/10/2007,1009.7,30.9,23.5,28.2,84,98,84,W,5,WNW,26,6.4,,7
9/11/2007,1010.1,26.9,22.0,25.2,92,100,81,W,8,WNW,33,79.5,,8
9/12/2007,1008.8,28.4,22.1,27.0,87,100,75,WSW,7,W,23,24.3,,7
9/13/2007,1009.3,30.4,22.8,28.6,82,92,74,SW,5,SW,11,0.0,,7
9/14/2007,1010.3,30.8,24.5,28.1,82,98,69,W,3,SSW,11,0.0,,7
9/15/2007,1010.2,31.4,26.4,29.4,77,87,70,W,5,W,11,0.0,,3
9/16/2007,1009.4,31.8,27.0,29.6,77,85,69,WSW,7,WSW,14,0.0,,4
9/17/2007,1010.4,31.4,24.8,29.1,78,87,70,SW,9,SSW,21,3.4,,7
9/18/2007,1010.1,31.1,26.5,29.3,74,79,70,S,10,S,20,0.0,,7
9/19/2007,1009.7,31.0,26.3,29.0,74,77,72,SSW,9,S,17,0.0,,7
9/20/2007,1010.2,31.2,26.7,29.5,77,83,73,SW,7,SSW,12,0.0,,6
9/21/2007,1011.1,31.2,26.0,29.4,77,83,74,SSW,8,SW,16,0.05,,6
9/22/2007,1009.8,30.6,26.1,28.9,79,85,73,S,10,S,20,0.0,,7
9/23/2007,1008.6,31.3,25.0,29.1,77,82,74,SSW,7,SSW,14,0.0,,6
9/24/2007,1008.1,30.6,23.8,28.7,80,95,71,VRB,2,W,9,3.9,,7
9/25/2007,1009.5,31.4,25.2,28.8,79,96,71,E,3,E,10,0.0,,4
9/26/2007,1010.3,32.0,26.5,29.3,78,85,69,E,3,NE,12,0.05,,6
9/27/2007,1010.7,31.0,23.5,28.3,80,95,75,W,5,WNW,32,15.8,,7
9/28/2007,1012.0,29.2,22.6,28.1,79,85,79,W,9,W,25,25.0,,7
9/29/2007,1012.8,29.8,21.9,27.0,87,95,78,W,5,NW,28,14.3,,8
9/30/2007,1013.6,28.8,24.0,26.4,85,93,71,SW,5,WNW,13,1.4,,7
10/1/2007,1011.7,30.8,26.2,28.6,78,90,69,SSE,7,S,16,0.0,,7
10/2/2007,1010.3,31.1,22.8,28.9,76,84,82,S,10,S,19,8.3,,6
10/3/2007,1011.1,28.7,22.4,25.3,91,98,74,WSW,9,W,34,138.1,,8
10/4/2007,1010.5,29.4,22.4,27.7,80,90,71,WSW,10,WSW,30,12.4,,7
10/5/2007,1010.4,30.3,22.4,27.5,81,100,73,SW,7,W,31,27.4,,7
10/6/2007,1009.9,30.4,23.6,27.6,85,98,72,VRB,2,SE,13,0.9,,7
10/7/2007,1009.9,30.8,23.3,28.6,80,97,68,S,3,S,13,0.0,,7
10/8/2007,1010.1,30.8,22.5,28.7,79,95,70,WNW,3,WNW,13,9.2,,7
10/9/2007,1009.2,30.8,23.6,28.7,77,88,70,NW,6,WNW,16,10.5,,4
10/10/2007,1009.1,31.0,22.6,28.5,80,97,71,NNW,3,NNE,8,0.0,,7
10/11/2007,1010.2,30.6,23.6,28.2,81,97,71,VRB,1,WSW,7,1.1,,4
10/12/2007,1011.5,31.0,25.6,29.1,76,89,66,S,4,S,11,0.0,,6
10/13/2007,1011.7,31.2,26.2,29.4,72,84,65,WSW,5,WSW,12,0.0,,6
10/14/2007,1011.0,31.2,26.8,29.5,71,78,71,WSW,6,WSW,14,0.05,,6
10/15/2007,1011.3,31.2,24.8,29.2,75,79,74,W,8,W,24,1.7,,7
10/16/2007,1011.6,29.8,22.3,27.2,83,99,80,W,10,WSW,32,44.9,,7
10/17/2007,1012.3,29.2,21.2,25.1,90,97,69,WNW,9,SW,33,33.8,,8
10/18/2007,1011.3,30.8,25.5,28.8,73,78,65,W,5,W,11,0.0,,7
10/19/2007,1013.1,30.4,21.6,26.3,84,97,71,SSW,4,WNW,27,13.6,,7
10/20/2007,1012.1,31.0,21.6,28.8,79,93,69,SSW,5,W,12,6.1,,6
10/21/2007,1011.0,31.0,24.9,28.1,79,88,72,W,5,W,16,0.0,,5
10/22/2007,1010.6,31.1,23.6,29.1,78,84,74,W,6,W,19,10.0,,6
10/23/2007,1009.9,30.5,24.6,27.9,83,96,75,W,11,W,35,8.4,,6
10/24/2007,1009.2,30.5,22.6,28.1,80,84,80,W,13,W,45,15.3,,7
10/25/2007,1010.0,29.5,22.6,25.7,90,97,73,WSW,12,W,41,23.0,,8
10/26/2007,1008.8,30.3,22.8,27.7,82,92,71,W,15,W,39,13.1,,7
10/27/2007,1008.9,30.0,25.5,28.8,76,78,65,W,12,W,24,0.3,,7
10/28/2007,1008.5,30.8,23.6,28.9,76,91,73,W,15,W,34,2.8,,6
10/29/2007,1007.1,30.6,26.3,28.9,79,83,73,W,14,W,27,0.0,,7
10/30/2007,1007.1,30.5,25.0,29.2,78,82,75,W,14,W,29,0.0,,6
10/31/2007,1008.0,30.6,25.4,28.8,79,86,76,W,12,W,23,0.05,,6
11/1/2007,1009.1,30.1,24.8,28.5,79,94,74,WNW,12,WNW,27,3.1,,7
11/2/2007,1009.2,30.5,25.8,28.9,78,85,73,WNW,11,WNW,22,0.0,,5
11/3/2007,1008.5,30.6,25.5,28.8,76,83,69,W,7,W,13,0.0,,6
11/4/2007,1009.8,30.6,23.1,28.7,75,81,68,W,6,W,13,0.0,,4
11/5/2007,1010.7,30.5,24.6,28.3,75,92,65,W,3,WNW,10,0.0,,4
11/6/2007,1011.1,30.5,24.8,28.3,73,88,66,W,5,W,12,0.0,,3
11/7/2007,1010.7,30.2,25.3,28.5,71,78,65,W,6,W,12,0.0,,4
11/8/2007,1010.7,30.3,25.3,28.2,71,75,65,WNW,7,WNW,14,0.0,,6
11/9/2007,1010.5,30.4,26.0,28.6,72,79,66,WNW,7,WNW,15,0.0,,5
11/10/2007,1009.9,30.8,25.8,28.7,73,81,66,WNW,8,NW,19,0.05,,5
11/11/2007,1009.9,30.4,25.5,28.9,72,78,68,WNW,8,WNW,14,0.0,,3
11/12/2007,1010.0,30.7,25.5,28.7,74,81,68,W,7,W,14,0.0,,5
11/13/2007,1009.4,30.7,25.6,29.0,73,80,70,W,8,WNW,15,0.0,,5
11/14/2007,1008.2,31.0,22.7,28.2,80,95,73,NW,9,W,23,55.9,,6
11/15/2007,1010.0,29.8,23.3,27.1,85,100,73,W,6,NW,25,0.05,,6
11/16/2007,1011.0,30.0,23.0,28.1,79,84,65,W,9,W,22,2.0,,7
11/17/2007,1009.8,31.2,25.2,28.6,76,87,67,NW,9,NW,27,0.05,,7
11/18/2007,1009.7,30.7,24.2,28.9,72,82,69,NNW,7,NNW,15,4.6,,4
11/19/2007,1011.2,30.7,25.8,28.4,75,93,72,NNW,5,NNW,14,0.0,,6
11/20/2007,1011.5,30.8,25.7,29.0,77,82,71,N,5,N,13,0.0,,5
11/21/2007,1010.6,31.4,22.2,29.0,77,84,68,NNW,3,NNW,9,0.0,,6
11/22/2007,1010.8,31.3,25.3,28.4,77,97,72,WSW,3,WSW,10,0.0,,5
11/23/2007,1010.4,31.0,25.8,29.1,77,88,71,WNW,4,WNW,11,0.0,,4
11/24/2007,1010.4,30.8,23.5,29.2,75,83,67,NW,7,WNW,13,2.8,,3
11/25/2007,1011.5,31.0,25.6,28.9,76,84,72,NW,5,NW,10,0.0,,6
11/26/2007,1012.0,31.0,24.3,29.0,76,84,67,W,5,W,11,0.0,,5
11/27/2007,1011.8,31.1,25.4,28.7,76,95,71,W,4,W,10,0.05,,4
11/28/2007,1010.6,30.4,23.2,26.8,87,98,77,NNW,7,WNW,26,31.6,,6
11/29/2007,1010.8,30.2,22.0,26.9,87,96,74,N,6,N,26,42.4,,7
11/30/2007,1011.2,30.5,23.8,27.9,84,98,72,NNE,3,N,15,12.9,,6
12/1/2007,1010.9,31.1,23.4,28.4,82,96,75,ENE,4,ENE,14,25.1,,5
12/2/2007,1010.6,29.8,24.0,27.6,85,92,71,E,4,ENE,13,26.4,,7
12/3/2007,1009.8,31.0,24.2,28.6,79,88,77,E,3,E,9,2.5,,6
12/4/2007,1009.6,30.0,23.6,26.7,88,97,68,NE,3,E,23,46.7,,7
12/5/2007,1009.6,31.6,22.5,28.4,81,100,85,E,4,ENE,21,64.4,,6
12/6/2007,1009.7,28.2,22.3,25.2,96,100,81,ENE,5,E,21,199.1,,8
12/7/2007,1010.3,28.3,23.1,26.0,87,96,67,N,6,SW,18,0.1,,7
12/8/2007,1009.3,31.2,24.4,29.1,75,83,64,E,3,E,13,0.0,,6
12/9/2007,1009.2,31.4,25.4,28.8,77,93,77,VRB,2,NE,8,0.0,,7
12/10/2007,1009.5,29.6,22.9,26.4,87,97,74,W,4,W,27,16.2,,7
12/11/2007,1009.7,29.1,23.6,27.8,81,84,75,NNE,4,NW,23,0.1,,7
12/12/2007,1009.3,29.4,23.8,27.6,81,95,73,WNW,8,WNW,30,3.2,,7
12/13/2007,1008.2,30.5,24.6,28.3,80,85,80,WNW,7,WNW,13,4.0,,7
12/14/2007,1006.9,29.7,23.0,26.5,89,100,75,WNW,9,W,29,35.8,,7
12/15/2007,1006.4,30.4,25.5,28.9,79,84,74,NNW,7,NNW,15,0.0,,7
12/16/2007,1007.3,30.5,24.4,28.6,83,95,83,NNW,7,WNW,16,18.6,,7
12/17/2007,1008.5,29.0,22.2,26.4,91,100,72,NW,5,WNW,22,107.4,,7
12/18/2007,1008.5,29.0,23.8,27.7,83,90,71,W,11,W,32,5.4,,7
12/19/2007,1008.3,30.4,25.3,28.3,80,95,71,W,10,WNW,24,0.0,,7
12/20/2007,1009.4,30.5,25.7,28.9,75,82,73,WSW,10,WSW,21,0.0,,5
12/21/2007,1011.1,30.6,26.2,28.8,77,84,71,SW,9,SW,18,0.0,,6
12/22/2007,1011.6,30.0,22.7,28.4,77,82,76,WSW,8,WSW,16,0.9,,7
12/23/2007,1011.4,29.8,24.2,27.2,84,92,73,W,5,WNW,27,2.6,,7
12/24/2007,1010.2,30.4,24.8,28.3,78,87,69,WNW,5,WNW,12,0.0,,7
12/25/2007,1009.9,30.2,22.7,28.3,78,89,70,WNW,3,WNW,8,0.0,,6
12/26/2007,1011.0,30.7,24.6,28.2,78,93,68,SW,4,SW,11,0.0,,4
12/27/2007,1011.7,30.7,24.9,28.4,79,89,75,SW,6,NNW,16,0.05,,5
12/28/2007,1010.7,29.9,25.4,27.8,81,89,66,N,6,WNW,15,0.05,,6
12/29/2007,1010.0,30.0,25.2,28.2,71,76,64,N,6,N,15,0.0,,4
12/30/2007,1010.4,30.4,24.7,28.3,70,77,67,N,5,N,14,0.0,,3
12/31/2007,1010.4,30.4,25.2,28.2,71,77,65,N,5,N,12,0.0,,4
1/1/2008,1010.7,30.4,25.2,28.4,72,79,63,N,6,N,15,0.0,,3
1/2/2008,1011.4,30.0,25.4,28.3,70,79,65,N,5,N,14,0.0,,2
1/3/2008,1011.7,29.9,25.0,28.2,70,76,62,N,5,NNE,13,0.0,,2
1/4/2008,1011.8,30.1,24.8,28.2,69,77,69,N,5,N,13,0.0,,2
1/5/2008,1011.7,31.0,25.0,28.7,75,81,67,NNE,3,NNE,8,0.0,,3
1/6/2008,1011.7,31.5,23.5,29.1,77,87,67,VRB,2,E,8,0.0,,2
1/7/2008,1011.4,31.6,23.6,29.0,77,92,68,ENE,3,ENE,9,0.5,,3
1/8/2008,1011.1,31.7,22.4,29.0,77,90,64,VRB,2,ENE,7,0.0,,4
1/9/2008,1012.2,31.7,21.6,28.5,75,96,64,VRB,1,E,6,0.0,,3
1/10/2008,1010.5,31.0,21.5,28.1,76,96,68,VRB,2,NE,9,0.0,,1
1/11/2008,1010.4,30.8,22.0,28.3,75,94,64,N,3,N,10,0.0,,2
1/12/2008,1010.3,31.7,21.9,28.6,74,96,66,VRB,1,NE,10,0.0,,1
1/13/2008,1010.6,31.7,25.2,28.6,76,95,65,SSE,3,S,10,0.2,,2
1/14/2008,1010.2,31.6,23.6,29.3,74,90,66,ESE,4,SE,14,1.2,,3
1/15/2008,1010.7,31.9,25.2,29.0,75,89,68,NNE,3,NE,18,0.05,,4
1/16/2008,1011.8,31.3,24.5,28.7,76,86,70,ENE,6,E,21,0.05,,6
1/17/2008,1012.2,31.1,24.6,28.8,77,95,69,NE,6,NE,19,10.6,,6
1/18/2008,1010.0,31.1,25.8,29.2,75,84,69,NNE,5,NNE,16,0.0,,6
1/19/2008,1008.6,31.1,26.2,29.0,74,80,68,NNE,5,NNE,15,0.0,,3
1/20/2008,1008.8,30.7,21.6,28.5,75,98,77,NNE,6,ESE,25,48.4,,6
1/21/2008,1008.2,29.5,24.3,28.0,83,94,75,NNE,5,NNE,17,6.2,,7
1/22/2008,1007.2,30.7,23.0,29.0,78,84,83,N,7,N,22,51.1,,5
1/23/2008,1007.8,29.6,23.0,26.6,91,100,87,NE,3,NE,19,91.7,,7
1/24/2008,1009.2,27.8,23.2,25.5,91,98,76,NW,4,N,15,2.2,,8
1/25/2008,1009.2,28.8,23.6,27.1,82,92,76,W,8,W,25,0.6,,7
1/26/2008,1009.1,29.0,24.1,27.7,81,87,70,N,8,N,17,0.0,,7
1/27/2008,1009.4,30.2,25.6,28.2,76,90,71,W,6,WNW,16,0.0,,7
1/28/2008,1010.0,30.6,21.6,28.5,77,82,73,WNW,8,WNW,26,30.9,,7
1/29/2008,1009.8,30.4,25.6,28.2,80,92,71,NW,8,NW,17,0.0,,7
1/30/2008,1009.2,30.2,25.0,28.4,76,83,67,N,5,N,13,0.0,,7
1/31/2008,1009.3,30.2,25.3,28.4,74,84,71,NW,6,NW,14,0.0,,5
2/1/2008,1009.3,30.6,26.0,28.8,75,83,68,WNW,8,NW,20,0.0,,4
2/2/2008,1009.1,30.4,25.6,28.7,73,81,68,NW,10,NW,21,0.0,,5
2/3/2008,1009.4,30.4,25.6,28.5,73,84,67,NNW,9,NNW,19,0.0,,6
2/4/2008,1009.7,29.6,25.1,28.2,72,81,63,NNW,8,NW,16,0.0,,7
2/5/2008,1009.3,30.1,25.5,28.3,68,76,70,NNW,8,NNW,18,0.0,,5
2/6/2008,1010.4,30.4,25.2,28.6,73,80,68,WNW,7,W,13,0.0,,7
2/7/2008,1009.6,30.0,25.5,28.1,73,81,66,W,6,W,13,0.0,,7
2/8/2008,1009.8,30.6,25.4,28.5,75,81,70,W,8,W,17,0.05,,7
2/9/2008,1009.6,30.4,25.5,28.7,75,83,70,WNW,9,W,18,0.0,,6
2/10/2008,1009.6,30.6,25.6,28.7,74,81,65,NW,10,NW,18,0.0,,7
2/11/2008,1009.4,30.8,25.7,28.7,74,83,71,NNW,7,NNW,16,0.0,,6
2/12/2008,1010.0,30.8,23.8,28.7,76,84,72,NNE,4,N,11,0.0,,7
2/13/2008,1010.3,31.2,25.4,28.8,78,89,65,NE,4,NE,12,0.0,,7
2/14/2008,1010.9,31.8,26.4,29.7,72,81,67,NE,4,E,11,0.0,,6
2/15/2008,1011.0,32.0,26.2,29.7,74,80,67,E,5,ENE,13,0.0,,6
2/16/2008,1011.5,32.3,26.4,29.8,74,82,71,E,4,E,13,0.0,,4
2/17/2008,1011.2,32.4,26.5,29.9,77,84,69,NE,5,NE,12,0.0,,3
2/18/2008,1011.5,32.0,22.6,29.5,75,83,63,NNE,4,NNE,10,0.0,,4
2/19/2008,1012.1,32.2,22.6,28.5,76,96,66,VRB,1,SSW,7,0.05,,2
2/20/2008,1012.0,31.7,23.2,28.8,75,93,59,VRB,2,NE,10,0.0,,2
2/21/2008,1012.0,31.4,25.9,29.2,71,83,67,NNE,4,NNE,11,0.0,,2
2/22/2008,1011.9,31.4,26.5,29.3,73,81,63,NNE,4,NNE,11,0.0,,6
2/23/2008,1011.6,32.0,26.5,29.5,72,79,69,NNE,5,NNE,13,0.0,,5
2/24/2008,1011.2,30.7,21.6,28.1,76,89,68,N,5,WNW,24,16.9,,6
2/25/2008,1010.7,30.2,24.1,27.5,81,93,66,N,6,NW,16,0.0,,7
2/26/2008,1009.9,30.6,24.2,28.4,75,88,68,NW,5,NW,22,4.3,,7
2/27/2008,1010.2,30.8,26.3,29.1,73,77,68,NNW,7,NNW,14,0.0,,5
2/28/2008,1010.4,30.7,25.5,29.0,72,77,69,NW,6,NW,14,0.0,,6
2/29/2008,1009.8,31.2,24.4,28.9,75,81,68,W,5,W,13,0.0,,6
3/1/2008,1009.2,31.2,26.0,28.9,76,90,68,WSW,5,WSW,14,0.0,,6
3/2/2008,1010.2,31.6,26.3,29.1,73,80,71,SW,8,SW,17,0.0,,4
3/3/2008,1010.0,31.0,22.2,29.1,75,89,75,WSW,7,WSW,14,11.9,,5
3/4/2008,1009.4,29.4,22.0,27.3,85,95,66,W,6,SW,25,4.9,,7
3/5/2008,1009.9,30.8,24.1,28.5,76,89,65,SW,8,SW,17,0.0,,6
3/6/2008,1009.9,30.8,24.6,28.9,73,90,70,W,5,W,15,0.0,,3
3/7/2008,1010.1,31.1,24.0,28.8,78,92,71,N,4,N,11,0.6,,7
3/8/2008,1009.2,31.3,24.9,28.4,79,92,75,VRB,2,NNE,9,0.05,,5
3/9/2008,1009.1,30.5,23.0,27.6,83,95,75,ENE,3,ENE,10,1.6,,7
3/10/2008,1009.5,30.0,23.7,26.7,87,95,72,SSW,3,NNW,13,3.5,,7
3/11/2008,1009.0,30.7,23.4,28.7,79,90,65,NW,5,NNW,13,0.4,,6
3/12/2008,1008.4,32.0,23.4,28.5,80,97,74,VRB,1,SW,16,2.1,,6
3/13/2008,1008.5,31.0,23.2,28.5,79,90,76,SSW,5,SSW,23,12.7,,7
3/14/2008,1009.6,29.6,22.6,26.8,87,97,67,W,9,W,31,19.9,,7
3/15/2008,1009.9,30.0,25.2,27.8,81,90,74,WNW,8,WNW,30,0.05,,7
3/16/2008,1008.3,31.0,25.1,28.6,80,89,71,WNW,9,WNW,21,2.7,,7
3/17/2008,1007.2,30.7,26.6,29.2,75,80,69,W,11,WNW,21,0.0,,7
3/18/2008,1006.8,31.2,25.7,29.1,73,79,72,WNW,10,W,22,0.0,,7
3/19/2008,1006.6,30.6,26.0,29.0,77,80,66,WNW,13,W,27,0.4,,7
3/20/2008,1007.0,31.2,26.6,29.4,70,74,63,W,12,W,22,0.0,,6
3/21/2008,1007.5,31.1,25.8,29.4,68,73,65,W,10,W,19,0.0,,5
3/22/2008,1007.5,31.0,24.1,29.0,72,86,66,WSW,5,WSW,11,0.0,,4
3/23/2008,1009.1,30.9,25.3,28.9,72,81,67,SSW,4,SSW,12,0.0,,3
3/24/2008,1009.7,31.1,26.0,29.3,73,80,69,W,6,WNW,12,0.05,,3
3/25/2008,1009.6,31.2,24.2,29.3,74,79,69,WNW,6,WNW,15,0.0,,4
3/26/2008,1009.3,31.2,26.4,28.7,78,93,69,NW,3,NNW,10,0.05,,7
3/27/2008,1008.4,31.7,26.0,29.6,75,83,68,NNE,4,NNE,12,0.0,,4
3/28/2008,1008.9,31.2,25.9,29.4,74,80,66,N,4,WNW,11,0.05,,3
3/29/2008,1010.2,31.2,24.2,29.2,73,83,63,NW,5,NW,12,0.0,,4
3/30/2008,1010.5,31.0,23.7,28.8,70,82,62,W,5,WSW,11,0.0,,3
3/31/2008,1010.0,31.0,23.2,28.9,69,81,64,WSW,5,W,10,0.0,,3
4/1/2008,1009.8,31.1,24.8,28.8,72,85,63,W,4,W,12,0.0,,3
4/2/2008,1011.0,31.2,21.9,28.9,69,80,63,WNW,4,W,10,0.0,,3
4/3/2008,1010.6,31.0,22.7,28.2,73,95,65,NW,3,NW,13,0.0,,2
4/4/2008,1009.5,31.3,23.2,28.6,75,95,63,W,3,W,11,0.0,,3
4/5/2008,1009.5,32.0,23.0,29.0,73,91,66,VRB,2,W,9,0.0,,2
4/6/2008,1011.2,31.6,22.8,29.1,75,95,63,VRB,2,NNW,10,0.0,,3
4/7/2008,1010.3,31.6,24.4,29.0,73,93,65,W,3,WNW,9,0.0,,2
4/8/2008,1009.0,31.8,25.2,29.2,74,87,70,WNW,4,WNW,14,0.6,,4
4/9/2008,1009.0,31.7,23.9,28.5,81,93,72,SSW,3,SE,17,13.5,,6
4/10/2008,1009.3,31.2,23.0,28.8,79,87,74,S,7,WSW,19,27.2,,7
4/11/2008,1008.3,30.6,24.3,27.7,83,97,70,WSW,6,S,20,0.9,,7
4/12/2008,1008.4,31.2,23.8,28.2,79,89,69,WSW,6,W,19,22.7,,7
4/13/2008,1008.4,30.5,26.1,28.6,77,89,70,W,8,W,16,0.0,,6
4/14/2008,1008.8,31.7,25.6,29.4,77,88,75,WSW,8,WSW,19,1.4,,7
4/15/2008,1009.2,30.4,21.4,27.0,83,97,71,SW,9,WSW,29,12.3,,7
4/16/2008,1009.7,31.2,23.1,28.5,78,90,72,W,8,W,33,3.2,,7
4/17/2008,1009.0,31.1,22.8,26.0,78,91,72,W,10,WSW,37,13.2,,7
4/18/2008,1009.3,30.4,24.2,27.8,81,92,84,W,13,W,33,8.4,,7
4/19/2008,1009.6,28.6,21.7,26.4,90,95,74,W,10,W,41,58.0,,8
4/20/2008,1009.1,30.6,24.9,29.0,78,83,74,W,10,W,23,1.4,,5
4/21/2008,1008.5,31.2,23.6,29.4,79,86,77,WSW,11,WSW,35,19.6,,4
4/22/2008,1010.4,29.7,23.9,26.8,86,97,74,W,10,W,26,2.3,,7
4/23/2008,1010.6,30.9,25.8,28.6,80,86,74,W,10,W,29,1.4,,6
4/24/2008,1010.4,30.8,24.3,29.1,80,89,69,WSW,8,W,26,1.3,,6
4/25/2008,1009.9,31.1,26.1,29.2,78,88,69,SW,8,SW,15,0.0,,5
4/26/2008,1009.5,31.1,25.4,29.5,76,83,75,SSW,7,SSW,16,1.9,,3
4/27/2008,1008.8,30.8,26.1,28.9,79,84,68,SW,8,SW,16,0.0,,5
4/28/2008,1007.9,31.6,25.5,29.2,74,81,66,SSW,8,SSW,16,0.0,,7
4/29/2008,1008.2,31.2,23.4,29.2,73,81,68,SW,5,WSW,11,0.0,,7
4/30/2008,1009.0,31.5,24.5,28.8,79,97,77,VRB,1,SE,9,0.05,,6
5/1/2008,1010.1,30.4,24.3,27.9,85,92,77,SE,3,SE,8,0.0,,7
5/2/2008,1009.7,30.9,23.9,27.7,87,98,74,W,5,W,25,16.3,,7
5/3/2008,1009.4,31.3,25.3,28.5,81,87,71,WSW,4,WSW,11,0.2,,7
5/4/2008,1010.0,31.4,24.8,28.3,84,93,69,S,6,S,22,6.5,,6
5/5/2008,1010.3,31.6,24.8,28.6,82,92,73,SSW,7,SW,26,12.5,,7
5/6/2008,1009.9,31.4,24.6,28.1,83,92,76,WSW,5,WSW,15,0.05,,7
5/7/2008,1010.1,30.4,20.9,26.3,89,100,74,WSW,9,NW,33,73.6,,8
5/8/2008,1011.2,30.6,24.4,27.9,82,94,73,WSW,8,WSW,26,0.7,,7
5/9/2008,1011.1,30.9,25.7,28.5,80,89,70,W,5,W,16,0.0,,5
5/10/2008,1010.8,32.1,26.3,28.8,78,86,68,WSW,5,WSW,12,0.0,,4
5/11/2008,1011.1,31.1,26.1,28.9,75,81,67,WSW,5,W,11,0.0,,4
5/12/2008,1011.6,31.0,25.6,28.6,75,81,67,SSW,5,SSW,12,0.0,,3
5/13/2008,1012.0,31.2,25.5,28.6,75,86,69,S,5,S,12,0.0,,3
5/14/2008,1011.9,31.2,23.6,28.7,78,96,74,S,5,W,18,4.5,,3
5/15/2008,1012.2,31.0,25.1,28.1,82,98,72,SE,3,SSE,10,0.0,,5
5/16/2008,1012.2,30.8,23.6,27.8,83,96,75,SSE,4,S,12,24.6,,3
5/17/2008,1011.3,30.6,24.9,27.6,86,97,73,S,4,SSW,13,0.6,,7
5/18/2008,1010.4,30.8,25.0,28.1,82,89,71,SSW,4,WSW,20,0.0,,7
5/19/2008,1010.4,31.1,25.8,28.7,79,87,70,S,4,SSE,11,0.0,,6
5/20/2008,1009.7,31.1,25.0,28.9,79,89,76,SE,3,SE,12,0.4,,5
5/21/2008,1009.6,30.5,23.5,26.7,89,97,73,SSW,3,SW,19,30.4,,7
5/22/2008,1009.7,28.6,24.2,27.0,83,95,67,SSE,6,SSE,19,0.05,,7
5/23/2008,1009.4,31.2,24.8,27.9,81,95,73,VRB,2,SE,10,1.0,,6
5/24/2008,1008.7,31.0,22.4,27.3,85,97,72,VRB,2,ESE,8,0.0,,6
5/25/2008,1008.6,30.7,23.5,28.1,82,97,70,VRB,2,ESE,12,15.6,,7
5/26/2008,1009.4,31.1,23.7,27.8,84,95,71,VRB,2,SE,8,0.0,,4
5/27/2008,1010.2,31.5,24.2,27.9,82,96,73,W,3,N,19,0.5,,7
5/28/2008,1009.1,31.4,26.5,28.8,79,90,66,S,6,S,14,0.0,,4
5/29/2008,1009.6,31.7,26.2,29.0,75,82,77,S,8,SSE,18,0.05,,6
5/30/2008,1009.7,30.6,22.6,26.7,85,100,66,S,5,SSE,25,47.4,,7
5/31/2008,1010.0,30.8,26.6,27.4,82,97,72,S,3,S,10,0.05,,7
6/1/2008,1009.6,30.1,24.0,27.5,82,96,70,S,5,NNW,24,5.6,,7
6/2/2008,1009.2,30.8,23.6,27.6,83,97,72,S,3,SSE,9,0.0,,7
6/3/2008,1009.2,31.2,23.4,27.7,86,100,74,SSE,7,SW,17,52.3,,6
6/4/2008,1010.2,31.4,24.4,28.3,84,92,74,SSE,6,SSE,14,2.6,,7
6/5/2008,1009.4,30.3,25.6,28.0,82,96,72,SE,6,SSE,21,0.0,,7
6/6/2008,1008.4,30.8,25.5,28.4,79,87,71,S,7,S,15,0.05,,6
6/7/2008,1008.3,31.0,25.4,28.5,79,87,70,S,5,SE,11,0.0,,7
6/8/2008,1008.6,31.0,23.5,28.2,82,94,69,S,4,S,11,0.0,,6
6/9/2008,1009.6,31.9,25.7,28.5,80,97,67,VRB,2,N,9,0.0,,7
6/10/2008,1010.4,31.8,23.6,28.2,81,93,65,VRB,2,N,10,0.0,,5
6/11/2008,1010.7,32.4,23.3,28.0,81,95,69,VRB,1,NW,8,0.0,,5
6/12/2008,1010.5,31.2,24.4,28.0,83,96,70,W,3,WNW,19,1.5,,6
6/13/2008,1010.6,31.6,23.9,28.4,80,87,69,WSW,6,WSW,21,3.7,,6
6/14/2008,1010.0,31.2,23.8,28.2,81,91,72,SW,5,SW,12,2.5,,7
6/15/2008,1009.1,31.0,23.5,27.8,85,93,74,VRB,2,SW,8,0.0,,7
6/16/2008,1009.4,30.8,23.4,26.6,90,98,72,S,3,SSW,12,21.0,,7
6/17/2008,1009.8,31.0,26.3,28.3,81,97,73,S,5,S,12,0.0,,7
6/18/2008,1009.7,31.1,26.6,29.1,78,83,69,SE,3,SE,9,0.0,,7
6/19/2008,1010.0,32.1,26.5,29.3,77,83,69,E,3,E,10,0.0,,6
6/20/2008,1010.6,31.7,23.4,28.4,79,93,70,E,3,E,15,19.6,,6
6/21/2008,1011.5,31.6,23.5,27.9,83,93,70,VRB,2,NW,14,0.0,,4
6/22/2008,1011.4,30.8,24.3,27.7,82,92,72,VRB,2,SSW,8,0.0,,7
6/23/2008,1010.8,30.8,23.1,27.9,81,92,71,WNW,3,WNW,8,0.0,,7
6/24/2008,1010.6,30.7,23.4,27.7,82,97,77,SSW,3,ENE,17,23.2,,7
6/25/2008,1011.0,30.1,24.5,27.5,85,98,74,ESE,3,N,16,0.5,,7
6/26/2008,1010.5,30.6,25.2,28.1,83,93,72,ESE,3,E,15,20.2,,7
6/27/2008,1009.6,31.4,25.4,29.0,79,85,71,SSE,5,SSE,13,0.0,,5
6/28/2008,1010.1,31.7,25.8,28.8,81,90,72,SSE,5,SSE,14,0.0,,5
6/29/2008,1009.8,30.9,26.2,28.8,79,87,71,SSE,7,SSE,17,0.0,,7
6/30/2008,1009.6,31.1,23.5,28.4,82,95,73,SE,4,SE,12,0.05,,7
7/1/2008,1010.4,31.1,25.6,28.2,84,93,76,E,3,ESE,8,0.0,,7
7/2/2008,1010.5,30.8,26.1,28.7,82,87,66,SE,3,E,14,0.05,,7
7/3/2008,1010.6,32.7,26.8,29.5,77,87,66,E,3,E,10,0.0,,7
7/4/2008,1010.2,32.6,25.3,29.5,75,87,68,E,3,E,11,0.0,,5
7/5/2008,1010.1,31.9,25.2,29.3,76,86,64,VRB,2,ESE,8,0.0,,7
7/6/2008,1010.6,31.7,24.1,28.7,78,88,72,S,4,NW,21,0.9,,7
7/7/2008,1010.0,30.8,23.7,27.6,85,96,73,NNE,3,NW,19,1.3,,7
7/8/2008,1009.3,30.4,23.2,26.9,88,98,69,VRB,1,W,11,1.3,,7
7/9/2008,1010.3,31.5,24.0,28.1,81,99,71,VRB,2,N,7,0.05,,7
7/10/2008,1011.5,30.8,23.6,26.7,82,96,72,S,8,SW,21,0.2,,7
7/11/2008,1009.3,30.4,23.4,27.7,81,94,65,ESE,3,SE,10,0.9,,7
7/12/2008,1008.6,31.4,23.0,27.6,81,94,72,VRB,1,NNE,7,0.0,,7
7/13/2008,1009.6,31.1,21.9,27.2,84,99,76,W,5,NW,39,41.9,,7
7/14/2008,1011.1,30.4,23.7,26.2,88,97,66,NNW,6,SW,30,1.5,,8
7/15/2008,1010.2,30.1,23.4,27.4,82,93,69,WNW,6,NW,20,0.0,,7
7/16/2008,1009.3,31.0,23.2,26.9,87,97,70,VRB,2,WSW,8,1.3,,7
7/17/2008,1008.9,30.0,22.0,27.6,83,98,76,S,4,NNE,23,37.4,,7
7/18/2008,1009.4,29.1,22.0,26.2,87,100,72,NW,5,NW,26,2.7,,7
7/19/2008,1008.6,30.5,22.9,27.9,82,94,71,SW,4,W,20,9.9,,7
7/20/2008,1008.9,30.0,21.8,26.4,86,100,72,W,6,WNW,39,70.1,,7
7/21/2008,1009.1,29.6,23.0,26.8,84,97,71,W,10,WNW,39,0.6,,7
7/22/2008,1007.8,30.0,25.7,28.1,81,92,74,NW,11,NW,26,0.5,,7
7/23/2008,1008.4,31.3,25.4,29.0,80,87,71,NW,10,NW,21,1.3,,7
7/24/2008,1009.0,31.0,24.8,28.8,78,93,74,NNW,6,N,16,0.6,,7
7/25/2008,1009.4,31.0,24.8,28.5,81,92,71,N,4,N,19,1.5,,7
7/26/2008,1009.9,31.5,25.5,28.7,78,84,64,ENE,3,ENE,8,0.0,,7
7/27/2008,1009.6,31.1,24.3,28.8,75,92,71,SE,4,SSE,22,6.4,,6
7/28/2008,1008.5,31.0,25.6,28.6,78,91,70,SE,6,SE,15,3.6,,7
7/29/2008,1008.0,31.0,26.7,29.1,77,83,71,ESE,6,SE,15,0.0,,7
7/30/2008,1008.2,31.0,26.8,29.1,77,87,66,ESE,5,SE,12,0.0,,5
7/31/2008,1008.4,31.8,24.3,28.9,78,88,72,ESE,5,NW,25,6.5,,6
8/1/2008,1009.2,30.8,23.7,27.7,81,92,71,N,5,NW,26,0.0,,7
8/2/2008,1008.6,31.6,23.2,27.9,83,97,75,VRB,2,NNE,17,34.4,,6
8/3/2008,1008.4,31.5,22.2,26.7,84,97,69,N,8,WNW,36,39.2,,7
8/4/2008,1008.9,30.9,24.4,28.3,78,90,68,N,5,N,19,3.7,,5
8/5/2008,1010.2,31.1,24.0,28.1,78,92,67,N,3,W,16,0.05,,4
8/6/2008,1009.9,31.5,25.7,28.7,76,86,67,ENE,3,ENE,10,0.0,,6
8/7/2008,1010.1,31.2,23.3,28.3,76,92,70,VRB,2,E,7,0.0,,6
8/8/2008,1009.8,31.0,26.6,28.6,77,93,73,SSE,5,SSE,15,0.0,,7
8/9/2008,1009.0,30.7,26.3,28.8,79,83,77,SSE,7,SSE,15,0.05,,7
8/10/2008,1008.5,30.5,24.2,28.0,85,95,72,S,4,S,16,0.5,,7
8/11/2008,1008.4,30.8,26.8,28.7,80,94,73,SE,3,SE,10,0.0,,5
8/12/2008,1008.7,31.5,27.0,29.3,79,84,70,SE,4,SE,14,0.0,,4
8/13/2008,1009.5,31.3,26.8,29.2,78,87,72,SE,4,ESE,12,0.0,,7
8/14/2008,1009.2,31.6,25.2,28.9,80,92,66,SE,3,SE,10,0.0,,7
8/15/2008,1008.3,32.2,23.8,28.5,81,93,66,VRB,1,NE,5,0.0,,5
8/16/2008,1008.6,32.2,26.5,29.2,76,92,65,VRB,2,ENE,9,0.05,,3
8/17/2008,1009.7,32.1,26.6,29.4,73,80,63,NE,4,NE,13,0.05,,4
8/18/2008,1010.5,31.4,22.6,27.6,82,98,71,NNE,4,WNW,22,21.9,,7
8/19/2008,1011.4,30.9,22.4,26.5,86,100,72,WNW,5,NNW,25,23.2,,7
8/20/2008,1012.3,30.0,22.2,26.7,84,95,70,VRB,1,NNE,6,0.05,,7
8/21/2008,1011.6,30.2,23.8,27.8,79,92,76,W,4,SW,22,3.4,,7
8/22/2008,1011.2,29.8,23.2,26.5,83,92,73,W,11,WNW,27,5.5,,7
8/23/2008,1010.8,30.0,23.9,27.3,80,95,76,W,8,WSW,24,0.05,,7
8/24/2008,1010.5,29.6,22.6,27.0,83,90,71,W,8,NW,35,15.1,,7
8/25/2008,1010.0,30.0,25.8,28.1,80,88,74,WSW,8,W,20,0.05,,7
8/26/2008,1009.6,30.3,24.0,28.3,78,88,71,W,9,WSW,26,2.3,,7
8/27/2008,1009.6,30.6,23.2,27.8,80,92,75,W,9,WNW,27,22.4,,7
8/28/2008,1009.2,30.7,23.4,27.8,82,92,75,W,7,WNW,24,2.1,,7
8/29/2008,1009.1,30.0,25.0,27.9,81,92,71,SW,6,SSW,18,0.05,,7
8/30/2008,1009.6,30.8,25.0,28.2,78,86,66,SSW,7,S,17,0.05,,7
8/31/2008,1009.7,30.8,26.0,28.6,74,81,69,SSW,7,S,15,0.0,,7
9/1/2008,1009.6,30.7,26.4,28.5,75,80,68,WSW,6,W,17,0.0,,7
9/2/2008,1009.6,31.0,26.5,28.7,74,80,65,W,9,W,17,0.0,,7
9/3/2008,1010.0,31.0,26.4,28.7,72,77,68,WSW,9,W,18,0.0,,5
9/4/2008,1010.1,31.0,25.7,28.6,73,80,70,WSW,6,WSW,15,0.0,,6
9/5/2008,1010.1,31.0,26.2,28.7,76,81,69,W,6,W,13,0.05,,6
9/6/2008,1010.4,31.2,25.8,28.7,77,84,67,SSW,6,S,15,0.05,,6
9/7/2008,1010.5,30.6,25.8,28.4,75,81,68,SSW,6,SSW,15,0.0,,5
9/8/2008,1010.5,30.7,26.0,28.6,75,81,72,WSW,6,S,15,0.0,,6
9/9/2008,1010.1,31.2,23.8,28.7,77,89,68,W,9,W,33,2.4,,6
9/10/2008,1009.3,31.1,24.8,28.6,76,87,69,W,10,W,21,0.05,,7
9/11/2008,1008.7,31.1,25.7,28.9,77,82,69,SW,7,WSW,15,0.05,,4
9/12/2008,1008.8,30.6,24.0,28.6,76,83,67,W,5,WSW,12,0.0,,6
9/13/2008,1010.2,31.2,23.2,27.9,79,92,64,VRB,2,NW,9,0.0,,4
9/14/2008,1011.4,32.0,25.4,28.5,77,92,64,NNW,3,NW,8,0.0,,6
9/15/2008,1011.4,32.6,25.1,29.3,74,88,64,VRB,2,NNW,8,0.0,,6
9/16/2008,1011.3,31.9,24.5,28.3,78,89,68,VRB,2,SW,9,0.05,,7
9/17/2008,1010.8,31.5,25.0,28.8,78,93,68,NNW,3,NNW,15,0.2,,5
9/18/2008,1010.5,31.5,22.4,27.3,85,99,66,NNW,5,NW,27,23.2,,7
9/19/2008,1010.6,31.5,23.7,28.3,80,98,68,NNW,3,WNW,10,0.0,,5
9/20/2008,1011.0,31.8,24.0,27.9,81,94,66,VRB,2,NNW,10,0.0,,5
9/21/2008,1010.3,31.8,23.4,28.5,79,93,62,VRB,1,NE,7,0.0,,3
9/22/2008,1010.0,32.0,23.4,28.3,80,93,63,VRB,2,NNW,13,0.0,,4
9/23/2008,1010.3,31.8,26.4,28.8,75,97,59,W,4,W,11,0.5,,4
9/24/2008,1010.9,31.8,26.7,29.5,73,81,70,SSW,6,SSW,13,0.0,,4
9/25/2008,1011.6,30.8,25.0,28.8,78,90,73,SSW,8,WSW,26,0.05,,6
9/26/2008,1011.6,30.6,23.6,28.0,80,95,71,W,9,W,27,18.7,,7
9/27/2008,1011.8,29.7,23.8,27.2,80,93,71,WNW,11,WNW,29,8.4,,7
9/28/2008,1012.0,31.0,22.0,26.9,81,94,71,WNW,9,WNW,33,17.0,,7
9/29/2008,1011.1,30.7,23.5,27.5,84,93,70,VRB,1,N,6,0.0,,7
9/30/2008,1010.3,31.0,24.3,27.9,81,92,71,W,5,WNW,23,2.6,,7
10/1/2008,1010.2,30.4,23.4,27.5,79,91,76,W,9,W,27,8.2,,7
10/2/2008,1009.7,28.9,23.2,27.1,82,94,67,WSW,11,W,33,2.6,,7
10/3/2008,1009.8,30.5,23.9,28.1,80,89,73,WSW,7,SW,29,3.6,,7
10/4/2008,1010.1,31.4,26.4,28.9,78,85,70,SW,6,WSW,16,0.05,,6
10/5/2008,1010.4,31.2,26.4,29.0,77,83,71,W,7,W,15,0.05,,6
10/6/2008,1011.0,31.4,24.6,28.3,79,94,72,WNW,10,NW,32,1.3,,6
10/7/2008,1011.6,30.7,22.8,27.0,82,93,70,WNW,9,WNW,29,12.7,,7
10/8/2008,1010.2,30.2,24.5,27.8,79,90,71,NW,8,WSW,19,0.05,,7
10/9/2008,1011.1,30.0,23.4,27.0,83,95,69,W,5,S,19,6.0,,7
10/10/2008,1011.6,31.3,22.5,27.8,81,98,75,W,6,WSW,28,57.4,,7
10/11/2008,1011.4,29.5,22.6,27.1,84,99,76,W,11,W,26,54.4,,7
10/12/2008,1010.4,28.2,23.1,25.9,87,96,78,W,14,WSW,32,29.2,,7
10/13/2008,1009.3,28.1,22.8,26.4,86,95,74,W,13,W,39,29.2,,7
10/14/2008,1008.8,30.2,23.0,26.8,86,97,78,W,15,W,41,45.6,,7
10/15/2008,1008.6,28.7,23.3,26.6,87,95,72,W,14,W,38,16.6,,7
10/16/2008,1007.3,30.0,22.6,28.0,80,90,73,W,15,WNW,41,4.7,,7
10/17/2008,1007.0,30.4,23.5,28.3,81,90,74,WNW,15,WNW,37,1.7,,7
10/18/2008,1008.2,31.0,23.1,28.1,81,95,74,WNW,10,WNW,31,5.2,,7
10/19/2008,1008.9,31.0,25.5,28.6,80,86,68,WNW,7,WNW,16,0.0,,6
10/20/2008,1008.7,30.6,24.8,28.2,77,85,66,W,4,WSW,11,0.0,,7
10/21/2008,1009.1,30.3,25.7,28.1,74,80,69,SSW,5,SSW,12,0.0,,5
10/22/2008,1009.7,30.6,26.0,28.3,75,79,66,SSW,8,SSW,17,0.0,,7
10/23/2008,1010.8,30.6,25.9,28.5,75,80,65,SSW,9,SSW,19,0.0,,6
10/24/2008,1011.6,30.7,24.3,28.2,77,91,70,SSW,5,SSW,14,0.0,,5
10/25/2008,1011.6,30.6,25.8,28.2,77,83,70,WSW,6,WSW,13,0.0,,6
10/26/2008,1011.7,30.8,25.9,28.4,77,83,63,WSW,7,W,15,0.0,,5
10/27/2008,1011.4,30.7,25.6,28.4,76,83,74,W,7,WSW,16,0.0,,6
10/28/2008,1010.8,30.4,24.0,28.0,80,91,71,WNW,6,WNW,18,0.5,,7
10/29/2008,1011.0,31.0,25.4,28.3,78,85,72,W,6,WNW,15,0.0,,7
10/30/2008,1011.9,31.2,24.6,28.1,80,89,72,WNW,5,WNW,10,0.0,,6
10/31/2008,1011.9,30.7,23.8,28.0,80,92,66,W,3,W,10,0.0,,6
11/1/2008,1011.0,31.0,23.4,27.8,79,92,67,SW,3,SW,9,0.0,,5
11/2/2008,1010.4,31.1,25.6,28.4,75,98,69,W,4,W,11,0.05,,4
11/3/2008,1010.4,31.1,25.4,28.5,76,84,71,W,5,SW,11,0.0,,5
11/4/2008,1009.8,31.3,25.8,28.4,77,83,65,NW,5,NW,12,0.1,,4
11/5/2008,1009.1,31.0,21.4,28.5,75,91,76,N,4,NNW,16,16.6,,7
11/6/2008,1009.3,29.8,21.5,25.7,88,96,65,VRB,2,WSW,11,0.0,,7
11/7/2008,1009.7,31.0,23.6,27.5,81,93,70,VRB,2,SSW,11,0.0,,3
11/8/2008,1010.2,30.6,25.4,27.8,81,91,72,S,5,SSW,18,1.2,,5
11/9/2008,1010.2,30.9,25.5,28.4,80,86,75,W,6,W,16,0.0,,6
11/10/2008,1009.9,30.6,25.6,27.9,81,86,73,WSW,8,SSW,21,1.2,,7
11/11/2008,1009.6,31.0,22.4,27.3,85,97,74,WSW,9,WNW,32,58.9,,7
11/12/2008,1009.0,30.1,24.2,27.1,85,94,72,W,10,W,31,1.6,,7
11/13/2008,1008.7,30.9,22.6,27.8,83,97,77,W,10,WSW,32,49.8,,7
11/14/2008,1008.5,29.5,25.4,27.6,83,95,78,W,12,WNW,28,0.05,,7
11/15/2008,1008.2,29.9,22.1,27.0,85,95,75,W,13,WNW,43,31.8,,7
11/16/2008,1007.7,30.2,22.3,27.5,83,96,75,W,13,WNW,44,10.8,,7
11/17/2008,1007.1,30.6,22.6,27.7,83,91,70,WNW,11,WNW,31,23.3,,7
11/18/2008,1008.2,30.6,23.5,27.9,80,95,69,NW,11,WNW,33,4.0,,7
11/19/2008,1010.0,30.4,25.6,28.2,75,81,69,WNW,9,WNW,18,0.0,,4
11/20/2008,1011.0,30.6,26.3,28.5,77,84,74,W,9,W,22,0.0,,5
11/21/2008,1010.4,30.8,24.3,28.5,79,89,80,W,10,W,21,5.1,,7
11/22/2008,1010.4,29.8,22.9,26.2,90,97,71,W,8,WNW,27,59.6,,7
11/23/2008,1010.9,30.3,25.4,28.3,79,85,73,W,10,W,21,0.0,,7
11/24/2008,1011.2,30.5,26.1,28.3,79,84,72,WSW,9,WSW,19,0.0,,7
11/25/2008,1011.1,30.2,25.9,28.2,78,84,72,W,8,W,18,0.0,,5
11/26/2008,1010.2,30.6,26.0,28.3,78,84,73,W,9,W,17,0.0,,3
11/27/2008,1009.4,31.0,26.1,28.5,79,84,74,W,9,W,19,0.0,,4
11/28/2008,1010.4,30.7,24.7,28.0,83,94,73,W,7,W,25,4.6,,5
11/29/2008,1011.7,31.0,25.5,28.2,82,88,76,W,5,W,13,0.0,,5
11/30/2008,1011.8,30.6,24.1,28.1,83,97,73,W,5,WNW,13,4.1,,5
12/1/2008,1011.4,30.4,25.8,28.2,80,92,70,W,7,W,15,0.0,,3
12/2/2008,1010.2,30.8,25.3,28.5,79,86,73,W,7,W,15,0.05,,4
12/3/2008,1009.8,30.2,22.8,27.7,83,97,73,W,7,WNW,23,23.5,,4
12/4/2008,1010.7,30.4,24.2,27.1,87,99,70,NW,5,WNW,19,1.6,,5
12/5/2008,1012.0,30.4,23.5,27.6,83,89,74,W,6,W,16,6.6,,7
12/6/2008,1011.6,30.5,21.5,27.9,83,92,70,WNW,4,WNW,14,32.2,,5
12/7/2008,1011.0,30.6,23.8,27.1,85,97,69,W,3,W,25,0.0,,4
12/8/2008,1010.9,30.3,23.7,27.8,79,90,72,SSW,6,S,13,0.0,,4
12/9/2008,1010.9,30.6,24.6,28.2,79,89,78,W,8,WSW,19,0.4,,5
12/10/2008,1011.5,30.1,24.4,27.3,85,93,74,W,9,W,23,0.9,,6
12/11/2008,1010.9,30.3,23.0,27.5,85,97,78,W,10,W,25,14.6,,7
12/12/2008,1009.9,30.6,22.2,26.7,88,100,77,W,9,W,26,38.6,,7
12/13/2008,1010.3,29.7,23.0,26.8,87,94,80,W,5,W,28,8.4,,7
12/14/2008,1010.3,29.3,23.1,26.9,87,93,77,NW,8,WNW,30,4.2,,7
12/15/2008,1009.9,29.8,24.4,27.3,85,94,74,NNW,6,NW,17,0.0,,6
12/16/2008,1009.0,30.1,25.4,27.9,83,93,74,N,4,N,13,0.05,,4
12/17/2008,1009.2,31.2,25.1,28.2,82,89,76,VRB,2,NW,12,1.4,,5
12/18/2008,1008.7,30.4,23.6,27.2,88,97,71,S,3,SSE,19,10.3,,6
12/19/2008,1009.3,30.8,24.7,27.8,84,96,68,S,7,SSW,19,1.4,,6
12/20/2008,1010.1,30.6,25.4,28.2,77,84,69,W,5,W,13,0.05,,3
12/21/2008,1010.1,30.4,24.9,27.7,80,89,74,NW,4,NW,12,0.05,,6
12/22/2008,1010.5,31.0,24.7,27.8,82,91,71,NW,4,W,11,0.05,,4
12/23/2008,1010.6,30.8,24.2,27.8,81,94,74,NNW,4,NNE,14,0.05,,5
12/24/2008,1010.7,29.7,24.0,26.9,85,93,74,N,4,WNW,25,0.05,,7
12/25/2008,1010.4,31.1,21.0,27.2,87,100,84,NNE,4,NNE,20,111.0,,7
12/26/2008,1011.7,28.6,21.6,24.9,93,100,72,WNW,3,SW,17,5.0,,7
12/27/2008,1011.0,31.3,25.6,28.1,82,97,71,NE,3,NE,9,0.05,,6
12/28/2008,1010.2,30.8,26.1,28.5,77,82,68,NNE,4,NNE,16,0.0,,4
12/29/2008,1010.3,30.9,25.9,28.4,74,79,66,NNE,4,NNE,13,0.0,,6
12/30/2008,1010.7,30.6,25.8,28.1,73,78,65,NNE,5,NNE,14,0.0,,5
12/31/2008,1010.5,30.5,25.6,28.2,73,84,67,NNE,5,N,14,0.0,,5
1/1/2009,1010.3,30.3,25.7,28.0,73,78,66,N,6,N,16,0.0,,5
1/2/2009,1011.0,30.0,25.7,27.8,72,78,70,N,6,N,16,0.0,,6
1/3/2009,1011.3,30.9,24.8,28.1,77,93,65,NNE,5,NNE,16,2.0,,7
1/4/2009,1010.2,30.4,25.8,28.1,74,80,67,NNE,6,NNE,18,0.0,,6
1/5/2009,1009.5,30.9,25.4,28.0,76,80,65,NNE,5,NNE,14,0.5,,7
1/6/2009,1009.7,30.7,25.0,28.1,75,81,64,NNE,4,NNE,10,0.0,,6
1/7/2009,1010.2,31.0,25.6,28.5,75,82,69,ENE,4,ENE,13,0.0,,3
1/8/2009,1011.0,31.6,26.4,28.9,77,84,67,E,4,ENE,15,0.05,,5
1/9/2009,1011.6,31.6,23.4,28.4,79,98,70,ENE,6,ENE,25,19.3,,5
1/10/2009,1011.0,31.6,26.0,28.8,77,83,70,ENE,5,ENE,13,0.0,,4
1/11/2009,1012.0,31.7,26.2,28.9,77,84,68,ENE,5,ENE,15,0.0,,3
1/12/2009,1012.8,31.2,22.8,28.8,77,84,67,ENE,5,ENE,15,8.5,,3
1/13/2009,1012.9,30.8,25.0,28.0,79,91,68,ENE,6,E,20,4.2,,5
1/14/2009,1012.5,31.4,25.7,28.7,76,83,70,ENE,4,ENE,13,0.0,,4
1/15/2009,1012.9,31.4,22.2,27.9,81,98,71,E,4,S,21,49.6,,5
1/16/2009,1012.5,31.2,22.0,27.4,83,96,81,NE,5,N,17,52.0,,6
1/17/2009,1012.4,29.9,22.6,25.1,91,100,79,NE,3,NE,17,29.4,,7
1/18/2009,1010.9,30.5,22.4,26.7,87,97,69,ENE,3,N,17,15.4,,7
1/19/2009,1010.2,30.7,24.0,28.3,79,93,75,NE,3,ENE,18,5.2,,5
1/20/2009,1010.8,29.9,24.3,27.3,84,92,69,ENE,3,E,14,4.7,,7
1/21/2009,1010.7,32.2,24.6,28.7,80,93,75,ENE,3,NE,13,1.4,,7
1/22/2009,1009.3,30.9,25.6,28.3,83,89,72,NNE,4,N,13,0.0,,7
1/23/2009,1009.0,30.5,26.2,28.3,77,84,64,NNE,6,NNE,17,0.0,,7
1/24/2009,1009.3,30.0,25.5,27.7,71,79,64,NNE,6,N,17,0.0,,7
1/25/2009,1009.7,30.5,23.8,27.9,71,76,66,NE,4,NE,14,0.0,,7
1/26/2009,1011.3,30.1,22.2,26.6,81,98,76,W,3,S,26,22.2,,7
1/27/2009,1010.8,29.6,24.8,27.1,82,92,69,NNW,4,SW,11,0.05,,7
1/28/2009,1010.4,30.0,25.4,27.7,78,85,73,N,5,NNW,13,0.0,,7
1/29/2009,1010.3,30.6,26.0,28.1,80,86,68,N,3,ENE,10,0.0,,7
1/30/2009,1009.7,31.7,24.5,28.4,79,92,71,E,5,E,17,7.9,,7
1/31/2009,1009.7,31.3,23.2,27.5,84,98,72,ENE,5,ENE,19,20.4,,7
2/1/2009,1011.2,31.4,24.3,27.2,87,94,74,ENE,4,N,14,15.4,,7
2/2/2009,1011.7,29.9,23.8,27.4,83,93,75,NNE,3,N,11,0.0,,7
2/3/2009,1011.9,30.5,22.4,27.4,84,94,74,N,3,NE,11,32.4,,7
2/4/2009,1012.7,30.0,23.9,26.9,86,99,73,N,3,NE,14,0.6,,7
2/5/2009,1012.1,30.8,26.0,28.3,80,86,69,NE,3,NE,10,0.0,,5
2/6/2009,1011.5,30.5,26.2,28.4,75,82,66,NNE,4,NNE,16,0.0,,6
2/7/2009,1011.3,30.4,25.0,28.2,72,82,65,NNE,5,NNE,16,0.0,,3
2/8/2009,1012.2,30.2,25.8,27.9,72,77,61,N,5,N,14,0.0,,3
2/9/2009,1012.1,30.5,25.7,28.2,72,78,65,N,6,N,18,0.0,,3
2/10/2009,1012.2,30.8,22.6,28.0,70,81,61,N,4,N,15,0.0,,4
2/11/2009,1011.8,30.5,24.3,27.5,71,83,63,N,3,N,11,0.0,,4
2/12/2009,1011.9,30.0,24.7,27.5,72,81,61,NNW,5,NNW,14,0.0,,5
2/13/2009,1011.0,30.1,25.1,27.7,68,74,65,N,5,N,13,0.0,,6
2/14/2009,1010.4,30.5,24.2,27.8,74,83,68,N,4,N,12,0.0,,4
2/15/2009,1009.8,31.4,25.6,28.1,75,88,63,NNE,3,N,11,0.0,,3
2/16/2009,1010.1,31.5,25.2,28.3,73,81,64,NNE,4,NE,10,0.0,,3
2/17/2009,1010.0,30.6,25.5,28.1,73,84,68,NNE,4,NNE,15,0.0,,3
2/18/2009,1008.8,31.4,25.8,28.2,74,79,63,N,6,N,16,0.0,,3
2/19/2009,1011.9,30.6,25.7,28.3,72,80,62,N,5,N,17,0.0,,4
2/20/2009,1009.6,31.6,22.5,27.5,74,91,67,NNE,3,NNE,12,0.0,,3
2/21/2009,1009.2,31.0,23.4,27.1,81,93,64,VRB,1,SW,5,0.0,,4
2/22/2009,1008.1,32.0,26.3,28.4,77,95,58,VRB,2,E,16,1.6,,4
2/23/2009,1009.2,32.2,25.9,29.1,72,81,67,E,3,E,12,0.0,,3
2/24/2009,1010.1,31.9,25.9,29.0,77,84,64,NE,3,NE,12,0.0,,3
2/25/2009,1010.1,31.7,22.8,28.2,77,92,62,NNE,3,NNE,9,0.0,,4
2/26/2009,1009.9,31.5,21.7,27.5,78,91,62,VRB,2,W,10,0.0,,5
2/27/2009,1010.3,32.2,21.9,27.6,76,95,61,VRB,2,NNE,7,0.0,,4
2/28/2009,1010.1,31.6,23.0,27.3,76,97,60,VRB,2,NNW,9,0.0,,5
3/1/2009,1009.8,31.6,26.3,28.8,72,80,62,NNW,5,NNW,14,0.0,,5
3/2/2009,1010.2,31.7,26.4,29.0,73,81,66,NW,8,WNW,17,0.0,,5
3/3/2009,1010.9,31.5,23.4,28.2,77,92,67,W,5,W,14,0.0,,6
3/4/2009,1010.8,31.6,25.5,28.4,75,89,63,W,5,W,13,0.0,,5
3/5/2009,1010.4,31.8,26.6,29.0,73,80,69,WNW,7,WNW,15,0.0,,5
3/6/2009,1010.9,32.2,26.7,29.0,75,80,63,NW,9,NW,18,0.05,,7
3/7/2009,1010.2,31.7,26.1,28.9,73,82,64,WNW,9,WNW,19,0.0,,4
3/8/2009,1009.4,31.5,24.1,28.8,74,84,68,WNW,7,W,16,3.8,,5
3/9/2009,1009.7,31.3,25.6,27.7,78,90,66,WNW,5,WNW,14,0.0,,5
3/10/2009,1010.1,32.0,23.4,28.1,80,92,64,VRB,2,NNE,8,0.05,,4
3/11/2009,1010.4,32.6,26.1,29.1,76,90,65,E,3,ENE,9,0.0,,5
3/12/2009,1010.2,32.5,24.8,28.9,77,89,64,VRB,2,ESE,9,0.0,,3
3/13/2009,1011.1,32.2,23.2,28.5,78,92,66,VRB,1,E,8,0.0,,3
3/14/2009,1011.2,32.0,23.1,27.6,80,93,64,VRB,1,S,11,0.0,,3
3/15/2009,1010.6,31.7,23.9,27.6,79,94,66,VRB,2,W,9,0.05,,3
3/16/2009,1009.9,32.0,24.0,28.5,78,93,69,VRB,2,NNW,9,0.0,,4
3/17/2009,1009.6,31.6,23.2,27.3,85,97,67,VRB,1,N,8,34.0,,4
3/18/2009,1009.8,32.0,25.0,28.1,83,97,65,VRB,2,S,14,2.0,,3
3/19/2009,1010.5,31.5,26.2,28.7,79,90,69,WNW,3,NNE,13,0.05,,4
3/20/2009,1010.5,31.7,26.0,29.2,78,87,69,W,5,W,13,0.0,,5
3/21/2009,1009.8,31.4,24.3,28.7,78,96,64,WNW,5,WNW,13,0.0,,5
3/22/2009,1009.2,31.4,22.6,27.7,79,93,64,VRB,2,NNW,10,0.0,,4
3/23/2009,1010.3,31.2,23.8,27.7,77,93,63,VRB,2,N,9,0.0,,5
3/24/2009,1010.6,31.6,23.6,28.1,75,89,65,NNW,3,NW,10,0.0,,5
3/25/2009,1010.4,32.0,23.7,28.4,78,92,64,VRB,1,NNE,10,0.0,,3
3/26/2009,1009.7,32.7,23.1,28.9,77,93,66,E,3,SE,17,20.7,,4
3/27/2009,1010.1,31.8,24.9,28.7,78,97,66,VRB,1,ESE,7,0.0,,4
3/28/2009,1009.8,31.8,24.6,29.0,77,87,66,S,3,S,12,0.0,,4
3/29/2009,1009.7,31.7,25.6,29.0,76,92,65,SW,3,SW,11,0.0,,4
3/30/2009,1008.9,32.0,23.6,28.7,78,91,64,W,4,NW,13,0.05,,5
3/31/2009,1007.3,32.3,24.6,29.4,75,93,66,NE,3,E,9,0.05,,4
4/1/2009,1008.2,32.6,23.4,28.4,81,97,70,VRB,2,SSE,23,16.1,,5
4/2/2009,1009.1,31.5,26.2,28.6,81,94,72,WSW,4,WSW,12,0.5,,7
4/3/2009,1009.5,31.2,24.8,28.3,81,90,68,WSW,4,W,14,4.1,,7
4/4/2009,1009.6,31.6,25.6,29.3,76,84,68,W,4,N,13,0.0,,5
4/5/2009,1009.6,32.1,24.6,28.5,80,92,63,SW,3,NW,17,0.05,,7
4/6/2009,1009.0,31.6,23.2,28.8,78,97,73,N,6,N,25,15.6,,7
4/7/2009,1009.2,30.6,24.4,27.1,84,91,65,WNW,13,W,35,10.1,,7
4/8/2009,1008.1,31.2,25.4,28.5,79,89,73,WNW,13,NW,30,1.3,,7
4/9/2009,1008.4,32.0,25.0,29.2,81,88,74,W,8,W,26,0.7,,6
4/10/2009,1008.4,31.5,24.7,28.0,84,91,72,W,8,W,28,19.1,,7
4/11/2009,1008.6,31.4,26.4,29.1,79,87,69,NW,7,NW,16,0.0,,7
4/12/2009,1008.5,31.8,27.3,29.4,76,83,68,WNW,9,WNW,17,0.0,,7
4/13/2009,1008.5,31.7,27.5,29.3,76,86,72,WNW,11,W,22,0.0,,7
4/14/2009,1008.8,31.8,24.0,29.6,78,84,72,W,12,WNW,29,0.2,,6
4/15/2009,1009.5,31.4,26.9,29.3,77,83,70,WNW,13,WNW,26,0.05,,7
4/16/2009,1008.3,31.7,26.8,29.2,76,81,70,WNW,11,WNW,21,0.0,,7
4/17/2009,1008.1,31.5,26.6,28.0,76,83,66,WNW,8,WNW,16,0.0,,6
4/18/2009,1009.6,31.4,25.9,28.9,77,86,63,WNW,6,NW,13,0.0,,4
4/19/2009,1011.1,31.3,23.6,28.1,78,92,69,VRB,2,W,10,0.0,,2
4/20/2009,1010.3,31.2,25.8,28.5,83,99,71,WNW,3,W,10,0.0,,3
4/21/2009,1009.9,31.6,26.2,29.2,78,86,72,WNW,5,WNW,12,0.0,,3
4/22/2009,1010.8,32.0,27.0,29.5,79,87,71,W,5,WNW,11,0.05,,4
4/23/2009,1010.7,32.1,27.0,29.6,79,86,69,W,5,W,11,0.5,,3
4/24/2009,1010.5,32.3,24.4,29.7,79,91,78,W,6,W,17,8.4,,4
4/25/2009,1010.9,30.8,23.4,27.5,87,97,68,W,7,W,29,27.9,,7
4/26/2009,1010.2,31.9,25.5,29.3,79,92,69,W,5,WNW,13,0.05,,4
4/27/2009,1010.0,31.8,24.4,28.7,81,93,72,WNW,3,WNW,9,0.0,,3
4/28/2009,1010.8,32.0,25.1,28.6,81,93,75,WSW,4,W,20,11.9,,4
4/29/2009,1011.7,31.6,24.4,27.8,84,93,65,S,6,S,23,7.1,,6
4/30/2009,1011.4,32.0,25.5,29.0,75,84,69,S,4,SSE,12,0.8,,6
5/1/2009,1011.2,32.4,24.1,28.6,82,95,70,VRB,1,SSE,10,0.2,,4
5/2/2009,1012.3,32.0,23.0,27.6,86,98,65,NW,3,W,20,54.3,,6
5/3/2009,1011.9,32.5,24.3,28.6,79,93,68,VRB,2,WNW,8,0.0,,5
5/4/2009,1010.5,31.9,26.4,29.4,76,84,66,S,6,SSW,12,0.05,,3
5/5/2009,1010.5,32.6,24.6,29.4,77,92,68,SE,3,SSE,9,0.0,,3
5/6/2009,1010.2,32.7,24.1,28.7,81,97,66,VRB,2,W,16,7.4,,5
5/7/2009,1009.3,32.0,26.4,29.2,78,97,68,WSW,3,SSE,11,0.0,,4
5/8/2009,1009.3,32.2,24.0,28.8,80,93,71,S,5,SSW,22,26.2,,5
5/9/2009,1008.9,32.7,26.0,29.4,77,85,73,S,7,S,16,0.05,,5
5/10/2009,1008.5,32.0,24.3,28.5,82,94,72,S,9,WSW,25,12.1,,7
5/11/2009,1009.0,31.6,26.6,29.1,78,90,72,WSW,8,W,19,0.05,,7
5/12/2009,1009.4,32.0,24.4,28.2,82,94,77,SW,8,W,25,20.3,,7
5/13/2009,1009.2,29.8,22.3,27.1,86,97,73,WSW,11,WSW,28,42.3,,7
5/14/2009,1009.2,28.6,22.2,26.6,87,100,68,W,12,WNW,38,98.4,,8
5/15/2009,1009.3,31.5,24.9,28.4,81,92,67,SW,7,W,20,2.0,,7
5/16/2009,1010.0,30.6,24.6,28.3,79,85,70,SW,6,W,18,0.4,,7
5/17/2009,1010.0,31.5,27.1,29.3,75,80,69,SW,7,SSW,14,0.0,,6
5/18/2009,1009.8,31.8,23.3,28.9,79,95,69,SSW,9,WSW,30,35.2,,7
5/19/2009,1010.3,31.5,25.8,28.9,79,89,72,SSW,7,SSW,15,0.5,,7
5/20/2009,1009.9,30.5,25.8,28.5,78,92,65,S,10,SW,23,1.6,,7
5/21/2009,1009.7,31.4,26.6,28.9,71,76,67,S,8,S,15,0.0,,6
5/22/2009,1009.2,31.2,26.5,29.1,71,75,66,S,10,S,17,0.0,,6
5/23/2009,1008.2,31.4,26.4,28.9,71,76,66,SW,9,WSW,16,0.0,,6
5/24/2009,1007.7,31.0,27.2,29.0,70,78,66,W,9,W,20,0.0,,7
5/25/2009,1007.4,31.6,26.0,29.3,73,79,69,W,10,SW,19,0.0,,7
5/26/2009,1007.1,31.3,24.1,29.2,73,79,73,SW,6,SW,12,4.6,,7
5/27/2009,1008.0,31.1,24.5,28.6,79,92,68,W,8,W,24,0.8,,7
5/28/2009,1008.8,31.4,27.5,29.4,77,84,72,W,10,W,19,0.0,,7
5/29/2009,1009.7,32.0,27.0,29.5,78,83,70,W,8,W,19,1.0,,5
5/30/2009,1009.4,32.0,24.2,29.3,77,82,68,WSW,6,W,13,0.0,,6
5/31/2009,1009.9,31.6,24.5,28.8,78,93,70,WSW,3,SW,9,0.0,,5
6/1/2009,1010.4,31.5,24.3,28.5,82,93,71,S,3,SW,9,0.0,,6
6/2/2009,1011.2,31.5,24.4,28.3,82,93,72,VRB,2,SW,9,0.0,,6
6/3/2009,1012.0,31.4,24.4,28.5,82,93,69,SW,3,SSW,9,0.0,,6
6/4/2009,1011.7,31.6,26.8,29.1,76,90,71,SSW,5,SSW,12,0.05,,5
6/5/2009,1010.6,32.0,26.9,29.3,77,87,69,SSW,9,S,18,0.8,,7
6/6/2009,1010.2,31.4,26.9,29.2,75,81,69,S,10,SSW,19,0.0,,7
6/7/2009,1010.4,31.2,26.2,29.0,75,81,72,S,7,S,13,0.0,,7
6/8/2009,1010.9,31.4,24.1,28.6,82,97,72,S,4,S,10,0.05,,6
6/9/2009,1011.3,31.4,24.2,28.5,81,95,69,S,4,S,14,3.1,,4
6/10/2009,1011.4,31.1,24.2,28.6,79,93,73,S,8,S,22,2.0,,6
6/11/2009,1011.7,30.1,25.5,27.5,81,95,67,S,9,SSW,26,0.05,,7
6/12/2009,1011.5,31.2,26.3,28.7,75,80,65,SSW,6,S,13,0.0,,6
6/13/2009,1012.4,31.1,22.8,27.8,77,91,64,S,4,S,13,0.0,,5
6/14/2009,1012.2,30.9,22.6,27.2,78,92,68,SW,3,SW,10,0.0,,5
6/15/2009,1011.3,31.1,25.2,28.3,79,93,71,W,3,W,8,0.0,,4
6/16/2009,1011.0,31.6,24.6,28.0,82,93,70,W,4,S,10,0.0,,6
6/17/2009,1010.2,30.9,26.5,28.7,78,90,73,S,9,S,21,0.05,,6
6/18/2009,1009.8,30.5,26.7,28.8,76,83,63,S,10,S,19,0.05,,7
6/19/2009,1010.1,31.0,26.6,28.8,71,74,67,SW,8,SW,14,0.0,,7
6/20/2009,1010.5,30.8,26.3,29.0,73,81,72,SW,9,WSW,19,0.05,,7
6/21/2009,1010.8,30.7,23.6,28.2,82,98,73,WSW,8,SW,33,25.0,,7
6/22/2009,1010.8,30.2,25.5,28.1,79,89,71,SSW,6,SW,16,0.9,,7
6/23/2009,1009.7,31.0,26.3,28.5,78,88,70,S,6,S,13,0.1,,7
6/24/2009,1009.7,31.3,25.1,28.5,79,89,75,S,5,SSW,12,0.05,,7
6/25/2009,1010.4,30.5,26.1,28.3,81,87,71,WSW,4,WSW,14,0.0,,7
6/26/2009,1010.4,31.6,24.7,28.6,77,86,71,WSW,4,WSW,11,0.0,,7
6/27/2009,1010.0,30.9,25.0,28.4,78,87,69,WSW,4,WSW,12,0.0,,7
6/28/2009,1009.3,30.6,23.5,28.2,78,89,70,S,4,SSW,9,0.05,,7
6/29/2009,1009.3,31.4,25.8,28.5,81,96,76,S,4,S,12,0.0,,7
6/30/2009,1010.5,30.8,25.0,28.1,83,90,71,S,8,S,25,0.6,,7
7/1/2009,1011.3,31.3,25.2,28.7,79,87,69,S,6,S,15,0.0,,6
7/2/2009,1010.3,31.4,23.1,27.8,80,92,71,WSW,3,WSW,13,0.0,,6
7/3/2009,1009.5,30.5,23.5,27.8,81,94,65,S,6,W,37,1.2,,7
7/4/2009,1008.8,31.5,24.2,28.3,79,93,68,W,4,WSW,12,0.5,,6
7/5/2009,1008.4,30.7,25.2,28.0,81,94,78,S,5,S,13,0.6,,6
7/6/2009,1008.2,30.6,24.1,28.7,84,91,72,ESE,5,NE,20,0.8,,7
7/7/2009,1009.1,29.9,23.8,27.6,82,98,75,S,6,SSW,26,8.0,,7
7/8/2009,1010.0,30.1,24.1,28.0,81,88,69,S,7,S,15,0.0,,7
7/9/2009,1010.2,31.1,26.6,28.7,80,93,74,SSE,5,ESE,14,0.0,,6
7/10/2009,1010.3,31.0,25.5,29.0,81,85,73,SE,5,SE,12,0.05,,6
7/11/2009,1010.7,32.0,26.9,29.3,80,86,72,ESE,3,SE,11,0.0,,4
7/12/2009,1010.6,31.5,24.0,28.4,83,96,71,SE,3,SE,11,0.0,,3
7/13/2009,1011.0,31.0,24.8,28.3,82,94,71,S,7,S,19,1.0,,7
7/14/2009,1010.1,31.1,25.4,28.7,80,87,74,S,12,S,22,0.8,,7
7/15/2009,1009.8,31.2,25.6,28.6,83,93,77,S,12,S,21,0.5,,7
7/16/2009,1009.6,30.9,25.7,28.7,83,92,74,SSE,12,SSE,22,1.8,,7
7/17/2009,1009.6,31.5,26.9,29.0,82,85,76,SE,9,SE,19,0.05,,7
7/18/2009,1010.4,31.2,26.0,29.2,82,86,74,SE,7,SE,17,0.05,,7
7/19/2009,1011.2,31.6,24.4,28.4,85,95,71,SE,3,SE,11,0.05,,7
7/20/2009,1011.4,31.0,22.2,27.3,87,100,72,SSW,5,NW,27,61.9,,7
7/21/2009,1011.6,29.6,23.1,27.0,85,95,70,S,7,S,27,6.1,,7
7/22/2009,1010.6,30.8,23.0,26.8,85,97,71,VRB,2,SSW,11,0.05,,7
7/23/2009,1010.9,31.0,22.8,27.6,83,94,66,VRB,2,ESE,9,0.0,,6
7/24/2009,1011.0,31.7,23.1,27.8,81,96,66,VRB,1,N,6,0.0,,6
7/25/2009,1011.6,31.9,22.5,28.1,81,96,69,VRB,1,NNE,7,0.0,,4
7/26/2009,1011.6,31.9,22.0,27.4,83,96,70,VRB,1,E,7,0.0,,3
7/27/2009,1011.4,31.7,21.7,26.9,82,95,68,SSW,3,SSW,10,0.0,,2
7/28/2009,1011.6,31.5,22.3,27.0,81,96,71,VRB,1,WSW,6,0.0,,3
7/29/2009,1011.7,31.3,26.5,28.9,76,81,67,SE,4,SE,12,0.0,,3
7/30/2009,1012.4,31.4,26.3,29.2,76,83,72,SE,5,SE,11,0.0,,2
7/31/2009,1012.2,31.4,25.0,28.9,79,87,73,S,6,S,15,0.0,,5
8/1/2009,1011.5,31.2,25.2,28.5,80,87,73,S,5,S,13,0.0,,6
8/2/2009,1011.3,31.4,25.8,28.8,81,89,74,W,4,W,12,0.0,,4
8/3/2009,1011.9,31.5,27.2,29.1,79,84,70,WSW,5,SW,13,0.0,,6
8/4/2009,1012.1,32.3,24.4,28.6,79,83,75,SSW,8,SSW,19,4.0,,6
8/5/2009,1011.6,28.8,22.9,26.3,86,100,70,SSE,5,WNW,23,77.0,,7
8/6/2009,1011.4,30.8,22.4,26.6,84,96,69,S,5,SW,22,1.4,,7
8/7/2009,1011.3,30.6,24.8,27.7,79,97,70,S,4,S,12,0.4,,7
8/8/2009,1010.4,31.1,23.0,27.4,84,93,85,WNW,8,NW,29,19.8,,7
8/9/2009,1010.4,27.9,23.3,25.8,89,95,75,NW,5,W,21,13.1,,7
8/10/2009,1009.9,31.0,23.4,27.4,85,94,73,WNW,8,NW,31,6.9,,7
8/11/2009,1010.7,28.9,23.6,26.2,86,94,70,WSW,7,WSW,22,10.4,,7
8/12/2009,1010.0,30.3,23.4,27.9,80,89,73,S,5,WSW,18,3.4,,7
8/13/2009,1010.1,29.7,22.3,26.7,87,99,70,S,5,NNW,25,32.0,,7
8/14/2009,1011.0,30.4,24.2,26.8,86,96,70,S,3,WSW,18,0.05,,7
8/15/2009,1010.6,31.1,22.4,27.7,79,93,71,SW,7,W,24,8.0,,7
8/16/2009,1010.7,29.4,23.1,26.4,84,94,72,W,3,W,24,11.3,,7
8/17/2009,1010.0,30.6,23.2,27.8,80,93,68,SW,7,WSW,21,6.6,,7
8/18/2009,1010.1,30.6,22.2,27.0,82,100,81,WSW,8,NW,31,52.3,,7
8/19/2009,1010.8,29.5,23.0,25.5,89,98,76,W,4,W,14,6.0,,7
8/20/2009,1011.4,29.8,21.8,26.6,85,100,74,S,8,NW,22,23.0,,7
8/21/2009,1011.9,30.0,25.2,27.6,81,90,72,S,6,S,18,2.6,,7
8/22/2009,1011.6,30.0,25.6,27.8,81,90,71,SSW,6,SSW,12,0.0,,7
8/23/2009,1011.3,31.0,25.5,28.4,78,84,68,SSE,6,S,16,0.0,,5
8/24/2009,1011.1,31.0,23.8,27.9,81,93,75,SE,3,SSE,11,0.05,,5
8/25/2009,1011.8,30.0,24.0,26.5,88,94,69,S,4,SSE,21,2.5,,7
8/26/2009,1012.0,30.9,23.0,28.3,79,90,77,SSW,5,SW,11,11.7,,6
8/27/2009,1012.6,29.5,22.3,25.7,87,97,70,WSW,8,S,29,23.1,,7
8/28/2009,1011.8,30.8,25.4,28.1,78,86,70,WSW,6,W,17,0.05,,7
8/29/2009,1011.2,30.7,23.9,28.3,78,88,67,SW,5,SW,13,2.6,,7
8/30/2009,1011.5,31.1,22.7,27.3,83,95,70,VRB,2,SSW,13,0.0,,7
8/31/2009,1011.9,31.1,24.0,28.1,78,95,68,VRB,2,E,9,0.0,,6
9/1/2009,1011.6,31.3,24.7,28.3,79,93,72,S,3,S,9,0.05,,6
9/2/2009,1011.2,30.2,22.5,27.2,83,97,71,W,4,W,27,74.4,,5
9/3/2009,1011.3,30.6,23.9,28.2,79,93,70,WSW,7,WSW,24,0.6,,7
9/4/2009,1012.3,31.1,25.4,28.6,79,87,68,SSW,5,SSW,12,0.0,,7
9/5/2009,1011.9,31.5,25.2,28.8,79,89,71,SSE,5,NE,23,1.4,,7
9/6/2009,1010.5,31.5,24.0,27.7,85,96,75,S,4,SSE,15,5.0,,7
9/7/2009,1010.5,29.6,25.5,27.9,81,89,72,SSE,5,SSE,10,0.0,,7
9/8/2009,1011.0,31.2,22.5,28.4,81,89,70,S,4,ESE,14,10.1,,7
9/9/2009,1011.7,30.2,22.4,26.8,85,97,72,NW,6,NW,34,4.6,,7
9/10/2009,1010.3,31.4,23.0,27.7,80,95,68,NW,11,NW,37,14.7,,7
9/11/2009,1010.8,29.5,22.7,27.3,79,97,70,WNW,9,W,25,1.6,,7
9/12/2009,1011.5,31.1,25.6,28.9,78,83,69,WNW,8,NW,15,0.9,,7
9/13/2009,1012.6,31.3,23.8,28.5,81,94,73,W,7,W,27,8.3,,7
9/14/2009,1012.6,31.0,24.7,28.1,82,94,69,W,6,WSW,21,5.5,,7
9/15/2009,1010.8,31.3,25.4,28.9,76,81,66,W,7,W,15,0.0,,6
9/16/2009,1010.6,31.1,26.5,29.1,74,82,69,W,7,WSW,14,0.0,,5
9/17/2009,1011.6,31.4,26.0,29.1,76,86,70,W,8,W,15,0.0,,5
9/18/2009,1012.0,31.3,26.6,29.0,76,83,70,SSW,9,SSW,18,0.7,,6
9/19/2009,1012.1,31.5,26.2,29.0,76,82,69,SW,6,SSW,15,0.0,,6
9/20/2009,1011.7,31.4,24.3,28.2,82,97,68,WSW,4,WSW,15,12.2,,6
9/21/2009,1011.3,31.5,26.6,29.0,75,85,68,WSW,5,SW,12,0.05,,7
9/22/2009,1010.9,31.3,24.4,28.8,78,89,71,SW,6,SW,17,0.9,,6
9/23/2009,1012.0,31.0,23.6,28.0,80,93,71,WSW,8,WSW,28,2.5,,7
9/24/2009,1012.0,31.1,24.6,28.9,77,89,71,WSW,7,W,23,0.05,,7
9/25/2009,1012.2,30.6,22.9,27.5,84,93,71,W,7,W,34,18.3,,7
9/26/2009,1011.3,31.2,23.7,27.9,83,93,71,WSW,7,WSW,18,7.8,,7
9/27/2009,1010.3,31.4,26.4,28.7,79,86,69,W,9,W,20,3.3,,7
9/28/2009,1010.5,31.6,25.6,29.3,77,91,70,W,10,WSW,26,0.0,,7
9/29/2009,1010.7,31.5,26.5,29.4,77,85,68,WSW,7,W,17,0.5,,5
9/30/2009,1011.0,31.8,22.7,27.9,81,96,75,W,9,W,33,7.5,,6
10/1/2009,1011.0,30.3,24.2,27.8,81,98,72,WSW,8,WSW,30,0.05,,7
10/2/2009,1010.9,31.0,26.2,28.9,78,89,70,SW,9,WSW,17,0.0,,7
10/3/2009,1011.2,31.2,22.2,27.6,84,99,76,SW,7,WSW,29,4.1,,7
10/4/2009,1012.1,29.1,23.4,27.4,83,91,69,S,6,WNW,25,0.5,,7
10/5/2009,1012.1,31.8,24.0,28.5,80,97,66,VRB,2,S,11,0.0,,6
10/6/2009,1011.5,31.9,24.0,28.3,81,96,66,VRB,2,E,9,0.0,,6
10/7/2009,1011.3,31.0,25.5,28.4,76,84,69,WNW,4,WNW,10,0.0,,6
10/8/2009,1010.4,31.4,26.1,28.9,75,80,68,NW,7,NW,16,0.0,,4
10/9/2009,1010.2,31.4,25.8,28.8,76,82,70,NW,7,NW,14,0.0,,7
10/10/2009,1011.2,31.4,25.0,28.6,78,91,66,NW,4,NNW,16,0.05,,7
10/11/2009,1011.5,31.7,24.0,28.7,80,93,68,VRB,2,NW,10,0.0,,5
10/12/2009,1011.6,31.7,23.7,28.3,81,93,68,VRB,2,SSW,7,0.0,,5
10/13/2009,1011.4,31.9,24.4,28.5,81,95,64,VRB,2,SSW,9,0.0,,4
10/14/2009,1011.4,32.7,23.6,28.4,80,94,67,VRB,1,SSE,12,0.05,,4
10/15/2009,1011.3,32.2,24.3,28.5,79,95,68,SSW,3,SW,15,0.05,,4
10/16/2009,1011.4,31.2,25.0,27.9,80,91,72,WSW,6,SW,19,1.4,,6
10/17/2009,1010.7,31.2,24.5,27.8,83,97,77,SW,6,WSW,19,5.8,,7
10/18/2009,1010.5,30.9,23.5,26.6,89,98,74,WSW,9,WSW,29,27.3,,7
10/19/2009,1011.2,30.2,21.9,27.4,85,96,81,W,7,W,21,28.1,,7
10/20/2009,1011.9,28.7,22.1,26.0,91,100,79,WNW,5,W,14,45.4,,7
10/21/2009,1012.3,28.7,23.7,26.6,88,98,71,W,3,S,9,13.6,,7
10/22/2009,1012.4,30.5,24.8,26.9,88,98,79,VRB,2,S,13,18.3,,7
10/23/2009,1012.0,30.6,23.4,26.8,86,95,71,SSW,6,SW,16,12.2,,7
10/24/2009,1010.5,30.8,23.5,26.8,87,98,78,WSW,3,SW,14,10.1,,7
10/25/2009,1010.0,30.5,23.8,27.5,87,97,72,WSW,4,W,15,12.2,,7
10/26/2009,1010.6,29.8,23.1,26.9,87,97,71,SSW,3,ENE,13,2.1,,7
10/27/2009,1009.7,31.0,23.5,27.4,86,98,69,VRB,1,W,9,0.0,,4
10/28/2009,1009.3,31.2,25.3,28.4,82,97,70,SSE,5,S,16,0.05,,5
10/29/2009,1009.4,31.5,24.5,28.7,80,87,76,SSE,6,SE,16,2.0,,6
10/30/2009,1010.1,30.7,25.6,28.1,85,97,74,W,6,SW,18,0.05,,5
10/31/2009,1009.3,31.1,25.3,28.3,84,96,77,W,6,NW,18,4.9,,7
11/1/2009,1008.7,31.0,24.0,27.5,87,98,80,WSW,10,W,25,48.7,,6
11/2/2009,1009.0,28.4,24.3,27.3,86,94,82,WNW,12,WNW,28,1.8,,7
11/3/2009,1009.2,28.6,25.0,27.1,87,94,75,SW,8,N,18,0.2,,7
11/4/2009,1008.6,30.6,24.8,28.2,83,95,78,W,11,W,26,2.1,,7
11/5/2009,1008.2,30.1,23.6,27.6,85,97,76,W,13,WSW,30,11.4,,7
11/6/2009,1006.9,30.9,24.0,27.5,84,93,70,WSW,13,SW,31,6.0,,7
11/7/2009,1006.5,30.4,23.1,27.4,85,96,74,WSW,12,WNW,33,27.7,,7
11/8/2009,1006.9,29.9,24.3,27.4,86,97,75,W,14,W,37,8.2,,7
11/9/2009,1006.3,30.6,26.2,28.6,81,86,74,W,15,W,30,0.05,,7
11/10/2009,1005.3,29.7,23.2,27.8,83,96,83,W,13,W,26,19.8,,7
11/11/2009,1005.5,28.8,23.8,26.6,89,97,74,W,17,W,35,15.9,,7
11/12/2009,1008.0,28.9,23.8,27.4,83,92,75,WNW,14,WNW,35,2.8,,7
11/13/2009,1009.2,30.6,25.7,28.3,82,92,71,NW,9,NW,18,0.0,,7
11/14/2009,1009.0,30.7,25.7,28.3,81,87,69,WNW,7,WNW,14,0.0,,7
11/15/2009,1008.6,30.4,25.1,27.9,76,83,69,W,7,W,15,0.0,,7
11/16/2009,1009.6,30.3,23.0,27.3,79,93,68,WSW,4,WSW,13,0.0,,6
11/17/2009,1010.9,30.1,24.2,27.3,76,89,69,W,4,W,10,0.0,,2
11/18/2009,1011.8,30.0,22.4,26.7,79,91,67,W,4,W,13,0.0,,3
11/19/2009,1013.0,30.4,24.2,27.4,75,87,65,WSW,4,W,9,0.0,,4
11/20/2009,1013.6,30.4,24.3,27.2,77,86,66,W,4,WNW,9,0.0,,5
11/21/2009,1013.4,30.1,25.5,27.8,73,88,69,W,7,W,15,0.0,,4
11/22/2009,1012.5,30.5,25.7,28.1,75,80,71,W,7,W,16,0.0,,4
11/23/2009,1012.5,30.5,25.9,28.1,78,84,72,WSW,8,SW,16,0.0,,3
11/24/2009,1012.5,30.4,25.0,28.3,79,86,73,W,8,WSW,15,0.05,,4
11/25/2009,1012.2,30.7,25.4,28.2,78,89,68,WNW,9,NW,19,0.0,,4
11/26/2009,1011.6,30.8,24.8,28.2,78,92,80,WNW,8,NW,20,0.4,,4
11/27/2009,1011.6,30.0,22.9,25.7,91,98,70,W,5,WNW,21,8.9,,6
11/28/2009,1012.1,30.5,22.7,27.2,84,94,65,W,3,W,13,0.0,,5
11/29/2009,1011.7,30.6,24.3,27.7,82,98,74,WSW,3,W,15,1.3,,3
11/30/2009,1011.5,30.6,23.6,27.9,85,94,72,W,4,W,12,0.0,,3
12/1/2009,1011.5,31.2,24.2,27.9,84,98,73,VRB,2,S,13,0.05,,4
12/2/2009,1011.1,31.1,24.2,27.9,85,98,70,S,5,SSE,16,16.2,,4
12/3/2009,1011.6,30.5,24.8,28.1,81,92,72,SW,5,SSW,14,0.0,,3
12/4/2009,1011.3,31.0,25.7,28.3,80,89,73,W,5,WNW,12,0.0,,3
12/5/2009,1011.1,30.8,25.5,28.3,82,91,74,WNW,6,WNW,15,0.1,,4
12/6/2009,1010.2,30.6,23.8,28.2,82,93,73,WNW,4,WNW,15,1.4,,4
12/7/2009,1010.1,30.7,24.0,27.9,84,97,76,WNW,4,WNW,15,12.0,,4
12/8/2009,1009.6,30.6,25.3,28.1,84,92,73,NNW,3,ENE,15,0.0,,4
12/9/2009,1009.3,31.2,25.5,28.4,83,90,75,N,3,N,8,0.0,,4
12/10/2009,1008.2,31.3,27.0,29.0,81,86,71,NNE,4,N,19,0.05,,4
12/11/2009,1008.1,31.2,26.4,29.0,78,85,71,NNE,4,NNE,14,0.0,,5
12/12/2009,1008.9,31.0,24.3,28.3,82,97,74,NNE,4,S,10,5.3,,7
12/13/2009,1009.8,31.3,24.2,27.9,85,98,70,VRB,1,ESE,8,0.0,,7
12/14/2009,1010.6,30.6,22.9,27.8,85,98,74,N,4,W,21,19.4,,7
12/15/2009,1012.0,30.6,23.9,27.0,85,99,76,SW,5,SW,23,1.3,,7
12/16/2009,1011.6,31.2,25.2,28.8,82,88,76,W,6,WNW,15,0.8,,7
12/17/2009,1011.7,29.6,24.6,27.9,86,96,69,N,4,NW,16,1.6,,7
12/18/2009,1011.6,31.6,26.5,29.1,81,89,72,NNE,4,NNE,11,0.0,,6
12/19/2009,1011.4,31.8,26.7,29.3,80,87,73,ENE,5,ENE,12,0.05,,4
12/20/2009,1011.1,31.9,23.8,28.0,86,97,72,E,5,E,21,10.3,,6
12/21/2009,1010.5,32.0,23.1,27.4,87,97,71,E,4,E,18,22.7,,7
12/22/2009,1010.1,31.6,23.3,27.3,87,99,72,VRB,2,N,16,43.6,,7
12/23/2009,1009.8,31.3,25.4,28.5,83,95,73,E,5,E,18,3.4,,6
12/24/2009,1009.7,31.4,23.7,27.8,86,100,75,ESE,7,ESE,24,10.6,,7
12/25/2009,1010.0,30.4,22.8,27.0,90,97,74,W,6,WNW,23,32.9,,7
12/26/2009,1010.0,31.5,25.1,28.1,85,97,73,W,3,WSW,14,0.0,,7
12/27/2009,1009.7,31.6,24.8,28.8,81,88,84,W,7,WNW,26,2.1,,7
12/28/2009,1010.1,29.4,22.9,26.0,92,100,82,W,7,WSW,34,70.0,,8
12/29/2009,1009.9,29.5,24.5,27.1,86,96,72,W,8,SSW,26,4.2,,7
12/30/2009,1009.8,31.2,23.7,28.7,81,87,82,W,7,W,16,3.7,,7
12/31/2009,1009.8,29.5,23.5,27.2,89,97,75,WNW,5,SW,29,19.0,,7
1/1/2010,1010.0,31.0,25.2,28.7,82,90,72,N,6,WNW,16,0.0,,7
1/2/2010,1011.6,31.1,26.2,28.4,80,91,71,N,4,NNE,15,0.2,,7
1/3/2010,1011.9,31.4,24.2,28.9,79,85,74,N,3,NNE,11,0.0,,4
1/4/2010,1011.2,30.8,25.8,28.2,82,93,73,NW,4,NNW,12,0.0,,7
1/5/2010,1009.5,31.0,26.5,28.7,80,84,68,W,7,W,14,0.0,,6
1/6/2010,1009.0,30.9,24.4,28.4,78,85,69,N,7,NW,17,0.05,,6
1/7/2010,1009.7,30.8,26.3,28.4,75,84,68,NNE,4,NNE,13,0.0,,6
1/8/2010,1009.8,30.6,26.5,28.5,75,79,70,NNE,6,NNE,17,0.0,,5
1/9/2010,1010.1,31.4,24.9,28.8,78,85,72,N,6,NE,15,0.0,,6
1/10/2010,1011.5,31.1,25.4,28.6,80,88,68,NNE,3,N,10,0.0,,7
1/11/2010,1012.4,31.3,23.1,28.4,81,97,69,VRB,2,E,7,0.0,,4
1/12/2010,1013.2,31.6,22.6,27.6,85,97,70,CALM,0,N,4,0.0,,3
1/13/2010,1013.1,31.8,23.4,28.1,82,98,68,VRB,2,NE,12,1.1,,3
1/14/2010,1013.1,32.2,26.3,29.0,78,98,66,ENE,4,ENE,11,0.0,,3
1/15/2010,1013.5,31.6,25.4,28.9,77,84,70,ENE,3,ENE,10,0.0,,3
1/16/2010,1014.4,32.0,24.8,28.3,83,93,73,NE,3,NE,10,1.3,,5
1/17/2010,1015.0,30.9,23.6,27.5,84,93,75,NNE,4,NNE,20,6.6,,7
1/18/2010,1014.1,29.9,24.5,27.2,85,96,71,NNE,3,NNE,13,1.0,,7
1/19/2010,1012.4,31.0,23.4,27.7,85,97,75,E,4,N,19,14.0,,6
1/20/2010,1012.7,30.2,25.2,27.5,85,93,66,NNE,6,N,21,2.0,,7
1/21/2010,1011.8,31.3,26.3,29.0,78,88,71,ENE,6,NE,17,0.8,,5
1/22/2010,1011.6,31.1,26.9,29.1,79,86,76,ENE,5,NE,14,0.7,,6
1/23/2010,1011.6,30.5,25.1,28.6,81,92,71,NNE,6,NNE,18,0.2,,7
1/24/2010,1010.9,31.4,26.7,29.0,78,82,69,NE,5,NE,16,0.0,,7
1/25/2010,1011.2,31.4,26.3,28.9,76,80,67,NE,5,NE,14,1.0,,6
1/26/2010,1011.3,31.3,25.8,28.9,78,90,74,NE,4,NE,14,1.0,,3
1/27/2010,1011.2,31.5,26.3,28.9,81,85,71,NE,5,NNE,14,2.2,,7
1/28/2010,1011.3,31.5,25.3,29.0,81,86,76,NNE,5,NE,17,4.0,,6
1/29/2010,1011.5,30.7,23.4,27.9,86,100,77,NNE,6,ENE,21,39.9,,7
1/30/2010,1011.9,29.9,22.7,27.3,88,100,81,NNE,5,ESE,24,66.3,,7
1/31/2010,1012.8,28.9,23.5,26.1,90,100,71,N,5,NW,14,8.0,,7
2/1/2010,1011.5,31.4,26.6,28.6,82,90,72,ENE,4,NE,12,0.05,,6
2/2/2010,1010.8,31.7,24.4,29.0,82,93,70,NE,4,NE,16,0.6,,5
2/3/2010,1010.7,31.1,25.4,28.4,84,96,80,NE,5,NNE,16,0.05,,7
2/4/2010,1011.0,31.6,25.0,28.4,86,95,76,ENE,4,NE,21,8.2,,7
2/5/2010,1011.1,30.9,26.2,28.7,85,96,76,N,5,N,19,3.8,,6
2/6/2010,1011.5,31.1,26.1,29.0,81,87,73,NNE,5,NNE,15,0.0,,5
2/7/2010,1011.1,31.6,26.8,29.3,80,86,70,NE,5,NNE,15,0.0,,5
2/8/2010,1010.4,31.0,26.8,29.1,78,85,73,NNE,7,NNE,18,0.0,,5
2/9/2010,1010.1,30.8,25.4,28.7,79,85,76,NNE,5,NNE,17,0.0,,7
2/10/2010,1010.8,30.8,22.8,27.2,88,99,75,NNW,5,W,27,7.1,,7
2/11/2010,1011.7,30.8,26.6,28.5,80,88,69,N,6,NNE,16,0.05,,7
2/12/2010,1011.3,31.8,23.5,28.1,82,97,71,NE,3,E,15,13.9,,6
2/13/2010,1011.2,30.1,24.5,27.3,83,96,75,NNW,3,NNW,11,0.0,,7
2/14/2010,1009.8,30.9,26.2,28.3,83,95,72,NNE,3,N,12,0.0,,7
2/15/2010,1009.4,31.5,25.5,29.0,83,90,74,NE,3,NE,10,0.0,,4
2/16/2010,1010.1,31.2,26.1,28.7,83,94,74,NNE,5,NNE,19,0.2,,5
2/17/2010,1011.7,31.0,24.7,28.6,83,95,70,N,5,NNE,16,2.0,,7
2/18/2010,1012.5,29.7,23.2,27.2,83,97,72,N,4,N,17,0.1,,7
2/19/2010,1012.3,31.5,26.6,28.5,81,97,75,NNE,3,NE,11,0.0,,5
2/20/2010,1011.7,31.4,26.7,28.9,82,87,76,NNE,4,NE,12,0.0,,6
2/21/2010,1011.2,32.2,26.8,29.3,82,88,75,NE,4,ENE,11,0.0,,5
2/22/2010,1011.3,31.6,26.6,29.0,84,89,70,N,5,N,16,0.0,,6
2/23/2010,1010.9,31.9,27.1,29.4,79,87,70,NE,5,ENE,13,0.0,,6
2/24/2010,1010.3,32.1,26.6,29.4,77,82,66,NE,4,NE,12,0.0,,7
2/25/2010,1010.0,31.8,26.6,29.3,75,82,72,ENE,4,ENE,11,0.0,,5
2/26/2010,1010.3,31.9,26.7,29.4,80,85,73,NE,4,NNE,12,0.0,,3
2/27/2010,1010.7,31.6,26.3,28.9,80,85,72,N,4,N,12,0.0,,5
2/28/2010,1011.3,31.5,26.6,28.9,77,86,67,N,5,NNE,13,0.0,,3
3/1/2010,1011.7,32.0,26.6,29.5,75,80,70,NNE,3,NE,10,0.0,,3
3/2/2010,1010.9,32.2,26.7,29.3,78,86,73,NE,3,ENE,12,0.0,,6
3/3/2010,1010.6,32.1,27.0,29.3,81,89,68,N,5,N,14,0.0,,7
3/4/2010,1011.6,31.4,24.2,28.7,77,91,70,N,4,NNE,12,0.0,,6
3/5/2010,1012.2,31.4,23.3,27.8,82,95,73,VRB,2,WNW,8,0.0,,2
3/6/2010,1013.0,31.3,26.3,28.5,80,95,72,NNW,5,N,12,0.0,,5
3/7/2010,1012.2,31.4,26.7,29.1,79,84,73,NNW,8,NNW,16,0.0,,5
3/8/2010,1012.1,31.4,26.5,29.1,79,85,69,NW,9,NNW,18,0.0,,6
3/9/2010,1011.8,31.2,25.6,28.9,78,89,73,NNW,7,NNW,18,0.7,,4
3/10/2010,1011.3,31.5,27.3,29.2,80,87,68,N,5,N,15,0.0,,4
3/11/2010,1012.1,32.6,24.3,29.0,81,96,74,NE,4,SE,20,11.7,,7
3/12/2010,1012.4,31.6,25.5,28.7,83,97,74,E,6,E,20,0.6,,7
3/13/2010,1011.8,32.0,26.7,29.0,82,94,70,ENE,4,ENE,10,0.0,,6
3/14/2010,1011.0,32.0,24.5,29.4,80,91,69,ENE,3,NNE,10,0.1,,3
3/15/2010,1011.3,31.7,24.0,28.1,84,96,71,VRB,2,S,12,0.0,,6
3/16/2010,1011.0,31.5,23.8,28.5,82,97,74,W,3,WNW,11,13.6,,3
3/17/2010,1012.2,31.5,24.1,28.4,84,98,76,NNW,5,SW,25,12.5,,6
3/18/2010,1012.1,30.3,24.3,27.4,87,96,71,NNE,3,W,21,0.0,,7
3/19/2010,1011.2,31.8,26.3,29.4,80,94,70,NE,3,NNE,10,0.0,,5
3/20/2010,1010.7,32.5,27.0,29.8,78,87,72,NE,3,NE,9,0.0,,6
3/21/2010,1009.7,32.3,25.2,29.3,80,90,72,N,3,NNE,11,0.0,,5
3/22/2010,1008.3,31.6,27.0,29.4,79,86,71,NW,6,NW,15,0.0,,3
3/23/2010,1007.6,31.5,26.4,29.3,80,90,71,WNW,6,W,16,0.0,,4
3/24/2010,1008.0,31.7,26.4,29.2,79,85,73,NW,6,NW,13,0.0,,6
3/25/2010,1008.6,31.8,24.5,29.2,80,93,71,NNW,5,WNW,25,11.6,,6
3/26/2010,1009.7,31.6,25.6,29.3,79,87,73,NW,5,WNW,13,0.0,,7
3/27/2010,1009.9,31.8,25.3,29.1,82,92,69,WNW,3,WNW,10,0.0,,7
3/28/2010,1010.2,32.2,24.3,29.0,81,95,69,VRB,2,NW,10,0.0,,3
3/29/2010,1011.0,32.5,26.2,29.1,81,96,73,VRB,2,NE,9,0.0,,5
3/30/2010,1012.1,31.4,23.3,28.2,88,98,77,VRB,1,SSW,19,25.2,,7
3/31/2010,1012.2,31.0,25.0,27.8,88,99,71,W,3,SSW,23,4.5,,6
4/1/2010,1011.1,32.2,27.5,29.7,78,92,68,W,6,W,15,0.0,,5
4/2/2010,1010.5,32.0,27.5,29.9,73,78,67,W,8,W,17,0.0,,4
4/3/2010,1010.7,32.2,26.4,30.0,74,85,71,WSW,7,W,16,0.5,,4
4/4/2010,1010.7,32.0,27.2,29.8,78,88,74,WSW,8,SW,17,0.0,,4
4/5/2010,1009.9,31.8,25.6,29.2,82,92,75,WSW,7,SW,17,1.4,,5
4/6/2010,1009.7,31.8,26.0,28.8,83,91,72,W,7,W,19,0.0,,6
4/7/2010,1010.2,31.8,25.4,29.2,82,90,71,WNW,6,W,17,0.6,,6
4/8/2010,1011.2,31.9,26.1,29.6,80,93,70,W,4,W,11,0.0,,4
4/9/2010,1009.7,32.2,25.8,29.9,80,92,69,NW,5,N,15,0.5,,4
4/10/2010,1008.5,31.7,25.8,29.5,82,92,72,NNW,3,NNW,12,1.3,,7
4/11/2010,1008.7,32.6,25.7,29.0,85,93,71,E,4,E,15,0.3,,7
4/12/2010,1009.5,32.1,24.0,29.1,84,98,82,SSW,5,W,20,35.8,,7
4/13/2010,1010.4,30.8,23.8,26.9,90,100,75,WSW,9,W,23,33.4,,7
4/14/2010,1009.7,31.6,26.6,29.4,82,88,70,WNW,5,WNW,17,0.05,,5
4/15/2010,1010.3,32.4,26.7,30.1,78,86,71,W,5,W,15,0.05,,5
4/16/2010,1010.5,32.5,26.8,30.1,77,88,74,WSW,5,SSW,12,0.05,,5
4/17/2010,1011.1,32.3,24.9,29.0,84,94,74,W,5,WSW,20,19.4,,6
4/18/2010,1011.0,32.2,23.7,28.9,84,100,70,SW,6,W,32,50.0,,6
4/19/2010,1010.3,31.9,25.9,29.6,80,87,70,WSW,7,SSW,22,0.6,,6
4/20/2010,1009.9,32.5,24.7,28.9,83,99,74,WSW,8,WSW,33,32.0,,7
4/21/2010,1010.1,31.4,25.6,28.5,86,95,72,SW,9,SW,24,3.9,,7
4/22/2010,1009.9,32.0,27.4,29.6,79,86,71,S,8,SW,19,0.0,,6
4/23/2010,1010.3,32.7,26.3,29.9,80,94,70,S,4,S,15,0.0,,5
4/24/2010,1009.9,32.4,27.8,30.2,78,85,72,W,5,W,13,0.0,,3
4/25/2010,1009.9,32.5,27.9,30.3,78,84,70,W,6,W,13,0.0,,3
4/26/2010,1011.3,32.3,25.6,29.9,79,92,72,SSW,5,SSW,15,0.05,,4
4/27/2010,1011.7,32.0,24.7,29.1,84,96,71,VRB,2,SE,7,0.0,,5
4/28/2010,1010.1,33.1,24.8,29.1,83,97,68,VRB,2,NNW,10,0.0,,4
4/29/2010,1009.4,32.4,25.4,29.3,79,94,66,SSW,4,SSW,12,0.0,,3
4/30/2010,1009.0,32.5,27.5,30.1,78,90,71,SSE,6,SSE,14,0.05,,6
5/1/2010,1008.8,33.1,27.5,30.3,80,91,78,N,4,NNE,15,1.4,,6
5/2/2010,1008.8,31.8,24.6,28.7,86,97,68,VRB,2,E,17,3.0,,7
5/3/2010,1008.2,33.2,25.6,29.2,81,97,74,VRB,2,S,14,0.0,,5
5/4/2010,1007.1,32.1,26.6,29.6,82,92,72,SSW,7,WSW,18,0.0,,7
5/5/2010,1006.9,32.6,25.4,29.5,83,94,77,W,6,NW,20,0.6,,7
5/6/2010,1007.1,31.8,26.2,28.9,83,91,81,W,11,WNW,25,1.7,,7
5/7/2010,1007.7,29.8,24.2,27.5,89,100,76,WSW,9,SW,28,20.6,,7
5/8/2010,1007.8,31.0,25.6,29.0,83,96,78,WSW,11,WSW,29,11.2,,7
5/9/2010,1007.7,30.9,24.5,28.6,85,97,71,WSW,9,SW,28,15.1,,7
5/10/2010,1007.3,31.5,25.8,29.2,84,94,76,W,11,W,26,2.4,,7
5/11/2010,1007.5,32.3,23.8,28.8,87,98,81,W,13,W,37,38.8,,7
5/12/2010,1009.6,29.5,24.0,27.5,88,97,74,W,17,W,38,12.9,,8
5/13/2010,1009.4,31.8,25.0,29.8,80,86,81,WSW,11,WSW,23,1.2,,6
5/14/2010,1009.2,30.5,23.6,27.8,87,97,73,WSW,10,WNW,34,14.5,,7
5/15/2010,1008.0,31.1,27.2,29.2,80,85,74,SSW,7,SSW,15,0.0,,6
5/16/2010,1008.6,30.9,26.8,28.9,81,85,72,WSW,5,S,13,0.0,,7
5/17/2010,1008.7,32.0,25.8,29.5,81,97,76,S,7,S,16,3.5,,5
5/18/2010,1008.9,32.1,25.6,29.0,83,94,70,S,6,S,18,1.5,,7
5/19/2010,1009.0,31.9,26.5,29.5,78,90,71,S,9,S,17,0.05,,7
5/20/2010,1010.0,31.7,27.2,29.2,76,81,72,S,9,S,20,0.05,,7
5/21/2010,1010.1,31.6,26.5,29.6,77,82,72,S,9,S,17,1.2,,7
5/22/2010,1009.9,31.7,26.6,29.3,79,92,70,S,8,SSW,19,0.0,,7
5/23/2010,1009.5,32.0,27.2,29.5,79,86,67,SSE,7,SSE,17,0.0,,7
5/24/2010,1010.0,32.3,26.5,29.6,78,84,70,SSE,8,SSE,17,0.0,,5
5/25/2010,1010.5,31.5,25.8,28.9,78,87,75,S,5,S,13,0.0,,6
5/26/2010,1010.6,31.9,24.8,28.8,84,96,72,SSW,4,S,12,0.0,,6
5/27/2010,1009.9,31.8,27.0,29.5,81,92,73,SSE,6,SE,13,0.0,,4
5/28/2010,1010.4,32.1,27.5,29.8,80,85,69,SE,9,SSE,16,0.0,,5
5/29/2010,1010.5,32.0,26.6,29.6,77,83,71,SSE,8,SSE,17,0.0,,5
5/30/2010,1010.5,31.9,24.1,28.6,83,94,69,SSE,5,S,14,0.0,,6
5/31/2010,1010.4,31.7,23.6,28.0,83,96,71,VRB,2,SSW,8,0.0,,4
6/1/2010,1010.4,31.5,24.6,28.2,83,95,69,S,3,SSW,10,0.0,,4
6/2/2010,1011.5,31.9,23.9,28.5,81,94,66,SSW,3,SSW,11,0.0,,4
6/3/2010,1012.4,32.4,26.4,29.1,79,95,71,SW,3,SW,9,0.0,,3
6/4/2010,1013.1,32.1,27.7,29.8,79,85,67,S,7,S,14,0.05,,7
6/5/2010,1012.7,31.9,27.0,29.4,79,85,74,SW,5,SW,14,0.4,,7
6/6/2010,1011.5,31.7,27.3,29.4,81,88,74,SW,6,SW,14,0.05,,7
6/7/2010,1011.3,32.0,26.6,29.1,83,89,77,WSW,5,SW,12,2.4,,6
6/8/2010,1010.7,31.5,27.2,29.3,82,88,71,SW,6,SW,14,0.05,,7
6/9/2010,1009.7,31.7,26.3,29.2,78,85,76,SSW,8,SSW,15,0.05,,7
6/10/2010,1009.3,31.2,23.5,28.1,85,95,70,S,7,S,21,9.6,,7
6/11/2010,1008.4,31.4,26.0,28.6,83,91,72,SSE,9,S,19,1.1,,7
6/12/2010,1008.2,31.4,26.1,28.9,79,88,72,S,9,S,17,0.6,,7
6/13/2010,1009.3,31.2,23.9,28.5,78,84,67,SSW,5,S,13,0.0,,7
6/14/2010,1010.1,31.9,22.6,27.7,81,94,66,VRB,1,W,7,0.0,,4
6/15/2010,1010.3,32.3,25.9,28.8,77,97,66,VRB,1,NE,6,0.0,,3
6/16/2010,1010.4,32.4,27.0,29.7,75,82,69,E,3,E,10,0.0,,4
6/17/2010,1010.4,32.1,27.5,29.8,75,81,65,E,4,E,12,0.0,,6
6/18/2010,1010.2,33.0,27.4,30.2,76,84,65,E,5,E,15,0.0,,5
6/19/2010,1009.8,32.5,27.0,29.9,75,82,64,E,3,E,11,0.0,,5
6/20/2010,1010.6,32.8,24.7,29.4,77,93,74,VRB,2,NE,8,0.0,,3
6/21/2010,1010.6,31.6,23.6,28.2,85,98,73,S,4,WSW,22,4.4,,5
6/22/2010,1010.9,31.7,25.9,28.7,83,99,70,SSW,4,SSW,17,2.5,,7
6/23/2010,1011.0,31.5,25.4,28.6,84,97,78,S,5,W,15,1.8,,7
6/24/2010,1009.5,30.5,26.1,28.3,84,90,73,S,5,SSW,18,3.6,,7
6/25/2010,1008.1,31.1,26.6,28.6,81,88,70,SSW,6,SW,15,0.05,,7
6/26/2010,1008.7,29.7,22.6,27.9,83,91,73,W,7,W,43,29.4,,7
6/27/2010,1009.0,31.9,26.8,29.2,82,88,75,SW,5,SSW,14,0.05,,7
6/28/2010,1009.8,31.4,23.1,28.4,84,96,75,SSW,6,W,31,13.1,,7
6/29/2010,1010.3,31.1,24.8,27.8,87,95,70,S,4,W,12,3.8,,7
6/30/2010,1009.9,31.3,26.6,28.8,83,94,73,S,5,SSW,13,1.4,,7
7/1/2010,1009.4,31.4,26.2,28.8,81,87,71,SSW,6,SSW,13,0.0,,7
7/2/2010,1009.0,31.1,24.0,28.5,80,93,72,S,4,SSW,11,0.0,,7
7/3/2010,1009.1,31.3,26.3,28.8,82,95,71,S,4,S,11,0.0,,6
7/4/2010,1008.3,31.6,25.8,29.0,81,88,71,SSE,6,SSE,14,0.0,,5
7/5/2010,1008.8,31.4,23.8,27.9,85,97,87,VRB,2,SE,11,3.4,,7
7/6/2010,1009.4,28.8,24.5,27.0,91,97,80,VRB,2,WSW,11,4.4,,7
7/7/2010,1010.5,27.6,22.5,25.8,91,100,74,WNW,6,NNW,34,55.5,,8
7/8/2010,1010.5,31.3,23.0,28.6,83,92,86,NW,7,WNW,22,26.0,,7
7/9/2010,1010.7,29.8,22.0,25.2,93,100,74,WNW,7,WNW,29,52.0,,8
7/10/2010,1011.1,27.7,23.6,26.7,84,98,73,NW,14,WNW,34,0.8,,8
7/11/2010,1011.2,30.8,21.9,28.2,82,100,81,WNW,6,NW,18,10.1,,7
7/12/2010,1012.1,29.5,23.4,26.5,87,100,75,SSW,5,W,14,0.05,,7
7/13/2010,1011.4,29.1,24.8,27.4,82,89,77,S,8,SSE,29,0.05,,7
7/14/2010,1010.5,30.5,24.3,28.1,83,93,74,S,5,S,13,0.0,,7
7/15/2010,1009.9,31.2,23.7,28.2,81,95,72,SW,5,W,22,0.7,,7
7/16/2010,1009.4,31.2,23.7,28.7,79,90,78,W,6,W,25,2.5,,7
7/17/2010,1009.8,30.3,24.0,27.6,86,97,74,SSW,6,SW,26,5.2,,7
7/18/2010,1010.2,30.9,23.3,27.6,86,97,73,SE,3,NE,19,9.6,,6
7/19/2010,1009.6,30.8,25.4,27.9,83,97,73,S,4,S,12,0.0,,7
7/20/2010,1008.8,31.2,23.6,27.7,88,99,69,VRB,2,WNW,19,8.7,,7
7/21/2010,1008.8,31.9,24.2,28.3,84,99,70,VRB,1,N,8,0.0,,6
7/22/2010,1009.2,32.2,25.7,28.9,81,93,73,VRB,2,ENE,11,0.05,,4
7/23/2010,1009.9,31.4,24.3,28.3,85,97,71,NNE,4,WNW,31,1.3,,6
7/24/2010,1009.6,31.4,24.2,28.3,83,97,74,S,3,WSW,12,0.0,,6
7/25/2010,1008.8,31.4,25.7,28.5,84,97,73,WSW,3,SW,9,0.0,,7
7/26/2010,1009.5,31.4,24.6,28.4,83,93,76,S,3,S,9,0.0,,5
7/27/2010,1009.8,31.2,22.6,28.2,85,100,78,SSE,6,SSE,18,56.0,,7
7/28/2010,1009.0,30.4,24.2,27.5,87,95,81,SE,5,S,30,1.1,,7
7/29/2010,1008.8,29.8,24.5,27.7,89,99,76,SE,4,S,14,18.0,,7
7/30/2010,1009.6,31.4,24.6,28.4,86,97,75,SE,4,SE,14,0.05,,6
7/31/2010,1010.5,31.3,24.3,27.7,88,98,80,SE,3,S,15,2.4,,7
8/1/2010,1011.2,30.4,23.5,26.9,90,97,73,VRB,2,W,21,6.1,,7
8/2/2010,1011.1,31.3,24.4,27.8,86,98,72,W,4,NW,14,13.8,,6
8/3/2010,1010.3,31.2,24.9,28.5,81,90,74,WSW,4,WNW,17,0.5,,7
8/4/2010,1009.3,31.0,24.4,27.9,86,96,80,W,3,WNW,16,1.4,,7
8/5/2010,1010.4,28.7,23.0,26.7,88,96,79,W,7,WSW,36,13.2,,7
8/6/2010,1011.3,30.3,23.3,27.1,90,97,76,W,4,NNW,27,5.2,,7
8/7/2010,1010.9,31.0,22.6,27.4,88,97,73,VRB,2,NNW,19,0.6,,5
8/8/2010,1009.9,31.2,25.2,28.5,82,98,77,SSE,4,SSW,12,0.05,,7
8/9/2010,1010.3,30.0,22.6,26.5,91,100,79,VRB,2,WSW,19,75.7,,7
8/10/2010,1010.4,29.0,24.4,27.0,85,100,76,NW,10,NW,25,0.3,,7
8/11/2010,1010.4,30.5,24.4,27.6,85,96,72,W,7,WNW,23,6.6,,7
8/12/2010,1009.6,31.0,22.0,29.0,79,88,80,NW,9,WNW,24,19.8,,7
8/13/2010,1009.4,29.2,25.5,27.6,85,98,80,W,8,W,45,0.3,,7
8/14/2010,1009.8,30.0,23.9,27.6,86,96,73,W,8,W,30,11.6,,7
8/15/2010,1010.8,31.0,24.9,27.8,87,97,75,WSW,4,NNW,18,0.6,,7
8/16/2010,1011.0,30.1,24.0,27.4,88,98,75,VRB,2,N,17,0.5,,7
8/17/2010,1010.3,31.3,26.4,28.4,83,99,70,SSW,3,SSW,10,0.3,,7
8/18/2010,1009.3,31.6,26.1,28.9,78,84,72,W,6,W,12,0.0,,7
8/19/2010,1009.6,31.1,25.5,28.5,81,89,74,NNW,5,NW,13,0.05,,6
8/20/2010,1010.2,31.4,26.1,28.7,82,89,71,W,4,W,12,0.05,,7
8/21/2010,1010.1,31.5,24.8,28.6,81,95,72,W,5,SSW,15,2.3,,7
8/22/2010,1009.2,31.5,27.1,29.1,78,84,73,WNW,10,WNW,21,0.3,,7
8/23/2010,1009.1,31.5,22.6,28.4,83,98,73,W,10,W,33,13.2,,7
8/24/2010,1008.9,31.5,23.8,28.5,84,96,82,WNW,10,WSW,29,13.0,,7
8/25/2010,1009.7,30.2,22.6,26.5,90,97,75,S,6,WSW,29,21.9,,7
8/26/2010,1009.9,30.4,24.2,27.4,87,97,72,SW,3,SW,15,1.9,,7
8/27/2010,1009.9,31.0,24.6,28.1,83,93,73,SW,3,SW,10,0.0,,7
8/28/2010,1010.2,31.1,23.4,28.4,82,91,74,S,5,WNW,17,12.5,,6
8/29/2010,1011.5,30.0,22.6,26.3,90,99,69,SSW,4,SW,28,42.6,,7
8/30/2010,1011.1,30.0,24.2,27.1,84,96,72,S,4,S,14,0.05,,7
8/31/2010,1010.2,30.5,23.8,28.1,82,95,67,SSE,5,SSE,14,0.4,,7
9/1/2010,1010.8,30.6,22.7,27.4,84,96,70,VRB,2,SSW,9,0.0,,6
9/2/2010,1011.6,30.8,26.0,28.4,78,97,69,WNW,4,W,10,0.0,,4
9/3/2010,1010.8,31.5,24.4,28.6,79,92,69,WNW,4,WNW,13,0.0,,6
9/4/2010,1010.3,31.1,25.8,28.6,77,86,71,SSE,4,S,10,0.0,,6
9/5/2010,1011.0,31.5,26.2,28.9,77,84,68,SE,5,ESE,12,0.0,,6
9/6/2010,1010.8,31.4,23.6,28.2,81,96,70,S,5,SSE,13,0.0,,4
9/7/2010,1010.0,31.2,23.8,28.1,83,93,70,S,4,S,13,0.8,,5
9/8/2010,1010.2,31.6,24.0,28.3,82,96,71,VRB,2,WSW,9,0.7,,5
9/9/2010,1010.4,31.4,26.5,28.6,81,95,71,SE,5,SE,13,0.05,,6
9/10/2010,1009.5,31.6,24.1,28.7,81,94,68,SSE,4,SSE,12,0.0,,7
9/11/2010,1009.4,31.0,23.2,27.8,83,97,72,VRB,2,W,13,6.2,,7
9/12/2010,1010.5,30.8,23.0,28.3,82,99,66,W,3,W,33,6.5,,7
9/13/2010,1010.2,32.0,23.9,28.3,81,99,76,WNW,3,N,14,3.6,,7
9/14/2010,1009.9,31.6,21.8,26.4,90,98,77,SSW,5,W,28,42.6,,7
9/15/2010,1010.3,29.6,23.3,26.7,87,98,67,SSW,5,WNW,23,15.8,,7
9/16/2010,1010.5,29.2,24.6,27.3,83,97,71,SW,5,W,19,0.05,,7
9/17/2010,1010.1,30.6,25.8,28.3,78,81,76,SW,8,SW,31,0.0,,7
9/18/2010,1008.9,30.1,23.0,27.2,84,96,77,SW,9,W,31,10.6,,7
9/19/2010,1008.5,28.4,24.6,27.4,82,92,80,WSW,9,WSW,23,0.3,,7
9/20/2010,1008.9,29.8,21.4,27.1,86,92,75,SSW,6,WNW,40,25.9,,7
9/21/2010,1010.4,28.7,22.4,26.1,87,100,70,WNW,4,WNW,33,0.6,,7
9/22/2010,1010.4,30.5,22.3,27.9,82,100,79,S,4,ENE,20,94.1,,7
9/23/2010,1010.9,29.0,22.3,25.9,90,100,71,SW,7,WNW,24,40.9,,7
9/24/2010,1009.7,30.6,26.6,28.6,77,80,72,SW,9,SW,17,0.0,,6
9/25/2010,1009.7,31.2,27.3,29.0,78,83,68,WNW,11,WNW,23,0.0,,7
9/26/2010,1009.4,31.5,24.5,29.2,79,89,74,W,11,W,25,2.5,,7
9/27/2010,1009.8,30.9,23.9,28.7,80,87,73,WSW,12,W,37,7.4,,7
9/28/2010,1009.2,31.2,24.5,28.3,81,93,76,W,13,W,39,10.6,,7
9/29/2010,1009.4,30.0,22.9,27.5,85,95,74,W,12,W,37,20.2,,7
9/30/2010,1008.1,30.5,23.7,28.2,83,92,77,W,12,WNW,33,3.9,,7
10/1/2010,1007.7,30.0,23.7,27.0,87,98,78,WSW,11,WSW,11,9.4,,7
10/2/2010,1007.6,29.3,23.2,27.6,84,92,81,W,13,W,13,16.1,,7
10/3/2010,1008.6,29.2,23.9,27.1,88,97,76,W,12,W,12,10.7,,8
10/4/2010,1009.2,30.9,25.6,28.5,81,88,75,W,12,W,12,0.05,,7
10/5/2010,1009.1,30.9,26.7,28.7,80,85,72,W,10,W,10,0.05,,5
10/6/2010,1009.0,31.0,26.8,28.9,78,83,71,W,10,W,10,0.0,,6
10/7/2010,1009.1,31.1,26.8,29.0,78,85,73,W,11,W,11,0.05,,7
10/8/2010,1009.7,31.3,24.1,29.1,80,85,72,W,13,W,13,0.3,,5
10/9/2010,1009.9,31.1,26.3,28.8,79,87,71,W,10,W,10,0.0,,6
10/10/2010,1010.4,31.0,25.7,28.5,80,86,70,W,6,W,6,0.0,,6
10/11/2010,1011.7,30.8,23.7,27.8,82,94,74,WSW,3,WSW,3,0.0,,7
10/12/2010,1012.1,31.0,23.4,27.9,85,97,71,S,3,S,3,0.0,,6
10/13/2010,1011.4,31.2,23.9,27.9,84,97,71,S,3,S,3,1.7,,5
10/14/2010,1010.7,30.7,25.8,28.3,80,92,70,SW,6,SW,6,0.2,,6
10/15/2010,1010.6,30.9,24.3,28.5,77,84,71,W,7,W,7,2.9,,4
10/16/2010,1010.1,30.7,26.7,28.6,77,84,69,W,10,W,10,0.0,,4
10/17/2010,1010.2,30.8,23.6,28.0,80,96,81,W,10,W,10,11.1,,6
10/18/2010,1010.6,28.5,23.9,26.7,86,95,75,W,9,W,9,5.0,,7
10/19/2010,1011.0,30.0,25.4,27.7,82,89,70,W,10,W,10,0.0,,6
10/20/2010,1010.6,31.0,25.8,28.5,81,88,72,WNW,8,WNW,8,0.0,,5
10/21/2010,1009.8,31.3,26.2,28.8,78,86,69,WNW,10,WNW,10,0.0,,4
10/22/2010,1009.5,31.1,26.6,28.9,77,84,70,WNW,9,WNW,9,0.05,,6
10/23/2010,1010.0,31.3,26.2,28.7,79,86,74,WNW,7,WNW,7,0.0,,5
10/24/2010,1010.3,31.4,26.2,28.6,79,84,69,WNW,7,WNW,7,0.0,,6
10/25/2010,1010.5,31.1,25.8,28.5,78,85,68,W,5,W,5,0.0,,5
10/26/2010,1011.1,31.2,23.7,28.5,78,100,73,W,6,W,6,8.4,,5
10/27/2010,1011.0,31.0,26.4,28.6,80,96,74,W,8,W,8,0.0,,6
10/28/2010,1010.7,31.1,24.6,28.7,79,88,72,W,8,W,8,3.2,,6
10/29/2010,1009.9,31.0,26.4,28.6,79,87,74,WNW,10,WNW,10,0.0,,5
10/30/2010,1010.9,30.8,26.8,28.7,78,82,71,WNW,10,WNW,10,0.0,,7
10/31/2010,1010.7,31.0,24.0,29.0,76,82,73,W,12,W,12,1.7,,6
11/1/2010,1009.4,30.6,24.8,28.1,81,97,71,W,11,W,35,1.9,,7
11/2/2010,1008.8,31.4,23.6,28.6,81,87,75,W,7,W,18,4.4,,6
11/3/2010,1010.8,30.6,25.2,27.9,84,99,70,W,5,NW,16,0.05,,4
11/4/2010,1011.2,31.3,25.7,28.8,79,86,70,WSW,7,SW,21,0.05,,4
11/5/2010,1010.9,31.1,26.6,29.0,76,85,67,WSW,10,WSW,21,0.0,,5
11/6/2010,1009.9,31.2,27.0,29.0,76,83,68,W,12,W,23,0.0,,6
11/7/2010,1008.8,31.1,26.8,29.1,75,79,70,WSW,12,WSW,24,0.05,,7
11/8/2010,1009.7,31.1,26.5,28.9,77,83,70,SW,9,SW,18,0.0,,6
11/9/2010,1012.2,31.0,26.1,28.6,77,83,72,SSW,8,SSW,16,0.05,,5
11/10/2010,1013.5,31.0,25.2,28.2,79,90,72,SSW,5,SW,13,0.0,,7
11/11/2010,1011.9,30.8,26.2,28.6,78,84,68,SW,6,SW,12,0.0,,7
11/12/2010,1009.4,30.9,25.4,28.5,75,81,66,W,7,WNW,20,0.0,,4
11/13/2010,1009.0,31.0,26.0,28.6,75,84,75,W,7,W,17,2.6,,4
11/14/2010,1011.1,30.5,26.0,28.1,84,90,73,WNW,8,WNW,17,0.05,,6
11/15/2010,1011.6,31.0,24.2,28.2,82,94,68,WNW,11,WNW,26,5.6,,6
11/16/2010,1010.1,31.6,23.8,27.6,83,93,73,W,9,W,27,6.3,,7
11/17/2010,1009.2,31.3,26.3,28.6,80,88,76,W,9,W,18,0.0,,7
11/18/2010,1010.3,29.0,24.0,27.2,85,89,75,W,7,W,19,7.9,,7
11/19/2010,1009.6,30.8,23.8,27.7,84,99,73,WSW,9,WSW,32,15.3,,7
11/20/2010,1008.9,28.5,24.9,26.9,83,92,77,W,9,W,28,0.7,,7
11/21/2010,1008.0,30.5,22.8,27.4,86,98,79,WNW,9,W,28,34.3,,7
11/22/2010,1008.0,30.2,24.0,27.0,87,99,76,W,8,NW,28,3.0,,7
11/23/2010,1008.2,31.0,24.4,28.1,83,94,78,WNW,8,W,29,4.2,,7
11/24/2010,1009.5,30.6,24.6,27.9,84,95,75,WNW,9,WNW,29,3.1,,7
11/25/2010,1009.9,30.6,23.0,27.6,84,96,80,W,9,W,30,9.0,,7
11/26/2010,1009.5,28.1,22.3,26.4,88,99,73,W,11,WSW,37,10.9,,7
11/27/2010,1008.9,30.4,23.2,27.3,85,96,77,W,13,WSW,33,5.1,,7
11/28/2010,1009.0,29.4,23.4,27.6,83,96,72,W,14,WSW,32,0.05,,7
11/29/2010,1008.2,30.5,26.2,28.4,79,82,70,W,11,W,23,0.0,,6
11/30/2010,1007.6,30.6,26.1,28.3,79,85,76,W,10,W,20,0.05,,6
12/1/2010,1007.4,30.6,26.4,28.4,82,86,78,W,10,W,23,0.3,,7
12/2/2010,1007.8,30.5,23.0,27.9,85,100,75,W,9,WNW,34,9.0,,7
12/3/2010,1007.9,30.5,26.3,28.4,83,90,73,W,10,W,21,0.05,,7
12/4/2010,1007.1,30.4,26.4,28.3,81,87,75,WSW,11,WSW,24,0.0,,7
12/5/2010,1006.0,30.4,26.0,28.2,81,85,74,WSW,9,WSW,18,0.0,,7
12/6/2010,1006.5,30.6,26.0,28.3,80,86,73,SW,8,SW,19,0.05,,4
12/7/2010,1007.4,30.4,25.6,28.1,80,87,74,SSW,9,SSW,18,0.0,,4
12/8/2010,1008.9,30.3,25.5,28.1,81,88,73,SW,8,SSW,19,0.05,,6
12/9/2010,1009.8,30.4,25.8,28.1,80,84,71,W,8,W,15,0.0,,6
12/10/2010,1010.2,30.2,25.8,27.9,80,85,73,W,9,W,17,0.0,,6
12/11/2010,1009.3,30.1,25.7,27.9,78,84,74,W,11,W,22,0.0,,6
12/12/2010,1008.2,30.2,25.6,27.9,80,89,73,WNW,11,WNW,20,0.0,,4
12/13/2010,1009.3,30.5,24.9,27.8,82,93,79,WNW,9,WNW,17,0.05,,4
12/14/2010,1009.6,29.6,23.3,26.9,87,100,72,NW,8,NNW,26,11.1,,6
12/15/2010,1008.9,29.8,25.3,27.6,77,85,67,NW,10,NW,19,0.0,,5
12/16/2010,1009.2,29.8,25.0,27.5,75,84,71,NW,9,NNW,17,0.0,,5
12/17/2010,1009.3,30.0,25.3,27.6,78,84,74,NNW,7,NW,19,0.0,,5
12/18/2010,1009.2,29.7,24.2,27.3,79,83,67,N,6,N,16,0.0,,5
12/19/2010,1009.5,30.6,25.2,27.8,76,83,69,SE,3,ENE,11,0.0,,3
12/20/2010,1009.9,30.1,23.9,27.7,78,86,70,SE,5,SSE,10,0.0,,4
12/21/2010,1009.4,30.1,23.0,27.0,82,95,74,S,3,SSW,10,0.0,,4
12/22/2010,1008.8,30.2,25.6,27.6,80,88,71,W,6,W,13,0.0,,5
12/23/2010,1009.2,30.3,25.3,28.0,79,85,72,WSW,6,WSW,13,0.0,,6
12/24/2010,1009.2,30.0,24.8,27.5,81,89,69,W,5,WNW,13,0.0,,4
12/25/2010,1009.4,30.0,25.8,27.9,77,83,71,W,7,W,15,0.05,,5
12/26/2010,1009.8,30.0,25.6,27.7,80,87,75,W,9,W,22,0.0,,6
12/27/2010,1009.2,30.2,23.3,27.6,81,87,72,W,8,NW,16,0.0,,7
12/28/2010,1009.0,30.0,22.6,27.0,83,96,70,WNW,3,W,11,0.0,,4
12/29/2010,1009.4,30.4,23.6,27.4,84,97,75,VRB,2,WNW,8,0.0,,7
12/30/2010,1009.5,30.8,24.1,26.9,85,96,74,W,4,W,19,0.05,,7
12/31/2010,1009.6,30.1,24.1,27.3,83,91,74,W,12,WNW,34,3.6,,6
1/1/2011,1008.9,30.4,25.5,27.9,81,86,75,WNW,11,NW,23,0.0,,6
1/2/2011,1008.6,30.6,24.7,27.9,82,95,70,WNW,10,WNW,19,4.9,,6
1/3/2011,1009.2,30.6,25.2,27.8,78,86,71,NNW,8,NW,16,0.0,,5
1/4/2011,1008.8,30.6,25.0,27.9,79,85,69,NNW,7,NNW,14,0.0,,4
1/5/2011,1008.3,30.5,25.6,27.8,78,91,69,NNW,6,NW,15,0.0,,4
1/6/2011,1009.1,30.4,25.0,27.8,76,84,69,NW,7,NW,15,0.0,,5
1/7/2011,1008.9,30.4,25.4,27.7,77,84,69,NW,7,NW,13,0.0,,3
1/8/2011,1008.6,30.5,24.6,27.9,76,83,66,WNW,8,WNW,16,0.0,,3
1/9/2011,1009.5,30.3,23.1,27.3,78,88,68,WNW,4,WNW,13,0.0,,5
1/10/2011,1009.9,30.4,23.0,27.0,79,92,67,W,3,W,11,0.0,,4
1/11/2011,1009.9,30.4,25.5,27.8,76,84,68,W,6,W,14,0.0,,5
1/12/2011,1009.3,30.8,24.9,27.8,77,84,68,W,6,WNW,15,0.0,,7
1/13/2011,1009.5,30.5,24.8,27.7,77,85,72,W,7,NW,13,0.0,,5
1/14/2011,1009.5,30.6,24.5,27.8,81,94,71,NW,5,NW,14,0.0,,7
1/15/2011,1010.2,30.9,25.6,28.0,81,93,72,NNW,5,NNW,15,0.0,,7
1/16/2011,1009.9,30.9,25.6,28.4,79,86,69,NNW,7,NNW,15,0.0,,6
1/17/2011,1009.5,30.9,25.6,28.3,81,89,71,NNW,5,NNW,15,0.0,,4
1/18/2011,1009.3,31.0,26.0,28.4,80,87,71,NNE,4,NNE,11,0.0,,3
1/19/2011,1008.9,31.4,26.0,28.6,77,84,69,ENE,6,ENE,17,0.0,,4
1/20/2011,1009.1,32.2,26.0,28.7,79,87,72,ENE,5,ENE,14,0.0,,3
1/21/2011,1009.7,30.9,25.1,28.1,78,85,64,NNE,5,NNE,16,0.0,,4
1/22/2011,1010.6,30.5,25.5,27.7,73,77,67,NNE,5,NNE,17,0.0,,3
1/23/2011,1010.8,30.8,25.8,28.2,75,83,70,NE,5,NE,16,0.0,,3
1/24/2011,1010.3,31.0,25.7,28.2,78,83,70,NE,5,NE,16,0.0,,5
1/25/2011,1009.9,31.1,26.0,28.4,78,84,72,NE,5,NE,14,0.0,,5
1/26/2011,1010.5,31.8,23.2,28.5,81,88,74,NE,4,NE,15,2.5,,7
1/27/2011,1011.5,31.3,23.0,26.8,88,98,77,VRB,2,NNE,13,9.2,,6
1/28/2011,1010.5,30.6,25.2,27.6,87,99,77,NNE,3,NNE,12,1.4,,7
1/29/2011,1009.3,30.3,25.3,28.2,83,90,77,NNE,6,N,16,3.7,,6
1/30/2011,1009.8,30.2,25.5,28.0,83,91,80,N,5,NNE,14,0.0,,7
1/31/2011,1010.6,29.4,25.4,27.0,85,90,70,N,5,NW,13,0.0,,7
2/1/2011,1010.7,30.1,25.8,27.7,83,89,72,N,6,N,21,0.0,,7
2/2/2011,1010.3,30.4,22.8,28.0,82,94,74,N,5,N,15,0.0,,4
2/3/2011,1011.4,30.6,23.5,27.3,83,97,70,VRB,2,WNW,9,0.0,,6
2/4/2011,1010.8,30.5,24.6,27.7,79,88,65,NNW,6,NNW,13,0.0,,4
2/5/2011,1009.5,30.0,22.6,27.4,75,84,66,N,6,N,19,0.0,,3
2/6/2011,1009.9,30.0,20.0,26.4,79,95,68,NNE,3,NNE,10,0.0,,5
2/7/2011,1009.6,29.5,22.0,26.0,80,98,68,NNW,3,NW,11,0.0,,5
2/8/2011,1007.9,29.0,19.9,25.0,82,97,72,NNW,3,NW,14,0.0,,7
2/9/2011,1007.4,29.4,24.2,26.6,82,97,71,NNW,4,NW,10,0.0,,5
2/10/2011,1008.8,30.3,23.6,27.5,80,88,69,N,5,NNW,13,0.0,,7
2/11/2011,1009.2,30.4,25.5,28.0,78,88,69,ENE,4,NE,14,0.0,,6
2/12/2011,1008.4,30.7,25.9,28.1,78,87,68,NE,5,NNE,15,0.0,,7
2/13/2011,1008.1,31.5,25.7,28.5,78,85,71,NE,4,NE,15,0.0,,6
2/14/2011,1008.9,31.5,23.5,27.9,80,91,68,VRB,2,NE,8,0.0,,5
2/15/2011,1010.1,30.1,25.4,27.4,76,90,68,N,4,N,10,0.0,,3
2/16/2011,1010.5,30.4,25.2,27.7,75,80,69,N,5,N,14,0.0,,5
2/17/2011,1010.8,30.4,24.2,27.7,76,82,71,N,4,N,13,0.0,,3
2/18/2011,1010.7,30.1,24.5,27.7,79,85,70,NNE,3,N,9,0.0,,3
2/19/2011,1011.7,30.8,21.2,27.1,80,92,65,NNE,3,N,10,0.0,,3
2/20/2011,1012.1,30.0,21.0,25.9,80,95,65,VRB,2,NW,10,0.0,,4
2/21/2011,1011.2,30.6,24.2,27.1,78,95,71,VRB,2,W,11,0.0,,4
2/22/2011,1010.3,30.5,25.1,27.7,80,87,75,NW,5,NNW,13,0.0,,5
2/23/2011,1011.6,30.7,24.0,27.4,84,95,80,NW,6,WNW,19,4.8,,7
2/24/2011,1011.1,28.8,23.1,26.9,85,91,72,NNW,4,W,20,0.3,,7
2/25/2011,1009.6,30.2,21.6,26.6,84,98,66,VRB,2,NW,11,0.0,,5
2/26/2011,1009.5,30.7,21.6,26.5,83,98,67,VRB,2,NNE,9,0.0,,2
2/27/2011,1010.6,30.1,22.5,26.9,81,98,68,NNW,3,N,10,0.0,,2
2/28/2011,1010.4,30.9,22.5,27.1,83,97,70,VRB,2,NNW,13,0.0,,2
3/1/2011,1009.2,30.9,23.2,27.2,84,97,69,VRB,2,NNW,12,1.0,,4
3/2/2011,1008.7,32.6,25.5,28.7,80,98,73,VRB,2,ENE,9,0.0,,3
3/3/2011,1009.1,31.2,23.4,28.5,82,90,75,NNE,5,N,16,13.8,,6
3/4/2011,1008.9,30.6,24.5,27.9,83,98,75,N,5,NNW,19,0.4,,7
3/5/2011,1009.4,30.8,23.6,27.7,84,100,74,N,5,NW,26,10.0,,7
3/6/2011,1010.6,31.2,23.5,28.2,84,97,71,VRB,2,N,11,0.0,,6
3/7/2011,1011.5,31.7,23.4,27.9,83,98,72,VRB,2,SE,9,23.5,,6
3/8/2011,1011.3,30.4,22.8,27.0,85,97,70,VRB,2,WNW,14,0.0,,6
3/9/2011,1010.8,30.6,23.5,27.4,85,97,72,VRB,2,WNW,10,0.0,,3
3/10/2011,1010.5,31.0,25.4,28.2,81,97,72,WNW,4,W,11,0.0,,3
3/11/2011,1009.2,31.0,26.0,28.4,78,90,66,NNW,5,NNW,13,0.7,,5
3/12/2011,1009.1,31.0,23.6,27.9,76,90,65,NNW,4,N,12,0.0,,4
3/13/2011,1009.8,30.8,26.5,28.6,74,84,68,NW,8,NW,20,0.0,,4
3/14/2011,1009.2,30.9,25.6,28.6,77,84,69,NNW,6,NW,17,0.0,,4
3/15/2011,1008.0,31.2,25.5,28.4,78,83,67,NW,6,NW,15,0.0,,6
3/16/2011,1007.3,30.9,23.4,27.7,80,93,69,NNW,4,NNW,11,0.0,,3
3/17/2011,1008.1,30.9,24.2,28.4,78,90,68,NW,4,NW,11,0.0,,6
3/18/2011,1007.6,31.5,25.0,28.6,77,89,68,N,3,N,11,0.0,,6
3/19/2011,1007.7,32.2,26.5,29.1,77,84,65,NE,3,NE,9,0.0,,5
3/20/2011,1008.7,32.4,26.8,29.3,75,83,65,VRB,2,E,8,0.0,,6
3/21/2011,1009.5,32.5,24.8,29.4,74,83,69,ENE,3,ENE,9,0.0,,2
3/22/2011,1010.2,32.0,22.3,27.7,81,96,66,VRB,2,NE,10,0.0,,2
3/23/2011,1010.8,31.4,22.7,27.2,81,96,66,VRB,2,NW,9,0.0,,3
3/24/2011,1011.0,31.7,23.2,27.8,81,94,69,VRB,2,W,15,0.0,,3
3/25/2011,1011.0,31.6,23.7,28.1,81,95,70,W,3,W,11,0.0,,6
3/26/2011,1010.8,31.9,23.4,28.2,82,96,70,VRB,2,W,10,1.5,,4
3/27/2011,1011.1,31.5,25.4,28.7,79,99,71,WNW,4,WNW,14,0.0,,3
3/28/2011,1011.1,31.5,25.8,29.0,77,86,66,WNW,6,NW,15,0.0,,3
3/29/2011,1011.8,31.6,24.1,29.0,78,97,66,WNW,4,WNW,14,3.1,,4
3/30/2011,1011.7,31.6,23.8,28.1,82,99,66,VRB,1,WNW,10,0.0,,3
3/31/2011,1011.0,32.2,23.4,28.0,80,93,67,VRB,2,S,11,0.0,,3
4/1/2011,1011.2,31.6,24.3,28.3,79,92,67,W,3,W,12,0.0,,3
4/2/2011,1011.6,31.8,25.6,28.8,78,91,72,W,3,W,10,0.0,,3
4/3/2011,1011.5,31.6,26.4,29.0,79,85,69,W,5,WSW,16,0.0,,3
4/4/2011,1011.1,31.8,26.3,29.3,77,84,70,W,5,W,12,0.0,,3
4/5/2011,1010.7,32.1,23.1,28.6,79,93,68,W,3,NW,19,0.0,,4
4/6/2011,1010.5,31.9,22.6,27.5,82,95,62,VRB,1,NW,10,0.0,,2
4/7/2011,1010.7,31.6,23.1,27.7,79,94,64,VRB,2,SW,10,0.0,,2
4/8/2011,1011.0,32.7,24.2,28.1,80,94,72,VRB,2,W,9,0.0,,2
4/9/2011,1011.6,32.0,26.9,28.9,80,93,71,NNW,4,WNW,11,0.0,,4
4/10/2011,1011.3,31.7,26.4,29.2,77,84,67,N,4,N,13,0.0,,4
4/11/2011,1010.5,31.7,23.2,28.5,78,92,62,N,3,N,10,0.0,,6
4/12/2011,1010.5,32.6,23.2,28.0,80,95,70,VRB,1,W,9,0.0,,2
4/13/2011,1010.4,32.0,24.6,28.3,81,95,68,SW,3,SW,19,0.1,,3
4/14/2011,1009.8,31.7,26.6,29.1,78,96,74,W,4,SW,11,0.0,,3
4/15/2011,1009.3,32.0,24.6,28.7,82,94,69,WSW,7,WSW,20,3.7,,6
4/16/2011,1009.9,32.0,26.1,29.3,77,85,72,WSW,4,WSW,13,0.0,,4
4/17/2011,1010.3,31.6,24.2,29.0,81,98,80,SW,7,WSW,28,17.7,,6
4/18/2011,1010.1,30.2,23.6,26.3,88,97,73,SW,6,W,23,2.0,,7
4/19/2011,1008.7,31.6,25.2,28.3,82,95,72,W,10,W,29,6.0,,7
4/20/2011,1008.8,31.5,24.2,28.1,83,95,72,WSW,7,SW,24,7.3,,7
4/21/2011,1009.1,30.6,24.2,27.2,87,97,72,SSW,7,W,29,3.5,,7
4/22/2011,1008.9,31.5,26.4,28.5,80,93,72,SW,6,WSW,15,0.0,,7
4/23/2011,1008.4,31.6,24.4,28.6,82,97,78,SW,4,WSW,17,20.4,,7
4/24/2011,1008.5,31.0,24.4,27.8,87,97,76,WSW,9,WSW,27,14.6,,7
4/25/2011,1008.5,31.4,22.6,27.7,87,99,76,W,9,WNW,26,26.7,,7
4/26/2011,1008.9,30.5,24.6,28.3,84,96,77,W,10,WNW,25,2.4,,7
4/27/2011,1008.9,31.2,23.4,27.3,86,98,73,SW,9,NNW,24,15.7,,7
4/28/2011,1008.6,31.4,27.0,28.9,80,83,68,W,9,W,24,0.0,,7
4/29/2011,1009.2,31.6,26.5,29.0,75,84,68,WNW,7,WNW,15,0.0,,6
4/30/2011,1009.8,31.5,26.6,29.1,75,80,68,SW,6,WSW,13,0.0,,5
5/1/2011,1010.3,31.7,27.1,29.4,78,85,74,SSW,7,SSW,15,0.0,,6
5/2/2011,1010.3,31.6,27.3,29.5,79,85,70,SW,7,S,16,0.0,,7
5/3/2011,1010.4,32.0,27.3,29.5,78,83,73,WSW,7,WSW,15,0.0,,4
5/4/2011,1011.0,31.8,27.5,29.5,78,82,69,W,7,W,17,0.0,,5
5/5/2011,1011.4,32.3,26.5,29.9,76,83,72,W,8,W,18,0.6,,6
5/6/2011,1011.1,31.5,25.2,29.0,83,95,75,WSW,8,W,26,9.2,,7
5/7/2011,1010.8,31.3,25.3,28.6,84,95,78,WSW,8,W,23,9.2,,7
5/8/2011,1010.4,30.0,24.8,27.4,88,95,75,W,8,WSW,25,11.3,,7
5/9/2011,1010.3,31.3,25.4,28.2,86,95,81,S,8,S,19,0.3,,7
5/10/2011,1009.7,29.7,23.4,26.5,93,100,69,S,5,SSW,26,76.0,,8
5/11/2011,1009.7,31.5,23.7,27.1,90,100,67,S,4,SSE,18,0.2,,7
5/12/2011,1009.4,31.4,23.5,27.9,82,96,71,S,3,S,12,0.0,,5
5/13/2011,1009.8,31.4,26.6,28.6,78,95,68,SW,5,SW,12,0.0,,6
5/14/2011,1009.8,31.4,26.6,29.0,74,82,70,SSW,6,SSW,14,0.0,,5
5/15/2011,1010.4,31.7,26.2,28.9,78,86,67,SW,4,SSW,13,0.0,,7
5/16/2011,1010.3,31.6,24.0,28.6,80,95,70,SSE,4,S,12,0.0,,3
5/17/2011,1010.5,31.5,25.6,28.8,80,97,68,VRB,2,SE,8,0.0,,3
5/18/2011,1010.3,31.9,26.1,29.0,78,89,67,NNW,3,NNW,9,0.0,,5
5/19/2011,1010.4,32.4,24.6,29.2,79,93,70,NW,3,W,13,6.4,,6
5/20/2011,1009.8,31.1,26.2,28.6,83,98,75,WSW,5,S,12,1.7,,5
5/21/2011,1009.4,31.6,25.0,28.4,85,95,75,WSW,5,SSW,19,1.2,,7
5/22/2011,1009.5,31.5,23.7,27.3,90,100,74,VRB,2,WSW,13,7.6,,7
5/23/2011,1009.9,31.4,23.5,27.6,87,98,75,S,7,W,25,10.0,,7
5/24/2011,1009.6,30.6,25.3,28.3,83,92,82,SSW,6,S,15,2.1,,7
5/25/2011,1009.7,29.8,23.6,26.3,91,100,74,SSW,9,SSW,24,81.6,,7
5/26/2011,1010.2,30.8,25.5,28.1,81,87,72,SSW,7,WSW,26,0.1,,7
5/27/2011,1010.5,31.4,26.0,28.7,82,87,77,SSW,4,S,17,0.0,,7
5/28/2011,1010.1,30.3,25.7,28.4,84,93,76,SSE,7,SSE,16,0.0,,7
5/29/2011,1010.5,31.3,26.0,28.6,83,91,72,S,6,SSE,13,1.7,,7
5/30/2011,1010.9,31.2,26.1,28.6,80,86,71,S,6,S,13,0.0,,6
5/31/2011,1010.1,31.1,27.0,28.9,77,83,71,SSW,8,SSW,18,0.0,,6
6/1/2011,1010.1,31.5,26.8,29.0,76,81,69,SSW,8,S,19,0.0,,7
6/2/2011,1010.5,31.4,26.5,28.9,75,80,69,S,9,S,17,0.0,,7
6/3/2011,1010.3,30.9,25.5,28.5,75,82,66,SSW,7,S,16,0.0,,6
6/4/2011,1009.7,30.9,24.0,27.9,78,91,70,WSW,4,WSW,11,0.0,,4
6/5/2011,1009.8,31.4,25.6,28.5,76,84,68,W,5,W,13,0.0,,3
6/6/2011,1010.0,31.2,23.6,27.9,80,94,71,WSW,3,W,10,0.0,,4
6/7/2011,1010.0,31.2,26.4,28.4,79,94,69,W,5,W,10,0.0,,4
6/8/2011,1010.1,31.7,26.2,29.0,77,82,70,W,5,W,13,0.0,,4
6/9/2011,1009.7,31.6,25.8,28.9,78,97,70,W,5,W,11,0.0,,3
6/10/2011,1009.3,31.6,26.7,28.9,79,90,70,SSE,6,SSE,14,0.0,,3
6/11/2011,1009.1,31.4,27.3,29.4,77,83,73,SE,5,SE,12,0.0,,4
6/12/2011,1010.4,32.0,26.2,28.5,82,89,75,SE,4,SSE,13,0.0,,6
6/13/2011,1011.6,31.6,23.4,28.0,82,97,71,SE,7,W,29,16.1,,6
6/14/2011,1011.9,29.9,25.3,27.9,84,96,74,S,5,S,15,0.0,,7
6/15/2011,1012.1,31.6,25.9,28.7,82,89,75,S,6,SSE,17,0.0,,7
6/16/2011,1011.7,31.5,25.2,28.4,84,92,71,S,5,S,15,0.0,,6
6/17/2011,1010.8,31.2,24.7,28.3,82,93,71,SSW,5,SW,12,0.0,,5
6/18/2011,1010.0,31.5,25.2,28.6,80,92,73,W,4,W,11,0.0,,4
6/19/2011,1009.1,31.6,26.8,29.0,80,90,73,W,6,WNW,12,0.0,,4
6/20/2011,1009.8,31.8,26.5,29.0,79,84,73,W,6,W,13,0.0,,7
6/21/2011,1010.1,31.5,24.4,28.1,85,97,78,W,5,NW,19,9.0,,7
6/22/2011,1009.0,30.8,24.7,27.8,86,93,79,WNW,5,NW,21,0.6,,7
6/23/2011,1009.0,28.2,24.8,27.1,85,91,71,W,7,W,27,0.2,,7
6/24/2011,1009.2,30.8,25.4,28.1,82,89,74,SW,5,W,13,0.0,,7
6/25/2011,1009.1,31.3,24.5,28.7,81,92,73,WSW,4,W,15,0.8,,7
6/26/2011,1009.6,31.3,25.0,28.2,82,94,76,W,7,WNW,25,5.8,,7
6/27/2011,1009.2,31.5,25.3,28.7,83,92,78,WNW,6,W,19,2.0,,7
6/28/2011,1008.7,30.5,25.8,28.4,85,92,73,NW,7,NW,19,2.3,,7
6/29/2011,1009.0,31.6,26.2,29.0,81,85,73,WNW,10,NW,19,0.0,,7
6/30/2011,1009.4,32.0,26.9,29.0,81,88,73,WNW,8,WNW,17,0.0,,7
7/1/2011,1009.5,31.5,26.6,29.0,80,85,74,WNW,8,WNW,18,0.0,,7
7/2/2011,1009.4,31.4,26.6,28.9,81,87,73,WNW,8,WNW,15,0.0,,5
7/3/2011,1009.4,31.4,25.9,28.8,82,89,72,W,5,W,13,0.0,,7
7/4/2011,1009.7,31.3,25.3,28.6,81,92,70,W,4,W,10,0.0,,7
7/5/2011,1009.0,31.3,24.4,28.8,80,93,72,W,6,WNW,22,2.4,,6
7/6/2011,1007.8,31.2,24.4,28.1,87,97,76,WNW,8,WNW,25,0.8,,7
7/7/2011,1009.8,29.3,24.0,27.1,83,95,71,W,13,W,36,5.5,,7
7/8/2011,1011.7,30.4,23.8,27.5,84,97,73,VRB,2,W,12,0.2,,7
7/9/2011,1011.7,31.4,25.6,28.3,83,97,72,W,3,W,10,0.0,,7
7/10/2011,1011.6,30.5,25.8,28.4,79,86,73,W,4,W,10,0.0,,7
7/11/2011,1010.5,31.6,26.3,28.5,79,87,68,WSW,5,WSW,12,0.0,,7
7/12/2011,1009.2,31.1,25.9,28.5,77,87,71,WSW,5,WSW,13,0.0,,7
7/13/2011,1009.2,30.7,26.4,28.3,79,83,72,SSW,7,SSW,14,0.0,,7
7/14/2011,1009.8,30.9,25.9,28.2,81,88,72,S,7,SSE,16,1.8,,7
7/15/2011,1009.0,31.4,26.0,28.8,80,90,70,SSE,8,SSE,16,0.4,,5
7/16/2011,1008.4,31.8,27.0,29.2,79,88,71,SSE,11,SSE,20,0.0,,5
7/17/2011,1007.5,32.0,27.1,29.1,80,81,72,SSE,9,SSE,18,0.0,,7
7/18/2011,1008.3,32.8,25.9,29.0,81,88,71,E,3,SE,11,0.0,,6
7/19/2011,1009.5,32.0,23.4,28.6,82,97,73,ENE,5,NW,35,3.1,,6
7/20/2011,1010.1,31.0,23.5,27.6,84,96,72,N,3,N,19,0.0,,7
7/21/2011,1010.3,31.0,26.8,28.7,80,92,70,ESE,3,SE,10,0.0,,6
7/22/2011,1009.6,31.5,26.5,29.0,78,87,65,ESE,3,SE,11,0.0,,6
7/23/2011,1008.6,31.6,23.5,28.6,80,95,67,VRB,2,SE,10,0.0,,6
7/24/2011,1008.3,31.8,24.1,27.8,82,97,73,VRB,1,WSW,6,0.0,,5
7/25/2011,1009.4,31.0,25.1,27.8,84,95,74,S,5,SW,14,0.0,,7
7/26/2011,1010.0,31.4,24.9,28.2,84,96,75,S,4,E,13,8.9,,7
7/27/2011,1009.9,31.0,21.8,27.4,85,100,75,SE,6,NW,30,16.1,,7
7/28/2011,1010.1,29.5,25.1,27.4,80,93,72,SE,4,SE,13,0.0,,7
7/29/2011,1009.6,31.4,26.1,28.7,80,87,71,SE,6,SE,16,0.0,,6
7/30/2011,1008.8,31.2,26.4,29.1,78,86,72,SE,5,SE,13,1.0,,6
7/31/2011,1008.9,30.7,23.4,27.6,84,97,72,VRB,2,SSE,13,0.0,,7
8/1/2011,1010.0,30.8,25.9,27.8,84,96,74,SSE,5,SSE,14,0.0,,7
8/2/2011,1010.3,30.8,25.7,28.3,80,86,70,S,7,SSE,14,0.0,,6
8/3/2011,1010.5,31.3,26.6,28.8,78,85,74,SSE,8,SSE,16,0.0,,7
8/4/2011,1009.8,31.2,26.7,29.1,80,85,74,SE,7,SE,19,0.0,,5
8/5/2011,1010.7,31.8,23.8,27.2,85,98,67,SSE,9,W,28,11.2,,6
8/6/2011,1009.8,31.3,23.5,28.3,76,91,71,VRB,2,NNW,8,0.0,,5
8/7/2011,1009.4,31.3,25.6,28.2,82,95,70,S,3,S,9,0.0,,4
8/8/2011,1009.4,31.5,25.5,28.7,81,88,73,SE,4,SE,10,0.0,,5
8/9/2011,1009.3,31.5,23.0,29.0,80,86,77,ESE,3,NW,29,9.8,,6
8/10/2011,1009.9,30.6,22.9,26.4,86,98,80,W,6,W,31,2.3,,7
8/11/2011,1010.0,28.6,23.5,26.4,89,100,73,S,3,W,26,0.9,,7
8/12/2011,1008.4,31.0,25.6,28.4,80,86,74,SW,5,WSW,11,0.0,,7
8/13/2011,1008.0,30.4,25.5,28.1,83,93,72,S,5,SSW,10,0.0,,7
8/14/2011,1009.8,31.0,25.5,28.6,79,87,74,SE,4,S,10,0.0,,7
8/15/2011,1010.6,31.4,26.0,28.6,82,90,74,SE,5,SE,12,0.0,,7
8/16/2011,1009.7,31.2,25.7,28.4,84,94,77,SSE,7,SSE,16,4.2,,7
8/17/2011,1009.9,30.5,22.4,26.1,91,100,67,SE,5,W,28,46.7,,7
8/18/2011,1009.5,30.3,23.5,27.3,84,99,76,SW,3,SSW,21,0.0,,7
8/19/2011,1009.3,30.5,25.6,28.0,82,96,76,W,4,W,12,1.4,,6
8/20/2011,1009.4,30.9,26.0,28.4,83,92,77,W,6,W,14,0.0,,6
8/21/2011,1009.7,31.0,24.2,27.7,87,98,75,W,4,N,21,3.0,,7
8/22/2011,1010.5,31.6,24.7,27.8,89,98,76,VRB,1,NNE,7,0.7,,7
8/23/2011,1010.9,31.0,26.5,28.8,83,95,72,E,3,SE,11,0.0,,7
8/24/2011,1010.2,31.6,22.2,28.6,81,99,78,E,4,W,39,55.0,,7
8/25/2011,1010.4,30.4,23.5,26.4,87,100,75,E,6,W,35,4.5,,7
8/26/2011,1011.6,29.8,22.8,26.3,88,99,74,ESE,3,NW,17,0.5,,7
8/27/2011,1012.0,30.8,25.7,28.1,83,99,71,S,6,S,17,0.0,,7
8/28/2011,1010.7,31.0,23.9,28.2,80,92,69,S,6,S,14,0.0,,6
8/29/2011,1010.1,31.2,26.5,28.6,80,90,72,SE,4,SE,11,0.0,,6
8/30/2011,1009.6,31.0,26.5,28.9,81,87,74,SE,5,SE,11,0.0,,4
8/31/2011,1009.2,31.0,24.0,28.3,84,97,72,SE,4,SE,13,0.0,,7
9/1/2011,1008.8,31.0,26.6,28.5,83,89,74,SSE,7,SSE,15,0.0,,7
9/2/2011,1008.8,31.0,27.2,29.0,82,88,76,SE,5,SSE,12,0.0,,7
9/3/2011,1008.7,31.7,27.0,29.4,84,91,73,ESE,4,SE,12,0.0,,6
9/4/2011,1009.6,32.6,26.8,29.6,83,91,71,E,4,E,12,0.0,,6
9/5/2011,1010.3,32.4,26.7,29.6,81,88,75,E,4,SE,12,0.0,,5
9/6/2011,1010.5,31.7,26.2,29.0,82,88,74,SSE,6,SSE,16,0.0,,7
9/7/2011,1010.3,31.7,23.9,28.2,85,95,70,VRB,2,SE,10,0.0,,6
9/8/2011,1010.6,31.4,23.7,27.6,86,98,67,VRB,2,SSW,11,0.0,,7
9/9/2011,1011.5,31.6,22.9,28.1,81,97,72,S,4,NW,33,1.7,,7
9/10/2011,1011.3,31.0,21.6,27.8,83,100,74,SSE,6,NW,38,11.8,,7
9/11/2011,1010.6,30.2,25.0,27.1,83,96,75,S,6,S,16,1.8,,7
9/12/2011,1010.0,29.0,22.9,26.5,85,95,75,WNW,5,NW,29,1.9,,7
9/13/2011,1009.5,30.4,23.8,27.6,86,97,75,VRB,2,SSE,11,0.5,,7
9/14/2011,1009.8,30.6,23.4,27.3,87,98,70,VRB,1,NNE,7,0.0,,7
9/15/2011,1010.2,32.2,26.3,28.6,80,98,71,VRB,2,ESE,7,0.0,,6
9/16/2011,1010.7,32.4,24.0,28.3,80,92,65,VRB,2,E,12,0.0,,6
9/17/2011,1010.6,31.3,23.3,28.7,76,92,69,VRB,2,ESE,10,0.0,,7
9/18/2011,1011.5,32.0,24.1,28.5,79,95,68,VRB,2,E,9,0.0,,5
9/19/2011,1012.9,31.5,25.6,28.5,78,92,69,S,4,S,12,0.0,,4
9/20/2011,1013.0,31.5,26.4,28.9,78,85,73,SSW,5,S,13,0.0,,7
9/21/2011,1011.8,31.5,24.1,28.5,81,95,73,WSW,6,SSW,20,2.7,,7
9/22/2011,1010.6,31.2,23.7,28.2,84,97,83,W,6,N,17,7.6,,7
9/23/2011,1010.5,29.2,22.3,26.5,91,100,73,NW,5,NW,23,25.9,,8
9/24/2011,1011.2,31.5,25.0,28.3,84,93,69,W,4,WNW,12,0.0,,6
9/25/2011,1011.8,31.6,25.9,29.0,78,89,71,WNW,7,WNW,18,0.0,,7
9/26/2011,1012.0,31.4,24.2,27.6,82,88,76,WNW,8,SW,30,2.1,,7
9/27/2011,1011.3,29.2,23.3,26.9,85,97,75,W,10,WSW,36,10.6,,7
9/28/2011,1011.2,29.6,23.7,26.9,83,93,72,W,12,W,33,10.9,,7
9/29/2011,1010.6,31.4,25.2,28.2,82,94,74,WNW,9,NW,21,1.0,,6
9/30/2011,1010.7,31.2,25.5,28.4,82,89,71,NW,6,W,15,0.0,,7
10/1/2011,1010.9,31.3,24.5,28.6,82,96,69,W,5,NW,18,4.5,,5
10/2/2011,1011.0,31.7,25.1,28.9,77,89,72,WNW,6,WNW,15,0.0,,6
10/3/2011,1011.4,31.0,25.7,28.4,80,87,71,WSW,5,WSW,18,0.0,,7
10/4/2011,1010.8,31.4,23.9,27.7,84,97,68,SSW,5,WNW,14,3.2,,7
10/5/2011,1011.4,31.4,24.0,27.8,82,97,66,VRB,2,SW,10,0.0,,5
10/6/2011,1012.8,31.9,25.9,28.7,77,92,68,W,4,W,11,0.0,,5
10/7/2011,1012.6,32.1,24.5,28.8,80,97,65,W,3,W,11,3.2,,4
10/8/2011,1012.1,32.3,25.4,28.9,78,89,63,WNW,4,W,11,0.0,,4
10/9/2011,1012.1,32.0,26.2,29.0,73,86,65,W,5,WNW,14,0.0,,3
10/10/2011,1012.1,32.3,26.6,29.3,74,82,65,W,6,W,12,0.0,,3
10/11/2011,1012.0,31.9,25.4,28.9,77,84,69,WSW,7,WNW,17,0.0,,4
10/12/2011,1010.7,32.0,24.1,28.6,80,93,67,W,7,SSW,23,1.7,,5
10/13/2011,1009.6,32.2,24.5,28.3,81,92,70,WSW,5,WNW,21,1.8,,6
10/14/2011,1009.5,31.6,23.8,27.3,87,99,70,SW,5,WNW,19,57.6,,6
10/15/2011,1009.1,31.4,23.7,28.0,84,100,83,W,7,NW,27,11.8,,6
10/16/2011,1009.4,29.4,22.9,25.8,90,97,69,W,7,W,31,18.1,,8
10/17/2011,1009.2,31.9,22.8,27.5,84,98,74,NW,3,NW,16,32.2,,7
10/18/2011,1009.6,30.6,24.4,27.8,82,99,73,W,7,SSW,23,7.3,,6
10/19/2011,1009.2,30.5,24.5,27.5,82,97,73,W,6,S,15,0.0,,7
10/20/2011,1009.0,31.2,24.1,27.7,84,95,74,W,7,W,20,0.9,,7
10/21/2011,1008.5,30.2,23.0,26.9,86,96,83,WSW,7,WSW,26,72.8,,7
10/22/2011,1008.6,28.7,22.9,26.0,90,100,81,WSW,5,SSW,18,15.3,,8
10/23/2011,1008.6,29.1,22.6,26.7,90,97,73,SW,4,NW,26,13.7,,7
10/24/2011,1008.7,30.2,23.4,26.9,85,96,69,W,6,WNW,28,1.8,,7
10/25/2011,1007.4,31.8,24.0,28.4,81,92,77,SSW,8,WSW,27,6.3,,7
10/26/2011,1007.9,29.7,23.4,26.8,86,95,67,W,9,SSW,24,16.9,,7
10/27/2011,1008.2,30.4,24.3,27.2,85,97,71,W,4,SSW,20,0.3,,7
10/28/2011,1008.7,31.1,24.5,28.2,82,93,69,NW,4,NW,26,0.5,,7
10/29/2011,1008.1,31.3,26.6,28.7,78,83,73,W,5,W,12,0.0,,7
10/30/2011,1007.8,30.3,26.1,28.4,82,89,75,WSW,4,WSW,12,0.0,,7
10/31/2011,1008.8,31.0,22.2,28.5,83,89,73,SSW,4,W,17,5.2,,7
11/1/2011,1009.3,29.6,26.6,27.8,83,95,70,S,5,WNW,26,0.6,,7
11/2/2011,1009.0,31.8,24.7,28.9,80,93,69,S,5,S,13,12.7,,6
11/3/2011,1009.5,31.1,23.9,27.8,85,100,68,S,3,S,12,0.3,,6
11/4/2011,1009.9,31.5,26.4,28.7,79,98,68,SSW,4,WSW,13,0.0,,4
11/5/2011,1010.4,31.6,25.0,28.7,80,93,68,S,4,S,12,0.5,,4
11/6/2011,1010.6,31.8,23.5,28.3,82,95,69,VRB,2,SSW,12,0.0,,3
11/7/2011,1010.8,31.8,24.3,28.7,80,96,73,VRB,2,NE,11,4.5,,3
11/8/2011,1010.7,31.6,24.3,28.8,82,97,69,N,4,NNE,11,0.0,,3
11/9/2011,1010.5,31.6,24.6,28.7,81,94,69,NNW,3,W,10,0.0,,6
11/10/2011,1010.4,32.2,22.9,27.2,88,98,66,VRB,1,S,20,8.9,,6
11/11/2011,1010.6,32.3,24.0,27.5,85,99,73,VRB,1,NW,19,7.5,,6
11/12/2011,1010.8,30.3,23.2,26.9,88,97,70,SSW,3,SSE,15,6.4,,6
11/13/2011,1010.1,31.1,23.3,27.0,87,98,67,VRB,2,NW,14,1.1,,5
11/14/2011,1009.8,31.7,25.5,28.5,79,97,65,VRB,2,NNE,8,0.0,,3
11/15/2011,1009.9,32.6,25.5,29.2,78,94,71,ENE,3,NE,20,1.7,,5
11/16/2011,1009.7,31.4,24.8,28.5,81,92,72,NE,3,NE,12,0.0,,7
11/17/2011,1009.4,31.3,23.8,27.8,85,98,74,S,3,E,20,12.2,,7
11/18/2011,1009.4,30.8,24.7,27.0,88,98,68,ENE,3,ENE,16,1.4,,7
11/19/2011,1008.8,31.8,24.0,28.6,79,96,68,VRB,2,SE,13,0.5,,4
11/20/2011,1009.4,31.6,24.3,28.3,83,97,71,S,4,S,16,0.0,,4
11/21/2011,1009.4,31.4,23.4,26.8,90,98,71,VRB,2,S,11,6.7,,6
11/22/2011,1008.5,31.5,23.8,27.8,85,99,84,W,6,W,26,25.6,,6
11/23/2011,1008.8,29.4,22.8,25.2,96,100,78,WSW,10,WSW,36,186.3,,8
11/24/2011,1008.2,29.7,24.9,27.4,87,97,74,W,7,WSW,26,5.6,,7
11/25/2011,1007.3,31.0,26.0,28.7,81,90,76,W,6,SW,17,0.0,,7
11/26/2011,1007.0,30.5,23.8,28.0,84,93,73,SW,12,SW,36,9.8,,7
11/27/2011,1008.7,28.7,23.5,26.9,84,98,74,SW,13,S,37,6.2,,7
11/28/2011,1008.4,30.6,23.8,28.1,83,94,78,SW,9,SW,38,5.0,,7
11/29/2011,1008.5,31.2,26.9,28.5,84,92,73,W,8,WSW,18,0.0,,7
11/30/2011,1009.1,31.6,24.9,29.0,82,90,69,WNW,6,WNW,12,0.0,,7
12/1/2011,1009.6,31.4,22.9,28.2,83,98,72,W,4,WNW,29,9.5,,7
12/2/2011,1009.3,30.8,24.9,27.6,83,95,73,WNW,6,W,18,3.4,,6
12/3/2011,1008.5,31.0,23.6,28.3,83,97,75,W,6,W,19,26.5,,6
12/4/2011,1008.8,31.2,24.2,28.2,83,90,72,W,7,W,29,4.5,,5
12/5/2011,1009.4,30.7,26.1,28.2,80,87,73,NW,7,WNW,20,0.6,,5
12/6/2011,1009.2,31.1,23.6,27.6,86,99,69,WNW,5,SSW,22,7.7,,5
12/7/2011,1008.7,31.4,24.3,28.5,79,93,79,WNW,5,W,17,3.6,,4
12/8/2011,1008.8,29.6,23.3,25.8,94,99,75,S,5,SW,25,47.8,,7
12/9/2011,1008.7,30.0,23.4,26.5,90,100,73,W,10,W,24,24.6,,7
12/10/2011,1009.1,31.1,25.2,27.9,83,99,72,W,7,W,21,0.4,,6
12/11/2011,1009.4,31.4,26.0,28.8,80,87,73,WSW,5,WSW,13,1.4,,5
12/12/2011,1009.3,31.2,25.3,28.6,83,89,72,WSW,3,S,10,0.3,,3
12/13/2011,1009.8,30.9,23.5,28.0,85,97,78,WSW,5,NW,19,2.9,,5
12/14/2011,1010.2,30.5,24.4,28.0,85,96,75,WNW,7,W,21,8.6,,5
12/15/2011,1010.1,30.9,24.0,27.6,85,97,77,NW,7,W,20,4.2,,6
12/16/2011,1010.1,29.4,23.4,27.0,85,97,75,WNW,9,WNW,27,9.5,,7
12/17/2011,1009.5,30.6,22.8,27.9,84,100,75,N,7,N,29,11.1,,7
12/18/2011,1009.9,30.8,24.7,28.0,86,94,76,N,3,N,18,3.6,,7
12/19/2011,1009.8,30.1,24.0,27.6,87,94,75,NW,7,NW,27,4.2,,7
12/20/2011,1009.4,30.9,22.0,27.3,87,100,78,NNW,8,NNW,32,19.6,,7
12/21/2011,1010.1,29.0,21.6,26.1,90,100,75,WNW,11,NNW,46,41.1,,7
12/22/2011,1009.9,29.4,23.6,27.3,85,94,78,NW,11,NW,24,1.6,,7
12/23/2011,1009.1,30.6,23.8,26.9,90,99,81,WNW,8,NW,31,29.9,,7
12/24/2011,1008.5,29.6,24.0,27.2,88,97,71,WNW,4,WNW,18,2.2,,7
12/25/2011,1009.6,30.5,23.7,27.7,83,96,69,N,3,N,10,0.0,,6
12/26/2011,1010.7,30.6,25.5,28.1,80,87,71,W,4,NW,11,0.0,,7
12/27/2011,1010.8,30.6,25.6,28.1,80,87,73,WNW,5,WNW,12,0.0,,7
12/28/2011,1010.7,30.8,26.2,28.4,80,86,71,W,7,WNW,15,0.0,,5
12/29/2011,1010.6,31.0,26.4,28.5,80,86,74,WNW,8,NW,16,0.0,,7
12/30/2011,1010.4,31.0,26.5,28.5,79,84,72,NW,11,WNW,20,0.0,,7
12/31/2011,1010.7,30.6,26.2,28.3,78,81,66,NW,10,NW,20,0.0,,7
1/1/2012,1010.4,30.4,26.1,28.3,73,82,65,WNW,9,NW,16,0.0,,4
1/2/2012,1010.3,30.7,25.4,28.2,71,80,72,NW,7,NW,14,0.0,,3
1/3/2012,1010.0,30.6,26.0,28.2,78,83,70,N,5,N,15,0.0,,4
1/4/2012,1010.9,31.2,25.4,28.2,78,83,62,NE,3,NE,10,0.0,,4
1/5/2012,1011.8,31.6,21.7,27.4,80,96,65,VRB,2,ENE,8,0.0,,2
1/6/2012,1012.3,31.2,25.7,28.0,76,96,65,VRB,2,NE,8,0.0,,3
1/7/2012,1012.8,31.0,25.5,28.4,75,83,67,VRB,2,ESE,9,0.0,,3
1/8/2012,1012.3,32.0,26.0,28.4,76,84,70,ENE,3,ENE,10,0.0,,3
1/9/2012,1012.0,31.2,21.7,27.6,78,95,63,VRB,2,NNE,11,0.0,,3
1/10/2012,1012.1,30.7,22.0,26.3,82,96,71,VRB,1,NW,7,0.0,,3
1/11/2012,1011.9,30.4,22.1,26.7,83,96,68,NNW,3,NNW,11,0.0,,3
1/12/2012,1011.2,31.3,24.3,27.6,81,96,71,VRB,2,NNW,9,0.0,,4
1/13/2012,1010.7,31.0,26.7,28.5,78,92,68,NNE,4,NNE,13,0.0,,4
1/14/2012,1009.9,31.3,23.8,28.6,78,94,72,NNE,7,N,25,6.8,,6
1/15/2012,1009.3,30.5,26.4,28.3,77,85,70,N,6,N,18,0.0,,7
1/16/2012,1008.5,31.0,25.9,28.1,77,82,68,NNE,4,NNE,16,0.5,,7
1/17/2012,1008.4,31.0,25.5,28.0,74,81,65,NNE,4,NNE,13,0.0,,6
1/18/2012,1008.6,30.6,25.6,28.0,74,80,65,NNE,3,N,11,0.0,,7
1/19/2012,1009.1,31.4,25.4,28.3,75,84,68,VRB,2,N,10,0.4,,5
1/20/2012,1009.8,30.8,25.9,28.2,77,84,67,N,4,NNE,11,0.0,,5
1/21/2012,1010.3,30.5,25.9,28.0,74,83,68,N,4,NNE,12,0.0,,4
1/22/2012,1010.7,30.5,25.8,27.9,76,83,61,N,4,NNE,14,0.0,,6
1/23/2012,1011.0,31.2,25.8,28.3,73,81,71,NE,4,NNE,13,0.0,,6
1/24/2012,1010.1,30.1,25.0,28.0,76,81,63,NNE,4,NNE,13,0.0,,7
1/25/2012,1010.8,30.2,26.0,28.0,74,82,66,N,4,NNW,12,0.0,,7
1/26/2012,1010.6,30.7,25.4,28.1,76,82,67,N,4,N,11,0.0,,7
1/27/2012,1010.7,31.1,24.8,27.4,76,86,66,NNW,4,NNW,11,0.0,,7
1/28/2012,1009.8,30.4,26.0,28.0,74,81,69,N,5,NNW,16,0.0,,6
1/29/2012,1010.0,31.0,26.3,28.4,76,84,67,N,4,N,13,0.0,,7
1/30/2012,1010.5,31.4,26.4,28.7,75,81,67,NNE,4,NNE,15,0.0,,7
1/31/2012,1010.7,31.1,26.4,28.5,74,79,69,N,4,N,14,0.0,,7
2/1/2012,1010.4,31.0,26.6,28.5,76,84,68,N,6,N,18,0.0,,6
2/2/2012,1010.5,31.4,26.2,28.5,75,82,68,N,7,NNE,21,0.0,,7
2/3/2012,1010.8,30.8,25.7,28.3,77,86,71,N,4,N,15,0.0,,6
2/4/2012,1011.5,31.7,23.8,27.7,80,89,69,N,3,N,9,0.0,,7
2/5/2012,1011.1,31.0,23.6,27.3,81,93,69,WNW,3,N,12,0.0,,6
2/6/2012,1010.2,31.6,25.5,28.6,79,92,75,NNE,3,N,11,0.0,,5
2/7/2012,1009.7,30.8,23.4,27.7,85,98,74,N,4,E,16,25.6,,7
2/8/2012,1009.2,31.1,23.7,27.1,88,99,74,VRB,1,NNW,10,0.6,,6
2/9/2012,1008.8,31.4,22.3,27.5,88,100,79,S,4,S,19,56.5,,6
2/10/2012,1009.5,29.0,22.7,26.2,92,100,76,SW,4,W,20,4.1,,7
2/11/2012,1009.6,30.5,24.7,27.5,87,98,70,VRB,2,SSW,10,1.0,,7
2/12/2012,1010.2,31.4,24.7,28.2,83,93,73,NE,3,NE,12,0.0,,6
2/13/2012,1011.0,30.5,23.2,27.0,88,100,75,VRB,2,NE,16,12.6,,6
2/14/2012,1011.4,29.9,23.3,26.7,88,99,77,VRB,2,E,18,0.2,,7
2/15/2012,1010.0,30.6,23.9,27.6,86,99,75,N,4,N,16,1.0,,7
2/16/2012,1009.2,30.2,24.0,26.7,89,97,76,NNE,3,N,15,7.4,,7
2/17/2012,1008.9,30.9,24.1,28.4,83,90,74,NE,3,NE,12,0.0,,7
2/18/2012,1009.3,31.5,26.9,28.7,83,97,75,NNE,3,NNE,15,0.0,,6
2/19/2012,1009.4,31.6,23.4,27.9,85,100,74,NE,6,E,27,33.0,,7
2/20/2012,1009.5,29.6,26.2,28.0,80,88,77,N,4,NNE,14,0.0,,7
2/21/2012,1008.2,30.3,21.5,26.7,88,98,86,N,3,N,16,12.0,,7
2/22/2012,1009.1,26.6,21.6,24.3,94,99,66,W,4,N,26,6.8,,8
2/23/2012,1008.0,30.9,26.0,28.3,76,98,68,N,4,NNE,16,0.0,,7
2/24/2012,1007.1,30.9,26.1,28.6,75,84,71,NNE,4,NNE,15,0.0,,5
2/25/2012,1006.0,31.6,26.6,28.9,80,87,71,NE,3,NE,12,0.0,,4
2/26/2012,1006.2,31.5,26.1,28.7,79,87,69,N,4,NNE,13,0.0,,5
2/27/2012,1007.3,32.0,24.8,28.7,82,97,69,VRB,2,ENE,16,4.6,,7
2/28/2012,1007.5,31.4,26.5,28.6,82,97,72,N,3,N,15,0.0,,6
2/29/2012,1007.3,31.5,24.6,28.6,82,96,70,N,4,N,13,0.0,,4
3/1/2012,1007.9,32.1,23.4,28.6,81,93,68,NNE,3,NNE,12,0.0,,3
3/2/2012,1008.1,32.2,25.9,28.5,82,96,69,VRB,1,N,8,0.0,,5
3/3/2012,1008.3,32.2,25.4,28.8,81,91,68,N,5,N,17,0.8,,7
3/4/2012,1008.8,32.2,24.0,28.7,79,92,66,N,5,NNW,19,0.0,,6
3/5/2012,1009.0,32.4,26.3,29.0,78,95,68,NNE,3,NNE,11,0.0,,7
3/6/2012,1009.0,31.6,25.7,28.7,78,86,69,NNW,4,WNW,11,0.0,,7
3/7/2012,1008.6,31.5,26.1,28.6,76,85,65,WNW,7,WNW,16,0.1,,5
3/8/2012,1008.9,31.5,26.6,28.8,74,84,66,NW,9,NW,18,0.0,,5
3/9/2012,1008.2,32.0,26.5,28.9,75,83,66,NW,10,NW,19,0.0,,7
3/10/2012,1007.6,31.8,26.4,28.8,75,81,61,NNW,9,NNW,23,0.0,,7
3/11/2012,1009.2,31.2,26.0,28.3,71,78,61,NW,9,WNW,20,0.0,,7
3/12/2012,1010.2,31.5,26.0,28.6,67,74,60,WNW,8,NW,17,0.0,,6
3/13/2012,1011.1,31.2,22.8,28.0,73,90,67,NNW,4,NW,13,0.0,,7
3/14/2012,1011.3,31.3,23.5,27.5,81,95,70,WNW,3,W,11,0.0,,5
3/15/2012,1011.5,31.6,24.5,28.3,81,95,68,W,3,SW,12,0.0,,6
3/16/2012,1011.4,31.8,24.5,28.3,81,93,71,VRB,2,W,11,0.0,,4
3/17/2012,1011.0,32.2,24.3,28.6,81,95,70,NNW,4,WNW,14,0.0,,4
3/18/2012,1011.6,31.8,25.6,28.7,82,95,69,WNW,3,W,9,0.3,,3
3/19/2012,1011.8,31.8,24.9,28.8,79,88,66,NW,4,NW,14,0.0,,4
3/20/2012,1011.2,31.6,25.7,28.6,78,88,69,NW,3,NNW,11,0.0,,3
3/21/2012,1010.7,31.9,26.8,29.2,78,84,72,W,7,W,14,0.0,,4
3/22/2012,1011.1,31.8,27.2,29.3,77,86,66,WSW,7,SSW,16,0.0,,4
3/23/2012,1011.2,32.0,26.8,29.3,76,82,65,W,6,W,16,0.0,,4
3/24/2012,1010.9,31.8,25.6,28.9,76,89,65,W,5,W,13,0.3,,3
3/25/2012,1010.9,31.9,24.4,28.9,77,95,75,WSW,5,NW,23,1.5,,5
3/26/2012,1011.8,30.5,21.9,25.2,92,99,68,WNW,4,NNW,28,38.8,,7
3/27/2012,1012.0,30.8,23.3,27.4,81,98,61,NW,3,NW,12,0.0,,3
3/28/2012,1013.0,31.8,22.3,27.5,79,95,64,VRB,2,NNW,11,0.0,,2
3/29/2012,1013.5,31.6,22.2,28.4,75,96,66,W,3,WNW,12,0.0,,2
3/30/2012,1012.2,31.6,26.6,29.0,74,84,65,WNW,6,WNW,12,0.0,,2
3/31/2012,1011.7,31.7,26.6,29.1,73,81,70,WNW,6,WNW,14,0.0,,3
4/1/2012,1011.2,31.8,26.8,29.2,77,84,70,W,4,WNW,13,0.0,,3
4/2/2012,1012.2,31.8,25.7,29.2,78,92,69,SW,4,SSW,13,1.4,,4
4/3/2012,1013.2,31.8,25.8,29.1,80,86,70,S,5,S,15,0.0,,4
4/4/2012,1012.9,31.8,24.0,28.0,84,97,65,S,3,SSE,13,1.3,,4
4/5/2012,1011.1,32.0,23.8,28.3,81,97,69,VRB,2,SE,7,0.0,,3
4/6/2012,1010.5,31.5,26.8,28.7,78,95,71,WSW,4,SW,11,0.0,,3
4/7/2012,1009.5,31.7,25.0,29.1,79,92,75,WSW,5,NNW,15,5.9,,4
4/8/2012,1009.9,31.0,24.9,28.1,83,92,64,W,7,NNW,23,0.0,,6
4/9/2012,1010.8,31.5,25.6,28.7,78,88,71,S,5,WSW,15,0.0,,6
4/10/2012,1010.3,31.5,24.3,27.9,85,95,66,VRB,2,SSE,12,1.6,,5
4/11/2012,1009.4,31.8,24.4,28.5,80,94,68,VRB,2,W,10,0.6,,5
4/12/2012,1009.2,31.6,26.5,28.9,80,94,70,W,4,W,13,0.7,,5
4/13/2012,1008.5,31.6,26.0,29.2,80,88,80,W,3,W,11,0.0,,5
4/14/2012,1009.8,30.5,23.3,26.4,88,97,65,WSW,4,WSW,17,11.0,,7
4/15/2012,1009.6,32.5,24.9,28.9,80,95,63,VRB,2,N,14,0.7,,7
4/16/2012,1009.5,31.8,24.0,28.6,78,96,63,S,4,S,12,0.0,,6
4/17/2012,1008.5,32.2,27.0,29.1,74,90,67,SW,3,SW,13,0.0,,7
4/18/2012,1008.9,31.9,25.8,29.5,75,90,65,W,6,WSW,15,0.0,,6
4/19/2012,1009.0,31.8,27.5,29.4,74,90,70,W,5,W,14,0.0,,6
4/20/2012,1009.9,32.2,27.7,29.9,78,84,70,W,6,W,13,0.0,,5
4/21/2012,1009.4,32.3,27.8,30.0,76,82,69,W,9,W,18,0.0,,5
4/22/2012,1008.6,32.2,28.1,29.9,73,78,67,W,10,W,21,0.0,,6
4/23/2012,1008.1,32.1,25.5,30.1,74,84,74,WSW,11,W,23,9.0,,6
4/24/2012,1009.5,30.7,25.0,28.7,83,91,72,W,11,W,33,7.9,,7
4/25/2012,1009.5,31.5,24.5,29.0,84,95,76,W,10,WSW,25,3.2,,7
4/26/2012,1010.2,31.8,24.4,28.7,83,93,72,W,9,SW,24,7.3,,7
4/27/2012,1010.2,32.1,27.8,29.6,78,82,69,WSW,8,WSW,21,1.0,,7
4/28/2012,1009.3,32.0,27.4,29.6,78,84,70,W,9,WNW,19,0.0,,6
4/29/2012,1009.0,31.8,27.1,29.6,77,85,66,W,9,WNW,17,0.0,,4
4/30/2012,1009.1,31.6,27.2,29.4,74,81,69,WNW,8,WNW,16,0.0,,3
5/1/2012,1009.7,31.8,26.2,29.0,76,83,66,NNW,5,N,13,0.0,,5
5/2/2012,1010.8,31.5,22.5,27.8,78,96,65,NNW,3,NNW,12,0.0,,2
5/3/2012,1010.3,31.3,24.0,27.6,82,96,71,VRB,2,S,8,0.0,,2
5/4/2012,1009.4,31.8,27.0,29.1,79,96,69,S,4,S,15,0.0,,4
5/5/2012,1010.0,32.1,26.2,29.4,80,94,69,WSW,4,W,15,0.6,,5
5/6/2012,1010.0,32.0,26.9,29.4,78,85,68,WNW,5,WNW,12,0.0,,6
5/7/2012,1009.4,31.8,25.0,29.0,78,89,71,NW,5,WNW,13,0.0,,4
5/8/2012,1009.3,32.4,24.2,28.4,84,97,69,VRB,2,NW,11,0.2,,4
5/9/2012,1010.8,32.8,24.8,28.8,81,97,68,VRB,2,SW,13,0.0,,5
5/10/2012,1011.3,32.8,26.7,29.5,78,93,70,W,4,WNW,13,0.0,,4
5/11/2012,1010.6,31.9,27.2,29.3,77,82,70,WSW,5,SSE,16,0.0,,6
5/12/2012,1009.5,31.8,26.1,29.1,79,85,68,WSW,5,W,16,0.0,,7
5/13/2012,1009.1,32.5,24.5,28.4,83,97,70,W,4,W,14,11.9,,6
5/14/2012,1009.8,32.2,24.6,28.5,84,97,68,WNW,3,NNE,17,3.7,,6
5/15/2012,1011.0,31.6,25.3,28.2,85,97,70,S,3,W,14,0.0,,7
5/16/2012,1009.0,32.1,25.9,29.0,82,97,78,S,4,S,14,0.0,,6
5/17/2012,1008.3,29.7,23.8,26.5,91,99,73,S,3,S,15,8.5,,7
5/18/2012,1009.5,32.7,25.4,28.1,87,100,74,W,4,WNW,23,3.4,,7
5/19/2012,1010.6,30.0,24.2,28.2,84,93,76,W,7,W,24,17.7,,7
5/20/2012,1010.6,28.8,22.3,27.0,88,98,73,SSE,6,NW,27,48.8,,7
5/21/2012,1010.6,30.2,24.6,27.5,85,100,73,SSW,5,SW,23,0.0,,7
5/22/2012,1011.0,30.7,25.6,27.9,83,88,70,SSW,3,NNW,11,0.5,,7
5/23/2012,1011.1,32.0,25.6,29.1,79,87,76,SSW,5,SW,14,0.4,,7
5/24/2012,1010.7,30.7,24.0,27.7,84,95,72,SSW,6,S,21,2.7,,7
5/25/2012,1010.8,29.2,24.9,27.3,83,94,71,SSW,8,S,19,0.2,,7
5/26/2012,1010.6,31.0,23.8,28.4,80,97,77,WSW,8,WSW,31,12.8,,7
5/27/2012,1010.6,30.6,23.5,27.3,88,100,76,WSW,7,WSW,33,37.8,,7
5/28/2012,1010.6,31.4,22.5,27.9,85,97,68,WSW,7,W,33,29.4,,7
5/29/2012,1011.4,30.1,23.3,27.9,82,98,74,W,9,WNW,34,1.0,,7
5/30/2012,1010.4,31.6,25.0,28.8,81,92,74,W,6,W,16,1.9,,7
5/31/2012,1009.9,31.1,25.5,28.2,85,93,71,W,4,NW,19,0.0,,7
6/1/2012,1009.0,31.9,24.5,28.7,83,95,70,VRB,2,W,11,0.0,,6
6/2/2012,1009.3,32.6,23.2,28.7,83,97,77,W,4,W,33,27.0,,7
6/3/2012,1009.1,31.8,23.5,28.4,86,98,71,NW,7,WNW,34,7.4,,7
6/4/2012,1010.1,32.1,24.3,28.8,84,97,70,W,4,W,26,3.2,,6
6/5/2012,1010.0,31.9,27.1,29.2,81,98,69,WSW,4,WSW,13,0.0,,7
6/6/2012,1008.9,31.7,27.8,29.6,75,86,68,WSW,8,WSW,17,0.0,,7
6/7/2012,1009.1,31.7,27.3,29.6,76,83,68,W,9,W,20,1.2,,5
6/8/2012,1010.7,31.8,26.8,29.6,77,86,70,W,9,W,19,0.1,,7
6/9/2012,1011.0,32.0,27.2,29.5,79,85,71,W,6,W,16,0.0,,7
6/10/2012,1010.3,31.7,26.7,29.1,77,85,66,W,6,WSW,13,0.0,,7
6/11/2012,1009.5,31.8,25.5,29.2,76,87,68,W,5,W,13,0.0,,7
6/12/2012,1009.0,32.0,23.5,28.6,79,93,73,VRB,2,SSW,7,9.1,,5
6/13/2012,1009.4,31.4,23.8,27.8,86,97,72,VRB,2,W,28,3.2,,7
6/14/2012,1009.8,31.8,24.3,28.7,83,97,70,VRB,2,E,8,0.0,,7
6/15/2012,1010.0,32.7,24.0,28.5,83,97,66,VRB,1,ENE,5,0.0,,5
6/16/2012,1010.6,31.7,25.4,28.9,75,95,65,WSW,4,WSW,10,0.0,,5
6/17/2012,1011.1,31.9,25.0,28.6,77,89,69,VRB,2,WSW,9,0.0,,6
6/18/2012,1012.2,31.4,24.4,28.3,80,94,67,VRB,2,W,9,0.0,,7
6/19/2012,1012.4,31.7,23.1,27.9,81,96,67,VRB,2,SW,8,0.0,,7
6/20/2012,1011.2,31.5,24.1,28.1,79,97,64,S,3,S,8,0.0,,7
6/21/2012,1010.9,32.1,23.5,28.4,78,94,65,VRB,2,E,6,0.0,,7
6/22/2012,1010.7,32.1,24.0,27.9,79,93,65,VRB,2,ESE,7,0.0,,6
6/23/2012,1010.1,31.6,25.0,28.4,79,90,65,S,3,SSE,12,0.0,,5
6/24/2012,1009.3,32.0,24.8,28.9,77,92,66,S,3,SSE,9,0.0,,6
6/25/2012,1010.7,32.4,24.0,29.3,77,94,74,E,3,SE,15,21.0,,7
6/26/2012,1011.1,31.2,23.6,27.4,86,96,68,VRB,2,S,10,0.1,,7
6/27/2012,1011.1,31.8,25.4,28.6,80,97,68,VRB,2,N,9,0.3,,7
6/28/2012,1010.9,32.2,24.0,28.6,79,93,68,W,3,SW,19,0.0,,7
6/29/2012,1010.0,31.7,25.5,28.9,75,95,69,WSW,3,WSW,10,0.0,,7
6/30/2012,1008.9,31.4,24.1,28.1,82,93,68,WSW,3,SW,14,0.4,,7
7/1/2012,1008.3,32.0,24.5,28.1,81,93,68,VRB,2,SSW,10,0.0,,7
7/2/2012,1008.4,31.6,25.7,28.4,81,90,70,S,4,S,12,0.2,,7
7/3/2012,1007.8,29.8,23.5,27.6,85,97,65,VRB,1,S,10,0.0,,7
7/4/2012,1007.3,33.0,22.9,27.9,83,97,69,VRB,2,NNW,20,14.3,,6
7/5/2012,1008.4,31.7,24.8,27.8,83,99,69,W,3,W,47,0.0,,7
7/6/2012,1008.6,32.6,25.1,29.1,79,94,64,E,3,NE,19,3.6,,7
7/7/2012,1007.9,32.3,23.2,28.0,81,97,71,W,4,WSW,32,12.5,,7
7/8/2012,1008.2,31.0,21.7,26.3,85,98,66,W,6,W,51,29.7,,7
7/9/2012,1007.9,31.7,22.8,28.1,76,91,72,WNW,8,W,35,11.6,,7
7/10/2012,1008.3,29.9,24.3,27.1,84,97,73,NW,4,WSW,29,1.7,,7
7/11/2012,1008.4,31.8,25.6,28.4,86,97,78,WNW,5,WNW,24,8.5,,6
7/12/2012,1008.9,29.8,23.5,27.9,85,98,70,WNW,8,SW,25,32.9,,7
7/13/2012,1009.0,30.8,25.0,28.4,80,92,66,NW,8,W,28,6.2,,7
7/14/2012,1009.0,31.9,26.8,29.3,75,82,65,WNW,10,WNW,17,0.0,,3
7/15/2012,1009.1,31.6,26.4,29.2,74,82,66,NW,8,NW,15,0.0,,6
7/16/2012,1010.0,31.9,24.8,28.7,79,96,68,NW,5,W,13,0.6,,4
7/17/2012,1011.5,31.8,25.2,28.8,80,93,67,NNW,3,NNW,10,0.0,,4
7/18/2012,1012.3,32.0,23.8,28.5,80,95,64,VRB,2,N,9,0.0,,3
7/19/2012,1011.7,32.5,24.5,28.1,80,95,66,VRB,1,NW,7,0.0,,7
7/20/2012,1011.0,31.5,24.6,28.2,81,95,69,W,3,W,10,1.2,,6
7/21/2012,1011.2,31.2,24.2,27.7,82,90,74,W,7,W,28,12.8,,7
7/22/2012,1010.7,29.5,25.2,27.5,86,95,73,W,3,W,8,0.9,,7
7/23/2012,1009.5,31.4,25.4,28.4,84,96,71,W,3,W,12,0.3,,7
7/24/2012,1009.4,31.4,24.1,28.6,80,91,70,W,4,W,11,0.0,,5
7/25/2012,1010.1,31.5,25.7,28.5,80,95,70,NW,4,W,12,0.0,,4
7/26/2012,1010.0,31.5,26.5,29.0,79,87,70,NW,5,NW,10,0.0,,5
7/27/2012,1009.3,31.7,24.2,29.1,79,87,66,WNW,3,NNW,7,0.0,,5
7/28/2012,1010.0,32.0,23.5,28.1,80,95,66,VRB,2,NNW,8,0.0,,6
7/29/2012,1011.1,32.2,25.4,28.8,78,95,63,VRB,1,E,9,0.0,,6
7/30/2012,1011.6,31.3,25.3,29.2,74,88,70,VRB,2,ESE,7,0.0,,6
7/31/2012,1011.3,31.8,24.8,27.9,84,96,69,SE,3,SE,12,13.3,,7
8/1/2012,1011.5,31.2,25.5,28.8,79,96,69,SE,3,S,13,1.6,,7
8/2/2012,1011.9,31.6,25.4,29.0,78,89,69,SE,3,SE,16,0.0,,7
8/3/2012,1011.3,31.9,26.3,29.0,78,88,71,SE,4,SE,14,0.3,,7
8/4/2012,1010.5,31.2,25.6,28.8,80,86,71,S,5,SSW,14,0.0,,7
8/5/2012,1010.8,31.4,26.9,28.8,78,89,67,S,5,SSW,14,0.0,,7
8/6/2012,1010.6,31.8,27.4,29.4,75,81,68,SSE,6,SSE,14,0.0,,5
8/7/2012,1010.6,31.6,27.6,29.5,76,81,69,SSE,7,SSE,17,0.0,,4
8/8/2012,1011.0,32.0,26.5,29.3,77,86,71,SSE,6,SE,14,0.0,,6
8/9/2012,1010.7,31.7,25.5,29.1,79,86,71,SSW,7,SSW,16,0.0,,7
8/10/2012,1010.3,31.6,26.8,29.3,79,86,68,S,9,SSW,18,0.0,,6
8/11/2012,1010.5,32.1,27.8,29.5,77,85,72,S,10,S,19,0.0,,7
8/12/2012,1010.0,31.4,25.4,29.2,79,88,69,SE,7,ESE,20,7.8,,7
8/13/2012,1010.0,32.2,23.8,28.6,80,99,66,E,6,W,25,24.3,,7
8/14/2012,1010.7,31.0,23.0,27.6,82,99,65,VRB,2,NNW,14,1.2,,5
8/15/2012,1010.9,31.6,25.8,28.4,78,100,75,W,3,W,12,0.0,,5
8/16/2012,1010.9,30.6,23.4,26.6,86,99,75,NNW,5,SW,18,19.1,,7
8/17/2012,1010.6,30.5,23.6,27.2,85,97,79,NW,9,W,24,26.6,,7
8/18/2012,1010.9,28.6,21.8,26.1,88,100,73,NNW,8,W,28,30.7,,8
8/19/2012,1009.9,31.2,25.8,28.9,80,87,72,W,8,WNW,17,0.0,,7
8/20/2012,1009.3,31.5,25.7,28.6,80,86,74,WSW,6,WSW,19,0.0,,7
8/21/2012,1009.7,31.1,21.4,27.6,83,100,75,W,5,NNW,40,9.3,,7
8/22/2012,1009.8,31.4,24.2,28.3,83,99,73,N,5,N,14,0.0,,7
8/23/2012,1010.1,31.0,23.1,27.5,88,100,71,VRB,2,WNW,14,0.5,,7
8/24/2012,1010.8,31.3,23.9,28.0,83,100,72,N,4,NNW,18,0.0,,6
8/25/2012,1011.5,31.2,25.5,28.2,82,97,70,VRB,2,N,10,0.0,,7
8/26/2012,1011.6,31.0,24.1,28.1,81,92,67,W,3,W,11,0.0,,7
8/27/2012,1011.5,31.0,23.2,27.8,82,96,64,W,3,WSW,11,0.0,,5
8/28/2012,1011.4,31.7,26.0,28.4,79,98,68,SSW,3,SSW,11,0.0,,7
8/29/2012,1011.2,31.5,27.2,29.3,77,83,74,SSE,6,S,16,0.0,,6
8/30/2012,1010.2,31.3,27.5,29.3,79,85,75,SSE,5,SE,13,0.0,,7
8/31/2012,1009.2,31.8,27.5,29.5,82,88,74,SSE,5,SE,17,0.0,,7
9/1/2012,1008.8,32.0,22.9,29.3,83,99,76,ESE,6,NNW,30,32.4,,6
9/2/2012,1010.1,30.5,23.5,26.6,86,98,65,N,6,NW,25,1.9,,7
9/3/2012,1009.9,31.7,23.2,28.6,80,97,76,SSE,3,NW,17,9.7,,7
9/4/2012,1009.8,30.2,25.6,28.0,84,91,70,VRB,2,SE,11,0.0,,7
9/5/2012,1009.8,31.9,27.3,29.4,78,87,69,ESE,4,ESE,12,0.0,,3
9/6/2012,1010.7,31.5,27.2,29.4,78,85,70,SE,4,ESE,12,0.0,,3
9/7/2012,1010.9,31.5,26.8,29.3,79,85,70,SSE,4,SSE,10,0.0,,4
9/8/2012,1010.8,32.4,22.8,28.6,81,96,85,NNW,6,NW,27,14.8,,6
9/9/2012,1011.4,30.5,23.3,25.9,94,99,72,W,3,W,25,15.4,,7
9/10/2012,1011.6,30.8,25.5,28.2,84,100,70,VRB,2,SSW,10,0.0,,7
9/11/2012,1011.7,31.0,24.2,28.4,83,97,70,S,3,SW,11,0.0,,6
9/12/2012,1011.7,31.4,26.3,28.9,79,93,66,S,5,S,12,0.0,,6
9/13/2012,1011.9,31.7,23.5,28.4,80,98,66,S,4,SSE,12,0.0,,3
9/14/2012,1011.7,31.4,24.4,28.0,81,100,69,SW,3,SSW,10,0.0,,4
9/15/2012,1010.8,31.7,24.5,28.3,82,96,70,SW,3,NNW,18,0.0,,6
9/16/2012,1010.8,31.5,24.8,28.9,80,95,72,WNW,4,WNW,12,1.7,,7
9/17/2012,1011.1,31.6,24.1,29.0,80,87,77,W,8,WNW,29,5.2,,7
9/18/2012,1010.8,30.0,23.2,27.5,84,98,78,NW,10,NW,36,12.1,,7
9/19/2012,1010.1,30.0,23.6,27.4,86,100,77,NNW,11,NNW,28,9.3,,7
9/20/2012,1010.2,29.6,23.0,27.3,87,98,78,NNW,9,NNW,24,130.4,,7
9/21/2012,1011.4,28.6,22.8,25.6,91,100,67,W,8,NW,31,64.2,,7
9/22/2012,1011.4,31.3,23.2,28.3,78,93,72,W,4,W,18,8.8,,7
9/23/2012,1012.1,29.4,23.2,26.9,85,98,76,WNW,6,W,30,2.2,,7
9/24/2012,1011.1,29.0,25.5,27.7,85,98,75,W,4,SW,10,0.0,,7
9/25/2012,1011.6,30.4,26.1,28.5,82,87,71,WSW,5,WSW,11,0.0,,7
9/26/2012,1012.5,31.3,25.1,28.7,82,94,74,W,3,WSW,11,0.0,,5
9/27/2012,1012.6,31.3,25.0,28.8,82,92,78,W,4,NNW,16,3.2,,4
9/28/2012,1012.1,31.3,27.0,29.0,82,88,71,NW,8,NW,16,0.0,,3
9/29/2012,1011.4,31.5,27.3,29.3,79,87,70,WNW,10,WNW,18,0.0,,3
9/30/2012,1011.1,31.8,23.0,29.1,80,91,71,WNW,10,W,32,2.6,,5
10/1/2012,1011.2,31.3,26.6,28.9,79,87,75,WNW,10,NW,24,0.4,,5
10/2/2012,1011.8,31.2,24.1,27.9,82,90,73,WNW,9,WNW,27,0.6,,7
10/3/2012,1011.5,30.4,24.1,27.9,81,97,73,WNW,9,W,25,2.9,,7
10/4/2012,1011.0,31.2,23.1,27.8,84,97,70,NW,6,WNW,24,0.6,,7
10/5/2012,1011.8,30.6,23.6,27.1,85,97,71,WNW,4,N,22,2.4,,5
10/6/2012,1012.2,30.8,24.2,28.0,83,98,73,WSW,7,W,19,2.6,,4
10/7/2012,1011.5,31.3,22.6,27.6,84,97,73,W,9,WNW,36,37.0,,7
10/8/2012,1010.7,30.4,24.0,27.1,85,98,79,W,9,WNW,26,4.3,,7
10/9/2012,1010.0,29.1,23.0,26.9,86,98,81,W,10,NNW,26,19.5,,7
10/10/2012,1010.1,28.3,22.2,26.3,89,97,72,W,13,WNW,37,21.7,,8
10/11/2012,1010.2,30.6,24.3,27.8,81,92,72,WNW,13,WNW,39,6.6,,7
10/12/2012,1010.0,31.1,25.0,28.8,80,90,72,NW,12,N,28,0.7,,6
10/13/2012,1010.4,31.5,24.6,28.1,83,98,69,NNW,5,N,24,0.5,,7
10/14/2012,1011.1,31.0,23.0,27.4,84,99,68,VRB,2,W,19,0.0,,5
10/15/2012,1012.6,31.3,22.4,27.7,82,100,73,SSE,5,SSE,28,19.9,,6
10/16/2012,1012.6,30.1,23.1,27.4,84,97,67,SSW,6,SE,21,7.0,,7
10/17/2012,1011.4,31.0,25.2,28.0,81,98,70,S,4,S,11,0.0,,7
10/18/2012,1010.3,31.1,23.8,28.2,81,95,65,VRB,2,NE,9,3.7,,7
10/19/2012,1010.1,31.4,24.3,27.8,83,97,70,VRB,2,SW,14,0.0,,5
10/20/2012,1010.0,31.4,24.4,27.4,86,96,70,SW,4,WSW,14,7.8,,6
10/21/2012,1009.7,30.8,22.7,28.3,81,94,78,W,7,W,25,4.5,,6
10/22/2012,1009.8,29.0,24.2,26.8,85,97,72,SSW,8,SW,24,0.3,,6
10/23/2012,1009.3,31.1,22.7,28.2,82,99,82,WNW,5,W,25,37.5,,7
10/24/2012,1009.5,29.8,24.1,26.9,89,96,74,NNW,7,NNW,23,7.5,,7
10/25/2012,1008.8,30.9,23.3,27.5,85,97,83,WNW,8,WNW,26,11.7,,7
10/26/2012,1008.6,28.2,24.4,26.5,89,96,74,W,8,W,24,7.7,,7
10/27/2012,1008.7,30.6,22.5,26.6,89,100,77,W,11,W,39,37.5,,8
10/28/2012,1009.0,28.4,22.4,27.0,86,92,78,W,12,W,37,15.3,,8
10/29/2012,1008.5,28.5,22.4,26.5,88,99,77,SW,12,SW,37,35.8,,8
10/30/2012,1008.4,30.4,23.0,27.0,87,100,77,SW,12,W,39,37.4,,7
10/31/2012,1008.6,30.5,24.6,28.0,83,92,71,SW,10,SSW,28,3.1,,7
11/1/2012,1009.2,31.6,25.6,28.7,81,93,74,SW,6,SW,16,0.0,,7
11/2/2012,1009.9,31.4,26.4,28.7,82,90,74,W,7,WSW,15,0.6,,7
11/3/2012,1010.2,31.5,22.9,27.9,85,98,80,W,7,NW,30,9.2,,7
11/4/2012,1010.7,28.4,22.6,25.9,90,99,75,WNW,14,WNW,33,36.6,,7
11/5/2012,1009.2,30.6,23.3,28.0,82,97,86,NW,11,NW,33,9.3,,7
11/6/2012,1010.7,28.6,21.0,24.7,95,100,77,NW,8,N,29,89.0,,8
11/7/2012,1010.0,30.0,26.5,28.2,84,92,78,WNW,9,WNW,19,0.3,,7
11/8/2012,1010.1,30.7,22.1,26.9,88,99,77,WSW,6,NW,31,7.9,,7
11/9/2012,1010.6,30.9,24.2,27.7,85,95,70,WSW,4,W,18,16.4,,7
11/10/2012,1011.6,30.7,26.0,28.4,80,90,74,W,6,SW,13,0.0,,6
11/11/2012,1011.4,30.8,26.0,28.4,81,87,75,W,7,W,14,0.0,,4
11/12/2012,1011.7,30.8,26.0,28.4,82,87,72,WNW,7,WNW,16,0.0,,5
11/13/2012,1011.2,30.9,26.3,28.5,80,86,70,NW,8,WNW,17,0.0,,4
11/14/2012,1009.8,30.6,23.3,27.8,82,100,76,WNW,7,WNW,20,24.1,,4
11/15/2012,1010.3,30.6,24.8,27.4,88,98,77,W,7,W,23,3.4,,7
11/16/2012,1011.1,30.6,24.7,27.9,84,90,76,NW,8,NW,20,4.4,,7
11/17/2012,1010.8,31.0,24.4,28.0,86,97,74,NW,6,WNW,19,2.2,,3
11/18/2012,1010.2,30.7,24.3,28.3,83,96,73,W,7,NW,16,0.0,,3
11/19/2012,1010.0,31.0,26.0,28.7,81,88,74,WSW,6,WSW,14,0.0,,3
11/20/2012,1010.1,31.1,26.5,28.7,82,88,75,SW,7,WSW,17,0.0,,4
11/21/2012,1010.2,30.8,26.0,28.5,83,89,75,WSW,6,WSW,14,0.0,,4
11/22/2012,1010.2,30.6,26.0,28.5,84,91,77,W,5,W,12,0.0,,3
11/23/2012,1010.3,31.1,23.5,28.4,85,97,73,W,7,W,27,11.2,,4
11/24/2012,1010.3,29.7,24.0,26.7,89,98,72,NW,6,NNW,20,0.6,,6
11/25/2012,1010.4,31.3,23.6,27.5,86,97,73,VRB,2,W,10,0.0,,3
11/26/2012,1010.6,31.4,25.7,28.3,85,97,74,SW,4,W,12,2.2,,5
11/27/2012,1010.6,31.2,26.1,28.4,84,94,75,WNW,4,NW,12,0.0,,7
11/28/2012,1010.3,31.5,22.5,28.5,83,100,81,WNW,6,NW,23,24.8,,7
11/29/2012,1011.1,28.5,23.9,25.9,91,100,74,NW,6,NW,19,1.9,,7
11/30/2012,1010.7,31.1,23.0,28.0,83,99,75,WNW,8,NW,27,6.1,,6
12/1/2012,1010.5,30.7,26.0,28.1,84,94,76,NW,7,NW,25,0.0,,4
12/2/2012,1010.3,31.2,25.6,28.4,83,90,75,NNW,6,NNW,16,0.0,,7
12/3/2012,1009.6,31.0,25.7,28.6,82,91,78,WNW,5,WNW,12,0.0,,6
12/4/2012,1008.4,30.5,23.4,27.9,86,97,75,WNW,4,NNW,17,7.6,,7
12/5/2012,1008.7,31.3,24.8,27.7,88,97,76,VRB,2,N,14,0.0,,5
12/6/2012,1009.6,31.0,25.6,28.4,84,93,70,WNW,3,NW,11,0.0,,4
12/7/2012,1010.2,31.2,26.7,28.8,79,85,75,W,6,W,16,0.0,,4
12/8/2012,1010.4,31.1,26.3,28.5,80,84,71,WNW,8,WNW,17,0.0,,7
12/9/2012,1010.0,30.8,25.0,28.0,79,90,74,WNW,6,WNW,14,0.0,,6
12/10/2012,1009.4,30.6,22.5,27.4,85,97,67,NNW,3,NNW,11,0.0,,4
12/11/2012,1010.2,32.0,23.6,27.8,84,97,71,VRB,1,ENE,8,0.0,,3
12/12/2012,1010.5,31.4,23.4,27.1,88,100,69,VRB,1,ESE,8,2.3,,6
12/13/2012,1011.4,31.0,24.0,27.7,85,98,71,VRB,2,N,8,0.0,,6
12/14/2012,1012.1,31.7,23.4,27.2,88,99,67,VRB,1,E,12,11.1,,6
12/15/2012,1011.2,31.3,26.4,28.6,77,97,71,NE,3,NE,10,0.0,,7
12/16/2012,1010.1,32.0,25.7,29.0,80,86,75,NE,4,NNE,14,0.0,,6
12/17/2012,1009.8,30.7,24.4,27.8,86,95,83,NNE,5,N,19,0.9,,7
12/18/2012,1010.0,29.0,22.8,26.5,90,100,71,NW,5,NNW,22,12.9,,7
12/19/2012,1008.3,31.0,26.0,28.0,83,97,73,NW,9,NW,18,0.0,,6
12/20/2012,1007.5,31.2,25.5,28.4,83,93,83,WNW,6,NW,14,0.3,,6
12/21/2012,1008.5,28.8,23.9,26.8,88,96,76,W,6,WSW,24,2.4,,7
12/22/2012,1009.4,31.2,23.4,27.3,89,100,77,N,5,NNW,24,22.7,,7
12/23/2012,1009.5,30.9,23.3,27.4,88,100,76,NNW,6,NNW,26,15.3,,7
12/24/2012,1009.1,30.5,22.6,26.9,90,100,76,NW,9,N,25,26.5,,7
12/25/2012,1008.8,30.3,22.2,26.5,89,100,77,N,6,WNW,26,15.9,,7
12/26/2012,1008.4,30.9,23.1,27.4,87,97,74,W,7,WNW,30,4.3,,7
12/27/2012,1008.1,29.5,25.6,27.7,84,92,75,NW,12,WNW,34,0.0,,7
12/28/2012,1007.6,31.1,25.8,28.4,85,92,76,NNW,8,N,18,0.0,,7
12/29/2012,1008.2,31.2,24.4,28.3,86,97,65,NW,5,NW,15,0.0,,6
12/30/2012,1009.1,30.8,23.5,27.5,87,98,72,N,3,NNE,9,0.0,,7
12/31/2012,1008.9,31.0,23.0,27.5,86,98,67,VRB,2,N,10,0.0,,6
1/1/2013,1010.4,31.6,22.8,27.2,85,100,70,VRB,1,E,7,0.0,,6
1/2/2013,1011.5,31.4,24.9,28.2,82,99,70,WSW,4,SW,12,0.4,,4
1/3/2013,1011.6,31.1,26.4,28.6,79,86,73,W,8,NNW,17,0.0,,3
1/4/2013,1010.7,31.2,26.3,28.5,82,90,74,NNW,10,NNW,21,0.0,,5
1/5/2013,1009.8,31.5,26.1,28.4,83,90,73,NNW,10,NW,18,0.0,,7
1/6/2013,1010.2,31.0,24.2,28.2,82,95,75,NNW,7,NNW,16,0.05,,6
1/7/2013,1011.6,31.2,26.4,28.1,83,97,75,WSW,6,SSW,16,0.0,,7
1/8/2013,1011.6,31.2,26.4,28.7,83,88,69,WNW,8,NW,18,0.0,,5
1/9/2013,1011.2,31.4,26.5,28.8,81,88,74,NW,9,NW,17,0.05,,5
1/10/2013,1011.0,30.8,25.6,28.6,82,88,73,N,7,N,16,0.0,,4
1/11/2013,1012.0,30.6,23.6,27.8,84,95,74,NNW,4,NNW,13,0.0,,3
1/12/2013,1012.2,30.6,24.7,28.0,83,93,68,N,3,N,10,0.0,,4
1/13/2013,1011.1,31.0,26.6,28.5,80,88,72,NNE,3,NNE,13,0.0,,3
1/14/2013,1010.5,31.5,26.5,28.8,77,82,69,NE,5,NNE,17,0.05,,4
1/15/2013,1011.0,30.5,26.4,28.4,75,82,69,NE,6,NE,19,0.0,,3
1/16/2013,1011.5,31.9,26.4,28.9,78,84,68,ENE,6,ENE,15,0.0,,3
1/17/2013,1011.8,31.8,25.6,28.9,79,90,75,ENE,5,E,18,11.8,,4
1/18/2013,1012.0,30.7,25.5,28.5,81,92,71,NNE,6,NE,14,0.0,,4
1/19/2013,1012.2,31.0,26.5,28.6,80,89,72,NNE,7,NNE,19,0.0,,4
1/20/2013,1011.9,31.2,26.6,28.6,80,93,70,NNE,6,NNE,16,0.0,,5
1/21/2013,1012.2,30.3,26.1,28.4,76,81,74,NNE,7,NNE,20,0.0,,5
1/22/2013,1012.8,30.3,22.5,27.7,83,100,70,NE,5,NNE,20,24.5,,7
1/23/2013,1012.7,30.6,25.8,28.3,75,85,67,NE,5,NE,16,0.0,,5
1/24/2013,1012.1,31.0,25.5,28.5,75,81,71,ENE,5,E,12,0.0,,3
1/25/2013,1011.9,31.0,26.3,28.5,78,84,72,NNE,4,NE,13,0.0,,3
1/26/2013,1012.5,31.0,26.8,28.5,80,86,68,NNE,5,NNE,16,0.05,,3
1/27/2013,1012.3,31.2,26.5,28.7,77,85,69,NE,5,NNE,15,0.0,,3
1/28/2013,1011.9,32.1,26.7,29.1,80,87,72,NE,5,ENE,14,0.05,,4
1/29/2013,1011.3,31.6,26.8,28.9,80,85,70,NE,6,ENE,15,0.0,,4
1/30/2013,1011.3,30.7,26.8,28.6,77,84,69,E,7,NNE,17,0.0,,7
1/31/2013,1011.0,31.5,26.8,29.0,77,82,72,E,7,E,19,0.0,,4
2/1/2013,1011.0,31.4,26.7,28.9,79,85,74,NE,6,ENE,19,0.0,,5
2/2/2013,1011.2,31.0,26.8,28.7,81,88,71,NE,6,NE,17,0.05,,7
2/3/2013,1011.6,31.2,26.5,28.6,80,87,72,NNE,6,NNE,14,0.05,,6
2/4/2013,1012.7,30.7,26.1,28.2,77,82,69,N,5,N,12,0.0,,7
2/5/2013,1013.2,30.5,22.2,27.5,80,97,70,NNE,3,NNE,11,0.0,,5
2/6/2013,1013.0,30.5,25.0,27.6,79,99,67,NNE,4,NNE,13,0.0,,6
2/7/2013,1011.7,31.2,23.6,27.8,79,93,71,NW,3,NW,10,0.0,,6
2/8/2013,1010.5,30.8,24.4,28.0,79,86,67,N,4,N,13,0.0,,6
2/9/2013,1009.8,30.9,24.0,27.9,79,95,70,N,3,NE,10,0.0,,3
2/10/2013,1009.0,31.8,24.7,28.3,79,93,74,NE,3,NE,10,0.0,,4
2/11/2013,1008.8,31.3,25.5,28.5,82,87,70,N,4,NNE,18,0.05,,5
2/12/2013,1007.8,31.6,27.2,29.0,80,87,75,NE,6,NE,17,0.0,,4
2/13/2013,1008.0,31.5,25.0,28.6,84,96,75,NNE,5,N,15,0.1,,7
2/14/2013,1008.9,30.5,25.3,27.6,88,94,73,S,4,S,14,0.6,,7
2/15/2013,1009.4,31.8,24.4,28.0,87,98,73,S,3,SSW,11,4.2,,6
2/16/2013,1009.4,30.5,23.4,26.8,90,100,78,VRB,1,SE,16,27.7,,7
2/17/2013,1009.4,29.2,23.4,26.2,90,100,76,W,6,W,25,19.7,,7
2/18/2013,1009.6,30.4,24.7,27.4,83,98,70,SW,6,WSW,28,0.0,,7
2/19/2013,1010.0,31.0,24.9,28.0,84,97,68,VRB,2,W,10,0.0,,4
2/20/2013,1010.6,31.0,23.6,27.7,83,98,74,VRB,2,W,10,0.0,,3
2/21/2013,1011.6,31.2,24.6,28.3,82,97,66,N,4,NW,11,0.7,,4
2/22/2013,1012.4,31.5,26.7,28.7,76,85,62,NNE,6,NNW,20,0.5,,5
2/23/2013,1012.4,30.9,26.8,28.8,75,82,69,NNE,6,NNE,19,0.0,,5
2/24/2013,1012.3,31.1,26.6,28.7,76,82,71,NNE,6,NNE,13,0.0,,6
2/25/2013,1012.2,31.5,26.4,28.7,78,84,71,NE,5,NE,11,0.0,,3
2/26/2013,1012.5,31.0,24.1,28.2,79,96,70,N,6,N,19,19.8,,5
2/27/2013,1012.0,30.7,26.6,28.4,75,81,66,N,7,NNE,15,0.0,,4
2/28/2013,1011.0,30.5,26.4,28.4,73,79,69,NNE,7,NNE,15,0.0,,4
3/1/2013,1010.8,30.7,26.4,28.5,75,80,70,N,7,N,16,0.0,,6
3/2/2013,1011.5,30.8,26.2,28.4,76,81,68,N,6,N,15,0.0,,7
3/3/2013,1011.3,31.5,26.3,28.4,77,84,67,N,6,NNW,14,0.0,,3
3/4/2013,1010.8,30.8,26.4,28.3,76,82,68,N,5,N,13,0.0,,4
3/5/2013,1010.1,31.0,25.5,28.4,78,90,75,NNE,5,NNE,14,0.0,,3
3/6/2013,1010.1,31.1,26.5,28.6,84,90,76,W,5,WNW,13,0.05,,7
3/7/2013,1010.8,30.6,25.3,28.2,87,93,74,NNW,4,S,21,0.9,,7
3/8/2013,1012.0,31.0,24.7,28.5,82,93,65,E,3,SE,11,0.05,,6
3/9/2013,1011.1,32.5,24.9,28.6,84,94,72,VRB,2,E,9,0.0,,5
3/10/2013,1010.0,32.0,24.8,28.5,84,96,69,VRB,2,NE,8,0.0,,3
3/11/2013,1011.2,31.9,24.4,28.3,85,99,68,VRB,2,NW,12,0.8,,4
3/12/2013,1011.4,32.4,25.7,29.2,78,98,66,NE,3,NE,10,0.0,,3
3/13/2013,1011.5,32.2,23.5,28.5,79,95,64,VRB,2,ESE,9,0.0,,7
3/14/2013,1010.9,32.5,24.4,28.6,79,97,69,VRB,1,ENE,6,0.0,,6
3/15/2013,1011.4,32.6,23.5,27.5,90,100,78,VRB,2,NE,22,60.3,,6
3/16/2013,1012.1,30.2,23.8,27.3,89,100,71,VRB,2,ESE,19,19.7,,5
3/17/2013,1010.9,31.4,25.0,27.9,86,99,66,S,4,ESE,17,4.3,,5
3/18/2013,1009.5,31.6,24.6,28.3,81,94,64,S,3,ESE,23,5.1,,4
3/19/2013,1009.7,31.7,24.4,29.4,74,87,67,SE,3,SE,11,5.4,,6
3/20/2013,1010.2,32.4,24.3,29.4,79,100,66,VRB,2,NNE,8,0.05,,4
3/21/2013,1009.5,32.6,25.0,29.2,80,95,68,VRB,2,NE,7,0.0,,4
3/22/2013,1008.6,31.8,24.5,28.8,82,98,70,WNW,4,W,14,3.4,,4
3/23/2013,1009.1,32.2,26.4,28.7,80,90,68,NW,4,NNW,10,0.0,,6
3/24/2013,1014.6,31.6,24.0,27.5,86,100,71,SSW,4,S,23,21.6,,7
3/25/2013,1009.8,31.6,23.2,28.3,85,100,75,NW,5,W,31,15.1,,7
3/26/2013,1009.6,30.5,25.5,28.3,82,89,73,NW,5,NNW,20,0.05,,7
3/27/2013,1010.1,31.3,25.6,28.8,83,92,70,NW,4,N,15,0.0,,7
3/28/2013,1010.3,31.8,26.2,29.4,80,88,81,W,6,W,17,0.05,,6
3/29/2013,1010.6,30.9,23.6,27.2,88,94,78,W,11,W,31,23.6,,7
3/30/2013,1010.0,30.1,26.0,28.4,83,100,73,WNW,10,NW,23,0.0,,7
3/31/2013,1010.1,32.0,27.5,29.6,80,88,72,WNW,8,WNW,15,0.0,,7
4/1/2013,1010.6,32.2,26.5,29.5,80,87,72,NW,8,NW,16,0.0,,6
4/2/2013,1009.9,32.0,26.9,29.5,82,93,73,NNW,9,NNW,19,0.0,,6
4/3/2013,1011.7,31.2,23.9,27.8,84,97,70,W,10,W,29,25.4,,7
4/4/2013,1009.7,31.5,25.5,28.7,80,93,73,WNW,6,WNW,14,0.0,,6
4/5/2013,1009.7,31.4,27.0,29.2,80,87,71,NW,5,NW,11,0.0,,6
4/6/2013,1008.5,31.6,27.2,29.4,79,85,72,NW,8,NW,17,0.0,,4
4/7/2013,1008.2,31.9,26.6,29.3,80,91,73,NW,7,NW,15,0.05,,3
4/8/2013,1008.8,31.5,26.0,29.1,83,98,70,NNW,4,N,17,0.9,,5
4/9/2013,1009.8,32.2,23.1,28.4,86,100,74,NW,3,E,21,72.8,,7
4/10/2013,1009.4,31.1,27.2,28.9,84,92,70,SW,7,SW,17,0.05,,5
4/11/2013,1008.5,31.2,25.0,28.9,79,91,69,W,5,S,17,0.0,,4
4/12/2013,1009.5,31.6,23.6,28.8,78,95,71,WNW,5,NW,11,0.0,,5
4/13/2013,1010.8,31.7,26.9,28.9,79,97,72,NW,4,NW,11,0.0,,6
4/14/2013,1010.8,31.6,24.9,29.1,79,93,76,NW,7,SSW,28,12.1,,7
4/15/2013,1010.5,31.5,26.1,28.9,83,99,75,W,8,SSW,20,0.0,,7
4/16/2013,1009.4,32.4,26.5,29.6,81,87,73,W,7,W,25,3.4,,5
4/17/2013,1008.6,32.1,24.0,29.3,83,100,72,WNW,6,W,19,7.9,,5
4/18/2013,1008.7,31.9,26.4,29.3,84,97,73,W,5,WNW,17,0.2,,5
4/19/2013,1008.6,31.9,27.8,29.6,79,86,74,NW,8,WNW,16,0.0,,4
4/20/2013,1008.7,32.2,27.4,29.8,81,89,72,NW,8,NW,17,0.05,,5
4/21/2013,1008.7,31.5,24.5,28.8,84,97,72,NNW,4,NW,16,3.0,,5
4/22/2013,1009.2,32.5,25.0,28.3,88,98,80,ENE,3,NE,22,3.8,,6
4/23/2013,1010.7,29.8,24.0,27.2,91,99,70,W,3,NW,20,5.3,,6
4/24/2013,1010.9,32.0,24.3,28.2,86,100,69,VRB,1,NE,9,0.0,,3
4/25/2013,1010.9,32.2,24.0,28.6,83,98,67,VRB,2,NE,8,0.0,,2
4/26/2013,1010.6,32.1,23.9,28.1,84,97,70,VRB,2,NNW,8,0.0,,3
4/27/2013,1010.3,31.9,26.0,28.9,81,98,75,W,3,NW,14,0.4,,4
4/28/2013,1010.1,31.4,23.6,27.2,88,98,75,SW,6,SSW,30,18.1,,7
4/29/2013,1009.1,32.0,23.2,28.1,87,99,77,W,8,NW,28,29.2,,7
4/30/2013,1008.8,31.6,26.0,29.2,83,91,81,W,10,NW,28,1.2,,7
5/1/2013,1008.8,30.5,26.1,28.8,86,92,75,W,10,SW,30,6.1,,7
5/2/2013,1007.3,31.0,24.9,28.8,83,94,76,WSW,12,W,33,6.2,,7
5/3/2013,1008.5,30.4,24.0,27.5,86,98,76,W,14,WNW,37,21.6,,8
5/4/2013,1008.2,31.0,23.1,29.0,81,99,76,W,14,W,42,57.1,,7
5/5/2013,1010.2,29.8,22.8,26.3,91,100,72,W,12,NNW,39,55.1,,8
5/6/2013,1009.6,31.0,25.8,28.8,81,92,74,W,11,W,32,0.6,,7
5/7/2013,1010.2,30.8,26.0,28.7,85,95,82,W,10,SW,25,3.1,,7
5/8/2013,1010.5,29.6,24.9,28.0,89,95,80,WSW,8,W,29,7.4,,7
5/9/2013,1010.3,31.1,25.8,28.9,86,94,79,W,9,W,20,1.8,,7
5/10/2013,1010.3,31.6,24.4,28.1,89,98,78,W,11,WSW,36,25.2,,7
5/11/2013,1009.1,30.5,24.2,28.2,86,97,81,W,15,W,41,24.8,,7
5/12/2013,1010.0,29.6,23.2,27.6,87,99,75,W,11,W,37,39.4,,7
5/13/2013,1010.1,29.5,22.8,27.5,87,100,74,WSW,10,W,45,41.1,,7
5/14/2013,1009.0,30.5,24.4,28.1,87,100,74,SW,8,WSW,32,9.2,,7
5/15/2013,1008.6,31.0,27.8,28.8,81,99,69,W,9,W,21,0.0,,7
5/16/2013,1008.7,31.8,26.0,29.3,78,85,73,W,8,W,17,0.0,,7
5/17/2013,1009.7,31.7,26.4,29.3,79,85,73,W,8,W,18,0.2,,4
5/18/2013,1009.6,31.7,27.1,29.3,81,90,73,WNW,8,W,17,0.0,,5
5/19/2013,1009.5,31.8,26.0,29.5,80,86,74,W,6,WNW,14,0.7,,4
5/20/2013,1010.1,31.5,24.6,28.5,85,99,75,WSW,4,SSW,17,2.8,,6
5/21/2013,1011.0,31.8,23.4,28.6,85,100,75,SSW,5,WSW,19,38.8,,6
5/22/2013,1011.9,30.7,23.9,28.1,84,98,75,SW,7,W,24,6.6,,6
5/23/2013,1011.6,31.3,26.7,28.7,82,98,74,SW,7,WNW,26,0.0,,5
5/24/2013,1011.2,31.5,25.7,29.0,81,89,74,SW,9,SW,21,1.6,,5
5/25/2013,1011.3,31.6,26.5,28.8,81,95,73,SSW,7,SSW,15,5.2,,6
5/26/2013,1011.0,31.7,24.6,29.0,79,84,71,SSW,7,SSW,14,0.0,,4
5/27/2013,1011.0,31.5,22.5,27.5,85,98,69,S,4,S,15,0.0,,4
5/28/2013,1011.1,31.4,26.3,28.4,81,98,72,WSW,4,WSW,12,0.0,,5
5/29/2013,1010.5,31.3,24.5,28.7,82,95,74,SW,5,SSW,15,0.0,,3
5/30/2013,1009.8,31.6,26.6,28.9,83,91,77,SSW,7,S,15,0.8,,5
5/31/2013,1009.7,31.1,22.6,27.9,86,97,71,SSW,6,WNW,30,20.5,,7
6/1/2013,1009.5,30.5,22.9,27.2,88,100,72,SW,5,W,31,7.1,,7
6/2/2013,1009.0,31.1,23.6,27.9,88,97,72,SW,4,SW,14,0.05,,7
6/3/2013,1008.4,31.6,26.0,28.4,83,97,76,S,4,S,13,0.0,,6
6/4/2013,1008.9,30.8,24.6,28.5,84,95,81,S,6,S,17,19.4,,7
6/5/2013,1010.1,28.4,23.3,26.3,92,100,76,WNW,8,NW,28,59.5,,7
6/6/2013,1009.9,31.0,25.0,28.3,86,99,63,W,10,WSW,27,6.0,,7
6/7/2013,1010.4,31.0,25.6,28.1,80,93,75,SSW,9,SW,23,0.05,,7
6/8/2013,1010.4,30.6,26.6,28.7,80,85,74,SSW,7,SW,14,0.3,,7
6/9/2013,1010.0,30.8,23.6,28.3,81,94,73,SW,5,SSW,14,0.05,,7
6/10/2013,1010.0,31.0,25.0,28.1,83,97,74,SW,3,SW,11,0.0,,7
6/11/2013,1009.8,31.0,26.9,28.7,81,91,75,WSW,7,WSW,22,1.7,,6
6/12/2013,1008.5,31.6,26.4,28.7,82,88,77,SW,7,SW,14,0.1,,7
6/13/2013,1007.6,30.2,25.6,28.1,86,94,75,SSW,7,SW,19,0.5,,7
6/14/2013,1007.9,31.0,26.5,28.5,81,96,75,SSW,8,SSW,16,0.2,,7
6/15/2013,1008.6,30.2,26.4,28.2,78,83,73,SSW,7,SSW,15,0.0,,7
6/16/2013,1009.0,30.7,26.1,28.5,80,86,75,S,7,SSW,14,0.05,,7
6/17/2013,1009.1,31.0,25.0,28.1,83,91,74,SSW,4,S,12,0.0,,7
6/18/2013,1008.5,31.2,26.3,28.3,80,90,69,WSW,5,WSW,12,0.0,,7
6/19/2013,1009.9,30.6,22.8,27.7,83,97,71,SW,4,WSW,13,0.7,,7
6/20/2013,1010.8,30.5,24.0,27.3,83,99,70,SSW,3,SSW,9,0.0,,5
6/21/2013,1010.9,30.8,23.4,27.9,81,97,74,WSW,4,WSW,12,0.0,,6
6/22/2013,1010.6,30.6,26.4,28.3,83,97,74,SW,5,SW,12,0.0,,7
6/23/2013,1010.2,30.9,24.1,27.8,83,95,66,SW,4,SW,14,0.0,,7
6/24/2013,1010.2,31.4,25.0,28.1,83,96,75,S,3,S,14,2.1,,6
6/25/2013,1011.1,31.1,27.0,28.5,83,93,69,SSE,8,SSE,18,2.6,,6
6/26/2013,1011.4,31.2,26.8,28.7,80,84,74,SSE,7,S,17,0.05,,5
6/27/2013,1011.0,31.0,27.0,28.9,80,85,72,SSE,5,SSE,12,0.0,,4
6/28/2013,1010.4,31.6,27.2,29.1,79,84,70,SE,4,SE,11,0.0,,5
6/29/2013,1011.1,31.6,26.8,29.2,79,85,67,SSE,6,SSE,13,0.0,,6
6/30/2013,1011.3,31.8,26.4,29.0,79,89,67,SSE,6,SSE,15,0.05,,7
7/1/2013,1010.2,31.8,23.7,28.0,82,97,63,SSE,3,SW,10,0.0,,5
7/2/2013,1010.4,31.6,23.3,27.8,81,98,69,W,3,W,10,0.0,,6
7/3/2013,1010.0,31.4,25.7,27.7,82,97,73,SSE,3,SSE,12,0.05,,7
7/4/2013,1008.8,30.6,24.5,28.0,82,90,76,SSE,6,SSE,19,19.9,,7
7/5/2013,1009.1,30.2,21.0,25.8,91,100,77,W,6,WNW,31,42.6,,7
7/6/2013,1010.6,28.8,22.1,25.3,92,100,69,NW,6,NW,36,65.8,,8
7/7/2013,1010.9,29.5,24.1,27.0,80,91,70,SW,4,WSW,17,0.0,,7
7/8/2013,1010.4,30.9,25.5,28.2,79,91,68,SW,6,SW,13,0.2,,7
7/9/2013,1009.1,30.9,26.4,28.3,76,85,64,SW,7,SSW,15,0.05,,7
7/10/2013,1008.3,31.5,26.2,28.5,76,87,68,W,6,W,13,0.0,,7
7/11/2013,1009.1,31.2,23.9,28.2,79,95,71,NW,5,NW,15,0.0,,7
7/12/2013,1009.9,31.1,22.2,27.8,83,97,66,N,3,NNW,9,0.0,,7
7/13/2013,1009.8,31.4,24.0,27.6,84,99,71,NNE,3,NW,16,5.1,,7
7/14/2013,1009.9,31.2,23.2,27.1,86,100,71,E,7,WNW,32,74.3,,7
7/15/2013,1010.8,29.5,24.4,27.1,83,98,71,NW,5,WNW,34,0.0,,7
7/16/2013,1010.7,31.6,26.7,28.3,80,98,70,ESE,5,SE,14,0.0,,6
7/17/2013,1010.5,31.1,26.5,28.9,78,85,67,SE,5,SE,12,0.0,,7
7/18/2013,1009.7,31.6,25.1,28.9,79,87,72,SE,3,SE,9,0.0,,6
7/19/2013,1009.1,31.0,26.9,28.8,80,93,74,SE,4,SSE,12,0.0,,5
7/20/2013,1009.5,31.1,24.8,28.2,82,98,69,S,8,S,22,31.0,,6
7/21/2013,1009.2,30.8,25.6,28.2,78,86,68,S,6,S,13,0.0,,7
7/22/2013,1008.9,30.8,25.2,28.0,78,85,69,S,6,S,17,0.0,,7
7/23/2013,1009.9,31.1,26.8,28.6,76,84,70,SSE,5,SSE,14,0.0,,5
7/24/2013,1010.9,31.1,27.0,28.9,77,85,73,SSE,6,SSE,20,0.0,,7
7/25/2013,1010.1,30.8,26.0,28.7,80,92,71,SSE,7,SSE,16,1.4,,7
7/26/2013,1009.2,30.5,23.6,27.6,85,98,75,SE,6,SSW,21,2.7,,7
7/27/2013,1010.0,30.4,26.8,28.6,80,88,72,SE,5,SE,16,0.0,,6
7/28/2013,1012.2,31.7,25.8,28.8,82,92,70,ESE,4,E,15,0.9,,6
7/29/2013,1012.1,31.9,24.8,28.4,83,95,77,S,3,NE,9,5.3,,7
7/30/2013,1010.9,30.6,23.7,27.8,85,97,71,S,5,SW,12,0.05,,7
7/31/2013,1010.0,30.6,23.4,27.9,82,98,72,SW,4,SW,13,0.0,,6
8/1/2013,1009.9,31.0,24.5,27.8,83,97,78,SSW,4,SSW,12,0.05,,6
8/2/2013,1010.2,30.0,24.6,27.4,87,96,81,S,4,E,13,3.1,,7
8/3/2013,1010.8,28.5,23.8,26.4,91,100,73,S,3,S,13,3.1,,7
8/4/2013,1010.7,30.6,23.8,27.6,86,98,78,SSW,4,SSW,23,5.9,,7
8/5/2013,1011.0,30.0,25.8,27.5,86,98,74,S,5,S,13,0.05,,7
8/6/2013,1011.1,31.0,23.0,27.8,85,99,71,S,5,SW,13,12.8,,7
8/7/2013,1011.5,30.8,25.0,27.8,84,100,76,S,3,S,12,0.05,,7
8/8/2013,1011.6,30.5,24.4,27.9,83,90,71,S,5,SW,11,0.0,,7
8/9/2013,1011.4,30.8,23.2,27.7,83,97,65,SSW,4,S,12,0.0,,7
8/10/2013,1011.1,31.0,23.0,27.4,82,97,70,VRB,2,W,10,0.0,,6
8/11/2013,1011.2,30.6,24.8,27.6,81,97,70,SSW,3,SSW,11,0.0,,7
8/12/2013,1010.5,30.5,25.9,28.0,79,87,69,SSW,5,SSW,11,0.0,,7
8/13/2013,1009.4,30.9,23.1,27.9,80,97,71,SW,7,WNW,27,2.4,,5
8/14/2013,1009.7,30.6,23.5,27.3,84,97,69,SW,5,WNW,23,4.8,,7
8/15/2013,1010.8,30.9,24.4,28.0,78,89,69,S,4,SW,12,0.0,,7
8/16/2013,1010.4,30.7,23.4,27.8,79,90,67,S,5,S,13,0.0,,4
8/17/2013,1010.9,30.9,23.7,27.7,81,94,68,S,6,S,14,0.0,,4
8/18/2013,1011.0,30.7,24.0,28.2,78,95,70,SSE,3,SSE,11,0.0,,4
8/19/2013,1011.5,30.4,23.6,28.0,80,97,71,SSE,3,SSE,11,0.0,,3
8/20/2013,1011.1,31.0,24.0,27.8,84,97,72,SSW,4,S,12,0.5,,5
8/21/2013,1010.7,31.0,23.8,27.8,84,97,69,WSW,3,SW,11,0.0,,4
8/22/2013,1010.6,31.1,24.0,27.7,82,96,73,VRB,2,WNW,9,0.05,,7
8/23/2013,1010.9,31.4,21.8,26.8,89,100,73,ESE,4,NW,30,88.6,,7
8/24/2013,1011.3,28.6,22.8,25.9,86,100,75,NW,9,NW,26,6.6,,8
8/25/2013,1010.3,30.5,22.0,27.6,84,100,82,W,8,WNW,25,15.8,,7
8/26/2013,1010.1,28.3,22.6,26.2,89,100,80,WNW,5,NNW,23,10.0,,7
8/27/2013,1010.4,29.8,23.6,26.9,88,98,76,WNW,7,NW,30,14.4,,7
8/28/2013,1011.9,27.7,22.0,26.1,89,100,75,WNW,10,NW,40,19.2,,8
8/29/2013,1011.4,30.4,23.3,26.7,89,100,72,NNW,13,NNW,35,33.5,,8
8/30/2013,1010.2,30.5,26.8,28.2,82,90,75,NNW,13,NW,25,0.0,,7
8/31/2013,1009.6,30.3,23.5,28.3,85,91,81,NNW,8,NW,17,4.8,,7
9/1/2013,1010.7,30.0,25.1,27.6,87,96,73,NW,6,WNW,21,2.3,,7
9/2/2013,1011.8,30.6,24.2,27.8,85,97,71,VRB,2,NW,10,0.0,,7
9/3/2013,1012.1,30.5,24.6,28.0,82,92,74,S,6,S,13,0.0,,5
9/4/2013,1012.4,30.6,25.4,27.8,83,92,72,S,6,SSW,17,0.0,,7
9/5/2013,1011.8,30.8,24.7,28.0,82,88,74,SW,7,SW,24,3.2,,7
9/6/2013,1011.7,30.0,24.5,27.3,85,94,74,WSW,6,W,15,3.9,,7
9/7/2013,1011.7,30.1,22.3,26.7,88,100,74,WNW,9,NW,28,35.3,,7
9/8/2013,1012.0,30.1,23.0,27.6,83,92,77,WNW,9,W,32,8.8,,7
9/9/2013,1012.2,30.3,24.0,27.8,83,97,78,NW,7,NW,19,1.0,,6
9/10/2013,1011.4,29.8,23.5,26.7,88,99,73,SSW,3,NW,17,5.6,,7
9/11/2013,1010.8,30.8,26.4,28.2,79,86,69,S,9,S,17,0.2,,6
9/12/2013,1011.1,30.6,26.2,28.3,77,84,71,S,11,S,21,0.0,,6
9/13/2013,1011.3,30.6,26.4,28.3,78,84,72,SW,7,S,15,0.0,,5
9/14/2013,1010.9,30.7,26.5,28.7,77,83,74,W,8,W,17,0.05,,6
9/15/2013,1009.9,31.0,26.8,29.0,79,86,73,W,9,W,19,0.05,,6
9/16/2013,1009.4,31.4,26.0,29.0,81,88,74,W,6,W,14,0.0,,5
9/17/2013,1009.3,31.4,26.5,28.9,82,88,76,WNW,5,NW,14,0.0,,7
9/18/2013,1009.4,31.0,26.6,28.8,83,90,72,NW,5,NNW,11,0.0,,7
9/19/2013,1009.5,31.6,26.5,29.1,81,88,72,WNW,6,NW,16,0.05,,7
9/20/2013,1009.3,31.7,24.7,29.2,79,93,73,WNW,8,NNW,21,2.1,,7
9/21/2013,1009.4,31.5,26.8,29.0,79,85,72,NNW,7,WNW,17,0.0,,7
9/22/2013,1009.3,31.4,26.1,28.8,79,88,71,N,6,NW,14,0.0,,6
9/23/2013,1009.3,31.4,27.0,29.0,79,86,69,N,5,N,14,0.05,,6
9/24/2013,1010.2,31.4,26.5,29.0,78,85,72,N,5,N,14,0.05,,7
9/25/2013,1011.6,31.4,26.6,29.0,78,89,73,N,6,NNW,14,0.05,,6
9/26/2013,1012.3,31.0,24.6,28.8,80,89,68,N,4,N,12,0.05,,5
9/27/2013,1012.4,31.4,24.5,27.9,84,97,72,VRB,2,SSW,15,0.05,,6
9/28/2013,1012.1,31.2,26.1,28.5,81,92,71,SSW,5,WSW,17,0.0,,5
9/29/2013,1010.4,31.2,26.4,28.8,78,87,71,SSW,6,SSW,14,0.0,,5
9/30/2013,1009.7,31.2,26.6,28.8,79,86,73,SW,5,S,13,0.0,,5
10/1/2013,1010.6,31.8,25.5,28.9,78,91,73,SW,7,SW,25,0.5,,4
10/2/2013,1011.5,31.4,24.0,28.2,84,98,76,SSW,7,SW,25,23.5,,7
10/3/2013,1012.0,30.4,24.0,27.7,84,98,76,SSW,6,WNW,26,2.7,,7
10/4/2013,1011.9,30.5,23.3,27.1,87,100,82,S,6,S,18,21.6,,7
10/5/2013,1011.7,29.1,23.7,26.6,89,99,72,WSW,5,WSW,17,1.7,,7
10/6/2013,1011.5,31.1,23.4,27.7,84,98,78,W,3,SSW,17,13.6,,7
10/7/2013,1012.8,29.6,24.0,26.7,88,97,73,WNW,4,NNW,14,0.7,,7
10/8/2013,1013.1,30.5,25.4,28.0,82,93,69,WSW,4,W,17,0.0,,6
10/9/2013,1012.8,30.9,25.2,28.2,81,90,71,SSW,5,SW,12,0.0,,5
10/10/2013,1013.1,30.9,25.5,28.4,79,89,74,SW,6,S,15,0.0,,6
10/11/2013,1012.8,30.6,23.7,27.8,82,94,71,SW,4,SW,14,0.0,,6
10/12/2013,1011.1,31.0,26.2,28.0,82,97,74,SSE,3,S,10,0.05,,6
10/13/2013,1010.6,31.0,23.5,27.6,87,97,77,SSE,3,SE,12,2.9,,6
10/14/2013,1011.2,30.0,23.3,27.4,88,99,71,WSW,6,NW,29,16.8,,7
10/15/2013,1011.7,30.5,24.0,27.8,83,94,78,WSW,8,WNW,19,12.5,,7
10/16/2013,1011.3,28.5,23.4,27.2,87,100,73,W,9,NW,40,21.0,,8
10/17/2013,1011.1,31.5,23.4,28.3,83,97,70,W,8,W,18,6.5,,7
10/18/2013,1011.6,30.4,26.5,28.2,82,91,72,WSW,6,WSW,17,0.0,,7
10/19/2013,1012.2,31.2,23.4,28.2,83,94,78,W,6,W,25,15.6,,7
10/20/2013,1011.3,30.6,24.8,27.8,84,92,78,W,7,SW,23,2.2,,7
10/21/2013,1010.1,30.6,25.5,27.9,84,88,71,WSW,8,WSW,17,0.05,,7
10/22/2013,1009.8,30.8,27.0,28.7,78,86,71,WSW,8,W,17,0.0,,4
10/23/2013,1009.7,31.0,25.1,28.7,81,93,75,W,10,W,26,4.3,,4
10/24/2013,1009.5,31.0,23.8,28.3,83,94,74,W,12,W,38,10.2,,5
10/25/2013,1009.9,30.2,24.5,28.0,83,92,74,WNW,11,WNW,26,3.2,,7
10/26/2013,1010.5,31.1,25.0,28.9,82,90,84,W,8,W,24,2.8,,4
10/27/2013,1012.0,29.7,24.5,26.4,90,96,71,W,7,NW,25,10.0,,7
10/28/2013,1012.5,31.0,22.8,27.4,85,100,79,W,7,W,25,37.5,,6
10/29/2013,1012.9,30.0,22.4,25.8,92,100,74,W,11,NW,31,42.4,,8
10/30/2013,1012.4,29.5,25.2,27.1,84,97,71,W,6,WNW,24,0.05,,7
10/31/2013,1011.8,30.6,25.0,27.7,81,90,72,W,5,NW,14,0.5,,6
11/1/2013,1011.0,30.7,25.2,28.0,82,90,78,W,6,WNW,19,0.05,,6
11/2/2013,1010.8,30.0,22.7,25.8,90,100,75,W,5,W,19,35.4,,7
11/3/2013,1010.5,30.7,24.2,28.2,84,92,76,W,5,NW,14,5.5,,6
11/4/2013,1010.8,30.1,22.4,27.2,87,97,80,WNW,4,N,19,42.5,,6
11/5/2013,1011.0,30.6,23.9,27.1,87,100,72,W,6,W,25,12.6,,7
11/6/2013,1010.8,30.9,23.6,27.1,87,97,78,W,6,W,26,6.6,,7
11/7/2013,1010.2,29.9,23.0,26.4,91,99,75,N,4,N,17,30.1,,7
11/8/2013,1009.7,30.5,23.3,26.8,89,98,73,NNW,8,N,22,12.6,,7
11/9/2013,1009.2,31.5,26.6,28.6,83,91,77,E,3,E,11,0.0,,5
11/10/2013,1009.3,30.2,24.4,27.1,90,98,78,SSE,7,S,21,18.0,,6
11/11/2013,1009.4,29.9,23.0,26.4,90,97,78,W,5,SE,20,58.1,,7
11/12/2013,1009.7,29.4,23.6,27.6,85,100,69,SSW,8,S,33,4.9,,8
11/13/2013,1009.9,31.4,23.4,27.8,83,98,74,SSW,5,SSW,19,0.0,,7
11/14/2013,1009.8,30.5,23.5,28.3,84,95,79,WSW,8,WNW,20,14.9,,6
11/15/2013,1009.5,29.7,25.4,27.2,88,92,70,SW,6,W,26,0.9,,7
11/16/2013,1009.2,31.4,24.8,28.2,85,95,84,W,7,WSW,23,11.9,,7
11/17/2013,1009.9,28.8,23.8,25.8,94,99,76,SSW,4,WNW,20,17.4,,7
11/18/2013,1010.6,30.4,23.9,27.0,89,99,78,SSW,3,WSW,23,34.6,,7
11/19/2013,1011.0,29.4,23.6,26.4,91,99,72,W,3,S,12,0.05,,7
11/20/2013,1009.3,30.6,24.5,27.8,84,93,73,WNW,4,W,12,3.0,,5
11/21/2013,1008.3,31.4,26.1,28.1,83,93,75,W,3,W,10,0.05,,5
11/22/2013,1009.0,31.0,26.0,28.4,83,89,76,W,4,WSW,13,0.6,,5
11/23/2013,1010.2,30.5,25.1,28.1,83,90,75,WSW,7,SW,23,0.0,,5
11/24/2013,1010.6,31.4,25.6,28.3,83,97,72,W,5,WNW,19,2.7,,5
11/25/2013,1010.1,30.9,23.2,27.9,85,98,70,WNW,7,WNW,29,35.2,,6
11/26/2013,1010.0,31.3,23.3,28.2,81,98,72,WNW,9,WNW,28,8.5,,6
11/27/2013,1010.4,31.5,26.2,28.7,80,90,74,W,9,WNW,23,1.1,,7
11/28/2013,1011.0,31.5,24.4,28.2,84,96,80,W,7,W,21,14.5,,7
11/29/2013,1010.8,29.5,25.2,27.6,87,97,79,W,4,W,18,0.6,,7
11/30/2013,1010.7,30.7,25.1,27.7,87,98,82,W,7,W,22,4.2,,7
12/1/2013,1011.7,28.5,24.3,27.2,86,97,83,W,7,WSW,24,4.6,,7
12/2/2013,1010.9,30.2,23.3,26.5,92,100,83,W,5,W,21,72.2,,7
12/3/2013,1009.7,29.5,23.5,25.8,95,100,71,VRB,1,N,18,4.1,,7
12/4/2013,1009.3,31.0,23.8,27.5,87,100,79,VRB,2,W,13,5.9,,7
12/5/2013,1009.6,29.7,23.4,26.2,90,100,80,W,5,WNW,20,22.3,,7
12/6/2013,1008.6,29.7,23.2,27.8,85,95,78,WNW,11,NW,30,24.8,,7
12/7/2013,1009.7,29.6,23.4,26.1,92,100,76,W,14,WNW,34,25.9,,8
12/8/2013,1009.4,30.6,23.1,27.2,86,98,80,W,11,WNW,33,27.2,,7
12/9/2013,1008.5,28.6,24.0,26.9,88,95,81,W,14,W,40,9.5,,7
12/10/2013,1008.4,29.2,23.9,27.0,89,98,79,NW,15,W,35,11.9,,7
12/11/2013,1008.6,30.2,22.8,26.7,90,98,75,NW,11,NW,34,33.1,,7
12/12/2013,1008.1,30.3,25.4,27.9,82,98,71,NW,13,NNW,33,0.2,,7
12/13/2013,1009.0,30.7,26.3,28.3,76,81,72,NW,12,NNW,24,0.0,,7
12/14/2013,1009.9,30.9,25.4,28.4,77,84,75,NW,12,NW,22,2.6,,7
12/15/2013,1010.5,31.1,26.6,28.5,79,84,70,NW,12,NW,21,0.0,,7
12/16/2013,1010.6,30.6,26.1,28.5,77,84,71,NW,10,NW,22,0.0,,7
12/17/2013,1009.1,30.5,23.8,27.5,84,99,79,NW,5,WNW,14,1.7,,6
12/18/2013,1009.1,29.3,24.5,27.0,87,98,72,NE,3,NE,16,0.8,,7
12/19/2013,1010.0,30.4,24.4,27.4,84,96,70,SW,3,W,15,0.0,,7
12/20/2013,1010.9,30.9,25.4,28.1,82,93,73,NNW,3,NW,12,0.4,,5
12/21/2013,1011.0,31.2,23.4,27.6,87,97,72,VRB,2,SE,9,10.2,,6
12/22/2013,1010.7,31.0,24.9,28.0,86,98,83,ENE,4,ENE,17,2.6,,7
12/23/2013,1010.7,30.0,23.5,27.1,89,99,73,E,5,ENE,20,11.5,,7
12/24/2013,1012.2,30.6,24.0,27.6,86,99,84,E,3,SSE,19,15.4,,7
12/25/2013,1013.2,30.4,24.0,26.2,90,100,69,N,6,NNE,19,38.0,,7
12/26/2013,1012.7,30.0,24.1,27.2,83,95,81,NNE,5,NNE,19,0.0,,5
12/27/2013,1012.4,29.8,23.5,26.9,89,97,79,NE,3,N,15,16.8,,7
12/28/2013,1012.1,29.8,23.0,26.9,87,98,78,E,3,ENE,10,18.1,,7
12/29/2013,1011.3,29.6,23.0,25.8,93,100,79,N,3,NW,21,76.4,,7
12/30/2013,1011.0,29.1,22.8,25.7,92,100,77,NNE,6,NNE,25,72.3,,7
12/31/2013,1010.7,29.6,25.3,27.6,83,91,76,NNE,6,NE,16,0.0,,6
1/1/2014,1011.0,30.4,26.5,28.3,82,87,82,NE,5,NNE,17,0.0,,6
1/2/2014,1011.4,29.1,26.4,27.7,85,90,74,NNE,5,NNE,15,0.0,,7
1/3/2014,1012.0,30.2,26.4,27.9,83,90,73,NNE,5,NNE,16,0.0,,7
1/4/2014,1011.3,30.3,24.9,27.9,81,86,71,NNE,5,NNE,15,0.0,,6
1/5/2014,1010.9,30.2,22.5,27.2,82,98,69,NNE,3,NNE,11,0.0,,7
1/6/2014,1010.3,30.0,23.4,27.3,81,96,68,NNE,3,NNE,10,0.0,,5
1/7/2014,1010.5,30.5,25.9,27.7,79,93,73,NNE,4,NNE,12,0.0,,3
1/8/2014,1010.7,30.8,26.4,28.4,81,89,76,NE,4,NE,13,0.0,,5
1/9/2014,1010.9,30.6,26.3,27.0,84,89,72,NNE,4,NNE,13,0.0,,7
1/10/2014,1011.3,30.9,26.2,28.4,82,90,71,NE,4,NE,11,0.05,,6
1/11/2014,1012.3,31.1,23.9,28.1,82,90,70,ENE,3,SSE,16,0.0,,7
1/12/2014,1012.7,30.7,24.8,27.9,81,93,71,VRB,2,NE,8,0.0,,3
1/13/2014,1012.1,30.8,26.5,28.5,80,93,70,NE,4,ENE,11,0.05,,3
1/14/2014,1011.7,31.5,24.0,28.6,81,98,69,ENE,4,ENE,16,13.0,,6
1/15/2014,1012.5,31.7,25.7,28.9,80,87,68,E,4,SSE,15,0.0,,5
1/16/2014,1013.1,31.4,24.1,28.1,81,96,74,SSE,3,SSE,20,3.3,,5
1/17/2014,1013.0,30.0,23.7,26.0,92,98,73,N,3,W,12,20.7,,7
1/18/2014,1013.8,28.5,24.1,25.8,87,95,71,NNW,6,NNE,19,0.8,,7
1/19/2014,1013.7,30.4,26.1,28.1,82,90,71,NE,4,NNE,12,0.0,,7
1/20/2014,1013.7,31.2,26.5,28.7,78,84,69,NNE,5,NNE,15,0.0,,4
1/21/2014,1012.5,30.6,26.4,28.5,78,87,69,ENE,5,NE,15,0.0,,6
1/22/2014,1012.5,31.0,26.4,28.6,79,89,73,ENE,4,ENE,12,0.0,,3
1/23/2014,1012.1,31.0,26.3,28.4,81,87,72,NE,4,NE,12,0.0,,4
1/24/2014,1011.2,30.4,26.3,28.3,79,84,70,NNE,5,NNE,13,0.0,,5
1/25/2014,1010.3,31.0,26.6,28.6,78,86,72,NE,4,NE,13,0.0,,3
1/26/2014,1010.2,30.9,26.5,28.4,79,85,71,ENE,6,NNE,16,0.0,,6
1/27/2014,1010.3,31.0,26.4,28.5,77,82,71,ENE,5,NE,15,0.0,,5
1/28/2014,1011.0,30.8,23.8,28.1,80,93,71,NNE,4,NNE,12,0.0,,6
1/29/2014,1011.5,30.9,26.5,28.3,81,92,75,NNE,5,NNE,13,0.0,,6
1/30/2014,1011.5,30.4,26.6,28.3,81,86,74,NNE,6,NNE,17,0.0,,7
1/31/2014,1011.0,30.6,26.6,28.5,80,85,74,NNE,6,NNE,20,0.05,,6
2/1/2014,1010.6,31.6,27.0,28.9,81,86,71,ENE,5,ENE,15,0.0,,4
2/2/2014,1009.5,31.4,26.9,27.8,81,87,69,ENE,7,ENE,18,0.05,,4
2/3/2014,1009.0,31.4,26.3,28.7,77,87,72,E,7,ENE,19,0.0,,3
2/4/2014,1008.7,31.1,26.1,27.3,79,84,74,NE,4,E,12,0.0,,4
2/5/2014,1008.3,30.7,26.1,28.4,79,86,66,NNE,5,NNE,15,0.0,,5
2/6/2014,1008.1,30.5,26.3,28.2,77,89,70,NNE,6,NNE,16,0.0,,6
2/7/2014,1008.4,30.2,26.4,28.2,74,79,65,NE,7,NNE,20,0.0,,4
2/8/2014,1008.3,30.4,26.3,28.3,70,77,63,NE,7,ENE,19,0.0,,4
2/9/2014,1009.0,30.0,26.2,28.0,69,73,65,NNE,7,NNE,17,0.0,,4
2/10/2014,1010.8,29.9,25.9,27.9,73,78,67,NNE,7,NNE,21,0.0,,3
2/11/2014,1008.1,30.4,25.5,27.9,75,80,65,NE,5,NE,15,0.0,,4
2/12/2014,1008.9,30.5,25.7,27.8,73,80,67,NE,4,NE,9,0.0,,4
2/13/2014,1010.4,30.3,26.0,28.1,76,81,67,NE,3,NE,10,0.0,,6
2/14/2014,1010.5,30.8,23.1,27.7,82,97,72,NNE,3,NNE,10,0.0,,6
2/15/2014,1009.6,31.0,22.8,27.2,85,97,71,VRB,2,ENE,8,0.0,,4
2/16/2014,1010.4,30.9,23.5,27.4,83,97,68,VRB,2,NE,7,0.0,,2
2/17/2014,1010.8,31.8,23.5,28.4,79,97,67,ENE,3,ENE,9,0.0,,3
2/18/2014,1012.1,31.3,26.4,28.3,80,97,70,NE,3,NNE,13,0.0,,6
2/19/2014,1011.6,31.6,25.1,28.5,81,93,72,NE,3,NE,10,0.5,,6
2/20/2014,1011.8,31.5,24.5,27.6,87,98,73,VRB,2,E,15,9.2,,7
2/21/2014,1011.8,31.8,24.7,28.0,87,99,73,NE,4,ESE,17,20.2,,7
2/22/2014,1011.5,31.0,26.7,28.9,80,87,73,NNE,6,N,16,0.05,,7
2/23/2014,1011.2,31.3,27.2,29.2,80,88,71,NNE,6,NNE,14,0.05,,5
2/24/2014,1010.3,31.9,27.4,29.5,78,85,73,ENE,7,ENE,17,0.5,,5
2/25/2014,1010.5,32.3,25.5,29.1,83,90,74,E,7,E,26,13.4,,6
2/26/2014,1011.2,31.6,24.0,28.3,84,98,81,E,6,SE,25,16.5,,7
2/27/2014,1011.9,30.2,24.6,26.8,87,98,74,NNE,4,ESE,13,1.5,,7
2/28/2014,1011.1,30.6,26.5,28.5,81,87,76,NNE,3,NNE,12,0.0,,4
3/1/2014,1010.6,30.8,26.6,28.73333333,82,90,75,NNE,5,NNE,14,0.0,,5
3/2/2014,1010.7,31.0,24.5,28.25,83,96,75,NNE,4,NE,15,0.05,,6
3/3/2014,1010.7,30.6,23.6,27.68333333,85,98,73,ENE,4,N,22,10.4,,7
3/4/2014,1010.7,31.7,26.7,28.99583333,81,91,75,ESE,3,E,16,0.05,,7
3/5/2014,1010.8,30.7,26.9,28.6125,81,88,70,ESE,4,SE,17,0.05,,7
3/6/2014,1010.9,31.7,26.7,29.20833333,78,85,74,E,2,E,10,0.0,,6
3/7/2014,1011.2,31.1,24.9,27.65833333,85,95,82,E,5,ENE,23,5.9,,7
3/8/2014,1011.6,28.6,24.3,27.3,86,93,81,E,4,SSE,19,0.5,,7
3/9/2014,1011.3,30.2,23.9,26.75,90,99,76,VRB,2,NNE,19,22.7,,7
3/10/2014,1010.7,31.0,26.1,28.325,82,97,74,ENE,4,ENE,14,0.6,,7
3/11/2014,1010.4,31.9,23.0,27.79166667,86,100,76,E,4,NE,22,53.5,,6
3/12/2014,1010.3,31.8,27.0,28.575,84,94,78,E,6,E,21,0.4,,7
3/13/2014,1010.1,31.4,26.2,28.73333333,84,90,73,NE,5,E,17,0.3,,7
3/14/2014,1011.3,31.0,24.2,28.3,83,96,79,ENE,4,ENE,23,0.3,,7
3/15/2014,1012.1,30.4,26.0,27.88333333,84,98,70,NNE,4,NNE,15,0.0,,7
3/16/2014,1012.6,31.0,26.6,28.82083333,78,84,72,NE,5,NNE,18,0.0,,6
3/17/2014,1011.9,31.2,25.6,28.725,82,97,73,E,2,NE,13,0.0,,7
3/18/2014,1011.6,31.1,24.7,28.44166667,86,95,71,E,2,SE,15,4.2,,7
3/19/2014,1010.9,31.4,24.0,28.3625,83,98,74,VRB,1,ENE,8,0.0,,5
3/20/2014,1010.7,30.8,24.1,27.57916667,87,98,77,VRB,2,S,11,0.0,,7
3/21/2014,1009.9,31.1,24.3,27.66666667,87,98,74,N,3,NW,19,4.6,,6
3/22/2014,1008.8,31.1,25.1,28.22916667,85,96,75,NNW,4,NW,15,0.3,,7
3/23/2014,1009.9,31.2,23.2,27.32083333,89,99,70,NW,4,S,19,32.9,,7
3/24/2014,1009.9,30.0,24.6,27.4875,85,96,73,NE,6,S,22,0.9,,7
3/25/2014,1008.4,31.8,27.3,29.34166667,79,86,72,ENE,6,ENE,16,0.0,,4
3/26/2014,1008.7,31.9,26.6,29.44166667,80,87,76,E,5,E,15,0.0,,3
3/27/2014,1009.7,31.7,25.9,29.20833333,84,93,72,NE,4,NNE,21,0.0,,6
3/28/2014,1010.0,31.9,26.1,28.125,85,91,76,ENE,5,NNE,21,0.2,,6
3/29/2014,1009.4,31.4,25.0,28.63333333,86,98,77,VRB,2,ESE,12,4.1,,5
3/30/2014,1010.1,30.6,25.0,27.84583333,89,98,75,VRB,1,NW,9,0.0,,7
3/31/2014,1010.6,31.0,24.8,28.30833333,85,93,84,WNW,5,WNW,20,0.6,,7
4/1/2014,1010.0,29.8,24.2,27.72083333,87,93,72,NW,6,SSW,22,4.9,,7
4/2/2014,1009.4,31.3,26.6,28.7125,80,89,78,NW,9,NW,19,0.0,,6
4/3/2014,1009.6,31.3,27.0,28.7375,85,91,75,W,8,W,17,0.0,,6
4/4/2014,1010.4,30.8,24.8,28.14583333,83,90,71,WNW,5,W,19,0.0,,7
4/5/2014,1010.8,31.1,23.0,27.41666667,84,99,70,VRB,2,NW,10,0.0,,5
4/6/2014,1011.7,31.8,23.1,27.17916667,85,99,71,VRB,1,WSW,8,0.0,,2
4/7/2014,1012.1,32.0,25.6,28.23333333,80,99,65,SSW,3,S,11,0.0,,3
4/8/2014,1012.4,31.6,24.0,28.15833333,80,97,68,W,3,SW,10,0.0,,4
4/9/2014,1012.2,31.6,27.0,29.075,75,84,68,W,5,W,13,0.0,,3
4/10/2014,1012.8,32.4,26.6,29.15833333,76,84,71,W,5,W,13,0.0,,2
4/11/2014,1012.0,32.0,25.6,29.18333333,79,94,71,WNW,6,WNW,18,0.05,,3
4/12/2014,1010.8,32.1,26.8,29.09583333,79,89,68,WNW,6,NW,13,0.0,,3
4/13/2014,1011.2,31.9,27.0,29.27916667,77,84,66,W,5,WNW,14,0.0,,3
4/14/2014,1011.9,32.1,26.4,29.27916667,78,89,68,W,4,W,13,0.05,,2
4/15/2014,1011.8,32.1,27.1,29.29166667,78,85,70,WSW,4,WSW,11,0.05,,3
4/16/2014,1011.1,32.2,25.5,29.05833333,80,92,67,WSW,5,SW,20,3.3,,3
4/17/2014,1010.5,32.3,26.0,29.48333333,76,85,68,W,5,W,16,0.5,,3
4/18/2014,1011.6,32.4,26.0,29.45416667,77,92,70,WNW,7,NW,15,0.0,,2
4/19/2014,1011.0,32.4,27.0,29.40833333,79,88,70,WNW,8,NNW,19,1.7,,3
4/20/2014,1009.8,32.3,27.5,29.61666667,78,86,73,WNW,5,WNW,13,0.0,,2
4/21/2014,1009.7,32.4,27.7,29.6,80,86,74,WSW,6,WSW,16,1.5,,3
4/22/2014,1011.3,32.2,22.8,27.16666667,90,100,74,SW,4,NW,28,91.8,,6
4/23/2014,1011.1,31.2,24.9,28.3125,83,97,69,W,7,W,23,8.1,,6
4/24/2014,1010.4,32.0,24.7,29.2875,79,91,73,W,7,W,19,15.0,,4
4/25/2014,1010.2,32.0,27.8,29.71666667,79,86,72,WNW,8,WNW,25,0.0,,3
4/26/2014,1009.9,32.2,26.3,29.79166667,80,90,75,W,8,WSW,26,5.6,,4
4/27/2014,1010.3,32.5,24.6,29.0375,86,96,74,W,6,W,21,7.4,,6
4/28/2014,1010.2,32.2,27.4,29.7,82,90,75,W,8,W,22,1.0,,6
4/29/2014,1009.8,32.0,25.9,29.10833333,83,94,74,WSW,7,WSW,25,6.4,,6
4/30/2014,1010.2,32.0,25.5,28.79166667,85,92,74,W,8,WSW,24,0.7,,6
5/1/2014,1009.958333,31.5,25.8,29.01666667,82,94,74,W,9,WNW,26,5.3,,6
5/2/2014,1009.4375,32.3,24.8,29.30416667,83,97,74,W,8,W,24,13.4,,5
5/3/2014,1008.875,32.2,25.4,29.1,84,98,76,W,11,W,28,6.9,,6
5/4/2014,1008.233333,31.4,23.6,28.82916667,83,97,84,W,12,W,38,36.7,,7
5/5/2014,1009.425,30.5,24.2,27.1,90,100,72,W,12,W,37,33.9,,7
5/6/2014,1009.258333,31.5,27.1,29.2,82,91,75,SW,9,WSW,20,0.7,,7
5/7/2014,1009.170833,31.1,24.3,28.91666667,83,100,75,SSW,9,SSW,29,17.7,,7
5/8/2014,1009.416667,31.5,26.0,28.80833333,83,94,72,SW,6,SSW,15,0.05,,6
5/9/2014,1009.875,32.0,23.9,28.14583333,87,98,77,W,7,W,26,14.5,,6
5/10/2014,1009.829167,31.5,25.2,28.325,86,94,77,WNW,7,WNW,20,1.0,,6
5/11/2014,1010.983333,31.9,24.5,28.39583333,88,99,76,W,5,NW,17,23.4,,5
5/12/2014,1011.25,32.2,25.0,28.80416667,85,99,75,W,3,WNW,11,0.0,,5
5/13/2014,1011.341667,32.3,25.6,28.4125,86,97,73,WSW,2,SSE,13,1.1,,6
5/14/2014,1011.0375,32.0,25.5,29.47916667,81,94,80,WSW,6,WSW,23,7.5,,6
5/15/2014,1010.516667,30.5,24.7,27.275,87,96,71,W,9,SW,26,12.2,,7
5/16/2014,1010.25,31.5,25.2,28.85416667,80,94,70,SW,5,SW,17,0.05,,6
5/17/2014,1010.408333,31.6,26.9,29.1375,79,89,72,WSW,4,SW,11,0.0,,3
5/18/2014,1010.4375,32.3,27.2,29.52916667,79,92,74,W,5,W,13,0.05,,3
5/19/2014,1010.516667,31.8,25.3,28.625,85,98,75,WSW,5,W,23,33.1,,6
5/20/2014,1010.4875,31.6,24.0,27.37083333,90,100,81,WSW,9,WSW,33,66.8,,7
5/21/2014,1010.425,29.0,25.3,27.36083333,90,100,76,WSW,8,W,26,14.1,,7
5/22/2014,1009.675,31.4,25.7,29.30416667,83,100,81,W,8,W,21,11.6,,4
5/23/2014,1009.854167,30.4,24.4,27.61666667,88,100,79,W,11,W,32,16.3,,7
5/24/2014,1009.7875,30.3,24.6,28.06666667,87,98,82,W,10,W,28,4.1,,7
5/25/2014,1009.854167,29.4,24.0,27.725,88,98,74,WNW,8,WNW,26,15.2,,7
5/26/2014,1009.620833,31.3,26.5,28.80416667,85,92,73,W,8,W,25,2.0,,6
5/27/2014,1009.583333,32.2,26.8,29.45833333,83,92,78,W,4,W,15,0.05,,6
5/28/2014,1010.958333,31.0,23.2,27.08333333,88,99,77,W,8,WSW,25,17.3,,7
5/29/2014,1010.725,31.2,23.6,28.50416667,84,97,76,SW,5,WSW,25,11.3,,7
5/30/2014,1010.279167,30.6,26.6,28.30833333,86,98,73,SW,5,S,16,1.2,,7
5/31/2014,1008.725,31.6,24.5,28.80833333,81,95,71,S,6,SSW,21,0.05,,5
6/1/2014,1008.704167,31.7,25.0,28.90416667,80,99,80,SW,8,SW,24,6.0,,6
6/2/2014,1009.2375,30.2,26.0,28.75416667,83,95,70,SW,7,WSW,22,0.05,,7
6/3/2014,1008.1625,32.2,26.9,29.42083333,80,88,76,SW,7,SW,18,1.1,,5
6/4/2014,1007.058333,32.2,25.3,28.88333333,86,99,72,SSW,6,S,19,5.6,,5
6/5/2014,1006.870833,32.3,27.4,29.43333333,81,99,70,SSW,7,S,17,0.0,,5
6/6/2014,1006.966667,32.2,27.2,29.4875,78,88,69,W,5,WSW,12,0.0,,6
6/7/2014,1006.37875,32.0,26.5,29.74166667,78,87,74,WNW,7,W,19,1.2,,5
6/8/2014,1005.720833,31.6,27.0,29.2125,85,94,73,SW,6,SW,21,2.6,,6
6/9/2014,1006.5875,32.1,27.2,29.5875,82,89,75,SW,4,SW,13,0.05,,6
6/10/2014,1008.358333,32.6,25.7,29.3375,83,94,70,SW,3,SW,11,0.0,,6
6/11/2014,1008.9725,32.4,24.4,29.19166667,82,97,70,W,2,SW,10,0.0,,4
6/12/2014,1008.85,32.4,25.6,28.8,81,97,72,VRB,1,WNW,9,0.0,,6
6/13/2014,1008.858333,31.5,25.6,29.12916667,79,93,68,N,4,N,11,0.0,,6
6/14/2014,1010.033333,31.2,24.7,28.29166667,84,97,71,NW,5,SW,19,0.3,,6
6/15/2014,1010.466667,31.8,27.0,29.3625,79,90,78,NW,4,NW,11,0.0,,6
6/16/2014,1010.4875,30.9,25.9,28.65416667,84,94,78,NNW,6,NNW,22,0.05,,7
6/17/2014,1010.545833,31.4,26.6,28.93333333,84,92,70,W,4,SW,12,0.0,,7
6/18/2014,1010.295833,31.9,26.1,29.1875,83,94,75,S,3,S,11,0.05,,6
6/19/2014,1010.079167,31.7,26.4,28.87916667,85,94,71,SSW,5,SSW,16,3.8,,6
6/20/2014,1010.983333,31.5,27.4,29.26666667,81,93,72,SSW,6,SSW,15,0.0,,4
6/21/2014,1012.5625,31.6,27.4,29.46666667,80,87,71,WSW,6,W,13,0.05,,5
6/22/2014,1013.316667,31.9,27.5,29.44541667,79,84,70,WNW,7,WNW,16,0.0,,3
6/23/2014,1012.445833,31.8,27.3,29.44583333,76,82,69,WNW,9,WNW,18,0.0,,4
6/24/2014,1011.15,31.7,27.0,29.35,76,85,70,WNW,9,WNW,19,0.05,,5
6/25/2014,1011.008333,32.0,27.5,29.62083333,78,83,70,WNW,7,WNW,17,0.0,,6
6/26/2014,1011.508333,32.0,24.3,28.97083333,81,95,72,WNW,3,WNW,11,0.1,,6
6/27/2014,1012.145833,31.5,24.0,28.45,81,98,74,W,4,WSW,23,12.5,,7
6/28/2014,1012.354167,31.6,24.0,27.42083333,85,96,73,SSW,4,NW,19,6.9,,6
6/29/2014,1011.758333,30.8,23.7,27.57083333,87,100,79,SSW,3,W,21,1.6,,7
6/30/2014,1011.516667,31.1,25.5,27.97916667,83,92,74,WNW,6,W,22,0.05,,7
7/1/2014,1012.266667,31.4,23.9,27.875,85,100,71,NNW,6,NNW,25,11.6,,7
7/2/2014,1012.1375,31.0,24.4,28.15833333,82,89,72,NW,8,WNW,42,9.0,,6
7/3/2014,1010.741667,30.5,26.2,28.32083333,80,98,72,WNW,12,W,38,0.5,,6
7/4/2014,1009.7625,31.6,27.5,29.375,78,85,70,WNW,10,WNW,21,0.0,,5
7/5/2014,1010.633333,31.8,27.0,29.17916667,76,82,73,W,9,WNW,19,0.0,,6
7/6/2014,1011.633333,32.1,26.6,28.62916667,80,85,70,SW,4,SSW,12,0.0,,6
7/7/2014,1011.620833,31.5,25.6,28.79583333,78,91,71,SW,4,SW,11,0.0,,4
7/8/2014,1010.979167,31.1,24.8,28.45416667,79,91,73,SW,3,SW,11,0.0,,5
7/9/2014,1011.5625,30.4,23.2,26.8375,85,100,73,W,5,WNW,29,63.5,,7
7/10/2014,1012.441667,30.6,25.9,28.19583333,79,85,70,WSW,3,WSW,10,0.0,,7
7/11/2014,1012.970833,31.1,25.5,28.4875,77,84,71,SW,5,SW,16,0.0,,6
7/12/2014,1011.541667,30.7,26.5,28.52083333,77,86,75,W,5,WNW,16,0.0,,6
7/13/2014,1010.7875,30.6,27.4,28.71666667,80,86,69,SW,9,W,20,0.05,,6
7/14/2014,1010.220833,31.0,26.6,28.7625,76,81,72,WSW,7,SW,17,0.0,,6
7/15/2014,1010.329167,31.4,23.4,28.29166667,79,97,71,WSW,4,W,13,0.0,,5
7/16/2014,1010.304167,31.1,24.0,27.37083333,84,98,70,VRB,1,W,13,2.1,,5
7/17/2014,1010.104167,31.1,25.1,28.25416667,82,99,76,S,3,S,12,0.0,,5
7/18/2014,1010.858333,31.4,25.6,28.81666667,81,89,70,SSW,4,S,14,0.0,,6
7/19/2014,1011.445833,31.6,27.0,29.02916667,80,88,76,SSW,4,SSW,12,0.0,,5
7/20/2014,1011.691667,30.9,27.0,28.79166667,82,90,73,SSW,6,S,16,0.05,,6
7/21/2014,1010.916667,31.6,27.0,29.2,82,90,75,S,7,S,17,0.05,,6
7/22/2014,1011.079167,31.5,23.6,28.4,84,98,75,SSE,2,S,11,0.0,,4
7/23/2014,1011.0125,32.1,24.5,27.91333333,86,100,76,VRB,1,SE,8,1.3,,4
7/24/2014,1011.2875,31.2,23.8,27.9875,86,98,76,S,5,SSW,17,24.5,,6
7/25/2014,1011.95,30.5,25.4,28.2125,85,100,75,SSW,5,S,19,5.7,,6
7/26/2014,1013.141667,30.5,26.9,28.56666667,79,87,65,SSW,8,SSW,15,0.0,,7
7/27/2014,1013.4,31.3,26.8,28.725,77,84,73,WSW,6,SW,15,0.0,,4
7/28/2014,1012.141667,31.4,26.0,28.63333333,80,86,70,WSW,6,WSW,16,0.0,,5
7/29/2014,1011.779167,31.3,24.4,28.52916667,78,92,72,SW,5,WSW,15,0.0,,5
7/30/2014,1011.641667,31.2,27.0,28.725,80,92,72,S,4,S,13,0.0,,7
7/31/2014,1011.3875,31.4,26.7,28.975,79,86,69,S,7,S,17,0.0,,6
8/1/2014,1010.966667,31.6,26.9,28.91666667,78,86,71,S,8,SSW,17,0.0,,6
8/2/2014,1011.308333,31.2,26.2,29.0,78,86,72,SSW,7,S,15,0.05,,5
8/3/2014,1010.920833,32.0,27.0,28.975,79,86,66,SW,7,SW,16,0.0,,7
8/4/2014,1010.2,31.8,26.4,29.00416667,77,84,68,SW,6,SW,15,0.0,,7
8/5/2014,1010.441667,31.5,25.6,28.70833333,80,86,71,WSW,4,WSW,15,0.05,,6
8/6/2014,1010.4,31.6,23.6,27.99583333,84,100,72,VRB,2,WSW,11,1.0,,5
8/7/2014,1010.1375,31.5,23.0,27.625,85,98,67,VRB,1,NE,7,0.0,,4
8/8/2014,1010.316667,32.0,25.0,28.45,78,99,73,VRB,1,ESE,8,0.0,,6
8/9/2014,1011.4125,31.5,23.2,27.37916667,86,100,72,SSE,3,NNW,21,8.9,,6
8/10/2014,1012.183333,31.5,25.0,28.19583333,84,94,69,VRB,1,E,9,0.0,,7
8/11/2014,1011.4,32.0,26.8,28.96666667,78,95,72,VRB,2,ENE,15,0.0,,7
8/12/2014,1011.2125,32.0,24.9,28.39583333,80,92,67,SSW,4,SW,23,0.05,,6
8/13/2014,1012.033333,31.4,25.8,28.4125,79,88,67,S,3,WSW,9,0.0,,6
8/14/2014,1012.841667,31.9,24.2,28.21666667,80,97,78,S,5,S,13,0.5,,6
8/15/2014,1013.1125,30.1,22.4,26.45,88,97,73,S,3,NW,21,14.3,,6
8/16/2014,1012.283333,30.9,26.0,28.42083333,80,88,73,S,5,S,15,0.0,,6
8/17/2014,1011.491667,30.8,24.6,28.32083333,80,92,72,S,3,S,11,1.6,,7
8/18/2014,1012.65,31.4,22.9,27.06666667,88,100,79,NW,6,WNW,30,54.0,,7
8/19/2014,1012.4,29.0,22.5,26.84166667,88,100,82,NW,10,WNW,32,23.4,,7
8/20/2014,1011.5375,28.6,22.8,26.0,90,100,79,WSW,8,SW,25,25.4,,7
8/21/2014,1009.958333,29.9,23.9,27.04583333,85,94,75,WSW,9,WNW,33,1.1,,7
8/22/2014,1009.375,30.1,26.1,28.3125,79,88,69,W,7,W,20,0.1,,7
8/23/2014,1009.975,31.3,26.6,28.8875,76,87,69,W,7,W,16,0.05,,6
8/24/2014,1010.433333,31.5,23.2,28.1375,80,97,70,W,2,NW,10,0.0,,3
8/25/2014,1011.541667,31.6,26.6,28.50833333,80,99,72,E,2,ESE,9,0.0,,3
8/26/2014,1011.5375,31.4,25.5,28.79583333,81,93,76,S,3,SSW,12,0.0,,6
8/27/2014,1010.616667,31.2,26.2,28.5875,84,92,72,S,4,SSW,13,0.05,,5
8/28/2014,1010.0625,31.5,26.6,28.8625,80,87,73,WSW,4,WSW,14,0.0,,4
8/29/2014,1009.695833,31.5,24.9,28.81208333,81,87,79,WSW,5,SW,12,0.6,,6
8/30/2014,1009.991667,30.0,25.4,27.40416667,88,94,77,SSW,4,SW,18,0.4,,6
8/31/2014,1010.1125,30.7,26.8,28.36541667,83,92,68,SSW,6,SSW,15,0.05,,6
9/1/2014,1009.575,31.4,26.5,28.7625,79,89,69,S,7,S,16,0.0,,5
9/2/2014,1010.2,31.4,26.6,28.84583333,77,84,68,S,8,S,22,0.0,,3
9/3/2014,1011.2,31.1,26.8,28.91666667,77,87,71,SSE,5,S,14,0.0,,6
9/4/2014,1011.916667,31.2,26.7,28.95,79,87,74,SSE,3,SE,10,0.0,,6
9/5/2014,1011.9,30.2,21.6,28.34166667,84,95,80,SSE,5,S,23,76.8,,6
9/6/2014,1011.9375,29.2,22.2,26.5125,88,100,83,S,6,S,21,22.0,,7
9/7/2014,1013.183333,28.4,22.8,25.0875,91,100,72,S,6,S,25,19.9,,7
9/8/2014,1013.358333,30.5,24.9,28.2375,81,88,74,WSW,4,S,11,1.1,,7
9/9/2014,1012.675,30.8,23.1,27.275,85,97,76,WSW,5,SSW,25,5.6,,6
9/10/2014,1012.5375,29.7,23.6,26.7875,89,99,78,NNW,2,NW,12,1.5,,7
9/11/2014,1012.954167,28.7,24.0,26.55,88,99,78,NW,3,NNW,14,0.4,,7
9/12/2014,1013.5,30.2,21.7,25.42458333,93,100,65,VRB,1,N,21,37.4,,7
9/13/2014,1012.870833,30.9,23.2,26.95833333,86,100,71,VRB,0,WNW,8,0.0,,6
9/14/2014,1012.35,30.9,22.9,27.74166667,81,100,72,W,2,NW,24,8.0,,5
9/15/2014,1011.433333,30.8,25.1,27.725,82,100,81,W,4,WNW,17,0.5,,5
9/16/2014,1010.733333,30.0,23.5,26.21666667,88,100,75,W,8,W,27,92.5,,7
9/17/2014,1010.991667,29.2,23.0,26.34166667,87,100,75,W,5,W,22,2.3,,7
9/18/2014,1011.6375,30.4,24.7,27.56666667,84,99,74,SSW,3,WSW,11,0.0,,5
9/19/2014,1012.1625,31.0,23.6,27.99583333,83,100,78,WSW,5,W,27,21.8,,5
9/20/2014,1011.054167,30.0,24.8,27.05416667,86,98,84,NW,9,WNW,23,1.2,,7
9/21/2014,1011.675,27.7,23.0,26.225,89,98,78,SSW,6,W,25,25.7,,7
9/22/2014,1011.654167,30.0,24.7,27.74583333,84,94,74,W,5,W,26,19.1,,6
9/23/2014,1011.020833,31.0,26.2,28.6,81,88,71,W,6,W,18,4.0,,7
9/24/2014,1010.966667,30.6,23.9,27.80416667,81,98,72,NW,4,WSW,17,11.7,,7
9/25/2014,1011.233333,31.0,22.8,27.80833333,84,100,71,W,4,NNW,20,13.7,,6
9/26/2014,1011.6875,30.8,25.6,28.125,81,100,80,WNW,9,WNW,33,0.8,,6
9/27/2014,1011.575,31.4,26.4,27.78541667,84,91,76,W,6,W,21,0.05,,7
9/28/2014,1011.270833,30.8,23.0,27.36666667,87,100,79,W,7,WSW,26,110.9,,7
9/29/2014,1011.1875,28.8,23.0,26.75,87,100,72,WSW,12,SW,36,17.3,,7
9/30/2014,1010.6125,30.4,23.0,27.74166667,82,100,80,W,11,W,28,51.2,,7
10/1/2014,1011.2,29.0,24.0,26.49583333,86,98,73,W,6,W,19,0.6,,7
10/2/2014,1011.520833,30.6,22.0,27.7,83,100,74,W,4,NNW,19,24.3,,6
10/3/2014,1011.445833,30.1,25.8,27.79583333,82,92,66,W,6,W,18,0.0,,7
10/4/2014,1012.229167,30.9,23.4,27.9125,80,97,68,VRB,2,W,9,0.0,,3
10/5/2014,1013.075,31.0,25.2,28.09166667,79,98,72,SSW,3,SSW,10,0.0,,3
10/6/2014,1012.695833,31.0,26.5,28.6875,77,84,69,SSW,6,SSW,15,0.0,,3
10/7/2014,1011.254167,31.0,27.0,28.84583333,76,84,72,W,8,WSW,17,0.0,,3
10/8/2014,1010.970833,31.5,25.7,28.97083333,78,87,78,W,8,W,19,0.9,,4
10/9/2014,1011.345833,31.5,24.6,27.8,85,96,73,SW,5,WSW,19,3.0,,5
10/10/2014,1010.9875,31.1,26.0,28.92083333,79,84,68,WSW,8,W,17,0.0,,3
10/11/2014,1010.575,31.4,25.7,29.05833333,79,92,78,W,8,W,20,2.7,,5
10/12/2014,1010.570833,29.8,23.5,27.05416667,88,100,78,W,7,NW,27,24.6,,7
10/13/2014,1010.25,30.2,25.8,27.97083333,84,94,77,W,9,WNW,25,2.1,,7
10/14/2014,1010.058333,30.5,22.1,27.62916667,86,97,77,W,9,WNW,23,25.3,,7
10/15/2014,1011.5,28.4,22.4,25.70416667,89,100,71,WNW,10,WNW,28,6.3,,7
10/16/2014,1011.5875,31.3,25.5,27.90416667,81,89,71,WSW,7,WNW,17,0.0,,7
10/17/2014,1011.604167,31.5,26.5,28.44583333,80,89,70,SSW,7,SSW,16,0.0,,6
10/18/2014,1011.154167,31.0,25.6,28.54166667,80,87,70,SSW,7,SSW,15,1.9,,6
10/19/2014,1010.291667,31.0,23.4,27.71958333,85,100,73,SSW,3,NW,15,4.0,,6
10/20/2014,1010.225,31.0,25.0,27.84583333,84,98,71,SSW,5,SSW,17,0.0,,6
10/21/2014,1011.125,30.8,23.6,27.975,83,98,75,S,7,SSW,24,19.0,,6
10/22/2014,1011.675,30.7,24.0,27.46666667,84,97,69,SW,7,WSW,31,2.2,,6
10/23/2014,1011.05,30.1,24.0,27.74583333,83,97,79,NNW,5,NW,19,3.7,,6
10/24/2014,1010.329167,29.2,24.8,27.40833333,85,96,75,WNW,7,NW,30,1.3,,6
10/25/2014,1010.804167,31.0,24.8,28.35833333,81,93,65,NNW,5,NNW,16,0.05,,6
10/26/2014,1012.0875,31.4,26.3,28.72916667,74,80,67,N,5,NNW,12,0.0,,4
10/27/2014,1012.217083,31.1,26.5,28.60833333,75,81,68,NW,6,NNW,12,0.0,,3
10/28/2014,1012.008333,31.0,24.5,27.9875,78,93,73,W,3,NW,13,0.0,,5
10/29/2014,1011.6625,31.6,26.8,28.625,77,84,66,W,5,NW,13,0.0,,6
10/30/2014,1011.595833,31.4,26.7,28.69166667,74,81,68,W,6,W,13,0.0,,6
10/31/2014,1011.016667,31.2,27.2,28.805,74,79,72,W,7,W,16,0.0,,6
11/1/2014,1011.925,31.1,25.0,28.80833333,78,93,68,W,6,W,16,3.2,,4
11/2/2014,1012.208333,31.2,23.4,27.93333333,81,97,70,W,2,W,10,0.0,,2
11/3/2014,1013.033333,31.1,23.9,28.45416667,77,98,76,W,4,W,21,5.3,,4
11/4/2014,1013.920833,30.0,23.2,26.27916667,89,100,80,W,7,WSW,24,43.2,,7
11/5/2014,1013.645833,30.3,23.5,27.0625,87,95,71,W,8,SSW,26,8.8,,7
11/6/2014,1012.570833,31.1,25.4,28.49166667,81,89,72,W,8,NW,25,0.3,,6
11/7/2014,1011.741667,31.2,23.3,28.24166667,83,98,78,WSW,9,WSW,24,16.7,,6
11/8/2014,1012.441667,30.0,23.4,26.67083333,87,100,73,W,11,WSW,36,32.5,,7
11/9/2014,1011.445833,30.8,24.4,27.95,83,93,81,WNW,13,W,31,6.6,,6
11/10/2014,1011.441667,29.4,23.0,26.09583333,89,99,75,WNW,12,W,30,32.5,,7
11/11/2014,1010.1875,30.7,26.0,28.40416667,81,90,75,NW,12,NW,25,0.4,,4
11/12/2014,1009.795833,30.8,25.0,28.36666667,82,92,75,NW,10,WNW,22,2.7,,5
11/13/2014,1010.083333,30.5,24.0,27.625,87,100,76,NW,5,NW,22,4.6,,6
11/14/2014,1010.979167,31.0,23.7,27.5,86,100,74,WNW,3,WNW,14,0.0,,6
11/15/2014,1010.429167,30.6,23.5,27.2625,87,100,73,VRB,1,NE,11,0.05,,4
11/16/2014,1009.833333,30.6,24.3,27.40833333,85,99,74,VRB,1,N,12,0.0,,4
11/17/2014,1010.054167,30.6,24.6,27.84583333,84,95,79,NW,3,NW,14,2.8,,5
11/18/2014,1010.883333,30.2,25.6,27.9625,85,92,77,N,4,NNW,21,1.1,,6
11/19/2014,1010.429167,31.3,24.3,27.50416667,87,98,79,E,2,ENE,13,1.4,,6
11/20/2014,1010.004167,30.0,24.2,27.0625,89,99,77,NE,2,E,12,16.0,,6
11/21/2014,1010.545833,30.0,24.3,27.675,87,96,83,WNW,9,W,29,4.9,,7
11/22/2014,1011.170833,28.0,22.8,26.48333333,90,97,83,W,12,W,37,36.4,,7
11/23/2014,1011.1,28.0,23.2,26.0,89,99,77,W,15,W,38,22.3,,7
11/24/2014,1010.183333,30.1,23.6,27.41666667,87,98,77,NW,12,WNW,33,11.4,,7
11/25/2014,1009.7,30.5,22.9,26.34583333,92,100,75,NW,7,NNW,22,82.3,,7
11/26/2014,1008.595833,29.9,24.0,26.5875,89,99,75,VRB,1,NE,12,0.05,,7
11/27/2014,1009.354167,30.6,24.7,27.94166667,84,99,75,SW,3,SSW,19,4.8,,6
11/28/2014,1010.425,30.2,26.6,28.25833333,81,92,72,SW,6,SSW,15,0.05,,6
11/29/2014,1010.383333,30.6,24.2,28.10416667,81,90,74,W,8,W,41,0.3,,5
11/30/2014,1009.625,30.9,26.1,28.51666667,82,89,73,NW,6,NW,13,0.0,,3
12/1/2014,1009.908333,30.8,26.5,28.625,79,87,69,W,6,WNW,14,0.0,,3
12/2/2014,1011.1,31.1,27.0,28.84166667,76,83,72,W,8,W,16,0.0,,4
12/3/2014,1011.070833,31.0,26.7,28.675,78,86,74,NW,9,WNW,17,0.05,,3
12/4/2014,1011.583333,31.0,26.6,28.5875,80,86,74,NW,9,WNW,17,0.05,,4
12/5/2014,1011.304167,30.6,23.5,27.8625,83,92,78,WNW,7,WNW,26,17.3,,5
12/6/2014,1010.979167,30.5,24.4,27.39583333,86,97,73,NW,5,NW,28,0.05,,6
12/7/2014,1010.458333,30.7,25.9,28.08333333,81,93,69,NW,4,NW,11,0.0,,2
12/8/2014,1011.404167,31.0,24.0,28.0625,79,93,73,NNW,7,WNW,27,2.9,,4
12/9/2014,1011.704167,31.4,23.4,28.13333333,81,92,81,NW,9,WNW,22,12.3,,4
12/10/2014,1011.983333,28.9,22.4,25.95,89,100,75,W,10,WNW,29,43.9,,7
12/11/2014,1011.108333,30.7,24.1,28.30833333,81,91,82,W,9,W,33,18.2,,5
12/12/2014,1011.187917,29.2,23.5,26.77916667,88,97,72,WNW,8,WNW,22,12.2,,6
12/13/2014,1011.5875,31.0,23.8,28.09583333,82,95,86,NW,11,NW,28,3.5,,5
12/14/2014,1012.275,29.6,22.9,25.92083333,90,100,72,NW,7,NNW,23,32.4,,7
12/15/2014,1011.4,30.5,25.2,28.0375,81,89,72,NW,7,NW,16,0.0,,4
12/16/2014,1010.958333,31.0,26.8,28.26666667,81,89,72,NW,8,NNW,19,1.1,,6
12/17/2014,1010.366667,31.1,26.5,28.6125,81,93,75,NNW,7,N,16,0.0,,5
12/18/2014,1011.045833,31.3,25.6,28.27916667,83,91,71,W,7,W,17,3.4,,6
12/19/2014,1011.7125,30.9,24.4,28.6875,79,85,73,W,9,WSW,23,2.1,,5
12/20/2014,1011.179167,30.3,24.9,27.6375,84,94,73,W,10,WNW,28,4.8,,7
12/21/2014,1010.283333,30.5,26.5,28.39583333,80,86,74,W,10,WNW,21,0.0,,5
12/22/2014,1010.15,30.4,26.5,28.21666667,80,84,74,W,10,W,20,0.0,,6
12/23/2014,1010.804167,30.5,24.0,28.17083333,81,96,81,W,10,W,20,13.8,,6
12/24/2014,1012.391667,28.5,25.1,27.22083333,88,98,77,WNW,8,NW,18,0.4,,7
12/25/2014,1012.120833,30.0,26.0,27.775,81,87,76,WNW,10,NW,20,0.0,,6
12/26/2014,1010.808333,29.8,26.0,27.425,82,88,74,WNW,9,WNW,18,0.0,,5
12/27/2014,1010.604167,30.5,26.2,28.125,83,91,76,W,9,W,20,0.0,,5
12/28/2014,1011.2,30.1,25.9,27.82083333,84,92,78,W,9,W,19,0.0,,6
12/29/2014,1010.3,30.5,26.3,27.975,85,91,74,WNW,8,W,17,0.0,,3
12/30/2014,1009.0125,31.0,24.0,28.10833333,83,94,72,NW,9,NW,27,4.4,,5
12/31/2014,1009.5125,31.1,25.1,28.225,83,96,71,NW,6,NW,16,0.0,,4
1/1/2015,1010.2,31.0,23.5,28.1,83,96,82,N,5,N,15,17.4,,6
1/2/2015,1012.1,29.4,22.6,25.2,91,98,72,WNW,5,WNW,28,24.5,,7
1/3/2015,1012.3,29.8,25.0,27.4,82,89,71,NNE,3,N,13,0.0,,6
1/4/2015,1012.1,30.4,25.5,27.9,79,87,70,NNE,4,NE,13,0.0,,4
1/5/2015,1011.8,30.0,21.6,26.7,82,97,69,NNE,2,NE,10,0.0,,2
1/6/2015,1012.7,30.0,21.5,25.9,83,98,70,N,2,NNW,10,0.0,,2
1/7/2015,1013.1,29.9,23.3,26.9,81,95,68,NNW,3,NNW,11,0.0,,2
1/8/2015,1013.2,30.1,22.0,26.5,81,96,66,NNW,4,NNW,14,0.0,,1
1/9/2015,1013.2,30.0,21.0,26.4,78,94,69,N,3,N,11,0.0,,1
1/10/2015,1012.5,30.3,26.3,27.5,77,96,69,ENE,2,ENE,12,0.0,,2
1/11/2015,1012.1,31.0,26.3,28.6,76,82,69,ENE,5,ENE,13,0.0,,3
1/12/2015,1012.0,30.5,26.0,28.1,77,86,72,NE,4,NE,14,0.0,,3
1/13/2015,1011.3,30.5,26.3,28.2,80,86,72,NE,4,NNE,13,0.0,,4
1/14/2015,1011.5,30.8,26.3,28.2,79,83,70,NE,4,NNE,13,0.0,,4
1/15/2015,1011.3,31.0,26.4,28.3,77,84,70,ENE,4,NE,13,0.0,,2
1/16/2015,1011.5,31.2,26.5,28.4,77,83,68,ENE,4,ENE,13,0.0,,2
1/17/2015,1012.0,31.5,26.6,28.5,78,86,72,ENE,4,NE,14,0.0,,2
1/18/2015,1012.0,31.2,26.4,28.3,80,85,73,NE,4,NNE,15,0.0,,2
1/19/2015,1012.2,31.2,26.8,28.6,80,88,75,ENE,4,NE,12,0.0,,1
1/20/2015,1013.0,31.4,26.7,28.7,83,88,74,ENE,5,ENE,15,0.0,,3
1/21/2015,1014.8,31.0,26.6,28.5,80,85,72,ENE,5,ENE,16,0.0,,3
1/22/2015,1014.4,30.9,26.2,28.2,79,83,69,ENE,5,ENE,15,0.0,,3
1/23/2015,1012.4,30.3,25.9,27.9,76,87,65,NNE,4,NNE,15,0.0,,3
1/24/2015,1012.4,31.0,24.0,28.0,75,92,73,ENE,3,ENE,13,0.0,,1
1/25/2015,1012.5,30.5,26.6,28.0,83,92,73,NE,4,NE,15,0.0,,3
1/26/2015,1011.9,31.5,24.9,28.3,84,94,73,ENE,5,NNE,19,2.8,,4
1/27/2015,1010.6,30.6,26.0,28.2,82,90,78,NNE,4,NE,16,0.0,,6
1/28/2015,1009.9,30.3,23.5,27.9,86,95,84,NNE,4,E,17,11.4,,6
1/29/2015,1011.3,28.6,23.2,25.5,92,100,69,ENE,4,S,25,50.4,,7
1/30/2015,1012.2,30.6,23.5,27.2,86,98,74,VRB,1,NE,19,17.6,,5
1/31/2015,1012.8,31.0,23.2,27.2,88,97,78,VRB,2,NE,14,3.0,,5
2/1/2015,1012.3,30.5,24.2,27.6,87,99,71,NNE,2,NNE,13,0.0,,4
2/2/2015,1012.5,30.9,26.4,28.3,83,99,74,NE,4,NNE,16,0.0,,5
2/3/2015,1013.2,31.1,26.9,29.0,81,88,72,ENE,5,ENE,19,0.0,,3
2/4/2015,1013.0,31.4,26.1,28.6,82,88,73,ENE,5,ENE,17,1.2,,5
2/5/2015,1012.1,31.3,24.0,28.3,84,95,76,E,4,E,15,22.7,,6
2/6/2015,1012.7,30.3,24.9,27.7,86,97,76,NE,2,E,16,0.0,,6
2/7/2015,1012.6,30.4,23.5,26.9,91,100,78,VRB,2,NNW,20,14.3,,6
2/8/2015,1011.6,30.1,24.4,27.4,87,99,74,N,3,NNE,15,0.05,,6
2/9/2015,1011.7,30.9,26.6,28.4,81,90,76,NE,3,NE,16,0.7,,4
2/10/2015,1011.5,30.7,25.8,28.4,83,96,76,NNE,3,NNE,13,0.05,,4
2/11/2015,1011.2,31.1,26.7,28.8,84,92,75,NNE,4,NNE,15,0.0,,4
2/12/2015,1011.3,31.1,23.9,28.4,85,100,79,ENE,3,NE,15,44.1,,4
2/13/2015,1011.6,30.5,24.4,27.2,89,99,75,NNW,3,S,12,4.6,,6
2/14/2015,1010.8,30.5,26.4,28.0,85,92,78,NE,3,ENE,12,0.0,,7
2/15/2015,1011.0,31.3,26.7,28.8,83,90,69,NNE,4,NNE,13,0.0,,6
2/16/2015,1012.5,30.6,26.2,28.3,78,86,73,N,6,N,15,0.0,,4
2/17/2015,1012.8,30.5,24.6,28.0,78,86,67,N,5,N,15,0.0,,5
2/18/2015,1012.0,30.2,23.4,27.6,74,88,61,NNE,3,NNE,12,0.0,,6
2/19/2015,1011.0,30.4,26.3,27.9,69,83,64,NNE,6,N,16,0.0,,4
2/20/2015,1010.6,30.2,26.0,28.1,68,71,62,NNE,6,NNE,17,0.0,,5
2/21/2015,1010.8,30.9,25.2,28.3,69,81,67,NE,4,NE,14,0.0,,5
2/22/2015,1011.1,31.0,26.9,28.6,74,81,72,NE,4,ENE,15,0.0,,3
2/23/2015,1011.3,30.6,26.8,28.7,79,84,70,NNE,5,NNE,20,0.05,,3
2/24/2015,1010.4,31.2,26.3,28.7,77,82,69,NE,4,ENE,14,0.0,,3
2/25/2015,1009.7,31.0,26.0,28.5,76,81,68,ENE,3,NE,11,0.0,,3
2/26/2015,1009.9,31.1,22.6,27.9,79,97,65,VRB,2,E,10,0.0,,4
2/27/2015,1010.5,31.0,23.1,27.8,78,98,65,VRB,1,E,8,0.0,,6
2/28/2015,1010.3,31.4,24.0,28.0,77,93,66,VRB,2,ENE,9,0.0,,3
3/1/2015,1010.7,31.1,22.9,28.4,76,97,68,VRB,1,ESE,9,0.0,,2
3/2/2015,1012.1,31.5,24.8,28.0,77,97,69,VRB,2,NNW,11,0.0,,2
3/3/2015,1012.1,30.5,23.6,27.3,79,95,68,NNW,3,NNW,12,0.0,,4
3/4/2015,1011.5,30.8,22.8,26.9,83,97,67,VRB,1,NNW,10,0.0,,4
3/5/2015,1011.5,31.7,23.6,27.3,83,98,72,VRB,1,NW,8,0.0,,3
3/6/2015,1012.9,31.5,24.2,27.8,86,97,71,VRB,2,NW,12,0.0,,4
3/7/2015,1012.3,31.4,23.9,27.8,85,97,70,VRB,1,ENE,11,0.0,,4
3/8/2015,1012.8,32.0,23.6,28.6,81,97,66,VRB,2,E,22,13.4,,4
3/9/2015,1013.7,31.6,22.8,28.0,78,93,65,VRB,1,E,9,0.0,,3
3/10/2015,1013.1,31.5,23.8,28.1,78,93,66,VRB,2,NNE,9,0.0,,2
3/11/2015,1011.9,31.5,27.5,29.2,74,82,69,NE,3,NNE,11,0.0,,2
3/12/2015,1012.1,31.6,24.9,29.1,76,87,70,NE,4,NE,14,0.0,,3
3/13/2015,1012.6,31.1,25.0,28.0,81,93,69,NNW,2,NNW,11,0.0,,2
3/14/2015,1012.7,31.4,24.4,28.2,84,95,67,NW,2,W,12,0.0,,4
3/15/2015,1012.2,31.9,25.4,28.5,80,96,75,VRB,1,WSW,10,0.1,,2
3/16/2015,1012.8,31.7,23.8,28.1,84,94,68,SSE,4,SSE,15,4.5,,6
3/17/2015,1012.0,31.4,24.6,28.4,81,93,67,VRB,1,SE,8,0.05,,3
3/18/2015,1011.8,31.5,23.4,28.1,82,96,67,VRB,1,NNW,10,0.0,,3
3/19/2015,1011.4,31.3,24.0,27.8,82,98,68,VRB,1,WNW,10,0.0,,2
3/20/2015,1011.9,31.8,24.4,28.5,81,96,74,VRB,1,S,13,0.0,,3
3/21/2015,1012.5,31.4,25.6,28.6,82,95,76,NNE,2,ENE,13,0.7,,4
3/22/2015,1012.0,31.0,24.1,28.2,85,98,69,NE,3,NNE,18,32.6,,6
3/23/2015,1011.0,31.6,24.5,28.5,81,100,65,NE,2,ESE,11,0.5,,4
3/24/2015,1010.4,32.0,25.1,29.2,75,88,65,NE,2,NE,10,0.0,,3
3/25/2015,1010.7,32.1,24.2,28.8,76,92,67,VRB,1,NE,8,0.0,,3
3/26/2015,1011.6,32.0,25.7,29.1,78,92,70,VRB,2,NE,10,0.05,,3
3/27/2015,1011.8,32.0,28.0,29.5,78,87,66,NNE,3,NNE,14,0.0,,4
3/28/2015,1010.3,32.6,26.9,29.8,79,85,71,NNE,4,NNE,13,0.05,,5
3/29/2015,1009.7,32.2,25.4,29.4,81,91,72,NE,3,ENE,13,1.8,,4
3/30/2015,1009.9,31.7,27.4,29.2,81,95,72,VRB,2,NE,11,0.0,,5
3/31/2015,1010.3,32.3,26.1,29.7,81,91,76,VRB,1,ENE,10,0.0,,5
4/1/2015,1010.4,31.3,25.5,28.4,84,95,70,E,2,SE,25,1.0,,6
4/2/2015,1009.7,32.0,24.5,29.3,80,94,69,VRB,2,SE,17,0.2,,6
4/3/2015,1008.7,32.4,28.0,29.3,81,97,72,VRB,1,NE,8,0.05,,5
4/4/2015,1007.3,32.5,24.7,28.8,83,97,69,VRB,2,NNE,12,0.3,,5
4/5/2015,1008.0,31.9,24.8,28.4,84,97,73,VRB,2,NW,11,0.0,,5
4/6/2015,1008.8,31.9,22.5,28.4,85,97,79,SW,4,WNW,22,33.5,,7
4/7/2015,1009.9,29.0,24.1,26.6,89,98,73,SSW,3,WNW,40,3.0,,7
4/8/2015,1009.8,31.9,24.8,28.6,85,98,70,VRB,1,WNW,10,0.0,,4
4/9/2015,1010.0,32.5,24.0,28.3,84,98,64,VRB,0,NW,8,0.0,,5
4/10/2015,1010.9,32.4,26.5,29.5,77,98,67,VRB,1,SSE,8,0.0,,3
4/11/2015,1011.5,32.2,23.9,28.9,81,96,66,VRB,1,SE,9,0.0,,3
4/12/2015,1013.1,32.0,23.7,28.2,82,97,66,VRB,1,SW,11,0.0,,2
4/13/2015,1012.1,31.8,24.5,28.2,81,95,67,VRB,1,WNW,10,0.0,,2
4/14/2015,1010.6,32.2,26.1,29.0,78,94,66,WNW,2,NW,10,0.0,,3
4/15/2015,1010.9,32.3,24.9,29.6,75,84,65,WNW,2,NW,15,0.0,,3
4/16/2015,1012.2,32.4,26.0,29.2,75,91,66,W,2,SW,10,0.0,,2
4/17/2015,1011.0,32.4,25.2,30.0,73,82,75,NW,9,NW,20,0.05,,3
4/18/2015,1009.6,32.3,25.0,28.7,81,89,72,NW,9,NNW,26,4.2,,6
4/19/2015,1009.7,31.3,26.4,28.8,79,91,69,WNW,10,W,26,0.05,,7
4/20/2015,1010.7,31.9,26.1,29.0,80,90,71,WNW,6,W,27,0.05,,6
4/21/2015,1011.1,31.6,27.0,28.7,80,91,68,W,9,WSW,25,0.05,,6
4/22/2015,1010.7,32.0,25.1,29.6,78,86,73,W,7,W,20,0.0,,4
4/23/2015,1011.2,32.0,25.2,29.3,80,88,69,NW,7,NW,23,0.9,,4
4/24/2015,1011.5,31.9,27.5,29.4,79,88,68,WNW,8,W,21,0.0,,6
4/25/2015,1010.6,32.1,26.9,29.4,77,87,71,WNW,5,NW,13,0.0,,3
4/26/2015,1010.1,32.0,24.8,28.6,82,93,67,WSW,2,WSW,10,0.0,,4
4/27/2015,1010.9,31.9,24.5,28.7,82,97,68,SW,2,SW,12,0.0,,2
4/28/2015,1011.1,32.0,25.1,28.6,82,96,66,VRB,1,WNW,10,0.0,,2
4/29/2015,1011.3,32.3,24.6,29.6,77,90,77,WSW,3,WSW,19,4.0,,4
4/30/2015,1012.2,31.3,25.1,28.0,86,94,70,W,3,NW,17,0.7,,7
5/1/2015,1011.6,32.3,26.6,29.3,81,97,69,WSW,4,WSW,13,0.0,,5
5/2/2015,1015.2,32.3,27.5,29.8,77,87,68,WSW,5,WSW,17,0.05,,5
5/3/2015,1010.5,32.3,27.8,30.0,74,80,69,WSW,5,WSW,13,0.0,,3
5/4/2015,1010.5,32.3,26.1,29.7,78,94,69,WSW,6,SSW,17,1.5,,3
5/5/2015,1009.5,32.1,25.5,29.5,79,89,74,SSW,5,SSW,15,5.3,,5
5/6/2015,1009.4,31.0,24.4,27.2,89,99,73,S,4,SSE,21,32.9,,6
5/7/2015,1010.3,31.4,24.8,28.5,85,94,72,W,3,WSW,19,3.6,,6
5/8/2015,1010.1,32.1,27.1,29.8,78,86,71,W,6,W,17,0.4,,5
5/9/2015,1009.2,32.3,25.4,29.3,81,90,73,W,10,W,35,8.1,,6
5/10/2015,1009.7,32.0,23.0,27.7,87,100,75,W,14,NW,43,134.3,,7
5/11/2015,1010.2,31.2,27.5,29.1,80,87,73,W,14,W,33,0.0,,6
5/12/2015,1010.0,32.0,27.0,29.9,81,90,68,W,11,WSW,24,1.4,,7
5/13/2015,1009.9,30.2,23.8,27.8,87,98,72,W,9,W,35,18.3,,7
5/14/2015,1009.7,31.7,26.1,29.3,81,94,75,W,7,WNW,21,7.3,,4
5/15/2015,1010.5,32.2,28.0,30.0,80,84,74,W,8,WNW,17,0.5,,3
5/16/2015,1009.6,32.2,25.6,29.2,84,98,78,WSW,9,W,32,9.0,,5
5/17/2015,1009.3,31.3,25.5,28.3,87,95,75,SW,9,W,24,5.0,,6
5/18/2015,1010.0,31.5,26.9,28.9,85,94,77,WSW,9,W,31,2.3,,6
5/19/2015,1010.6,31.5,24.4,28.7,84,96,75,WSW,6,W,32,4.6,,6
5/20/2015,1011.9,32.0,24.9,28.5,82,93,69,WSW,5,WNW,26,1.7,,6
5/21/2015,1012.1,31.9,26.6,29.5,79,87,70,SSW,5,SW,12,0.0,,2
5/22/2015,1011.6,32.0,27.0,29.6,79,92,75,SSW,5,S,16,0.0,,5
5/23/2015,1011.7,31.9,28.0,29.7,79,86,72,SSW,6,SSW,14,0.05,,4
5/24/2015,1011.8,32.0,26.8,29.6,79,92,73,SSW,5,SSW,15,0.0,,5
5/25/2015,1011.5,32.2,27.4,29.4,79,86,71,SSW,5,SSW,14,0.0,,5
5/26/2015,1012.2,31.4,24.4,28.0,84,96,68,SSW,3,WNW,22,0.0,,6
5/27/2015,1010.4,31.8,26.8,29.1,77,97,70,SW,3,W,13,0.0,,6
5/28/2015,1010.0,32.3,27.0,29.5,78,83,72,WSW,7,WNW,19,1.5,,6
5/29/2015,1010.1,32.3,27.0,29.6,79,88,70,WNW,9,WNW,21,0.05,,4
5/30/2015,1010.4,32.1,24.1,29.2,81,100,72,W,7,SW,25,43.5,,4
5/31/2015,1009.5,32.0,23.9,28.6,85,97,71,WSW,7,SSW,30,20.3,,6
6/1/2015,1008.8,32.0,25.7,29.3,81,98,72,SW,6,SSW,17,0.3,,5
6/2/2015,1009.1,32.0,27.1,29.6,80,88,73,WSW,3,W,11,0.0,,4
6/3/2015,1008.4,31.8,23.8,28.6,85,100,77,WSW,8,W,31,142.1,,6
6/4/2015,1009.0,29.2,24.5,27.2,88,100,74,WNW,9,W,30,5.9,,7
6/5/2015,1009.3,31.1,26.6,28.7,81,88,72,WNW,7,NW,25,0.2,,6
6/6/2015,1009.4,31.9,27.0,29.4,81,90,73,SW,3,SW,11,0.0,,6
6/7/2015,1009.6,31.9,27.6,29.7,78,83,71,SW,5,SSW,13,0.0,,2
6/8/2015,1010.2,32.0,25.7,29.1,82,96,72,S,3,S,12,0.0,,5
6/9/2015,1010.1,32.3,28.0,29.9,78,90,69,SE,2,SE,9,0.0,,5
6/10/2015,1009.8,32.4,24.4,28.9,81,96,64,VRB,1,E,8,0.0,,3
6/11/2015,1010.0,32.1,23.8,28.2,81,96,66,VRB,1,SSW,10,0.0,,2
6/12/2015,1010.3,32.0,26.2,28.9,77,97,66,VRB,2,NW,10,0.0,,5
6/13/2015,1009.8,32.2,24.1,28.7,79,96,66,VRB,2,SW,10,0.0,,3
6/14/2015,1009.7,32.1,24.4,28.1,82,97,67,VRB,1,S,10,0.0,,2
6/15/2015,1009.6,31.9,24.6,28.4,80,93,65,W,2,WNW,11,0.0,,2
6/16/2015,1009.4,32.1,26.2,29.2,76,92,67,SSW,3,SSW,12,0.5,,4
6/17/2015,1008.0,32.7,24.6,29.5,79,97,80,S,4,S,14,10.4,,6
6/18/2015,1008.8,31.4,24.5,27.2,91,98,70,SSW,3,SSW,21,25.5,,7
6/19/2015,1009.1,32.3,23.3,28.0,85,98,64,VRB,1,S,10,0.0,,6
6/20/2015,1009.1,32.0,24.5,28.2,82,97,68,VRB,2,NNW,16,0.0,,5
6/21/2015,1009.6,32.6,25.0,29.6,77,90,68,E,2,SSE,11,0.0,,5
6/22/2015,1009.8,32.5,27.2,30.0,78,93,71,E,2,ESE,8,1.2,,3
6/23/2015,1010.5,33.0,28.6,30.5,79,88,70,ESE,4,ESE,11,0.0,,4
6/24/2015,1011.7,33.0,28.5,30.5,79,86,71,ESE,4,ESE,11,0.0,,4
6/25/2015,1011.4,32.6,24.5,29.6,81,97,71,ESE,3,W,28,14.5,,5
6/26/2015,1011.4,31.6,27.3,29.2,78,92,69,WSW,9,SW,20,0.0,,6
6/27/2015,1012.2,32.0,28.0,29.7,78,85,72,SW,5,SSW,18,0.05,,7
6/28/2015,1013.4,31.6,26.5,29.5,78,84,68,SSW,6,SW,15,0.0,,7
6/29/2015,1013.4,31.9,25.0,28.9,79,93,68,SSW,4,SSW,13,0.0,,6
6/30/2015,1012.9,31.7,26.1,29.0,76,86,64,SW,4,SSW,12,0.0,,3
7/1/2015,1012.9,31.8,25.1,29.3,73,82,68,WSW,3,WSW,10,0.0,,2
7/2/2015,1013.7,31.6,27.7,29.4,75,90,67,W,6,W,14,0.0,,2
7/3/2015,1014.0,32.0,27.9,29.8,73,77,65,W,6,W,15,0.0,,3
7/4/2015,1013.8,32.4,26.7,29.9,72,78,70,W,7,W,16,0.0,,3
7/5/2015,1012.7,32.1,23.8,28.5,82,91,81,W,8,WNW,26,47.5,,5
7/6/2015,1012.5,28.6,23.5,25.8,92,100,69,WSW,8,WSW,27,70.9,,7
7/7/2015,1011.1,31.3,26.9,29.0,75,86,68,SW,6,WSW,14,0.0,,5
7/8/2015,1012.1,31.3,25.6,29.0,75,84,69,SSW,5,S,13,0.0,,3
7/9/2015,1012.3,31.6,24.4,28.3,83,97,70,S,3,S,11,0.0,,2
7/10/2015,1011.3,31.8,24.1,28.4,82,97,72,S,2,S,11,0.0,,1
7/11/2015,1010.6,31.9,27.2,29.1,81,97,70,VRB,2,SE,7,0.0,,6
7/12/2015,1010.6,31.9,24.8,29.1,79,93,71,VRB,2,ENE,9,1.6,,6
7/13/2015,1010.7,31.7,24.8,27.8,87,96,72,VRB,2,N,12,0.05,,6
7/14/2015,1010.3,31.6,23.4,28.1,86,94,79,WSW,2,N,30,6.8,,6
7/15/2015,1010.4,29.7,23.1,26.7,88,96,71,WSW,3,W,29,4.2,,7
7/16/2015,1009.2,31.4,24.1,27.9,85,98,76,SSW,3,WSW,22,7.2,,7
7/17/2015,1009.6,30.6,23.5,27.4,88,99,78,SW,3,NNW,23,23.8,,7
7/18/2015,1010.2,30.8,24.6,27.6,86,100,70,SSE,2,SE,11,0.1,,7
7/19/2015,1010.3,31.8,24.8,28.4,82,95,67,SSW,3,SSW,10,0.0,,5
7/20/2015,1009.9,31.4,24.2,28.2,81,95,71,VRB,2,W,9,0.0,,6
7/21/2015,1010.2,31.3,24.6,28.1,82,93,73,SW,2,SW,10,0.0,,7
7/22/2015,1010.5,31.1,25.1,28.2,84,94,73,VRB,0,SE,6,0.0,,7
7/23/2015,1011.2,31.4,23.3,27.1,88,99,79,NNE,3,WSW,30,7.6,,7
7/24/2015,1012.0,31.8,25.2,28.3,88,100,80,CALM,0,WSW,1,0.0,,7
7/25/2015,1012.1,30.0,24.2,26.9,92,100,73,VRB,0,WSW,14,6.9,,7
7/26/2015,1011.7,31.8,27.4,29.1,80,92,69,VRB,2,SE,12,0.0,,6
7/27/2015,1011.5,31.9,27.5,29.4,78,85,69,ESE,2,NNE,11,0.0,,6
7/28/2015,1012.4,32.1,27.5,29.6,76,82,69,E,3,NNE,10,0.0,,5
7/29/2015,1012.0,31.4,26.5,29.3,76,83,67,SE,4,SE,14,0.2,,5
7/30/2015,1011.8,31.7,27.8,29.6,75,81,68,SE,3,SE,12,0.0,,3
7/31/2015,1011.8,31.8,24.3,29.4,75,84,65,SE,3,SE,12,0.0,,3
8/1/2015,1012.9,32.0,23.8,28.0,80,93,65,VRB,1,ESE,6,0.0,,4
8/2/2015,1013.5,31.6,24.9,28.5,77,93,69,VRB,2,WSW,9,0.0,,3
8/3/2015,1012.8,31.6,26.6,29.0,79,92,71,SSW,4,SSW,14,0.0,,4
8/4/2015,1012.4,31.6,27.1,29.2,78,87,72,S,6,SSW,20,0.0,,6
8/5/2015,1011.9,31.7,23.0,28.3,82,100,66,S,5,S,19,63.4,,6
8/6/2015,1011.1,31.4,25.0,28.6,79,93,77,SSW,4,WSW,18,3.7,,6
8/7/2015,1011.4,31.0,22.9,27.4,88,97,81,SW,6,W,24,67.8,,6
8/8/2015,1012.2,28.6,23.4,26.1,89,100,74,W,8,W,26,31.2,,7
8/9/2015,1010.4,31.2,23.2,28.2,82,100,79,SW,6,WNW,23,27.4,,6
8/10/2015,1010.6,30.2,23.0,26.2,91,99,77,W,6,WNW,23,43.7,,7
8/11/2015,1012.1,29.9,23.2,27.1,87,100,78,S,5,S,18,1.2,,7
8/12/2015,1011.8,30.7,24.0,27.5,87,100,76,WNW,6,NNW,22,4.4,,7
8/13/2015,1011.0,31.1,23.6,27.5,87,99,76,W,9,WSW,33,22.0,,6
8/14/2015,1011.0,29.9,25.6,27.4,83,91,72,SW,7,SW,31,0.05,,7
8/15/2015,1011.6,31.3,26.4,28.8,81,89,77,WSW,4,WSW,14,0.0,,6
8/16/2015,1011.7,30.8,24.5,27.7,87,92,83,SW,4,SW,12,2.6,,6
8/17/2015,1011.0,30.0,23.0,26.6,89,100,73,NW,6,NW,34,9.8,,7
8/18/2015,1010.6,31.0,23.8,27.6,86,98,75,WNW,6,NW,21,29.0,,7
8/19/2015,1012.4,31.0,25.5,28.0,86,95,72,W,5,NW,20,0.2,,7
8/20/2015,1012.8,31.3,24.5,28.0,85,97,72,S,3,S,13,0.05,,6
8/21/2015,1012.6,31.0,24.4,27.5,86,98,76,VRB,2,SSW,16,4.3,,5
8/22/2015,1012.1,29.8,23.9,26.9,88,97,73,W,2,SW,14,0.05,,7
8/23/2015,1012.5,30.5,23.2,27.1,88,98,68,VRB,2,NNW,15,0.0,,6
8/24/2015,1012.6,31.3,23.8,27.6,83,97,66,VRB,1,SW,9,0.0,,6
8/25/2015,1016.9,31.3,24.4,27.8,82,96,69,VRB,1,S,9,0.0,,3
8/26/2015,1010.9,31.1,26.3,28.7,80,92,79,SW,4,SSW,14,1.1,,5
8/27/2015,1011.7,30.3,23.8,26.6,88,98,70,W,7,NW,25,24.1,,7
8/28/2015,1011.9,30.2,23.9,27.4,85,98,73,WSW,5,WSW,29,5.7,,6
8/29/2015,1011.6,30.2,23.1,27.8,83,98,78,SW,8,WNW,31,32.5,,7
8/30/2015,1011.8,29.6,25.4,27.4,86,97,76,WSW,3,W,15,0.7,,7
8/31/2015,1012.0,30.7,24.6,27.3,86,96,80,W,7,WNW,25,7.2,,7
9/1/2015,1011.7,28.6,24.4,27.2,85,98,74,W,9,W,28,21.0,,7
9/2/2015,1010.4,31.4,25.0,28.6,83,93,78,W,6,W,24,6.7,,6
9/3/2015,1011.4,30.2,23.5,26.6,90,99,73,NW,4,N,21,12.4,,7
9/4/2015,1012.2,31.6,26.8,28.9,83,92,73,VRB,2,N,9,0.0,,7
9/5/2015,1013.1,31.4,24.6,28.1,84,95,72,NE,2,NE,13,0.0,,6
9/6/2015,1013.0,31.5,26.0,28.4,84,98,73,VRB,2,ESE,8,0.05,,6
9/7/2015,1013.1,31.3,25.8,28.5,81,90,67,SSW,4,SSW,13,0.05,,7
9/8/2015,1012.4,31.5,25.4,28.8,77,90,68,S,4,S,15,0.0,,4
9/9/2015,1012.5,31.6,27.0,29.2,76,87,66,SSE,5,SSE,16,0.0,,3
9/10/2015,1012.3,31.6,24.5,29.0,75,93,68,SSE,4,SSE,15,0.0,,5
9/11/2015,1012.3,32.1,23.9,27.7,85,97,72,VRB,1,W,18,3.5,,6
9/12/2015,1012.2,31.3,26.0,28.5,80,97,66,SW,3,WSW,10,0.0,,4
9/13/2015,1012.8,32.1,23.0,28.4,81,98,74,VRB,1,SSW,20,1.5,,4
9/14/2015,1013.2,31.4,24.0,27.6,86,98,80,WNW,6,W,23,29.2,,6
9/15/2015,1012.4,29.8,24.4,26.2,90,97,70,W,4,WNW,21,4.4,,7
9/16/2015,1010.4,31.3,24.5,28.1,81,95,70,W,3,W,12,0.0,,3
9/17/2015,1010.2,31.4,26.6,28.7,80,94,67,WSW,4,WSW,16,2.1,,5
9/18/2015,1010.5,32.0,26.1,29.1,79,95,73,W,5,NW,25,0.05,,6
9/19/2015,1010.4,32.4,25.6,29.2,82,92,69,W,7,W,25,3.8,,7
9/20/2015,1010.4,30.9,22.1,28.0,83,98,74,W,11,NW,55,8.1,,7
9/21/2015,1009.9,31.2,26.2,28.8,81,89,72,WSW,5,WSW,18,0.0,,7
9/22/2015,1010.3,31.7,25.9,29.4,79,83,72,W,7,NW,27,0.0,,7
9/23/2015,1011.6,31.5,26.6,28.8,81,94,73,NW,7,NW,21,0.3,,6
9/24/2015,1011.6,31.4,23.4,27.9,82,97,77,NW,10,NW,28,3.3,,6
9/25/2015,1010.8,31.3,22.2,26.4,91,100,74,NW,7,NW,34,53.4,,7
9/26/2015,1010.5,32.2,27.2,29.2,82,86,72,WNW,8,WNW,16,0.05,,7
9/27/2015,1010.3,31.8,27.1,29.3,79,89,70,NW,8,NW,17,0.05,,5
9/28/2015,1009.9,31.9,24.8,28.9,80,93,71,NW,8,W,25,4.5,,5
9/29/2015,1009.6,31.5,23.7,28.3,82,92,76,W,7,WSW,29,7.7,,6
9/30/2015,1010.6,29.6,23.6,27.5,86,97,77,W,5,W,31,13.6,,7
10/1/2015,1011.4,31.0,25.0,28.1,86,98,70,S,3,WNW,15,18.0,,5
10/2/2015,1012.8,31.5,23.4,28.3,81,97,68,S,4,SSW,13,0.0,,3
10/3/2015,1013.7,31.5,23.2,27.4,84,97,65,VRB,1,S,7,0.0,,3
10/4/2015,1014.1,31.5,23.1,28.6,75,97,71,SW,2,W,10,0.0,,4
10/5/2015,1012.6,31.6,25.0,28.9,79,90,69,W,3,W,10,0.0,,4
10/6/2015,1011.4,31.7,23.9,28.0,83,97,66,VRB,1,WSW,11,0.0,,5
10/7/2015,1011.5,31.6,24.0,28.4,81,98,71,VRB,2,SSE,13,1.0,,2
10/8/2015,1012.2,31.5,23.9,28.0,83,97,65,S,3,S,22,7.5,,4
10/9/2015,1011.5,31.6,25.0,28.6,80,98,68,S,3,SSW,13,0.0,,4
10/10/2015,1012.1,32.3,24.8,27.9,85,95,70,SE,3,S,17,5.2,,7
10/11/2015,1012.3,31.7,25.2,29.1,80,95,78,SE,2,SE,10,2.0,,4
10/12/2015,1012.9,30.5,24.1,26.5,91,99,73,WNW,3,N,19,11.0,,7
10/13/2015,1012.2,31.4,24.8,27.1,88,98,72,W,6,W,22,39.2,,6
10/14/2015,1011.9,31.0,24.5,27.2,87,97,75,WSW,8,SW,24,15.0,,7
10/15/2015,1011.1,29.5,24.0,26.2,91,99,67,WSW,3,WSW,15,4.3,,7
10/16/2015,1011.3,31.5,24.5,27.6,86,98,73,VRB,2,SSW,17,0.0,,3
10/17/2015,1011.6,31.4,25.8,28.5,82,89,77,WSW,4,WNW,16,1.6,,4
10/18/2015,1012.4,31.3,24.8,27.7,87,97,81,W,5,W,23,12.7,,7
10/19/2015,1012.0,29.9,25.0,27.7,86,95,75,W,7,W,27,9.4,,7
10/20/2015,1009.9,31.5,24.5,27.8,88,97,86,W,9,SW,25,22.5,,7
10/21/2015,1010.1,29.6,23.7,26.1,94,100,80,W,7,W,27,113.4,,7
10/22/2015,1010.2,29.8,24.4,27.8,87,97,79,WSW,10,WSW,26,23.6,,7
10/23/2015,1010.7,29.3,25.0,27.5,86,93,81,WSW,10,WNW,27,2.0,,7
10/24/2015,1011.3,28.8,23.0,26.7,89,100,76,SW,10,SW,33,44.7,,7
10/25/2015,1010.4,31.2,25.3,28.9,83,96,79,SSW,9,S,23,3.0,,7
10/26/2015,1011.1,31.0,24.5,27.6,89,99,75,S,3,S,15,0.8,,7
10/27/2015,1011.1,30.2,24.3,27.8,84,97,68,WNW,4,W,31,4.7,,7
10/28/2015,1010.8,31.2,24.6,28.0,84,97,71,W,2,W,9,0.0,,6
10/29/2015,1010.2,31.4,25.0,28.2,83,98,72,NNW,3,NNW,13,0.0,,4
10/30/2015,1010.3,31.5,23.8,28.5,82,98,75,N,4,WNW,25,12.3,,4
10/31/2015,1011.0,30.9,24.4,27.4,87,99,73,NNW,3,NW,23,17.1,,6
11/1/2015,1011.5,30.4,24.4,27.4,85,97,75,VRB,3,NW,14,1.9,,6
11/2/2015,1011.5,31.2,25.1,27.4,89,99,72,S,3,SSW,18,6.2,,7
11/3/2015,1011.3,31.6,24.0,29.1,80,89,81,SE,4,SSE,22,2.9,,6
11/4/2015,1011.7,30.1,24.9,26.8,89,98,71,E,2,NNE,18,2.7,,7
11/5/2015,1011.1,31.5,23.0,28.6,81,100,76,E,2,ENE,17,41.7,,5
11/6/2015,1010.7,30.6,23.8,27.4,87,100,83,VRB,2,WSW,19,38.2,,6
11/7/2015,1011.6,29.8,23.9,26.4,89,96,75,WNW,10,WNW,31,14.6,,7
11/8/2015,1011.5,30.6,25.6,28.7,81,86,81,WNW,8,NW,25,0.6,,7
11/9/2015,1011.4,29.4,24.5,27.0,88,95,72,W,10,W,25,8.0,,7
11/10/2015,1010.0,31.3,24.2,28.6,82,92,77,W,8,W,25,6.3,,6
11/11/2015,1010.4,30.4,23.0,26.8,90,100,79,W,10,W,44,57.6,,7
11/12/2015,1012.1,27.5,22.8,26.5,87,98,74,WNW,8,WSW,27,13.8,,7
11/13/2015,1012.0,31.7,23.9,27.7,86,100,72,WNW,6,NNW,27,20.6,,7
11/14/2015,1010.2,30.7,26.5,28.4,84,99,74,W,6,W,19,0.3,,7
11/15/2015,1009.4,31.3,26.8,28.9,82,90,72,WSW,7,WSW,17,0.05,,6
11/16/2015,1009.6,31.3,27.0,29.0,80,94,71,SW,5,SW,12,0.0,,3
11/17/2015,1009.3,31.7,24.4,29.1,80,88,78,WSW,5,S,20,3.1,,5
11/18/2015,1010.0,30.9,25.2,27.9,86,95,73,WSW,8,S,22,1.3,,7
11/19/2015,1009.1,31.5,26.9,29.1,80,86,76,W,8,W,21,0.05,,6
11/20/2015,1008.8,31.3,25.9,28.7,84,90,75,NW,4,N,14,0.05,,6
11/21/2015,1008.0,31.3,27.0,29.0,82,89,75,N,4,N,13,2.5,,4
11/22/2015,1008.8,31.4,26.1,29.3,81,89,70,NE,2,NE,13,0.4,,5
11/23/2015,1010.0,30.8,24.9,27.9,87,98,74,S,2,ESE,13,0.0,,5
11/24/2015,1010.1,31.8,24.1,27.8,87,99,73,VRB,4,SSE,21,30.1,,5
11/25/2015,1010.4,30.4,25.7,28.2,84,93,75,SW,6,SSW,23,0.5,,5
11/26/2015,1010.4,31.2,23.4,27.9,84,98,81,WSW,7,SSW,25,57.5,,6
11/27/2015,1010.7,29.0,22.5,26.5,89,100,76,W,10,W,30,24.6,,7
11/28/2015,1011.2,30.7,25.0,28.8,84,89,75,WNW,8,NW,27,0.9,,6
11/29/2015,1012.3,31.4,24.5,28.1,84,97,75,W,5,W,23,4.7,,7
11/30/2015,1011.8,31.3,27.2,28.7,82,92,71,WNW,9,NW,20,0.0,,5
12/1/2015,1011.7,31.5,24.0,28.7,81,92,82,W,8,WNW,30,1.3,,6
12/2/2015,1011.5,31.3,25.6,29.0,82,91,72,W,8,WNW,21,1.1,,5
12/3/2015,1010.9,31.4,25.4,28.9,82,88,71,NW,10,NW,26,1.0,,6
12/4/2015,1009.9,31.6,25.4,29.4,81,90,70,WNW,12,WNW,24,0.8,,4
12/5/2015,1009.7,31.0,24.2,28.0,86,93,69,WNW,12,NW,35,8.4,,7
12/6/2015,1009.8,31.4,23.5,29.0,83,88,70,WNW,11,WNW,32,6.9,,6
12/7/2015,1010.5,31.1,23.3,28.7,84,92,68,NW,10,NW,31,10.5,,7
12/8/2015,1010.9,30.7,25.2,27.9,87,98,66,NW,11,NW,28,5.2,,7
12/9/2015,1011.3,31.6,26.9,28.8,86,95,69,W,6,W,14,0.2,,6
12/10/2015,1011.4,31.5,26.4,29.0,83,94,69,W,5,W,15,1.7,,3
12/11/2015,1010.5,31.3,26.5,28.9,81,86,69,W,5,W,12,0.0,,5
12/12/2015,1010.2,31.2,26.0,28.6,80,88,72,NW,4,NW,11,0.0,,2
12/13/2015,1010.9,31.0,24.6,28.0,83,96,72,NNW,3,NNW,10,0.0,,2
12/14/2015,1011.1,31.3,26.5,28.8,83,97,70,VRB,2,NNE,10,0.6,,4
12/15/2015,1011.4,31.5,25.9,28.8,83,94,70,N,2,N,14,0.0,,3
12/16/2015,1011.2,31.8,26.9,29.2,79,85,68,NNW,6,NNW,16,0.0,,2
12/17/2015,1011.5,31.6,26.0,29.0,80,90,72,W,4,NW,17,0.05,,3
12/18/2015,1012.0,31.0,25.5,28.6,81,91,73,NNW,5,W,21,0.05,,6
12/19/2015,1013.1,32.1,26.6,28.8,80,88,75,NW,6,NNW,15,0.0,,3
12/20/2015,1013.0,31.4,24.4,28.6,81,98,74,N,3,N,12,1.8,,4
12/21/2015,1012.6,31.0,25.6,28.4,81,98,72,NNE,3,NNE,9,0.0,,3
12/22/2015,1013.4,31.3,27.0,29.0,81,91,69,E,3,E,13,0.0,,5
12/23/2015,1013.4,32.0,22.6,28.4,84,100,65,E,4,W,22,15.4,,5
12/24/2015,1012.7,31.0,24.7,27.8,81,98,73,N,3,N,13,0.0,,6
12/25/2015,1011.6,30.8,27.2,29.1,76,80,73,NNE,6,NNE,16,0.0,,4
12/26/2015,1011.7,30.9,27.2,28.9,76,85,73,NNE,5,NNE,16,0.0,,2
12/27/2015,1012.2,32.0,27.5,29.3,79,87,78,E,4,NE,13,0.0,,2
12/28/2015,1012.9,32.4,26.7,29.7,81,89,84,E,3,E,10,0.05,,2
12/29/2015,1012.1,32.3,27.4,29.6,82,95,69,E,3,E,9,0.0,,5
12/30/2015,1011.0,32.1,26.5,29.3,81,92,74,E,2,E,9,0.0,,2
12/31/2015,1011.6,32.0,26.4,28.9,84,91,74,E,4,E,19,5.8,,5
1/1/2016,1012.9,32.0,24.2,28.90833333,83,97,77,E,6,E,22,14.3,,5
1/2/2016,1013.6,30.8,26.5,28.54166667,84,93,78,NNE,5,NNE,17,1.6,,7
1/3/2016,1012.4,31.0,27.5,29.1125,84,88,76,NE,5,NNE,17,0.8,,5
1/4/2016,1012.8,31.7,25.7,29.42916667,82,89,81,ENE,5,ENE,18,4.2,,6
1/5/2016,1012.1,30.0,24.7,27.52083333,90,97,74,E,4,E,22,21.1,,6
1/6/2016,1011.7,31.5,25.5,29.0,83,92,72,E,4,E,21,1.9,,6
1/7/2016,1013.1,31.8,24.6,28.34583333,85,98,76,E,2,SE,13,2.7,,6
1/8/2016,1012.8,31.0,26.0,28.19583333,85,94,76,E,4,E,16,4.4,,6
1/9/2016,1011.9,31.4,24.3,27.36666667,90,99,79,E,3,E,17,50.0,,6
1/10/2016,1012.1,30.6,24.6,27.82916667,88,98,77,E,4,SSE,16,18.6,,7
1/11/2016,1012.1,32.0,24.0,28.00416667,88,98,79,E,6,WSW,23,31.5,,7
1/12/2016,1012.4,29.0,23.8,25.90416667,89,98,75,N,2,N,17,0.5,,7
1/13/2016,1011.4,30.6,27.0,28.22083333,83,97,77,NNE,3,ENE,13,0.0,,6
1/14/2016,1010.9,31.3,25.0,28.69583333,82,93,72,NE,4,N,18,10.5,,6
1/15/2016,1010.6,31.4,27.2,29.02083333,78,84,72,NE,4,NE,15,0.05,,6
1/16/2016,1010.8,30.8,26.9,28.67916667,77,82,70,NNE,5,NE,15,0.0,,2
1/17/2016,1010.1,31.0,26.6,28.74583333,77,87,69,NNE,4,NNE,12,0.0,,3
1/18/2016,1010.0,31.2,27.2,28.94166667,76,82,72,NE,3,NE,10,0.0,,3
1/19/2016,1009.8,31.6,27.1,29.15,78,82,72,NE,3,NE,10,0.0,,4
1/20/2016,1010.7,31.8,26.6,29.05833333,79,90,72,NNE,3,NE,11,0.0,,4
1/21/2016,1011.1,31.2,27.6,29.05416667,80,88,77,NNE,5,NNE,14,0.0,,6
1/22/2016,1011.5,31.4,27.6,29.22916667,81,87,73,NE,4,ENE,15,0.0,,6
1/23/2016,1011.6,31.8,27.5,29.43333333,80,87,77,E,5,ENE,14,0.0,,4
1/24/2016,1012.0,31.8,27.2,29.45,84,94,76,ENE,3,NE,11,0.05,,3
1/25/2016,1011.5,32.2,25.3,29.3125,84,98,81,E,3,E,15,3.9,,5
1/26/2016,1012.3,30.8,23.9,26.7,91,98,74,NW,5,WNW,16,21.3,,7
1/27/2016,1012.1,31.5,26.9,28.45833333,83,89,74,NE,3,NNE,14,0.05,,7
1/28/2016,1012.2,31.8,27.5,29.35,80,85,70,ENE,4,ENE,17,0.0,,6
1/29/2016,1012.3,31.0,27.4,29.20416667,76,83,65,NNE,6,NNE,17,0.0,,3
1/30/2016,1011.8,30.8,27.4,29.13333333,72,77,70,NNE,7,NNE,20,0.0,,5
1/31/2016,1011.1,31.3,27.1,29.02083333,76,82,71,NE,4,NE,16,0.0,,3
2/1/2016,1011.4,32.0,27.1,29.40833333,79,85,77,ENE,3,ENE,11,0.05,,3
2/2/2016,1012.0,31.2,25.0,27.90833333,85,91,73,NNE,4,WSW,19,2.2,,6
2/3/2016,1011.2,31.0,27.5,28.9,79,84,65,NNE,6,NNE,19,0.05,,6
2/4/2016,1011.8,30.9,26.7,28.8,70,79,59,NNE,7,NNE,20,0.0,,6
2/5/2016,1011.3,30.4,26.0,28.60833333,68,79,66,NNE,5,N,17,0.0,,4
2/6/2016,1011.3,31.2,25.6,28.525,75,89,70,N,2,NNE,9,0.0,,4
2/7/2016,1011.6,31.1,27.5,29.0,77,84,69,N,5,N,14,0.0,,5
2/8/2016,1011.6,32.0,27.4,29.35416667,76,83,71,NNE,4,N,11,0.0,,6
2/9/2016,1011.6,31.7,27.2,29.30833333,78,85,70,NNE,3,NNE,10,0.0,,6
2/10/2016,1011.5,31.6,27.5,29.28333333,78,85,72,NNE,4,NNE,11,0.0,,6
2/11/2016,1011.0,31.7,27.6,29.39166667,78,85,72,NNE,5,NNE,16,0.0,,3
2/12/2016,1011.0,31.6,27.2,29.31666667,78,85,67,N,6,NNE,17,0.0,,2
2/13/2016,1011.0,32.0,27.2,29.25833333,76,83,72,N,4,N,14,0.0,,3
2/14/2016,1011.2,31.7,27.6,29.26666667,79,85,69,N,5,NNE,14,0.0,,5
2/15/2016,1011.6,31.6,25.0,29.42083333,77,95,73,NNE,6,N,21,9.7,,2
2/16/2016,1011.1,31.4,27.6,29.22083333,79,88,73,N,6,NNE,16,0.0,,2
2/17/2016,1010.2,31.4,24.6,29.41666667,79,86,81,NNE,7,NNE,19,2.4,,6
2/18/2016,1011.2,30.5,25.1,27.9625,87,94,84,NNE,5,N,25,5.6,,7
2/19/2016,1011.8,28.5,24.1,27.20416667,90,98,75,S,4,E,17,36.4,,6
2/20/2016,1012.3,31.3,24.5,27.16666667,91,99,76,S,4,SSW,16,25.7,,6
2/21/2016,1012.5,31.2,24.6,28.08333333,87,98,70,VRB,1,NNE,9,0.0,,5
2/22/2016,1012.9,31.9,25.6,28.78333333,82,98,70,E,2,NNE,13,2.4,,3
2/23/2016,1011.8,31.9,26.4,29.56666667,77,85,64,SSE,3,S,12,0.0,,3
2/24/2016,1011.0,32.7,26.0,29.12916667,80,95,80,VRB,1,SE,9,0.0,,3
2/25/2016,1011.6,31.5,26.8,28.66666667,84,88,73,N,4,NNW,17,0.05,,5
2/26/2016,1012.1,32.0,25.2,28.75833333,83,93,71,ENE,4,NNE,20,3.4,,5
2/27/2016,1012.6,31.9,26.6,28.85541667,82,90,73,E,5,E,22,1.1,,7
2/28/2016,1013.9,31.8,25.5,28.91666667,83,91,72,E,2,ENE,13,0.2,,6
2/29/2016,1013.0,32.1,25.5,29.19583333,82,95,75,ENE,2,NNE,19,3.4,,4
3/1/2016,1011.5,31.9,26.8,29.30833333,84,95,73,E,5,NE,17,2.4,,4
3/2/2016,1011.4,32.4,23.8,29.025,83,100,80,E,4,E,23,58.7,,5
3/3/2016,1012.4,31.5,26.4,27.91666667,86,93,72,ENE,5,E,16,0.7,,7
3/4/2016,1011.4,31.9,25.6,28.825,85,95,77,VRB,2,NE,14,18.3,,6
3/5/2016,1010.7,31.9,26.6,29.25,84,98,75,NNE,3,NNE,12,0.05,,6
3/6/2016,1009.9,31.6,27.9,29.73333333,80,87,73,NNE,3,NNE,11,0.0,,3
3/7/2016,1010.1,31.8,27.4,29.6125,80,87,72,NNE,4,NNE,12,0.0,,3
3/8/2016,1010.2,31.6,26.4,29.23333333,81,91,72,N,3,N,11,0.0,,5
3/9/2016,1010.3,32.2,27.0,29.65833333,79,93,71,NNE,2,NNE,11,0.0,,3
3/10/2016,1011.0,32.6,28.1,30.4125,79,90,74,E,4,ESE,13,0.0,,4
3/11/2016,1011.9,32.8,23.4,28.83333333,86,97,77,E,3,E,16,59.5,,6
3/12/2016,1012.4,29.3,22.8,27.33333333,86,100,72,VRB,2,SSW,20,3.5,,7
3/13/2016,1012.1,31.4,25.5,28.74166667,83,99,72,NNW,3,NNW,11,0.2,,5
3/14/2016,1011.9,32.0,25.7,29.025,83,96,69,VRB,2,NE,9,0.0,,3
3/15/2016,1011.9,32.0,25.9,29.38333333,81,96,70,W,4,WSW,15,0.0,,4
3/16/2016,1011.2,32.0,25.5,28.91666667,81,93,72,VRB,1,NNW,10,0.0,,3
3/17/2016,1010.8,32.0,28.0,29.65416667,81,94,73,N,4,NNW,11,0.05,,3
3/18/2016,1010.7,32.6,27.9,30.0,80,89,70,N,4,NNE,14,0.05,,5
3/19/2016,1012.0,31.8,25.0,29.025,81,95,72,N,3,NNW,14,0.0,,6
3/20/2016,1011.6,31.9,24.9,29.10416667,81,94,69,N,3,NNE,13,0.0,,3
3/21/2016,1011.4,31.8,25.4,28.75416667,80,93,69,NW,2,NNW,11,0.0,,4
3/22/2016,1010.6,31.9,25.6,29.10833333,75,89,64,W,4,W,11,0.0,,2
3/23/2016,1010.9,31.6,24.8,28.73333333,75,86,66,WSW,3,WSW,12,0.0,,2
3/24/2016,1012.1,31.7,26.6,29.0,76,89,68,WNW,2,NW,11,0.0,,3
3/25/2016,1012.6,32.1,27.4,29.72916667,75,87,66,N,4,NNW,12,0.0,,2
3/26/2016,1012.6,31.7,23.6,28.82083333,75,92,63,N,3,N,12,0.0,,2
3/27/2016,1012.3,31.7,23.2,28.1625,76,92,63,VRB,2,N,10,0.0,,2
3/28/2016,1011.9,32.0,24.9,28.25833333,78,95,66,VRB,1,NNW,8,0.05,,2
3/29/2016,1011.8,32.6,25.6,29.15833333,80,95,70,VRB,1,NE,8,0.0,,2
3/30/2016,1012.1,32.6,28.0,29.65416667,79,94,68,SE,3,S,13,0.0,,3
3/31/2016,1010.8,33.0,28.6,30.49166667,74,79,69,ESE,3,ESE,12,0.0,,2
4/1/2016,1009.8,32.6,28.4,30.20416667,74,80,69,SE,2,SE,10,0.0,,2
4/2/2016,1010.7,32.7,25.2,29.89583333,77,91,66,SE,2,N,21,1.0,,3
4/3/2016,1011.6,32.5,25.6,28.82083333,83,96,69,VRB,1,N,13,0.7,,3
4/4/2016,1011.1,32.8,27.0,30.07083333,78,95,71,W,4,WSW,21,0.05,,5
4/5/2016,1011.2,32.4,23.8,28.525,84,100,74,WSW,5,W,26,40.7,,7
4/6/2016,1010.7,32.0,25.4,29.05833333,86,100,73,W,5,NW,26,28.1,,6
4/7/2016,1010.4,32.2,24.4,28.50833333,87,100,70,VRB,1,ENE,14,0.0,,6
4/8/2016,1009.8,32.5,28.0,29.55,80,99,73,SSW,3,S,13,0.0,,3
4/9/2016,1011.0,32.8,25.8,29.49583333,81,98,71,WSW,5,N,20,1.9,,6
4/10/2016,1011.7,32.3,27.5,29.69166667,79,88,71,WNW,6,NW,21,0.9,,7
4/11/2016,1011.3,32.6,27.3,30.24166667,79,93,73,NW,5,W,23,3.0,,5
4/12/2016,1010.6,32.4,28.2,29.9,81,89,71,W,7,WNW,20,0.05,,6
4/13/2016,1008.4,32.6,27.0,30.35416667,79,85,77,W,5,WNW,18,0.0,,3
4/14/2016,1008.8,32.0,28.0,29.92916667,81,86,75,WSW,4,SW,12,0.0,,4
4/15/2016,1009.7,32.6,26.2,30.14583333,81,95,73,SW,7,W,22,2.4,,5
4/16/2016,1009.8,32.6,23.4,27.56666667,90,100,80,SW,8,N,25,124.4,,7
4/17/2016,1009.4,29.5,24.1,27.8,86,100,77,W,7,W,24,35.0,,7
4/18/2016,1009.2,31.0,27.0,29.0,82,97,74,W,7,WNW,17,0.0,,6
4/19/2016,1009.4,32.1,25.0,29.74583333,80,95,75,WNW,5,NNW,18,17.6,,5
4/20/2016,1011.1,31.5,25.2,28.25833333,87,98,77,NW,8,NW,24,11.1,,7
4/21/2016,1011.2,30.5,26.6,28.54583333,83,95,71,WNW,11,WNW,29,3.2,,7
4/22/2016,1010.9,32.2,25.0,29.22083333,81,92,73,W,9,NNW,30,1.5,,6
4/23/2016,1009.4,31.8,28.5,29.47916667,79,90,73,WNW,8,WNW,23,0.0,,7
4/24/2016,1008.3,32.4,28.4,30.2,77,82,72,W,7,WNW,20,0.0,,3
4/25/2016,1008.8,32.6,28.4,30.39583333,78,85,74,W,8,W,17,0.0,,3
4/26/2016,1009.6,32.3,26.5,29.7125,81,90,73,WNW,6,WNW,16,0.0,,4
4/27/2016,1008.9,32.4,25.2,29.1375,85,98,72,WNW,4,N,20,8.3,,4
4/28/2016,1008.6,32.4,26.0,29.44583333,83,99,74,WNW,2,W,11,15.6,,3
4/29/2016,1009.1,32.2,25.6,28.89583333,88,97,71,VRB,1,WSW,10,0.0,,4
4/30/2016,1009.5,32.2,25.7,29.075,84,98,72,SW,3,SW,16,0.7,,4
5/1/2016,1009.2,32.0,25.7,29.02916667,84,98,69,VRB,1,S,11,0.5,,3
5/2/2016,1009.5,32.4,26.1,29.3625,82,98,75,VRB,2,SSW,9,0.05,,3
5/3/2016,1009.4,32.8,26.8,29.20416667,84,96,81,SW,3,SSW,14,0.05,,6
5/4/2016,1009.5,31.4,25.6,28.30833333,87,97,77,W,6,W,23,6.9,,7
5/5/2016,1010.0,31.5,25.2,28.35833333,86,96,76,W,7,WNW,25,10.5,,7
5/6/2016,1009.6,31.6,28.3,29.55,81,93,72,W,7,WNW,16,0.0,,3
5/7/2016,1009.6,31.5,26.3,29.04583333,83,97,75,W,9,W,23,1.3,,6
5/8/2016,1009.9,31.4,25.7,29.43333333,82,98,76,W,13,WNW,32,3.9,,6
5/9/2016,1009.8,32.1,25.0,28.2625,88,98,73,WNW,9,WSW,29,28.1,,7
5/10/2016,1009.2,31.4,27.1,29.09166667,83,95,79,W,11,W,27,0.7,,7
5/11/2016,1011.9,31.2,23.6,27.87916667,88,100,77,W,6,WSW,23,43.9,,7
5/12/2016,1008.8,31.4,23.8,28.0375,87,100,70,W,10,NW,31,25.8,,7
5/13/2016,1009.3,31.5,24.9,29.2,80,88,74,W,11,WNW,39,0.05,,7
5/14/2016,1010.3,32.4,28.7,30.12916667,81,86,79,W,9,W,21,0.0,,7
5/15/2016,1009.5,31.6,25.8,29.69583333,84,97,83,W,11,W,34,10.4,,7
5/16/2016,1008.5,31.5,23.5,28.275,88,97,77,W,11,W,43,57.7,,7
5/17/2016,1007.9,30.9,24.6,27.89583333,89,100,77,WSW,11,W,39,41.1,,7
5/18/2016,1009.3,29.8,23.1,26.87083333,90,100,73,W,11,WSW,38,57.8,,7
5/19/2016,1009.5,30.8,28.2,29.40833333,79,86,76,W,12,W,28,0.05,,7
5/20/2016,1009.3,32.1,28.5,30.01666667,80,86,78,WNW,9,WNW,21,0.05,,6
5/21/2016,1010.5,32.0,28.1,30.0625,82,88,78,WNW,9,WNW,21,0.0,,6
5/22/2016,1011.9,32.2,28.3,29.825,83,87,75,WNW,7,W,19,0.0,,6
5/23/2016,1012.5,32.0,28.4,29.96875,81,86,75,W,7,W,15,0.0,,6
5/24/2016,1012.0,32.0,28.1,29.8,81,86,75,W,7,W,16,0.0,,5
5/25/2016,1010.9,32.0,26.9,29.72916667,81,86,72,W,7,W,19,0.6,,4
5/26/2016,1011.0,32.0,27.9,29.7875,80,89,76,W,6,W,15,0.0,,6
5/27/2016,1012.1,32.6,28.4,29.86666667,80,85,71,WSW,7,W,14,2.0,,4
5/28/2016,1011.9,31.7,27.4,29.67083333,76,80,69,WSW,6,WSW,15,0.0,,4
5/29/2016,1010.9,32.0,27.3,29.4625,75,82,71,W,5,W,12,0.0,,4
5/30/2016,1010.6,32.0,27.5,29.72916667,77,85,68,W,6,W,19,0.05,,3
5/31/2016,1011.6,31.8,27.7,29.85416667,74,83,70,WNW,7,WNW,18,0.0,,2
6/1/2016,1011.7,32.0,27.5,29.57916667,78,92,73,W,5,W,14,1.8,,2
6/2/2016,1010.9,32.1,28.4,29.97916667,77,83,72,WNW,7,W,15,0.05,,4
6/3/2016,1010.5,32.1,28.0,30.0125,77,85,70,W,7,WNW,15,0.0,,3
6/4/2016,1010.3,32.5,28.0,30.02916667,76,82,66,W,6,W,14,0.0,,3
6/5/2016,1010.7,32.3,27.3,29.675,74,81,69,W,6,W,15,0.0,,3
6/6/2016,1010.8,31.6,28.4,29.5625,75,82,71,W,5,W,12,0.0,,1
6/7/2016,1011.4,32.1,27.3,29.84583333,79,91,69,W,7,W,23,0.05,,3
6/8/2016,1011.4,32.5,26.4,29.84166667,78,92,70,W,5,WNW,19,0.05,,5
6/9/2016,1011.8,32.5,28.0,30.15416667,75,79,70,W,7,W,15,0.0,,4
6/10/2016,1012.4,32.4,26.4,29.77083333,76,85,68,W,6,W,20,0.0,,5
6/11/2016,1012.6,32.4,27.8,29.82083333,74,80,66,W,5,W,14,0.0,,3
6/12/2016,1012.7,31.8,27.8,29.63333333,74,81,70,WSW,6,WSW,13,0.0,,4
6/13/2016,1012.7,32.3,26.9,29.70833333,76,87,74,W,6,W,18,0.1,,6
6/14/2016,1012.4,32.0,24.1,28.30833333,83,97,74,W,7,W,25,15.1,,7
6/15/2016,1011.3,30.5,24.6,28.9125,79,90,75,W,7,WNW,25,0.7,,7
6/16/2016,1010.0,31.6,27.5,29.0,80,92,72,WSW,6,SSW,19,0.0,,6
6/17/2016,1009.7,31.9,27.6,29.2875,78,85,69,WSW,5,SW,13,0.05,,6
6/18/2016,1010.0,31.6,26.6,29.31666667,78,85,71,W,6,W,17,1.6,,6
6/19/2016,1010.2,32.0,22.9,28.3625,83,100,76,W,6,W,36,28.2,,7
6/20/2016,1009.4,31.4,25.0,28.4875,82,91,75,WSW,6,W,28,5.3,,7
6/21/2016,1009.1,31.4,24.8,28.45416667,83,98,75,SSW,5,SSW,17,16.1,,7
6/22/2016,1010.1,30.5,25.5,28.45833333,83,97,78,WSW,4,WSW,17,0.05,,6
6/23/2016,1010.5,30.6,24.8,27.89166667,85,96,75,WSW,4,NW,26,10.9,,6
6/24/2016,1009.6,31.3,25.2,28.32083333,84,93,74,WSW,4,WNW,19,3.0,,7
6/25/2016,1010.3,31.0,22.1,27.79583333,86,100,74,W,6,N,29,29.3,,7
6/26/2016,1010.5,31.0,26.0,28.4625,83,94,70,W,3,W,11,0.0,,7
6/27/2016,1009.9,31.6,24.6,28.8875,79,87,70,W,3,W,11,0.0,,7
6/28/2016,1010.1,31.0,24.4,28.26666667,80,93,72,SW,2,SW,9,0.0,,6
6/29/2016,1010.2,31.2,24.4,27.825,84,97,68,VRB,1,S,9,0.0,,6
6/30/2016,1009.8,31.3,24.8,27.74166667,83,97,72,VRB,1,WSW,9,0.0,,6
7/1/2016,1009.3,31.5,26.4,28.77916667,81,97,74,W,2,SW,17,0.05,,5
7/2/2016,1009.3,31.3,26.6,28.65,85,94,72,SW,3,WSW,17,0.8,,6
7/3/2016,1009.1,31.8,24.2,29.0875,83,100,75,SSE,4,WNW,35,55.5,,7
7/4/2016,1009.9,30.6,24.8,27.80833333,85,98,71,W,6,NW,33,4.6,,6
7/5/2016,1010.4,30.6,24.5,27.75,83,97,71,W,5,WSW,25,0.6,,5
7/6/2016,1009.7,31.5,25.1,28.95833333,80,97,74,NW,4,NW,13,0.05,,4
7/7/2016,1010.7,30.8,24.8,27.73333333,86,98,74,VRB,4,WSW,24,9.2,,6
7/8/2016,1011.2,31.6,25.2,28.6625,81,88,78,W,5,WSW,25,1.2,,6
7/9/2016,1011.1,30.5,25.0,28.90416667,82,89,75,W,7,W,21,1.7,,7
7/10/2016,1010.4,31.0,27.6,29.14166667,80,85,70,SW,7,SW,17,0.2,,7
7/11/2016,1009.9,31.4,26.8,29.35416667,75,87,74,WSW,9,WSW,21,1.5,,6
7/12/2016,1010.1,31.0,25.4,28.875,78,85,68,W,9,W,23,2.1,,7
7/13/2016,1009.7,31.6,27.7,29.3375,74,80,70,W,11,WNW,22,0.0,,6
7/14/2016,1008.8,31.5,26.2,29.08333333,76,82,71,WNW,10,NW,21,1.0,,7
7/15/2016,1009.2,31.4,24.2,28.76666667,79,95,73,NW,12,NW,30,8.7,,7
7/16/2016,1010.7,31.5,23.8,28.50416667,82,97,72,NNW,6,NNW,22,5.8,,7
7/17/2016,1012.2,31.0,27.0,28.6875,79,90,68,NE,2,NE,8,0.0,,6
7/18/2016,1012.1,31.8,24.0,28.65833333,78,96,70,VRB,1,E,8,0.0,,6
7/19/2016,1011.5,30.8,24.2,27.1625,85,97,71,VRB,0,ESE,10,0.5,,6
7/20/2016,1011.3,30.5,25.2,27.65,82,94,78,NW,6,NW,19,3.4,,7
7/21/2016,1010.9,29.6,23.4,26.775,88,95,86,WNW,7,W,32,34.0,,7
7/22/2016,1011.0,28.5,23.3,25.99583333,92,98,74,W,6,WSW,24,24.3,,7
7/23/2016,1010.1,30.7,23.6,27.64583333,83,98,70,SW,4,WSW,12,0.8,,6
7/24/2016,1009.5,30.9,23.1,27.15416667,84,98,68,SSW,2,SW,9,0.0,,6
7/25/2016,1009.5,30.5,24.5,27.84583333,79,98,64,SSE,2,S,9,0.0,,6
7/26/2016,1009.6,31.5,23.8,27.90416667,76,90,69,S,4,WNW,26,1.7,,5
7/27/2016,1009.7,30.9,23.5,27.9625,79,95,72,S,2,N,17,9.1,,4
7/28/2016,1010.5,30.9,22.4,26.70416667,87,100,71,NW,6,WNW,31,17.2,,6
7/29/2016,1010.7,30.5,25.2,27.125,84,92,79,NW,6,WNW,22,0.5,,7
7/30/2016,1011.4,28.4,24.4,26.52916667,89,97,70,VRB,2,N,10,0.05,,7
7/31/2016,1011.9,30.9,24.0,27.40416667,84,97,71,VRB,1,SSW,11,0.0,,7
8/1/2016,1011.3,31.1,27.1,28.37916667,79,97,63,W,4,WNW,14,0.0,,6
8/2/2016,1010.0,31.1,25.4,28.85833333,73,81,75,WSW,6,WSW,16,2.9,,7
8/3/2016,1009.0,31.0,24.0,28.12916667,82,94,76,SSW,6,SSW,26,9.6,,6
8/4/2016,1009.2,30.3,24.6,27.54166667,86,97,81,SSW,3,SSW,18,8.6,,6
8/5/2016,1010.1,29.5,23.6,27.10416667,90,97,78,WNW,3,WNW,15,67.6,,6
8/6/2016,1010.5,30.5,24.0,27.3375,88,97,77,WSW,3,SE,12,7.4,,7
8/7/2016,1011.4,30.6,26.8,28.375,83,95,73,W,4,WNW,12,0.0,,6
8/8/2016,1012.0,31.3,25.4,28.7375,81,93,75,W,4,W,11,0.0,,6
8/9/2016,1012.0,31.4,26.3,28.38333333,84,92,74,WSW,3,WSW,14,0.2,,6
8/10/2016,1012.4,31.4,22.5,28.025,82,99,75,SW,4,W,27,17.4,,6
8/11/2016,1013.0,31.3,26.5,28.49166667,82,92,71,S,6,S,14,0.0,,5
8/12/2016,1013.1,31.2,26.6,28.75833333,79,87,69,S,4,S,11,0.0,,6
8/13/2016,1012.6,30.7,25.0,28.20833333,82,97,75,S,4,SW,14,1.4,,6
8/14/2016,1012.4,31.0,26.8,28.64583333,80,89,73,SSW,6,S,16,0.0,,6
8/15/2016,1012.0,30.8,24.5,28.12458333,82,97,79,S,4,S,11,0.0,,6
8/16/2016,1011.5,30.2,23.0,26.7375,90,100,82,SW,6,WNW,27,53.3,,7
8/17/2016,1010.3,29.6,21.4,26.75833333,89,98,64,S,5,NNW,26,25.9,,7
8/18/2016,1010.1,30.4,23.2,26.50416667,86,100,77,WNW,2,NW,28,6.2,,7
8/19/2016,1010.2,30.0,26.0,27.57083333,85,97,75,SSW,4,S,15,1.7,,7
8/20/2016,1009.9,30.5,23.5,28.01666667,83,90,85,SSW,4,NNE,18,30.9,,7
8/21/2016,1011.1,28.8,22.6,25.93333333,90,100,74,NW,6,WNW,27,13.0,,7
8/22/2016,1011.7,31.0,23.6,27.7625,84,96,76,SW,6,WNW,27,2.6,,7
8/23/2016,1011.1,31.1,27.0,28.78875,78,87,72,W,7,WSW,15,0.0,,7
8/24/2016,1011.1,31.0,26.6,28.70833333,78,86,72,W,5,WNW,15,0.0,,6
8/25/2016,1011.1,31.5,26.8,28.58333333,77,85,72,WSW,4,WSW,12,0.0,,6
8/26/2016,1011.4,30.9,26.8,28.8,77,86,71,SW,7,SSW,19,0.0,,4
8/27/2016,1011.4,30.5,22.5,27.475,82,100,80,SSW,9,NW,24,93.8,,7
8/28/2016,1012.2,28.4,23.0,25.2625,92,100,75,W,10,NW,34,48.1,,7
8/29/2016,1011.6,28.9,22.0,25.90416667,88,100,81,WSW,8,NW,39,21.7,,7
8/30/2016,1010.8,28.0,23.2,25.85416667,91,100,89,S,6,SW,23,81.8,,7
8/31/2016,1012.0,27.5,22.6,25.00416667,95,100,80,SSW,5,NNW,25,43.6,,7
9/1/2016,1013.1,26.1,23.0,25.12083333,91,100,76,W,6,W,27,48.2,,7
9/2/2016,1012.4,29.7,25.4,27.28333333,82,97,71,WNW,5,NW,23,0.3,,7
9/3/2016,1012.6,30.6,24.5,27.925,80,96,69,WNW,3,NW,12,0.0,,6
9/4/2016,1013.6,30.8,24.4,27.67916667,81,92,84,W,3,SW,16,0.4,,6
9/5/2016,1014.4,28.8,24.2,25.99583333,90,98,79,W,4,WNW,18,24.7,,7
9/6/2016,1014.0,29.6,25.6,27.19166667,85,92,74,NW,6,NW,19,0.7,,7
9/7/2016,1012.8,29.7,23.9,26.7375,86,98,67,S,4,WNW,15,0.05,,7
9/8/2016,1012.2,30.4,25.0,27.44166667,84,97,72,VRB,2,WNW,11,0.05,,6
9/9/2016,1013.1,30.2,24.8,27.5375,83,93,75,SW,3,E,10,0.05,,7
9/10/2016,1013.0,30.8,23.0,27.53333333,83,98,75,WNW,5,WNW,31,18.5,,6
9/11/2016,1011.6,30.5,25.2,27.92916667,81,91,72,W,6,NW,23,1.1,,6
9/12/2016,1011.0,30.7,26.4,28.55,78,83,70,W,5,WNW,12,0.7,,5
9/13/2016,1011.1,31.4,27.0,28.97916667,76,81,74,WNW,8,WNW,16,0.05,,4
9/14/2016,1011.3,31.0,27.2,28.65833333,81,87,72,WNW,7,NW,17,0.05,,6
9/15/2016,1011.2,31.4,26.5,28.65416667,80,86,71,W,5,W,20,2.1,,6
9/16/2016,1011.2,30.8,26.9,28.5625,79,87,71,SW,6,SSW,14,0.0,,4
9/17/2016,1011.1,30.8,27.2,28.62916667,75,82,73,WSW,8,SW,19,0.0,,6
9/18/2016,1011.9,31.4,27.5,28.91666667,77,83,71,W,8,WNW,19,0.05,,7
9/19/2016,1012.0,31.2,27.2,28.85,76,82,72,WNW,8,WNW,20,0.0,,6
9/20/2016,1011.6,31.0,26.3,28.75416667,78,86,68,WNW,7,WNW,17,2.1,,5
9/21/2016,1012.1,31.6,27.2,28.98333333,77,83,70,WNW,7,WNW,17,0.05,,5
9/22/2016,1011.8,31.7,27.0,29.0875,76,83,68,NW,9,NW,18,0.05,,6
9/23/2016,1010.6,31.6,27.3,29.1375,74,80,66,NW,9,NW,16,0.0,,5
9/24/2016,1009.9,32.1,26.3,29.0125,75,86,68,NW,9,NW,19,0.7,,5
9/25/2016,1010.2,31.8,26.6,28.99166667,79,90,71,NW,9,NNW,25,0.4,,5
9/26/2016,1011.2,31.4,26.0,28.95833333,79,85,73,NW,9,NNW,19,0.3,,6
9/27/2016,1011.6,31.4,26.8,28.9125,79,86,71,NW,8,NNW,17,0.0,,3
9/28/2016,1011.4,31.5,26.8,28.84583333,79,86,72,NW,8,NW,17,0.0,,6
9/29/2016,1011.2,31.4,26.9,28.94583333,78,84,69,W,7,WNW,17,0.0,,5
9/30/2016,1010.4,31.4,25.7,28.7875,76,82,70,WNW,7,WNW,17,0.0,,6
10/1/2016,1010.8,31.0,23.4,27.64166667,82,98,70,W,2,W,10,0.0,,7
10/2/2016,1011.1,31.5,24.5,27.6375,83,98,66,VRB,1,SW,11,0.05,,6
10/3/2016,1011.1,31.2,26.2,28.35833333,76,92,71,W,4,WSW,21,0.0,,6
10/4/2016,1011.6,31.4,27.0,28.86666667,75,82,72,W,7,W,15,0.0,,7
10/5/2016,1011.5,30.9,26.5,28.6125,76,83,69,WNW,6,WNW,13,0.0,,7
10/6/2016,1011.8,31.4,24.7,28.07083333,80,97,71,NW,4,WSW,12,3.2,,5
10/7/2016,1012.6,30.4,23.2,26.78333333,85,98,67,S,5,W,19,23.0,,6
10/8/2016,1012.7,30.7,25.5,27.76666667,79,98,74,SSW,5,S,16,0.05,,6
10/9/2016,1013.0,29.7,24.1,27.16666667,84,93,68,S,3,W,15,1.2,,6
10/10/2016,1012.3,31.3,25.8,28.00833333,80,94,69,VRB,2,W,10,0.0,,6
10/11/2016,1012.1,31.0,25.5,28.85416667,76,83,74,W,6,W,14,4.1,,3
10/12/2016,1011.4,30.8,24.8,28.52916667,79,89,71,W,9,W,24,8.3,,4
10/13/2016,1011.2,31.4,27.2,28.90833333,77,85,72,W,11,WNW,24,0.1,,7
10/14/2016,1011.2,31.4,22.6,27.70416667,82,96,79,W,8,WSW,34,21.6,,6
10/15/2016,1011.6,29.0,23.8,26.89583333,86,99,80,W,7,WSW,21,6.2,,7
10/16/2016,1011.6,29.1,23.4,26.54166667,88,98,72,W,10,WNW,32,45.1,,7
10/17/2016,1011.2,30.8,26.8,28.6,78,84,71,W,11,W,25,0.0,,6
10/18/2016,1010.9,30.6,23.0,28.32916667,78,91,80,SW,8,SW,31,0.9,,6
10/19/2016,1010.8,29.1,23.2,25.80833333,89,100,81,W,10,W,38,67.6,,7
10/20/2016,1010.8,27.6,22.6,25.92916667,87,98,81,W,8,W,36,50.1,,7
10/21/2016,1011.4,28.9,24.0,26.41666667,88,98,74,SW,3,W,26,4.9,,7
10/22/2016,1011.8,30.3,24.7,28.04166667,80,95,73,SSW,4,SSW,12,0.0,,6
10/23/2016,1012.3,30.4,25.6,28.0125,80,92,67,S,5,NW,14,0.0,,6
10/24/2016,1011.5,30.7,26.5,28.30833333,76,89,75,SW,5,SSW,13,0.05,,6
10/25/2016,1010.8,30.1,22.9,26.0875,89,100,74,SW,4,W,27,46.9,,7
10/26/2016,1010.8,30.8,26.6,28.14166667,79,94,66,SW,6,SSW,15,0.05,,4
10/27/2016,1011.4,31.0,27.2,28.80416667,74,79,71,SW,7,SW,16,0.0,,4
10/28/2016,1011.9,31.1,26.5,28.82916667,75,81,71,SW,7,SW,18,0.05,,6
10/29/2016,1011.4,31.2,24.7,28.725,78,90,70,WSW,7,SW,21,2.2,,4
10/30/2016,1012.0,31.0,25.6,28.13333333,80,90,69,W,7,W,25,0.05,,5
10/31/2016,1012.5,31.2,26.7,28.72916667,77,86,68,WSW,5,WSW,13,0.0,,4
11/1/2016,1012.0,31.4,26.2,28.89166667,77,87,70,W,5,SW,16,0.05,,5
11/2/2016,1011.1,31.2,25.0,28.40416667,81,93,73,W,6,W,22,3.7,,5
11/3/2016,1011.9,30.7,25.0,27.775,82,95,76,WSW,8,WSW,24,28.5,,7
11/4/2016,1011.5,30.3,23.4,27.97083333,83,95,80,W,13,W,39,24.8,,7
11/5/2016,1012.3,28.6,23.2,26.1125,89,97,76,W,16,W,42,21.4,,7
11/6/2016,1012.9,28.7,23.5,26.8125,85,97,71,W,13,W,36,19.8,,7
11/7/2016,1011.9,30.8,22.7,28.07916667,80,92,73,WNW,11,NW,29,1.5,,6
11/8/2016,1012.2,29.9,24.2,27.4375,81,95,67,WNW,9,NW,27,0.4,,6
11/9/2016,1012.2,30.3,25.1,27.70833333,78,92,73,NW,8,WNW,29,0.0,,4
11/10/2016,1011.1,30.2,25.2,27.87916667,81,94,72,NNW,3,NNW,11,0.0,,5
11/11/2016,1010.7,30.4,25.4,27.92083333,80,94,69,NNE,3,NNE,10,0.0,,5
11/12/2016,1011.4,30.6,22.7,27.14583333,82,96,67,VRB,1,NNW,8,0.0,,5
11/13/2016,1012.1,30.9,23.6,26.88333333,83,97,66,VRB,1,WNW,7,0.0,,2
11/14/2016,1011.9,30.9,26.1,28.17916667,78,97,71,W,4,WSW,14,0.0,,1
11/15/2016,1011.0,31.0,25.5,28.4125,81,93,73,WSW,7,SW,17,1.5,,4
11/16/2016,1010.2,30.6,24.8,28.26666667,80,88,72,SW,8,SW,18,0.05,,4
11/17/2016,1010.2,31.3,24.6,27.4875,85,96,74,WSW,5,WSW,14,8.7,,6
11/18/2016,1009.9,30.1,23.6,27.65416667,85,97,80,SW,7,SW,21,19.3,,6
11/19/2016,1010.4,28.9,23.4,26.07083333,90,99,77,W,7,WNW,26,27.7,,7
11/20/2016,1009.8,30.1,24.0,27.67916667,84,93,88,SW,10,WSW,26,6.0,,6
11/21/2016,1010.5,28.3,24.0,25.7125,93,98,78,W,8,W,21,16.8,,7
11/22/2016,1010.0,30.0,24.9,27.84166667,85,97,80,WNW,8,NW,25,5.2,,7
11/23/2016,1009.8,30.0,23.6,26.97083333,89,98,80,NW,12,WNW,31,22.9,,7
11/24/2016,1009.6,30.2,24.6,27.05,90,98,81,W,9,W,31,17.2,,7
11/25/2016,1010.3,28.7,24.4,26.52083333,90,98,83,WNW,14,NW,35,19.6,,7
11/26/2016,1011.3,27.6,23.9,27.00833333,86,93,75,WNW,9,W,27,2.5,,7
11/27/2016,1011.1,30.6,26.4,28.24166667,83,88,73,W,7,WSW,19,0.0,,6
11/28/2016,1011.4,31.0,26.4,28.34583333,80,87,76,W,5,W,13,0.0,,5
11/29/2016,1012.3,30.6,26.4,28.3125,81,87,75,W,6,W,15,0.0,,3
11/30/2016,1012.6,30.8,24.8,28.31666667,82,95,78,W,8,W,18,3.0,,3
12/1/2016,1011.8,30.6,26.5,28.36666667,82,87,75,W,8,W,17,0.0,,3
12/2/2016,1011.9,30.5,25.4,28.07916667,83,92,76,WSW,8,W,22,0.05,,3
12/3/2016,1012.5,30.4,24.0,27.5125,85,95,86,WSW,7,W,24,9.9,,4
12/4/2016,1012.5,27.8,23.4,25.93333333,92,100,80,WNW,8,WNW,23,61.1,,7
12/5/2016,1011.9,29.0,22.5,26.38333333,90,100,75,NW,4,NW,20,29.2,,5
12/6/2016,1011.3,29.9,23.4,26.725,89,99,74,VRB,1,NNW,11,0.0,,3
12/7/2016,1012.0,30.4,26.4,27.89166667,82,98,73,W,4,W,11,0.0,,3
12/8/2016,1012.2,30.4,26.4,28.37083333,78,84,73,W,9,W,22,0.0,,5
12/9/2016,1011.4,30.6,24.4,28.46666667,79,89,79,W,11,W,31,0.6,,6
12/10/2016,1011.3,30.4,22.9,27.075,87,100,78,W,9,WNW,31,25.9,,6
12/11/2016,1011.0,29.7,24.2,27.74583333,85,93,74,W,9,W,26,6.0,,5
12/12/2016,1011.0,30.2,25.6,28.00833333,84,92,79,W,8,W,17,0.4,,4
12/13/2016,1010.7,29.1,22.9,26.96666667,85,98,73,WSW,10,W,34,6.1,,6
12/14/2016,1010.4,30.8,25.5,28.04166667,82,92,78,WNW,7,WNW,18,0.0,,5
12/15/2016,1011.2,30.0,25.6,27.67083333,83,90,72,NW,10,NW,22,0.3,,6
12/16/2016,1011.9,30.4,26.8,28.31666667,78,84,69,N,6,NNW,15,0.05,,4
12/17/2016,1012.3,30.4,26.5,28.2875,75,83,72,N,6,N,17,0.0,,3
12/18/2016,1011.9,30.2,26.6,28.30833333,77,83,68,NNE,6,NNE,14,0.0,,3
12/19/2016,1011.7,30.0,23.4,27.4,76,93,71,N,5,N,17,0.0,,2
12/20/2016,1011.4,29.9,24.0,26.92916667,82,93,74,SSW,3,W,10,0.0,,4
12/21/2016,1012.1,30.5,22.7,27.19583333,83,96,68,SSW,4,SSW,13,0.0,,3
12/22/2016,1012.5,29.8,24.4,27.11666667,78,96,70,W,4,SW,12,0.0,,1
12/23/2016,1011.3,29.9,24.0,26.92916667,83,96,68,W,3,W,10,0.0,,5
12/24/2016,1010.1,31.2,23.2,26.92083333,85,98,69,VRB,0,SSW,11,0.0,,3
12/25/2016,1010.4,31.0,25.1,27.76666667,81,98,74,VRB,1,WSW,12,0.0,,3
12/26/2016,1010.3,30.7,25.9,28.30833333,81,89,76,N,6,N,19,3.4,,4
12/27/2016,1009.8,30.4,25.9,28.375,80,85,74,N,6,N,17,0.0,,5
12/28/2016,1009.5,30.4,27.0,28.2,81,89,73,NW,6,N,13,0.0,,6
12/29/2016,1010.3,31.0,23.6,27.37916667,83,95,89,WNW,9,NW,24,61.2,,7
12/30/2016,1011.0,28.2,23.7,25.45416667,94,100,85,W,11,WNW,30,62.1,,7
12/31/2016,1011.9,26.6,22.0,24.89166667,94,100,79,N,8,NNW,24,92.2,,7
1/1/2017,1011.8,29.4,24.4,26.99166667,86,93,76,N,4,W,23,0.3,,6
1/2/2017,1012.2,30.0,26.5,27.975,82,89,73,N,5,N,13,0.0,,4
1/3/2017,1012.6,29.1,23.5,26.62916667,85,98,74,N,6,NW,22,5.7,,6
1/4/2017,1011.8,30.0,26.4,27.85416667,80,87,72,N,5,N,14,0.0,,6
1/5/2017,1011.3,29.8,24.7,27.82083333,77,83,71,N,5,NNE,16,0.05,,5
1/6/2017,1011.4,29.5,23.0,26.68333333,83,96,72,NW,4,WNW,19,0.0,,4
1/7/2017,1009.5,29.9,26.4,27.74583333,77,84,73,N,4,N,14,0.0,,3
1/8/2017,1009.2,30.0,25.8,27.8625,78,87,73,N,4,N,12,0.0,,2
1/9/2017,1009.6,30.3,26.4,27.98333333,79,88,70,N,5,N,14,0.0,,3
1/10/2017,1011.0,30.1,26.5,28.14166667,76,84,69,N,6,N,16,0.0,,6
1/11/2017,1010.5,29.9,26.0,27.95,75,81,70,N,7,N,19,0.05,,5
1/12/2017,1010.3,30.3,24.5,27.49583333,75,92,64,N,6,N,16,0.0,,5
1/13/2017,1009.8,29.5,26.6,27.69166667,74,82,67,N,4,N,14,0.0,,6
1/14/2017,1010.8,30.3,26.5,28.2375,74,81,68,ENE,4,ENE,14,0.0,,4
1/15/2017,1012.2,30.5,26.0,28.12916667,76,84,69,ENE,3,ENE,13,0.0,,5
1/16/2017,1012.0,30.3,26.0,28.00416667,77,86,72,E,3,ENE,10,0.0,,2
1/17/2017,1011.9,29.6,26.1,27.8875,77,83,70,NNE,4,NNE,12,0.0,,3
1/18/2017,1011.8,30.6,25.5,28.35416667,78,84,72,E,4,ENE,15,6.7,,3
1/19/2017,1011.6,30.3,26.3,28.0875,78,89,72,NE,4,E,17,0.0,,4
1/20/2017,1011.3,30.1,26.6,28.28333333,78,83,72,NNE,5,NNE,15,0.0,,2
1/21/2017,1012.6,30.3,25.5,27.9,79,86,72,NNE,4,NNE,13,0.0,,2
1/22/2017,1013.2,30.0,25.6,27.90416667,79,86,73,N,4,N,10,0.0,,3
1/23/2017,1012.6,30.3,23.0,27.25833333,84,98,74,N,2,N,11,0.0,,4
1/24/2017,1011.7,30.3,23.7,27.4875,84,99,77,VRB,2,NNE,12,0.0,,2
1/25/2017,1011.5,30.8,25.6,27.77083333,85,98,71,VRB,2,NNE,12,0.05,,4
1/26/2017,1011.8,30.8,26.8,28.35,82,97,74,WNW,5,NW,16,0.05,,5
1/27/2017,1011.5,31.0,27.0,28.76666667,80,85,80,WNW,9,WNW,19,0.0,,6
1/28/2017,1011.2,30.2,25.1,27.87916667,85,95,72,N,4,NW,14,0.0,,7
1/29/2017,1011.3,31.3,24.8,27.9875,84,95,73,VRB,1,WNW,10,0.0,,4
1/30/2017,1011.3,31.4,24.8,27.75,85,97,74,VRB,1,SW,14,4.6,,5
1/31/2017,1010.9,31.7,25.1,28.37083333,84,99,74,VRB,2,SW,11,8.0,,6
2/1/2017,1012.0,31.2,25.2,28.275,83,97,74,VRB,2,E,10,0.0,,4
2/2/2017,1012.3,31.0,27.2,28.79166667,80,88,68,NE,3,NNE,16,0.0,,3
2/3/2017,1011.6,30.4,26.8,28.58333333,73,80,62,NNE,8,NNE,20,0.0,,2
2/4/2017,1012.2,30.3,26.2,28.19583333,69,77,64,NNE,5,NNE,17,0.0,,6
2/5/2017,1012.4,30.8,22.4,28.15,69,82,65,ENE,3,ENE,11,0.0,,2
2/6/2017,1012.7,30.7,25.1,27.60833333,74,94,68,VRB,2,NE,9,0.0,,2
2/7/2017,1011.8,30.5,26.2,28.1125,75,84,66,NE,2,ENE,10,0.0,,1
2/8/2017,1012.2,30.7,26.5,28.35,73,81,68,NNE,3,NE,9,0.0,,1
2/9/2017,1011.5,30.6,26.6,28.33333333,72,76,65,NNE,4,NE,11,0.0,,2
2/10/2017,1011.0,30.2,25.4,28.0875,73,78,67,NNE,4,NNE,14,0.0,,1
2/11/2017,1011.0,30.5,26.9,28.375,73,78,65,NE,4,NE,12,0.0,,2
2/12/2017,1011.6,30.6,27.0,28.7125,73,79,68,NNE,5,NE,16,0.0,,2
2/13/2017,1012.0,31.3,27.5,29.06666667,75,81,69,E,5,E,16,0.0,,3
2/14/2017,1013.1,31.6,27.2,29.12916667,75,80,73,E,6,ENE,16,0.0,,2
2/15/2017,1012.5,31.6,27.3,29.19166667,79,85,71,E,4,E,15,0.0,,2
2/16/2017,1010.7,31.7,26.5,29.17916667,78,87,69,E,5,E,17,0.8,,3
2/17/2017,1010.1,31.6,27.0,29.2125,78,83,78,ENE,6,ENE,19,2.4,,4
2/18/2017,1012.3,30.4,24.8,27.36291667,84,94,69,ESE,5,E,23,2.1,,7
2/19/2017,1012.7,30.7,24.4,27.91666667,82,97,78,N,3,ENE,12,0.4,,6
2/20/2017,1012.0,30.4,23.6,26.4125,88,97,73,WNW,5,W,20,8.4,,7
2/21/2017,1010.9,29.8,25.1,27.52916667,83,97,72,NW,3,N,12,0.05,,5
2/22/2017,1011.0,30.6,25.8,27.9875,80,89,69,NNW,5,NNW,13,0.0,,5
2/23/2017,1011.6,30.4,26.0,28.025,78,85,71,NNW,7,NNW,14,0.0,,5
2/24/2017,1011.9,30.1,26.0,27.94166667,78,85,72,NW,5,NNW,15,0.0,,6
2/25/2017,1011.3,30.5,24.2,28.025,80,93,74,WNW,4,WNW,13,0.0,,6
2/26/2017,1009.6,30.5,24.2,27.74583333,84,97,76,NNW,3,NNW,14,0.0,,5
2/27/2017,1009.4,31.0,24.4,27.87083333,85,98,72,NNE,2,N,15,0.8,,5
2/28/2017,1009.7,31.2,26.5,28.34583333,82,99,77,N,3,NE,10,0.0,,5
3/1/2017,1009.4,30.6,26.0,28.4125,82,87,74,N,5,N,15,0.05,,6
3/2/2017,1007.8,30.8,26.2,28.1875,82,90,73,NNW,4,NW,13,0.3,,4
3/3/2017,1007.5,31.2,26.7,28.5625,81,92,69,WSW,5,NW,13,0.0,,5
3/4/2017,1008.6,31.3,27.0,28.9375,77,85,70,WSW,6,SW,17,0.0,,5
3/5/2017,1008.8,31.5,26.4,28.82083333,78,85,71,W,5,W,16,0.0,,4
3/6/2017,1008.6,31.6,25.6,28.52083333,78,84,71,WNW,5,W,16,0.0,,2
3/7/2017,1008.4,31.0,23.6,28.21666667,78,90,65,WNW,4,WNW,11,0.0,,3
3/8/2017,1008.2,30.6,24.5,27.93343333,77,95,72,N,3,WNW,12,0.0,,2
3/9/2017,1008.3,31.0,24.4,27.89166667,82,97,72,VRB,2,N,11,0.0,,2
3/10/2017,1009.4,31.4,23.8,28.2125,82,97,72,NNW,3,NNW,12,0.0,,3
3/11/2017,1010.7,30.9,24.1,28.0,82,98,67,VRB,2,NNW,10,0.0,,2
3/12/2017,1010.9,31.8,23.9,27.82083333,82,97,70,VRB,1,WSW,9,0.0,,1
3/13/2017,1010.8,31.6,24.6,27.96666667,82,97,72,SW,3,SSW,12,0.0,,4
3/14/2017,1010.1,31.5,23.5,27.94166667,84,100,80,SSW,4,SE,16,107.9,,5
3/15/2017,1011.5,29.9,23.0,26.16666667,90,100,68,VRB,3,NNE,16,6.0,,6
3/16/2017,1010.6,30.9,23.6,27.66666667,81,100,71,VRB,1,N,8,0.0,,4
3/17/2017,1011.1,30.8,23.7,27.46666667,84,98,70,VRB,1,N,11,0.0,,3
3/18/2017,1012.4,31.1,25.3,28.05416667,81,98,71,VRB,2,NW,10,0.0,,4
3/19/2017,1012.9,31.9,25.5,28.75833333,80,90,72,W,4,W,18,0.05,,5
3/20/2017,1011.6,31.5,24.5,28.34166667,83,98,70,VRB,1,WSW,8,0.05,,3
3/21/2017,1011.2,31.8,26.0,28.77916667,80,96,71,N,3,NE,13,2.9,,4
3/22/2017,1011.0,31.4,24.6,28.84166667,78,95,69,NNE,4,NNE,13,0.0,,2
3/23/2017,1010.7,32.0,24.8,28.825,78,93,65,VRB,2,ENE,9,0.0,,2
3/24/2017,1010.5,32.2,23.8,28.4875,77,96,66,VRB,2,ESE,8,0.0,,1
3/25/2017,1011.2,31.8,24.6,28.025,82,98,64,VRB,1,SE,13,0.6,,3
3/26/2017,1011.8,31.7,26.3,28.97083333,71,81,62,NW,5,NNW,11,0.0,,2
3/27/2017,1012.4,32.0,27.3,29.2625,70,79,64,W,5,W,14,0.0,,2
3/28/2017,1012.2,31.7,26.4,29.20416667,70,78,63,WNW,5,W,13,0.0,,4
3/29/2017,1011.7,31.5,24.2,28.68333333,72,88,65,NW,4,W,12,0.0,,3
3/30/2017,1011.3,31.2,25.8,28.28333333,74,92,61,NNW,4,NNW,11,0.0,,2
3/31/2017,1012.4,31.5,25.5,28.55,73,84,62,WNW,3,WNW,11,0.0,,5
4/1/2017,1012.0,31.9,27.6,29.375,71,82,69,NW,5,NW,13,0.0,,2
4/2/2017,1011.8,32.0,27.4,29.65833333,74,80,64,W,6,W,14,0.0,,5
4/3/2017,1011.7,31.8,27.6,29.33333333,71,81,63,W,6,W,14,0.0,,3
4/4/2017,1012.0,31.8,27.8,29.4375,70,81,64,W,6,W,14,0.0,,2
4/5/2017,1011.3,31.7,27.8,29.64166667,70,77,68,W,8,W,17,0.0,,2
4/6/2017,1010.9,32.2,28.1,29.69166667,74,78,66,W,8,W,17,0.0,,3
4/7/2017,1010.2,31.7,27.8,29.7625,74,80,72,W,7,WNW,17,0.0,,2
4/8/2017,1010.0,32.2,24.2,29.80416667,77,83,78,W,7,W,15,6.0,,3
4/9/2017,1010.6,30.5,24.2,27.49583333,86,98,72,W,7,W,25,16.2,,6
4/10/2017,1009.9,31.3,24.3,28.12083333,83,92,81,W,8,WNW,31,4.9,,6
4/11/2017,1010.0,29.3,25.2,27.69583333,85,92,72,WSW,5,WSW,18,1.2,,6
4/12/2017,1010.1,32.0,26.6,29.35,80,90,74,WSW,7,W,20,0.05,,4
4/13/2017,1010.5,31.8,28.1,29.75416667,78,85,75,W,8,WSW,19,0.0,,6
4/14/2017,1010.3,31.9,28.1,29.49166667,78,85,75,WSW,6,WSW,16,0.0,,6
4/15/2017,1009.3,31.4,27.1,29.29166667,79,85,69,WSW,6,W,19,0.0,,5
4/16/2017,1009.9,31.8,28.3,29.99583333,77,82,72,W,7,W,16,0.0,,4
4/17/2017,1010.4,32.0,27.3,29.7875,76,83,70,W,6,W,16,0.0,,3
4/18/2017,1010.6,31.9,27.6,29.55416667,74,80,68,WNW,6,WNW,13,0.0,,2
4/19/2017,1010.8,32.0,27.5,29.7,75,81,67,W,5,W,13,0.0,,3
4/20/2017,1010.7,32.0,27.8,29.75416667,74,83,70,SW,6,SSW,13,0.0,,3
4/21/2017,1010.7,32.0,25.4,29.5125,77,90,69,SW,5,WSW,16,0.05,,4
4/22/2017,1010.5,32.2,24.6,28.72083333,82,96,69,SW,2,SSW,11,0.05,,3
4/23/2017,1011.1,32.4,26.0,29.07916667,79,97,68,VRB,2,W,10,0.0,,2
4/24/2017,1011.2,32.3,26.6,29.47083333,78,91,67,W,4,W,16,0.0,,3
4/25/2017,1011.0,32.5,28.2,30.12916667,75,85,70,W,5,W,15,0.0,,3
4/26/2017,1011.2,32.4,26.1,29.54583333,79,93,71,W,6,W,24,4.4,,4
4/27/2017,1011.6,31.6,27.0,29.56666667,78,83,70,WSW,7,W,18,0.0,,6
4/28/2017,1010.6,32.5,26.2,30.00416667,75,81,74,W,5,NW,20,1.1,,3
4/29/2017,1010.8,31.9,27.8,29.39583333,78,86,71,NW,9,NW,22,0.0,,6
4/30/2017,1010.2,32.2,24.8,29.0625,82,92,73,NW,5,NW,27,9.1,,6
5/1/2017,1010.7,30.0,26.0,28.19583333,81,91,69,W,5,W,15,0.0,,6
5/2/2017,1011.5,31.9,25.7,29.10791667,79,91,69,SW,7,SW,21,0.9,,5
5/3/2017,1011.1,31.5,25.3,28.9625,80,98,72,SW,6,S,20,25.0,,6
5/4/2017,1010.9,32.0,25.0,28.53333333,84,99,74,WSW,6,WSW,25,21.3,,6
5/5/2017,1011.4,31.1,24.6,28.225,84,91,73,SW,6,N,16,0.3,,7
5/6/2017,1011.5,31.9,27.2,29.475,79,88,74,SW,5,SW,15,0.05,,5
5/7/2017,1011.1,31.5,24.4,28.80833333,83,93,73,WNW,3,N,14,32.6,,6
5/8/2017,1011.1,31.0,23.5,27.85833333,86,100,72,WNW,7,NW,35,102.9,,6
5/9/2017,1010.3,31.5,25.4,28.64166667,83,100,73,WNW,7,WNW,26,11.1,,6
5/10/2017,1010.1,31.7,27.8,29.45541667,80,87,72,W,7,WSW,17,0.05,,5
5/11/2017,1009.8,31.9,26.6,29.31666667,81,92,72,W,5,NW,22,5.9,,4
5/12/2017,1009.3,31.8,26.0,29.52458333,80,93,75,W,5,WNW,21,3.9,,6
5/13/2017,1009.5,31.0,25.4,28.34166667,86,97,84,S,6,WNW,22,9.9,,7
5/14/2017,1010.1,29.4,25.0,27.50416667,88,95,79,WSW,7,W,26,10.5,,7
5/15/2017,1009.7,29.8,24.2,27.68333333,88,100,76,W,9,WNW,30,53.2,,7
5/16/2017,1009.8,30.2,25.2,27.5125,87,98,74,W,9,WNW,27,12.8,,7
5/17/2017,1010.6,30.9,23.6,26.8875,89,100,74,W,10,WNW,33,43.4,,7
5/18/2017,1011.7,30.5,24.6,27.30833333,86,98,72,VRB,2,SSW,13,0.05,,7
5/19/2017,1011.4,31.4,27.6,29.23333333,78,85,71,SSW,7,SSW,14,0.0,,6
5/20/2017,1010.7,31.4,28.0,29.46666667,76,83,68,W,8,W,20,0.0,,6
5/21/2017,1009.7,31.5,24.8,29.51666667,75,89,72,W,8,W,20,0.4,,6
5/22/2017,1010.1,31.4,26.1,28.8625,81,91,74,SW,7,W,21,0.7,,6
5/23/2017,1010.1,31.6,27.4,29.2625,81,90,72,SSW,5,SSW,16,0.05,,6
5/24/2017,1009.8,31.6,23.5,27.93333333,88,98,74,SSW,7,SSW,22,76.9,,6
5/25/2017,1010.7,30.4,24.0,26.97916667,87,98,71,SW,8,WSW,31,11.8,,7
5/26/2017,1010.1,31.3,25.6,29.0875,78,87,72,SSW,8,SSW,17,0.0,,5
5/27/2017,1010.2,31.2,27.5,29.18333333,76,82,71,WSW,8,WSW,17,0.0,,6
5/28/2017,1010.0,31.5,24.0,29.04583333,78,91,79,W,8,SSW,26,15.6,,6
5/29/2017,1010.9,29.4,25.7,27.58333333,85,95,74,SSW,5,SW,17,0.1,,7
5/30/2017,1010.5,31.3,26.1,28.6125,84,91,73,SW,7,SW,20,5.5,,7
5/31/2017,1009.7,31.1,22.1,28.12916667,83,100,68,SW,8,NW,43,23.6,,7
6/1/2017,1009.2,31.0,28.0,29.32083333,77,81,72,SW,9,SW,20,0.0,,6
6/2/2017,1009.6,31.2,27.0,29.07916667,78,86,74,SSW,6,SW,16,0.0,,6
6/3/2017,1010.1,31.4,25.0,28.575,83,97,73,SSW,3,SW,11,0.0,,4
6/4/2017,1010.7,31.4,26.9,28.95833333,80,97,70,SSW,4,SW,11,0.0,,4
6/5/2017,1010.9,31.1,27.0,28.98333333,76,83,71,SW,4,SW,10,0.0,,2
6/6/2017,1011.3,31.0,23.4,27.84583333,82,98,69,SW,2,SW,10,0.0,,2
6/7/2017,1011.4,30.6,26.0,27.62916667,79,98,69,SW,3,SW,12,0.0,,5
6/8/2017,1010.8,31.0,26.2,28.32916667,75,83,66,W,5,WNW,12,0.0,,6
6/9/2017,1011.1,31.2,27.0,28.74583333,72,78,64,W,6,W,14,0.0,,5
6/10/2017,1011.0,31.4,23.6,28.2875,74,92,65,W,3,W,12,0.0,,3
6/11/2017,1010.2,31.0,23.1,27.35416667,79,93,67,VRB,2,W,11,0.0,,5
6/12/2017,1009.5,31.3,23.3,27.22916667,82,96,69,VRB,1,SW,10,0.0,,4
6/13/2017,1009.5,31.2,27.4,28.49583333,76,96,68,VRB,2,SE,11,0.0,,2
6/14/2017,1010.2,31.7,27.5,29.45833333,75,82,67,E,4,E,13,0.0,,2
6/15/2017,1010.6,31.8,27.5,29.57916667,75,81,71,VRB,2,E,9,0.0,,2
6/16/2017,1010.5,31.9,24.8,28.68333333,80,94,61,VRB,2,SSE,7,0.0,,5
6/17/2017,1010.0,32.2,24.2,28.075,81,97,68,VRB,1,WSW,10,0.0,,2
6/18/2017,1010.2,31.6,25.9,28.46666667,79,97,69,SW,2,WSW,9,0.0,,2
6/19/2017,1009.9,31.5,25.0,28.67916667,79,93,68,SSW,4,SSW,13,1.5,,3
6/20/2017,1010.0,31.8,26.6,29.00416667,78,96,67,W,3,WSW,10,0.0,,3
6/21/2017,1010.7,32.0,25.0,28.95416667,79,96,72,W,3,WNW,12,0.05,,5
6/22/2017,1011.2,31.4,24.7,28.32083333,82,96,68,VRB,2,SW,11,0.0,,3
6/23/2017,1011.3,31.0,24.5,28.1625,81,96,70,VRB,3,W,13,0.0,,3
6/24/2017,1010.1,31.3,26.6,28.50416667,79,97,67,SSW,3,S,10,0.0,,5
6/25/2017,1009.7,31.5,27.8,29.3625,75,82,70,S,7,S,17,0.0,,6
6/26/2017,1010.4,31.9,27.5,29.65833333,76,82,66,S,9,S,17,0.05,,5
6/27/2017,1010.8,31.5,27.5,29.37916667,73,82,68,SSW,8,S,19,0.0,,6
6/28/2017,1010.1,31.8,24.8,29.2125,76,88,65,WSW,5,SSW,15,0.0,,6
6/29/2017,1009.5,32.0,25.6,28.78333333,79,95,73,VRB,2,W,10,2.1,,4
6/30/2017,1008.9,31.5,24.5,27.70416667,87,97,74,NNW,5,W,24,18.8,,6
7/1/2017,1009.3,30.8,23.4,26.7375,90,100,74,WNW,6,NW,37,89.3,,7
7/2/2017,1010.1,29.3,24.6,27.05416667,83,97,67,WNW,7,W,28,1.3,,7
7/3/2017,1010.4,32.0,27.8,29.525,73,81,70,N,5,N,14,0.0,,6
7/4/2017,1011.2,32.0,24.0,27.63333333,80,93,69,NW,5,W,29,4.9,,6
7/5/2017,1012.2,31.4,22.3,27.28333333,80,100,70,W,7,W,44,37.7,,7
7/6/2017,1011.3,31.2,25.0,28.27916667,81,90,69,WNW,4,NW,16,12.4,,7
7/7/2017,1011.2,31.6,26.6,29.17916667,76,85,69,W,5,W,13,0.0,,6
7/8/2017,1011.4,31.5,23.8,28.1375,81,98,68,VRB,2,W,22,1.8,,7
7/9/2017,1011.6,30.8,24.4,27.38333333,84,99,69,VRB,1,WSW,9,0.0,,7
7/10/2017,1011.7,30.9,24.5,27.75,83,98,69,VRB,2,SE,9,0.0,,7
7/11/2017,1011.1,31.9,27.6,29.05,76,96,65,NW,6,NW,17,0.0,,4
7/12/2017,1010.6,32.0,25.7,29.79583333,72,81,72,NW,11,NW,20,5.2,,3
7/13/2017,1010.9,31.0,24.9,27.98333333,83,97,72,NNW,7,NNW,28,6.1,,6
7/14/2017,1011.3,31.7,26.6,29.4,78,85,72,NNW,5,NNW,17,0.0,,6
7/15/2017,1011.1,31.6,25.2,28.925,81,92,70,NW,2,WNW,11,0.0,,6
7/16/2017,1010.3,31.5,25.0,28.60416667,79,94,63,VRB,2,WNW,12,0.0,,5
7/17/2017,1010.2,31.2,23.6,27.65416667,80,96,67,VRB,2,W,9,0.0,,6
7/18/2017,1010.5,31.1,24.2,27.6625,81,95,72,VRB,1,WNW,9,0.0,,6
7/19/2017,1009.5,31.4,28.0,29.175,78,84,74,ESE,4,ESE,15,0.0,,6
7/20/2017,1008.7,32.0,28.0,29.85416667,80,86,72,ESE,6,ESE,16,0.0,,4
7/21/2017,1009.8,32.0,26.5,29.0875,81,90,74,SE,6,SSE,19,0.3,,6
7/22/2017,1010.3,31.5,27.5,29.37083333,80,85,71,ESE,3,E,13,0.0,,7
7/23/2017,1010.2,31.5,25.5,28.85,81,93,72,VRB,2,SE,10,0.0,,3
7/24/2017,1009.8,31.4,25.2,28.47083333,83,98,72,VRB,1,N,12,2.1,,4
7/25/2017,1009.5,32.0,25.0,28.45416667,85,98,69,VRB,1,NE,7,0.8,,6
7/26/2017,1010.2,32.2,25.6,28.84166667,83,100,71,VRB,2,NW,8,0.6,,6
7/27/2017,1011.2,31.4,26.2,28.5125,81,92,75,SW,4,SW,18,0.0,,6
7/28/2017,1011.4,29.4,26.5,28.07916667,83,95,70,NW,3,NNE,14,0.6,,7
7/29/2017,1011.6,31.6,24.9,28.71666667,81,97,66,VRB,2,SSW,10,0.6,,7
7/30/2017,1011.3,32.0,26.0,28.54166667,81,98,71,S,2,SSW,10,0.0,,6
7/31/2017,1011.5,31.5,25.5,29.03333333,79,87,72,S,3,SSE,11,0.0,,6
8/1/2017,1012.3,31.5,25.6,28.27916667,83,93,70,VRB,2,SSW,8,0.0,,6
8/2/2017,1012.5,31.4,23.7,28.62083333,80,96,73,SSW,4,W,19,4.7,,6
8/3/2017,1011.8,30.3,23.0,27.9125,81,92,73,W,7,WSW,20,3.6,,7
8/4/2017,1010.3,31.2,23.9,27.41666667,87,100,74,VRB,4,NW,26,14.1,,7
8/5/2017,1009.5,30.9,23.9,28.0625,83,99,75,VRB,3,SW,22,1.3,,5
8/6/2017,1009.5,30.5,21.1,27.2875,84,96,75,S,5,W,30,13.2,,7
8/7/2017,1009.7,31.2,22.6,27.1875,86,98,81,W,4,N,28,26.3,,6
8/8/2017,1010.1,28.0,22.0,26.14583333,89,100,72,NNW,8,WNW,40,79.8,,7
8/9/2017,1011.1,28.7,24.5,26.75833333,84,97,63,WNW,8,WNW,38,2.2,,7
8/10/2017,1010.4,31.0,23.5,28.40833333,77,95,78,WNW,8,WNW,27,7.4,,7
8/11/2017,1011.0,31.0,24.0,27.75833333,84,97,73,W,4,SSW,18,13.2,,7
8/12/2017,1011.3,30.8,25.6,28.22916667,81,93,69,VRB,3,W,9,0.0,,6
8/13/2017,1011.7,31.5,24.0,28.17916667,81,97,64,VRB,2,NW,11,0.0,,5
8/14/2017,1012.1,31.5,23.5,27.58333333,82,97,68,VRB,1,W,8,0.0,,4
8/15/2017,1011.4,31.0,25.0,27.8625,80,97,69,VRB,2,SSW,11,0.0,,5
8/16/2017,1010.6,31.6,25.6,28.7375,79,92,75,SW,5,S,16,4.7,,4
8/17/2017,1009.3,30.6,27.4,28.7625,80,89,71,SSW,8,SW,19,0.05,,6
8/18/2017,1009.2,31.3,27.0,29.0375,78,85,73,SW,9,SW,21,0.0,,6
8/19/2017,1009.5,31.2,26.7,28.96666667,79,87,73,WSW,5,W,15,0.0,,6
8/20/2017,1009.0,31.6,25.4,28.9625,80,90,72,W,6,SW,21,0.0,,6
8/21/2017,1008.0,31.3,24.5,28.625,83,96,73,WSW,4,WSW,12,0.0,,5
8/22/2017,1008.3,31.2,25.6,28.77916667,80,97,71,VRB,2,SE,8,0.0,,5
8/23/2017,1009.1,31.6,24.6,28.60833333,80,92,66,VRB,2,SSW,20,0.9,,5
8/24/2017,1009.7,31.8,26.4,28.775,79,97,70,VRB,2,NNW,17,0.05,,6
8/25/2017,1009.4,31.0,24.1,27.75,82,93,78,W,4,WSW,22,10.0,,7
8/26/2017,1008.5,30.6,24.8,28.39166667,82,91,72,SSW,7,SW,27,8.0,,7
8/27/2017,1008.4,31.6,25.4,28.95,79,87,71,SSW,7,SSW,19,0.05,,6
8/28/2017,1008.3,31.7,27.4,29.375,78,85,72,S,8,S,17,0.0,,6
8/29/2017,1008.1,31.7,27.0,29.39583333,78,87,73,SSW,7,SSW,17,0.2,,6
8/30/2017,1009.2,31.6,25.0,28.775,83,98,71,SSW,3,SSW,11,0.1,,6
8/31/2017,1010.1,31.4,22.8,28.29166667,82,100,74,NW,7,NW,33,55.0,,6
9/1/2017,1011.2,30.6,23.3,26.19166667,87,98,67,WNW,8,W,37,19.3,,7
9/2/2017,1010.3,30.5,26.0,28.17916667,79,97,77,N,4,N,14,0.9,,7
9/3/2017,1010.5,29.4,22.7,27.83333333,84,98,79,NW,6,NW,49,36.0,,7
9/4/2017,1011.6,29.0,23.7,26.27083333,89,100,77,WSW,6,NW,43,10.1,,7
9/5/2017,1011.9,29.3,23.3,25.91666667,92,99,78,W,5,W,25,75.4,,7
9/6/2017,1012.0,27.1,23.5,26.00416667,86,97,71,W,10,SW,31,7.3,,8
9/7/2017,1010.5,31.1,22.4,27.82916667,81,97,73,W,8,WSW,27,11.8,,6
9/8/2017,1010.2,30.0,26.4,27.95416667,83,91,71,SSW,7,WNW,22,0.9,,6
9/9/2017,1009.2,30.1,24.9,27.9875,81,90,73,SW,7,W,19,0.05,,6
9/10/2017,1008.7,30.5,23.6,27.27083333,86,97,77,W,6,W,35,34.2,,7
9/11/2017,1009.6,29.0,24.4,26.85416667,86,97,81,W,10,W,28,29.4,,7
9/12/2017,1010.0,30.0,24.7,27.39583333,86,95,72,W,8,WNW,34,10.6,,7
9/13/2017,1010.7,30.3,25.0,27.83333333,82,90,70,SSW,8,SSW,27,1.5,,7
9/14/2017,1010.7,31.2,24.2,28.04583333,83,98,71,SSW,4,SSW,14,0.0,,5
9/15/2017,1010.8,31.2,25.0,28.09583333,81,98,70,WSW,3,SW,12,0.0,,4
9/16/2017,1011.8,31.3,27.3,28.89583333,78,92,71,SSW,6,S,16,0.0,,5
9/17/2017,1012.7,31.6,24.8,28.62916667,81,98,73,S,6,S,18,1.1,,5
9/18/2017,1012.6,31.4,26.0,28.75833333,80,92,70,SW,4,SSW,16,0.05,,6
9/19/2017,1012.3,31.0,26.2,28.475,81,92,71,SW,5,S,17,0.2,,6
9/20/2017,1011.4,31.2,24.0,28.08333333,83,97,71,WSW,4,W,17,7.0,,6
9/21/2017,1010.4,31.0,23.4,27.5125,83,98,72,NW,5,NW,38,12.2,,5
9/22/2017,1010.1,31.6,25.9,28.9625,79,90,70,N,9,NW,20,0.05,,6
9/23/2017,1011.3,31.5,26.0,29.08333333,77,87,68,N,5,NNW,20,0.05,,6
9/24/2017,1011.6,31.0,24.6,28.45833333,79,92,76,N,4,SW,26,6.0,,7
9/25/2017,1010.5,31.1,23.1,26.85833333,90,98,71,NNW,3,NNW,22,10.4,,7
9/26/2017,1010.4,31.5,26.6,28.825,79,98,68,WNW,3,W,13,0.0,,4
9/27/2017,1011.0,31.6,26.2,29.10833333,77,89,71,W,4,WSW,13,0.4,,3
9/28/2017,1010.8,31.5,24.4,29.20416667,77,90,70,WSW,6,WNW,23,1.1,,5
9/29/2017,1010.6,31.4,27.1,28.9125,76,89,69,WSW,6,WNW,20,0.2,,6
9/30/2017,1011.4,31.3,27.5,29.05416667,74,77,70,WSW,6,W,14,0.0,,3
10/1/2017,1011.1,31.5,27.0,29.45,74,79,70,WSW,8,SW,23,0.0,,3
10/2/2017,1010.2,31.6,23.2,28.11666667,78,90,68,WSW,13,W,35,4.6,,6
10/3/2017,1010.1,30.2,23.0,27.63333333,81,96,71,W,10,W,34,24.3,,7
10/4/2017,1010.0,30.7,25.0,28.7,80,88,74,W,9,W,22,5.4,,6
10/5/2017,1009.4,29.8,23.5,27.57916667,82,91,76,WNW,9,W,32,12.1,,7
10/6/2017,1009.3,31.2,25.0,28.34166667,80,90,68,WNW,12,WNW,34,5.8,,6
10/7/2017,1009.7,31.2,26.8,29.04166667,79,87,72,W,10,W,23,1.1,,6
10/8/2017,1008.8,31.4,26.8,29.32916667,78,85,72,W,11,W,24,0.0,,6
10/9/2017,1007.8,31.5,27.4,29.29583333,76,84,71,W,9,W,20,0.0,,6
10/10/2017,1007.6,31.5,23.0,28.16666667,82,98,70,W,9,NW,29,17.5,,6
10/11/2017,1008.3,31.2,27.5,28.93333333,82,95,75,W,8,W,25,0.0,,7
10/12/2017,1009.0,31.5,27.0,29.2125,78,83,72,W,7,W,16,0.05,,3
10/13/2017,1009.1,31.5,26.0,29.0125,78,86,72,W,5,W,14,0.05,,3
10/14/2017,1010.1,31.4,23.4,28.13333333,80,87,74,W,6,W,30,2.8,,5
10/15/2017,1010.7,31.4,27.5,29.04583333,77,82,72,W,8,W,18,0.0,,6
10/16/2017,1010.5,31.5,24.0,28.59166667,81,90,73,WNW,9,W,29,7.9,,6
10/17/2017,1010.0,30.7,25.5,28.7,80,91,70,WNW,10,WNW,25,0.0,,7
10/18/2017,1009.5,31.5,25.0,29.1125,80,93,71,WNW,9,WNW,22,2.2,,5
10/19/2017,1010.1,31.2,27.2,28.79166667,82,92,76,WSW,7,W,28,0.0,,4
10/20/2017,1011.2,31.5,27.2,29.05,78,85,71,SW,6,SW,15,0.0,,3
10/21/2017,1011.9,31.2,26.9,28.84166667,76,83,71,SSW,7,SSW,17,0.05,,3
10/22/2017,1011.5,31.0,26.6,28.65416667,77,81,72,SW,6,WSW,14,0.0,,5
10/23/2017,1011.4,31.0,26.1,28.62916667,77,86,71,SW,4,WSW,13,0.0,,4
10/24/2017,1011.9,31.1,25.1,28.40833333,80,98,70,W,3,W,12,0.0,,3
10/25/2017,1012.2,31.5,24.8,28.57083333,81,92,73,VRB,2,SSW,13,0.1,,3
10/26/2017,1012.2,31.4,26.8,28.54166667,81,90,72,S,5,S,15,0.0,,5
10/27/2017,1010.6,31.0,25.8,28.36666667,81,94,71,S,4,SSE,18,3.6,,4
10/28/2017,1011.0,31.5,26.4,28.53333333,77,88,68,SSW,3,SSW,10,0.0,,3
10/29/2017,1011.6,31.0,25.2,28.37916667,75,87,68,SW,4,WSW,13,0.0,,3
10/30/2017,1011.0,30.7,27.0,28.54166667,74,83,68,WSW,5,WSW,14,0.0,,2
10/31/2017,1010.5,31.0,25.0,28.2625,80,100,70,W,8,W,23,22.3,,5
11/1/2017,1010.3,31.5,24.2,28.97916667,76,88,69,WSW,10,WNW,26,7.1,,6
11/2/2017,1009.3,31.2,25.4,28.04166667,84,92,75,WNW,11,W,30,5.4,,7
11/3/2017,1008.4,30.4,23.6,27.18333333,89,100,78,W,9,W,38,48.4,,7
11/4/2017,1008.2,30.8,24.5,27.63333333,87,100,81,W,7,WNW,23,11.1,,7
11/5/2017,1009.2,30.0,23.2,26.5,89,97,79,W,10,WSW,40,80.1,,7
11/6/2017,1010.1,27.6,22.6,25.39166667,94,100,87,WNW,9,W,38,52.7,,7
11/7/2017,1010.2,30.8,23.4,27.60416667,84,100,75,W,9,W,29,45.7,,7
11/8/2017,1010.6,28.7,25.5,27.225,88,98,82,W,6,W,18,3.1,,7
11/9/2017,1009.9,28.1,24.4,26.85,89,95,83,W,8,W,24,9.7,,7
11/10/2017,1009.8,30.3,24.5,27.67083333,85,95,78,W,8,NW,28,1.5,,6
11/11/2017,1009.6,30.3,25.3,27.5875,86,95,79,W,7,NW,25,0.6,,6
11/12/2017,1009.3,30.6,26.6,28.52083333,82,90,74,WSW,5,WSW,12,0.0,,4
11/13/2017,1008.9,31.0,24.0,27.95416667,85,95,76,WSW,8,WSW,24,7.5,,5
11/14/2017,1008.6,31.0,25.7,28.10833333,84,93,73,SW,5,SW,19,0.0,,7
11/15/2017,1008.8,31.0,25.5,28.2375,82,94,70,SSW,4,SSW,13,0.0,,6
11/16/2017,1009.5,31.6,24.6,28.09583333,81,97,69,NW,6,WNW,25,2.4,,6
11/17/2017,1008.7,31.0,26.0,28.45,81,92,74,WNW,9,WNW,25,0.05,,6
11/18/2017,1009.5,29.5,24.2,26.5125,92,100,80,VRB,2,N,17,9.4,,7
11/19/2017,1010.3,31.4,25.0,28.725,80,92,72,WNW,5,W,18,3.0,,4
11/20/2017,1010.5,31.0,25.8,28.625,80,94,73,WNW,8,WNW,18,0.7,,6
11/21/2017,1009.8,31.0,25.5,28.29583333,83,94,76,W,7,W,23,2.4,,6
11/22/2017,1009.1,29.5,24.4,27.8375,84,92,77,W,9,NW,21,5.7,,7
11/23/2017,1009.9,29.3,24.4,27.05416667,86,100,79,W,6,WSW,22,0.9,,7
11/24/2017,1010.8,30.8,24.8,27.92083333,84,91,78,W,7,WNW,23,0.05,,6
11/25/2017,1011.6,31.4,24.4,28.05,84,97,70,VRB,1,WNW,9,4.4,,3
11/26/2017,1011.8,30.5,24.7,27.2,87,96,79,W,4,NNW,13,6.5,,6
11/27/2017,1010.7,30.6,24.1,27.9875,84,95,78,W,7,NW,28,5.8,,7
11/28/2017,1010.4,30.5,23.8,27.71666667,86,95,78,W,8,NW,32,9.6,,7
11/29/2017,1011.0,28.7,23.6,26.45416667,88,97,83,W,11,W,33,20.4,,7
11/30/2017,1009.4,30.1,24.6,28.25416667,84,92,78,WSW,11,WSW,25,9.8,,6
12/1/2017,1009.0,30.1,23.8,26.85,90,98,77,WSW,12,W,39,19.8,,7
12/2/2017,1009.6,30.6,24.6,27.7625,86,97,78,W,9,W,31,12.6,,6
12/3/2017,1010.2,29.2,23.8,26.3375,93,100,80,W,8,SW,29,49.1,,7
12/4/2017,1010.1,28.3,23.2,26.02166667,93,100,87,W,7,WNW,27,36.3,,7
12/5/2017,1009.8,29.0,24.0,26.26666667,91,98,82,WNW,9,NW,32,8.4,,7
12/6/2017,1009.8,30.0,25.9,27.87083333,83,88,77,NW,8,NW,18,0.0,,6
12/7/2017,1009.8,30.1,25.1,27.75833333,85,98,77,NNW,5,NW,13,8.7,,4
12/8/2017,1010.3,30.3,23.9,27.5625,81,96,71,NW,4,NW,11,0.0,,3
12/9/2017,1010.8,29.9,23.4,27.39583333,80,95,71,N,3,NNW,10,0.0,,2
12/10/2017,1011.7,30.0,22.6,26.5875,85,98,73,VRB,1,N,11,0.0,,2
12/11/2017,1012.7,30.1,23.6,26.525,85,99,69,VRB,0,NW,8,0.0,,3
12/12/2017,1012.7,30.5,23.1,27.09166667,84,97,70,VRB,2,WSW,11,0.0,,3
12/13/2017,1012.2,30.4,24.4,27.20833333,82,97,71,VRB,2,NW,11,0.0,,2
12/14/2017,1012.0,30.3,23.6,27.4375,80,96,69,N,4,N,12,0.0,,2
12/15/2017,1012.0,30.7,23.4,27.19166667,85,100,73,WNW,3,N,17,40.8,,4
12/16/2017,1011.7,30.2,23.8,27.30416667,87,99,78,S,4,W,16,39.6,,6
12/17/2017,1012.0,30.0,23.8,27.03333333,87,100,75,W,4,W,17,23.5,,6
12/18/2017,1012.7,29.6,22.9,26.24583333,89,100,80,VRB,4,N,24,18.5,,5
12/19/2017,1012.1,29.7,25.1,27.37083333,83,97,71,VRB,3,NNE,22,0.05,,5
12/20/2017,1012.2,31.2,24.4,28.07916667,83,96,74,VRB,2,NE,10,0.2,,5
12/21/2017,1012.0,30.4,24.0,27.40833333,88,98,77,VRB,1,NW,9,1.9,,5
12/22/2017,1011.0,30.7,24.4,27.53333333,85,98,74,VRB,1,NNW,9,0.1,,2
12/23/2017,1009.5,30.8,25.6,27.7625,85,97,75,VRB,2,NNW,9,0.05,,4
12/24/2017,1009.5,30.0,26.6,27.62916667,84,92,79,NNE,4,NNE,17,0.05,,6
12/25/2017,1010.2,30.9,23.2,27.04583333,89,100,74,NNE,3,NNE,16,115.2,,7
12/26/2017,1010.0,30.5,26.4,28.35833333,84,94,78,NNE,6,NNE,18,1.3,,6
12/27/2017,1009.5,30.5,24.5,28.3875,85,95,78,NNE,5,NNE,20,8.4,,7
12/28/2017,1009.4,29.7,24.5,26.82916667,88,96,81,E,3,N,19,24.2,,7
12/29/2017,1010.3,29.5,25.6,27.4875,87,97,78,NE,2,NE,12,1.4,,7
12/30/2017,1010.2,30.3,25.7,27.75,86,96,77,NNE,4,NNE,17,7.4,,6
12/31/2017,1009.7,31.3,23.2,26.04583333,87,100,74,E,5,WSW,26,62.7,,7
1/1/2018,1009.0,30.5,23.4,26.99166667,86,100,68,VRB,1,SSW,11,0.0,,5
1/2/2018,1008.6,30.9,24.6,27.6,84,99,69,VRB,1,SSW,14,1.5,,4
1/3/2018,1009.8,30.8,25.2,27.49583333,84,98,76,N,4,NNW,20,0.0,,5
1/4/2018,1010.4,31.0,26.4,27.97083333,80,87,74,N,5,NNE,14,0.0,,3
1/5/2018,1009.4,30.5,26.2,28.12916667,79,84,73,N,4,N,12,0.0,,3
1/6/2018,1009.8,30.2,25.9,27.98333333,75,81,67,N,5,N,13,0.0,,4
1/7/2018,1009.7,29.7,26.3,27.78333333,74,80,70,N,7,N,17,0.0,,6
1/8/2018,1010.3,29.8,26.6,28.0125,72,77,66,N,7,NNE,17,0.0,,7
1/9/2018,1011.3,30.6,26.8,28.425,74,80,70,NNE,5,NNE,18,0.0,,6
1/10/2018,1012.1,31.0,26.4,28.41666667,75,84,70,NNE,3,NE,14,0.0,,6
1/11/2018,1012.1,31.0,26.4,28.3125,74,81,66,ENE,3,NE,13,0.0,,5
1/12/2018,1011.7,31.4,23.0,27.9625,75,96,65,VRB,2,E,9,0.0,,6
1/13/2018,1010.8,30.5,22.4,27.17916667,80,98,67,VRB,1,NE,9,0.0,,5
1/14/2018,1010.9,31.0,25.6,27.45,77,97,65,VRB,1,E,7,0.0,,6
1/15/2018,1010.4,31.0,26.9,28.59583333,74,84,65,E,4,SE,12,0.0,,5
1/16/2018,1010.3,31.6,24.9,28.7125,78,86,71,ESE,3,ESE,10,0.0,,5
1/17/2018,1009.9,30.7,27.2,28.36666667,81,93,72,NE,3,NNE,12,0.05,,7
1/18/2018,1009.9,31.0,27.0,28.79166667,77,83,72,NE,4,NE,14,0.0,,7
1/19/2018,1010.3,31.3,26.4,28.6375,78,90,71,NNE,5,ENE,18,1.7,,6
1/20/2018,1010.2,30.5,27.0,28.5125,76,83,71,NNE,5,NNE,16,0.0,,5
1/21/2018,1009.7,30.7,26.6,28.45833333,77,83,72,NNE,4,NNE,13,0.0,,6
1/22/2018,1009.7,31.1,23.5,27.50416667,81,99,70,VRB,1,N,8,0.0,,6
1/23/2018,1009.3,31.1,24.1,27.15416667,85,98,71,NW,5,WNW,27,8.8,,6
1/24/2018,1008.8,30.9,26.4,28.55833333,72,87,64,WNW,9,WNW,22,0.0,,4
1/25/2018,1008.5,31.2,25.8,28.27916667,79,87,68,NW,8,NW,22,1.3,,3
1/26/2018,1009.5,30.7,23.5,27.7875,81,96,71,N,3,N,11,0.0,,3
1/27/2018,1009.9,30.4,26.0,27.7625,79,98,68,NW,5,NW,13,0.0,,4
1/28/2018,1009.8,30.5,26.4,28.4,76,83,69,NNW,8,NNW,16,0.0,,4
1/29/2018,1010.7,30.5,23.6,27.7875,74,84,68,NNW,6,NNW,14,0.0,,4
1/30/2018,1010.8,30.6,22.8,27.30416667,78,95,64,VRB,2,WNW,11,0.0,,3
1/31/2018,1010.8,31.0,25.4,27.675,81,96,70,W,2,W,10,0.05,,5
2/1/2018,1010.8,30.8,27.0,28.42083333,82,93,75,N,4,NNE,14,0.0,,6
2/2/2018,1009.9,31.0,26.5,28.65,80,87,75,NNE,5,NNE,14,0.5,,3
2/3/2018,1009.8,30.7,27.2,28.4375,79,85,75,NNE,5,NNE,14,0.0,,6
2/4/2018,1010.2,30.0,23.6,26.79166667,90,100,80,VRB,4,NNW,15,70.4,,7
2/5/2018,1011.8,28.6,23.3,25.82041667,89,98,72,VRB,3,NE,21,0.05,,6
2/6/2018,1011.7,30.3,24.2,27.125,86,98,75,SSE,2,SSW,12,2.8,,4
2/7/2018,1011.6,30.9,24.7,27.83333333,83,95,72,VRB,2,S,11,0.05,,3
2/8/2018,1010.6,31.5,26.5,28.50416667,78,91,70,VRB,2,NE,9,0.0,,2
2/9/2018,1010.9,30.5,26.8,28.47916667,78,84,73,N,4,NNW,12,0.05,,2
2/10/2018,1011.6,30.4,24.4,28.10833333,81,98,73,N,4,E,17,9.6,,4
2/11/2018,1011.8,31.5,24.0,28.8125,79,91,67,ESE,3,ESE,11,0.0,,4
2/12/2018,1013.1,31.4,26.3,28.3,79,97,66,VRB,2,N,9,0.0,,2
2/13/2018,1014.2,30.8,25.3,28.29166667,81,93,73,N,3,NNE,13,0.0,,3
2/14/2018,1013.2,31.4,26.6,28.90833333,78,87,71,NNE,5,E,18,0.0,,5
2/15/2018,1013.1,31.4,24.6,28.7,82,93,75,E,4,NE,19,3.2,,7
2/16/2018,1012.7,30.8,24.1,27.6875,87,97,78,E,3,ENE,20,21.8,,7
2/17/2018,1010.8,29.8,25.0,26.70833333,91,97,81,VRB,2,S,15,3.1,,7
2/18/2018,1010.1,30.6,26.1,28.13333333,79,90,67,E,3,ENE,15,0.2,,4
2/19/2018,1009.3,31.7,27.4,29.16666667,75,85,65,NNE,4,NNE,13,0.0,,4
2/20/2018,1009.4,31.0,27.2,28.92083333,75,81,69,NNE,6,NNE,17,0.0,,5
2/21/2018,1009.4,31.0,24.3,28.4875,74,82,67,NNE,4,NNE,14,0.0,,6
2/22/2018,1008.5,31.4,26.6,28.22916667,76,94,69,NNE,4,NNE,13,0.0,,6
2/23/2018,1008.9,31.4,27.0,28.7,72,79,65,E,4,ENE,14,0.0,,3
2/24/2018,1009.5,31.6,27.2,29.025,76,80,69,E,4,E,13,0.0,,4
2/25/2018,1009.6,31.4,24.2,28.54583333,79,97,69,VRB,2,SE,10,0.0,,4
2/26/2018,1009.9,30.9,25.0,27.575,84,98,77,VRB,3,NNW,18,0.0,,5
2/27/2018,1008.8,31.5,24.7,28.82916667,82,95,71,VRB,3,ENE,14,0.7,,3
2/28/2018,1008.6,31.8,27.2,28.83333333,81,97,69,VRB,2,NNE,10,0.6,,3
3/1/2018,1008.4,31.2,26.8,28.94583333,83,89,76,NNE,4,NNE,12,0.8,,4
3/2/2018,1008.5,31.8,24.6,29.13333333,82,93,73,E,4,S,19,2.8,,5
3/3/2018,1009.1,30.3,24.0,26.02916667,92,100,81,VRB,2,NNW,12,2.6,,7
3/4/2018,1008.9,31.6,24.3,28.03333333,83,99,71,VRB,2,ESE,8,0.0,,4
3/5/2018,1009.2,31.0,24.6,28.3125,82,96,73,NNW,4,NW,23,0.05,,4
3/6/2018,1009.5,31.0,26.6,28.52916667,82,90,75,NNE,6,NNE,17,0.05,,4
3/7/2018,1010.1,31.0,23.0,27.1,88,98,78,NW,6,NW,28,44.9,,7
3/8/2018,1009.9,30.8,26.0,28.28333333,85,97,76,NNW,5,N,14,0.0,,7
3/9/2018,1009.4,31.1,27.0,28.86666667,80,87,74,NNW,8,NW,18,0.0,,5
3/10/2018,1009.1,31.4,24.2,28.725,82,95,77,N,6,NNW,18,10.8,,6
3/11/2018,1009.3,30.5,25.0,27.94125,84,97,76,N,3,N,12,0.0,,7
3/12/2018,1009.5,30.3,24.4,27.72083333,85,99,75,NNE,3,N,16,0.5,,7
3/13/2018,1009.4,30.9,25.4,27.92083333,86,98,74,VRB,2,WNW,12,0.0,,3
3/14/2018,1009.5,31.1,27.1,28.84166667,80,89,70,SW,5,SSW,13,0.05,,2
3/15/2018,1009.6,31.6,25.0,28.9625,80,89,73,WSW,4,W,11,0.0,,5
3/16/2018,1008.6,31.1,27.0,28.64583333,79,95,70,NW,4,NW,11,0.0,,2
3/17/2018,1008.9,31.2,27.3,28.94166667,78,84,72,N,6,N,17,0.0,,2
3/18/2018,1010.0,31.2,25.0,28.72083333,82,96,73,NNE,4,NNE,13,0.0,,2
3/19/2018,1010.5,31.6,26.2,29.375,81,94,73,NE,4,SE,14,3.8,,3
3/20/2018,1010.7,32.0,28.0,29.7,77,86,69,E,5,E,15,0.0,,3
3/21/2018,1011.1,31.5,24.9,28.5375,80,93,66,SSE,3,SSE,14,0.0,,4
3/22/2018,1010.3,31.1,25.5,28.025,84,97,74,WNW,5,W,15,1.2,,4
3/23/2018,1009.9,31.5,26.5,28.70833333,81,90,73,NW,5,WNW,15,0.05,,5
3/24/2018,1010.2,31.2,25.0,28.69166667,82,91,73,NW,4,NW,19,0.0,,5
3/25/2018,1011.0,31.5,24.0,28.35416667,82,95,67,NW,2,WNW,11,1.9,,5
3/26/2018,1011.3,31.5,25.8,28.5,78,93,67,N,3,N,12,0.05,,4
3/27/2018,1010.9,31.4,25.5,28.37916667,80,94,68,VRB,0,E,6,0.0,,6
3/28/2018,1010.7,32.2,24.5,28.2875,83,97,69,VRB,1,W,18,0.05,,6
3/29/2018,1010.8,32.2,24.2,28.0,83,99,69,VRB,0,SSW,8,0.0,,2
3/30/2018,1010.7,32.0,27.2,29.09166667,77,95,67,W,5,W,21,0.3,,3
3/31/2018,1010.0,32.0,24.2,29.25416667,79,85,71,W,4,WNW,30,6.3,,5
4/1/2018,1009.7,30.6,23.4,27.89166667,83,97,76,S,5,SSW,14,19.4,,6
4/2/2018,1009.9,31.5,24.5,27.81666667,84,98,69,VRB,5,S,15,6.2,,5
4/3/2018,1009.0,31.8,24.1,28.22083333,83,99,69,VRB,2,SSE,10,0.0,,2
4/4/2018,1007.9,31.9,25.5,28.44583333,80,96,67,VRB,2,W,9,0.0,,2
4/5/2018,1007.4,32.4,24.5,29.1875,77,92,67,WSW,4,SW,16,7.0,,3
4/6/2018,1008.6,31.4,24.6,27.725,85,96,73,VRB,2,N,23,0.5,,6
4/7/2018,1008.7,31.7,24.5,28.47916667,82,97,68,VRB,1,WNW,10,0.0,,4
4/8/2018,1008.8,32.2,25.4,28.40833333,79,96,63,VRB,1,NNW,7,0.0,,2
4/9/2018,1008.8,32.6,24.7,28.30416667,84,97,69,VRB,0,NE,6,13.2,,6
4/10/2018,1008.1,32.0,25.0,29.09583333,81,100,69,S,5,SSE,17,3.5,,5
4/11/2018,1008.6,30.6,23.6,27.14583333,88,100,78,W,5,N,23,32.7,,7
4/12/2018,1009.0,30.2,24.6,27.5875,84,97,75,W,7,NNW,26,4.7,,7
4/13/2018,1009.4,30.7,24.4,27.65,86,97,79,WNW,6,NNW,23,9.9,,7
4/14/2018,1008.8,30.9,26.8,28.79583333,81,95,74,W,4,W,13,0.05,,7
4/15/2018,1009.1,31.4,25.4,27.76666667,86,95,74,SW,4,W,15,1.4,,7
4/16/2018,1009.7,31.6,25.0,28.49166667,83,97,71,VRB,2,SW,15,2.8,,6
4/17/2018,1010.9,31.3,24.1,27.88958333,85,97,76,SSW,4,S,17,11.7,,7
4/18/2018,1010.8,30.3,25.2,27.67083333,85,94,77,WSW,6,W,26,6.6,,6
4/19/2018,1010.3,28.8,24.0,26.7875,89,98,83,SW,5,W,29,27.3,,7
4/20/2018,1010.0,28.4,24.0,26.35833333,92,100,85,WNW,8,W,34,55.8,,8
4/21/2018,1010.2,30.2,26.4,28.2125,82,95,78,SW,6,WSW,14,0.0,,7
4/22/2018,1009.4,30.6,25.4,28.55,83,92,71,W,7,W,19,5.0,,6
4/23/2018,1009.9,31.8,25.4,29.25416667,80,93,74,W,8,W,24,3.6,,6
4/24/2018,1010.4,31.8,28.0,29.41666667,80,88,74,WNW,7,W,16,0.0,,5
4/25/2018,1009.5,31.9,27.0,29.8,80,86,73,WNW,7,W,21,0.05,,3
4/26/2018,1008.9,32.2,27.4,29.5875,81,89,73,W,6,W,17,0.8,,5
4/27/2018,1009.2,32.0,26.2,29.45833333,83,92,76,W,7,W,30,5.3,,5
4/28/2018,1010.5,31.0,24.2,26.9625,89,100,77,W,4,NNW,22,49.9,,7
4/29/2018,1009.7,31.0,24.4,28.5125,85,100,75,W,6,WNW,30,13.2,,7
4/30/2018,1009.7,30.8,27.0,28.54166667,83,95,78,W,9,SW,23,4.2,,6
5/1/2018,1010.2,31.8,26.4,29.09583333,82,89,75,WSW,7,WSW,23,0.3,,6
5/2/2018,1010.0,31.7,28.0,29.85833333,78,85,72,W,9,W,21,0.0,,5
5/3/2018,1009.5,31.5,26.5,29.0875,80,93,73,W,8,NW,23,0.5,,6
5/4/2018,1010.2,30.2,24.9,27.56666667,86,94,81,W,8,WNW,30,10.8,,6
5/5/2018,1010.6,30.6,24.1,28.175,85,98,79,WSW,6,W,23,13.9,,6
5/6/2018,1010.6,31.6,27.0,29.30416667,81,91,72,SW,5,SSW,14,0.3,,5
5/7/2018,1009.5,31.4,25.2,28.7775,84,95,72,WSW,4,SW,12,1.6,,6
5/8/2018,1009.3,31.2,25.6,27.9125,85,97,73,WNW,5,NW,24,5.3,,6
5/9/2018,1010.0,31.4,25.5,28.3125,83,94,71,W,5,WNW,18,0.0,,6
5/10/2018,1010.6,31.3,25.0,27.8875,86,97,77,VRB,3,SSW,16,3.3,,6
5/11/2018,1010.2,30.0,25.0,27.7375,86,97,77,SSW,5,SW,21,3.4,,7
5/12/2018,1009.4,31.4,24.6,28.4125,83,97,74,SSW,3,S,19,2.3,,6
5/13/2018,1009.3,31.3,24.0,27.875,84,97,71,VRB,2,N,15,0.2,,6
5/14/2018,1009.2,31.4,25.5,28.56666667,81,98,73,VRB,2,N,9,0.0,,6
5/15/2018,1008.5,31.6,27.4,29.29583333,77,93,69,SW,4,SW,15,0.0,,5
5/16/2018,1008.1,30.7,24.8,28.78333333,81,97,73,SSW,5,SSW,19,15.9,,7
5/17/2018,1008.6,31.4,24.4,27.9125,86,99,70,S,4,W,30,19.8,,6
5/18/2018,1007.7,31.2,24.2,28.275,84,98,74,SW,6,SW,29,15.64,,6
5/19/2018,1008.7,30.0,24.0,25.88333333,93,100,83,SSW,8,WSW,33,63.8,,7
5/20/2018,1008.7,30.9,24.1,27.90833333,81,100,72,SW,8,WSW,34,18.9,,7
5/21/2018,1008.9,29.5,24.5,27.05833333,88,96,79,VRB,2,NW,18,6.5,,6
5/22/2018,1009.2,31.5,23.7,28.225,84,97,73,SSW,4,W,23,14.3,,5
5/23/2018,1009.5,31.2,25.0,28.09166667,85,95,75,WNW,7,NNW,30,7.0,,6
5/24/2018,1009.4,29.4,24.9,27.675,84,90,78,SSW,7,N,31,0.1,,7
5/25/2018,1008.8,31.2,23.5,28.52083333,81,100,72,W,6,NNW,29,5.5,,6
5/26/2018,1009.1,30.0,23.6,27.55416667,88,97,84,SW,5,WNW,30,33.4,,7
5/27/2018,1009.3,31.0,25.8,29.19583333,80,89,76,WSW,8,W,29,0.5,,6
5/28/2018,1009.5,31.4,25.4,28.68333333,82,92,73,W,11,W,33,4.1,,6
5/29/2018,1008.9,31.6,26.8,29.67916667,79,86,72,WNW,12,WNW,25,0.7,,6
5/30/2018,1009.2,31.9,26.5,29.09166667,83,92,76,W,9,SW,22,12.7,,7
5/31/2018,1009.5,30.2,25.4,28.47916667,85,97,81,WSW,7,SW,21,2.4,,7
6/1/2018,1009.7,31.4,27.6,29.19583333,81,92,73,WSW,7,WSW,18,1.0,,6
6/2/2018,1009.7,31.6,27.6,29.4,78,83,74,WSW,8,WSW,18,0.05,,6
6/3/2018,1009.3,31.4,27.2,29.175,76,80,72,SW,6,SW,16,0.5,,6
6/4/2018,1008.5,30.3,23.2,26.75833333,87,100,76,SSW,5,WNW,28,46.1,,7
6/5/2018,1009.4,31.4,25.5,28.57916667,81,95,73,SSW,5,SSW,14,0.05,,7
6/6/2018,1012.4,31.2,22.4,26.00833333,89,100,75,SSW,5,NW,42,33.1,,7
6/7/2018,1012.1,30.8,25.9,28.30833333,82,98,75,S,5,S,16,0.0,,6
6/8/2018,1011.0,31.2,25.9,28.80833333,80,92,74,SSW,5,S,14,0.05,,5
6/9/2018,1010.3,30.9,25.1,27.40416667,90,98,76,VRB,3,NNW,19,15.1,,6
6/10/2018,1010.8,30.8,26.9,28.47083333,83,93,71,S,4,S,15,0.7,,6
6/11/2018,1011.2,30.8,27.1,28.43333333,82,89,77,S,7,S,15,0.8,,6
6/12/2018,1010.9,30.8,23.2,27.32083333,81,93,72,S,6,W,28,6.2,,6
6/13/2018,1010.7,30.8,27.0,28.77083333,80,89,72,VRB,3,S,10,0.6,,6
6/14/2018,1010.6,31.2,26.0,28.75833333,84,97,77,ESE,3,NE,12,0.7,,6
6/15/2018,1011.5,31.4,22.4,27.56666667,88,100,76,SE,3,N,22,31.1,,7
6/16/2018,1012.3,30.9,24.5,27.8875,83,94,73,VRB,2,N,15,0.0,,7
6/17/2018,1012.1,31.0,25.6,28.1625,81,97,70,VRB,1,N,9,0.0,,7
6/18/2018,1011.1,31.3,24.5,29.1375,77,82,71,SE,3,SE,19,8.5,,6
6/19/2018,1010.7,31.5,23.6,27.85416667,83,100,72,SE,6,S,21,30.7,,6
6/20/2018,1011.4,29.1,24.0,25.4,94,100,86,VRB,2,SSE,15,2.9,,7
6/21/2018,1011.2,30.9,25.0,28.21666667,77,90,68,SSW,4,S,12,0.0,,6
6/22/2018,1010.9,30.1,23.0,27.02083333,85,98,73,VRB,3,W,25,7.8,,6
6/23/2018,1010.5,31.3,26.0,28.17083333,81,97,69,W,3,SW,11,0.0,,4
6/24/2018,1010.9,31.3,24.0,28.24166667,81,97,70,S,5,WNW,32,10.6,,6
6/25/2018,1010.2,30.6,24.4,27.75833333,83,97,73,WNW,3,N,11,13.5,,6
6/26/2018,1009.9,31.0,24.4,27.59166667,85,97,70,SW,4,NW,21,9.5,,6
6/27/2018,1009.0,30.4,26.6,28.03333333,81,98,75,SW,4,WSW,16,0.2,,7
6/28/2018,1008.8,31.2,26.6,28.89166667,74,83,68,WSW,5,SW,14,0.0,,6
6/29/2018,1008.1,31.4,25.6,28.53333333,75,86,68,W,4,W,10,0.0,,6
6/30/2018,1009.1,31.4,24.3,28.01666667,81,97,69,VRB,2,W,10,0.0,,5
7/1/2018,1009.8,31.5,23.6,27.76666667,83,97,68,VRB,1,WNW,9,0.0,,2
7/2/2018,1009.7,31.9,24.0,27.80416667,82,97,67,VRB,0,ESE,6,0.0,,4
7/3/2018,1010.3,31.8,24.0,28.1875,80,96,68,VRB,1,ESE,9,0.0,,3
7/4/2018,1011.0,32.2,27.1,29.1625,75,92,66,VRB,3,SSE,10,0.0,,3
7/5/2018,1010.5,31.8,24.0,28.00416667,82,97,72,VRB,2,S,15,0.0,,4
7/6/2018,1010.4,32.0,26.4,28.7625,79,97,68,VRB,2,N,13,0.0,,6
7/7/2018,1010.7,30.4,24.6,28.075,79,87,72,WNW,8,NW,32,9.4,,6
7/8/2018,1010.4,31.4,24.7,28.11666667,82,90,73,W,4,W,22,0.05,,6
7/9/2018,1010.9,31.4,27.0,28.90833333,77,84,68,S,5,SW,13,0.0,,3
7/10/2018,1010.7,31.2,27.5,29.19166667,76,82,70,SE,4,SSE,10,0.0,,6
7/11/2018,1010.7,31.4,26.2,29.19166667,78,87,71,ESE,4,ESE,16,0.5,,6
7/12/2018,1010.4,32.1,22.6,27.11666667,86,100,72,SSW,6,W,27,25.1,,7
7/13/2018,1009.8,30.3,27.0,28.34166667,79,85,69,S,6,S,16,0.05,,6
7/14/2018,1009.0,31.4,27.6,29.15,79,86,72,S,7,S,16,0.0,,6
7/15/2018,1008.7,31.5,27.8,29.40416667,80,87,73,SSE,5,SSE,14,1.4,,6
7/16/2018,1009.2,30.8,25.6,28.80833333,84,92,78,VRB,3,SE,13,0.5,,7
7/17/2018,1009.3,31.4,25.0,28.34583333,85,98,76,VRB,1,NNE,9,4.1,,7
7/18/2018,1009.6,30.8,25.4,28.27083333,86,97,77,WNW,4,NW,23,14.0,,7
7/19/2018,1010.6,30.4,25.2,27.92916667,86,97,78,WSW,3,NW,15,4.0,,6
7/20/2018,1010.6,30.0,25.0,27.39166667,88,97,77,VRB,2,SW,13,0.5,,7
7/21/2018,1011.3,30.2,23.0,27.2875,88,100,73,VRB,3,NNE,15,60.0,,7
7/22/2018,1010.2,30.0,24.6,27.34166667,86,97,79,E,4,NW,16,7.7,,7
7/23/2018,1010.4,29.3,23.8,26.36666667,89,98,79,WNW,10,WNW,27,67.2,,7
7/24/2018,1011.6,29.5,24.3,27.8375,81,87,77,W,8,W,29,3.7,,7
7/25/2018,1011.4,30.9,26.7,28.96666667,77,83,72,W,9,W,24,0.0,,5
7/26/2018,1011.2,31.4,26.0,28.96666667,77,91,72,NW,12,NW,25,3.1,,6
7/27/2018,1011.4,30.9,25.8,28.72916667,74,86,63,NW,12,NW,27,1.3,,6
7/28/2018,1011.1,31.1,27.0,28.95,76,86,71,NW,10,NW,22,0.0,,6
7/29/2018,1010.8,31.2,24.0,28.25,77,92,69,WNW,5,NNW,16,0.0,,5
7/30/2018,1011.3,30.6,23.8,27.4625,79,95,67,VRB,2,WSW,11,0.0,,5
7/31/2018,1011.5,30.6,26.9,28.4875,75,90,69,SSE,5,SSE,12,0.0,,6
8/1/2018,1011.5,30.8,27.1,28.9375,76,82,68,SSE,5,SSE,14,0.0,,6
8/2/2018,1012.0,30.8,25.4,28.98333333,79,85,70,SSE,5,SE,14,0.05,,7
8/3/2018,1012.2,31.0,24.0,28.47916667,80,95,74,SE,3,SE,12,0.0,,6
8/4/2018,1012.6,30.9,24.6,27.35416667,84,98,71,VRB,2,SW,9,0.0,,6
8/5/2018,1013.4,31.0,23.6,28.45416667,79,95,71,SW,6,SW,14,0.05,,4
8/6/2018,1012.2,30.7,24.0,28.6375,77,89,71,SSW,7,SW,15,0.0,,6
8/7/2018,1010.7,31.0,26.8,28.52916667,77,84,71,SW,5,SW,16,0.0,,6
8/8/2018,1010.5,30.9,25.4,28.23333333,80,93,72,SW,4,SW,13,0.0,,5
8/9/2018,1011.9,31.2,26.3,27.85,82,96,72,SSW,3,SW,10,0.05,,6
8/10/2018,1013.1,30.6,22.5,27.68333333,83,97,72,S,3,SW,11,0.0,,4
8/11/2018,1012.5,30.7,26.5,28.2375,79,88,70,S,5,S,14,0.0,,6
8/12/2018,1011.1,30.8,26.6,28.56666667,81,92,73,S,8,SSW,19,7.1,,6
8/13/2018,1010.7,31.2,25.0,28.43333333,82,91,73,S,11,S,23,4.7,,7
8/14/2018,1010.8,31.2,26.8,28.8625,78,86,71,S,11,S,21,0.0,,7
8/15/2018,1010.9,30.8,24.5,28.47083333,81,88,75,S,7,S,17,0.05,,7
8/16/2018,1010.8,31.2,23.0,28.93333333,81,87,73,S,7,S,17,0.0,,7
8/17/2018,1009.5,31.5,21.4,28.66666667,81,93,72,S,9,S,20,1.3,,6
8/18/2018,1010.0,30.2,23.2,27.84583333,82,95,75,SSW,7,W,27,8.9,,7
8/19/2018,1010.4,30.6,26.0,28.19166667,81,88,73,SW,5,SSW,14,0.0,,7
8/20/2018,1010.9,31.0,23.5,28.72083333,79,85,70,SSW,6,SW,14,0.0,,7
8/21/2018,1010.6,31.1,22.6,28.15,83,97,75,SSW,4,SSW,13,0.0,,7
8/22/2018,1010.5,31.2,23.6,28.45,82,96,72,NW,3,NW,11,0.0,,4
8/23/2018,1010.9,31.0,27.0,28.82083333,79,88,69,N,5,NNW,15,0.0,,4
8/24/2018,1010.8,30.9,26.6,27.8875,81,97,71,N,2,N,10,0.0,,6
8/25/2018,1010.4,31.2,26.8,27.3875,84,98,71,VRB,0,N,7,0.0,,7
8/26/2018,1009.5,31.2,26.8,27.92583333,83,97,72,VRB,2,NW,12,0.0,,7
8/27/2018,1009.6,31.2,22.5,28.5125,81,95,72,NNW,3,NNW,11,0.0,,6
8/28/2018,1010.3,31.6,23.0,28.50833333,82,94,73,VRB,2,NW,13,0.0,,5
8/29/2018,1010.7,32.0,25.6,28.875,80,95,70,NNE,2,NNW,10,0.0,,6
8/30/2018,1011.1,32.3,24.5,28.41666667,82,96,70,VRB,1,NE,9,0.0,,7
8/31/2018,1011.6,32.0,24.0,28.2,81,97,67,VRB,1,NW,9,0.05,,7
9/1/2018,1011.8,32.3,24.0,28.03333333,81,96,65,VRB,1,NNW,9,0.0,,3
9/2/2018,1011.7,31.9,25.9,28.56666667,77,95,66,VRB,2,WSW,12,0.05,,4
9/3/2018,1011.7,31.0,23.9,27.55416667,83,95,73,VRB,2,S,13,0.0,,6
9/4/2018,1011.9,31.4,24.0,27.87916667,82,97,69,VRB,1,W,8,1.2,,6
9/5/2018,1012.1,31.7,22.6,27.95416667,82,98,69,VRB,3,NNW,16,13.8,,5
9/6/2018,1012.3,31.0,22.6,26.97916667,83,92,77,SSW,7,S,31,28.2,,7
9/7/2018,1012.1,28.6,23.0,25.575,90,100,79,W,5,SSW,19,2.3,,7
9/8/2018,1010.7,30.6,26.5,28.1,78,97,70,WNW,4,WNW,11,0.0,,4
9/9/2018,1011.2,31.2,27.2,28.90833333,75,81,69,W,5,W,13,0.0,,4
9/10/2018,1012.2,31.4,27.2,29.05833333,76,81,72,SW,5,SW,14,0.0,,6
9/11/2018,1012.3,31.2,25.0,28.7375,82,92,75,NW,6,NW,15,2.9,,4
9/12/2018,1011.1,31.4,26.0,28.6,80,92,75,NW,7,WNW,23,4.2,,6
9/13/2018,1010.4,31.3,25.2,28.80833333,79,94,73,WNW,6,WNW,17,4.6,,5
9/14/2018,1011.2,31.0,26.4,28.64583333,80,88,74,W,7,W,21,0.3,,6
9/15/2018,1011.8,30.5,22.9,26.54166667,87,99,75,W,6,W,27,31.1,,7
9/16/2018,1011.3,29.3,25.6,27.80416667,80,91,76,W,7,WNW,26,0.05,,7
9/17/2018,1010.8,31.3,23.1,27.8625,84,100,72,WSW,6,SSW,25,37.8,,7
9/18/2018,1010.9,30.6,23.9,27.69166667,85,98,75,SW,3,SSW,16,16.3,,6
9/19/2018,1010.5,30.6,22.2,26.69166667,89,100,76,W,5,N,27,72.2,,7
9/20/2018,1010.2,29.5,24.3,27.43333333,84,95,76,W,9,W,40,2.9,,7
9/21/2018,1010.8,29.2,25.3,27.375,83,92,73,W,5,WNW,27,0.05,,7
9/22/2018,1011.5,30.6,24.6,27.69583333,85,99,74,SSW,3,S,15,5.2,,7
9/23/2018,1012.4,31.5,23.6,27.725,84,98,72,VRB,2,WSW,18,33.8,,6
9/24/2018,1012.1,30.6,26.8,28.175,81,89,77,W,5,SSW,22,1.6,,6
9/25/2018,1011.0,31.3,26.2,28.87083333,78,89,71,W,7,WNW,20,0.0,,6
9/26/2018,1010.3,31.0,24.4,27.24583333,86,99,77,W,10,W,26,12.2,,6
9/27/2018,1010.1,29.7,23.4,26.39166667,89,98,80,W,13,WNW,33,81.2,,7
9/28/2018,1010.5,27.6,23.2,25.5875,92,100,84,WNW,12,WNW,35,68.5,,7
9/29/2018,1010.2,30.4,24.4,28.325,78,91,72,W,6,W,23,0.5,,6
9/30/2018,1009.9,30.8,23.6,28.49583333,80,90,75,W,8,WSW,18,29.0,,4
10/1/2018,1010.2,29.9,23.3,26.44166667,88,98,74,W,10,W,31,42.6,,7
10/2/2018,1009.7,30.6,24.8,28.52916667,80,90,74,W,11,W,30,0.05,,6
10/3/2018,1009.0,31.0,26.5,29.10416667,77,87,74,WNW,11,W,28,0.3,,6
10/4/2018,1008.9,30.8,24.8,28.4375,81,94,75,WNW,14,WNW,33,9.4,,6
10/5/2018,1009.1,30.8,22.4,27.71666667,84,95,74,WNW,14,WNW,40,35.0,,7
10/6/2018,1009.1,29.3,25.0,27.37916667,86,92,80,W,11,WNW,33,4.3,,7
10/7/2018,1008.3,29.5,24.2,27.60833333,87,97,81,W,9,WNW,34,18.6,,7
10/8/2018,1008.5,30.7,25.6,28.79166667,82,89,76,WNW,9,NW,33,0.05,,7
10/9/2018,1008.8,31.2,23.0,28.2125,85,94,76,WNW,10,WNW,36,15.2,,6
10/10/2018,1009.6,31.5,27.0,28.89166667,81,89,73,NNW,8,WNW,17,0.0,,6
10/11/2018,1010.7,31.0,25.1,28.5375,80,95,71,NNW,7,NNW,18,0.0,,6
10/12/2018,1011.3,30.7,24.6,27.90833333,83,95,71,NW,2,NW,10,0.0,,5
10/13/2018,1012.1,30.8,24.0,27.97916667,81,95,70,VRB,3,SW,11,0.0,,5
10/14/2018,1012.5,31.2,23.4,27.35416667,83,97,66,VRB,1,SW,10,0.0,,2
10/15/2018,1012.5,30.8,22.9,26.90416667,85,100,72,VRB,1,NE,8,0.0,,2
10/16/2018,1012.8,31.2,24.2,27.58333333,84,99,68,VRB,1,WSW,12,0.0,,3
10/17/2018,1012.1,31.8,24.5,27.8875,82,99,68,VRB,1,SE,9,9.0,,5
10/18/2018,1011.0,30.9,26.2,28.5875,77,97,71,N,3,N,9,0.0,,4
10/19/2018,1011.3,31.4,25.8,28.54166667,79,90,71,VRB,2,ENE,11,0.05,,5
10/20/2018,1012.1,31.4,24.8,27.92083333,85,97,73,VRB,2,SSE,15,0.4,,5
10/21/2018,1013.1,30.4,23.8,26.62083333,88,100,70,SSW,4,SSW,22,27.4,,7
10/22/2018,1012.5,31.1,27.5,28.35,80,100,71,W,4,W,15,0.0,,6
10/23/2018,1012.8,30.0,23.6,26.99583333,86,98,75,W,7,WNW,22,23.7,,7
10/24/2018,1012.2,30.1,24.5,27.45,84,95,76,W,6,SSW,21,4.2,,5
10/25/2018,1011.7,31.4,23.5,28.12916667,82,97,73,W,7,WNW,20,11.5,,5
10/26/2018,1012.1,30.1,24.0,27.28333333,84,94,78,SW,7,SW,21,3.2,,7
10/27/2018,1012.1,29.0,24.1,26.89166667,87,97,78,WSW,8,WSW,25,9.2,,6
10/28/2018,1011.8,28.2,23.2,25.7,92,100,83,W,10,SSW,29,77.6,,7
10/29/2018,1010.4,30.0,24.2,27.12916667,86,100,74,WSW,8,SW,23,28.0,,7
10/30/2018,1010.8,27.4,23.6,25.70833333,92,100,84,WNW,6,WSW,25,38.7,,7
10/31/2018,1010.4,29.8,24.3,26.84583333,89,98,78,W,9,W,25,19.6,,7
11/1/2018,1009.7,30.0,23.6,27.0,89,99,79,WNW,11,WNW,31,47.7,,7
11/2/2018,1010.0,28.0,23.6,26.30416667,91,100,86,WNW,6,NNE,18,74.3,,7
11/3/2018,1009.9,30.5,24.6,28.09583333,82,88,74,NW,4,WNW,11,0.0,,5
11/4/2018,1010.5,31.4,24.8,27.7125,83,97,70,VRB,1,N,12,0.3,,6
11/5/2018,1010.6,31.5,23.7,27.875,82,94,70,VRB,1,W,9,0.0,,6
11/6/2018,1011.3,31.2,25.0,27.825,81,97,65,VRB,2,W,12,0.0,,6
11/7/2018,1011.5,31.2,24.4,28.1875,80,95,74,W,6,W,23,10.5,,7
11/8/2018,1011.0,29.9,23.6,26.5,89,97,76,W,9,NW,30,56.3,,7
11/9/2018,1010.0,30.5,25.6,27.72083333,83,95,76,WNW,11,NW,30,0.05,,6
11/10/2018,1011.0,31.1,24.5,28.45833333,82,88,77,W,10,W,31,1.1,,7
11/11/2018,1012.2,30.5,25.9,28.40416667,81,93,75,W,9,W,21,2.7,,6
11/12/2018,1011.9,30.9,27.0,28.71666667,77,83,73,W,9,W,19,0.0,,3
11/13/2018,1010.4,30.7,25.0,28.67916667,79,90,73,W,10,W,29,3.1,,3
11/14/2018,1010.4,30.0,25.0,27.85416667,82,91,74,WNW,8,WNW,25,2.9,,5
11/15/2018,1010.6,30.9,26.6,28.5125,79,85,74,WNW,7,WNW,16,0.0,,4
11/16/2018,1011.0,30.8,26.6,28.4125,79,85,70,W,7,W,16,0.05,,2
11/17/2018,1011.0,31.0,23.5,28.2875,80,96,71,W,8,WNW,24,16.2,,5
11/18/2018,1011.1,30.5,24.5,28.18333333,83,97,75,W,7,W,20,2.9,,3
11/19/2018,1012.0,30.4,24.9,28.08333333,83,93,77,W,6,W,19,2.5,,5
11/20/2018,1012.2,31.2,25.4,28.53333333,81,90,73,W,7,WNW,19,0.3,,3
11/21/2018,1011.7,30.8,26.1,28.35,82,97,77,NW,6,NW,15,2.7,,3
11/22/2018,1011.5,30.6,23.6,27.45,86,98,73,NNW,2,NNW,12,0.0,,3
11/23/2018,1012.5,31.0,25.9,28.20416667,83,98,74,S,3,S,11,1.4,,2
11/24/2018,1013.3,31.4,24.0,27.95,84,97,75,S,3,S,15,0.0,,3
11/25/2018,1012.5,31.1,25.8,28.12083333,81,96,69,VRB,3,NNW,10,0.0,,2
11/26/2018,1011.2,31.3,26.2,28.79166667,79,89,67,NNW,3,E,12,1.5,,4
11/27/2018,1010.6,31.4,24.1,27.47083333,89,99,73,VRB,1,NNW,15,27.1,,6
11/28/2018,1011.0,30.9,23.8,27.60416667,88,98,75,SSW,4,S,25,11.9,,7
11/29/2018,1011.8,31.4,24.2,27.77083333,86,98,75,W,4,W,15,25.2,,6
11/30/2018,1011.8,29.7,24.0,27.4,87,100,79,N,3,W,12,12.9,,5
12/1/2018,1009.6,31.4,25.2,28.64583333,83,94,74,E,3,E,18,6.5,,3
12/2/2018,1008.3,31.4,24.6,28.02083333,87,97,78,E,2,NE,15,9.4,,5
12/3/2018,1009.5,29.5,23.4,25.80833333,93,99,86,VRB,2,NNE,14,6.3,,6
12/4/2018,1010.5,30.7,25.4,26.775,89,100,74,VRB,2,WNW,16,8.8,,6
12/5/2018,1010.2,30.3,24.5,27.5,86,98,77,VRB,3,N,11,0.0,,6
12/6/2018,1009.5,30.8,24.6,27.2375,89,97,78,VRB,2,NW,21,3.8,,6
12/7/2018,1010.2,30.4,24.0,27.15833333,89,100,78,WNW,5,WSW,25,27.2,,7
12/8/2018,1010.4,30.3,25.1,27.9625,85,98,74,N,4,N,15,3.5,,6
12/9/2018,1010.7,31.3,24.2,28.40833333,82,100,72,NNE,3,NNE,19,14.0,,7
12/10/2018,1010.8,30.6,25.0,27.70416667,84,100,74,N,4,NNE,19,0.0,,7
12/11/2018,1011.7,31.0,24.3,28.59166667,80,86,73,N,6,NNW,16,2.3,,7
12/12/2018,1013.2,29.0,24.0,27.30416667,83,99,76,WNW,8,SW,24,6.9,,7
12/13/2018,1012.6,30.6,25.5,28.34166667,82,93,74,NW,6,W,23,1.3,,7
12/14/2018,1012.3,30.8,23.6,28.08333333,84,94,78,NW,6,W,24,3.6,,7
12/15/2018,1011.5,30.6,26.0,28.0625,82,90,75,WNW,7,NW,18,0.4,,6
12/16/2018,1011.5,30.5,26.0,28.30416667,78,88,74,NW,6,NW,17,2.1,,6
12/17/2018,1011.8,31.0,27.1,28.6875,76,82,71,NNW,8,NNW,17,0.0,,6
12/18/2018,1011.6,31.0,26.6,28.60416667,77,82,70,N,5,N,12,0.0,,6
12/19/2018,1011.9,30.8,26.5,28.60833333,75,81,67,NE,2,NE,10,0.0,,4
12/20/2018,1011.7,31.0,23.1,28.23333333,75,96,65,VRB,2,E,9,0.0,,2
12/21/2018,1011.3,31.4,22.0,26.93375,80,96,63,VRB,1,ESE,7,0.0,,1
12/22/2018,1011.2,31.2,22.6,26.60416667,78,97,60,VRB,1,S,10,0.0,,1
12/23/2018,1011.4,30.8,22.9,27.3,79,96,62,VRB,2,NNE,9,0.0,,1
12/24/2018,1011.7,31.2,23.0,26.7875,85,98,70,VRB,0,WNW,9,0.0,,2
12/25/2018,1011.8,31.5,23.6,27.2,83,99,68,VRB,1,S,7,0.0,,1
12/26/2018,1012.2,31.4,24.4,27.8125,81,94,68,VRB,2,W,10,0.0,,2
12/27/2018,1011.3,31.1,23.5,27.95833333,81,97,68,WNW,4,NNW,21,69.6,,4
12/28/2018,1010.9,30.5,24.5,27.44583333,86,99,76,NW,4,W,16,5.1,,6
12/29/2018,1011.7,31.1,23.7,27.94583333,84,97,74,WNW,3,W,15,8.8,,5
12/30/2018,1013.0,30.6,24.6,27.25,85,98,78,E,3,E,19,1.8,,7
12/31/2018,1013.4,30.2,25.6,28.15416667,82,92,77,E,4,NNE,19,2.1,,6
1/1/2019,1013.7,31.0,24.6,27.00416667,89,99,76,E,4,N,17,27.4,,7
1/2/2019,1013.3,31.0,26.9,28.43333333,82,90,74,E,5,ESE,16,0.0,,7
1/3/2019,1013.2,31.5,24.0,28.42083333,84,100,73,E,5,E,20,105.9,,6
1/4/2019,1013.4,30.0,23.1,25.7875,94,100,86,E,4,NE,32,108.7,,7
1/5/2019,1012.2,29.8,26.0,27.62916667,83,91,77,ENE,3,NE,16,0.8,,6
1/6/2019,1011.0,29.6,25.2,27.99583333,81,96,75,NNE,5,NNE,19,5.9,,7
1/7/2019,1010.7,30.7,26.5,28.2375,76,81,71,NNE,5,NNE,16,0.0,,7
1/8/2019,1010.4,30.3,26.9,28.21666667,74,81,68,NNE,6,NNE,19,0.05,,6
1/9/2019,1010.1,31.0,24.7,28.4625,81,93,78,NNE,5,ESE,26,12.0,,6
1/10/2019,1011.0,29.4,24.3,26.91666667,89,97,82,E,4,E,26,7.1,,7
1/11/2019,1012.1,29.5,25.0,27.09583333,86,97,78,N,4,NNE,16,0.05,,6
1/12/2019,1011.8,30.4,26.8,28.34583333,80,87,75,NE,4,NNE,15,0.0,,6
1/13/2019,1011.4,30.9,26.6,28.5625,79,87,71,NNE,4,NE,15,0.05,,3
1/14/2019,1011.0,31.0,26.8,28.44166667,81,90,74,E,4,E,13,0.0,,4
1/15/2019,1011.1,31.2,26.1,28.63333333,82,94,74,ENE,3,ENE,12,2.8,,4
1/16/2019,1011.0,30.8,26.6,28.25416667,83,90,74,ENE,3,E,16,0.05,,6
1/17/2019,1010.8,29.4,23.6,26.675,89,99,78,E,3,E,12,45.8,,7
1/18/2019,1011.6,27.5,23.5,25.975,89,97,82,W,4,E,15,23.4,,7
1/19/2019,1012.0,29.6,25.0,27.19583333,82,93,73,NNE,5,NNE,16,8.7,,7
1/20/2019,1012.6,30.0,26.0,27.90416667,74,81,69,NNE,5,NNE,17,0.0,,6
1/21/2019,1012.7,29.5,24.8,27.52916667,74,80,67,NNE,4,NNE,13,0.0,,6
1/22/2019,1012.2,30.0,26.0,27.7,76,83,71,NNE,5,NNE,17,0.0,,5
1/23/2019,1012.6,29.7,26.0,27.79166667,75,82,71,N,5,N,14,0.0,,6
1/24/2019,1012.9,29.5,26.0,27.425,75,80,68,NNE,5,N,15,0.0,,6
1/25/2019,1012.5,29.6,25.8,27.6375,78,86,70,NNE,4,N,12,0.0,,4
1/26/2019,1012.7,30.0,26.1,27.92916667,78,87,72,NNE,3,NNE,11,0.0,,4
1/27/2019,1012.8,30.4,26.2,27.93333333,79,86,73,N,4,N,14,0.0,,4
1/28/2019,1012.6,30.4,26.4,28.12083333,78,84,71,N,5,N,14,0.0,,3
1/29/2019,1012.1,30.0,27.0,28.19583333,79,83,75,N,5,N,14,0.0,,6
1/30/2019,1011.8,29.5,23.4,27.37083333,84,97,75,NNE,7,NW,25,10.0,,5
1/31/2019,1011.7,31.0,27.0,28.625,80,85,72,NNE,5,NNE,16,0.05,,5
2/1/2019,1011.4,31.5,27.0,28.70833333,79,84,73,NNE,4,NNE,19,0.0,,4
2/2/2019,1011.2,30.6,27.2,28.59166667,79,86,73,NNE,5,NNE,14,0.0,,6
2/3/2019,1011.6,31.6,27.6,28.9125,80,88,73,NE,3,NE,14,0.0,,6
2/4/2019,1012.8,31.8,27.4,29.3125,82,90,74,ENE,4,ENE,12,0.0,,4
2/5/2019,1012.6,32.0,26.5,29.25416667,82,89,75,E,4,E,13,0.0,,3
2/6/2019,1011.3,31.1,27.0,28.74583333,82,90,76,VRB,3,NE,12,0.0,,2
2/7/2019,1012.0,31.6,23.5,28.30833333,84,97,72,ESE,2,ESE,15,3.7,,3
2/8/2019,1012.9,31.3,24.1,27.60416667,85,96,72,VRB,3,S,23,0.6,,5
2/9/2019,1012.6,31.6,24.6,27.54583333,86,99,68,SSW,4,SSW,21,6.0,,4
2/10/2019,1012.6,31.1,26.3,28.6,83,100,74,VRB,2,NNW,10,0.0,,3
2/11/2019,1011.7,31.1,25.2,28.975,82,94,73,NNE,5,NNE,15,3.0,,4
2/12/2019,1011.9,32.5,26.4,29.53333333,81,94,73,NNE,5,NE,21,5.4,,4
2/13/2019,1012.8,31.0,26.5,28.65416667,82,88,77,E,6,E,23,5.7,,7
2/14/2019,1011.9,31.9,25.5,28.775,83,97,72,E,2,ENE,13,6.2,,6
2/15/2019,1012.6,32.0,27.3,29.4125,81,91,72,E,4,E,14,1.2,,4
2/16/2019,1013.0,31.9,25.4,28.85833333,83,89,77,VRB,3,E,13,7.4,,6
2/17/2019,1012.0,31.5,24.4,27.19583333,89,98,74,VRB,3,S,16,10.1,,6
2/18/2019,1010.6,29.7,24.0,26.88333333,89,99,78,VRB,2,SSE,10,0.2,,5
2/19/2019,1010.7,32.0,27.0,28.93333333,80,99,69,VRB,2,E,9,0.05,,4
2/20/2019,1011.9,32.0,26.4,29.41666667,80,91,72,E,4,NE,21,1.0,,4
2/21/2019,1012.7,31.6,27.3,29.32916667,76,81,70,NE,4,NE,14,0.05,,4
2/22/2019,1011.1,32.2,25.7,29.09583333,80,89,71,ENE,4,NNE,18,1.8,,6
2/23/2019,1009.3,31.6,24.8,29.30833333,80,88,73,E,5,E,21,45.1,,5
2/24/2019,1009.4,30.6,24.8,26.925,90,97,82,SSE,4,ESE,20,10.1,,7
2/25/2019,1009.4,31.2,26.8,28.59583333,79,89,73,NNE,5,NNE,15,0.0,,6
2/26/2019,1010.8,29.5,21.6,25.69166667,91,100,79,NW,7,W,25,121.7,,7
2/27/2019,1010.2,29.4,23.5,25.80416667,92,100,82,VRB,3,WSW,24,23.1,,7
2/28/2019,1009.6,29.8,26.0,27.57916667,86,98,81,NNW,5,NNW,15,0.4,,6
3/1/2019,1009.0,30.4,25.8,28.09583333,79,87,73,N,6,N,18,0.0,,4
3/2/2019,1010.1,30.2,25.5,27.93333333,75,85,66,N,4,N,12,0.0,,5
3/3/2019,1009.9,30.4,26.4,28.34583333,82,92,77,N,4,N,12,0.0,,6
3/4/2019,1009.7,30.8,26.2,28.47916667,84,94,76,N,4,N,13,0.05,,7
3/5/2019,1010.5,31.0,26.4,28.45833333,85,94,78,NNW,3,WNW,10,0.0,,6
3/6/2019,1010.7,30.9,23.1,27.3625,87,99,76,N,2,NNE,12,0.0,,4
3/7/2019,1010.4,31.0,23.0,27.54583333,85,98,71,VRB,1,ENE,8,0.0,,2
3/8/2019,1011.6,30.8,24.3,27.3125,85,99,73,VRB,1,NNW,10,0.0,,6
3/9/2019,1012.4,31.0,24.5,27.98333333,82,97,71,N,3,WNW,16,1.2,,6
3/10/2019,1012.2,31.2,24.3,28.24166667,82,97,71,VRB,2,NE,8,0.0,,4
3/11/2019,1012.7,31.0,27.0,28.50416667,79,97,72,N,3,NNW,13,0.0,,4
3/12/2019,1012.4,31.0,25.0,28.99166667,75,81,69,N,5,NNW,15,0.0,,5
3/13/2019,1012.5,31.3,27.0,28.78333333,77,90,71,NNW,4,NNW,11,0.0,,3
3/14/2019,1012.2,31.8,24.0,28.425,80,96,70,VRB,2,NW,10,0.0,,2
3/15/2019,1011.4,32.0,25.0,28.25416667,84,98,71,VRB,1,S,17,1.9,,3
3/16/2019,1011.7,31.2,25.2,27.5375,85,98,80,VRB,2,NE,12,5.9,,6
3/17/2019,1011.5,31.4,24.3,28.4625,82,99,72,VRB,2,NNW,11,0.9,,4
3/18/2019,1011.2,31.6,24.6,28.075,84,99,71,VRB,1,NNW,8,0.0,,2
3/19/2019,1009.9,31.9,25.4,28.79166667,82,97,68,VRB,1,ENE,13,0.0,,4
3/20/2019,1010.1,31.6,24.8,27.9125,86,98,71,N,2,SE,16,5.3,,5
3/21/2019,1010.7,31.8,26.7,29.31666667,78,92,71,E,3,E,16,0.4,,3
3/22/2019,1011.4,32.3,25.5,29.3,80,94,72,E,3,E,23,1.2,,3
3/23/2019,1011.1,32.4,25.4,29.03333333,84,98,71,VRB,1,S,16,5.7,,3
3/24/2019,1009.5,31.6,27.0,29.19166667,81,98,72,E,3,ESE,15,5.0,,4
3/25/2019,1009.6,31.8,26.4,28.84583333,82,94,72,NNE,3,NNE,24,0.05,,3
3/26/2019,1011.5,32.6,23.8,28.39166667,82,100,66,VRB,3,NE,17,43.4,,4
3/27/2019,1013.0,28.4,24.0,26.225,91,99,81,NNE,2,S,17,9.6,,6
3/28/2019,1012.2,31.3,24.0,27.40416667,88,100,75,VRB,3,WNW,22,30.9,,6
3/29/2019,1011.1,31.4,23.8,28.47083333,80,99,74,N,4,N,12,0.0,,3
3/30/2019,1011.5,31.0,23.2,27.26666667,81,95,67,VRB,2,N,11,0.0,,5
3/31/2019,1011.7,31.7,23.5,27.59583333,81,99,67,VRB,1,W,9,0.0,,3
4/1/2019,1011.5,31.6,26.2,28.6625,78,97,68,W,2,WSW,10,0.0,,2
4/2/2019,1010.6,32.0,25.5,29.10416667,76,87,69,WNW,4,NW,12,0.0,,2
4/3/2019,1010.6,31.8,24.0,27.95,80,92,64,NNW,3,NNW,12,0.0,,5
4/4/2019,1011.6,32.0,23.3,27.5625,78,95,60,NNW,2,NNW,11,0.0,,3
4/5/2019,1011.6,31.6,25.1,28.1375,76,95,61,VRB,2,WNW,12,0.0,,1
4/6/2019,1011.5,32.0,26.7,29.29166667,75,86,67,NW,4,WNW,12,0.0,,3
4/7/2019,1010.6,32.4,24.5,28.75,80,96,66,WNW,2,WNW,12,0.0,,3
4/8/2019,1010.0,32.3,24.6,28.47083333,81,97,67,W,2,W,10,0.0,,2
4/9/2019,1010.4,32.1,25.4,28.50416667,81,97,67,W,2,W,10,0.0,,2
4/10/2019,1010.6,32.6,24.6,28.77916667,82,95,70,SW,2,SW,19,4.1,,4
4/11/2019,1010.3,32.0,26.4,29.1875,78,95,68,WNW,4,WSW,21,0.0,,4
4/12/2019,1009.6,32.7,27.0,29.95833333,77,88,66,W,4,WNW,11,0.0,,3
4/13/2019,1009.8,33.0,25.6,29.54166667,79,95,68,NW,3,WNW,11,0.0,,6
4/14/2019,1009.9,32.2,26.4,28.9,83,95,73,VRB,3,NNW,13,4.0,,5
4/15/2019,1010.4,32.5,26.9,29.86666667,75,88,67,WNW,4,NNW,13,0.05,,5
4/16/2019,1010.6,33.3,23.5,28.34166667,80,97,69,WNW,7,SSW,33,7.4,,7
4/17/2019,1010.7,32.2,24.2,29.22916667,79,97,68,VRB,4,WNW,25,25.0,,6
4/18/2019,1010.8,31.9,23.7,28.15,86,99,73,WNW,7,NW,31,34.4,,7
4/19/2019,1009.9,32.0,24.3,29.06666667,80,96,71,W,7,W,25,15.2,,6
4/20/2019,1008.4,31.2,25.0,28.58333333,82,95,76,W,9,W,30,2.2,,7
4/21/2019,1007.8,31.8,25.8,29.49583333,82,95,73,WNW,8,WSW,29,5.0,,7
4/22/2019,1008.1,32.5,28.2,29.92916667,77,85,70,WNW,9,NW,20,0.0,,7
4/23/2019,1009.0,32.5,25.4,30.225,78,96,69,NW,9,WNW,25,15.5,,5
4/24/2019,1010.0,31.8,23.8,29.1125,83,92,75,WNW,9,NW,39,13.5,,7
4/25/2019,1009.9,32.6,28.7,30.36666667,76,81,72,WNW,10,WNW,20,0.0,,5
4/26/2019,1009.2,32.5,27.8,30.09166667,78,83,74,WNW,7,WNW,19,0.0,,6
4/27/2019,1008.9,32.4,28.5,29.92083333,77,86,70,W,5,WSW,13,0.0,,7
4/28/2019,1009.4,31.8,27.8,29.97083333,75,81,71,WSW,8,SW,17,0.0,,6
4/29/2019,1010.1,32.5,28.9,30.33333333,76,82,72,SW,10,SW,21,0.05,,7
4/30/2019,1010.1,32.5,26.5,30.14583333,78,86,72,WSW,8,WSW,24,2.4,,7
5/1/2019,1009.4,32.2,28.2,30.1625,80,88,75,WSW,7,WSW,16,0.05,,6
5/2/2019,1009.7,32.2,28.3,30.30416667,80,86,72,WSW,9,W,19,0.05,,6
5/3/2019,1010.8,31.7,22.2,29.44541667,83,92,76,SW,8,SW,23,19.7,,7
5/4/2019,1011.9,31.3,24.6,28.53333333,81,94,66,SW,5,WNW,26,0.1,,7
5/5/2019,1012.0,32.1,25.4,28.825,85,98,74,VRB,1,NNW,17,4.4,,4
5/6/2019,1010.7,31.6,25.5,29.40416667,80,91,74,SE,3,S,15,0.6,,3
5/7/2019,1011.3,31.2,24.8,27.82083333,87,99,76,S,3,S,14,1.0,,5
5/8/2019,1011.2,32.0,25.7,27.875,87,98,74,VRB,1,SSW,19,0.5,,5
5/9/2019,1010.2,31.8,25.3,29.2625,80,90,70,VRB,3,NW,10,0.05,,3
5/10/2019,1010.6,32.2,25.9,28.67083333,83,95,68,VRB,1,NW,10,0.0,,4
5/11/2019,1011.1,32.5,25.0,28.59166667,84,97,69,VRB,1,WSW,12,9.3,,3
5/12/2019,1010.3,31.9,25.5,28.84583333,83,97,72,VRB,2,S,12,0.05,,3
5/13/2019,1009.8,32.2,25.6,29.12916667,83,97,72,VRB,1,WSW,12,2.2,,3
5/14/2019,1010.3,32.4,25.4,28.9625,84,97,72,SW,3,SW,17,6.3,,5
5/15/2019,1011.2,31.4,25.2,28.81666667,81,94,73,SW,4,WNW,14,0.6,,6
5/16/2019,1011.7,31.0,23.8,28.01666667,86,99,76,W,4,NNW,17,73.0,,6
5/17/2019,1011.2,32.2,25.0,29.60833333,77,97,70,W,4,WSW,16,2.2,,5
5/18/2019,1010.2,32.2,25.7,29.075,80,89,70,W,4,WNW,27,0.05,,6
5/19/2019,1010.2,31.5,25.8,28.69166667,81,93,74,SW,6,WSW,27,2.1,,6
5/20/2019,1010.4,31.0,27.0,28.70416667,81,94,74,W,8,W,24,1.8,,7
5/21/2019,1010.6,32.2,25.2,28.6875,83,95,74,W,10,NW,31,4.3,,6
5/22/2019,1010.4,31.4,24.9,28.9125,81,99,72,W,9,W,25,34.0,,7
5/23/2019,1010.8,29.4,25.4,27.725,87,98,78,WSW,7,SW,24,6.1,,7
5/24/2019,1010.8,31.5,25.2,28.64583333,84,95,72,WSW,6,W,21,6.5,,6
5/25/2019,1009.7,31.8,25.9,28.9875,81,95,72,WSW,4,WNW,13,1.8,,4
5/26/2019,1008.6,32.2,24.0,28.49583333,85,100,75,WNW,6,WNW,16,59.2,,6
5/27/2019,1008.8,29.8,25.6,27.125,88,100,82,NW,5,NW,15,0.05,,7
5/28/2019,1008.4,31.3,27.9,29.4125,79,83,72,W,7,W,18,0.05,,6
5/29/2019,1008.6,31.8,26.0,29.21666667,81,85,76,W,5,WNW,22,4.8,,7
5/30/2019,1008.8,31.3,23.3,27.25833333,90,100,79,W,10,W,36,109.0,,7
5/31/2019,1008.7,30.6,26.2,28.4125,83,94,76,WSW,8,WNW,21,6.3,,6
6/1/2019,1009.0,31.0,26.0,29.15416667,81,86,78,S,7,SW,21,1.0,,6
6/2/2019,1008.6,32.3,26.5,29.3125,83,96,71,S,6,S,17,3.6,,6
6/3/2019,1009.5,31.0,24.5,26.6375,92,97,84,SSW,11,W,40,32.6,,7
6/4/2019,1009.2,31.3,23.9,28.04583333,84,96,73,W,9,W,36,18.4,,7
6/5/2019,1008.7,31.7,26.2,29.375,83,91,75,WNW,6,WNW,18,2.2,,6
6/6/2019,1009.9,32.0,25.2,29.11666667,82,95,75,W,6,WSW,27,6.2,,6
6/7/2019,1010.2,31.5,27.4,29.12916667,80,87,73,WSW,7,WSW,16,0.05,,6
6/8/2019,1009.7,31.6,23.8,29.32083333,79,86,72,SSW,7,WSW,30,6.6,,6
6/9/2019,1009.8,31.0,25.5,28.46666667,81,88,74,SSW,8,WNW,35,0.05,,6
6/10/2019,1009.0,32.1,23.0,28.85416667,82,97,71,S,5,W,33,16.6,,5
6/11/2019,1009.3,31.3,27.5,28.90833333,81,100,69,VRB,2,SE,7,0.0,,6
6/12/2019,1009.7,31.9,25.1,29.29583333,80,96,72,VRB,2,ESE,9,0.0,,5
6/13/2019,1010.0,32.0,27.9,29.39166667,82,96,73,ESE,3,ESE,10,0.0,,5
6/14/2019,1009.7,32.0,27.9,29.54166667,82,87,75,E,4,SE,10,0.0,,5
6/15/2019,1009.9,32.2,24.5,29.89583333,80,85,74,ESE,4,N,19,3.5,,6
6/16/2019,1010.9,30.2,24.6,27.04166667,91,98,75,VRB,2,WSW,18,1.6,,7
6/17/2019,1011.1,31.8,24.5,28.81666667,85,99,74,VRB,1,E,8,5.0,,7
6/18/2019,1010.9,30.2,24.7,26.9875,90,98,81,N,4,N,17,11.4,,7
6/19/2019,1010.3,28.7,24.6,27.7375,85,95,76,SW,4,SW,33,2.3,,7
6/20/2019,1010.1,32.0,25.0,29.04166667,82,98,72,S,3,S,9,0.0,,7
6/21/2019,1009.8,32.2,26.4,29.24583333,82,99,70,SSW,4,SSW,21,0.05,,5
6/22/2019,1009.0,31.7,25.5,28.9625,80,93,70,WSW,3,WSW,11,0.0,,6
6/23/2019,1008.8,31.9,24.0,28.75,80,100,69,WNW,5,NW,28,17.8,,6
6/24/2019,1009.6,32.1,23.4,28.95416667,80,96,70,NW,5,N,25,32.4,,6
6/25/2019,1010.8,31.1,25.0,27.4125,88,98,73,NNW,3,N,23,0.6,,7
6/26/2019,1010.4,31.8,25.2,28.39583333,83,97,72,VRB,2,N,20,0.1,,6
6/27/2019,1010.3,31.4,24.1,26.8625,90,99,73,VRB,2,NW,18,36.7,,6
6/28/2019,1010.4,30.8,23.6,27.29166667,86,98,76,VRB,5,NNW,32,27.8,,6
6/29/2019,1010.3,31.0,24.2,27.77916667,81,100,68,N,9,WNW,33,22.7,,7
6/30/2019,1009.5,31.7,25.1,28.64583333,80,96,68,N,5,NNW,22,0.0,,7
7/1/2019,1009.7,32.5,24.9,28.95,80,96,65,VRB,1,NNW,8,0.0,,6
7/2/2019,1009.8,31.6,28.0,29.48333333,77,95,66,SE,3,SSE,14,0.0,,6
7/3/2019,1009.7,32.2,28.4,29.99583333,77,82,71,SE,5,SE,15,0.0,,6
7/4/2019,1009.8,32.2,28.4,30.1,76,81,70,SE,4,ESE,13,0.0,,5
7/5/2019,1009.3,31.9,27.5,29.825,77,85,70,SSE,3,SE,10,0.0,,6
7/6/2019,1009.3,32.0,26.5,29.2875,79,92,72,SSE,3,SSE,9,0.05,,6
7/7/2019,1010.2,31.8,28.4,29.76666667,76,85,69,SE,3,SSE,11,0.0,,3
7/8/2019,1010.5,32.0,28.1,30.09583333,76,82,70,SSE,5,SSE,13,0.05,,3
7/9/2019,1009.9,32.0,27.4,29.83333333,78,90,71,SSE,6,SSE,14,3.0,,3
7/10/2019,1009.5,32.5,28.5,29.94583333,77,86,69,ESE,5,SSE,13,0.0,,6
7/11/2019,1010.4,32.4,27.2,30.1375,76,84,71,ESE,4,ESE,13,0.0,,6
7/12/2019,1011.3,32.5,28.6,30.15416667,75,81,68,ESE,4,ESE,12,0.0,,3
7/13/2019,1011.4,32.1,26.4,29.7875,77,89,70,SE,5,SE,14,0.0,,3
7/14/2019,1011.1,31.6,23.4,28.59166667,82,100,71,SSE,4,NNE,27,12.6,,4
7/15/2019,1011.2,31.4,22.4,26.98333333,87,100,71,WNW,8,W,35,54.8,,5
7/16/2019,1011.1,30.0,25.3,27.9125,79,85,72,W,6,WSW,20,0.3,,7
7/17/2019,1010.1,30.4,24.1,28.12083333,80,93,72,S,7,SSW,23,9.5,,7
7/18/2019,1009.7,29.8,23.2,26.58333333,86,98,79,W,7,NW,26,13.8,,7
7/19/2019,1008.3,30.6,25.5,28.71666667,79,93,73,WSW,8,WSW,26,9.7,,6
7/20/2019,1008.1,30.6,27.0,28.72083333,79,87,74,SW,8,SW,24,0.0,,7
7/21/2019,1007.4,31.0,27.4,29.12083333,78,85,71,W,7,WSW,17,0.0,,6
7/22/2019,1007.5,31.6,26.4,29.30833333,80,88,72,NW,6,NNW,14,2.4,,6
7/23/2019,1008.3,32.4,26.6,29.51666667,76,87,70,NNW,5,NNW,14,0.0,,6
7/24/2019,1009.9,31.6,24.4,28.5875,78,97,66,VRB,2,N,9,0.0,,5
7/25/2019,1011.2,32.0,25.2,28.82083333,78,96,68,VRB,1,E,7,0.0,,2
7/26/2019,1010.6,31.9,24.0,28.82916667,77,93,66,VRB,1,E,7,0.0,,4
7/27/2019,1010.4,32.0,25.0,28.1375,80,95,67,VRB,0,ENE,6,0.0,,4
7/28/2019,1010.5,32.3,27.4,29.37083333,77,97,68,VRB,2,ESE,13,0.0,,6
7/29/2019,1010.1,31.9,27.8,29.3875,75,83,69,E,2,E,8,0.0,,6
7/30/2019,1010.7,31.9,27.1,29.53333333,74,81,68,ENE,3,ENE,10,0.0,,3
7/31/2019,1011.7,32.4,27.8,29.64166667,74,83,66,E,3,E,10,0.0,,3
8/1/2019,1011.7,32.0,28.1,29.66666667,75,79,69,SE,5,SSE,17,0.0,,5
8/2/2019,1011.3,32.3,28.0,29.98333333,76,82,69,SSE,7,SSE,16,0.0,,4
8/3/2019,1011.2,32.4,28.3,30.10833333,76,81,66,SSE,7,SSE,18,0.05,,5
8/4/2019,1010.7,32.4,28.2,29.9875,76,82,70,SSE,7,SSE,18,0.05,,4
8/5/2019,1010.3,32.5,27.5,29.92916667,76,83,69,SSE,6,SSE,14,0.0,,6
8/6/2019,1010.2,31.5,27.5,29.39166667,78,85,71,SSE,5,S,13,0.0,,6
8/7/2019,1010.3,31.8,26.5,29.36666667,80,91,72,S,8,S,23,1.7,,6
8/8/2019,1009.9,32.0,26.5,29.04583333,80,92,67,S,7,SSE,18,1.2,,7
8/9/2019,1009.8,31.7,27.5,29.37083333,79,86,69,S,6,S,13,0.0,,7
8/10/2019,1009.5,31.9,23.7,28.99166667,82,97,72,SSE,8,W,48,27.6,,6
8/11/2019,1009.2,31.2,26.6,28.45833333,76,90,65,WNW,11,NW,33,0.05,,7
8/12/2019,1009.9,31.6,23.6,27.5,87,97,74,WSW,5,WSW,15,19.5,,7
8/13/2019,1010.4,30.8,25.2,28.23333333,86,98,72,S,3,S,15,0.05,,7
8/14/2019,1011.4,31.3,23.8,27.75416667,87,99,73,VRB,0,S,7,0.0,,6
8/15/2019,1011.2,31.6,24.6,27.96666667,84,99,70,VRB,1,NE,8,0.0,,5
8/16/2019,1010.4,31.5,24.5,28.05833333,83,97,70,VRB,1,N,9,0.0,,5
8/17/2019,1009.6,32.3,25.5,29.02083333,79,98,70,E,3,ENE,19,1.4,,7
8/18/2019,1010.7,32.0,23.0,28.1125,82,100,69,E,6,NNW,34,62.1,,6
8/19/2019,1012.1,30.8,24.0,26.74166667,87,97,72,WNW,4,NNW,25,0.05,,7
8/20/2019,1012.0,31.2,24.0,27.6,84,98,70,SW,2,WSW,18,5.1,,6
8/21/2019,1011.8,31.4,25.0,28.725,79,87,74,SSW,5,SW,14,0.0,,7
8/22/2019,1011.9,31.5,25.7,28.65833333,77,93,66,W,3,WSW,10,0.0,,6
8/23/2019,1012.3,31.4,24.4,28.49583333,80,97,70,S,3,SW,13,0.0,,6
8/24/2019,1012.0,31.2,25.6,28.15,80,96,66,VRB,3,S,10,0.0,,6
8/25/2019,1011.7,31.1,27.5,28.75833333,78,90,70,S,5,S,14,0.0,,7
8/26/2019,1011.2,31.0,24.5,28.51666667,79,95,70,S,5,SSW,18,0.0,,7
8/27/2019,1010.7,31.5,25.6,28.90416667,78,97,71,SSE,4,SSE,14,0.0,,6
8/28/2019,1010.8,31.5,23.0,29.18333333,78,98,71,SSE,5,NW,27,128.4,,6
8/29/2019,1011.6,30.0,23.1,26.05,88,100,76,NW,5,NNW,31,14.6,,7
8/30/2019,1010.0,31.0,24.4,27.78333333,84,98,71,VRB,2,SW,9,0.0,,6
8/31/2019,1009.1,31.5,27.5,28.92916667,78,98,72,SSE,5,SSE,13,0.0,,6
9/1/2019,1009.9,31.6,26.1,29.1625,78,90,71,SSE,5,NE,23,6.6,,6
9/2/2019,1010.5,31.6,27.8,29.5125,76,83,69,SSE,4,SSE,11,0.0,,6
9/3/2019,1010.5,31.5,28.0,29.51666667,75,80,71,SE,4,SE,11,0.0,,4
9/4/2019,1009.9,31.7,28.0,29.6625,77,83,71,SE,5,SE,15,0.2,,4
9/5/2019,1009.7,31.6,28.2,29.85833333,77,82,73,SE,5,SE,15,0.0,,5
9/6/2019,1009.8,31.5,24.4,28.49166667,84,100,72,SE,5,ENE,19,44.4,,6
9/7/2019,1010.6,30.2,25.0,27.85416667,83,97,74,VRB,2,ESE,10,0.0,,7
9/8/2019,1011.3,31.0,23.6,28.25833333,84,94,75,SE,3,N,27,5.0,,6
9/9/2019,1010.4,30.7,26.0,28.50833333,82,92,75,NNW,5,NW,15,0.05,,6
9/10/2019,1010.6,31.3,24.6,28.11666667,82,96,70,VRB,2,NNW,9,0.0,,3
9/11/2019,1011.6,31.4,27.6,29.20833333,77,94,67,VRB,2,E,8,0.0,,5
9/12/2019,1011.9,32.4,28.0,29.7675,77,83,72,E,3,NE,11,0.05,,6
9/13/2019,1012.6,32.0,23.8,28.25416667,83,97,70,ENE,4,NNW,21,11.7,,6
9/14/2019,1012.0,31.5,26.5,29.26666667,78,86,72,ESE,3,E,10,0.0,,6
9/15/2019,1011.5,30.6,25.5,28.8625,81,92,72,SE,4,E,17,0.9,,6
9/16/2019,1010.7,31.1,24.6,28.07916667,84,98,72,VRB,3,SSE,19,21.0,,7
9/17/2019,1010.1,31.6,24.5,27.74166667,87,98,71,VRB,1,SE,8,4.8,,4
9/18/2019,1010.6,31.6,25.7,28.725,81,98,72,SE,4,S,15,0.2,,4
9/19/2019,1010.6,30.6,24.2,27.41666667,88,98,77,SSW,6,WSW,20,54.1,,7
9/20/2019,1010.6,28.0,24.0,26.22083333,89,99,74,W,8,W,26,37.1,,7
9/21/2019,1010.3,29.0,23.9,26.425,86,97,77,W,7,WNW,29,29.1,,7
9/22/2019,1010.6,30.8,24.5,28.0625,82,100,70,WSW,8,NW,29,13.8,,7
9/23/2019,1011.1,30.5,24.2,27.25833333,85,95,78,WSW,6,W,23,20.6,,7
9/24/2019,1011.0,28.1,23.4,26.625,85,97,74,WNW,9,WSW,26,45.5,,7
9/25/2019,1011.4,30.5,25.6,28.25,80,94,70,VRB,3,WSW,18,0.0,,7
9/26/2019,1012.3,31.5,25.0,28.75,81,92,74,SSE,4,SE,16,2.2,,7
9/27/2019,1012.2,32.0,26.1,29.2375,80,95,72,E,6,E,23,0.0,,6
9/28/2019,1012.5,31.5,23.8,26.44583333,88,99,74,E,4,NNW,19,18.1,,7
9/29/2019,1011.9,29.4,25.0,27.625,83,97,79,E,3,E,19,12.0,,7
9/30/2019,1011.6,30.7,24.8,28.18333333,80,93,69,SSE,4,SE,15,2.3,,6
10/1/2019,1010.9,30.6,26.9,28.42916667,82,97,77,ESE,6,ESE,21,0.05,,7
10/2/2019,1010.8,31.2,25.0,28.79166667,81,90,75,ESE,7,ESE,25,1.7,,6
10/3/2019,1011.9,31.2,24.6,27.09583333,86,95,76,VRB,3,SE,17,9.3,,6
10/4/2019,1011.3,30.9,24.4,27.35833333,85,98,73,VRB,2,NNE,9,15.1,,6
10/5/2019,1011.2,29.9,24.2,26.54583333,89,100,76,VRB,3,WNW,18,29.9,,7
10/6/2019,1010.9,30.0,26.8,28.1625,80,90,75,SE,5,SE,15,0.0,,6
10/7/2019,1011.1,30.0,24.5,27.7375,82,91,75,SE,3,SSE,17,5.0,,7
10/8/2019,1011.0,30.7,25.5,28.50416667,77,85,70,SSE,4,SSE,14,0.0,,5
10/9/2019,1010.5,31.2,25.6,28.25416667,80,92,73,SSE,2,SSE,13,0.3,,5
10/10/2019,1010.5,30.6,25.9,28.09166667,83,93,74,SSE,4,SSE,15,0.0,,7
10/11/2019,1010.1,31.3,24.2,26.79166667,89,98,73,ESE,4,WNW,19,37.1,,7
10/12/2019,1010.3,28.9,24.5,26.69583333,87,97,78,ESE,4,SSE,14,3.7,,7
10/13/2019,1009.8,32.2,25.0,28.8125,81,92,73,E,4,N,14,8.9,,6
10/14/2019,1010.4,30.7,24.5,27.44166667,86,97,76,VRB,3,E,18,17.2,,7
10/15/2019,1010.1,30.5,24.7,27.09166667,90,99,77,VRB,1,E,11,2.8,,6
10/16/2019,1010.0,29.8,24.5,26.34166667,90,95,81,VRB,3,ESE,15,17.0,,7
10/17/2019,1009.7,31.0,24.8,28.37083333,83,93,75,E,3,ESE,18,11.4,,6
10/18/2019,1009.7,31.4,27.0,28.3,80,96,75,SE,4,SE,15,0.05,,7
10/19/2019,1010.3,31.0,26.2,28.70833333,79,91,71,SE,5,SE,13,1.0,,7
10/20/2019,1010.5,31.0,25.0,28.29166667,81,92,74,S,5,SSE,21,5.1,,7
10/21/2019,1010.0,31.0,26.5,28.55833333,77,83,71,SSE,5,SSE,11,0.0,,7
10/22/2019,1009.7,30.5,26.4,28.45,78,85,72,SE,4,SE,13,0.0,,7
10/23/2019,1009.7,31.0,26.2,28.8125,79,91,71,SSE,6,S,21,0.05,,6
10/24/2019,1010.9,29.0,24.2,27.35416667,84,92,78,ESE,6,ESE,21,1.0,,7
10/25/2019,1010.6,28.5,24.5,27.14166667,86,95,81,SE,5,S,24,2.2,,7
10/26/2019,1010.0,31.6,25.6,28.31666667,83,93,73,ESE,5,ESE,20,1.6,,6
10/27/2019,1009.4,31.2,26.6,28.525,82,88,72,E,5,ESE,17,0.0,,6
10/28/2019,1009.4,31.1,23.9,28.12916667,83,97,74,E,2,ENE,10,0.0,,7
10/29/2019,1010.2,30.8,23.0,26.8,88,99,72,S,5,N,20,13.0,,7
10/30/2019,1010.2,30.1,24.8,27.40833333,84,97,75,S,4,S,13,0.0,,7
10/31/2019,1010.3,30.6,25.8,28.47083333,79,89,71,SE,3,ESE,10,3.2,,7
11/1/2019,1010.3,31.3,25.0,27.7625,85,97,71,E,3,E,16,2.5,,6
11/2/2019,1011.3,31.4,24.0,26.9,88,99,74,N,2,WNW,9,18.7,,6
11/3/2019,1012.7,31.2,25.0,27.22916667,86,99,76,W,2,WSW,14,0.0,,5
11/4/2019,1012.8,30.7,23.5,27.08333333,88,98,77,VRB,1,SW,6,0.0,,6
11/5/2019,1012.0,30.8,24.4,27.69166667,85,99,74,WSW,4,SW,22,0.3,,5
11/6/2019,1010.7,30.8,26.4,28.3125,84,93,76,W,4,SW,13,0.05,,6
11/7/2019,1010.9,31.5,23.6,28.30833333,83,95,74,SW,5,WSW,14,6.9,,6
11/8/2019,1011.7,30.1,23.0,26.72083333,89,100,81,WSW,4,NW,25,23.7,,6
11/9/2019,1010.8,30.8,23.8,27.64583333,86,100,74,SSW,4,SW,14,0.0,,5
11/10/2019,1010.3,30.7,25.4,27.77083333,85,100,78,S,3,S,12,0.0,,5
11/11/2019,1009.6,31.8,26.4,28.94166667,80,89,68,E,3,E,12,0.0,,4
11/12/2019,1009.6,31.7,26.4,28.6625,83,91,75,ESE,5,ESE,15,1.8,,4
11/13/2019,1009.4,31.5,25.2,28.14583333,85,95,72,ESE,6,ESE,23,12.1,,6
11/14/2019,1010.1,30.0,24.2,26.78333333,90,99,75,SSE,2,E,18,15.7,,6
11/15/2019,1010.2,31.6,23.4,27.27916667,87,100,73,VRB,2,SSE,13,61.4,,5
11/16/2019,1010.7,29.8,24.3,26.55416667,89,100,83,E,5,E,17,2.2,,7
11/17/2019,1009.8,31.6,27.6,29.2375,80,88,72,ESE,7,ESE,21,0.05,,4
11/18/2019,1010.2,31.5,27.2,29.22083333,80,86,70,SE,5,ESE,14,0.0,,4
11/19/2019,1009.8,31.5,27.5,29.1125,80,87,75,SE,5,SE,15,0.0,,3
11/20/2019,1009.4,31.2,25.0,28.60416667,81,95,73,SE,6,ESE,21,5.8,,6
11/21/2019,1009.9,31.0,24.8,28.1125,84,97,70,ESE,5,ESE,17,4.3,,6
11/22/2019,1010.4,31.2,24.8,28.65833333,82,93,74,ENE,3,E,16,5.3,,4
11/23/2019,1010.3,31.4,26.4,28.40833333,84,95,75,SE,4,SE,13,2.5,,4
11/24/2019,1009.4,31.5,26.3,29.00833333,83,92,75,SE,5,SE,20,2.0,,4
11/25/2019,1008.2,31.6,27.2,29.10833333,83,92,73,ESE,6,SE,17,0.7,,6
11/26/2019,1007.5,31.8,25.8,28.09166667,88,94,80,ESE,4,ESE,21,12.5,,6
11/27/2019,1008.2,30.9,24.6,27.60833333,90,100,78,SE,2,SE,16,30.8,,6
11/28/2019,1009.0,30.7,24.5,27.15416667,90,99,75,SSW,3,SSE,15,11.1,,7
11/29/2019,1010.2,28.5,23.4,25.79583333,94,100,85,W,5,NW,21,112.0,,7
11/30/2019,1010.4,28.1,23.5,25.74166667,96,100,89,VRB,3,S,18,29.3,,7
12/1/2019,1010.3,30.2,24.2,27.58333333,86,99,75,S,4,SW,11,0.1,,6
12/2/2019,1009.2,31.5,25.6,28.78333333,83,93,75,SE,5,ESE,16,1.7,,6
12/3/2019,1009.0,32.0,25.5,29.19166667,82,88,73,E,4,ESE,12,3.5,,5
12/4/2019,1010.2,31.6,25.9,28.59583333,85,94,75,E,3,NE,12,4.6,,6
12/5/2019,1010.4,31.2,25.8,28.2375,86,95,76,ENE,3,NNE,13,20.6,,6
12/6/2019,1010.2,30.6,23.6,27.86666667,87,98,78,ESE,4,ESE,23,9.8,,5
12/7/2019,1009.8,31.6,26.8,28.875,83,97,74,E,4,E,19,0.7,,4
12/8/2019,1010.3,31.5,27.2,29.24583333,81,89,73,E,4,E,16,2.5,,4
12/9/2019,1010.3,31.1,23.8,28.91666667,81,97,74,SE,6,ESE,21,20.9,,5
12/10/2019,1009.8,30.4,24.6,27.45416667,87,98,78,S,3,SE,15,7.0,,7
12/11/2019,1009.4,31.0,24.4,27.59583333,87,100,74,S,3,NNW,24,16.9,,7
12/12/2019,1009.9,29.5,23.7,26.08333333,92,100,83,WNW,3,WNW,22,29.1,,7
12/13/2019,1011.6,27.5,23.6,25.575,93,97,89,N,2,NE,14,18.3,,7
12/14/2019,1011.5,30.2,24.2,27.725,83,95,76,N,3,NNW,10,4.8,,7
12/15/2019,1010.7,28.6,23.4,25.52916667,92,99,84,S,3,S,15,0.9,,7
12/16/2019,1010.0,30.4,24.3,27.77916667,82,98,74,E,3,E,22,6.6,,6
12/17/2019,1009.6,31.0,27.1,28.61666667,81,92,70,ENE,4,ENE,13,0.05,,5
12/18/2019,1009.4,30.6,25.2,27.96666667,86,98,78,SSE,5,SE,16,1.8,,6
12/19/2019,1009.5,31.6,23.9,27.76666667,86,100,72,SSE,6,S,25,15.3,,6
12/20/2019,1009.2,30.5,25.4,27.44166667,87,95,77,WSW,5,W,25,1.5,,7
12/21/2019,1009.3,30.4,26.2,28.02916667,85,98,80,SSE,5,E,16,2.0,,7
12/22/2019,1009.6,31.3,23.4,27.24583333,88,98,78,SW,9,W,29,42.9,,6
12/23/2019,1010.6,28.8,25.8,27.17083333,87,97,82,W,9,W,24,4.0,,7
12/24/2019,1011.0,31.2,25.4,28.41666667,82,92,73,WNW,5,WNW,17,0.05,,7
12/25/2019,1011.4,31.5,24.8,27.39583333,88,98,75,VRB,2,SW,15,0.3,,6
12/26/2019,1010.6,31.2,27.0,28.475,83,98,73,E,3,ENE,11,0.0,,6
12/27/2019,1009.3,31.5,27.2,28.98333333,81,85,76,E,4,ENE,17,0.05,,4
12/28/2019,1010.0,31.7,24.0,28.30833333,82,99,71,NE,3,ESE,19,7.3,,6
12/29/2019,1009.7,31.8,25.4,28.5625,84,100,71,ENE,4,ENE,14,16.4,,6
12/30/2019,1011.1,30.5,25.0,27.12916667,88,97,84,NNE,3,NNE,11,11.3,,7
12/31/2019,1011.5,31.6,27.4,29.04166667,78,89,71,E,3,E,11,0.0,,4
1/1/2020,1012.4,31.4,27.3,29.10416667,77,85,71,E,4,E,15,0.0,,4
1/2/2020,1012.8,31.8,26.4,28.9125,79,98,71,E,4,E,15,4.2,,4
1/3/2020,1012.0,32.0,23.6,28.47916667,84,95,74,VRB,1,E,8,0.0,,5
1/4/2020,1011.0,31.4,27.0,28.52916667,84,95,72,VRB,2,N,9,0.0,,3
1/5/2020,1010.4,31.9,25.1,28.12083333,81,91,65,E,3,E,17,2.6,,7
1/6/2020,1011.0,32.0,23.6,27.50416667,79,87,72,ENE,4,SE,21,47.3,,6
1/7/2020,1011.1,32.0,26.4,28.73333333,78,84,73,E,4,E,13,1.9,,7
1/8/2020,1011.3,31.6,27.6,29.30416667,78,85,71,NNE,4,NNE,13,0.05,,6
1/9/2020,1011.0,31.5,25.0,28.9875,77,82,71,NNE,4,N,19,0.6,,7
1/10/2020,1011.0,31.5,27.5,28.9625,74,81,67,ENE,5,NE,16,0.0,,7
1/11/2020,1010.4,31.7,27.9,29.15,75,81,69,NE,5,NE,17,0.2,,7
1/12/2020,1010.6,31.6,26.1,29.25,80,94,70,NE,4,NE,17,2.3,,7
1/13/2020,1010.9,29.7,24.6,26.99583333,81,90,72,NNE,5,W,21,6.5,,7
1/14/2020,1010.3,30.7,27.2,28.4375,73,84,66,NNE,5,NNE,18,1.2,,7
1/15/2020,1010.8,31.1,27.2,28.84583333,72,80,66,NNE,5,NNW,13,0.05,,7
1/16/2020,1010.8,30.4,26.8,28.64166667,71,77,66,NNE,5,NNE,17,0.05,,7
1/17/2020,1010.4,31.4,27.5,29.07083333,74,79,66,ENE,5,ENE,15,0.0,,5
1/18/2020,1010.0,31.7,27.1,29.4,78,86,72,ENE,5,ENE,15,0.0,,5
1/19/2020,1010.9,32.1,27.0,29.10416667,82,87,77,E,3,E,16,0.0,,7
1/20/2020,1011.6,32.0,24.5,28.925,81,89,76,ENE,4,NE,20,28.6,,7
1/21/2020,1011.5,31.8,26.6,29.1875,82,90,78,ENE,5,ENE,17,1.2,,6
1/22/2020,1010.6,31.8,28.0,29.49583333,83,88,77,E,6,ENE,20,0.0,,4
1/23/2020,1010.1,31.7,26.0,28.93333333,86,93,79,E,6,E,25,6.0,,5
1/24/2020,1010.7,32.0,23.7,28.4,83,89,79,E,5,ESE,25,93.2,,6
1/25/2020,1011.7,30.4,23.6,26.02083333,80,88,72,VRB,2,NNE,15,61.1,,7
1/26/2020,1011.7,30.2,24.4,27.8875,77,85,68,N,4,N,15,0.05,,7
1/27/2020,1011.7,31.0,26.3,28.54166667,77,89,70,NNE,5,N,15,0.05,,7
1/28/2020,1012.3,30.7,27.0,28.35,73,84,64,NNE,5,NNE,15,0.0,,7
1/29/2020,1012.2,31.0,27.1,28.62083333,72,81,65,NNE,4,ENE,16,0.0,,7
1/30/2020,1011.6,31.0,26.7,28.70833333,72,79,67,NNE,5,NNE,16,0.0,,7
1/31/2020,1010.5,31.0,24.0,28.46666667,74,82,66,NNE,4,NNE,22,1.1,,4
2/1/2020,1011.3,31.4,27.2,28.87916667,70,77,64,ENE,4,ENE,13,0.0,,5
2/2/2020,1012.6,31.5,27.0,28.98333333,73,81,66,NE,4,E,14,0.0,,3
2/3/2020,1012.3,31.3,27.3,28.86666667,74,84,66,NNE,4,NNE,14,0.0,,4
2/4/2020,1011.2,31.4,27.0,28.8875,75,81,69,NE,3,NE,14,0.0,,4
2/5/2020,1011.6,31.0,27.5,28.83333333,76,83,68,ENE,4,NE,14,0.0,,7
2/6/2020,1011.8,31.6,26.5,28.9,78,83,70,NNE,3,NNE,15,0.0,,5
2/7/2020,1013.0,31.3,24.0,28.59166667,79,91,71,NNE,4,W,16,1.1,,6
2/8/2020,1012.7,31.2,26.1,28.275,77,86,68,NNE,3,NNE,13,0.0,,7
2/9/2020,1011.8,31.6,27.4,28.9875,76,84,71,ENE,3,ENE,12,0.0,,7
2/10/2020,1010.6,32.0,27.6,29.3125,74,80,70,ENE,5,ENE,17,0.0,,5
2/11/2020,1010.6,31.5,27.6,29.29583333,74,80,68,ENE,6,ENE,19,0.0,,4
2/12/2020,1012.5,32.0,26.0,29.28333333,77,88,68,NNE,4,NE,18,0.05,,6
2/13/2020,1012.2,31.6,27.2,29.0625,80,88,72,NE,3,NE,15,0.0,,5
2/14/2020,1011.4,31.4,24.8,28.74166667,79,87,73,VRB,2,NE,10,0.0,,4
2/15/2020,1011.7,31.4,26.0,28.82083333,79,87,65,NNE,4,NE,13,0.6,,4
2/16/2020,1011.6,31.8,27.6,29.3375,79,84,72,E,3,NNE,10,0.0,,3
2/17/2020,1011.9,32.3,27.3,29.325,81,92,70,E,3,E,14,0.05,,4
2/18/2020,1012.1,31.6,26.6,28.81666667,83,97,76,NNE,4,NNE,15,0.9,,5
2/19/2020,1011.0,29.5,24.8,27.60833333,76,89,68,NNE,5,NNE,20,13.9,,7
2/20/2020,1010.4,32.0,27.4,29.1875,77,86,71,ENE,5,ENE,16,0.05,,7
2/21/2020,1011.5,31.2,24.4,27.875,84,98,73,VRB,3,E,28,20.7,,7
2/22/2020,1012.9,29.0,25.8,26.8,91,97,85,NNE,3,NNE,16,0.9,,7
2/23/2020,1011.2,31.8,26.1,28.6875,81,87,75,ENE,5,NE,22,4.4,,6
2/24/2020,1010.1,32.0,25.5,28.99583333,79,83,73,E,5,ESE,18,11.3,,5
2/25/2020,1009.5,32.0,27.6,29.46791667,79,85,72,NNE,6,NNE,15,0.05,,4
2/26/2020,1010.0,30.4,28.0,29.11666667,78,86,72,NNE,6,NNE,20,0.0,,7
2/27/2020,1009.8,31.5,27.5,29.12916667,79,86,74,NNE,7,NNE,24,0.05,,7
2/28/2020,1009.6,31.4,27.2,28.94583333,78,90,70,NNE,7,NNE,16,0.0,,7
2/29/2020,1009.7,31.4,27.6,29.06666667,78,86,73,NE,5,NNW,14,0.0,,7
3/1/2020,1010.3,32.0,27.2,29.5625,78,84,71,ENE,5,ENE,13,0.0,,4
3/2/2020,1010.8,32.1,24.8,29.44166667,78,85,73,E,4,ENE,13,0.0,,4
3/3/2020,1011.6,31.6,26.0,28.6125,80,92,71,N,3,NE,11,0.0,,5
3/4/2020,1011.3,31.5,26.4,29.1,78,87,72,N,6,N,21,0.0,,5
3/5/2020,1011.0,31.4,23.8,28.0625,81,94,71,NNW,2,NNW,11,0.0,,6
3/6/2020,1011.5,31.5,24.8,27.89583333,77,91,67,VRB,2,NW,10,0.0,,6
3/7/2020,1011.4,31.4,24.0,28.28333333,73,89,65,VRB,2,W,9,0.0,,2
3/8/2020,1010.5,31.7,26.6,28.68333333,75,84,66,N,3,N,9,0.1,,4
3/9/2020,1009.6,31.5,27.2,29.25833333,76,84,69,N,4,N,14,0.05,,4
3/10/2020,1010.1,31.8,27.6,29.39583333,77,82,70,N,4,N,14,0.0,,4
3/11/2020,1011.3,32.8,27.5,29.625,75,81,67,NE,2,NNE,12,0.0,,7
3/12/2020,1011.4,32.4,27.3,29.57916667,73,80,68,NE,3,NE,13,0.0,,3
3/13/2020,1010.9,32.6,27.0,29.525,76,83,71,ENE,3,ENE,11,0.0,,3
3/14/2020,1010.3,32.0,23.8,28.9,79,91,70,VRB,2,NE,10,0.0,,2
3/15/2020,1010.5,31.6,23.1,27.61666667,80,94,68,VRB,1,N,8,0.0,,5
3/16/2020,1010.8,31.7,27.4,28.83333333,78,94,67,VRB,2,N,11,0.0,,3
3/17/2020,1011.0,32.6,28.2,30.14583333,77,84,72,NE,5,E,17,0.0,,3
3/18/2020,1011.0,33.0,25.5,30.03333333,77,82,70,E,4,E,16,9.9,,5
3/19/2020,1011.7,31.5,23.9,27.25833333,82,92,69,WSW,3,SE,14,48.5,,7
3/20/2020,1011.9,31.2,24.6,27.92083333,85,95,75,VRB,1,W,9,0.0,,6
3/21/2020,1011.7,31.5,25.2,28.94166667,80,94,70,VRB,1,NE,8,0.0,,4
3/22/2020,1011.0,32.1,24.3,28.6625,82,92,72,VRB,1,ENE,7,0.0,,2
3/23/2020,1010.3,32.0,27.4,29.23333333,77,89,70,VRB,2,N,10,0.05,,5
3/24/2020,1009.4,31.6,25.6,29.125,78,91,68,N,3,NE,12,0.05,,7
3/25/2020,1009.2,32.0,27.9,29.34166667,76,93,69,N,3,N,10,0.0,,4
3/26/2020,1009.4,32.5,28.0,30.01666667,71,79,66,ENE,4,ENE,12,0.0,,3
3/27/2020,1011.0,32.4,28.2,29.95,72,78,66,NE,4,NNE,12,0.0,,5
3/28/2020,1010.6,32.2,27.1,29.52916667,76,88,68,N,3,NNE,10,0.0,,6
3/29/2020,1010.2,30.6,24.0,28.6625,77,89,70,N,2,N,9,0.0,,7
3/30/2020,1010.4,31.6,26.0,28.85833333,74,85,67,N,3,N,13,0.0,,3
3/31/2020,1010.5,31.6,24.5,29.09166667,78,91,67,N,4,N,14,0.0,,7
4/1/2020,1009.9,31.6,25.2,28.36666667,84,98,71,VRB,2,N,10,0.0,,6
4/2/2020,1009.1,32.2,26.5,29.05833333,80,98,70,VRB,2,N,9,0.0,,3
4/3/2020,1009.6,31.8,25.6,28.93333333,76,86,69,N,4,E,24,1.5,,6
4/4/2020,1010.9,32.0,23.6,29.2875,75,95,67,N,5,N,16,5.9,,7
4/5/2020,1012.2,31.0,24.4,27.875,80,94,73,VRB,2,N,14,1.0,,5
4/6/2020,1011.9,32.5,24.5,28.375,79,92,72,VRB,1,SSE,10,8.7,,4
4/7/2020,1011.9,31.5,27.0,28.86666667,79,93,70,WSW,4,WSW,12,0.0,,2
4/8/2020,1012.2,31.7,27.0,29.18333333,76,83,70,W,4,W,11,0.0,,4
4/9/2020,1011.5,31.6,24.2,28.47083333,77,91,65,W,3,W,11,0.0,,3
4/10/2020,1010.9,31.4,23.8,27.7625,79,92,68,VRB,2,W,10,0.0,,1
4/11/2020,1011.7,32.0,26.5,28.90416667,75,92,68,WSW,3,W,10,0.0,,4
4/12/2020,1011.0,32.4,26.8,29.59166667,72,87,65,W,3,W,10,0.0,,3
4/13/2020,1009.5,32.3,24.8,28.9125,78,92,69,VRB,2,NNW,11,0.0,,4
4/14/2020,1010.5,33.0,25.8,28.82916667,85,98,71,VRB,1,SSW,8,0.0,,3
4/15/2020,1011.1,32.8,25.2,29.19583333,83,92,71,VRB,2,WNW,16,6.1,,4
4/16/2020,1010.2,31.6,25.7,28.25833333,86,96,73,VRB,2,SSE,10,0.7,,7
4/17/2020,1009.7,32.9,26.4,29.275,79,95,71,SSE,3,S,15,3.2,,7
4/18/2020,1009.5,31.0,25.8,29.27916667,79,93,72,ESE,5,ESE,16,0.3,,7
4/19/2020,1009.0,32.6,26.7,30.0875,73,80,69,E,3,E,15,0.2,,4
4/20/2020,1009.1,32.8,26.4,29.85416667,80,95,71,E,2,SE,12,0.05,,5
4/21/2020,1010.4,32.4,23.6,28.45416667,86,98,73,SE,4,SE,21,29.4,,7
4/22/2020,1010.7,31.2,24.0,28.23333333,84,100,73,WSW,4,N,25,15.2,,7
4/23/2020,1010.9,30.4,24.5,27.69583333,84,96,73,WSW,6,W,20,0.5,,7
4/24/2020,1010.6,31.4,26.0,28.66666667,78,83,74,VRB,3,NE,15,0.05,,7
4/25/2020,1010.0,32.4,25.2,29.22083333,76,83,68,W,5,WSW,15,0.05,,6
4/26/2020,1011.0,32.4,27.4,29.46666667,76,85,67,W,5,W,16,1.2,,5
4/27/2020,1011.5,32.7,24.7,28.75833333,78,86,72,W,7,W,27,14.3,,6
4/28/2020,1011.6,29.6,26.0,27.66666667,89,97,82,S,7,SSW,23,0.7,,7
4/29/2020,1010.7,32.2,28.1,29.7375,80,87,75,WSW,4,WSW,12,0.0,,5
4/30/2020,1011.4,32.6,27.9,29.89583333,78,84,70,WSW,4,W,14,0.05,,6
5/1/2020,1010.7,32.5,28.6,30.175,79,84,72,W,7,WNW,17,0.05,,6
5/2/2020,1009.4,32.7,26.6,30.17083333,80,91,75,W,9,W,30,8.0,,7
5/3/2020,1010.1,31.1,25.0,28.55833333,84,95,74,W,9,W,27,5.0,,7
5/4/2020,1010.4,32.5,24.8,29.7125,81,93,75,W,6,WNW,29,9.5,,7
5/5/2020,1011.1,30.5,24.6,27.43333333,86,95,79,WSW,7,W,24,5.7,,8
5/6/2020,1010.1,32.0,27.6,29.62083333,81,92,76,SSW,5,SSW,17,0.05,,6
5/7/2020,1009.9,32.4,26.6,29.7,82,90,73,SW,7,WSW,25,3.9,,5
5/8/2020,1009.4,32.5,27.5,30.02916667,81,86,75,W,9,W,22,0.5,,5
5/9/2020,1009.4,32.5,25.5,29.95416667,80,88,73,W,7,WSW,23,2.3,,6
5/10/2020,1009.5,31.6,26.2,29.47083333,80,88,73,WSW,9,SW,27,1.4,,6
5/11/2020,1009.1,32.0,25.0,28.7625,85,98,75,W,11,WSW,35,31.2,,7
5/12/2020,1008.9,29.5,26.0,28.44583333,86,95,76,WSW,8,WSW,28,12.7,,7
5/13/2020,1008.2,32.0,24.7,28.85833333,82,92,73,W,6,WNW,25,72.9,,7
5/14/2020,1008.9,30.6,24.0,27.29166667,88,97,77,W,15,WSW,37,118.6,,7
5/15/2020,1008.6,31.0,24.3,28.40416667,81,90,76,W,13,WSW,33,6.7,,7
5/16/2020,1008.6,31.8,25.2,29.55416667,79,96,72,W,12,W,37,2.7,,7
5/17/2020,1008.6,32.0,23.2,28.79166667,85,98,77,W,14,W,44,58.2,,7
5/18/2020,1009.7,30.0,23.6,27.62083333,87,96,79,W,17,W,47,24.6,,8
5/19/2020,1008.5,31.7,27.2,29.725,82,87,77,W,10,W,26,0.6,,7
5/20/2020,1009.4,32.2,27.0,29.86666667,81,88,74,WSW,7,WSW,15,1.0,,5
5/21/2020,1009.9,32.2,26.6,29.92916667,82,96,77,SW,7,WSW,20,1.1,,7
5/22/2020,1009.9,32.4,23.8,29.63333333,80,90,75,W,12,SW,40,26.4,,7
5/23/2020,1010.1,30.6,24.4,27.2625,81,88,77,W,8,W,42,27.0,,8
5/24/2020,1010.7,30.3,25.0,27.82083333,85,95,80,W,10,W,36,9.8,,7
5/25/2020,1011.3,31.5,25.1,28.97916667,84,88,80,SSW,4,W,21,0.2,,7
5/26/2020,1011.5,31.2,25.0,28.59166667,80,87,73,S,2,SSE,9,0.05,,7
5/27/2020,1011.3,32.1,26.3,29.0125,80,85,75,VRB,3,SSE,11,0.0,,6
5/28/2020,1011.1,31.7,23.1,28.52083333,86,95,74,SSE,6,SW,30,42.7,,7
5/29/2020,1010.8,31.1,27.5,28.87083333,86,93,80,S,6,SSW,18,0.2,,7
5/30/2020,1010.8,32.0,26.6,29.05,86,98,75,SSE,6,S,18,0.6,,6
5/31/2020,1011.2,32.0,26.5,29.55833333,78,88,73,SE,4,SE,11,0.0,,4
6/1/2020,1011.6,31.8,25.2,29.20833333,76,82,71,SSE,4,SSE,13,0.0,,2
6/2/2020,1011.3,32.0,25.0,28.4875,73,82,65,VRB,3,S,11,0.0,,5
6/3/2020,1010.9,31.8,25.5,28.67916667,76,82,68,SSE,3,SSE,12,0.0,,7
6/4/2020,1011.1,32.2,25.8,29.25833333,75,82,67,SSE,5,SSE,13,0.0,,3
6/5/2020,1011.0,32.2,26.8,29.6125,76,90,71,SSE,6,SSE,15,0.05,,3
6/6/2020,1011.0,32.1,23.4,28.93333333,82,95,73,SE,6,WSW,30,51.0,,5
6/7/2020,1009.9,30.2,24.6,27.15,81,90,75,VRB,4,SW,29,0.3,,7
6/8/2020,1009.4,31.8,24.6,28.82083333,83,93,73,VRB,2,S,8,5.5,,7
6/9/2020,1009.4,31.7,25.0,28.5125,82,93,72,VRB,3,WSW,27,5.4,,7
6/10/2020,1009.3,31.4,25.6,28.66666667,81,89,76,SW,7,WSW,24,2.6,,7
6/11/2020,1008.3,31.5,26.4,29.12916667,82,89,72,SSW,6,W,20,6.6,,7
6/12/2020,1007.4,31.4,25.6,28.78333333,78,86,73,SW,5,SW,20,1.0,,7
6/13/2020,1008.9,29.5,22.8,26.6125,84,99,76,W,10,W,37,49.0,,8
6/14/2020,1009.2,31.6,23.0,29.1625,81,91,73,W,6,WNW,18,19.9,,7
6/15/2020,1009.4,31.0,23.5,27.94166667,82,94,73,W,10,W,41,4.8,,7
6/16/2020,1008.8,31.7,24.5,28.7125,84,99,76,W,8,WNW,35,3.9,,7
6/17/2020,1009.0,31.6,22.3,28.12916667,82,86,78,WNW,6,W,37,7.8,,6
6/18/2020,1010.2,32.0,24.0,28.5375,79,89,70,VRB,3,W,27,6.2,,6
6/19/2020,1010.3,31.9,25.8,28.85,79,94,68,W,2,SSE,12,0.1,,6
6/20/2020,1010.5,31.2,26.0,28.525,82,95,75,S,3,SSE,15,0.0,,7
6/21/2020,1009.4,31.8,26.4,29.04166667,78,89,72,VRB,3,S,12,0.0,,5
6/22/2020,1008.1,32.0,24.5,29.125,78,83,72,WSW,5,W,22,12.6,,7
6/23/2020,1008.4,32.1,24.4,29.34166667,80,84,72,W,8,WNW,25,5.2,,7
6/24/2020,1008.4,32.4,28.0,30.10416667,78,84,73,W,7,W,15,0.0,,6
6/25/2020,1007.7,32.0,28.0,29.58333333,79,86,73,WSW,6,WSW,13,0.0,,7
6/26/2020,1007.9,32.0,27.6,29.71666667,79,92,71,SW,5,SW,13,0.0,,6
6/27/2020,1008.3,32.4,26.4,29.6375,80,85,76,W,4,WSW,11,0.0,,6
6/28/2020,1008.4,32.0,27.9,29.725,79,84,75,W,5,WNW,13,0.0,,3
6/29/2020,1008.4,32.4,24.6,29.0375,78,85,71,W,2,W,9,0.0,,6
6/30/2020,1008.1,32.8,24.6,28.50416667,78,88,66,VRB,1,NNE,9,0.0,,5
7/1/2020,1008.2,32.0,25.0,28.39166667,79,95,68,VRB,1,ESE,9,0.0,,4
7/2/2020,1008.5,32.4,25.5,28.85,80,95,70,VRB,1,SSE,7,0.0,,2
7/3/2020,1009.0,32.5,27.6,29.93333333,76,87,71,E,3,E,13,0.05,,6
7/4/2020,1008.8,32.5,28.6,30.135,76,80,72,E,6,E,17,0.0,,6
7/5/2020,1008.4,32.2,24.2,29.47083333,80,98,73,E,5,E,24,10.1,,6
7/6/2020,1008.8,30.6,26.2,28.43333333,80,85,75,ESE,6,ESE,17,0.0,,7
7/7/2020,1008.8,32.2,27.7,29.85833333,77,92,69,SE,5,SE,16,0.0,,6
7/8/2020,1008.9,32.4,23.8,29.13333333,80,89,73,SE,3,SE,13,40.0,,6
7/9/2020,1008.8,30.5,24.5,27.67083333,80,87,72,VRB,3,NW,22,0.05,,7
7/10/2020,1009.3,32.4,26.2,29.21666667,78,87,68,S,4,SSE,12,0.0,,7
7/11/2020,1008.8,32.1,27.5,29.55833333,77,85,71,SE,4,SE,11,0.0,,5
7/12/2020,1008.2,31.8,28.0,29.50833333,79,90,70,VRB,2,ESE,10,0.0,,7
7/13/2020,1007.8,31.8,27.3,29.0375,82,100,76,NNW,4,NNW,18,0.05,,7
7/14/2020,1008.0,32.1,25.6,29.47083333,80,95,71,VRB,2,NW,12,0.0,,7
7/15/2020,1008.5,32.2,25.1,28.59166667,80,94,70,VRB,1,NW,9,0.0,,7
7/16/2020,1007.3,32.5,28.2,29.6125,82,92,68,VRB,1,WSW,9,0.0,,7
7/17/2020,1006.9,32.5,26.4,29.57,85,95,71,N,3,N,13,0.6,,7
7/18/2020,1007.7,30.6,22.8,26.925,84,100,74,WNW,9,WNW,41,19.3,,7
7/19/2020,1008.1,29.4,24.6,27.425,86,98,75,NNW,8,NW,35,5.7,,8
7/20/2020,1007.5,31.4,26.4,29.39166667,79,83,76,NNW,7,NNW,19,0.5,,7
7/21/2020,1008.4,31.3,23.9,28.2625,78,91,71,N,6,NW,27,3.9,,7
7/22/2020,1008.8,31.0,25.4,29.08333333,79,88,69,WNW,7,W,21,0.2,,7
7/23/2020,1009.2,30.4,25.0,27.75,80,91,73,WSW,4,WSW,24,0.05,,7
7/24/2020,1009.7,31.0,25.0,27.65458333,81,92,70,VRB,2,NW,14,0.5,,7
7/25/2020,1010.9,29.8,24.6,27.59583333,83,93,72,ESE,7,SE,24,0.9,,7
7/26/2020,1010.8,31.6,24.4,28.125,78,95,53,SE,3,SE,16,3.3,,7
7/27/2020,1009.9,31.2,26.2,28.4875,78,86,72,SSW,5,S,15,0.1,,7
7/28/2020,1009.4,31.4,26.4,29.11666667,84,95,76,SW,6,SSW,14,0.05,,7
7/29/2020,1009.1,31.4,25.4,28.64166667,81,88,76,W,7,WSW,19,2.3,,7
7/30/2020,1009.1,31.6,26.7,29.42916667,81,98,71,SW,7,SW,18,0.1,,7
7/31/2020,1009.6,30.7,24.0,27.56666667,81,86,76,WSW,5,NW,27,10.1,,7
8/1/2020,1010.3,31.6,27.2,28.70416667,84,92,72,SSE,5,SSE,13,0.0,,7
8/2/2020,1010.2,31.9,26.6,29.07916667,84,93,78,SE,6,SSE,14,0.0,,6
8/3/2020,1009.3,32.0,27.0,29.15833333,80,86,76,SSE,6,SSE,14,0.0,,7
8/4/2020,1007.8,31.8,26.5,28.75416667,81,87,74,SSE,5,SSE,15,0.4,,7
8/5/2020,1007.6,31.6,22.1,27.35833333,87,94,79,SSE,8,W,37,88.0,,7
8/6/2020,1008.3,31.5,26.0,28.3,79,84,73,SSE,8,SSE,19,0.0,,7
8/7/2020,1009.5,31.5,26.6,29.05833333,78,85,73,SSE,7,SSE,14,0.05,,7
8/8/2020,1009.4,31.4,25.0,28.825,81,85,74,SSE,4,SSE,13,0.0,,7
8/9/2020,1009.6,31.6,27.5,28.80416667,82,88,73,S,5,S,13,0.05,,7
8/10/2020,1009.9,31.5,26.6,29.025,83,87,77,S,7,S,20,1.9,,7
8/11/2020,1011.0,31.7,25.0,28.80416667,82,96,74,SSE,4,SE,12,0.0,,7
8/12/2020,1011.4,31.5,24.4,28.21666667,82,94,72,VRB,2,SE,10,0.0,,5
8/13/2020,1009.8,32.0,25.2,28.3375,80,95,67,VRB,1,E,8,0.0,,4
8/14/2020,1008.9,32.0,25.3,28.67083333,75,91,65,VRB,2,S,13,0.0,,6
8/15/2020,1009.0,32.2,25.0,28.4625,79,93,68,VRB,2,SW,10,0.0,,7
8/16/2020,1009.0,32.0,24.9,28.38333333,80,93,73,VRB,1,WNW,21,0.8,,6
8/17/2020,1008.8,32.6,23.9,28.91666667,79,92,70,VRB,2,ESE,18,33.6,,5
8/18/2020,1008.6,32.6,28.0,30.04583333,76,89,70,ENE,3,E,11,0.0,,4
8/19/2020,1008.3,32.5,27.6,29.79583333,78,89,70,NE,2,NE,11,0.0,,3
8/20/2020,1008.9,32.2,24.5,28.70416667,78,90,67,VRB,2,N,10,0.0,,4
8/21/2020,1009.9,33.0,28.2,30.0625,75,94,69,E,3,E,11,0.0,,4
8/22/2020,1010.2,33.0,28.2,30.075,74,83,67,E,4,E,13,0.0,,3
8/23/2020,1010.1,32.6,23.4,29.3125,80,94,72,ESE,4,N,18,10.7,,4
8/24/2020,1010.4,31.4,24.4,27.65416667,84,96,68,VRB,2,WSW,13,2.0,,7
8/25/2020,1010.9,31.6,23.2,27.64583333,83,97,68,W,6,WSW,22,81.3,,6
8/26/2020,1011.3,30.6,23.8,26.24583333,77,85,72,WNW,3,NW,24,0.9,,7
8/27/2020,1010.5,31.0,24.0,27.80833333,74,81,70,W,4,NW,19,1.4,,7
8/28/2020,1010.4,30.4,26.2,27.66666667,78,87,72,SSE,5,WSW,16,0.05,,7
8/29/2020,1009.9,32.0,25.6,28.775,79,89,68,ESE,3,SSE,12,0.0,,7
8/30/2020,1010.1,31.9,23.9,28.91666667,82,94,71,SSE,6,NNW,23,2.6,,7
8/31/2020,1010.3,31.5,23.6,27.48333333,81,96,74,S,4,SE,18,7.5,,7
9/1/2020,1010.9,30.7,24.7,27.4425,83,97,74,S,6,SSW,23,0.3,,7
9/2/2020,1010.5,31.2,24.2,28.0875,84,95,72,S,7,W,26,1.8,,7
9/3/2020,1009.6,30.8,27.3,28.425,77,89,72,SSW,8,SSW,18,0.0,,7
9/4/2020,1008.6,31.0,24.0,28.24166667,85,93,78,S,9,SSW,30,9.8,,7
9/5/2020,1009.1,28.9,23.1,25.6625,90,98,85,SW,12,SSW,34,86.3,,8
9/6/2020,1008.8,30.0,27.0,28.19583333,79,89,70,SW,8,SW,23,0.05,,7
9/7/2020,1009.9,31.1,27.0,28.93333333,80,85,72,W,6,SW,14,0.05,,7
9/8/2020,1010.5,32.0,27.0,29.35833333,80,89,73,W,8,WNW,18,0.05,,7
9/9/2020,1010.1,31.1,26.0,28.41666667,80,85,73,SW,5,SW,24,1.9,,7
9/10/2020,1010.0,31.0,23.0,27.4,86,98,80,S,8,SSW,29,20.2,,7
9/11/2020,1009.7,31.1,26.5,28.72916667,77,83,70,S,8,S,19,0.0,,6
9/12/2020,1010.9,31.2,25.2,28.69583333,79,85,71,SSE,5,SSE,15,0.0,,5
9/13/2020,1011.2,30.6,24.0,27.98333333,80,88,72,SSE,4,SSE,14,0.0,,7
9/14/2020,1010.7,30.8,26.4,28.35416667,78,87,70,S,4,S,11,0.0,,5
9/15/2020,1010.5,30.8,26.4,28.3625,80,85,73,S,4,S,11,0.0,,6
9/16/2020,1010.5,31.5,27.0,28.9375,79,89,73,SSE,7,SSE,16,0.0,,6
9/17/2020,1011.3,31.2,27.1,29.01666667,83,96,75,SSE,7,SSE,15,0.0,,7
9/18/2020,1010.4,31.6,25.9,28.8875,82,87,76,WSW,5,S,14,0.0,,7
9/19/2020,1009.4,31.5,27.2,28.775,79,89,73,ESE,4,S,14,0.0,,6
9/20/2020,1009.2,31.6,26.4,28.95,81,98,74,SE,5,SE,21,0.1,,7
9/21/2020,1009.6,31.4,26.1,28.54583333,83,95,71,SE,7,SSE,20,1.9,,7
9/22/2020,1009.8,31.2,25.4,28.27083333,77,92,69,S,5,S,15,0.0,,7
9/23/2020,1010.5,31.0,24.4,28.025,77,85,67,VRB,3,SW,10,0.0,,6
9/24/2020,1011.5,31.6,25.0,28.21666667,78,86,71,VRB,2,NW,14,3.4,,6
9/25/2020,1011.3,31.5,24.5,28.14583333,77,83,72,VRB,2,NW,21,7.0,,5
9/26/2020,1010.8,31.4,24.0,27.125,77,83,71,VRB,2,WNW,19,5.6,,7
9/27/2020,1010.7,30.9,24.0,27.26666667,83,93,73,VRB,1,SSE,11,0.0,,7
9/28/2020,1010.9,31.5,24.8,27.9875,79,96,71,VRB,2,S,9,0.0,,7
9/29/2020,1010.3,31.9,27.0,28.775,83,95,74,S,5,SSW,15,0.05,,7
9/30/2020,1010.0,30.9,25.0,28.25833333,84,97,75,S,3,S,16,0.0,,7
10/1/2020,1010.3,31.7,25.3,28.1875,85,98,75,VRB,2,NW,14,0.0,,7
10/2/2020,1010.9,31.6,24.8,28.775,83,92,74,S,6,S,24,4.9,,7
10/3/2020,1011.9,30.0,24.0,27.64583333,90,96,79,S,6,SSE,21,10.0,,7
10/4/2020,1011.1,31.0,25.5,27.75,82,95,74,VRB,2,W,11,0.0,,7
10/5/2020,1010.5,31.0,23.4,27.34583333,85,96,77,W,5,WSW,21,54.7,,7
10/6/2020,1010.9,28.8,23.4,26.00833333,86,98,76,SSW,4,SSW,14,7.0,,7
10/7/2020,1010.5,30.5,23.0,27.62916667,83,96,73,W,4,NW,23,12.4,,7
10/8/2020,1010.8,29.5,25.4,27.69166667,83,95,77,W,6,W,26,1.4,,7
10/9/2020,1010.5,29.6,25.0,27.28333333,82,92,75,S,5,S,18,5.3,,7
10/10/2020,1010.6,31.1,26.0,28.73333333,84,97,76,SSW,7,SSW,19,0.5,,7
10/11/2020,1009.3,31.5,26.5,28.78041667,80,88,73,SSW,7,S,18,0.05,,6
10/12/2020,1008.6,31.4,23.5,28.35,81,86,76,S,7,SW,36,10.8,,7
10/13/2020,1009.1,31.3,27.2,28.975,77,91,70,S,7,S,19,0.0,,6
10/14/2020,1009.6,31.0,26.4,28.91666667,80,94,71,SSW,5,SW,13,0.05,,7
10/15/2020,1008.9,31.5,27.6,29.37083333,81,91,72,WSW,9,WSW,28,0.0,,6
10/16/2020,1008.2,31.5,27.5,29.525,84,92,78,WSW,11,WSW,25,0.0,,7
10/17/2020,1008.6,31.6,26.9,29.47083333,83,92,78,W,12,W,25,0.05,,7
10/18/2020,1009.4,31.0,25.2,28.90416667,81,86,75,W,12,WSW,35,1.3,,7
10/19/2020,1009.3,31.7,27.4,29.2125,79,86,73,W,8,W,19,0.0,,7
10/20/2020,1009.8,31.5,25.4,28.76666667,79,94,73,WSW,6,SW,20,0.5,,7
10/21/2020,1009.9,31.6,27.4,29.175,82,91,75,SSW,7,S,18,0.0,,6
10/22/2020,1009.8,31.5,26.7,29.20833333,79,94,73,SW,7,WSW,17,0.2,,3
10/23/2020,1009.8,31.9,27.0,29.27916667,78,83,74,WSW,7,WSW,18,0.3,,6
10/24/2020,1010.2,31.8,27.6,29.50833333,80,92,73,WSW,7,SW,19,0.05,,6
10/25/2020,1010.9,32.0,24.0,29.39583333,81,92,74,W,6,W,14,0.0,,5
10/26/2020,1010.8,32.0,26.3,28.94583333,78,84,72,WNW,5,WNW,12,0.05,,4
10/27/2020,1010.7,31.9,27.0,29.2375,77,83,71,WNW,6,NW,13,0.0,,4
10/28/2020,1011.4,31.8,26.4,29.275,82,89,72,W,7,NW,17,1.0,,4
10/29/2020,1011.1,32.0,26.4,29.3125,81,91,73,WNW,8,WNW,15,3.7,,4
10/30/2020,1010.9,31.7,26.0,28.7875,81,88,73,WNW,9,W,21,1.8,,4
10/31/2020,1011.2,32.0,24.6,28.86666667,81,89,76,WNW,7,WNW,23,2.5,,5
11/1/2020,1011.6,31.0,24.5,28.0375,81,92,72,W,6,SW,21,19.1,,7
11/2/2020,1012.1,30.8,23.0,27.81666667,84,95,76,W,7,W,19,51.8,,7
11/3/2020,1012.0,29.5,24.5,26.06666667,84,90,80,W,6,SSW,20,11.7,,7
11/4/2020,1010.9,31.0,26.2,28.375,81,94,71,WSW,4,WSW,12,0.0,,5
11/5/2020,1011.1,31.4,25.0,28.40416667,81,94,72,W,3,W,14,0.05,,6
11/6/2020,1011.2,31.6,24.4,27.59166667,82,94,71,VRB,1,NNW,10,5.1,,6
11/7/2020,1011.8,31.6,27.4,28.8375,80,94,70,SSW,5,SSW,12,0.0,,5
11/8/2020,1012.0,31.3,24.4,28.4875,80,88,73,W,7,WSW,22,23.3,,7
11/9/2020,1011.4,30.0,23.2,25.9875,89,99,79,W,8,W,21,15.0,,8
11/10/2020,1009.6,28.6,23.5,26.8375,84,97,77,NNW,7,N,22,25.6,,7
11/11/2020,1009.8,29.3,23.8,26.24583333,84,96,73,W,3,WNW,30,15.2,,7
11/12/2020,1010.4,31.5,24.4,27.275,87,98,73,S,4,S,17,19.0,,7
11/13/2020,1009.5,28.6,24.1,26.4,87,98,81,WNW,6,WSW,18,7.3,,7
11/14/2020,1008.0,31.4,24.8,28.20416667,83,94,78,NW,11,WNW,30,12.5,,7
11/15/2020,1007.7,28.6,23.8,26.5625,86,95,80,WNW,11,NNW,30,29.9,,8
11/16/2020,1008.5,30.0,23.2,26.87083333,90,98,81,WNW,14,W,31,47.1,,7
11/17/2020,1008.5,30.0,24.6,27.0875,82,98,71,W,11,W,35,27.6,,7
11/18/2020,1009.1,30.9,26.2,28.63333333,81,87,78,WSW,9,WSW,20,0.05,,7
11/19/2020,1009.7,31.0,26.0,28.18333333,80,91,72,SW,5,WSW,11,0.0,,7
11/20/2020,1010.3,30.8,25.0,27.99166667,77,88,71,W,4,W,15,0.0,,5
11/21/2020,1010.8,31.0,25.1,27.75416667,78,82,73,NW,3,NW,12,1.2,,7
11/22/2020,1011.5,31.5,24.5,28.07916667,76,90,68,N,4,NNW,14,0.6,,5
11/23/2020,1011.5,30.9,24.4,27.6125,80,93,70,WNW,5,NW,25,7.1,,6
11/24/2020,1010.5,30.5,25.6,27.8875,82,98,68,W,6,W,13,0.05,,6
11/25/2020,1009.7,31.3,27.0,28.825,78,87,71,W,9,W,20,0.0,,4
11/26/2020,1010.4,31.1,27.2,28.8125,76,82,70,W,10,W,18,0.0,,6
11/27/2020,1011.2,31.2,26.8,28.69166667,77,89,70,W,8,W,15,0.0,,7
11/28/2020,1011.0,31.0,24.0,28.09583333,78,91,72,W,5,W,13,0.4,,7
11/29/2020,1010.5,31.1,23.4,27.5,80,92,73,VRB,2,W,10,0.0,,6
11/30/2020,1011.2,31.2,23.6,27.15833333,80,92,70,VRB,1,NNW,9,0.0,,4
12/1/2020,1011.2,31.0,27.0,28.3,78,92,71,W,5,W,12,0.0,,4
12/2/2020,1010.8,31.2,27.2,28.8,81,92,70,W,9,W,18,0.0,,7
12/3/2020,1009.9,31.2,27.0,28.7,78,83,73,W,11,NW,22,0.05,,7
12/4/2020,1009.3,31.1,27.3,29.0,79,85,73,W,12,W,23,0.05,,6
12/5/2020,1009.3,31.6,27.3,29.0,81,98,72,W,11,W,20,0.0,,4
12/6/2020,1010.3,31.0,24.0,27.8,87,97,82,W,11,WSW,31,18.9,,7
12/7/2020,1010.8,31.0,25.6,28.7,80,89,72,W,9,WNW,21,1.6,,5
12/8/2020,1011.3,30.6,25.2,28.1,79,87,72,W,7,W,17,0.05,,7
12/9/2020,1010.9,30.8,23.2,27.3,80,95,72,W,3,NW,10,0.0,,3
12/10/2020,1011.6,31.0,26.2,28.0,79,89,71,NW,6,W,12,0.0,,5
12/11/2020,1011.6,31.0,26.4,28.5,74,81,67,NW,7,W,16,0.0,,3
12/12/2020,1011.2,30.8,26.6,28.5,74,82,67,NW,8,NW,16,0.0,,7
12/13/2020,1010.4,31.2,26.8,28.5,78,84,75,NW,9,WNW,16,0.05,,7
12/14/2020,1010.4,31.3,26.8,28.7,76,84,72,NW,9,NW,16,0.0,,7
12/15/2020,1011.1,31.0,26.8,28.5,75,89,65,W,8,W,16,0.0,,6
12/16/2020,1011.4,31.0,23.4,28.2,86,95,76,WSW,6,W,21,1.9,,4
12/17/2020,1011.3,30.7,25.4,27.7,82,95,70,W,7,W,19,0.9,,4
12/18/2020,1010.5,30.8,24.0,28.0,79,98,70,W,5,W,13,0.0,,3
12/19/2020,1010.3,30.7,23.8,27.0,78,82,73,VRB,1,W,7,0.0,,3
12/20/2020,1010.5,31.5,23.2,27.4,80,89,71,SSW,4,E,18,21.0,,5
12/21/2020,1010.2,30.9,24.6,27.4,86,98,73,WSW,6,WSW,22,13.4,,7
12/22/2020,1009.9,30.7,26.8,28.4,81,91,74,SW,9,W,20,0.0,,7
12/23/2020,1009.5,31.0,26.5,28.3,78,93,71,W,9,W,19,0.0,,7
12/24/2020,1009.0,30.6,23.0,27.4,83,96,71,W,4,W,12,0.0,,6
12/25/2020,1009.7,30.6,22.4,26.6,83,96,71,VRB,2,N,9,0.0,,3
12/26/2020,1010.5,30.7,23.9,26.9,85,97,74,VRB,2,ENE,9,0.0,,1
12/27/2020,1010.0,31.4,24.4,27.9,79,89,73,NNE,2,NNE,12,0.0,,3
12/28/2020,1010.0,31.0,26.4,28.0,79,93,71,NNW,5,NW,15,0.0,,5
12/29/2020,1009.2,31.2,25.4,28.4,78,89,71,N,5,N,14,0.0,,4
12/30/2020,1008.5,31.4,25.8,28.4,81,90,73,N,3,NNW,10,0.6,,5
12/31/2020,1009.2,30.1,24.5,27.0,90,97,80,NW,4,W,16,26.3,,7
1/1/2021,1009.2,30.0,25.8,27.3,85,95,81,N,6,NW,16,0.0,,7
1/2/2021,1008.9,31.2,26.4,28.4,80,89,71,N,6,NW,13,0.0,,3
1/3/2021,1008.3,31.3,25.0,28.4,82,94,74,NNW,5,NNW,12,0.0,,6
1/4/2021,1008.7,31.2,25.6,28.2,84,95,74,SW,5,SSW,18,0.0,,7
1/5/2021,1009.6,30.4,26.6,27.8,82,89,76,W,10,SW,23,0.05,,7
1/6/2021,1008.9,31.4,26.0,28.8,79,87,72,WNW,10,WNW,27,0.6,,7
1/7/2021,1007.9,30.0,24.0,27.0,88,98,80,WNW,12,NW,31,23.4,,7
1/8/2021,1007.6,31.7,25.4,28.6,81,90,73,NW,12,WNW,25,0.7,,7
1/9/2021,1008.6,31.2,26.4,28.4,77,89,70,WNW,7,NW,13,0.0,,6
1/10/2021,1009.1,31.0,26.6,28.4,74,84,67,WNW,8,WNW,16,0.0,,6
1/11/2021,1009.9,30.5,26.7,28.1,77,83,73,WNW,10,W,18,0.0,,7
1/12/2021,1009.6,31.1,25.2,28.4,78,89,72,WNW,12,WNW,26,0.2,,7
1/13/2021,1009.1,30.9,27.4,28.6,76,85,71,WNW,14,NW,24,0.0,,7
1/14/2021,1008.9,31.0,27.2,28.7,73,78,68,WNW,13,WNW,23,0.0,,7
1/15/2021,1008.5,31.2,27.0,28.8,76,82,70,WNW,10,WNW,19,0.0,,6
1/16/2021,1008.2,31.1,26.8,28.6,76,80,72,W,9,W,18,0.0,,6
1/17/2021,1008.9,31.2,24.3,27.9,82,93,73,W,5,SW,13,0.7,,6
1/18/2021,1009.6,30.7,23.0,27.3,79,94,68,SW,5,SW,12,0.0,,4
1/19/2021,1010.3,30.8,25.5,27.6,79,94,68,W,4,W,11,0.0,,4
1/20/2021,1010.8,31.0,26.3,28.3,81,90,73,NNW,5,NNW,13,0.0,,3
1/21/2021,1010.9,31.5,26.4,28.4,79,87,72,N,6,N,14,0.05,,4
1/22/2021,1010.6,31.2,23.4,27.6,81,97,70,NNW,4,N,13,0.0,,2
1/23/2021,1010.6,31.2,25.0,27.9,81,94,66,WSW,3,WSW,10,0.0,,5
1/24/2021,1010.8,31.7,24.4,27.2,87,98,73,VRB,3,ESE,16,14.6,,6
1/25/2021,1011.0,31.4,25.0,27.9,83,94,72,ENE,4,NNE,14,1.0,,7
1/26/2021,1010.7,27.6,24.4,25.8,90,96,82,NE,5,NW,24,9.3,,7
1/27/2021,1010.3,30.5,24.5,27.6,83,97,75,N,7,NW,23,3.8,,6
1/28/2021,1011.1,30.3,23.9,27.7,76,95,68,NNE,7,W,24,3.7,,7
1/29/2021,1011.2,29.8,24.7,27.3,84,97,76,NNE,5,NNE,14,1.1,,6
1/30/2021,1010.6,28.8,23.6,27.2,85,97,81,N,5,SW,21,19.3,,7
1/31/2021,1011.0,29.9,23.4,27.3,84,98,73,N,4,N,17,0.0,,7
2/1/2021,1011.5,31.0,25.9,28.4,83,97,74,NE,4,E,13,2.6,,4
2/2/2021,1011.9,30.1,24.1,27.2,87,99,79,E,3,E,12,2.1,,7
2/3/2021,1011.4,30.8,26.2,28.2,85,98,78,NNE,4,NNE,11,0.0,,6
2/4/2021,1011.5,31.1,27.0,28.6,84,89,77,NNE,5,NNE,13,0.0,,7
2/5/2021,1010.9,31.0,27.0,28.8,81,87,75,NNE,7,NNE,15,0.0,,7
2/6/2021,1010.2,30.8,27.0,28.6,77,82,73,NNE,6,NNE,13,0.0,,4
2/7/2021,1010.0,30.8,27.0,28.8,75,82,69,NNE,6,NNE,13,0.0,,4
2/8/2021,1010.0,30.8,27.4,28.8,80,87,73,NNE,6,NNE,16,0.0,,4
2/9/2021,1009.8,31.0,27.4,29.0,82,88,77,NNE,6,NNE,16,0.0,,3
2/10/2021,1009.5,30.6,26.6,28.6,82,89,75,NNE,7,NNE,17,0.0,,3
2/11/2021,1009.4,30.7,25.4,27.8,83,95,76,NNE,5,NW,18,2.7,,6
2/12/2021,1010.3,31.4,27.0,28.6,78,84,73,NNE,4,NNE,12,0.0,,4
2/13/2021,1011.2,31.5,27.2,28.8,78,86,71,NE,5,NE,12,0.0,,3
2/14/2021,1011.5,32.0,27.0,29.0,80,85,72,NE,4,NE,12,0.0,,6
2/15/2021,1010.7,31.2,24.2,27.9,85,99,75,NNE,4,NW,21,48.4,,6
2/16/2021,1010.5,30.0,24.8,26.7,88,96,81,ENE,4,NW,19,3.4,,6
2/17/2021,1009.8,31.2,26.8,28.6,81,89,76,ENE,4,E,11,0.0,,3
2/18/2021,1010.3,32.0,27.4,29.3,79,85,70,ENE,4,E,11,0.0,,3
2/19/2021,1010.4,31.7,27.4,29.2,80,89,73,NNE,6,NNE,13,0.0,,5
2/20/2021,1009.6,31.5,27.5,29.1,79,83,74,NNE,7,N,16,0.05,,4
2/21/2021,1010.6,31.2,27.0,28.8,78,84,72,N,7,N,14,0.0,,7
2/22/2021,1011.0,30.6,27.0,28.7,78,85,72,N,7,NNE,14,0.0,,7
2/23/2021,1010.4,31.0,27.2,28.9,78,87,70,NNE,6,NNE,15,0.0,,7
2/24/2021,1010.2,31.8,26.4,29.2,81,88,73,ENE,3,E,9,0.0,,7
2/25/2021,1010.6,31.4,27.3,28.9,81,89,74,N,5,NNW,11,0.0,,7
2/26/2021,1010.0,31.4,25.2,28.7,79,89,72,NNE,5,N,11,0.0,,5
2/27/2021,1008.8,30.9,23.2,27.4,83,97,73,NNE,3,NNE,11,0.0,,5
2/28/2021,1009.8,30.9,25.5,27.6,79,98,71,W,4,W,9,0.0,,7
3/1/2021,1011.7,31.0,26.5,28.5,76,85,69,W,6,WNW,12,0.0,,7
3/2/2021,1010.8,31.6,25.8,28.9,80,86,74,NNE,4,NNE,13,0.0,,4
3/3/2021,1010.1,31.0,27.0,28.8,73,85,64,NNE,6,NNE,15,0.0,,3
3/4/2021,1009.8,31.6,27.4,29.3,73,79,67,E,5,E,12,0.05,,5
3/5/2021,1011.3,32.4,27.4,29.5,75,82,67,E,5,E,12,0.0,,4
3/6/2021,1011.4,32.3,27.6,29.5,79,88,71,ENE,4,ENE,12,0.0,,5
3/7/2021,1010.7,32.3,26.9,29.3,77,84,69,E,4,NE,12,0.0,,3
3/8/2021,1010.6,31.8,26.0,29.0,78,93,70,NE,3,NE,10,0.0,,3
3/9/2021,1011.1,32.0,23.6,27.8,87,99,73,VRB,3,S,21,29.6,,7
3/10/2021,1011.6,31.4,23.5,27.4,86,100,73,VRB,3,E,14,14.6,,7
3/11/2021,1011.8,29.6,24.1,26.6,84,97,78,N,5,SW,24,1.7,,7
3/12/2021,1011.6,31.6,27.0,28.9,77,85,70,E,4,ENE,10,0.0,,3
3/13/2021,1010.7,32.0,25.6,29.2,77,85,69,E,5,E,12,0.05,,4
3/14/2021,1010.0,32.2,23.6,27.7,85,96,73,E,3,WNW,16,21.4,,7
3/15/2021,1009.7,31.5,25.0,27.6,85,96,70,VRB,3,SW,12,3.7,,7
3/16/2021,1010.3,29.4,25.0,27.1,87,96,79,W,5,W,14,0.6,,7
3/17/2021,1009.5,31.0,23.0,27.3,85,98,75,NE,4,SE,19,43.4,,6
3/18/2021,1009.8,30.8,24.6,27.4,86,99,72,WSW,4,S,20,1.7,,7
3/19/2021,1010.0,31.2,24.2,27.0,88,98,75,W,4,SSW,24,9.8,,7
3/20/2021,1009.2,31.0,25.0,27.1,87,98,79,W,5,SSW,15,0.05,,7
3/21/2021,1008.7,31.9,26.1,28.6,82,92,74,W,5,W,14,0.0,,6
3/22/2021,1009.6,31.4,25.0,28.2,83,95,76,W,4,NW,11,0.0,,5
3/23/2021,1010.0,31.6,25.0,28.5,81,92,73,W,4,W,11,0.0,,5
3/24/2021,1009.7,31.4,24.1,27.5,86,99,74,WNW,4,N,18,3.6,,7
3/25/2021,1008.6,31.2,24.2,27.0,88,98,76,N,3,N,17,0.5,,6
3/26/2021,1008.2,31.7,24.8,28.0,83,99,70,VRB,2,N,15,0.0,,7
3/27/2021,1008.5,31.0,24.9,27.7,87,99,77,W,4,SW,18,15.8,,7
3/28/2021,1008.5,30.4,24.0,27.3,88,98,80,SW,9,WSW,31,48.7,,7
3/29/2021,1009.1,30.3,24.9,27.6,86,93,79,W,12,SW,34,4.9,,8
3/30/2021,1007.6,31.3,27.6,29.3,79,90,70,W,12,W,25,0.05,,7
3/31/2021,1008.1,31.6,24.4,29.1,83,96,76,W,12,WSW,33,12.6,,7
4/1/2021,1009.5,31.6,25.2,28.4,83,92,84,W,10,WSW,25,0.0,,7
4/2/2021,1009.6,32.2,26.5,29.1,82,96,79,W,11,W,25,0.0,,7
4/3/2021,1009.6,31.8,25.6,29.2,82,91,77,W,10,W,20,1.5,,7
4/4/2021,1009.9,32.0,23.6,29.3,78,87,76,WNW,11,NW,19,5.9,,7
4/5/2021,1009.9,31.0,24.4,29.2,85,87,76,NW,11,NNW,17,1.0,,5
4/6/2021,1010.6,32.5,24.5,28.7,86,86,71,NW,7,NW,16,8.7,,6
4/7/2021,1011.5,31.5,27.0,28.9,84,86,70,W,6,W,12,0.0,,7
4/8/2021,1010.1,31.7,27.0,28.9,83,82,70,W,9,W,18,0.0,,5
4/9/2021,1009.5,31.6,24.2,29.1,84,82,69,W,8,W,15,0.0,,2
4/10/2021,1010.5,31.4,23.8,29.3,85,82,72,WSW,7,WSW,14,0.0,,3
4/11/2021,1011.3,32.0,26.5,29.0,80,87,73,W,6,W,13,0.0,,3
4/12/2021,1011.7,32.4,26.8,29.0,78,82,72,W,6,WNW,12,0.0,,2
4/13/2021,1011.1,32.3,24.8,28.7,80,89,73,W,5,W,11,0.0,,2
4/14/2021,1010.8,33.0,25.8,28.0,83,92,70,W,3,W,10,0.0,,3
4/15/2021,1010.8,32.8,25.2,28.2,82,94,71,W,4,WNW,12,6.1,,3
4/16/2021,1010.9,31.6,25.7,27.9,87,95,68,W,4,W,13,0.7,,3
4/17/2021,1012.2,32.9,26.4,27.9,83,97,68,S,5,SW,12,3.2,,2
4/18/2021,1012.7,31.0,25.8,28.2,80,96,67,S,5,SSE,11,0.3,,3
4/19/2021,1010.9,32.6,26.7,28.1,78,92,67,SSW,5,SSW,11,0.2,,2
4/20/2021,1010.6,32.8,26.4,28.5,81,93,67,W,5,W,13,0.05,,2
4/21/2021,1011.7,32.4,23.6,28.8,84,84,69,SW,5,WSW,11,29.4,,2
4/22/2021,1011.9,31.2,24.0,28.8,81,82,67,WSW,6,WSW,12,15.2,,2
4/23/2021,1011.2,30.4,24.5,28.6,84,89,67,W,5,W,12,0.5,,3
4/24/2021,1010.2,31.4,26.0,28.6,81,92,71,W,4,W,11,0.05,,3
4/25/2021,1010.0,32.4,25.2,28.0,79,94,70,W,3,W,12,0.05,,3
4/26/2021,1009.8,32.4,27.4,28.0,81,93,65,W,4,WNW,11,1.2,,2
4/27/2021,1010.7,32.7,24.7,28.2,84,92,68,W,3,W,11,14.3,,2
4/28/2021,1011.1,29.6,26.0,28.8,87,91,69,S,5,S,13,0.7,,5
4/29/2021,1009.9,32.2,28.1,29.2,79,98,68,SSE,5,SSE,12,0.0,,3
4/30/2021,1008.8,32.6,27.9,28.4,79,97,71,VRB,2,SE,8,0.05,,2
5/1/2021,1008.6,32.6,25.0,28.8,81,95,68,VRB,2,NE,8,0.0,,5
5/2/2021,1008.7,32.5,23.8,28.0,85,98,70,W,5,NW,27,110.6,,6
5/3/2021,1008.9,30.5,25.1,27.2,88,98,75,S,7,W,22,0.3,,7
5/4/2021,1008.0,31.5,24.6,27.8,85,97,70,VRB,2,W,9,0.0,,6
5/5/2021,1008.1,31.6,25.1,28.4,83,98,69,VRB,2,WNW,10,0.0,,6
5/6/2021,1008.8,32.3,25.0,29.0,81,97,70,W,3,WNW,19,1.6,,7
5/7/2021,1009.1,32.0,25.0,28.2,87,98,73,W,4,NNE,18,5.3,,7
5/8/2021,1008.0,32.0,25.5,29.1,84,95,73,NW,3,NNW,11,0.0,,6
5/9/2021,1007.4,32.2,26.3,29.0,84,97,76,S,3,S,17,3.8,,5
5/10/2021,1008.2,30.8,24.4,27.4,92,100,79,S,8,SSE,33,50.0,,7
5/11/2021,1008.9,29.0,24.2,27.1,90,100,81,SW,10,W,28,31.7,,7
5/12/2021,1008.6,28.6,24.8,25.9,95,100,88,W,12,W,25,69.2,,8
5/13/2021,1007.8,31.0,25.2,28.5,82,91,70,W,7,S,22,5.9,,7
5/14/2021,1006.9,31.0,23.5,27.6,86,100,77,W,11,WNW,32,96.0,,7
5/15/2021,1007.2,29.5,26.7,28.1,82,96,77,W,11,SW,26,0.4,,7
5/16/2021,1007.2,31.8,26.2,29.5,80,95,73,W,8,W,18,0.8,,7
5/17/2021,1008.5,32.0,27.5,29.5,80,91,73,W,5,W,13,0.0,,4
5/18/2021,1008.8,32.4,26.2,29.3,81,94,74,W,5,WNW,10,0.0,,3
5/19/2021,1009.3,32.3,28.0,29.8,77,85,72,WNW,7,WNW,14,0.0,,3
5/20/2021,1010.4,32.1,25.5,29.6,79,91,72,WNW,7,NW,14,6.3,,6
5/21/2021,1010.7,32.1,26.8,29.2,81,89,72,W,5,W,13,0.0,,6
5/22/2021,1009.9,31.8,27.0,29.6,78,87,72,W,6,SW,12,0.6,,6
5/23/2021,1010.8,31.9,26.5,29.4,80,88,73,W,7,W,17,1.0,,7
5/24/2021,1012.0,32.1,28.3,29.7,76,80,72,WSW,9,WSW,18,0.0,,7
5/25/2021,1012.0,31.4,28.0,29.5,73,79,70,WSW,12,W,22,0.0,,7
5/26/2021,1011.4,31.6,27.9,29.5,73,79,69,W,13,W,23,0.05,,7
5/27/2021,1011.4,31.5,28.0,29.6,75,80,71,W,13,W,26,0.0,,7
5/28/2021,1011.5,31.6,25.0,29.1,78,89,72,W,13,W,31,2.4,,7
5/29/2021,1011.8,30.0,25.5,28.0,81,89,75,W,12,W,27,1.0,,7
5/30/2021,1011.1,31.0,26.9,28.9,79,86,73,WNW,13,WNW,23,0.7,,7
5/31/2021,1009.9,31.6,26.1,29.2,77,87,72,W,11,W,21,0.5,,5
6/1/2021,1009.3,32.2,27.5,29.4,75,81,68,WNW,10,W,17,0.0,,3
6/2/2021,1009.6,32.0,25.6,29.1,78,92,67,WNW,9,W,19,8.8,,4
6/3/2021,1010.9,31.8,27.9,29.2,75,89,70,W,11,WNW,25,0.0,,5
6/4/2021,1011.4,32.0,25.5,29.7,75,81,70,WNW,12,WNW,21,0.6,,6
6/5/2021,1011.2,30.6,26.2,28.0,84,93,80,WSW,9,SW,21,0.3,,7
6/6/2021,1011.0,31.5,27.5,29.2,80,85,74,WSW,8,SW,15,0.0,,5
6/7/2021,1011.5,32.0,27.4,29.3,77,83,70,WSW,8,WSW,17,0.05,,5
6/8/2021,1011.4,32.0,26.0,29.2,77,84,72,W,7,W,16,0.3,,4
6/9/2021,1010.6,31.7,26.9,29.2,78,89,70,WNW,8,NW,17,0.0,,3
6/10/2021,1009.6,32.0,26.0,28.8,81,90,71,WNW,7,SW,24,5.1,,6
6/11/2021,1009.9,31.5,27.2,29.2,78,83,74,WSW,7,WSW,15,0.0,,7
6/12/2021,1010.4,31.8,25.2,29.1,79,87,72,SSW,7,SSW,16,0.0,,4
6/13/2021,1010.6,32.0,25.8,28.2,84,95,72,SW,4,SW,15,1.6,,7
6/14/2021,1010.0,31.5,25.0,28.5,82,92,72,SSW,4,SSW,10,0.0,,5
6/15/2021,1009.6,31.8,26.2,28.8,79,97,67,W,4,W,11,0.05,,4
6/16/2021,1010.5,31.5,26.3,28.6,84,95,74,SSW,6,WSW,17,3.6,,6
6/17/2021,1010.9,31.5,25.2,28.8,82,94,76,SSW,5,SSW,12,0.0,,7
6/18/2021,1011.2,31.5,27.0,29.0,80,96,72,SW,5,SSW,12,0.0,,4
6/19/2021,1012.0,32.1,27.5,29.5,78,87,70,W,7,W,13,0.0,,7
6/20/2021,1012.2,32.2,26.9,29.3,75,82,70,NW,8,NNW,17,0.0,,7
6/21/2021,1011.9,31.4,27.3,29.1,76,84,69,NW,7,NW,15,0.05,,6
6/22/2021,1011.5,32.3,23.0,28.6,80,98,69,NNW,7,WNW,26,9.0,,6
6/23/2021,1012.2,30.2,24.0,27.5,83,98,75,WNW,10,NW,31,0.05,,7
6/24/2021,1011.7,31.6,24.9,28.7,79,94,71,W,5,W,19,2.6,,7
6/25/2021,1011.0,29.5,25.6,27.1,88,96,83,SSW,5,W,17,6.7,,7
6/26/2021,1010.9,31.1,26.6,28.6,80,91,72,SW,7,SW,15,0.05,,6
6/27/2021,1011.5,31.4,27.1,28.9,79,87,71,SW,6,SW,12,0.0,,7
6/28/2021,1010.5,31.2,27.0,28.7,80,86,70,WSW,5,WNW,12,0.4,,7
6/29/2021,1010.0,31.4,23.5,28.0,84,100,73,W,5,NNW,17,22.3,,7
6/30/2021,1010.2,31.6,25.7,28.7,82,89,74,W,7,W,22,0.3,,7
7/1/2021,1010.5,31.6,26.4,28.8,80,89,71,W,7,W,20,1.0,,7
7/2/2021,1010.5,31.5,22.8,28.4,83,89,73,WNW,9,W,29,2.0,,7
7/3/2021,1010.6,30.6,25.6,27.9,78,88,70,WNW,12,NW,39,0.05,,7
7/4/2021,1010.4,30.0,22.5,26.0,91,100,78,NW,4,WNW,29,7.8,,7
7/5/2021,1009.1,31.9,23.0,29.0,80,100,73,NW,10,NW,34,7.9,,7
7/6/2021,1008.5,31.6,23.8,28.8,81,97,71,NNW,10,NW,34,6.0,,7
7/7/2021,1009.1,31.5,26.8,29.1,80,90,73,NW,11,NNW,22,0.0,,7
7/8/2021,1010.4,31.4,24.2,27.4,87,98,75,NNW,9,WNW,34,13.4,,7
7/9/2021,1009.4,31.2,28.0,29.2,79,89,73,WNW,10,WNW,18,0.0,,7
7/10/2021,1009.5,31.5,27.0,29.1,76,82,70,W,8,W,17,0.0,,7
7/11/2021,1009.5,31.3,24.7,28.1,83,91,76,W,6,NW,24,0.05,,7
7/12/2021,1008.8,31.0,24.4,28.6,80,89,73,SW,5,SW,12,15.5,,7
7/13/2021,1008.7,30.0,24.4,27.1,90,98,81,S,3,N,15,0.0,,6
7/14/2021,1008.1,31.4,24.4,28.8,82,97,76,ESE,4,E,11,12.0,,4
7/15/2021,1008.1,31.4,24.6,28.5,85,98,74,E,4,E,11,10.7,,6
7/16/2021,1009.2,30.6,23.3,27.1,89,99,81,VRB,4,W,17,32.8,,6
7/17/2021,1010.3,31.4,24.0,28.2,83,98,70,NNE,3,NNE,12,0.0,,5
7/18/2021,1010.9,31.0,23.6,27.4,85,100,71,VRB,2,NW,14,10.6,,4
7/19/2021,1011.3,31.3,25.0,27.9,85,100,75,VRB,2,WSW,11,0.0,,6
7/20/2021,1012.5,30.6,23.9,27.4,87,100,73,WSW,4,W,15,23.7,,7
7/21/2021,1012.2,30.5,26.0,27.9,84,94,76,S,7,S,15,6.0,,7
7/22/2021,1011.2,31.0,24.0,27.4,83,99,75,S,9,WSW,24,10.8,,7
7/23/2021,1009.9,31.1,24.5,27.4,85,97,75,S,9,S,23,5.3,,7
7/24/2021,1010.1,31.0,25.2,28.6,81,88,75,S,6,SW,12,1.6,,7
7/25/2021,1011.1,30.9,25.6,27.5,84,92,76,N,6,NW,21,4.0,,7
7/26/2021,1011.4,30.6,25.0,27.7,84,95,75,W,3,W,17,0.0,,7
7/27/2021,1011.0,31.1,24.7,27.6,87,97,75,SSW,3,WSW,16,3.3,,7
7/28/2021,1011.4,29.5,24.5,26.9,88,96,81,SW,4,SW,14,0.05,,7
7/29/2021,1012.0,30.8,24.6,27.8,83,95,70,S,5,S,16,0.0,,7
7/30/2021,1012.4,31.0,23.9,27.5,85,98,73,VRB,1,SSE,9,0.0,,6
7/31/2021,1012.8,31.6,25.0,28.4,82,97,71,NE,3,E,12,1.1,,6
8/1/2021,1012.2,30.7,25.0,27.0,89,97,78,VRB,2,S,9,1.9,,7
8/2/2021,1012.5,29.6,26.0,27.8,84,89,78,SE,4,SE,11,0.0,,7
8/3/2021,1013.3,30.8,27.5,28.6,81,89,73,SE,4,SE,11,0.0,,7
8/4/2021,1013.6,31.0,26.4,28.9,81,89,73,SE,5,SE,11,0.0,,7
8/5/2021,1012.3,31.4,23.2,27.7,84,97,76,S,6,WNW,26,14.5,,7
8/6/2021,1011.5,28.6,22.4,26.0,89,100,83,NW,7,NW,34,35.4,,7
8/7/2021,1011.5,29.4,23.4,26.6,90,100,81,WNW,6,WNW,29,7.4,,7
8/8/2021,1011.8,31.0,24.4,27.5,88,100,75,CALM,2,NW,10,0.05,,7
8/9/2021,1012.2,31.0,23.4,27.4,88,100,77,NW,2,NNW,11,0.05,,7
8/10/2021,1011.7,31.0,22.5,26.4,90,100,73,WNW,5,WNW,27,68.4,,6
8/11/2021,1012.3,29.2,22.6,25.7,90,100,80,WNW,9,NW,35,27.8,,8
8/12/2021,1012.4,31.2,23.2,27.0,87,99,73,NW,10,WNW,28,55.6,,7
8/13/2021,1011.4,29.1,24.6,27.2,84,98,76,WNW,12,WNW,26,2.4,,7
8/14/2021,1010.1,30.5,24.3,28.2,80,91,74,W,12,W,28,1.0,,7
8/15/2021,1010.4,31.0,26.2,28.6,80,85,74,WNW,10,NW,22,3.8,,7
8/16/2021,1011.6,30.8,26.7,28.7,79,86,73,NW,8,NNW,15,0.0,,7
8/17/2021,1012.4,31.4,25.5,28.4,82,87,77,SSW,5,W,10,0.5,,7
8/18/2021,1011.1,31.1,24.5,28.4,80,94,72,SSW,6,SSW,13,0.0,,5
8/19/2021,1009.5,31.0,26.2,28.3,79,91,70,WSW,5,SW,10,0.0,,4
8/20/2021,1009.7,31.2,26.6,28.7,77,83,73,W,6,W,12,0.0,,4
8/21/2021,1010.4,31.2,25.4,28.8,78,84,70,W,7,W,13,2.9,,4
8/22/2021,1010.5,31.0,26.6,28.7,77,94,70,SW,6,W,12,0.0,,4
8/23/2021,1010.3,31.2,26.3,28.5,78,87,72,SW,7,SSW,16,0.0,,6
8/24/2021,1010.3,31.0,23.8,27.3,84,95,75,SW,8,WSW,29,23.4,,7
8/25/2021,1010.1,29.5,24.5,27.4,82,95,72,W,8,SW,21,6.8,,7
8/26/2021,1009.8,30.3,25.0,27.7,85,95,77,WSW,6,NW,19,0.6,,6
8/27/2021,1009.5,31.2,26.9,28.5,81,97,75,SW,7,W,13,0.0,,6
8/28/2021,1008.8,31.1,26.8,28.8,77,82,72,SW,9,SW,17,0.0,,6
8/29/2021,1008.2,31.0,25.2,28.4,77,90,68,SW,6,SW,13,0.0,,7
8/30/2021,1008.9,31.0,23.9,27.4,84,96,73,W,3,W,10,0.0,,7
8/31/2021,1010.0,31.6,25.1,28.2,78,94,67,WNW,5,WNW,13,0.0,,5
9/1/2021,1010.7,31.2,24.1,28.0,79,91,68,WNW,4,NW,12,0.0,,4
9/2/2021,1010.3,31.2,26.2,28.4,76,92,66,W,5,WNW,11,0.0,,3
9/3/2021,1010.1,31.4,24.9,28.5,75,87,66,W,5,W,12,0.0,,4
9/4/2021,1010.5,31.5,25.4,28.2,80,94,69,WSW,4,WSW,13,0.0,,4
9/5/2021,1010.9,31.5,25.6,28.9,77,85,70,WSW,5,WSW,12,0.0,,4
9/6/2021,1011.1,31.8,27.3,29.2,76,82,70,WSW,7,WSW,16,0.0,,7
9/7/2021,1011.2,31.7,26.3,29.0,77,86,71,WSW,6,WSW,14,0.0,,6
9/8/2021,1011.0,31.5,24.1,28.2,81,96,71,SSW,4,SW,12,0.0,,7
9/9/2021,1011.3,31.6,26.4,28.9,77,98,67,NE,3,NNE,9,0.0,,3
9/10/2021,1011.2,31.7,25.4,29.2,76,84,66,N,5,N,15,0.0,,4
9/11/2021,1011.3,31.8,23.7,28.3,80,94,66,VRB,2,WNW,9,0.0,,6
9/12/2021,1010.6,31.8,27.0,28.6,79,96,69,S,4,S,11,0.0,,6
9/13/2021,1009.6,31.2,27.3,29.3,78,85,69,S,7,S,15,0.0,,3
9/14/2021,1009.5,32.0,23.3,28.9,82,100,70,SSE,6,SSE,22,107.8,,4
9/15/2021,1010.9,30.4,23.9,26.3,86,100,78,WNW,8,WNW,23,8.8,,7
9/16/2021,1009.3,31.0,25.2,28.4,81,94,69,WNW,6,NNW,22,1.0,,7
9/17/2021,1009.3,31.4,24.4,27.7,87,99,72,NW,3,NNW,18,11.8,,7
9/18/2021,1009.8,32.0,25.0,28.3,85,99,75,N,3,E,12,0.3,,7
9/19/2021,1010.8,31.5,25.1,28.4,84,98,74,N,3,NNW,10,0.0,,6
9/20/2021,1011.0,31.7,27.6,28.9,80,95,74,W,4,N,10,0.0,,5
9/21/2021,1009.9,32.0,28.0,29.5,79,85,73,WNW,9,WNW,20,0.0,,6
9/22/2021,1009.4,31.0,23.4,27.8,84,98,76,NW,12,WSW,27,19.1,,7
9/23/2021,1009.6,31.3,23.7,28.5,81,98,70,WNW,14,N,30,19.5,,7
9/24/2021,1010.3,30.0,25.0,27.3,89,97,79,NNE,6,NNW,20,2.6,,8
9/25/2021,1009.7,31.8,27.8,29.0,81,87,75,W,8,WSW,17,0.0,,7
9/26/2021,1009.4,31.5,24.0,28.4,81,93,74,W,11,NW,31,9.0,,7
9/27/2021,1009.2,31.4,27.5,29.1,77,81,73,WSW,10,WSW,19,0.3,,7
9/28/2021,1009.5,31.8,27.0,28.9,78,84,73,SSW,8,SW,17,0.0,,7
9/29/2021,1009.8,31.1,24.5,28.2,81,96,71,SSW,5,S,15,0.0,,7
9/30/2021,1010.1,31.2,23.8,27.9,83,97,69,VRB,2,WSW,10,0.0,,5
10/1/2021,1009.9,30.6,26.0,27.9,82,98,73,WSW,4,WSW,10,0.0,,7
10/2/2021,1009.2,31.3,27.5,29.0,76,82,70,W,7,W,13,0.0,,7
10/3/2021,1008.9,31.8,28.0,29.5,76,83,72,WNW,10,WNW,18,0.05,,6
10/4/2021,1008.4,32.2,27.0,29.6,79,90,69,NW,11,NW,24,0.0,,6
10/5/2021,1008.7,32.0,,29.4,80,95,73,NW,14,NW,24,4.3,,7
10/6/2021,1008.4,32.2,27.4,29.3,79,88,73,NW,10,NW,18,0.0,,7
10/7/2021,1009.0,32.2,27.2,29.4,79,85,73,WSW,7,W,14,0.0,,7
10/8/2021,1010.1,31.5,26.0,29.1,75,84,69,WSW,6,SW,12,0.0,,5
10/9/2021,1010.9,31.7,26.9,28.9,78,85,68,WSW,6,WSW,13,0.0,,6
10/10/2021,1010.9,31.6,27.4,29.1,77,83,73,WSW,8,WSW,15,0.05,,7
10/11/2021,1009.9,31.5,27.6,29.3,73,78,68,WSW,10,W,18,0.0,,7
10/12/2021,1009.3,31.6,27.0,29.4,74,85,69,W,9,W,17,0.1,,6
10/13/2021,1009.1,31.6,26.6,29.1,79,88,71,W,11,W,29,0.05,,7
10/14/2021,1008.0,31.8,27.0,29.6,77,86,70,WNW,14,WNW,25,0.6,,6
10/15/2021,1006.6,31.9,25.5,29.4,79,92,72,W,16,WNW,32,5.6,,7
10/16/2021,1007.5,31.2,27.8,29.3,76,86,70,WSW,15,W,31,0.05,,7
10/17/2021,1008.7,31.5,27.4,29.4,78,86,70,SW,10,SW,19,0.0,,7
10/18/2021,1010.4,31.5,24.0,28.4,81,96,72,SW,5,W,30,0.6,,7
10/19/2021,1011.6,31.4,27.6,28.7,80,86,74,WNW,9,NW,19,0.05,,6
10/20/2021,1012.3,31.5,26.5,28.8,81,88,74,NW,10,NW,19,0.0,,6
10/21/2021,1012.4,31.2,25.9,28.9,77,83,70,NW,7,NNW,13,0.0,,6
10/22/2021,1012.9,31.0,27.4,29.0,75,80,68,W,7,W,13,0.0,,4
10/23/2021,1013.7,31.8,25.2,28.8,75,84,69,WSW,9,WNW,23,0.05,,7
10/24/2021,1012.9,31.6,27.4,29.1,75,80,68,W,9,W,17,0.0,,7
10/25/2021,1011.7,31.5,27.6,29.1,76,83,71,W,10,W,19,0.0,,7
10/26/2021,1010.8,31.6,23.2,28.7,78,99,68,W,11,WNW,28,38.8,,7
10/27/2021,1010.7,31.0,24.5,28.0,83,97,76,W,9,W,25,3.3,,7
10/28/2021,1010.3,31.0,24.5,27.8,85,95,76,W,8,W,28,13.8,,7
10/29/2021,1010.9,31.3,25.0,28.4,83,87,76,W,7,W,28,7.0,,7
10/30/2021,1010.9,31.4,24.6,29.1,79,92,72,W,10,WNW,25,10.4,,4
10/31/2021,1011.7,29.5,24.0,26.7,88,98,78,W,13,WSW,30,17.0,,8
11/1/2021,1010.5,31.2,24.4,28.1,83,94,76,W,11,W,32,5.8,,7
11/2/2021,1009.9,31.4,26.6,29.3,75,82,71,W,12,W,21,0.0,,5
11/3/2021,1010.6,31.4,27.5,29.0,76,82,70,W,10,W,19,0.0,,7
11/4/2021,1010.8,31.5,27.4,29.0,76,84,73,WSW,9,W,18,0.0,,7
11/5/2021,1010.6,31.6,23.6,28.3,80,95,69,W,10,SW,26,19.9,,6
11/6/2021,1010.3,29.8,23.0,26.8,83,96,72,W,10,WNW,30,5.8,,7
11/7/2021,1009.5,31.2,26.9,28.9,74,80,68,WSW,10,WSW,19,0.0,,7
11/8/2021,1009.6,31.0,27.4,28.8,74,79,68,WNW,11,WNW,19,0.0,,7
11/9/2021,1010.3,31.2,26.4,28.8,77,89,70,WNW,12,W,23,1.8,,5
11/10/2021,1009.6,31.0,27.0,29.1,74,83,70,WNW,14,WNW,24,0.3,,5
11/11/2021,1008.9,31.2,27.2,29.0,79,84,74,W,13,WNW,24,0.0,,4
11/12/2021,1009.4,31.3,25.0,28.4,81,96,72,W,9,WSW,19,3.2,,5
11/13/2021,1010.4,31.0,25.6,28.3,82,92,69,WSW,9,SSW,23,0.7,,4
11/14/2021,1010.6,31.6,26.2,28.2,81,95,72,W,8,W,21,3.2,,6
11/15/2021,1009.3,31.5,26.9,28.7,79,87,73,W,10,W,18,0.05,,4
11/16/2021,1008.9,31.2,27.0,28.8,76,84,72,W,11,W,21,0.05,,5
11/17/2021,1009.2,31.2,27.3,28.9,76,82,70,WNW,12,WNW,23,0.0,,6
11/18/2021,1008.8,31.3,25.6,28.8,80,92,72,WNW,13,WNW,26,3.6,,5
11/19/2021,1008.6,31.2,24.2,28.4,82,92,74,WNW,11,WNW,29,19.8,,5
11/20/2021,1008.3,30.4,23.5,26.8,89,98,79,W,13,WNW,32,50.0,,7
11/21/2021,1009.7,28.0,22.1,25.9,90,100,81,W,8,W,36,22.8,,8
11/22/2021,1009.2,31.0,23.9,27.7,87,97,80,WNW,9,NW,30,7.6,,7
11/23/2021,1009.9,31.4,26.0,27.8,83,97,77,NW,14,NW,31,5.2,,7
11/24/2021,1010.2,30.7,26.2,28.4,78,86,70,NW,14,WNW,23,0.3,,7
11/25/2021,1010.3,30.8,26.2,28.3,79,85,71,W,10,WNW,19,0.0,,7
11/26/2021,1010.3,30.5,26.0,27.9,77,84,72,W,8,WNW,16,0.0,,6
11/27/2021,1010.5,30.5,26.9,28.3,75,81,69,W,10,W,19,0.0,,4
11/28/2021,1010.3,31.0,25.0,28.4,77,88,69,W,10,WNW,21,4.2,,5
11/29/2021,1010.1,30.8,25.6,28.4,80,89,72,W,10,W,18,2.0,,4
11/30/2021,1010.2,30.4,26.0,27.8,85,92,78,W,8,W,23,0.0,,5
12/1/2021,1010.1,30.7,25.7,28.1,83,94,77,WNW,5,WNW,10,14.4,,4
12/2/2021,1010.5,30.8,24.4,27.9,86,95,75,WNW,6,W,21,2.1,,5
12/3/2021,1011.6,30.6,25.4,28.1,85,95,77,W,7,W,15,53.3,,5
12/4/2021,1012.2,30.0,23.8,26.9,90,99,83,W,9,W,27,52.0,,7
12/5/2021,1011.7,27.8,24.0,26.1,92,100,85,WNW,12,W,24,2.3,,8
12/6/2021,1011.4,30.2,24.2,27.0,87,98,81,WNW,12,NW,26,0.05,,7
12/7/2021,1010.6,30.8,26.2,28.2,84,92,77,NW,9,NW,18,18.2,,5
12/8/2021,1011.0,30.6,24.0,27.5,87,98,75,N,4,N,15,0.0,,7
12/9/2021,1011.5,30.4,26.0,27.8,86,93,78,NW,7,WNW,13,23.7,,7
12/10/2021,1011.2,30.2,23.8,26.7,90,99,80,NNW,5,NNE,23,4.1,,7
12/11/2021,1011.4,29.5,23.7,26.2,92,99,79,N,3,NW,14,25.2,,7
12/12/2021,1011.4,30.0,23.6,26.1,92,99,80,VRB,3,SW,13,5.5,,7
12/13/2021,1010.2,30.2,24.8,27.4,85,98,76,W,5,W,15,7.6,,6
12/14/2021,1010.2,30.3,24.3,27.3,87,98,78,W,4,WNW,14,0.05,,6
12/15/2021,1010.8,31.1,24.1,27.5,86,100,76,VRB,1,E,9,0.05,,4
12/16/2021,1011.6,31.4,25.2,28.4,83,98,73,ENE,3,E,10,6.4,,3
12/17/2021,1011.7,31.0,24.0,27.1,88,99,75,VRB,3,SSW,12,0.05,,5
12/18/2021,1011.3,31.2,24.8,28.1,84,98,72,ESE,3,E,9,1.3,,5
12/19/2021,1011.9,31.0,24.0,27.2,88,98,77,SSW,4,N,13,0.0,,7
12/20/2021,1012.3,30.4,25.4,27.8,86,95,75,SSW,6,S,18,30.9,,7
12/21/2021,1012.8,30.4,23.8,27.3,88,100,80,SW,6,N,18,13.9,,7
12/22/2021,1012.3,28.0,23.6,26.2,89,100,81,VRB,3,E,15,0.0,,7
12/23/2021,1011.0,31.0,23.6,27.5,86,98,75,ESE,2,ESE,10,0.0,,3
12/24/2021,1011.0,31.5,25.7,28.1,83,99,73,VRB,2,NNE,11,0.05,,3
12/25/2021,1011.2,31.3,27.0,28.6,80,85,76,NNE,6,NNE,16,0.0,,6
12/26/2021,1012.6,30.0,26.8,28.3,75,85,68,NNE,7,NNE,18,0.0,,6
12/27/2021,1011.9,30.7,26.8,28.7,77,85,72,NE,5,NNE,13,0.0,,3
12/28/2021,1010.9,31.5,26.6,28.6,79,83,72,NNE,5,NE,14,5.8,,3
12/29/2021,1010.5,31.5,25.0,28.1,82,94,74,NE,5,N,21,0.0,,5
12/30/2021,1011.5,30.8,26.8,28.2,81,95,73,NNE,5,NNE,17,0.0,,5
12/31/2021,1011.9,31.5,26.6,28.6,78,86,70,E,4,E,13,0.0,,4
1/1/2022,1011.6,31.2,27.0,28.7,80,88,73,ENE,4,NNE,13,0.0,,5
1/2/2022,1010.9,31.6,24.1,28.5,82,95,73,ENE,5,E,21,17.2,,4
1/3/2022,1011.2,31.3,24.5,27.8,85,96,74,E,3,E,10,0.1,,5
1/4/2022,1012.0,30.5,24.8,26.7,91,98,84,N,3,WSW,10,2.4,,7
1/5/2022,1011.3,29.6,24.4,27.4,87,96,80,N,4,NNW,10,0.0,,7
1/6/2022,1011.3,30.5,25.6,28.1,83,95,73,N,4,NNW,12,0.0,,4
1/7/2022,1012.0,31.4,27.0,28.6,83,90,74,NNE,3,NNE,9,0.0,,6
1/8/2022,1011.8,31.8,23.8,28.1,85,98,73,VRB,2,ENE,7,0.05,,6
1/9/2022,1011.2,31.0,27.0,28.3,82,99,72,NE,3,NNE,11,0.0,,5
1/10/2022,1010.4,30.7,27.4,28.9,79,84,73,NNE,7,NNE,15,0.0,,4
1/11/2022,1011.3,31.5,26.6,28.6,79,88,73,NNE,6,NNE,14,0.0,,6
1/12/2022,1011.4,31.0,26.7,28.5,81,86,73,NNE,5,NNE,12,0.0,,6
1/13/2022,1010.4,31.2,25.5,28.6,83,88,74,NE,4,NE,12,0.0,,4
1/14/2022,1010.1,31.0,26.8,28.7,83,87,76,NNE,4,NNE,9,0.0,,3
1/15/2022,1010.0,31.4,27.4,28.9,81,87,73,NNE,5,NNE,12,0.0,,4
1/16/2022,1011.3,31.1,24.4,27.9,85,94,71,NNE,5,SW,17,0.0,,7
1/17/2022,1011.4,30.7,27.0,28.6,84,95,79,ENE,6,ENE,19,0.5,,7
1/18/2022,1010.7,32.0,27.0,29.3,81,87,73,NNE,6,NNE,16,0.05,,7
1/19/2022,1010.8,31.5,24.8,28.2,84,96,71,E,4,NE,20,0.0,,6
1/20/2022,1010.6,31.0,24.5,28.5,81,93,73,NNE,4,NNE,14,0.0,,7
1/21/2022,1011.4,31.2,22.4,27.3,87,99,74,N,5,WNW,25,10.2,,7
1/22/2022,1010.2,31.0,26.0,28.4,78,86,69,N,8,N,18,0.0,,7
1/23/2022,1010.0,30.5,26.6,28.3,75,81,68,N,8,NNW,17,0.0,,7
1/24/2022,1009.2,31.0,26.6,28.6,74,81,67,N,7,N,15,0.0,,6
1/25/2022,1008.9,31.1,26.7,28.5,72,78,66,N,8,NNW,17,0.0,,7
1/26/2022,1009.0,30.5,26.5,28.5,72,82,66,NNE,9,NNE,20,0.3,,7
1/27/2022,1008.5,30.6,26.5,28.5,72,79,65,N,9,N,20,0.0,,7
1/28/2022,1009.2,31.2,24.0,27.8,75,89,60,N,3,N,10,0.0,,6
1/29/2022,1010.4,31.8,26.6,28.8,76,88,67,ESE,5,ESE,12,0.0,,6
1/30/2022,1009.5,32.2,27.2,29.1,75,82,67,E,4,ENE,11,0.0,,4
1/31/2022,1009.4,32.3,27.2,29.2,78,84,71,ENE,6,E,13,0.0,,5
2/1/2022,1009.3,32.2,25.2,29.2,78,92,69,E,6,ESE,19,3.7,,5
2/2/2022,1010.6,32.2,26.5,29.2,78,85,66,ESE,5,ESE,13,0.0,,4
2/3/2022,1010.7,31.5,24.4,28.3,80,94,67,N,3,N,9,0.0,,4
2/4/2022,1009.5,31.0,25.0,28.5,78,87,70,N,5,N,13,0.0,,6
2/5/2022,1009.6,31.0,27.0,28.6,79,85,70,N,6,N,14,0.0,,6
2/6/2022,1011.6,31.0,26.5,28.8,79,84,73,N,7,NNE,14,0.0,,3
2/7/2022,1011.8,31.0,27.0,28.8,73,81,66,N,8,NNE,15,0.0,,5
2/8/2022,1010.4,31.0,27.0,28.7,75,78,68,N,8,NNE,15,0.0,,7
2/9/2022,1010.6,31.2,25.8,28.4,78,86,69,N,7,NW,18,2.4,,7
2/10/2022,1009.6,30.9,23.2,27.9,79,91,71,NW,5,NNW,11,0.0,,6
2/11/2022,1009.6,30.9,23.5,26.9,84,96,70,VRB,2,WNW,11,0.0,,7
2/12/2022,1009.2,30.8,26.4,27.9,81,97,71,WNW,4,N,11,0.0,,7
2/13/2022,1008.4,31.5,26.0,28.5,80,89,73,N,7,NW,14,0.0,,7
2/14/2022,1008.9,31.4,26.3,28.5,81,90,73,NNW,8,N,14,0.0,,7
2/15/2022,1008.5,30.9,27.0,28.8,79,85,72,N,7,NNE,14,0.0,,7
2/16/2022,1007.0,31.2,27.3,28.8,76,80,71,N,9,NNW,18,0.0,,7
2/17/2022,1006.2,31.0,26.6,28.7,75,83,67,N,8,N,17,0.0,,7
2/18/2022,1007.6,31.0,26.8,28.6,76,83,65,NNE,5,NNE,12,0.0,,6
2/19/2022,1009.3,32.1,27.0,29.1,75,82,67,E,5,NNE,12,0.0,,5
2/20/2022,1009.6,31.5,23.4,28.7,76,91,67,ESE,3,ESE,8,0.0,,6
2/21/2022,1009.4,31.4,24.0,27.7,81,95,68,NNE,3,NNE,10,0.0,,2
2/22/2022,1010.4,31.4,23.4,28.1,79,95,70,N,4,N,12,0.0,,6
2/23/2022,1011.6,31.5,26.2,28.5,77,92,67,ENE,4,ENE,11,0.0,,2
2/24/2022,1012.0,31.4,27.0,28.9,75,83,65,NE,4,NE,11,0.0,,2
2/25/2022,1011.1,32.0,27.4,29.2,80,87,73,ENE,5,NNE,13,0.0,,3
2/26/2022,1011.0,32.1,24.4,29.4,80,91,72,E,5,E,16,6.1,,3
2/27/2022,1011.4,32.4,27.4,29.2,80,98,70,E,4,E,10,0.0,,4
2/28/2022,1011.1,31.6,26.8,29.5,80,89,71,ENE,5,N,16,0.0,,3
3/1/2022,1010.7,31.6,27.4,29.4,77,83,69,NNE,7,NNE,16,0.0,,3
3/2/2022,1009.7,31.0,27.0,29.2,75,82,70,NNE,6,NNE,16,0.0,,6
3/3/2022,1009.9,31.5,24.0,28.6,77,95,69,NNE,3,NNE,11,0.0,,4
3/4/2022,1010.5,31.4,24.5,27.7,83,98,69,N,3,N,11,0.0,,4
3/5/2022,1009.8,31.6,25.6,28.8,78,87,69,N,4,N,11,0.0,,4
3/6/2022,1009.7,31.2,25.6,28.7,78,88,73,N,5,NNE,12,0.0,,6
3/7/2022,1009.4,32.2,23.6,28.6,78,94,67,NNE,3,ENE,8,0.0,,3
3/8/2022,1009.5,32.2,27.0,28.8,77,94,69,NE,4,NE,11,0.0,,6
3/9/2022,1009.4,31.5,22.4,27.8,80,96,68,NNE,3,NNE,12,0.0,,3
3/10/2022,1009.5,31.5,22.3,26.9,81,97,62,NE,2,N,8,0.0,,2
3/11/2022,1009.0,31.5,24.0,27.3,82,98,68,W,2,WNW,11,0.0,,2
3/12/2022,1008.4,31.8,24.6,28.4,82,98,67,WNW,4,N,13,1.4,,4
3/13/2022,1008.7,31.5,24.4,28.8,79,97,69,N,4,NE,9,0.0,,3
3/14/2022,1009.4,31.6,26.5,29.0,79,97,70,NW,5,NW,13,1.0,,3
3/15/2022,1009.7,31.7,24.2,27.7,86,97,74,W,7,WSW,22,8.0,,7
3/16/2022,1009.1,30.6,24.2,28.0,84,97,70,W,6,W,30,0.05,,7
3/17/2022,1008.7,31.8,27.4,29.4,79,85,73,WSW,7,SW,14,0.0,,5
3/18/2022,1009.0,32.0,27.5,29.6,76,81,70,WSW,8,WSW,15,0.0,,4
3/19/2022,1009.4,32.0,28.4,29.8,75,81,71,WSW,11,WSW,19,0.0,,7
3/20/2022,1009.2,32.2,28.0,29.7,78,84,70,W,10,W,18,0.0,,7
3/21/2022,1009.4,32.0,28.0,29.6,77,85,70,W,11,WNW,21,0.0,,7
3/22/2022,1009.1,32.0,27.6,29.7,78,83,72,NW,11,NW,19,0.0,,4
3/23/2022,1008.6,31.8,27.4,29.3,74,79,67,WNW,9,NW,16,0.0,,3
3/24/2022,1008.6,32.0,27.5,29.4,72,77,66,WNW,11,NW,19,0.0,,3
3/25/2022,1009.2,31.8,27.2,29.3,74,80,67,NW,9,NW,18,0.0,,3
3/26/2022,1010.8,32.0,26.4,29.0,74,80,68,N,5,NNE,12,0.0,,3
3/27/2022,1010.5,31.2,22.1,27.7,79,98,68,NNE,3,NNE,13,0.0,,2
3/28/2022,1010.9,32.0,24.5,27.4,79,97,66,VRB,2,WSW,9,0.0,,2
3/29/2022,1010.3,31.8,26.0,28.8,73,79,67,WSW,6,WSW,13,0.0,,3
3/30/2022,1010.0,31.5,24.8,28.4,79,92,68,SW,4,SSW,12,0.0,,2
3/31/2022,1009.9,32.0,24.7,28.0,82,97,70,SSW,3,SW,11,0.05,,3
4/1/2022,1010.8,31.6,25.0,28.2,84,98,72,WSW,4,W,16,1.4,,3
4/2/2022,1011.0,31.3,24.4,28.0,84,96,71,SW,4,S,17,0.0,,2
4/3/2022,1009.7,32.2,23.9,27.8,84,98,68,VRB,2,SSW,10,0.0,,2
4/4/2022,1010.8,32.0,23.9,27.7,83,98,70,VRB,1,SE,7,0.0,,3
4/5/2022,1012.0,32.0,26.5,28.7,79,98,71,S,5,SW,11,0.4,,3
4/6/2022,1012.0,31.9,24.4,28.2,80,93,68,S,3,S,11,0.0,,2
4/7/2022,1011.3,31.5,25.0,28.0,82,94,71,S,4,SSW,10,0.0,,2
4/8/2022,1010.7,31.4,26.8,28.8,76,85,67,SSW,6,S,14,0.0,,3
4/9/2022,1010.1,31.8,27.9,29.4,74,80,66,W,7,W,12,0.0,,3
4/10/2022,1009.6,32.0,27.5,29.5,74,81,66,W,8,W,15,0.0,,3
4/11/2022,1008.9,32.0,27.8,29.6,75,81,68,W,8,W,14,0.0,,3
4/12/2022,1007.9,31.8,27.6,29.6,76,83,70,W,8,W,15,0.0,,3
4/13/2022,1007.6,32.4,27.4,29.6,73,77,67,W,8,W,15,0.0,,5
4/14/2022,1008.0,32.0,26.4,29.5,75,89,68,NW,7,NW,13,0.0,,7
4/15/2022,1008.0,32.5,25.2,29.2,79,91,70,VRB,3,NW,9,0.0,,7
4/16/2022,1007.5,32.4,27.0,29.2,79,87,71,S,5,S,10,0.0,,5
4/17/2022,1008.8,32.3,26.6,29.4,74,82,62,SSW,7,S,15,0.0,,2
4/18/2022,1010.3,32.0,24.2,28.6,78,92,66,S,5,S,12,0.0,,2
4/19/2022,1010.9,32.0,24.6,28.0,80,95,66,VRB,2,NNW,11,0.0,,2
4/20/2022,1009.0,32.1,26.4,29.2,77,92,69,WNW,4,NW,11,0.0,,3
4/21/2022,1008.6,32.4,28.2,29.8,75,84,70,WSW,6,WSW,13,0.0,,3
4/22/2022,1008.9,32.6,27.0,30.1,77,81,70,SW,8,WSW,17,2.4,,6
4/23/2022,1008.8,32.0,27.0,29.4,82,92,69,W,7,W,18,0.2,,6
4/24/2022,1007.9,32.4,27.3,29.9,78,87,69,W,6,W,13,0.05,,5
4/25/2022,1007.8,32.4,27.0,29.8,78,87,66,WNW,5,WNW,13,0.0,,3
4/26/2022,1008.0,32.8,25.0,29.0,84,99,71,NNW,4,WNW,13,0.9,,6
4/27/2022,1007.9,32.5,25.9,29.6,82,95,70,WSW,6,SW,19,4.5,,6
4/28/2022,1009.3,31.2,23.9,27.1,89,100,80,SW,5,SW,27,32.8,,7
4/29/2022,1009.8,32.4,26.5,29.5,79,92,70,W,5,WNW,19,0.05,,7
4/30/2022,1009.2,32.5,27.3,30.0,76,83,69,W,10,W,22,0.6,,5
5/1/2022,1008.8,32.5,28.0,29.9,78,88,71,W,10,WSW,18,0.0,,7
5/2/2022,1008.3,32.2,25.6,29.6,81,92,73,WNW,12,WNW,27,3.6,,7
5/3/2022,1009.9,30.5,24.0,26.7,90,100,78,W,11,WNW,33,40.6,,8
5/4/2022,1009.9,30.6,28.2,29.0,80,85,76,W,14,W,30,0.05,,7
5/5/2022,1010.1,32.0,24.4,28.0,87,97,73,W,8,WSW,26,14.0,,7
5/6/2022,1008.8,31.7,27.4,29.3,83,94,74,W,9,W,19,0.1,,7
5/7/2022,1008.6,31.9,26.0,28.6,86,91,71,W,9,W,20,11.1,,7
5/8/2022,1007.5,31.8,24.6,29.0,85,96,76,W,11,W,34,14.4,,7
5/9/2022,1008.1,30.3,26.0,28.2,85,95,78,W,15,W,33,1.5,,7
5/10/2022,1008.4,31.8,28.4,29.9,79,84,76,W,12,W,21,0.0,,7
5/11/2022,1008.9,32.0,27.2,29.7,79,84,72,SW,10,SW,20,0.05,,7
5/12/2022,1009.0,31.4,28.0,29.3,78,84,72,SSW,11,WSW,24,0.3,,7
5/13/2022,1008.7,32.0,27.5,29.5,74,80,68,SSW,9,S,17,0.0,,6
5/14/2022,1010.1,31.5,27.5,29.1,77,82,71,WSW,6,SW,11,0.05,,7
5/15/2022,1010.2,31.8,28.0,29.6,74,81,68,W,8,WNW,16,0.0,,7
5/16/2022,1009.7,32.0,28.4,29.7,77,81,72,W,10,W,19,0.0,,7
5/17/2022,1009.4,32.0,28.4,29.9,78,82,73,W,11,W,20,0.0,,7
5/18/2022,1010.3,32.0,25.6,29.3,78,87,68,SW,9,NW,34,0.0,,7
5/19/2022,1010.6,31.8,27.7,29.6,79,83,73,SSW,8,SSW,16,0.3,,6
5/20/2022,1010.7,31.9,27.4,29.5,78,83,73,SW,8,SW,14,0.0,,5
5/21/2022,1009.9,31.5,27.2,29.2,78,83,73,W,6,SW,12,0.0,,4
5/22/2022,1008.6,31.8,26.4,29.4,79,94,72,WNW,7,WNW,15,0.3,,6
5/23/2022,1008.5,32.3,27.7,29.8,79,83,72,WNW,7,WNW,14,0.0,,7
5/24/2022,1010.2,32.2,24.1,28.7,83,97,71,W,4,W,12,0.0,,6
5/25/2022,1011.0,32.4,24.8,28.2,83,97,69,VRB,2,W,9,0.0,,4
5/26/2022,1011.7,32.0,27.5,29.1,79,95,71,WSW,5,WSW,12,0.0,,3
5/27/2022,1010.9,32.1,27.2,29.4,75,80,68,SW,7,SW,14,0.0,,2
5/28/2022,1010.5,31.9,27.1,29.5,77,84,71,SSW,7,SSW,15,0.0,,6
5/29/2022,1010.1,32.0,27.9,29.5,77,85,70,SSW,8,S,17,0.0,,6
5/30/2022,1009.9,31.8,28.0,29.4,78,82,72,SW,7,SW,14,0.0,,7
5/31/2022,1009.6,32.0,28.0,29.7,76,82,70,WSW,8,W,16,0.0,,7
6/1/2022,1009.5,32.1,27.8,29.5,77,82,70,W,7,W,14,0.0,,5
6/2/2022,1009.5,32.1,27.4,29.7,75,81,70,WNW,8,WNW,14,0.0,,6
6/3/2022,1009.3,32.2,25.8,29.7,77,85,70,NW,10,NW,17,2.9,,4
6/4/2022,1009.1,32.2,27.0,29.5,78,85,70,NW,8,NW,17,0.05,,4
6/5/2022,1009.0,32.2,27.0,29.4,80,90,71,NW,5,NW,11,0.05,,3
6/6/2022,1009.2,32.4,26.4,29.4,79,89,68,NW,5,WNW,11,0.0,,4
6/7/2022,1009.4,32.8,24.8,28.6,80,92,65,W,2,W,9,0.0,,6
6/8/2022,1009.7,32.1,26.8,29.1,77,94,65,WNW,3,NW,11,0.0,,7
6/9/2022,1009.7,32.5,25.8,29.3,77,85,65,W,5,W,10,0.0,,5
6/10/2022,1010.3,32.2,25.6,29.3,77,90,66,SSW,5,SSW,17,3.6,,5
6/11/2022,1010.3,31.8,23.8,27.9,84,98,71,SW,6,SSW,19,14.8,,7
6/12/2022,1010.1,31.3,25.9,28.4,84,93,75,SW,5,SW,18,0.3,,7
6/13/2022,1010.0,32.5,24.6,28.6,83,97,69,WSW,3,SW,10,0.8,,7
6/14/2022,1009.6,31.8,26.4,28.6,80,96,67,W,5,WSW,21,0.0,,5
6/15/2022,1009.4,32.2,24.1,28.7,81,98,69,W,5,SW,11,3.9,,7
6/16/2022,1009.3,31.3,22.3,27.4,88,100,73,W,5,NNW,32,31.5,,7
6/17/2022,1009.3,30.5,23.0,27.6,86,97,76,SW,4,WNW,18,0.6,,7
6/18/2022,1008.8,31.4,25.0,28.2,85,97,73,S,4,S,10,0.05,,7
6/19/2022,1009.1,31.7,24.6,27.5,87,96,72,VRB,2,S,11,0.0,,7
6/20/2022,1009.1,31.9,26.4,28.9,79,92,71,WNW,5,W,10,0.05,,7
6/21/2022,1008.7,31.6,24.8,28.5,79,94,67,NW,8,WNW,36,5.3,,7
6/22/2022,1009.5,32.4,26.0,29.0,77,89,68,VRB,3,NNE,9,0.0,,7
6/23/2022,1010.3,32.4,24.6,28.2,83,97,69,E,4,NNW,27,4.3,,7
6/24/2022,1010.4,30.5,25.8,27.7,81,92,74,WSW,6,NW,26,0.05,,6
6/25/2022,1009.1,31.3,25.4,29.0,75,85,68,W,10,W,24,0.05,,7
6/26/2022,1009.3,29.5,27.0,28.2,82,92,77,W,8,W,24,0.05,,7
6/27/2022,1009.7,30.8,26.2,28.6,83,89,77,W,5,WNW,22,1.3,,7
6/28/2022,1009.3,32.4,25.1,28.6,83,97,70,WSW,3,SSW,11,0.0,,5
6/29/2022,1008.2,31.6,23.0,28.9,82,94,72,SSE,5,S,13,98.5,,7
6/30/2022,1008.5,30.5,23.0,25.3,95,100,85,N,4,NNW,22,2.4,,7
7/1/2022,1008.8,31.6,23.1,27.1,88,100,73,NW,8,NNW,24,50.6,,7
7/2/2022,1008.1,29.4,26.0,27.8,82,89,77,W,7,NW,18,0.2,,7
7/3/2022,1007.8,31.6,25.6,28.9,82,97,70,WSW,5,WSW,13,0.05,,7
7/4/2022,1007.6,31.4,25.6,28.8,85,97,73,N,4,N,15,0.0,,7
7/5/2022,1007.4,31.6,22.0,28.6,84,98,73,NNE,6,S,25,41.8,,7
7/6/2022,1007.9,29.8,25.2,27.0,89,98,77,WSW,5,WSW,14,0.6,,7
7/7/2022,1009.4,30.6,26.2,28.2,88,95,79,E,5,NE,12,0.7,,7
7/8/2022,1009.6,31.4,24.7,27.8,92,100,82,VRB,2,ENE,10,5.2,,7
7/9/2022,1009.1,31.1,24.8,28.3,85,99,78,WNW,6,WNW,20,13.6,,7
7/10/2022,1010.1,30.6,25.2,28.0,85,92,75,VRB,2,S,12,1.0,,7
7/11/2022,1011.8,31.6,27.4,29.1,78,85,69,ESE,5,SE,12,0.0,,6
7/12/2022,1011.9,31.6,27.0,29.3,80,85,74,SSE,6,SE,16,0.0,,6
7/13/2022,1009.8,31.8,27.2,29.2,80,89,71,S,10,S,21,0.0,,5
7/14/2022,1008.3,31.5,27.5,29.2,78,85,72,S,9,SSE,18,0.0,,3
7/15/2022,1008.2,31.5,27.1,29.4,78,85,69,SSE,7,SSE,17,0.05,,6
7/16/2022,1008.2,31.6,28.1,29.7,80,83,75,SE,10,SE,19,0.0,,4
7/17/2022,1009.4,30.4,23.0,27.6,83,99,74,NW,12,NW,30,43.9,,7
7/18/2022,1009.3,30.5,23.8,27.8,84,99,75,WNW,7,NW,22,6.3,,7
7/19/2022,1010.2,29.0,24.5,26.4,92,98,82,SW,3,SW,15,2.5,,7
7/20/2022,1010.3,30.1,23.8,26.8,90,100,76,SSW,3,SW,12,5.7,,7
7/21/2022,1010.6,30.9,23.2,27.4,85,98,74,N,7,NNW,27,27.4,,7
7/22/2022,1011.3,29.7,24.6,26.8,87,98,76,N,5,SW,17,8.8,,7
7/23/2022,1010.4,30.7,25.1,27.5,87,98,75,NW,3,WNW,12,0.0,,7
7/24/2022,1009.3,31.0,24.6,28.5,81,89,72,NW,5,W,10,0.0,,6
7/25/2022,1009.8,30.9,25.4,28.5,81,96,71,N,6,N,19,1.7,,6
7/26/2022,1009.6,31.4,23.2,28.1,83,99,73,N,11,NNW,30,15.5,,5
7/27/2022,1009.7,29.9,26.4,27.5,83,91,77,NNW,9,NW,20,0.05,,7
7/28/2022,1009.7,31.0,27.3,28.8,78,84,72,NNW,11,NNW,20,0.0,,6
7/29/2022,1010.1,31.3,22.5,28.3,82,96,72,NW,10,NW,24,24.0,,7
7/30/2022,1010.4,29.3,23.5,25.6,92,100,85,W,10,W,26,58.4,,8
7/31/2022,1010.3,27.2,23.5,25.8,90,100,75,W,14,WNW,32,17.5,,8
8/1/2022,1010.2,30.0,25.5,27.9,81,88,75,SSW,10,SW,22,1.0,,7
8/2/2022,1009.7,30.6,25.1,27.9,81,91,73,SW,8,SW,16,0.7,,7
8/3/2022,1009.8,29.0,22.0,26.2,88,97,83,WSW,10,NW,29,22.9,,7
8/4/2022,1010.1,29.6,26.8,27.9,79,85,75,SW,9,SSW,18,0.0,,7
8/5/2022,1009.5,30.6,26.5,28.4,78,85,72,W,8,W,14,0.0,,7
8/6/2022,1008.8,30.9,25.0,28.1,83,94,75,W,7,WNW,17,3.5,,7
8/7/2022,1008.8,31.3,24.6,28.2,82,92,75,W,5,WNW,12,0.0,,7
8/8/2022,1008.9,30.6,24.0,27.7,84,97,75,WNW,3,WNW,10,0.0,,7
8/9/2022,1008.3,30.7,23.4,27.1,86,98,71,VRB,3,SW,10,0.0,,7
8/10/2022,1007.7,31.2,25.2,28.0,81,98,70,VRB,3,E,8,0.0,,5
8/11/2022,1009.0,31.5,26.4,28.6,78,88,69,W,5,W,19,0.5,,5
8/12/2022,1009.1,30.0,24.6,27.6,85,92,76,ESE,5,E,14,0.0,,6
8/13/2022,1009.1,31.0,24.6,27.8,84,97,73,E,3,NNE,12,0.2,,4
8/14/2022,1009.7,31.0,27.0,28.4,83,97,74,N,4,ENE,9,0.0,,4
8/15/2022,1010.2,31.5,27.2,29.2,78,85,71,ENE,4,E,12,0.0,,3
8/16/2022,1010.3,31.0,26.3,29.1,77,83,69,SE,6,E,12,0.0,,5
8/17/2022,1010.3,31.5,26.8,29.0,80,88,72,SSE,7,SSE,14,0.0,,5
8/18/2022,1010.3,31.0,26.4,28.9,81,84,75,SSE,7,SSE,14,0.0,,7
8/19/2022,1010.5,31.5,24.4,28.4,83,90,72,S,7,SE,21,3.8,,6
8/20/2022,1010.6,30.0,24.4,27.0,87,95,80,S,5,S,17,18.7,,7
8/21/2022,1011.3,29.8,26.2,27.7,83,91,76,S,10,S,24,0.0,,7
8/22/2022,1010.8,31.4,24.0,28.4,82,93,74,S,8,S,18,1.0,,6
8/23/2022,1011.0,29.6,24.4,27.3,86,98,79,S,8,S,23,7.3,,7
8/24/2022,1010.8,31.0,24.2,28.2,81,94,74,S,7,S,16,0.05,,7
8/25/2022,1010.4,30.2,21.6,26.3,90,98,79,SSW,6,WNW,22,70.6,,7
8/26/2022,1011.5,29.2,23.0,25.4,92,100,80,SSW,6,WNW,35,4.2,,7
8/27/2022,1010.4,30.8,24.0,27.5,84,97,74,SW,6,SW,15,16.7,,7
8/28/2022,1010.1,30.0,22.0,26.5,87,98,75,W,8,WSW,21,8.3,,7
8/29/2022,1010.9,30.6,23.7,26.8,87,98,77,W,10,NW,22,15.4,,7
8/30/2022,1010.8,30.0,26.4,27.6,82,94,76,WSW,9,W,25,0.05,,7
8/31/2022,1010.1,31.0,25.2,28.3,79,84,74,WSW,9,W,18,3.2,,7
9/1/2022,1010.3,30.8,26.4,28.4,79,95,71,SW,11,SW,21,0.05,,5
9/2/2022,1010.7,31.2,24.8,28.6,78,89,73,WSW,10,SW,22,1.0,,6
9/3/2022,1010.8,30.8,22.9,26.9,86,100,73,SSW,10,WNW,26,124.8,,7
9/4/2022,1011.5,27.4,23.0,25.6,91,99,81,WNW,11,WNW,27,16.3,,8
9/5/2022,1011.3,29.5,26.5,27.9,83,87,79,W,11,W,26,0.05,,7
9/6/2022,1010.9,31.0,26.6,28.5,81,87,73,W,9,W,17,0.0,,7
9/7/2022,1010.7,31.2,26.8,28.7,78,83,73,WNW,11,WNW,18,0.0,,5
9/8/2022,1010.7,31.4,26.9,28.6,79,87,72,WNW,9,W,17,0.0,,7
9/9/2022,1011.0,31.5,26.5,28.6,80,85,74,W,8,WNW,16,0.0,,5
9/10/2022,1011.0,31.4,25.0,28.6,80,86,73,W,7,W,16,0.9,,6
9/11/2022,1010.4,31.2,25.1,28.5,80,94,70,W,8,W,15,0.0,,4
9/12/2022,1009.9,31.2,25.4,28.5,80,88,73,W,7,WNW,15,0.0,,4
9/13/2022,1011.0,30.6,24.4,27.4,85,98,73,NNW,3,NNW,10,0.0,,3
9/14/2022,1012.6,31.0,23.5,28.4,78,89,70,E,4,ENE,9,0.0,,2
9/15/2022,1016.6,31.1,23.4,27.2,84,98,72,S,3,SE,8,0.0,,3
9/16/2022,1011.3,31.0,25.4,27.6,81,95,73,SSW,4,SSE,8,0.0,,3
9/17/2022,1011.5,31.4,23.6,27.8,81,94,71,SSW,5,SW,11,0.0,,3
9/18/2022,1011.7,31.0,25.9,28.2,82,94,73,SW,5,SSW,11,0.0,,5
9/19/2022,1011.6,31.4,26.5,28.6,81,89,73,WSW,5,W,14,0.0,,5
9/20/2022,1010.9,31.5,24.8,28.5,83,95,74,SW,4,NW,13,0.4,,5
9/21/2022,1011.4,31.0,25.2,28.1,83,96,77,W,5,W,18,0.0,,6
9/22/2022,1011.3,31.1,23.8,27.7,85,100,73,WSW,6,WSW,24,16.4,,5
9/23/2022,1011.2,31.0,25.0,27.6,85,98,73,WSW,5,NW,14,2.0,,7
9/24/2022,1010.2,31.0,24.9,27.9,85,94,76,WNW,7,NW,20,1.7,,7
9/25/2022,1010.7,29.0,24.9,26.3,89,97,84,W,10,NW,25,2.9,,7
9/26/2022,1011.3,31.0,22.6,28.0,82,100,75,W,9,N,20,44.0,,7
9/27/2022,1011.1,29.8,23.4,26.2,88,98,78,W,10,WNW,29,19.4,,7
9/28/2022,1010.4,28.0,24.0,26.4,89,95,79,W,8,WNW,20,12.4,,7
9/29/2022,1010.5,30.2,24.0,26.8,88,97,75,SW,7,SW,20,1.7,,7
9/30/2022,1011.5,30.7,26.5,27.9,82,92,73,W,8,W,17,0.05,,7
10/1/2022,1011.8,31.0,27.0,28.5,83,88,78,SW,8,WSW,16,0.0,,7
10/2/2022,1011.3,30.4,26.8,28.4,86,92,80,SW,10,SW,17,0.0,,7
10/3/2022,1010.5,30.8,27.2,28.7,80,92,73,WSW,9,W,18,0.0,,7
10/4/2022,1010.5,29.5,24.5,28.1,82,89,79,W,10,NW,23,3.3,,7
10/5/2022,1010.8,30.7,26.0,28.2,82,91,74,W,10,W,29,0.1,,7
10/6/2022,1009.9,31.7,23.0,27.6,86,100,75,W,11,NW,34,51.9,,7
10/7/2022,1010.7,29.2,23.0,26.3,90,100,80,WNW,11,W,28,33.3,,7
10/8/2022,1009.9,30.5,25.6,27.6,87,95,79,NW,10,NW,30,20.4,,6
10/9/2022,1010.9,30.6,24.0,28.2,84,90,75,W,9,WNW,24,7.8,,7
10/10/2022,1011.8,31.0,23.2,26.8,88,99,74,W,11,WNW,31,42.6,,7
10/11/2022,1012.0,27.2,23.5,25.9,87,97,77,W,13,W,34,8.1,,8
10/12/2022,1011.1,30.6,25.8,28.0,83,89,76,WSW,10,WSW,22,0.05,,7
10/13/2022,1011.3,30.6,25.1,28.0,80,92,71,SW,10,NW,20,0.05,,7
10/14/2022,1010.4,31.0,27.0,28.4,78,86,71,WSW,10,WSW,19,0.0,,7
10/15/2022,1009.9,30.7,26.5,28.4,78,84,73,SSW,10,SW,18,0.05,,6
10/16/2022,1011.4,30.8,26.0,28.3,75,79,70,SSW,10,SSW,18,0.0,,6
10/17/2022,1012.5,30.6,23.5,27.2,82,98,68,S,5,SSE,14,0.0,,5
10/18/2022,1012.6,30.8,26.4,28.0,79,94,69,W,5,W,11,0.0,,4
10/19/2022,1012.4,31.0,26.5,28.6,79,85,73,WNW,8,WNW,15,0.0,,7
10/20/2022,1012.3,31.0,25.5,27.9,84,92,74,W,7,W,20,2.4,,7
10/21/2022,1012.6,31.6,25.8,28.2,83,94,74,WSW,7,W,19,0.05,,7
10/22/2022,1013.0,30.6,25.4,28.0,83,92,75,SSW,6,SSW,13,0.8,,7
10/23/2022,1012.7,30.8,26.1,28.2,80,88,69,SW,7,SW,16,0.0,,6
10/24/2022,1011.5,31.1,26.0,28.6,79,89,72,SW,6,SW,12,0.3,,4
10/25/2022,1011.5,31.4,24.1,27.9,85,97,73,W,8,SW,22,14.1,,6
10/26/2022,1011.8,29.5,24.2,27.4,86,97,80,W,9,WNW,22,9.3,,7
10/27/2022,1010.6,30.9,25.4,28.4,83,93,73,WSW,9,WSW,20,4.5,,6
10/28/2022,1009.7,30.7,23.6,26.8,90,100,77,WSW,11,WNW,33,78.4,,7
10/29/2022,1010.1,30.8,23.2,26.7,89,98,74,WNW,11,WNW,32,65.5,,7
10/30/2022,1010.2,30.5,23.5,27.6,85,99,74,W,8,NW,20,51.0,,7
10/31/2022,1011.7,29.5,23.0,25.5,91,100,82,W,11,W,24,32.5,,8
11/1/2022,1011.6,30.2,24.6,27.9,83,94,76,W,10,W,28,5.4,,7
11/2/2022,1011.5,29.0,25.4,26.9,87,95,76,W,12,W,28,3.9,,7
11/3/2022,1011.6,30.0,23.8,26.6,88,98,78,W,11,WNW,26,20.8,,7
11/4/2022,1011.7,30.8,25.5,28.2,82,91,73,WSW,8,WSW,17,0.3,,6
11/5/2022,1012.6,30.8,26.5,28.4,81,88,73,WSW,8,SW,16,0.0,,6
11/6/2022,1012.5,30.8,24.9,28.3,81,91,71,W,7,WNW,14,1.1,,7
11/7/2022,1012.2,30.5,24.4,27.2,87,94,79,WNW,10,NW,22,6.7,,7
11/8/2022,1012.0,30.2,23.9,26.9,88,97,80,WNW,9,WNW,28,25.8,,7
11/9/2022,1011.5,30.8,23.2,27.9,83,89,77,WNW,10,W,28,6.5,,7
11/10/2022,1011.1,31.1,26.6,28.4,79,84,73,WNW,9,W,16,0.0,,7
11/11/2022,1011.2,30.9,24.5,28.1,81,89,70,W,10,W,23,2.8,,7
11/12/2022,1011.1,30.8,26.8,28.3,82,97,72,W,10,W,18,0.0,,7
11/13/2022,1011.0,30.8,26.6,28.4,79,84,74,W,11,WSW,18,0.0,,7
11/14/2022,1011.6,31.0,26.6,28.5,80,86,72,WNW,11,W,19,0.0,,7
11/15/2022,1011.9,30.8,26.6,28.3,80,85,75,WNW,10,NW,18,0.0,,7
11/16/2022,1011.1,31.0,26.0,28.4,79,89,71,W,9,W,17,0.8,,7
11/17/2022,1010.7,30.6,26.4,28.3,77,83,71,W,9,W,17,0.0,,5
11/18/2022,1010.8,31.0,26.5,28.4,79,85,72,W,9,W,17,0.0,,6
11/19/2022,1010.4,30.7,26.1,28.1,80,85,73,W,9,W,17,0.0,,5
11/20/2022,1009.8,30.6,23.1,27.8,82,98,72,W,10,NW,34,59.8,,5
11/21/2022,1010.4,30.2,23.8,27.6,85,99,76,W,12,WNW,27,0.3,,7
11/22/2022,1011.2,30.8,24.0,27.9,84,94,73,WNW,9,W,22,2.7,,5
11/23/2022,1011.5,30.6,26.1,28.0,82,89,74,WNW,9,W,17,0.0,,6
11/24/2022,1011.4,30.8,26.4,28.4,81,86,75,W,9,W,15,0.0,,5
11/25/2022,1011.1,31.0,24.0,27.8,84,97,74,W,9,W,23,7.5,,6
11/26/2022,1010.1,31.1,25.8,27.7,84,94,74,W,7,WSW,18,0.0,,5
11/27/2022,1008.7,30.8,25.1,27.9,82,90,74,W,6,W,13,0.0,,3
11/28/2022,1009.0,30.8,25.7,28.0,83,90,75,W,5,NW,11,0.0,,3
11/29/2022,1009.9,30.8,24.7,27.5,84,96,73,WNW,6,NW,13,1.9,,6
11/30/2022,1010.2,30.4,22.6,27.0,85,98,73,N,5,NNW,13,0.0,,5
12/1/2022,1009.7,30.4,23.9,27.2,82,97,69,NNW,4,NNW,12,0.0,,3
12/2/2022,1009.6,30.2,23.4,27.9,82,94,76,WNW,7,W,18,31.5,,6
12/3/2022,1010.3,29.0,24.6,26.7,83,100,75,WNW,8,WSW,17,0.05,,7
12/4/2022,1010.6,30.6,26.1,28.1,80,87,71,W,6,WNW,15,0.0,,7
12/5/2022,1010.9,31.0,24.2,27.0,87,98,74,W,4,WNW,13,8.0,,7
12/6/2022,1010.0,31.2,25.6,28.0,81,90,73,SW,8,S,19,0.2,,6
12/7/2022,1010.1,31.6,25.1,28.3,80,88,71,W,8,W,24,1.2,,7
12/8/2022,1010.3,30.2,26.2,27.9,80,88,72,W,12,W,24,0.5,,7
12/9/2022,1009.5,31.2,26.4,28.3,82,87,75,WSW,11,WSW,22,0.05,,7
12/10/2022,1009.6,30.5,25.4,27.8,84,93,74,W,10,W,23,1.9,,7
12/11/2022,1010.5,31.5,26.6,28.6,82,87,75,W,10,W,19,0.0,,7
12/12/2022,1010.4,31.2,23.9,28.2,82,94,75,WNW,9,W,21,1.1,,7
12/13/2022,1010.3,31.0,23.2,27.4,88,98,76,WNW,7,NW,18,17.4,,7
12/14/2022,1010.5,30.8,24.0,27.0,89,99,77,W,5,W,17,7.7,,7
12/15/2022,1009.4,30.8,26.2,28.0,80,88,72,WNW,7,WNW,12,0.0,,7
12/16/2022,1009.0,30.6,25.0,27.8,81,90,73,WNW,6,W,13,0.0,,7
12/17/2022,1009.4,30.5,25.5,27.8,81,91,73,NNW,7,NW,17,0.05,,6
12/18/2022,1009.0,30.8,25.8,28.0,80,88,72,N,7,NNW,15,0.0,,7
12/19/2022,1008.2,30.6,26.2,28.1,81,86,70,NW,6,N,11,0.0,,7
12/20/2022,1007.8,30.9,25.6,28.2,80,89,72,NNW,6,NNW,11,0.0,,6
12/21/2022,1008.4,31.0,25.4,28.2,82,89,75,WNW,10,WNW,22,1.2,,7
12/22/2022,1009.4,30.6,26.4,28.0,81,85,75,NW,10,NW,22,0.0,,7
12/23/2022,1009.6,31.0,27.0,28.5,78,89,70,W,11,W,20,0.0,,6
12/24/2022,1010.0,31.0,25.6,28.2,80,86,73,W,12,W,22,0.4,,7
12/25/2022,1010.9,30.0,24.6,27.6,87,95,81,WNW,11,W,27,13.4,,7
12/26/2022,1012.1,30.5,26.8,28.2,80,84,75,W,12,W,23,0.0,,7
12/27/2022,1012.4,30.8,26.0,28.1,80,88,73,W,9,W,19,0.0,,4
12/28/2022,1013.4,31.2,23.5,27.7,83,92,73,W,5,WNW,13,0.0,,6
12/29/2022,1014.5,30.6,23.5,26.9,85,98,69,W,2,NW,10,0.2,,7
12/30/2022,1014.7,30.8,23.5,28.0,79,98,69,SE,3,SE,10,0.0,,3
12/31/2022,1014.2,31.5,26.6,28.3,79,94,71,E,4,NE,10,0.0,,3
1/1/2023,1013.7,31.0,25.6,28.3,78,85,73,N,7,N,20,1.0,,5
1/2/2023,1013.6,30.8,26.4,28.1,76,89,68,NNE,5,NNE,15,0.0,,7
1/3/2023,1013.1,31.1,26.4,28.3,77,84,69,NNE,5,NNE,13,0.0,,3
1/4/2023,1011.8,30.4,26.0,28.0,76,84,71,NNE,6,NNE,13,0.0,,3
1/5/2023,1012.4,30.5,26.3,28.1,76,81,69,NNE,6,N,14,0.0,,3
1/6/2023,1013.1,31.5,24.0,28.2,81,90,72,N,5,ENE,12,0.0,,3
1/7/2023,1012.2,30.8,24.8,27.9,84,97,75,N,5,N,15,0.9,,4
1/8/2023,1012.0,30.9,23.7,26.9,88,99,73,NE,4,NNE,17,21.4,,6
1/9/2023,1012.9,30.5,25.4,27.6,85,91,78,NE,5,N,13,0.3,,7
1/10/2023,1012.5,30.2,26.4,27.8,83,92,76,N,6,NNE,13,0.1,,7
1/11/2023,1011.4,30.0,25.0,27.6,81,92,75,N,6,NNE,14,0.05,,7
1/12/2023,1010.6,30.3,26.3,27.8,78,88,74,N,7,N,14,0.0,,7
1/13/2023,1011.7,30.0,26.2,27.7,75,83,67,N,6,N,14,0.0,,7
1/14/2023,1011.3,29.5,25.5,27.5,72,78,60,N,7,N,16,0.0,,7
1/15/2023,1010.8,30.0,22.8,26.7,81,97,69,N,3,NNW,10,0.0,,7
1/16/2023,1010.9,30.4,22.8,27.1,80,97,69,VRB,3,NW,10,0.0,,7
1/17/2023,1011.3,30.6,25.0,27.7,79,96,69,NE,3,NE,8,0.0,,7
1/18/2023,1011.5,32.2,26.9,28.8,79,89,68,ENE,4,ENE,10,0.0,,6
1/19/2023,1011.2,31.6,22.8,27.6,84,97,74,NNE,7,N,26,4.6,,6
1/20/2023,1011.9,30.6,24.0,27.0,78,95,70,N,5,NNE,17,0.6,,7
1/21/2023,1010.8,29.9,26.4,27.8,73,84,65,N,8,N,15,0.0,,7
1/22/2023,1009.6,31.2,25.1,28.4,80,88,68,NNE,5,N,15,5.9,,5
1/23/2023,1009.8,31.0,23.6,27.3,86,98,74,NNE,4,NNE,14,12.4,,6
1/24/2023,1010.4,30.5,24.5,26.7,88,99,76,NNW,6,NW,18,2.2,,7
1/25/2023,1010.1,30.4,25.5,27.7,82,89,74,NW,6,NW,14,0.0,,7
1/26/2023,1010.1,30.9,26.2,28.1,81,86,73,N,4,WNW,10,0.0,,6
1/27/2023,1009.8,30.5,25.5,28.2,82,89,76,NNE,4,NNE,10,0.0,,5
1/28/2023,1009.0,30.5,26.4,28.3,81,89,74,N,6,N,14,0.0,,6
1/29/2023,1009.2,31.0,25.3,28.2,80,92,72,N,5,N,13,0.0,,7
1/30/2023,1010.6,30.6,24.5,28.0,83,96,74,N,5,N,17,11.2,,7
1/31/2023,1010.3,30.5,26.0,27.9,82,94,73,NNW,6,NNW,13,0.0,,7
2/1/2023,1009.9,30.8,26.2,28.1,81,89,71,NW,8,NNW,16,0.0,,6
2/2/2023,1010.4,30.5,25.9,28.0,79,85,73,NW,10,NNW,18,0.0,,5
2/3/2023,1010.2,30.5,26.2,27.9,76,83,70,NW,12,NW,20,0.0,,4
2/4/2023,1009.7,30.5,25.2,27.8,75,85,67,NW,11,NW,20,0.0,,6
2/5/2023,1009.7,30.0,24.6,27.7,81,89,72,N,6,N,12,0.0,,6
2/6/2023,1010.2,30.5,25.1,27.6,88,94,78,N,4,NW,10,0.0,,7
2/7/2023,1010.4,31.0,24.0,28.2,80,96,68,N,5,NNW,12,0.0,,6
2/8/2023,1010.4,30.6,26.2,28.1,80,96,74,NW,7,WNW,17,0.3,,7
2/9/2023,1011.3,29.4,24.5,26.5,88,97,81,N,5,WNW,20,16.6,,7
2/10/2023,1011.7,30.4,26.0,28.1,79,90,73,N,7,N,13,0.0,,4
2/11/2023,1012.5,30.4,26.2,27.9,76,81,69,N,6,N,13,0.0,,5
2/12/2023,1011.9,29.8,26.2,27.9,74,78,66,NNE,6,N,15,0.0,,3
2/13/2023,1011.8,30.2,26.1,27.9,75,85,67,NNE,5,NNE,13,0.0,,2
2/14/2023,1011.0,30.6,26.2,28.2,79,83,72,NNE,5,NNE,13,0.0,,3
2/15/2023,1009.6,30.8,26.2,28.4,80,86,74,NNE,6,N,15,0.0,,3
2/16/2023,1009.8,30.5,26.3,28.4,76,83,71,NNE,7,NNE,14,0.0,,2
2/17/2023,1010.6,30.6,26.8,28.4,77,87,70,N,5,N,13,0.0,,4
2/18/2023,1011.3,31.6,27.0,28.6,78,84,69,NNE,4,NNE,11,0.0,,4
2/19/2023,1011.3,31.2,26.8,28.7,79,86,70,NNE,4,NNE,10,0.0,,4
2/20/2023,1011.7,31.2,25.6,28.0,83,89,72,N,4,N,16,0.0,,5
2/21/2023,1011.9,30.4,27.0,28.6,81,87,75,N,7,NNW,16,0.0,,6
2/22/2023,1011.7,31.1,23.2,28.3,81,90,73,NNW,8,NNW,21,4.6,,6
2/23/2023,1010.9,30.6,26.5,28.0,82,98,73,NNE,4,NW,20,0.0,,7
2/24/2023,1011.9,31.0,26.6,28.5,77,83,69,N,4,N,11,0.0,,3
2/25/2023,1012.9,31.4,27.0,28.8,81,89,74,N,6,N,12,0.0,,4
2/26/2023,1013.4,31.4,27.2,28.8,82,89,75,NNE,5,NNE,14,0.0,,4
2/27/2023,1013.1,31.1,24.4,28.7,82,90,73,NNE,5,NNE,13,10.4,,6
2/28/2023,1012.8,30.7,23.8,28.1,81,97,74,N,6,N,15,15.1,,5
3/1/2023,1012.9,30.7,25.0,28.6,82,92,74,N,5,NNE,14,0.0,,5
3/2/2023,1013.5,32.0,27.2,28.8,82,96,74,ENE,4,NE,14,0.05,,5
3/3/2023,1013.5,31.6,27.0,28.9,81,88,71,E,6,ENE,18,0.9,,6
3/4/2023,1013.6,31.3,25.6,28.5,81,88,74,SE,5,E,15,0.05,,6
3/5/2023,1013.3,32.0,24.0,28.1,83,97,69,VRB,2,SE,12,0.0,,5
3/6/2023,1012.0,32.4,27.0,28.7,80,97,70,VRB,2,E,8,0.0,,4
3/7/2023,1010.9,32.0,24.4,29.3,79,84,73,ENE,5,NE,11,11.4,,3
3/8/2023,1010.5,32.2,27.4,29.2,81,97,72,E,5,E,17,0.2,,4
3/9/2023,1010.6,31.6,25.0,28.0,86,99,75,E,5,E,18,29.0,,6
3/10/2023,1010.3,30.1,25.9,27.7,84,97,75,SSE,6,SSE,22,0.0,,7
3/11/2023,1010.3,31.6,27.1,29.1,78,85,71,E,4,E,10,0.0,,3
3/12/2023,1009.8,32.0,27.6,29.4,80,85,71,ENE,5,ENE,11,0.05,,4
3/13/2023,1009.1,32.0,26.4,29.4,81,89,73,E,5,E,11,0.05,,4
3/14/2023,1008.6,31.8,24.4,28.5,84,96,74,ESE,5,ESE,20,17.3,,4
3/15/2023,1008.9,30.6,24.9,27.0,92,99,81,SSE,4,S,17,6.6,,6
3/16/2023,1009.4,31.2,25.0,27.9,87,98,74,N,4,SSE,17,15.4,,6
3/17/2023,1009.6,31.2,25.4,28.4,82,95,74,N,5,N,17,0.0,,7
3/18/2023,1010.2,30.3,24.6,27.3,87,100,76,SE,4,NE,23,4.5,,7
3/19/2023,1009.4,31.4,25.0,28.0,86,97,74,SSW,5,SSW,15,0.4,,6
3/20/2023,1008.7,31.3,24.0,28.2,85,94,74,SW,5,W,15,10.1,,6
3/21/2023,1009.2,30.8,26.0,27.7,88,99,75,W,5,WSW,15,1.9,,7
3/22/2023,1009.8,30.4,25.1,27.4,88,95,79,WNW,6,NW,19,0.5,,7
3/23/2023,1009.4,30.5,24.6,27.5,89,99,78,NNW,3,NNW,15,6.4,,7
3/24/2023,1010.2,31.4,25.8,27.6,89,99,75,SSW,5,SSW,13,0.8,,7
3/25/2023,1010.2,31.5,26.1,28.5,84,92,73,S,6,SSE,20,0.6,,7
3/26/2023,1010.1,30.5,24.6,27.1,92,100,82,VRB,3,SE,18,5.8,,7
3/27/2023,1010.0,31.0,26.2,28.5,84,96,75,NNW,6,NNW,14,0.05,,6
3/28/2023,1010.7,31.6,25.4,28.5,86,96,73,NW,5,NW,13,0.0,,7
3/29/2023,1010.9,31.3,24.7,28.4,85,97,76,WSW,5,W,12,0.0,,4
3/30/2023,1010.4,30.6,26.2,28.4,84,97,75,NW,4,NW,11,0.0,,3
3/31/2023,1009.8,31.7,24.0,28.0,85,98,73,NNW,4,NNW,12,0.0,,7
4/1/2023,1010.2,31.0,23.8,27.6,87,98,75,W,4,WNW,12,0.0,,7
4/2/2023,1009.5,31.0,24.2,28.2,83,98,73,N,5,NNW,12,0.0,,4
4/3/2023,1010.2,31.6,25.5,28.1,83,97,74,WNW,5,NNW,17,11.0,,4
4/4/2023,1010.0,31.0,23.8,27.6,85,98,73,N,3,NNE,10,0.0,,6
4/5/2023,1010.2,31.4,24.0,28.0,83,98,73,W,3,NNW,10,0.0,,3
4/6/2023,1010.1,31.5,23.5,27.7,83,98,67,N,3,N,9,0.0,,1
4/7/2023,1011.2,31.4,23.8,27.4,84,98,69,VRB,2,NW,8,0.0,,2
4/8/2023,1012.1,31.6,23.8,27.8,84,97,70,NW,2,NW,9,0.0,,2
4/9/2023,1011.7,31.8,25.4,28.2,82,97,65,VRB,2,WNW,8,0.0,,3
4/10/2023,1010.3,32.1,25.6,29.4,78,90,68,E,4,E,10,0.5,,3
4/11/2023,1011.0,32.0,25.0,28.4,84,95,72,VRB,1,NE,8,0.05,,3
4/12/2023,1010.4,32.5,25.5,28.7,82,96,68,VRB,2,WSW,7,0.0,,3
4/13/2023,1010.9,31.5,24.8,27.9,88,97,73,SSW,5,N,14,8.3,,6
4/14/2023,1011.5,31.2,26.0,28.5,83,93,74,W,5,S,15,0.05,,7
4/15/2023,1010.6,31.4,26.2,28.8,83,95,76,SW,5,SSW,21,0.0,,5
4/16/2023,1009.1,32.1,24.5,28.8,83,97,71,W,4,SSW,10,0.0,,3
4/17/2023,1009.6,32.0,24.2,28.2,84,98,71,WNW,2,NW,10,0.0,,2
4/18/2023,1010.0,32.4,25.4,28.4,84,98,70,NNW,2,NNW,10,0.0,,2
4/19/2023,1008.8,32.8,26.5,29.5,79,96,68,SW,4,SW,12,0.0,,5
4/20/2023,1007.3,32.6,26.5,29.3,82,91,71,S,6,S,16,0.05,,7
4/21/2023,1007.3,32.4,27.1,29.6,80,87,75,SSW,7,SSW,15,0.0,,6
4/22/2023,1007.3,32.6,25.5,29.4,82,98,70,SW,4,SW,12,0.3,,3
4/23/2023,1007.7,32.4,24.5,29.3,83,98,70,WNW,5,WSW,28,36.8,,4
4/24/2023,1008.7,31.6,26.4,28.6,87,95,72,SW,5,NW,26,0.1,,7
4/25/2023,1008.7,32.4,26.0,29.6,80,89,72,W,8,W,19,0.4,,7
4/26/2023,1008.2,33.0,27.2,29.6,81,90,66,WNW,6,NW,25,0.05,,7
4/27/2023,1008.5,32.5,23.8,29.2,85,97,74,W,4,WNW,10,42.1,,7
4/28/2023,1009.0,30.6,25.8,27.9,89,100,82,SW,6,W,21,2.2,,7
4/29/2023,1008.5,31.8,23.6,26.5,93,100,77,SW,5,S,17,130.4,,7
4/30/2023,1007.8,31.6,27.6,29.0,83,98,72,SW,7,W,17,0.05,,7
5/1/2023,1008.0,31.2,26.5,28.9,83,91,78,W,8,W,20,0.6,,7
5/2/2023,1010.2,30.0,24.0,26.7,91,99,85,W,12,WSW,29,53.6,,8
5/3/2023,1010.2,31.7,23.8,27.8,89,100,75,W,12,W,33,48.9,,7
5/4/2023,1011.2,28.4,24.1,25.8,92,98,85,W,12,SW,27,32.9,,8
5/5/2023,1009.7,30.8,25.0,28.1,84,94,77,W,11,W,37,2.3,,7
5/6/2023,1010.2,29.4,25.0,28.1,84,94,78,WNW,15,W,36,4.1,,7
5/7/2023,1009.6,32.0,27.2,29.3,80,87,73,WNW,11,WNW,22,0.0,,7
5/8/2023,1009.5,32.0,27.0,29.1,83,90,75,W,8,WNW,14,0.0,,6
5/9/2023,1009.6,31.6,27.0,29.1,80,87,73,W,6,WSW,13,0.0,,6
5/10/2023,1009.8,31.9,26.8,28.6,83,89,73,SW,8,W,19,0.05,,6
5/11/2023,1011.1,31.0,24.5,28.0,86,97,77,SSW,9,WSW,29,4.9,,7
5/12/2023,1011.9,31.7,25.0,28.5,84,91,73,SW,10,WSW,26,1.0,,7
5/13/2023,1012.0,32.0,25.5,28.8,85,96,75,SW,10,W,22,5.9,,7
5/14/2023,1011.3,31.6,26.4,29.1,86,94,79,SW,10,SW,22,5.4,,7
5/15/2023,1010.6,30.5,27.8,29.2,85,90,82,WSW,9,W,18,0.05,,7
5/16/2023,1011.0,32.5,28.0,29.9,82,87,75,WNW,11,WNW,19,0.05,,7
5/17/2023,1011.6,32.7,27.4,29.7,83,93,75,WNW,9,WNW,17,0.7,,7
5/18/2023,1011.8,32.4,26.0,29.5,82,90,73,WNW,6,WNW,12,2.0,,3
5/19/2023,1011.2,32.2,25.2,28.7,87,97,74,W,2,W,8,0.0,,5
5/20/2023,1011.2,32.5,26.4,29.5,83,91,72,W,6,W,17,0.7,,5
5/21/2023,1011.5,32.5,27.0,29.7,83,90,76,W,6,NW,13,0.0,,3
5/22/2023,1011.8,32.5,24.6,29.6,83,95,73,W,4,W,11,21.6,,3
5/23/2023,1012.1,32.0,23.6,28.2,87,99,74,W,5,W,23,16.6,,5
5/24/2023,1012.4,31.2,26.8,28.6,84,97,76,S,5,SSW,11,0.05,,4
5/25/2023,1012.8,32.2,23.8,29.3,84,92,75,SSW,5,S,22,56.9,,5
5/26/2023,1013.1,31.7,24.6,27.7,88,100,73,S,6,SSE,17,12.4,,6
5/27/2023,1011.6,31.5,24.0,28.2,87,98,74,SSW,5,SW,19,0.05,,7
5/28/2023,1010.8,32.0,25.5,29.2,82,98,73,W,5,W,12,0.9,,3
5/29/2023,1011.1,32.0,25.8,29.0,84,92,75,W,7,NW,21,0.1,,6
5/30/2023,1011.0,31.5,23.6,28.1,88,98,80,WSW,8,SW,26,26.4,,6
5/31/2023,1010.8,30.5,24.6,27.9,89,98,83,SSW,7,W,25,31.4,,7
6/1/2023,1010.8,32.3,25.4,29.3,80,89,72,WSW,8,W,20,1.7,,7
6/2/2023,1011.7,30.6,23.8,26.7,92,99,84,W,11,W,30,38.5,,7
6/3/2023,1011.6,30.2,25.5,28.5,84,90,79,W,8,WNW,22,0.4,,7
6/4/2023,1011.0,31.0,23.5,27.3,90,99,80,S,4,W,23,8.3,,7
6/5/2023,1010.6,32.2,25.2,28.6,86,99,73,W,3,W,10,2.8,,7
6/6/2023,1010.5,31.6,24.8,28.1,90,99,71,VRB,2,SE,7,4.2,,7
6/7/2023,1010.8,31.0,25.0,27.6,90,99,73,W,3,W,22,1.0,,6
6/8/2023,1010.7,32.3,24.4,28.7,84,95,73,W,4,NW,9,0.0,,5
6/9/2023,1009.9,31.8,24.5,28.1,86,99,72,W,2,W,10,0.05,,5
6/10/2023,1009.0,31.4,24.4,28.7,82,97,72,N,6,WNW,32,0.7,,6
6/11/2023,1008.8,32.0,24.0,29.1,82,97,70,NW,6,NW,25,6.3,,4
6/12/2023,1009.1,32.0,25.6,29.5,81,89,69,W,8,WNW,28,0.0,,5
6/13/2023,1009.8,32.6,27.0,29.8,81,90,72,WNW,6,W,13,0.0,,4
6/14/2023,1010.7,32.0,27.5,29.5,83,91,73,NW,5,NNW,12,0.05,,7
6/15/2023,1010.9,32.1,27.2,29.7,81,89,75,NW,8,NW,16,0.05,,7
6/16/2023,1011.0,32.5,24.6,28.7,83,98,72,WNW,6,NW,13,0.0,,7
6/17/2023,1011.2,32.0,26.6,28.8,78,90,68,NW,5,NW,12,0.0,,7
6/18/2023,1010.5,32.0,27.5,29.4,78,83,70,NW,8,NW,14,0.0,,7
6/19/2023,1009.2,32.5,25.1,29.8,78,84,70,WNW,10,WNW,18,0.0,,4
6/20/2023,1009.1,32.6,24.2,29.6,80,93,71,WNW,9,W,31,6.9,,7
6/21/2023,1009.7,31.6,25.0,28.8,83,95,74,WNW,11,W,28,0.05,,7
6/22/2023,1010.5,30.1,23.8,27.5,86,95,77,W,7,WNW,27,13.8,,7
6/23/2023,1010.5,30.5,25.2,28.4,82,92,74,W,6,WNW,24,0.05,,7
6/24/2023,1010.1,32.1,23.6,27.8,85,97,73,WSW,8,NW,29,26.0,,7
6/25/2023,1010.2,31.0,26.4,28.6,82,97,74,WSW,7,WSW,14,0.05,,7
6/26/2023,1010.1,31.5,26.9,29.0,80,90,72,SSW,7,SSW,13,0.3,,7
6/27/2023,1010.8,31.8,23.1,28.4,81,97,69,SW,4,SSW,10,0.0,,5
6/28/2023,1012.1,31.6,22.4,27.3,84,98,68,W,2,W,9,0.0,,4
6/29/2023,1012.4,31.4,23.5,27.2,82,100,66,S,2,S,11,0.0,,5
6/30/2023,1012.0,31.5,26.0,28.7,76,97,64,SE,4,SE,10,0.0,,7
7/1/2023,1012.0,32.0,28.2,29.8,76,82,68,SE,6,SE,14,0.0,,5
7/2/2023,1011.4,32.4,21.4,29.8,76,84,70,SSE,10,SSE,22,19.9,,6
7/3/2023,1011.9,30.0,21.3,26.0,88,100,80,S,9,NW,33,13.1,,8
7/4/2023,1010.0,31.5,27.2,29.0,77,84,72,S,11,S,20,0.0,,7
7/5/2023,1008.7,31.0,27.0,28.8,80,87,75,S,8,S,24,0.2,,7
7/6/2023,1009.6,31.2,25.2,28.4,87,98,78,SSW,4,SSW,9,0.0,,7
7/7/2023,1011.3,32.1,24.5,29.0,84,99,73,NW,4,NW,10,0.0,,4
7/8/2023,1011.8,31.5,23.0,27.4,84,98,70,N,3,N,9,0.0,,5
7/9/2023,1011.3,31.8,23.1,27.4,84,98,66,VRB,2,W,10,0.0,,4
7/10/2023,1010.8,31.7,22.8,27.5,86,99,71,S,3,WSW,11,0.0,,6
7/11/2023,1010.9,32.4,23.9,27.7,84,99,67,VRB,1,S,7,0.0,,3
7/12/2023,1011.0,32.0,25.8,28.7,81,97,70,S,4,SSW,10,0.0,,6
7/13/2023,1011.6,31.1,25.8,29.4,80,93,73,SE,4,SE,11,0.0,,5
7/14/2023,1011.6,31.1,25.8,29.4,80,93,73,SE,4,SE,11,0.0,,5
7/15/2023,1011.4,32.3,24.2,28.8,82,97,68,VRB,2,E,9,0.0,,3
7/16/2023,1011.4,32.1,25.0,28.2,86,99,70,VRB,2,WSW,10,1.3,,4
7/17/2023,1011.9,32.3,24.0,28.7,83,98,72,W,4,W,19,0.05,,6
7/18/2023,1011.9,32.0,26.0,28.5,83,98,72,SSW,5,S,11,0.0,,7
7/19/2023,1010.6,31.5,25.5,28.2,83,93,73,S,6,S,12,0.0,,6
7/20/2023,1009.5,29.8,23.4,27.4,90,100,79,SE,6,S,24,59.6,,7
7/21/2023,1011.0,30.5,24.8,27.5,88,95,76,S,6,S,18,2.1,,7
7/22/2023,1012.1,31.7,26.5,28.9,84,95,73,SE,3,WNW,10,0.0,,6
7/23/2023,1011.3,32.0,25.5,29.3,81,90,70,SE,5,SSE,13,1.3,,4
7/24/2023,1010.5,32.2,26.5,29.3,83,95,73,SE,7,ESE,16,0.6,,6
7/25/2023,1010.6,32.5,27.8,29.8,81,87,74,SE,9,SE,17,0.5,,6
7/26/2023,1011.4,31.8,28.0,29.9,81,87,75,SE,7,ESE,16,0.0,,6
7/27/2023,1011.8,32.5,23.0,29.0,83,99,73,ESE,6,N,19,11.8,,5
7/28/2023,1012.0,32.0,24.2,28.0,87,98,72,WSW,2,ENE,10,28.8,,7
7/29/2023,1012.6,30.6,23.6,26.5,92,99,79,S,5,W,13,16.1,,8
7/30/2023,1011.8,30.4,24.0,26.9,88,98,72,VRB,3,W,9,0.7,,7
7/31/2023,1011.8,31.8,24.1,28.0,86,99,72,SSW,3,SSW,11,0.0,,6
8/1/2023,1012.3,32.0,24.4,27.7,86,98,72,WSW,4,NW,26,1.1,,6
8/2/2023,1012.7,30.8,25.5,27.9,89,97,80,S,4,SSE,10,0.0,,7
8/3/2023,1012.4,31.4,24.0,29.0,79,92,71,SE,5,SE,11,0.05,,4
8/4/2023,1013.3,30.6,23.4,27.4,84,98,72,NNW,8,NW,23,17.2,,7
8/5/2023,1013.8,29.5,22.1,27.2,87,95,74,NW,8,NW,33,10.5,,7
8/6/2023,1012.8,32.1,26.6,28.9,85,92,75,N,6,NNW,14,0.05,,7
8/7/2023,1011.7,31.5,25.5,28.8,83,89,73,WNW,5,NW,14,2.4,,6
8/8/2023,1011.8,31.7,24.5,28.5,82,96,71,VRB,2,N,8,0.05,,7
8/9/2023,1012.7,31.4,25.6,28.7,83,97,76,NW,5,NW,14,0.0,,7
8/10/2023,1012.9,30.5,23.2,27.0,90,100,81,NNW,6,NW,21,35.7,,7
8/11/2023,1013.3,28.5,23.5,25.5,92,98,82,W,5,W,21,6.4,,8
8/12/2023,1012.3,31.6,26.0,28.7,82,88,74,W,9,W,25,0.05,,7
8/13/2023,1012.1,31.6,27.0,28.9,81,88,77,W,7,WNW,15,0.0,,7
8/14/2023,1012.2,31.6,23.6,28.6,80,94,69,W,6,W,13,0.0,,4
8/15/2023,1012.5,31.5,23.9,27.8,83,95,70,W,3,WSW,10,0.0,,6
8/16/2023,1012.3,31.4,25.6,28.4,79,96,70,S,4,S,12,0.0,,7
8/17/2023,1012.4,31.6,24.4,28.5,81,96,69,SSW,7,SSW,14,3.3,,7
8/18/2023,1011.8,31.3,27.5,28.7,80,95,74,SSW,8,SSW,16,0.0,,7
8/19/2023,1010.3,31.8,25.4,28.6,82,95,73,SW,9,W,18,5.9,,6
8/20/2023,1009.8,31.0,27.4,28.7,83,88,75,W,7,WNW,17,1.1,,7
8/21/2023,1009.6,31.7,24.5,28.8,83,95,72,W,9,W,24,9.3,,7
8/22/2023,1010.6,30.4,25.0,27.6,86,92,82,W,8,WSW,17,0.7,,7
8/23/2023,1010.4,31.3,25.2,28.7,83,91,77,WSW,7,WSW,21,4.0,,7
8/24/2023,1010.2,31.4,22.2,28.3,83,94,77,S,9,W,30,9.3,,5
8/25/2023,1010.1,31.4,25.5,28.9,79,89,71,S,7,S,17,0.0,,3
8/26/2023,1010.4,31.6,24.0,28.2,84,98,71,S,4,SSW,12,0.0,,3
8/27/2023,1011.3,32.0,24.7,28.1,86,98,73,VRB,2,SE,11,0.0,,4
8/28/2023,1011.3,31.6,24.5,28.7,83,96,72,SE,4,SE,12,6.6,,5
8/29/2023,1011.1,30.3,24.5,27.3,88,97,80,SSW,5,NNW,18,5.5,,7
8/30/2023,1011.5,31.6,24.6,28.3,85,97,79,NW,5,NNW,27,6.3,,7
8/31/2023,1011.8,31.0,22.6,26.7,91,100,75,NNW,5,W,21,87.1,,7
9/1/2023,1012.5,29.5,23.0,26.0,93,100,82,WNW,5,N,16,47.2,,7
9/2/2023,1012.2,28.8,22.5,26.5,86,100,72,W,10,WNW,30,60.8,,7
9/3/2023,1011.0,30.4,24.1,27.4,83,98,70,W,7,W,23,0.7,,7
9/4/2023,1009.7,32.0,26.4,28.9,78,85,71,S,8,S,17,0.0,,7
9/5/2023,1009.5,32.2,27.0,29.0,79,89,70,SSE,9,SSE,17,0.05,,6
9/6/2023,1010.4,32.0,27.4,29.2,78,87,69,SSE,8,S,15,0.0,,7
9/7/2023,1011.4,31.6,26.8,29.3,78,87,72,SSE,7,SSE,13,0.0,,7
9/8/2023,1011.9,32.0,27.5,29.4,78,85,72,SE,6,SSE,12,0.0,,7
9/9/2023,1011.3,32.2,27.4,29.5,79,87,72,SSE,7,SSE,13,0.0,,6
9/10/2023,1010.6,32.3,26.6,29.3,80,88,71,S,9,SSE,17,0.0,,4
9/11/2023,1010.8,31.8,27.4,29.3,78,85,70,SSE,6,S,13,0.0,,7
9/12/2023,1011.2,31.8,27.4,29.4,80,85,72,SE,6,SE,14,0.05,,7
9/13/2023,1011.1,32.0,26.6,29.5,80,88,72,SSE,8,SE,17,0.8,,7
9/14/2023,1010.8,32.5,28.0,29.7,79,84,71,SSE,10,SSE,19,0.0,,7
9/15/2023,1010.7,31.4,28.0,29.6,79,85,73,SE,8,SE,17,0.0,,7
9/16/2023,1010.4,31.6,27.7,29.6,80,85,73,SE,7,SE,17,0.2,,6
9/17/2023,1009.6,31.8,27.6,29.6,79,88,72,SE,9,SE,18,0.0,,5
9/18/2023,1010.0,32.0,27.8,29.4,79,85,73,SE,9,SSE,18,0.0,,7
9/19/2023,1010.6,31.8,27.8,29.5,81,85,76,ESE,7,ESE,17,0.0,,7
9/20/2023,1010.8,32.0,27.6,29.5,81,87,70,ESE,5,E,12,0.0,,6
9/21/2023,1011.2,32.0,23.8,28.6,85,99,76,SE,5,NW,15,21.3,,6
9/22/2023,1011.5,31.2,26.9,28.3,84,98,76,S,7,S,16,1.7,,6
9/23/2023,1011.5,31.5,27.0,29.1,79,89,71,SSE,8,SSE,15,0.0,,7
9/24/2023,1011.0,32.0,24.6,29.0,81,96,72,SE,5,SSE,12,0.6,,5
9/25/2023,1010.7,31.6,25.5,28.9,81,97,71,SE,4,SSE,13,0.05,,7
9/26/2023,1010.8,31.8,26.8,29.1,80,87,70,SSE,7,SE,14,0.05,,7
9/27/2023,1011.3,31.7,23.6,28.2,83,98,69,SSE,5,SSE,15,0.0,,7
9/28/2023,1011.8,31.5,27.0,28.4,82,98,73,S,9,S,23,0.0,,6
9/29/2023,1012.0,32.0,27.4,29.4,78,85,71,SE,8,SSE,16,0.05,,4
9/30/2023,1011.8,32.0,27.6,29.3,80,86,72,SE,7,SE,16,0.0,,7
10/1/2023,1012.1,31.4,27.5,29.3,77,91,70,SE,8,SE,16,0.0,,6
10/2/2023,1012.3,31.6,27.3,29.2,79,85,71,SE,6,SE,14,0.0,,6
10/3/2023,1012.2,32.0,27.3,29.2,80,85,72,SE,6,SSE,16,0.0,,6
10/4/2023,1011.8,31.6,27.4,29.2,82,89,76,SE,6,ESE,14,0.1,,7
10/5/2023,1011.2,31.6,26.3,28.8,83,88,75,SE,5,SE,15,2.2,,7
10/6/2023,1010.6,31.6,25.6,28.2,84,94,75,E,4,NW,17,1.2,,7
10/7/2023,1010.5,31.4,24.4,27.9,87,98,76,ESE,5,ESE,15,17.7,,7
10/8/2023,1011.3,31.0,27.2,28.5,84,91,79,SE,6,SE,16,0.6,,7
10/9/2023,1011.9,31.7,27.4,29.4,82,88,75,ESE,7,ESE,17,0.05,,5
10/10/2023,1011.8,31.9,27.5,29.3,82,88,75,ESE,7,ESE,17,1.4,,4
10/11/2023,1012.2,31.2,27.2,29.1,80,85,75,SE,7,SE,17,0.0,,4
10/12/2023,1012.7,31.0,27.0,28.8,78,87,70,SE,7,SE,15,0.0,,3
10/13/2023,1012.8,31.0,27.0,28.8,78,83,70,SE,6,SE,16,0.0,,5
10/14/2023,1012.9,31.6,26.6,28.9,78,84,71,ESE,5,ESE,11,0.0,,3
10/15/2023,1011.6,32.2,27.4,29.1,80,85,72,SE,7,SE,15,0.0,,4
10/16/2023,1011.0,31.6,27.0,29.2,78,85,70,SE,10,SE,20,0.0,,3
10/17/2023,1011.6,31.1,26.0,28.8,79,91,71,SE,6,SE,18,0.6,,4
10/18/2023,1012.5,31.5,26.8,28.9,79,85,71,E,6,E,16,0.0,,5
10/19/2023,1012.4,31.5,27.0,28.8,80,87,71,SE,6,SE,12,0.0,,4
10/20/2023,1012.0,31.2,27.2,28.9,81,86,74,SE,5,ESE,12,0.0,,4
10/21/2023,1012.6,30.6,27.0,29.0,78,84,72,ESE,7,SE,16,0.0,,3
10/22/2023,1012.9,31.0,26.8,28.8,79,85,73,SE,7,SE,16,0.0,,3
10/23/2023,1012.5,31.2,26.5,28.7,77,84,70,SE,6,SE,12,0.0,,3
10/24/2023,1011.4,30.8,27.0,28.7,79,85,71,SE,7,SE,16,0.05,,3
10/25/2023,1011.6,31.4,26.9,29.1,82,88,73,SE,7,SE,18,0.8,,4
10/26/2023,1011.5,30.5,24.4,28.0,87,94,80,SE,8,ESE,23,53.0,,7
10/27/2023,1011.2,28.7,23.8,27.2,87,99,81,SE,7,ESE,21,3.7,,7
10/28/2023,1010.2,31.0,26.6,28.7,84,88,76,ESE,8,SE,18,1.5,,5
10/29/2023,1010.2,31.5,27.3,29.0,80,85,75,SE,8,SE,18,0.0,,7
10/30/2023,1010.6,31.4,27.0,29.0,80,88,70,ESE,6,E,15,0.05,,5
10/31/2023,1011.0,31.5,25.0,28.9,83,92,74,ESE,5,SSE,14,14.0,,7
11/1/2023,1011.0,30.4,24.9,27.8,88,97,79,E,6,E,13,18.2,,7
11/2/2023,1010.1,30.0,24.7,27.2,91,98,79,E,5,SSE,17,17.9,,7
11/3/2023,1009.4,31.8,25.5,28.3,85,93,73,SE,7,SE,17,1.2,,7
11/4/2023,1009.3,31.4,26.6,28.8,84,88,79,SE,8,SE,17,2.8,,7
11/5/2023,1010.5,31.2,27.0,28.9,82,87,74,SE,8,SE,20,0.0,,7
11/6/2023,1011.5,31.0,25.1,28.7,82,95,74,SE,6,SE,13,1.8,,6
11/7/2023,1012.0,29.8,24.8,26.8,91,95,84,SE,5,ENE,13,9.7,,7
11/8/2023,1011.2,31.0,25.2,28.5,85,92,78,SE,6,SSE,13,4.8,,6
11/9/2023,1011.7,30.0,26.0,28.0,87,94,76,SE,5,SE,16,0.0,,7
11/10/2023,1011.7,31.5,27.0,28.9,84,90,77,SE,6,SE,14,0.05,,4
11/11/2023,1011.9,31.0,24.8,28.0,90,97,80,SE,7,SE,19,23.0,,6
11/12/2023,1011.9,31.4,22.2,28.0,89,98,78,SE,4,ESE,17,50.4,,7
11/13/2023,1012.4,29.8,24.0,26.3,92,100,75,VRB,3,S,11,0.0,,7
11/14/2023,1011.4,31.0,25.4,28.3,85,100,75,E,3,ESE,10,0.0,,3
11/15/2023,1011.4,31.0,26.5,28.4,85,92,77,SE,4,SE,14,0.05,,6
11/16/2023,1011.8,31.2,24.2,27.9,89,98,78,SE,6,E,19,108.8,,7
11/17/2023,1011.7,28.0,24.1,25.9,98,100,95,NNW,4,SE,15,21.5,,7
11/18/2023,1011.2,31.4,26.8,28.8,84,100,73,SE,5,SE,13,0.2,,7
11/19/2023,1010.8,31.5,27.2,29.1,83,89,72,SE,5,SE,12,0.0,,4
11/20/2023,1010.7,31.6,24.4,29.1,81,95,73,SE,7,SE,14,54.0,,4
11/21/2023,1010.6,30.5,25.0,27.4,89,100,76,SSE,7,S,16,19.0,,6
11/22/2023,1010.2,31.5,25.2,28.4,84,97,73,S,5,SSE,14,0.0,,5
11/23/2023,1009.4,31.0,23.4,27.2,90,100,76,SW,5,W,18,54.7,,5
11/24/2023,1009.4,30.5,25.0,27.7,87,97,74,SW,6,SW,22,1.9,,7
11/25/2023,1010.1,31.5,25.0,28.6,84,94,75,N,4,S,11,0.0,,5
11/26/2023,1010.2,31.7,24.0,28.4,84,98,76,E,3,ESE,10,0.0,,4
11/27/2023,1009.4,31.0,25.4,27.8,88,99,76,SSW,4,SSE,11,1.0,,4
11/28/2023,1009.0,31.8,26.8,28.9,82,89,73,NW,7,NW,12,0.0,,6
11/29/2023,1009.8,32.0,26.0,28.9,83,92,73,W,7,W,14,2.4,,6
11/30/2023,1010.9,30.4,23.4,26.6,91,100,82,W,9,S,30,30.8,,7
12/1/2023,1010.3,31.4,25.0,27.9,86,94,77,SSW,6,S,17,1.5,,7
12/2/2023,1009.6,31.0,24.8,28.3,85,95,76,S,8,S,18,0.05,,7
12/3/2023,1009.6,31.7,24.0,28.3,82,97,69,S,6,S,14,0.0,,5
12/4/2023,1009.6,31.6,25.6,27.9,86,98,73,SE,3,W,27,1.5,,5
12/5/2023,1009.7,31.6,25.5,28.4,85,96,73,W,7,WNW,15,0.0,,6
12/6/2023,1009.8,31.6,27.0,29.1,82,93,73,SE,5,SSE,14,0.0,,5
12/7/2023,1010.9,30.5,24.2,27.2,89,98,80,W,10,W,27,30.7,,7
12/8/2023,1011.0,30.4,24.8,28.0,87,96,79,W,9,WNW,25,0.4,,7
12/9/2023,1010.7,31.5,26.4,28.5,86,94,78,W,5,W,12,0.0,,7
12/10/2023,1010.5,32.2,26.4,28.7,82,90,73,SW,4,W,14,0.0,,7
12/11/2023,1010.5,31.8,26.0,28.9,84,92,73,WSW,5,SW,11,0.0,,5
12/12/2023,1009.6,32.0,25.0,28.7,85,93,75,NNE,3,NW,12,3.1,,5
12/13/2023,1010.0,31.9,24.2,28.0,87,98,73,NE,4,NW,17,4.2,,5
12/14/2023,1011.1,32.0,24.8,28.7,83,95,71,SW,5,SSW,20,0.6,,7
12/15/2023,1011.2,31.2,25.4,28.3,84,96,73,W,5,SSW,19,0.05,,4
12/16/2023,1010.9,31.0,23.6,27.5,89,98,77,NNW,3,W,17,8.9,,6
12/17/2023,1010.3,31.5,24.8,27.8,87,98,72,SSW,5,SSW,21,6.4,,5
12/18/2023,1010.0,32.0,24.0,27.9,88,98,70,S,5,SSE,19,17.5,,6
12/19/2023,1010.2,31.8,24.6,28.1,86,98,72,N,3,S,13,4.0,,4
12/20/2023,1010.8,31.0,24.6,27.5,90,98,73,VRB,3,NW,16,3.5,,5
12/21/2023,1011.4,31.5,24.2,27.6,88,98,78,N,4,W,23,8.8,,7
12/22/2023,1011.7,31.5,24.0,28.0,87,98,76,N,6,N,16,23.9,,7
12/23/2023,1012.3,31.0,25.0,28.1,84,95,73,N,6,NW,17,0.0,,6
12/24/2023,1011.9,32.4,24.5,29.2,83,98,73,E,5,NNE,18,6.9,,6
12/25/2023,1011.3,30.0,26.2,28.3,85,93,77,E,6,E,15,0.5,,7
12/26/2023,1011.2,32.0,24.6,28.2,87,98,79,ENE,6,ENE,22,16.2,,7
12/27/2023,1011.7,31.3,24.0,26.7,94,98,80,ENE,5,ENE,21,54.6,,8
12/28/2023,1009.8,30.8,25.4,28.4,86,97,78,ENE,4,ENE,12,0.05,,7
12/29/2023,1010.4,30.5,23.5,26.2,95,98,87,S,4,S,16,43.9,,7
12/30/2023,1010.9,31.0,23.9,27.4,90,99,77,E,4,W,16,37.9,,7
12/31/2023,1011.3,29.4,24.0,26.3,92,100,78,SSW,4,W,15,18.5,,7
1/1/2024,1011.1,30.4,24.2,27.9,87,96,78,NNE,3,NW,22,4.4,,7
1/2/2024,1011.2,32.0,23.2,27.6,89,96,76,N,4,W,12,54.8,,7
1/3/2024,1010.8,31.0,24.5,27.6,88,98,75,W,5,W,24,1.1,,7
1/4/2024,1010.8,30.5,24.8,26.9,92,99,80,VRB,3,NW,21,45.0,,7
1/5/2024,1010.7,30.2,25.5,27.9,86,97,77,W,12,WNW,34,3.2,,7
1/6/2024,1011.0,31.8,25.0,28.9,82,89,73,W,8,W,21,6.1,,7
1/7/2024,1010.9,31.9,24.4,28.5,85,97,73,WNW,9,NNW,29,0.8,,7
1/8/2024,1011.0,31.5,27.4,28.9,83,88,77,N,6,N,13,0.0,,7
1/9/2024,1010.1,31.8,24.0,28.3,86,100,74,NE,4,N,16,35.6,,5
1/10/2024,1010.1,31.0,24.6,27.7,87,99,76,N,4,NNW,15,0.05,,7
1/11/2024,1009.6,31.6,26.0,28.5,85,97,73,SSW,6,SW,16,3.3,,7
1/12/2024,1010.8,32.4,24.0,27.1,90,100,77,SSW,6,S,27,30.0,,7
1/13/2024,1011.2,31.0,26.6,28.5,84,99,73,N,4,NNE,11,0.05,,7
1/14/2024,1011.2,32.0,27.6,29.5,81,86,72,NE,5,NE,15,0.0,,4
1/15/2024,1011.4,31.8,27.4,29.3,77,80,73,NNE,7,NNE,15,0.0,,6
1/16/2024,1011.1,31.4,26.0,29.1,76,84,68,N,6,N,12,0.05,,5
1/17/2024,1010.2,31.0,24.6,28.6,79,91,73,NNE,5,N,12,0.0,,5
1/18/2024,1010.8,31.4,27.0,29.0,77,84,71,N,6,NNW,14,0.0,,5
1/19/2024,1010.4,31.0,26.9,28.8,78,86,72,NNE,6,NNE,14,0.0,,4
1/20/2024,1011.3,31.6,27.3,29.2,78,89,67,ENE,5,NE,13,0.0,,4
1/21/2024,1011.5,32.3,27.5,29.6,77,84,69,E,6,E,15,0.0,,3
1/22/2024,1012.4,32.2,27.6,29.8,81,91,72,ENE,5,NE,11,0.0,,3
1/23/2024,1012.2,32.2,27.3,29.5,82,94,72,NNE,5,NE,13,0.0,,3
1/24/2024,1012.3,31.2,27.0,29.0,81,86,73,NNE,6,NNE,15,0.0,,3
1/25/2024,1013.0,31.5,27.0,29.0,79,84,73,NNE,5,N,18,0.0,,3
1/26/2024,1013.5,31.4,27.0,29.0,76,80,72,NNE,6,N,17,0.0,,3
1/27/2024,1013.5,30.8,26.9,28.8,78,83,70,NNE,6,NNW,16,0.05,,2
1/28/2024,1013.2,31.0,26.6,28.9,79,85,72,NNE,6,NNE,16,0.0,,3
1/29/2024,1012.6,31.8,27.2,28.9,81,88,73,NE,5,ENE,14,0.0,,3
1/30/2024,1012.8,31.6,24.8,28.9,83,95,74,NE,4,NE,11,0.0,,3
1/31/2024,1013.6,31.5,26.7,28.7,86,97,79,N,5,N,13,0.0,,3
2/1/2024,1013.3,31.0,27.2,28.8,83,90,75,N,6,NNE,12,0.05,,2
2/2/2024,1012.7,31.4,27.2,29.3,82,88,74,NNE,5,NNE,12,0.0,,3
2/3/2024,1012.9,31.5,26.8,29.3,82,91,71,NNE,4,NNE,12,0.05,,3
2/4/2024,1013.6,32.6,23.0,29.2,83,96,69,ENE,5,SSE,20,26.3,,5
2/5/2024,1013.1,32.3,26.2,29.6,83,90,70,NNE,5,ENE,13,0.8,,5
2/6/2024,1013.0,32.2,27.4,29.4,82,92,74,E,5,NNE,16,0.0,,5
2/7/2024,1013.0,31.6,24.0,27.7,90,99,76,NNE,4,ESE,20,46.3,,6
2/8/2024,1012.6,31.2,26.2,28.4,85,98,73,N,5,N,14,0.05,,7
2/9/2024,1012.7,31.5,27.4,29.1,76,82,73,NNE,6,N,14,0.5,,7
2/10/2024,1012.7,32.0,26.8,29.6,77,86,70,ENE,6,NE,16,0.3,,4
2/11/2024,1013.2,31.6,24.4,27.9,87,98,73,E,5,SE,19,12.4,,7
2/12/2024,1013.0,30.6,24.5,26.6,93,97,88,N,6,N,14,27.7,,7
2/13/2024,1011.8,32.0,25.8,29.0,84,92,74,ENE,5,NE,19,3.4,,6
2/14/2024,1012.0,31.6,26.5,29.2,86,94,76,NNE,4,NNE,12,0.0,,7
2/15/2024,1011.1,31.7,26.5,29.6,85,93,76,NNE,5,NE,15,0.0,,5
2/16/2024,1011.6,32.0,24.9,28.7,87,95,74,N,5,E,17,6.7,,6
2/17/2024,1011.3,29.5,25.5,27.7,91,98,86,N,6,N,16,1.0,,7
2/18/2024,1009.9,31.8,27.6,29.4,86,93,77,E,6,NE,17,0.0,,7
2/19/2024,1010.4,32.0,25.9,29.6,86,96,74,ENE,6,ENE,15,24.9,,7
2/20/2024,1010.9,32.2,25.2,29.3,89,97,81,ENE,6,NNE,20,22.2,,7
2/21/2024,1012.0,31.6,23.4,27.1,91,98,80,E,7,NNW,23,25.6,,7
2/22/2024,1011.7,32.6,25.4,28.0,88,99,79,ESE,4,ESE,15,0.3,,7
2/23/2024,1011.0,30.8,26.6,28.4,86,98,76,N,3,ENE,12,0.05,,4
2/24/2024,1010.0,31.4,27.3,28.9,86,92,76,N,6,N,14,0.0,,4
2/25/2024,1008.7,31.4,27.4,29.2,83,90,74,NNE,6,NNE,15,0.0,,5
2/26/2024,1008.7,31.6,24.0,29.3,84,95,77,NNE,5,E,20,25.2,,4
2/27/2024,1009.9,31.4,24.9,27.5,92,97,82,E,5,E,25,10.1,,7
2/28/2024,1010.4,31.0,23.0,26.5,95,100,87,SSW,5,SE,21,62.2,,7
2/29/2024,1010.7,29.4,24.1,27.6,88,96,79,ENE,5,S,17,0.7,,7
3/1/2024,1011.5,31.5,24.9,28.8,86,98,76,NNE,3,NE,14,0.0,,6
3/2/2024,1011.6,32.0,27.1,29.1,84,90,76,E,5,E,12,0.0,,6
3/3/2024,1011.0,31.5,24.8,29.0,84,95,72,N,4,NNE,9,0.0,,6
3/4/2024,1011.7,31.5,26.4,28.7,86,98,76,W,4,W,11,0.05,,6
3/5/2024,1011.9,31.8,26.0,28.6,89,97,78,W,4,WSW,10,0.7,,6
3/6/2024,1011.9,31.6,25.8,29.0,83,93,71,N,6,N,13,0.0,,6
3/7/2024,1011.7,32.0,24.0,28.3,87,98,75,N,3,NNW,12,0.0,,5
3/8/2024,1012.0,31.9,26.2,28.7,85,95,76,WNW,6,W,11,0.0,,7
3/9/2024,1011.7,31.6,26.4,29.0,83,92,74,N,5,NW,12,0.0,,2
3/10/2024,1013.0,31.9,24.0,28.7,80,93,71,N,4,N,13,0.0,,2
3/11/2024,1014.1,31.6,24.0,28.9,79,97,69,NNE,4,N,11,0.0,,2
3/12/2024,1013.6,31.5,23.1,27.7,83,98,67,VRB,2,NNE,8,0.0,,1
3/13/2024,1013.2,31.6,23.6,27.5,85,98,67,VRB,2,W,10,0.0,,2
3/14/2024,1012.8,32.2,26.6,29.1,80,94,71,WNW,6,NW,12,0.0,,3
3/15/2024,1012.0,32.2,25.0,28.7,83,97,69,W,4,W,13,4.7,,4
3/16/2024,1011.3,32.0,24.4,28.9,83,97,72,NNE,4,N,12,0.0,,2
3/17/2024,1011.5,32.0,24.6,28.4,85,98,69,NE,2,NNW,10,0.0,,1
3/18/2024,1011.1,32.0,26.4,29.0,82,95,70,N,4,WSW,11,0.3,,3
3/19/2024,1010.6,32.3,27.6,29.8,75,81,71,N,6,N,12,0.0,,2
3/20/2024,1010.1,32.6,27.6,29.9,75,81,67,NNE,4,NNE,11,0.0,,2
3/21/2024,1009.3,32.8,24.5,29.5,79,94,68,ENE,3,ENE,9,0.0,,3
3/22/2024,1008.3,31.8,25.0,28.3,87,98,71,W,3,SSE,12,3.7,,4
3/23/2024,1009.1,32.4,25.9,29.0,84,95,70,S,3,SSE,13,0.0,,3
3/24/2024,1009.8,32.5,27.2,30.2,81,96,72,NNE,3,NE,13,0.4,,4
3/25/2024,1010.5,33.4,25.0,30.2,82,97,70,E,3,E,11,13.2,,4
3/26/2024,1012.1,32.4,25.2,28.7,87,98,73,W,3,S,17,0.05,,7
3/27/2024,1012.5,31.4,25.6,28.0,89,98,76,W,4,SSW,12,3.7,,7
3/28/2024,1011.7,30.8,25.0,27.6,90,98,80,WNW,5,N,16,36.0,,7
3/29/2024,1011.1,32.5,25.8,28.4,89,98,74,VRB,3,S,9,0.0,,7
3/30/2024,1012.0,32.2,25.0,29.0,86,98,74,S,4,S,12,0.0,,4
3/31/2024,1011.9,32.5,24.9,28.8,86,98,71,VRB,2,NE,10,0.0,,5
4/1/2024,1010.1,32.6,25.2,29.3,83,98,67,N,2,WNW,9,0.0,,3
4/2/2024,1009.3,32.9,25.0,29.0,84,98,71,S,3,SSW,19,0.0,,5
4/3/2024,1009.4,33.0,26.8,29.9,82,92,75,SE,4,ENE,10,4.0,,5
4/4/2024,1010.0,32.8,25.5,28.7,88,98,73,SE,5,SE,13,22.3,,6
4/5/2024,1009.8,30.7,25.5,28.0,90,98,79,W,4,NW,11,0.9,,7
4/6/2024,1009.4,31.5,25.0,28.9,87,97,78,WSW,6,SSW,25,49.4,,7
4/7/2024,1008.8,32.4,26.4,29.2,84,97,72,W,5,S,12,0.05,,6
4/8/2024,1008.9,32.5,26.6,29.5,83,92,75,W,3,W,9,0.05,,6
4/9/2024,1008.7,32.8,28.2,30.1,81,90,72,N,4,NNE,9,0.0,,3
4/10/2024,1008.8,32.9,28.4,30.7,77,86,66,ENE,4,ENE,12,0.0,,4
4/11/2024,1009.4,33.4,25.7,29.9,82,97,71,E,4,SSE,14,3.8,,6
4/12/2024,1009.6,32.4,25.5,28.5,90,98,76,S,7,S,18,22.7,,7
4/13/2024,1009.6,31.4,25.4,27.1,94,98,83,SSW,4,SSE,16,27.3,,7
4/14/2024,1009.7,31.0,25.1,28.1,88,97,78,SSW,4,S,11,0.05,,7
4/15/2024,1010.2,32.0,25.5,29.6,85,98,73,S,5,S,13,2.6,,6
4/16/2024,1009.9,30.5,26.0,28.2,88,96,79,SSE,7,S,25,2.7,,7
4/17/2024,1010.0,32.2,25.0,28.7,87,98,74,W,5,NW,17,17.5,,6
4/18/2024,1009.5,31.4,27.0,29.0,85,95,78,SW,6,W,13,0.0,,5
4/19/2024,1008.4,32.4,25.2,29.3,85,97,75,S,7,S,20,0.05,,6
4/20/2024,1008.0,32.0,25.5,28.5,89,98,73,VRB,2,WSW,8,7.5,,5
4/21/2024,1008.4,32.2,26.0,28.8,88,98,75,WSW,3,S,12,1.7,,5
4/22/2024,1008.9,32.3,27.5,29.7,84,92,76,NW,4,S,14,0.0,,6
4/23/2024,1008.3,32.0,28.0,29.9,83,88,76,SW,7,WNW,15,0.05,,6
4/24/2024,1007.7,32.4,24.0,29.0,87,97,75,SW,6,WNW,26,63.2,,7
4/25/2024,1007.6,31.0,25.0,28.1,90,100,81,WSW,6,S,17,5.3,,7
4/26/2024,1007.0,32.8,26.0,29.9,84,97,73,SSW,4,S,12,0.2,,5
4/27/2024,1007.2,32.7,24.6,29.0,89,100,75,WNW,6,WNW,21,61.4,,6
4/28/2024,1008.7,32.0,26.0,29.5,84,90,78,W,12,WNW,32,4.8,,7
4/29/2024,1009.7,31.4,26.0,28.6,87,95,80,WSW,5,SW,12,1.2,,7
4/30/2024,1009.2,31.3,26.8,29.2,86,98,79,WSW,4,WNW,11,0.1,,7
5/1/2024,1007.5,32.8,26.3,30.0,84,94,74,W,7,W,21,4.5,,7
5/2/2024,1008.1,32.0,26.0,29.1,86,95,78,WSW,6,SW,17,4.8,,6
5/3/2024,1008.8,32.5,27.3,30.0,84,95,75,WSW,6,SW,12,0.1,,4
5/4/2024,1009.2,32.8,27.0,29.9,86,95,75,W,6,WSW,22,7.5,,6
5/5/2024,1009.1,32.0,27.4,29.6,87,97,80,W,6,SSW,14,0.05,,7
5/6/2024,1009.4,33.0,27.1,30.5,83,93,75,WSW,7,S,18,0.3,,4
5/7/2024,1010.0,32.5,28.0,29.7,83,91,74,W,8,WSW,18,0.05,,7
5/8/2024,1009.3,32.5,26.2,28.9,85,93,76,W,13,WNW,31,6.3,,7
5/9/2024,1008.6,33.0,25.9,29.3,85,96,75,WNW,7,W,24,2.1,,7
5/10/2024,1009.2,32.4,25.2,29.4,84,91,73,WNW,9,NW,22,1.5,,7
5/11/2024,1010.0,33.0,27.1,29.7,85,90,75,W,9,W,20,4.0,,7
5/12/2024,1009.4,33.1,25.2,29.0,88,97,76,W,7,NW,21,8.9,,7
5/13/2024,1008.7,30.5,25.0,27.9,93,98,85,W,7,WNW,21,26.7,,7
5/14/2024,1008.9,32.0,27.4,29.5,85,91,78,W,9,WNW,20,2.7,,7
5/15/2024,1009.2,32.8,25.0,29.8,86,99,78,W,8,NW,25,17.4,,7
5/16/2024,1009.3,33.2,25.4,29.4,85,97,75,WNW,11,WNW,28,15.5,,7
5/17/2024,1008.5,31.7,24.8,29.0,85,97,75,W,15,W,37,40.4,,7
5/18/2024,1007.5,31.6,27.3,29.6,81,96,73,W,17,W,39,0.05,,7
5/19/2024,1007.5,32.0,28.1,30.1,74,81,64,WSW,15,WSW,28,0.0,,6
5/20/2024,1008.4,32.0,28.1,29.7,77,82,70,SW,10,SW,21,0.0,,5
5/21/2024,1008.9,32.7,27.4,29.8,82,87,76,SW,12,SW,24,3.6,,6
5/22/2024,1008.6,32.3,28.5,30.3,81,87,75,SW,12,SW,22,0.0,,7
5/23/2024,1008.2,32.0,27.0,29.9,81,86,77,SSW,11,SW,18,0.0,,7
5/24/2024,1008.3,32.2,28.2,29.9,81,86,75,S,10,S,17,0.0,,7
5/25/2024,1009.0,32.0,27.4,29.6,83,94,76,S,8,S,16,0.05,,7
5/26/2024,1009.1,31.7,26.4,29.7,83,90,76,SSW,7,W,22,0.05,,8
5/27/2024,1009.3,31.2,25.5,28.9,87,97,81,W,10,W,29,12.8,,7
5/28/2024,1009.4,31.7,24.5,29.0,86,98,79,W,7,WNW,28,27.2,,7
5/29/2024,1009.0,31.5,25.0,28.5,85,95,76,WNW,13,W,34,2.9,,7
5/30/2024,1008.7,30.1,25.2,28.7,89,97,80,W,13,WNW,30,15.7,,7
5/31/2024,1009.2,32.2,28.4,30.0,81,86,77,WNW,13,WNW,21,0.0,,7
6/1/2024,1009.6,32.8,27.8,30.3,80,87,70,WNW,13,WNW,24,0.0,,7
6/2/2024,1009.9,32.6,25.0,29.2,85,98,74,NW,5,WNW,12,0.0,,7
6/3/2024,1010.0,32.5,26.0,29.3,83,98,74,NW,5,NW,12,0.0,,6
6/4/2024,1010.5,32.5,25.5,29.3,83,95,73,NNW,5,NW,12,0.0,,5
6/5/2024,1010.9,32.4,23.4,28.4,83,98,67,N,3,NNW,10,0.0,,3
6/6/2024,1011.2,32.5,24.2,28.3,83,97,67,VRB,2,E,8,0.0,,5
6/7/2024,1010.9,32.4,27.5,29.3,79,97,70,S,6,S,13,0.0,,6
6/8/2024,1010.7,32.4,27.4,29.8,79,87,72,SSW,7,SSW,15,0.0,,6
6/9/2024,1011.0,32.4,25.5,29.5,80,91,70,SW,4,SW,11,0.0,,5
6/10/2024,1012.0,32.5,26.2,29.3,81,92,71,WSW,4,SW,10,0.0,,6
6/11/2024,1012.3,32.3,26.5,29.6,80,91,71,SW,5,SW,13,0.0,,7
6/12/2024,1012.5,32.6,25.5,29.4,81,90,72,SW,4,SW,14,0.0,,6
6/13/2024,1011.7,32.4,27.4,29.5,80,89,71,W,4,W,10,0.0,,5
6/14/2024,1010.7,32.4,26.7,29.7,79,91,71,W,6,W,24,5.0,,7
6/15/2024,1009.9,32.6,26.8,29.7,79,84,71,SW,7,SW,19,0.05,,6
6/16/2024,1010.0,31.8,25.2,29.0,82,95,73,SW,5,WSW,14,0.0,,5
6/17/2024,1010.2,32.4,26.0,29.4,80,90,69,S,4,SSE,10,0.0,,6
6/18/2024,1010.6,32.4,25.0,28.8,84,98,72,SW,4,WSW,26,12.1,,7
6/19/2024,1010.2,32.0,22.5,28.8,82,94,72,W,7,WNW,35,9.8,,6
6/20/2024,1010.1,32.0,25.6,29.0,84,92,75,SW,5,WNW,16,10.8,,5
6/21/2024,1009.9,31.5,26.5,29.0,83,94,78,S,7,SW,23,0.0,,7
6/22/2024,1008.9,32.4,27.8,29.7,80,86,72,S,7,S,15,0.0,,7
6/23/2024,1008.4,32.5,27.2,29.7,80,90,71,S,7,S,14,0.0,,6
6/24/2024,1008.2,32.2,25.2,29.3,80,90,69,S,8,NW,30,6.2,,6
6/25/2024,1007.3,32.0,28.0,29.8,80,90,70,SSW,6,SSW,13,0.0,,7
6/26/2024,1007.6,32.0,25.0,29.1,83,95,73,SSW,4,S,12,0.05,,7
6/27/2024,1008.9,32.6,24.4,28.8,84,97,71,W,3,W,10,0.0,,7
6/28/2024,1008.9,32.4,23.6,28.1,83,98,66,VRB,2,NNW,10,0.0,,7
6/29/2024,1009.3,32.5,25.9,29.0,81,98,69,VRB,2,ENE,9,0.0,,7
6/30/2024,1010.5,32.5,28.4,30.1,79,89,69,SE,4,SE,11,0.0,,3
7/1/2024,1009.5,32.8,27.4,30.3,80,87,72,ESE,4,SE,12,0.05,,4
7/2/2024,1009.1,32.9,26.2,29.7,82,95,69,VRB,2,NE,8,0.0,,5
7/3/2024,1009.4,33.2,27.0,30.2,79,90,68,SE,3,ESE,13,0.0,,5
7/4/2024,1009.8,32.5,25.1,29.8,80,92,70,E,3,E,11,3.6,,7
7/5/2024,1009.6,31.4,23.0,27.4,86,100,76,WNW,5,WNW,34,62.7,,7
7/6/2024,1008.5,31.6,25.4,28.7,80,97,71,SSE,4,SSE,11,0.0,,7
7/7/2024,1008.2,32.2,24.9,28.7,85,98,69,SE,4,SE,15,6.1,,6
7/8/2024,1008.1,32.4,25.1,28.5,87,99,75,VRB,2,SSE,9,0.0,,7
7/9/2024,1009.7,32.5,25.3,29.2,82,97,70,S,4,SW,10,0.0,,5
7/10/2024,1011.0,32.5,26.5,29.6,79,97,68,SE,3,S,8,0.0,,7
7/11/2024,1010.3,32.5,24.6,28.9,81,95,69,VRB,2,S,10,2.1,,3
7/12/2024,1009.7,32.6,27.6,29.5,81,92,72,S,7,S,18,0.0,,6
7/13/2024,1009.0,32.4,25.1,29.1,83,97,69,SSW,4,S,14,0.0,,6
7/14/2024,1008.7,32.4,25.2,29.1,83,96,70,SW,3,SSW,11,0.0,,5
7/15/2024,1008.1,32.4,26.6,29.0,84,95,74,SW,5,SSW,15,1.4,,7
7/16/2024,1008.4,32.5,27.0,29.6,81,89,71,S,5,S,11,0.0,,7
7/17/2024,1009.1,32.1,27.8,30.0,80,90,70,SE,4,SE,10,0.0,,7
7/18/2024,1009.1,32.8,25.2,28.7,86,98,70,VRB,2,NNW,16,2.2,,7
7/19/2024,1008.4,32.7,25.4,29.3,83,98,73,VRB,2,ENE,6,0.0,,7
7/20/2024,1008.7,31.8,25.0,28.0,89,98,75,VRB,1,ESE,11,9.0,,7
7/21/2024,1009.6,32.6,26.5,29.9,79,92,69,SE,4,ESE,12,0.0,,5
7/22/2024,1010.5,32.6,28.5,30.3,77,83,71,E,6,E,14,0.0,,7
7/23/2024,1010.5,32.8,28.2,30.6,79,84,74,E,6,ESE,13,0.0,,5
7/24/2024,1009.0,32.5,26.9,30.1,83,95,74,E,6,ESE,18,1.8,,6
7/25/2024,1008.1,32.2,25.6,29.8,82,95,74,SE,6,ESE,16,1.1,,7
7/26/2024,1009.1,32.2,26.0,29.4,81,94,71,E,4,E,12,0.0,,7
7/27/2024,1009.5,32.0,25.6,29.4,83,95,73,SE,3,SSE,9,0.0,,7
7/28/2024,1008.9,32.0,24.0,28.4,85,98,73,S,7,WNW,30,22.1,,7
7/29/2024,1008.0,30.1,25.3,28.5,85,97,79,SSW,6,SW,14,0.6,,8
7/30/2024,1009.7,29.8,25.5,28.0,89,98,82,S,4,SSE,14,7.2,,7
7/31/2024,1010.4,32.0,28.0,29.7,81,91,72,SE,5,SE,13,0.0,,7
8/1/2024,1010.6,32.5,28.1,30.2,82,91,73,ESE,5,SE,16,0.0,,5
8/2/2024,1010.1,32.0,28.0,29.9,81,91,71,SE,5,SE,13,0.05,,7
8/3/2024,1010.7,32.3,26.0,30.1,80,87,73,SE,5,SSE,14,0.0,,5
8/4/2024,1011.2,32.0,23.4,28.0,84,97,71,SE,5,WNW,32,9.3,,7
8/5/2024,1010.3,30.2,24.1,27.7,87,98,78,N,4,SSE,14,0.05,,7
8/6/2024,1009.8,31.5,24.2,27.6,85,100,71,VRB,2,WNW,10,0.0,,6
8/7/2024,1010.1,31.7,26.2,28.8,83,97,71,WSW,5,NW,16,0.05,,6
8/8/2024,1011.4,30.4,23.4,27.3,89,99,79,E,3,NW,18,1.0,,7
8/9/2024,1011.5,32.0,25.4,28.2,83,100,70,S,4,S,21,0.0,,5
8/10/2024,1010.8,32.0,27.0,29.0,78,89,70,WSW,5,SSW,10,0.0,,6
8/11/2024,1009.6,31.9,23.2,28.0,86,100,72,W,10,W,29,61.3,,7
8/12/2024,1009.1,29.8,24.5,27.2,89,98,79,W,12,WNW,27,3.4,,8
8/13/2024,1009.3,29.7,22.0,27.1,88,98,76,W,8,NW,31,44.7,,8
8/14/2024,1008.9,30.4,23.5,27.8,86,95,71,W,11,NW,30,7.8,,7
8/15/2024,1008.4,31.0,24.4,28.4,84,94,75,WNW,16,WNW,32,4.2,,7
8/16/2024,1007.8,30.4,26.5,28.8,85,90,80,W,11,WNW,25,3.3,,7
8/17/2024,1008.3,31.3,26.3,28.9,84,91,76,WNW,9,WNW,17,0.05,,7
8/18/2024,1009.0,32.4,23.4,28.6,87,97,79,WNW,9,NW,36,11.7,,7
8/19/2024,1008.8,31.4,24.5,28.6,87,98,77,WNW,10,WNW,30,9.2,,7
8/20/2024,1009.4,29.7,24.6,27.6,88,97,80,NW,10,WNW,29,4.3,,8
8/21/2024,1010.0,31.4,27.5,29.2,84,88,78,N,6,N,12,0.0,,7
8/22/2024,1010.9,31.4,27.4,29.4,83,87,77,NNE,5,N,14,0.0,,7
8/23/2024,1012.0,32.0,24.5,29.4,80,95,70,E,4,E,9,0.0,,6
8/24/2024,1012.5,31.6,25.2,28.5,82,98,71,WNW,4,W,10,3.3,,5
8/25/2024,1012.8,31.6,25.1,27.7,86,96,73,SW,4,WSW,16,0.05,,7
8/26/2024,1011.4,31.8,24.6,28.2,87,99,73,S,4,WNW,14,7.3,,5
8/27/2024,1011.7,31.8,27.4,29.0,82,98,74,SSE,6,S,13,0.0,,4
8/28/2024,1011.6,31.6,25.5,29.5,79,92,70,SE,4,SE,9,0.0,,5
8/29/2024,1011.0,32.0,27.4,29.4,82,94,73,SSE,7,SSE,15,0.0,,4
8/30/2024,1010.5,32.6,27.8,29.8,81,87,72,SSE,8,SSE,17,0.0,,7
8/31/2024,1010.0,32.0,25.0,29.6,82,97,71,SE,4,SE,11,0.0,,7
9/1/2024,1010.6,32.4,24.8,28.8,84,98,69,VRB,1,NE,7,0.0,,6
9/2/2024,1010.9,31.8,26.8,29.2,83,96,72,S,6,S,13,0.0,,7
9/3/2024,1011.9,31.2,23.6,28.0,88,100,75,S,7,WNW,25,48.7,,7
9/4/2024,1011.4,30.6,25.8,28.2,83,98,75,W,8,NW,27,0.3,,7
9/5/2024,1011.0,31.5,23.8,27.8,86,100,73,W,6,NNW,29,17.3,,7
9/6/2024,1011.2,30.5,24.1,27.7,88,98,79,NNE,3,NNE,11,0.1,,7
9/7/2024,1012.3,31.6,26.5,29.1,80,99,72,SW,5,W,11,0.0,,6
9/8/2024,1012.0,32.0,25.6,29.1,80,92,72,SSW,4,SSW,11,0.0,,5
9/9/2024,1010.6,32.0,26.6,29.2,80,90,71,SSE,5,SSW,12,0.0,,5
9/10/2024,1010.4,32.1,26.8,29.4,79,87,70,SSW,6,S,13,0.0,,3
9/11/2024,1011.1,31.7,23.7,27.9,87,99,71,S,4,WNW,29,3.5,,5
9/12/2024,1011.4,31.8,26.6,29.0,81,99,72,NE,3,NE,9,0.0,,6
9/13/2024,1010.9,32.1,24.0,28.7,83,97,69,VRB,2,E,7,0.0,,4
9/14/2024,1010.8,32.4,26.0,29.0,82,98,69,SSW,3,SW,13,0.0,,4
9/15/2024,1011.0,32.0,27.9,29.6,79,85,73,SW,7,W,15,0.05,,6
9/16/2024,1011.2,32.6,26.0,29.4,82,93,74,W,6,NW,17,3.6,,7
9/17/2024,1010.9,32.3,25.0,28.8,84,94,76,W,6,WNW,24,4.1,,7
9/18/2024,1010.4,30.8,24.2,27.6,87,99,77,W,7,WSW,26,13.4,,7
9/19/2024,1010.2,31.4,24.1,28.2,84,94,74,SW,9,WNW,20,18.8,,7
9/20/2024,1009.8,31.5,23.5,28.3,84,100,73,S,9,SSW,26,56.5,,6
9/21/2024,1010.0,32.0,27.2,29.3,79,89,71,SSW,8,SSW,17,1.2,,7
9/22/2024,1010.2,31.8,27.5,29.3,76,81,70,SSW,8,SSW,15,0.05,,7
9/23/2024,1009.9,31.8,26.0,29.5,78,91,67,SSW,8,SSW,17,0.05,,7
9/24/2024,1010.0,31.6,24.0,28.2,85,100,77,W,10,NW,30,26.1,,7
9/25/2024,1009.5,31.8,25.8,29.4,79,88,70,W,10,WSW,21,3.7,,6
9/26/2024,1009.7,31.6,24.4,28.5,83,90,74,NW,8,WNW,24,0.2,,7
9/27/2024,1009.6,31.8,24.8,28.8,85,92,73,WNW,9,NNW,22,3.9,,7
9/28/2024,1009.8,31.8,27.4,29.1,83,92,75,NNW,9,NW,18,0.0,,7
9/29/2024,1009.9,31.9,27.1,29.5,82,90,74,NNW,8,NNW,17,0.0,,7
9/30/2024,1009.3,32.0,27.0,29.2,82,90,74,NW,9,NNW,17,1.3,,7
10/1/2024,1009.1,32.0,24.0,29.1,82,96,71,NW,7,SW,30,18.4,,4
10/2/2024,1010.1,32.0,25.1,28.8,84,100,71,W,6,W,23,4.7,,6
10/3/2024,1010.4,32.0,24.5,29.0,83,97,73,WNW,5,W,15,0.3,,7
10/4/2024,1010.5,31.4,24.4,28.6,85,97,74,W,6,W,27,20.0,,7
10/5/2024,1011.1,30.5,23.5,26.6,89,98,75,W,11,W,31,49.9,,8
10/6/2024,1011.2,29.5,23.4,27.0,86,98,77,W,12,SSW,27,37.5,,8
10/7/2024,1011.5,30.9,25.0,28.1,83,95,73,W,11,W,24,2.9,,7
10/8/2024,1011.8,29.6,23.0,26.6,90,98,80,W,9,WNW,23,52.1,,8
10/9/2024,1010.3,29.8,24.0,27.8,85,95,77,W,15,WNW,31,8.5,,7
10/10/2024,1010.0,29.4,25.0,27.9,85,96,79,WSW,11,W,31,3.7,,7
10/11/2024,1010.3,31.8,25.5,29.0,80,87,72,W,10,WNW,26,2.1,,7
10/12/2024,1010.6,31.8,23.6,28.5,83,94,73,WSW,8,WNW,34,3.6,,7
10/13/2024,1010.5,30.5,26.8,28.6,82,90,78,SW,8,W,16,0.05,,7
10/14/2024,1010.4,32.0,25.1,29.2,81,95,74,SW,7,SSW,15,0.4,,6
10/15/2024,1010.3,31.5,27.4,29.3,80,88,73,W,7,W,15,0.1,,6
10/16/2024,1010.2,32.0,27.5,29.5,79,85,72,W,10,WNW,18,0.0,,4
10/17/2024,1009.9,31.9,27.5,29.3,78,86,73,W,9,WNW,18,0.0,,6
10/18/2024,1010.0,31.6,27.4,29.2,75,82,71,W,9,WSW,17,0.0,,5
10/19/2024,1010.7,31.6,27.6,29.2,78,88,70,WNW,8,W,14,0.0,,4
10/20/2024,1011.3,31.7,27.1,29.3,79,88,70,WNW,8,NW,16,0.0,,2
10/21/2024,1011.1,31.9,26.4,29.0,80,87,70,NW,7,NW,13,0.05,,3
10/22/2024,1011.4,31.6,26.2,28.7,79,88,71,WNW,6,NW,12,0.0,,4
10/23/2024,1011.7,31.4,27.0,29.1,79,85,70,W,7,W,12,0.0,,4
10/24/2024,1011.2,31.5,26.8,29.3,78,82,72,SSW,9,SSW,16,0.0,,4
10/25/2024,1011.2,31.4,26.4,29.1,78,86,71,SSW,6,SSW,14,0.0,,4
10/26/2024,1011.3,31.2,24.6,28.4,80,91,71,WSW,5,WSW,12,0.0,,2
10/27/2024,1010.4,31.4,26.9,28.6,80,90,72,W,6,WNW,13,0.0,,5
10/28/2024,1010.1,31.6,27.2,28.9,81,88,71,W,8,WNW,15,0.0,,7
10/29/2024,1010.5,31.5,26.0,28.9,80,87,74,WNW,9,WNW,16,0.0,,5
10/30/2024,1011.0,31.5,24.0,28.2,79,93,69,W,5,WNW,12,0.0,,2
10/31/2024,1011.2,31.2,22.0,27.2,82,98,68,SW,3,WSW,10,0.0,,1
11/1/2024,1011.9,31.6,21.8,27.0,82,100,63,VRB,2,SSW,10,0.0,,1
11/2/2024,1011.9,31.0,24.0,27.5,80,97,67,W,4,W,11,0.0,,1
11/3/2024,1011.8,31.5,26.5,28.9,75,84,66,WSW,7,WSW,16,0.0,,3
11/4/2024,1010.7,31.6,27.2,29.2,77,82,69,W,7,WSW,14,0.0,,6
11/5/2024,1010.8,31.9,25.8,29.1,76,84,70,W,7,W,15,0.0,,3
11/6/2024,1011.1,31.6,26.6,29.2,80,86,70,NW,8,WNW,15,0.05,,3
11/7/2024,1011.3,32.0,25.0,29.1,80,91,73,WNW,8,W,24,1.5,,4
11/8/2024,1010.7,31.9,27.4,29.3,79,84,72,W,7,WNW,16,0.0,,4
11/9/2024,1010.6,31.9,27.2,29.2,77,82,70,W,9,WNW,15,0.0,,6
11/10/2024,1010.4,31.9,27.1,29.2,77,83,69,W,8,W,16,0.0,,6
11/11/2024,1010.5,31.5,23.8,27.8,85,98,73,W,10,NW,24,3.6,,6
11/12/2024,1009.4,31.0,26.4,28.6,80,91,72,NW,12,WNW,22,0.0,,6
11/13/2024,1008.5,31.4,26.9,29.1,80,87,73,W,7,WNW,13,0.05,,6
11/14/2024,1009.5,31.8,27.2,29.2,81,89,72,W,7,W,14,0.0,,6
11/15/2024,1009.3,31.9,25.4,29.0,84,98,75,WNW,9,WNW,16,7.7,,5
11/16/2024,1008.8,31.2,25.5,28.4,87,98,77,WNW,5,NW,18,0.05,,6
11/17/2024,1008.5,31.8,23.8,27.8,88,98,76,NW,8,NW,25,26.1,,6
11/18/2024,1010.0,28.8,23.1,26.8,86,99,74,W,9,NW,25,12.5,,7
11/19/2024,1010.3,30.8,24.1,27.7,87,95,77,WNW,10,WNW,29,15.5,,7
11/20/2024,1010.2,31.2,25.5,28.6,83,96,74,W,9,WSW,23,0.6,,7
11/21/2024,1009.9,31.4,25.0,28.6,83,94,73,W,9,W,21,0.9,,7
11/22/2024,1009.8,31.4,26.1,28.6,83,91,78,W,10,WSW,22,0.1,,7
11/23/2024,1010.4,31.8,27.1,29.2,82,90,74,W,9,WNW,17,0.0,,7
11/24/2024,1010.5,30.2,24.0,27.8,88,97,79,WNW,9,NW,30,5.6,,7
11/25/2024,1009.7,31.4,26.6,28.7,82,87,74,W,9,WNW,21,0.05,,7
11/26/2024,1009.1,31.5,26.7,28.9,82,92,75,W,11,W,20,0.6,,7
11/27/2024,1008.4,31.6,26.0,28.9,85,94,76,W,11,WNW,22,5.0,,6
11/28/2024,1008.4,31.3,23.6,28.2,86,98,76,W,13,WNW,34,52.0,,7
11/29/2024,1009.6,30.0,23.8,27.3,88,99,78,W,15,W,35,28.4,,7
11/30/2024,1009.3,31.0,25.1,28.7,83,90,77,W,12,W,31,3.3,,7
12/1/2024,1008.1,31.0,24.0,28.7,82,92,73,WNW,13,WNW,26,24.1,,7
12/2/2024,1008.9,30.6,26.5,28.4,82,99,74,WNW,13,WNW,31,0.05,,7
12/3/2024,1009.5,31.0,24.4,28.0,85,97,76,WNW,11,W,27,5.3,,7
12/4/2024,1009.8,30.8,25.6,28.7,83,88,79,NW,8,NW,17,0.0,,6
12/5/2024,1010.1,31.1,25.6,28.5,83,89,76,NW,8,NW,13,0.0,,6
12/6/2024,1010.0,30.6,26.0,28.3,83,87,78,NW,7,NNW,12,0.0,,6
12/7/2024,1010.5,30.9,26.1,28.3,80,86,73,NW,8,NW,13,0.0,,3
12/8/2024,1010.4,31.0,26.3,28.4,78,86,69,WNW,8,NW,13,0.0,,3
12/9/2024,1010.4,31.0,26.0,28.5,79,88,72,W,9,WNW,16,0.0,,3
12/10/2024,1010.1,30.9,26.5,28.4,81,88,70,WNW,8,W,17,0.0,,5
12/11/2024,1009.7,30.5,26.1,28.6,83,89,76,W,8,WNW,15,0.05,,6
12/12/2024,1009.1,30.4,24.4,28.3,83,93,73,W,8,W,19,11.9,,6
12/13/2024,1009.5,31.0,26.5,28.5,83,95,76,W,11,WSW,21,0.0,,4
12/14/2024,1010.0,31.4,27.0,28.7,81,86,73,W,11,WNW,19,0.0,,5
12/15/2024,1010.8,31.4,27.0,28.9,82,89,71,WNW,10,WNW,17,0.0,,4
12/16/2024,1010.7,31.4,26.8,29.0,83,89,76,WSW,9,SW,19,0.0,,6
12/17/2024,1010.3,31.1,26.9,28.7,82,87,77,WSW,10,SW,19,0.0,,4
12/18/2024,1009.5,31.0,24.5,28.5,85,95,76,WSW,10,W,26,10.3,,5
12/19/2024,1009.9,30.8,25.9,28.3,86,96,79,W,12,W,26,1.5,,6
12/20/2024,1010.8,31.0,24.5,28.4,85,98,72,W,13,WNW,28,6.7,,6
12/21/2024,1011.3,30.0,24.0,27.4,89,97,80,W,11,W,27,22.6,,7
12/22/2024,1011.0,31.3,25.8,28.1,86,98,76,W,8,WNW,19,0.9,,7
12/23/2024,1010.9,31.5,24.4,27.6,89,96,79,NW,7,W,19,6.1,,6
12/24/2024,1011.0,30.6,25.5,27.7,88,98,78,WNW,6,W,15,0.3,,7
12/25/2024,1011.8,29.3,24.8,27.4,87,92,80,WNW,8,W,20,2.5,,7
12/26/2024,1012.6,31.2,25.0,28.2,84,94,73,NW,7,NW,17,0.05,,6
12/27/2024,1012.9,30.5,24.9,27.5,88,96,78,NW,4,N,11,2.5,,4
12/28/2024,1012.7,30.9,22.4,27.3,85,94,73,NW,4,NW,13,0.0,,3
12/29/2024,1012.6,30.5,25.5,27.5,79,95,69,W,5,W,11,0.0,,3
12/30/2024,1012.1,30.5,25.9,28.0,81,88,73,WSW,7,W,14,0.0,,3
12/31/2024,1011.4,30.8,26.1,28.2,78,88,70,W,7,W,13,0.0,,2
1/1/2025,1010.0,31.2,26.6,28.6,79,89,73,W,11,WNW,21,0.0,,4
1/2/2025,1010.1,30.6,25.9,28.0,84,92,77,WNW,12,WNW,22,0.4,,5
1/3/2025,1010.3,30.6,26.4,28.2,84,90,75,WNW,11,WNW,21,0.0,,6
1/4/2025,1010.5,30.8,26.2,28.3,82,89,74,WNW,7,NW,12,0.0,,7
1/5/2025,1010.7,31.0,24.6,27.6,88,97,79,W,3,W,10,3.6,,6
1/6/2025,1010.5,30.8,24.6,27.9,88,98,76,NW,3,NW,11,0.5,,4
1/7/2025,1010.2,31.1,24.0,28.1,86,97,74,WNW,4,WNW,18,3.6,,6
1/8/2025,1009.8,30.5,26.2,28.0,87,100,79,ENE,3,N,12,0.05,,6
1/9/2025,1010.6,29.5,24.0,26.9,90,98,84,SE,5,S,14,20.2,,7
1/10/2025,1011.7,30.4,23.0,26.5,91,100,81,SSW,6,WSW,27,54.5,,7
1/11/2025,1011.8,31.1,26.6,28.3,81,92,74,W,7,SW,21,0.0,,7
1/12/2025,1011.1,31.7,26.0,28.8,80,89,73,W,6,W,11,0.0,,6
1/13/2025,1010.4,31.2,22.4,27.2,86,98,70,W,8,NW,26,26.4,,6
1/14/2025,1011.0,30.6,24.6,27.8,80,89,68,NNW,11,NW,26,0.0,,6
1/15/2025,1011.0,30.8,26.1,28.5,83,87,77,NNW,7,N,17,0.05,,5
1/16/2025,1010.4,31.3,22.2,28.2,86,98,74,NNE,3,NNW,24,18.8,,4
1/17/2025,1009.4,30.4,24.0,26.8,89,97,79,E,5,NNW,29,6.2,,7
1/18/2025,1009.5,29.0,23.4,26.4,91,97,83,N,3,NNE,9,6.0,,7
1/19/2025,1009.5,30.8,26.6,28.4,84,93,74,N,7,N,16,0.0,,6
1/20/2025,1009.5,31.1,24.1,28.0,87,95,76,N,9,NW,25,4.2,,7
1/21/2025,1009.3,30.6,26.1,28.5,84,89,73,N,5,N,16,1.8,,7
1/22/2025,1009.4,31.4,23.9,27.9,86,97,77,NNW,6,N,15,14.2,,7
1/23/2025,1009.2,29.6,24.0,27.2,86,98,77,WNW,6,NW,14,0.3,,7
1/24/2025,1008.2,31.4,25.8,28.5,83,92,72,WNW,6,NW,14,0.05,,6
1/25/2025,1008.6,31.4,24.5,28.4,84,96,70,WNW,5,NNW,13,6.0,,6
1/26/2025,1008.5,31.6,24.6,27.7,88,97,77,W,3,S,16,2.8,,6
1/27/2025,1008.4,29.8,24.8,27.3,88,95,82,WNW,11,WSW,25,13.5,,7
1/28/2025,1009.2,31.3,26.5,28.3,82,87,72,N,8,WNW,19,0.05,,7
1/29/2025,1010.1,31.1,26.6,28.8,81,87,74,N,5,NNW,12,0.0,,6
1/30/2025,1009.5,31.1,26.5,28.8,81,87,75,N,6,N,13,0.0,,7
1/31/2025,1009.6,31.2,26.4,28.8,82,90,73,NNW,7,NNW,16,0.0,,6
2/1/2025,1010.0,31.2,26.4,28.8,83,89,77,N,6,N,15,0.0,,7
2/2/2025,1010.3,31.5,24.1,28.0,86,98,77,N,3,NNE,10,0.0,,5
2/3/2025,1011.1,31.2,23.2,27.9,84,98,74,NNE,3,NNE,10,0.0,,3
2/4/2025,1010.8,31.0,24.6,28.4,79,98,73,NNE,4,NNE,12,0.05,,4
2/5/2025,1009.9,30.7,26.8,28.6,75,81,68,N,6,NNE,13,0.0,,3
2/6/2025,1009.4,31.0,22.9,28.5,77,86,68,N,5,N,11,0.0,,5
2/7/2025,1010.3,31.4,23.1,27.5,80,98,60,VRB,2,NNW,8,0.0,,7
2/8/2025,1009.8,31.0,26.5,28.4,84,98,76,NNE,4,NNE,11,0.0,,6
2/9/2025,1009.9,31.6,27.4,29.3,81,87,73,NE,5,NE,14,0.05,,7
2/10/2025,1011.1,32.0,26.9,29.2,79,89,68,ENE,5,N,15,0.0,,6
2/11/2025,1010.8,31.6,27.0,29.1,81,90,74,NNE,5,NNE,13,0.0,,7
2/12/2025,1011.1,31.5,26.8,29.0,83,92,73,NE,5,NE,11,0.0,,7
2/13/2025,1011.6,31.1,25.5,28.8,81,86,70,NNE,4,NNE,12,0.0,,7
2/14/2025,1011.1,31.4,26.8,28.8,82,88,74,N,4,N,11,0.0,,7
2/15/2025,1010.4,30.5,26.0,28.3,74,87,64,N,7,N,16,0.0,,3
2/16/2025,1010.8,31.0,25.0,28.1,76,90,67,N,5,N,14,0.05,,6
2/17/2025,1011.8,31.7,24.6,28.9,79,92,70,NE,3,NE,11,0.05,,5
2/18/2025,1011.4,32.4,27.0,29.3,79,92,68,E,4,ENE,12,0.0,,6
2/19/2025,1010.4,32.1,24.4,28.9,82,96,71,E,3,E,10,0.05,,4
2/20/2025,1011.6,31.0,25.6,27.5,86,97,77,N,4,NNE,17,0.05,,6
2/21/2025,1012.3,31.4,24.4,28.6,82,91,71,ENE,3,NNE,10,0.0,,4
2/22/2025,1012.7,31.6,25.6,28.7,82,96,70,N,4,NNW,10,0.05,,4
2/23/2025,1011.8,31.5,27.1,29.2,79,87,73,NNE,6,NNE,14,0.0,,3
2/24/2025,1011.9,32.0,25.0,29.3,76,89,70,NE,4,NE,11,0.0,,3
2/25/2025,1012.7,30.6,24.0,26.8,86,92,75,N,5,ENE,18,5.8,,7
2/26/2025,1012.0,31.2,24.5,28.1,83,97,73,NE,4,N,16,0.0,,6
2/27/2025,1011.0,31.3,23.5,28.0,87,100,73,WSW,7,NW,19,46.6,,7
2/28/2025,1010.7,30.2,23.5,27.2,87,98,79,NNW,10,NNW,24,41.4,,7
3/1/2025,1010.4,31.0,22.6,26.9,87,98,76,W,11,NNW,33,77.0,,8
3/2/2025,1009.7,29.3,25.6,27.9,84,88,79,WNW,11,NW,27,0.05,,7
3/3/2025,1009.7,30.9,24.0,27.8,86,99,77,N,5,WNW,15,0.0,,7
3/4/2025,1010.1,31.4,24.0,28.2,84,96,73,W,4,W,11,0.0,,3
3/5/2025,1010.8,32.0,24.5,27.9,87,99,73,WSW,2,WSW,9,0.0,,6
3/6/2025,1011.0,31.6,24.1,28.6,83,98,73,N,5,N,13,0.0,,5
3/7/2025,1010.0,32.0,24.8,28.6,86,97,76,S,4,S,13,0.0,,4
3/8/2025,1008.8,31.9,27.4,29.0,81,86,71,NW,8,NW,16,0.0,,3
3/9/2025,1008.7,31.5,26.8,29.1,77,84,69,N,8,NNW,17,0.0,,3
3/10/2025,1009.3,31.6,25.5,29.2,81,88,74,N,6,NNE,14,0.1,,4
3/11/2025,1009.7,31.8,24.0,28.5,84,97,71,W,3,W,12,0.0,,3
3/12/2025,1009.3,32.0,24.5,28.2,88,100,70,VRB,2,WSW,10,2.8,,5
3/13/2025,1009.4,32.1,25.5,28.9,84,99,71,VRB,2,NNE,7,0.0,,4
3/14/2025,1010.2,32.4,24.0,28.7,82,98,67,E,3,E,8,0.0,,2
3/15/2025,1010.5,32.1,23.6,28.9,81,98,70,E,3,E,9,0.0,,3
3/16/2025,1010.6,32.2,27.0,29.3,79,98,67,N,4,N,13,0.0,,2
3/17/2025,1010.9,32.0,25.6,29.3,79,87,72,N,5,N,14,0.0,,2
3/18/2025,1011.6,31.8,23.4,28.3,82,97,72,W,3,W,10,0.0,,4
3/19/2025,1011.6,32.0,24.6,28.8,80,98,67,VRB,2,SSW,8,0.0,,3
3/20/2025,1012.7,32.4,23.4,28.7,79,97,66,SE,3,E,8,0.0,,3
3/21/2025,1012.8,32.4,24.0,28.2,82,98,67,ENE,2,ENE,9,0.0,,3
3/22/2025,1012.3,32.0,24.5,28.4,85,97,73,WNW,3,NW,10,0.0,,4
3/23/2025,1011.1,32.6,26.4,29.9,79,98,68,E,4,NE,11,0.0,,6
3/24/2025,1010.7,33.2,25.2,29.7,81,96,70,E,3,NNE,11,0.0,,4
3/25/2025,1009.6,32.1,25.4,29.0,84,97,72,W,3,NW,18,0.0,,4
3/26/2025,1009.4,32.4,27.1,29.7,81,89,71,W,6,W,11,0.0,,6
3/27/2025,1008.9,32.2,26.5,29.5,82,89,73,WNW,6,W,12,0.0,,6
3/28/2025,1008.8,32.4,27.7,29.8,79,86,69,W,7,W,13,0.0,,5
3/29/2025,1008.8,32.2,27.8,29.9,80,88,69,W,8,W,15,0.0,,6
3/30/2025,1009.3,32.4,27.1,29.9,83,89,77,W,7,W,15,0.0,,7
3/31/2025,1009.2,31.0,26.6,29.1,84,91,74,SW,6,SW,13,0.0,,7
4/1/2025,1008.4,32.3,25.2,28.9,85,97,74,SW,4,N,13,0.4,,6
4/2/2025,1009.1,32.4,24.9,28.7,86,97,76,S,4,WSW,19,14.7,,6
4/3/2025,1010.7,32.6,23.6,28.4,83,97,69,SSE,6,S,21,22.0,,6
4/4/2025,1011.5,31.0,24.6,27.8,86,96,75,E,3,E,11,0.0,,7
4/5/2025,1010.8,32.2,24.6,28.5,83,97,73,S,4,S,10,0.05,,4
4/6/2025,1010.1,32.0,25.2,28.6,83,97,70,W,3,SW,12,0.0,,3
4/7/2025,1010.2,32.2,27.7,29.8,78,87,70,WSW,5,W,11,0.0,,2
4/8/2025,1011.1,32.4,22.0,28.9,83,99,74,SW,10,WSW,34,74.9,,5
4/9/2025,1012.2,30.4,24.8,26.7,87,98,75,W,11,WSW,24,0.8,,7
4/10/2025,1010.1,32.4,27.9,29.6,78,83,72,WSW,9,SW,19,0.0,,7
4/11/2025,1010.0,32.5,27.0,29.8,79,89,69,SW,7,SW,15,0.0,,4
4/12/2025,1010.0,32.3,24.4,28.7,84,98,73,S,4,S,11,0.0,,2
4/13/2025,1010.3,32.1,27.6,29.3,80,98,72,W,5,WNW,14,0.0,,2
4/14/2025,1010.4,32.2,28.1,30.0,76,84,70,W,10,W,18,0.0,,3
4/15/2025,1010.2,31.6,24.9,29.8,79,95,70,W,9,W,19,5.8,,4
4/16/2025,1010.0,32.2,27.9,29.8,81,87,73,W,8,W,17,0.05,,6
4/17/2025,1009.8,32.6,25.6,30.0,81,87,75,W,7,WNW,15,0.6,,4
4/18/2025,1009.7,32.4,25.2,29.7,82,88,76,W,7,WNW,17,1.8,,4
4/19/2025,1009.3,32.6,25.8,29.8,80,88,73,W,6,W,13,0.0,,3
4/20/2025,1009.5,32.4,25.9,29.5,83,92,76,WSW,5,W,13,0.9,,4
4/21/2025,1010.7,32.4,27.4,29.8,79,87,72,SW,6,SW,13,0.0,,3
4/22/2025,1011.6,32.5,27.5,29.8,77,84,70,WSW,6,WSW,12,0.0,,3
4/23/2025,1010.6,32.9,27.5,29.7,77,82,71,WSW,6,WSW,12,0.0,,3
4/24/2025,1009.7,32.2,27.6,29.9,77,83,71,W,7,W,13,0.0,,2
4/25/2025,1009.3,32.5,26.9,30.0,75,82,68,W,7,W,15,0.0,,2
4/26/2025,1009.3,32.4,27.9,29.9,79,83,73,W,8,WNW,18,1.3,,4
4/27/2025,1009.3,32.3,24.6,29.5,83,95,73,W,9,NW,24,9.4,,6
4/28/2025,1008.7,31.5,26.5,28.8,83,95,76,WNW,9,WNW,20,0.7,,7
4/29/2025,1008.3,31.8,27.0,29.8,80,86,67,W,6,W,19,0.0,,3
4/30/2025,1009.0,31.9,25.3,28.8,86,97,73,S,3,S,14,0.0,,5
5/1/2025,1009.8,32.7,27.5,29.7,80,90,71,SE,5,S,13,0.0,,5
5/2/2025,1009.9,32.7,25.0,29.3,82,98,70,SSE,5,SSE,14,1.4,,4
5/3/2025,1009.4,32.4,25.0,28.6,88,98,76,S,4,SW,17,3.2,,5
5/4/2025,1008.6,33.4,27.4,29.9,83,98,73,N,4,NW,10,0.05,,5
5/5/2025,1009.6,31.9,27.2,29.3,86,91,71,W,7,W,20,0.7,,7
5/6/2025,1010.7,32.5,24.4,28.1,87,98,72,W,12,W,33,34.6,,7
5/7/2025,1010.4,31.8,24.0,28.1,84,94,73,W,12,W,31,10.7,,7
5/8/2025,1009.7,31.6,24.4,29.0,82,88,73,W,9,W,21,7.8,,7
5/9/2025,1010.8,29.9,23.0,26.1,95,100,82,WNW,5,WNW,30,93.7,,7
5/10/2025,1010.4,32.0,25.4,29.4,83,95,73,W,8,WNW,18,0.2,,4
5/11/2025,1010.0,30.8,24.1,28.0,88,98,75,W,6,NW,24,32.2,,7
5/12/2025,1009.4,30.0,24.4,27.6,91,97,83,W,9,W,27,30.3,,7
5/13/2025,1009.7,29.7,23.4,27.6,89,95,84,W,12,W,38,29.2,,7
5/14/2025,1010.0,30.6,25.6,28.9,84,92,76,W,11,NW,29,2.0,,7
5/15/2025,1009.9,32.4,25.2,30.1,81,88,75,W,8,W,18,5.5,,7
5/16/2025,1009.1,32.6,23.8,29.9,81,93,72,W,7,WSW,28,48.2,,7
5/17/2025,1009.3,31.0,24.0,28.6,84,99,77,WSW,8,WSW,25,4.5,,7
5/18/2025,1008.4,32.2,26.4,29.5,82,90,74,SW,9,WSW,20,1.3,,7
5/19/2025,1007.7,32.0,24.0,28.8,84,96,73,WSW,8,SW,27,21.9,,7
5/20/2025,1007.7,32.5,26.6,30.2,79,87,72,SW,10,SW,19,0.3,,6
5/21/2025,1008.5,32.5,27.6,30.0,80,88,74,SW,6,SW,12,0.05,,5
5/22/2025,1008.8,32.6,26.0,29.8,79,89,70,W,5,WSW,10,0.0,,4
5/23/2025,1007.7,32.5,23.6,29.6,80,99,69,W,5,W,22,9.4,,4
5/24/2025,1008.4,31.4,23.9,28.1,88,99,76,SSW,5,WNW,21,2.2,,7
5/25/2025,1009.6,32.5,24.5,29.2,84,99,72,S,4,S,12,0.0,,7
5/26/2025,1010.2,32.4,25.5,29.5,83,98,73,S,4,S,12,0.0,,7
5/27/2025,1009.7,32.0,26.4,29.7,80,92,71,SSW,5,SSW,11,0.0,,7
5/28/2025,1009.8,31.8,23.8,28.9,83,99,72,S,7,WNW,24,29.5,,7
5/29/2025,1009.9,29.5,24.0,28.0,84,98,76,SSW,11,W,31,5.4,,7
5/30/2025,1010.0,32.1,22.6,29.8,77,83,70,SSW,8,S,18,22.8,,7
5/31/2025,1011.5,30.0,22.5,27.3,89,98,80,WNW,7,WNW,44,32.1,,7
6/1/2025,1011.4,31.8,24.8,29.1,82,98,73,SE,5,WSW,18,16.0,,7
6/2/2025,1011.0,30.8,27.3,28.6,82,97,75,SW,7,SSW,17,0.0,,7
6/3/2025,1010.7,32.4,27.6,29.8,80,85,75,SSW,7,SSW,17,0.7,,7
6/4/2025,1010.8,32.4,27.9,29.9,78,85,69,NW,7,NW,12,0.0,,7
6/5/2025,1011.6,32.6,27.4,29.9,79,85,72,WNW,8,WNW,15,0.0,,7
6/6/2025,1012.2,32.5,27.8,30.0,78,87,72,W,6,W,12,0.0,,7
6/7/2025,1011.7,32.4,26.7,29.9,77,89,69,WNW,10,NW,20,0.6,,7
6/8/2025,1011.7,32.2,25.0,29.1,82,95,75,W,10,SW,24,3.6,,7
6/9/2025,1010.4,32.0,25.5,29.0,84,92,75,W,8,NW,24,2.6,,7
6/10/2025,1009.6,31.4,25.3,28.7,86,92,79,WSW,7,SW,17,2.1,,7
6/11/2025,1008.8,31.0,23.0,28.1,87,96,79,W,9,W,34,29.3,,7
6/12/2025,1008.8,30.5,25.5,28.1,89,97,82,SW,8,WSW,18,3.0,,7
6/13/2025,1009.5,32.0,24.1,28.6,84,98,74,SSW,9,W,24,23.0,,7
6/14/2025,1010.0,31.5,26.2,29.3,80,94,71,SSW,7,SSW,15,0.0,,7
6/15/2025,1009.8,31.4,26.8,29.3,78,83,72,WSW,6,SSW,12,0.0,,7
6/16/2025,1009.9,31.5,24.5,28.7,78,93,69,WSW,6,WSW,10,0.0,,7
6/17/2025,1010.3,31.4,24.5,28.2,84,96,71,S,3,S,9,0.0,,7
6/18/2025,1010.6,31.9,24.2,28.6,83,98,72,VRB,2,ESE,7,0.0,,7
6/19/2025,1011.2,31.5,24.5,29.1,81,92,72,ESE,3,SSW,12,0.0,,7
6/20/2025,1011.3,32.0,26.4,29.1,80,97,70,ESE,3,ESE,8,0.0,,6
6/21/2025,1011.3,32.2,24.6,29.2,81,94,72,SE,3,SE,8,0.0,,3
6/22/2025,1011.0,32.0,27.3,29.4,83,97,74,SSE,4,SSE,11,2.0,,5
6/23/2025,1010.2,32.1,27.2,29.8,80,88,72,S,7,SSE,14,0.0,,6
6/24/2025,1009.7,32.1,28.0,29.8,81,87,75,S,9,S,16,0.05,,6
6/25/2025,1009.5,32.5,23.2,29.7,78,83,69,S,9,S,17,17.1,,5
6/26/2025,1009.7,31.8,24.5,27.9,85,100,71,SW,5,WNW,37,1.2,,7
6/27/2025,1010.3,32.0,26.2,29.0,82,95,71,SSW,5,SSW,12,1.2,,5
6/28/2025,1009.7,32.2,24.9,29.2,82,97,71,SE,4,SE,13,0.0,,4
6/29/2025,1009.4,32.0,25.0,28.4,86,96,73,SE,2,SE,9,0.0,,6
6/30/2025,1009.6,32.0,23.9,28.1,87,100,75,WSW,3,SW,10,0.0,,7
7/1/2025,1010.0,32.1,23.4,28.3,84,100,70,VRB,2,E,8,0.0,,4
7/2/2025,1010.1,31.8,23.2,27.7,84,100,66,VRB,2,ESE,8,0.0,,3
7/3/2025,1010.5,32.2,25.4,29.0,78,99,66,E,3,E,11,0.0,,2
7/4/2025,1011.1,32.3,24.5,29.7,76,86,67,E,3,E,9,0.0,,3
7/5/2025,1010.9,32.0,25.5,29.1,82,95,72,SE,3,SSE,8,0.0,,3
7/6/2025,1010.7,31.4,24.5,28.2,85,97,71,WSW,3,SW,17,0.0,,3
7/7/2025,1010.6,31.9,25.6,28.7,83,96,68,S,4,S,15,0.0,,6
7/8/2025,1011.0,31.8,23.9,27.8,88,98,77,VRB,2,SSW,9,0.05,,6
7/9/2025,1010.8,31.0,24.0,27.3,88,98,73,NW,5,N,25,5.6,,7
7/10/2025,1010.6,29.5,23.6,26.5,91,99,80,N,6,W,21,9.0,,7
7/11/2025,1010.5,30.4,23.4,28.4,80,92,73,NW,15,NW,41,5.8,,7
7/12/2025,1011.2,31.5,27.6,29.6,81,88,72,W,7,W,18,0.0,,7
7/13/2025,1011.6,32.4,25.0,29.3,83,98,71,SW,6,WSW,13,2.7,,7
7/14/2025,1010.9,31.7,25.1,29.0,83,89,75,WSW,5,WSW,11,0.0,,7
7/15/2025,1009.8,32.0,25.3,28.9,83,95,72,WNW,4,WNW,12,0.0,,6
7/16/2025,1009.4,32.1,26.0,29.5,83,92,75,NW,7,NW,14,0.0,,7
7/17/2025,1009.8,32.0,23.0,28.8,87,100,75,WSW,4,W,11,16.2,,6
7/18/2025,1009.5,31.0,23.0,27.6,88,100,77,W,13,NW,45,37.1,,8
7/19/2025,1008.6,32.4,27.0,29.5,81,87,72,WSW,10,W,20,0.05,,7
7/20/2025,1008.2,32.0,25.5,28.8,83,95,74,WSW,6,SW,18,0.05,,7
7/21/2025,1009.1,31.4,24.8,28.0,88,98,75,S,3,SSE,12,0.0,,7
7/22/2025,1009.7,31.8,24.8,28.7,85,97,74,SE,4,SSE,13,0.0,,7
7/23/2025,1009.4,31.4,24.6,28.6,83,96,73,SSE,3,SSE,9,0.0,,7
7/24/2025,1008.6,31.7,27.5,29.1,81,98,70,SE,5,SSE,11,0.0,,7
7/25/2025,1009.0,32.0,25.5,29.5,79,94,69,SE,6,S,21,1.5,,7
7/26/2025,1009.9,31.6,24.6,28.8,82,95,71,SE,4,SE,15,21.8,,7
7/27/2025,1009.6,31.7,24.5,28.3,86,98,73,E,5,E,20,33.7,,7
7/28/2025,1010.3,30.5,22.1,25.9,95,100,88,WNW,5,N,22,54.7,,7
7/29/2025,1010.5,31.6,23.6,28.2,87,95,76,W,9,W,31,24.1,,7
7/30/2025,1010.6,30.7,26.0,28.5,85,92,77,W,5,WNW,17,0.6,,7
7/31/2025,1009.4,31.7,23.9,28.5,87,93,76,NW,13,W,31,10.3,,7
8/1/2025,1009.8,30.1,26.1,28.1,87,96,80,NW,10,NW,28,1.4,,7
8/2/2025,1009.9,31.8,26.6,29.1,80,89,71,NW,8,NW,15,0.05,,7
8/3/2025,1010.4,31.6,27.4,29.4,81,89,74,NW,8,NW,15,0.0,,7
8/4/2025,1010.8,32.0,27.5,29.4,78,89,71,NW,12,NW,20,0.05,,7
8/5/2025,1010.4,32.0,26.1,29.5,79,86,71,NW,13,NW,22,0.0,,6
8/6/2025,1010.1,31.9,27.0,29.4,79,86,72,NW,12,NW,19,0.3,,7
8/7/2025,1009.8,31.8,26.4,29.3,78,85,70,NNW,9,NW,17,0.0,,7
8/8/2025,1011.1,31.5,23.8,28.3,82,97,70,NW,4,WNW,14,0.0,,7
8/9/2025,1012.0,31.6,24.2,27.9,85,98,71,VRB,2,N,9,0.0,,5
8/10/2025,1011.8,31.8,27.0,29.0,79,94,72,SSW,7,SSW,13,0.0,,4
8/11/2025,1011.8,31.4,27.4,29.3,80,85,75,SW,8,SW,16,0.0,,5
8/12/2025,1011.2,31.6,24.4,29.1,81,91,73,SW,8,SW,19,10.9,,6
8/13/2025,1010.5,31.5,26.8,28.9,80,96,73,W,7,W,17,0.0,,7
8/14/2025,1010.3,31.6,24.9,29.0,77,87,68,W,6,W,13,0.0,,5
8/15/2025,1009.5,31.8,27.0,29.0,78,91,69,WNW,5,W,12,0.0,,3
8/16/2025,1008.4,32.0,25.1,28.9,82,95,73,W,4,W,12,0.0,,5
8/17/2025,1009.0,32.0,24.6,28.6,85,97,72,W,3,W,11,0.3,,7
