date,pressure_hpa,max_temp_degC,min_temp_degC,mean_temp_degC,mean_humidity_percent,max_humidity_percent,min_humidity_percent,mean_wind_direction_compass,mean_wind_speed_kts,max_wind_direction_compass,max_wind_speed_kts,rainfall_mm,sunshine_hrs,cloud_cover_oktas
7/1/1991,1011.2,34.0,24.1,29.5,80.0,92.0,73.0,CALM,0,WNW,6,0.0,,4.0
7/2/1991,1011.1,33.9,26.3,30.1,75.0,80.0,73.0,CALM,0,N,8,0.0,,3.0
7/3/1991,1011.1,34.0,25.8,30.7,75.0,82.0,70.0,WNW,7,WNW,8,0.0,,3.0
7/4/1991,1012.3,32.5,24.4,30.9,72.0,77.0,67.0,CALM,0,CALM,0,0.0,,3.0
7/5/1991,1012.4,34.0,23.1,30.1,76.0,83.0,69.0,CALM,0,CALM,0,0.0,,8.0
7/6/1991,1012.4,34.0,25.2,29.9,75.0,82.0,68.0,CALM,0,WSW,6,0.0,,4.0
7/7/1991,1011.9,33.0,24.5,30.0,74.0,78.0,71.0,CALM,0,SW,6,1.0,,3.0
7/8/1991,1011.4,31.0,24.1,29.5,75.0,79.0,73.0,CALM,0,S,8,0.0,,8.0
7/9/1991,1010.3,31.6,25.0,30.0,74.0,78.0,73.0,CALM,0,CALM,0,0.0,,5.0
7/10/1991,1009.8,32.5,26.5,29.8,77.0,78.0,74.0,CALM,0,CALM,0,0.0,,3.0
7/11/1991,1009.4,32.3,25.2,29.8,76.0,78.0,74.0,CALM,0,S,8,3.0,,8.0
7/12/1991,1009.8,30.8,24.1,29.2,77.0,82.0,75.0,CALM,0,CALM,0,4.0,,8.0
7/13/1991,1009.8,32.0,24.9,29.9,77.0,85.0,73.0,CALM,0,CALM,0,0.0,,6.0
7/14/1991,1009.9,32.8,25.4,30.0,75.0,82.0,71.0,CALM,0,CALM,0,0.0,,5.0
7/15/1991,1010.0,33.0,26.2,30.3,75.0,88.0,73.0,CALM,0,CALM,0,49.0,,4.0
7/16/1991,1009.9,31.0,24.6,29.2,78.0,89.0,73.0,CALM,0,CALM,0,2.0,,8.0
7/17/1991,1010.0,31.2,24.4,29.8,76.0,79.0,73.0,CALM,0,CALM,0,0.0,,8.0
7/18/1991,1010.3,33.1,24.1,29.9,75.0,83.0,68.0,CALM,0,CALM,0,4.4,,7.0
7/19/1991,1011.0,30.8,24.6,29.0,77.0,87.0,74.0,CALM,0,CALM,0,6.0,,8.0
7/20/1991,1011.1,31.0,23.5,28.9,79.0,87.0,73.0,NW,7,NW,12,4.0,,8.0
7/21/1991,1011.6,28.4,23.8,26.0,87.0,92.0,78.0,CALM,0,S,7,3.0,,8.0
7/22/1991,1011.8,31.5,24.4,30.4,71.0,75.0,69.0,SW,7,SW,7,0.0,,6.0
7/23/1991,1011.9,31.6,26.2,30.1,74.0,78.0,72.0,S,6,S,8,0.0,,3.0
7/24/1991,1011.8,32.0,26.3,29.9,75.0,78.0,74.0,S,7,S,10,0.0,,3.0
7/25/1991,1011.6,31.2,25.4,29.8,75.0,82.0,72.0,CALM,0,CALM,0,0.0,,3.0
7/26/1991,1010.9,31.6,25.6,30.0,75.0,79.0,72.0,CALM,0,S,13,9.0,,6.0
7/27/1991,1010.5,30.9,24.5,28.9,82.0,87.0,76.0,S,6,S,9,1.0,,7.0
7/28/1991,1010.5,30.8,24.6,29.6,75.0,81.0,70.0,S,7,S,10,23.4,,8.0
7/29/1991,1009.8,30.0,24.5,27.6,87.0,97.0,75.0,W,12,W,20,5.0,,8.0
7/30/1991,1010.1,29.8,23.0,27.7,85.0,93.0,74.0,SW,12,W,16,4.0,,8.0
7/31/1991,1009.6,30.6,24.1,29.4,75.0,86.0,71.0,VRB,3,WSW,8,0.0,,7.0
8/1/1991,1009.4,32.3,24.8,29.9,76.0,87.0,70.0,WNW,6,WNW,8,0.0,,7.0
8/2/1991,1009.3,32.5,25.4,29.9,75.0,83.0,72.0,NW,7,NW,13,0.0,,4.0
8/3/1991,1009.8,31.6,25.8,28.1,77.0,83.0,74.0,NW,6,NW,10,0.0,,8.0
8/4/1991,1010.3,32.3,25.3,29.9,77.0,83.0,73.0,NNW,6,NNW,8,0.0,,4.0
8/5/1991,1010.6,31.5,23.4,29.9,78.0,86.0,74.0,N,7,N,8,0.0,,3.0
8/6/1991,1011.0,31.8,24.6,29.6,76.0,80.0,69.0,CALM,0,ENE,7,0.0,,2.0
8/7/1991,1011.3,31.2,23.5,29.9,75.0,78.0,73.0,CALM,0,CALM,0,0.0,,6.0
8/8/1991,1011.3,32.6,23.0,30.0,75.0,83.0,69.0,CALM,0,CALM,0,0.0,,8.0
8/9/1991,1011.3,31.8,24.7,29.8,77.0,85.0,72.0,CALM,0,CALM,0,0.0,,4.0
8/10/1991,1011.3,32.0,25.0,29.8,76.0,83.0,71.0,CALM,0,CALM,0,0.0,,3.0
8/11/1991,1011.3,33.0,24.5,30.2,74.0,79.0,69.0,S,6,S,9,0.0,,4.0
8/12/1991,1011.2,32.5,25.8,29.7,76.0,82.0,71.0,S,6,S,10,0.0,,8.0
8/13/1991,1011.7,31.0,24.8,29.7,74.0,79.0,71.0,S,5,S,10,0.0,,7.0
8/14/1991,1011.2,31.4,23.4,29.7,76.0,85.0,70.0,CALM,0,S,10,0.0,,8.0
8/15/1991,1011.6,32.3,23.0,30.2,74.0,79.0,70.0,CALM,0,CALM,0,36.0,,8.0
8/16/1991,1011.4,29.8,23.5,28.3,80.0,86.0,74.0,CALM,0,NNW,12,0.0,,8.0
8/17/1991,1011.7,33.0,24.0,28.9,80.0,92.0,69.0,CALM,0,NNW,17,0.1,,8.0
8/18/1991,1012.1,34.0,23.3,30.9,72.0,79.0,65.0,CALM,0,NNW,6,0.0,,6.0
8/19/1991,1012.0,33.2,24.8,30.0,77.0,85.0,71.0,CALM,0,W,6,0.0,,4.0
8/20/1991,1011.5,32.0,23.4,30.0,76.0,83.0,72.0,CALM,0,CALM,0,0.0,,6.0
8/21/1991,1011.0,32.6,25.4,30.1,76.0,85.0,70.0,CALM,0,CALM,0,0.0,,8.0
8/22/1991,1011.2,31.8,26.3,29.6,75.0,80.0,72.0,SSW,6,SSE,10,0.0,,8.0
8/23/1991,1011.1,30.6,24.6,28.1,82.0,93.0,72.0,SSW,7,SSE,15,15.0,,7.0
8/24/1991,1011.5,30.2,23.7,27.7,84.0,92.0,73.0,CALM,0,CALM,0,0.0,,8.0
8/25/1991,1011.3,32.0,24.6,30.5,75.0,81.0,70.0,CALM,0,SW,10,10.0,,5.0
8/26/1991,1011.4,29.8,23.6,27.3,86.0,90.0,84.0,SW,7,WSW,14,12.0,,8.0
8/27/1991,1011.6,29.3,25.6,26.8,90.0,95.0,87.0,CALM,0,SW,10,15.0,,8.0
8/28/1991,1011.7,29.6,22.4,26.1,93.0,97.0,87.0,WNW,7,WNW,46,53.5,,8.0
8/29/1991,1012.0,27.8,23.8,25.9,93.0,98.0,86.0,NW,7,NW,12,42.0,,8.0
8/30/1991,1011.8,34.0,24.0,29.8,79.0,86.0,72.0,WNW,7,WNW,13,2.0,,7.0
8/31/1991,1012.1,31.6,23.4,29.0,82.0,92.0,73.0,NNW,7,NNW,44,25.0,,7.0
9/1/1991,1012.1,32.0,26.2,29.7,77.0,87.0,73.0,NNW,7,NNW,20,0.0,,8.0
9/2/1991,1011.9,32.6,26.3,30.0,77.0,83.0,67.0,NNW,12,NNW,20,0.0,,8.0
9/3/1991,1011.6,33.5,25.4,30.1,77.0,82.0,69.0,NW,11,NW,22,0.0,,8.0
9/4/1991,1011.3,32.8,25.8,29.6,77.0,87.0,67.0,NW,7,NW,20,0.0,,8.0
9/5/1991,1011.5,33.7,24.3,30.3,74.0,76.0,70.0,NW,6,W,25,5.0,,8.0
9/6/1991,1012.0,31.1,23.8,28.2,80.0,87.0,74.0,W,7,W,22,4.0,,8.0
9/7/1991,1012.1,32.8,25.3,29.9,79.0,89.0,71.0,NW,10,W,25,0.0,,8.0
9/8/1991,1011.7,33.1,26.3,30.7,74.0,78.0,68.0,NW,12,NW,19,0.0,,5.0
9/9/1991,1011.6,35.5,26.4,31.4,73.0,81.0,60.0,NW,12,NW,20,0.0,,4.0
9/10/1991,1011.6,34.8,25.4,32.1,69.0,80.0,58.0,NW,12,NW,22,0.0,,5.0
9/11/1991,1011.7,35.8,26.3,32.2,69.0,82.0,53.0,NW,12,NW,16,0.0,,5.0
9/12/1991,1011.9,36.0,25.3,32.3,66.0,75.0,55.0,NW,8,NW,19,3.0,,6.0
9/13/1991,1011.9,34.0,26.0,31.0,71.0,79.0,60.0,NW,7,NW,20,1.0,,5.0
9/14/1991,1011.9,33.8,23.5,30.3,76.0,79.0,73.0,NW,7,W,17,20.0,,8.0
9/15/1991,1011.8,30.0,22.8,27.7,82.0,89.0,76.0,WSW,8,WSW,15,18.0,,8.0
9/16/1991,1011.8,32.5,24.5,30.0,74.0,78.0,70.0,CALM,0,WSW,12,25.0,,7.0
9/17/1991,1012.0,31.3,24.7,29.9,75.0,79.0,70.0,CALM,0,CALM,5,0.0,,5.0
9/18/1991,1011.7,32.0,24.5,29.7,77.0,87.0,70.0,W,8,W,20,3.0,,4.0
9/19/1991,1011.3,31.5,23.6,29.6,77.0,90.0,71.0,W,10,W,30,30.0,,8.0
9/20/1991,1011.4,30.7,23.8,28.6,80.0,93.0,71.0,W,10,WSW,21,15.0,,8.0
9/21/1991,1011.0,30.3,24.2,28.7,80.0,82.0,78.0,W,9,W,30,6.0,,8.0
9/22/1991,1010.4,30.6,22.4,29.1,79.0,83.0,77.0,W,10,W,20,4.0,,8.0
9/23/1991,1010.4,29.8,22.8,26.7,88.0,90.0,85.0,W,10,W,35,25.0,,8.0
9/24/1991,1010.7,30.8,22.6,28.4,82.0,87.0,75.0,W,10,W,25,14.0,,8.0
9/25/1991,1010.6,32.8,26.3,29.8,77.0,90.0,69.0,W,10,W,20,0.0,,8.0
9/26/1991,1011.4,33.4,25.2,29.8,79.0,84.0,71.0,W,10,W,19,0.0,,8.0
9/27/1991,1011.4,32.9,25.6,30.6,74.0,81.0,65.0,W,8,W,12,0.0,,7.0
9/28/1991,1011.5,32.6,24.8,30.3,77.0,81.0,73.0,W,9,W,15,0.0,,2.0
9/29/1991,1011.9,33.0,23.5,30.1,76.0,83.0,70.0,W,9,WSW,15,11.0,,8.0
9/30/1991,1012.2,31.6,25.4,29.7,78.0,85.0,70.0,WSW,10,WSW,13,2.0,,8.0
10/1/1991,1011.6,31.2,26.5,30.0,76.0,78.0,75.0,WSW,10,WSW,18,0.0,,8.0
10/2/1991,1011.0,30.8,24.8,29.1,79.0,82.0,76.0,WSW,10,W,28,3.0,,7.0
10/3/1991,1010.5,31.0,25.0,29.0,81.0,85.0,76.0,W,10,W,46,0.0,,8.0
10/4/1991,1010.1,31.6,24.6,30.2,76.0,81.0,70.0,W,12,W,25,4.0,,7.0
10/5/1991,1009.9,32.0,24.4,30.3,75.0,81.0,70.0,W,10,W,36,22.0,,6.0
10/6/1991,1009.8,31.5,23.8,29.7,80.0,88.0,75.0,NW,11,NW,25,18.0,,3.0
10/7/1991,1009.7,32.0,24.5,29.6,78.0,86.0,71.0,NW,11,NW,30,10.0,,7.0
10/8/1991,1009.9,33.0,25.2,29.9,78.0,82.0,70.0,NW,8,NW,13,0.0,,7.0
10/9/1991,1009.6,33.8,25.8,30.5,75.0,81.0,68.0,CALM,0,SW,7,0.0,,4.0
10/10/1991,1009.8,34.0,26.0,29.8,79.0,89.0,69.0,CALM,0,SSW,10,0.0,,6.0
10/11/1991,1009.9,32.8,26.3,29.3,79.0,89.0,70.0,CALM,0,W,15,0.0,,8.0
10/12/1991,1010.2,32.4,25.7,30.0,76.0,83.0,69.0,CALM,0,WSW,12,0.0,,6.0
10/13/1991,1010.3,31.4,24.8,29.7,78.0,79.0,78.0,CALM,0,SW,10,0.0,,4.0
10/14/1991,1010.8,31.8,25.6,30.1,76.0,79.0,74.0,WSW,7,WSW,12,0.0,,8.0
10/15/1991,1011.1,33.0,25.8,30.2,74.0,78.0,71.0,WSW,7,WSW,14,0.0,,8.0
10/16/1991,1011.4,31.0,26.3,29.5,77.0,80.0,74.0,W,7,W,15,0.0,,8.0
10/17/1991,1011.0,32.1,24.9,29.9,77.0,85.0,71.0,W,10,W,14,0.0,,8.0
10/18/1991,1011.1,32.6,24.3,29.4,80.0,95.0,75.0,CALM,0,W,17,18.0,,4.0
10/19/1991,1011.0,32.0,23.2,29.7,77.0,81.0,76.0,W,7,W,25,6.0,,8.0
10/20/1991,1010.4,29.6,23.0,27.1,87.0,93.0,82.0,W,8,W,46,16.0,,8.0
10/21/1991,1010.4,30.4,22.5,26.8,87.0,92.0,77.0,W,10,W,54,12.0,,8.0
10/22/1991,1010.6,30.7,25.5,28.8,79.0,85.0,74.0,W,12,W,25,0.0,,8.0
10/23/1991,1010.4,31.8,23.8,29.4,78.0,85.0,74.0,W,12,W,20,3.0,,8.0
10/24/1991,1010.5,32.0,24.2,29.1,81.0,87.0,74.0,WSW,10,SW,58,1.0,,8.0
10/25/1991,1010.1,32.8,23.8,29.8,76.0,82.0,72.0,WSW,10,WSW,20,10.0,,7.0
10/26/1991,1010.2,32.9,24.8,29.2,81.0,86.0,76.0,WSW,8,WSW,19,0.0,,8.0
10/27/1991,1010.5,34.2,24.6,30.6,75.0,82.0,70.0,W,8,W,25,8.0,,5.0
10/28/1991,1009.6,31.6,25.2,28.9,81.0,87.0,76.0,W,12,W,44,2.0,,8.0
10/29/1991,1008.8,32.8,24.4,29.9,78.0,82.0,74.0,W,20,W,52,0.0,,8.0
10/30/1991,1008.8,31.7,25.6,29.9,77.0,81.0,71.0,W,22,W,30,0.0,,8.0
10/31/1991,1009.2,32.2,26.2,30.0,75.0,82.0,72.0,W,19,W,22,0.0,,8.0
11/1/1991,1009.2,32.8,26.6,30.5,73.0,79.0,70.0,W,15,W,25,0.0,,5.0
11/2/1991,1009.7,33.0,25.7,30.2,75.0,81.0,71.0,WNW,11,WNW,22,0.0,,5.0
11/3/1991,1010.3,32.9,24.2,30.4,74.0,77.0,70.0,WNW,11,WNW,20,10.0,,3.0
11/4/1991,1011.0,33.6,23.2,29.9,77.0,82.0,74.0,W,10,W,18,4.0,,4.0
11/5/1991,1011.1,31.2,24.7,29.6,79.0,89.0,75.0,W,10,W,25,2.0,,6.0
11/6/1991,1011.9,33.6,24.6,29.2,79.0,83.0,74.0,W,10,W,19,8.0,,8.0
11/7/1991,1011.9,31.8,22.6,29.3,80.0,87.0,77.0,W,10,W,24,22.0,,7.0
11/8/1991,1011.9,30.8,23.4,27.6,86.0,98.0,78.0,NW,8,NW,28,0.0,,8.0
11/9/1991,1011.9,32.3,24.5,30.0,75.0,81.0,70.0,W,7,W,17,2.0,,3.0
11/10/1991,1011.6,33.4,26.5,30.7,73.0,78.0,64.0,CALM,0,W,12,0.0,,2.0
11/11/1991,1012.0,30.9,24.2,29.2,80.0,86.0,76.0,CALM,0,SSE,8,5.0,,4.0
11/12/1991,1012.4,30.0,23.6,27.1,84.0,96.0,77.0,WNW,7,WNW,52,24.5,,8.0
11/13/1991,1012.5,34.2,22.5,31.0,71.0,76.0,61.0,W,7,W,12,3.3,,1.0
11/14/1991,1012.4,33.4,24.7,29.1,82.0,93.0,76.0,W,10,W,18,10.0,,2.0
11/15/1991,1011.8,30.8,23.5,28.6,81.0,86.0,74.0,W,10,W,20,15.0,,7.0
11/16/1991,1011.8,31.8,22.8,30.2,74.0,78.0,70.0,W,10,W,25,10.0,,4.0
11/17/1991,1011.6,33.6,23.5,29.7,79.0,93.0,71.0,WNW,8,WNW,22,13.0,,3.0
11/18/1991,1011.7,32.8,24.5,29.5,80.0,89.0,73.0,CALM,0,N,10,0.0,,1.0
11/19/1991,1011.6,33.2,24.8,30.0,77.0,83.0,72.0,CALM,0,NNW,11,0.0,,3.0
11/20/1991,1011.5,32.8,24.0,29.8,77.0,82.0,71.0,CALM,0,NNE,8,0.0,,3.0
11/21/1991,1010.6,31.2,23.4,28.8,80.0,89.0,74.0,CALM,0,W,27,46.0,,7.0
11/22/1991,1010.3,30.1,22.8,27.0,85.0,93.0,81.0,WNW,18,WNW,54,28.3,,8.0
11/23/1991,1009.6,32.1,23.4,28.2,84.0,93.0,77.0,W,14,W,25,0.0,,8.0
11/24/1991,1010.4,30.8,25.4,29.3,80.0,87.0,77.0,SE,7,SE,19,0.0,,4.0
11/25/1991,1011.4,31.2,25.8,29.8,77.0,79.0,75.0,CALM,0,ESE,15,5.1,,1.0
11/26/1991,1011.9,31.8,24.3,29.8,77.0,82.0,74.0,CALM,0,CALM,5,0.0,,3.0
11/27/1991,1012.3,30.9,25.6,29.2,79.0,83.0,75.0,CALM,0,CALM,0,2.0,,3.0
11/28/1991,1012.3,31.6,26.4,29.2,79.0,86.0,77.0,CALM,0,WNW,10,1.2,,6.0
11/29/1991,1012.3,32.6,24.4,29.8,77.0,85.0,72.0,WNW,9,WNW,16,4.4,,3.0
11/30/1991,1012.3,31.8,25.3,29.9,77.0,83.0,72.0,NNW,10,NNW,15,0.0,,4.0
12/1/1991,1012.0,34.2,24.8,30.6,75.0,80.0,69.0,CALM,0,W,9,35.0,,2.0
12/2/1991,1012.4,30.8,24.3,29.9,83.0,95.0,78.0,CALM,0,CALM,6,0.0,,5.0
12/3/1991,1012.5,31.3,25.5,29.4,78.0,81.0,75.0,CALM,0,ENE,12,1.0,,6.0
12/4/1991,1012.4,31.4,26.1,29.7,78.0,83.0,76.0,CALM,0,ENE,14,0.0,,4.0
12/5/1991,1012.1,31.1,25.7,29.6,79.0,90.0,75.0,ENE,5,ENE,14,0.0,,6.0
12/6/1991,1012.5,30.0,22.5,27.9,83.0,89.0,79.0,E,7,ENE,16,50.3,,8.0
12/7/1991,1012.6,29.6,22.3,27.1,85.0,98.0,76.0,NNW,8,NNW,15,3.0,,7.0
12/8/1991,1012.6,31.3,25.4,29.9,76.0,81.0,75.0,ENE,10,E,17,0.0,,1.0
12/9/1991,1012.1,30.6,25.0,29.2,72.0,77.0,67.0,ENE,9,ENE,14,0.0,,3.0
12/10/1991,1012.3,30.8,25.4,29.0,76.0,83.0,71.0,ENE,6,E,15,0.0,,1.0
12/11/1991,1012.0,31.2,25.3,29.3,79.0,86.0,72.0,NE,8,NE,18,0.0,,1.0
12/12/1991,1011.8,31.6,25.0,29.3,78.0,90.0,73.0,NE,9,NE,20,1.0,,2.0
12/13/1991,1011.5,30.5,23.2,28.3,80.0,97.0,70.0,NE,10,NE,32,19.3,,7.0
12/14/1991,1009.9,29.0,23.4,27.1,85.0,98.0,81.0,NE,12,NE,17,2.6,,8.0
12/15/1991,1010.5,30.2,22.5,28.6,80.0,86.0,75.0,NE,8,NE,15,10.2,,8.0
12/16/1991,1009.4,31.8,23.5,28.3,83.0,87.0,79.0,CALM,0,E,16,39.3,,8.0
12/17/1991,1009.1,30.8,23.4,27.7,86.0,97.0,70.0,W,14,WSW,20,0.0,,8.0
12/18/1991,1008.5,29.8,24.8,27.8,84.0,85.0,76.0,WSW,9,WSW,15,0.0,,7.0
12/19/1991,1009.7,30.2,23.6,28.4,80.0,82.0,78.0,CALM,0,E,15,14.2,,4.0
12/20/1991,1009.2,31.2,22.5,29.2,78.0,81.0,75.0,E,8,E,15,30.3,,7.0
12/21/1991,1009.8,28.6,22.4,24.7,95.0,98.0,93.0,CALM,0,E,12,87.3,,8.0
12/22/1991,1010.4,28.4,22.8,26.9,84.0,90.0,79.0,CALM,0,NE,10,0.2,,8.0
12/23/1991,1010.0,30.8,21.6,28.5,81.0,84.0,78.0,CALM,0,E,10,38.3,,8.0
12/24/1991,1010.6,31.0,21.8,29.1,78.0,84.0,74.0,CALM,0,CALM,5,0.0,,7.0
12/25/1991,1010.4,31.4,24.6,29.2,76.0,90.0,69.0,CALM,0,NNW,10,0.0,,5.0
12/26/1991,1010.8,31.8,25.7,29.6,77.0,85.0,72.0,WNW,11,WNW,13,0.0,,1.0
12/27/1991,1010.8,31.3,24.7,29.6,75.0,79.0,72.0,NW,10,NW,15,17.2,,8.0
12/28/1991,1011.7,31.2,23.2,28.7,77.0,89.0,71.0,NW,9,NW,17,0.0,,7.0
12/29/1991,1012.2,30.0,24.6,28.5,77.0,90.0,69.0,NW,6,NW,13,0.0,,8.0
12/30/1991,1012.6,30.8,22.6,29.3,76.0,80.0,74.0,N,7,N,12,0.0,,1.0
12/31/1991,1012.7,32.6,23.8,29.8,76.0,83.0,72.0,CALM,0,N,10,0.0,,5.0
1/1/1992,1013.3,31.4,24.6,29.3,76.0,82.0,74.0,CALM,0,N,14,0.0,,2.0
1/2/1992,1013.0,30.9,25.3,29.5,75.0,77.0,73.0,CALM,0,NE,13,0.0,,6.0
1/3/1992,1012.8,31.6,25.6,29.6,72.0,75.0,67.0,NW,10,NE,15,0.0,,1.0
1/4/1992,1014.3,31.4,21.7,29.0,78.0,85.0,67.0,NE,9,NE,18,5.2,,4.0
1/5/1992,1013.5,29.8,23.1,26.6,86.0,92.0,81.0,NNW,7,N,32,4.0,,8.0
1/6/1992,1012.6,30.7,25.3,28.6,77.0,84.0,70.0,NNE,7,N,14,0.0,,5.0
1/7/1992,1012.9,30.4,22.2,29.3,73.0,77.0,70.0,CALM,0,N,15,33.1,,2.0
1/8/1992,1013.4,29.4,24.7,27.2,82.0,96.0,75.0,CALM,0,NE,10,0.0,,8.0
1/9/1992,1013.1,30.6,25.3,28.4,81.0,87.0,77.0,CALM,0,NNW,8,0.0,,3.0
1/10/1992,1013.6,30.9,23.8,29.4,76.0,77.0,76.0,CALM,0,NE,25,1.0,,2.0
1/11/1992,1013.2,29.4,22.5,26.7,83.0,88.0,80.0,N,8,N,30,5.7,,8.0
1/12/1992,1012.2,30.1,22.6,29.0,73.0,79.0,70.0,NE,12,NE,22,0.0,,6.0
1/13/1992,1012.7,30.2,24.4,28.7,74.0,80.0,70.0,NE,8,NE,19,21.1,,6.0
1/14/1992,1012.5,30.0,25.5,28.0,77.0,81.0,74.0,NE,10,NE,16,0.0,,8.0
1/15/1992,1011.5,29.9,25.6,28.0,79.0,81.0,76.0,NE,11,NE,20,0.0,,4.0
1/16/1992,1011.5,29.8,22.1,28.2,77.0,87.0,71.0,NE,10,E,27,25.1,,5.0
1/17/1992,1011.6,28.7,22.0,27.3,79.0,82.0,74.0,E,11,E,23,4.2,,8.0
1/18/1992,1011.9,28.3,22.6,26.4,85.0,93.0,81.0,E,6,NE,32,50.0,,8.0
1/19/1992,1011.9,28.8,22.4,27.6,80.0,83.0,78.0,CALM,0,E,15,2.0,,8.0
1/20/1992,1011.8,29.6,23.6,28.0,80.0,84.0,76.0,CALM,0,NE,10,0.0,,8.0
1/21/1992,1011.8,30.0,24.3,29.0,77.0,82.0,73.0,NE,7,NE,16,0.0,,8.0
1/22/1992,1012.2,29.7,23.8,28.2,77.0,86.0,72.0,CALM,0,E,12,0.2,,8.0
1/23/1992,1012.2,30.1,24.5,28.8,75.0,83.0,71.0,CALM,0,E,9,0.0,,7.0
1/24/1992,1012.1,30.8,24.4,29.4,76.0,81.0,73.0,CALM,0,ENE,12,1.4,,4.0
1/25/1992,1012.6,30.8,24.8,28.9,75.0,78.0,70.0,NNE,9,NNE,18,0.0,,5.0
1/26/1992,1012.7,30.5,23.8,28.7,79.0,86.0,74.0,NNE,7,NNE,14,0.0,,2.0
1/27/1992,1012.5,30.4,22.4,29.2,77.0,83.0,74.0,CALM,0,NE,12,12.2,,1.0
1/28/1992,1012.5,30.5,24.6,29.1,76.0,78.0,74.0,ENE,7,ENE,15,0.0,,2.0
1/29/1992,1012.5,30.7,25.8,29.3,74.0,79.0,71.0,NE,7,NE,13,0.0,,4.0
1/30/1992,1013.0,30.9,25.3,29.4,74.0,77.0,73.0,CALM,0,CALM,0,0.0,,7.0
1/31/1992,1012.9,30.8,25.7,29.5,75.0,80.0,73.0,CALM,0,E,10,0.0,,8.0
2/1/1992,1013.1,30.7,25.3,29.0,77.0,82.0,71.0,NE,8,NE,12,0.0,,8.0
2/2/1992,1013.2,30.4,26.5,29.1,76.0,81.0,73.0,N,9,N,18,0.0,,2.0
2/3/1992,1012.7,30.5,25.7,29.3,74.0,79.0,71.0,N,14,N,20,0.0,,8.0
2/4/1992,1012.6,31.0,24.5,29.6,74.0,75.0,72.0,N,9,N,18,0.0,,8.0
2/5/1992,1012.8,31.0,24.2,29.4,74.0,76.0,71.0,N,5,NNE,9,0.0,,6.0
2/6/1992,1013.7,30.8,22.2,28.9,70.0,77.0,61.0,N,8,N,15,0.0,,4.0
2/7/1992,1014.2,30.6,22.0,29.0,70.0,78.0,64.0,NE,7,NE,12,0.0,,4.0
2/8/1992,1011.8,30.8,22.4,28.9,69.0,75.0,65.0,NE,9,NE,12,0.0,,4.0
2/9/1992,1011.3,31.1,24.4,29.2,66.0,74.0,56.0,NE,7,NE,14,0.0,,3.0
2/10/1992,1011.2,31.2,24.6,29.3,64.0,73.0,59.0,VRB,4,NE,12,0.0,,7.0
2/11/1992,1012.2,31.4,24.3,29.4,66.0,74.0,59.0,VRB,5,NE,10,0.0,,5.0
2/12/1992,1012.3,31.3,24.4,29.4,65.0,69.0,59.0,VRB,5,E,10,0.0,,2.0
2/13/1992,1012.5,31.0,23.2,29.4,64.0,72.0,57.0,VRB,5,NNE,14,0.0,,3.0
2/14/1992,1012.3,30.8,25.0,29.2,68.0,79.0,58.0,NE,7,NE,18,0.0,,4.0
2/15/1992,1012.4,31.2,22.0,29.3,65.0,71.0,61.0,VRB,4,E,12,0.0,,1.0
2/16/1992,1012.6,31.4,22.6,29.5,66.0,70.0,62.0,CALM,4,NNE,11,0.0,,1.0
2/17/1992,1011.4,31.2,23.0,29.4,68.0,75.0,63.0,VRB,4,NNE,12,0.0,,1.0
2/18/1992,1011.4,31.7,23.1,29.2,69.0,77.0,64.0,VRB,4,NE,11,0.0,,2.0
2/19/1992,1012.5,30.2,24.0,28.8,73.0,75.0,71.0,VRB,3,E,10,0.0,,2.0
2/20/1992,1012.2,30.3,24.5,28.9,75.0,79.0,71.0,NNE,9,N,17,0.0,,2.0
2/21/1992,1011.7,31.2,25.6,29.3,70.0,78.0,65.0,VRB,5,E,11,0.0,,3.0
2/22/1992,1013.1,31.3,25.6,29.4,68.0,71.0,65.0,ENE,9,ENE,17,0.0,,2.0
2/23/1992,1012.4,31.5,23.0,29.7,68.0,72.0,66.0,ENE,9,ENE,17,0.0,,2.0
2/24/1992,1013.3,31.7,25.3,29.8,66.0,69.0,65.0,ENE,8,ENE,11,0.0,,2.0
2/25/1992,1013.8,31.6,24.6,29.7,66.0,69.0,62.0,ENE,7,E,11,0.0,,4.0
2/26/1992,1012.8,31.8,22.4,29.8,65.0,71.0,61.0,NNE,9,NNE,16,0.0,,2.0
2/27/1992,1012.8,31.3,24.2,29.5,67.0,74.0,62.0,ENE,6,ENE,13,0.0,,6.0
2/28/1992,1012.2,30.8,23.6,29.6,65.0,71.0,60.0,N,9,N,16,0.0,,6.0
2/29/1992,1011.9,31.6,24.8,29.9,64.0,69.0,61.0,NE,10,NE,19,0.0,,2.0
3/1/1992,1013.2,32.4,25.3,29.8,64.0,68.0,57.0,NNE,8,NNE,18,0.0,,2.0
3/2/1992,1013.2,32.4,23.0,30.2,65.0,71.0,62.0,ENE,10,ENE,14,0.0,,4.0
3/3/1992,1013.2,32.3,21.6,29.9,68.0,76.0,60.0,VRB,5,N,13,0.0,,2.0
3/4/1992,1014.2,32.6,22.4,29.7,61.0,70.0,56.0,CALM,0,NNE,10,0.0,,2.0
3/5/1992,1014.3,31.4,22.8,29.8,64.0,68.0,60.0,NNE,8,NNE,14,0.0,,1.0
3/6/1992,1014.1,31.8,22.5,29.9,65.0,72.0,60.0,NNE,7,NNE,12,0.0,,1.0
3/7/1992,1013.6,31.9,23.4,30.2,62.0,66.0,59.0,VRB,4,NE,13,0.0,,1.0
3/8/1992,1014.5,31.4,21.4,29.4,66.0,72.0,62.0,CALM,0,NE,10,0.0,,1.0
3/9/1992,1014.4,31.8,22.3,29.8,65.0,72.0,61.0,CALM,0,CALM,5,0.0,,1.0
3/10/1992,1014.4,32.6,23.6,30.1,64.0,68.0,61.0,CALM,0,CALM,4,0.0,,1.0
3/11/1992,1013.8,32.4,23.8,30.1,63.0,72.0,58.0,CALM,0,NNE,10,0.0,,1.0
3/12/1992,1013.7,32.7,23.5,30.3,61.0,72.0,55.0,NE,7,NE,14,0.0,,2.0
3/13/1992,1013.2,32.8,22.8,29.8,67.0,79.0,60.0,CALM,0,NE,12,0.0,,1.0
3/14/1992,1012.6,33.4,22.4,30.1,63.0,69.0,58.0,CALM,0,NE,10,0.0,,1.0
3/15/1992,1012.5,30.9,23.6,29.2,70.0,76.0,67.0,CALM,0,ESE,14,0.0,,6.0
3/16/1992,1012.4,30.8,23.8,29.3,67.0,70.0,61.0,E,7,E,17,0.0,,2.0
3/17/1992,1012.0,31.2,24.2,29.9,63.0,66.0,59.0,E,8,E,12,0.1,,2.0
3/18/1992,1011.2,30.7,24.8,29.3,67.0,73.0,64.0,NE,7,NE,12,1.0,,2.0
3/19/1992,1010.8,31.4,24.6,29.3,67.0,72.0,63.0,NE,8,NE,15,0.0,,5.0
3/20/1992,1011.3,30.4,23.6,28.7,71.0,75.0,65.0,CALM,0,NE,20,7.3,,6.0
3/21/1992,1011.0,31.2,24.8,29.0,70.0,78.0,66.0,CALM,0,ESE,10,0.0,,8.0
3/22/1992,1011.2,30.1,24.6,28.8,72.0,79.0,66.0,NE,7,E,14,0.0,,8.0
3/23/1992,1011.1,29.8,25.2,28.7,70.0,75.0,65.0,CALM,0,NE,18,8.4,,5.0
3/24/1992,1010.7,31.6,24.5,29.9,65.0,68.0,63.0,NE,10,NNE,15,0.0,,8.0
3/25/1992,1009.7,31.4,23.8,30.0,66.0,70.0,63.0,CALM,0,NNE,14,0.0,,7.0
3/26/1992,1009.8,31.8,23.4,29.8,67.0,71.0,64.0,CALM,0,NE,10,1.0,,8.0
3/27/1992,1010.1,31.5,24.6,29.4,70.0,77.0,65.0,CALM,0,E,11,0.0,,5.0
3/28/1992,1010.2,31.2,23.7,29.3,69.0,73.0,64.0,CALM,0,WNW,10,35.2,,8.0
3/29/1992,1010.1,30.8,24.4,29.6,69.0,75.0,67.0,E,6,E,12,0.0,,6.0
3/30/1992,1009.6,31.8,25.2,30.2,67.0,72.0,63.0,NNW,9,NNW,14,0.0,,3.0
3/31/1992,1009.7,31.6,24.1,29.4,70.0,73.0,66.0,NNW,11,NNW,16,34.8,,8.0
4/1/1992,1010.4,30.6,25.6,28.6,75.0,86.0,66.0,CALM,0,WSW,17,0.0,,7.0
4/2/1992,1010.9,31.6,24.9,29.7,69.0,73.0,67.0,CALM,0,SSE,10,0.0,,4.0
4/3/1992,1011.4,31.8,24.3,30.0,68.0,75.0,62.0,CALM,0,SSE,9,0.0,,2.0
4/4/1992,1011.7,31.8,23.6,30.1,67.0,71.0,66.0,CALM,0,WNW,10,0.0,,1.0
4/5/1992,1011.9,33.4,25.4,30.4,67.0,74.0,56.0,NW,7,NW,15,0.0,,4.0
4/6/1992,1012.0,32.4,23.8,30.1,69.0,78.0,62.0,W,8,W,15,0.0,,1.0
4/7/1992,1011.8,31.8,23.4,29.8,69.0,71.0,66.0,W,9,W,22,0.0,,2.0
4/8/1992,1011.7,31.6,24.6,29.9,68.0,72.0,66.0,W,11,W,25,0.0,,2.0
4/9/1992,1011.1,31.2,24.8,29.4,71.0,78.0,67.0,NW,10,W,20,0.0,,2.0
4/10/1992,1010.9,33.2,24.7,30.2,66.0,71.0,60.0,W,10,WNW,18,0.0,,2.0
4/11/1992,1011.0,31.8,24.3,30.1,66.0,73.0,63.0,NW,10,NW,19,0.0,,2.0
4/12/1992,1010.6,31.4,26.5,29.9,67.0,70.0,65.0,NW,8,NNW,15,0.0,,2.0
4/13/1992,1011.6,32.4,24.4,30.2,68.0,73.0,62.0,CALM,0,NW,10,0.0,,1.0
4/14/1992,1011.5,31.1,25.4,29.7,67.0,72.0,63.0,CALM,0,WNW,15,0.0,,1.0
4/15/1992,1011.8,32.4,25.5,30.1,66.0,75.0,61.0,WNW,8,WNW,16,0.0,,1.0
4/16/1992,1011.8,34.4,25.7,30.0,67.0,76.0,60.0,CALM,0,NNW,18,0.0,,2.0
4/17/1992,1011.8,33.4,26.4,30.5,66.0,71.0,59.0,CALM,0,NW,8,0.0,,1.0
4/18/1992,1011.7,32.8,26.0,30.0,68.0,78.0,59.0,CALM,0,WNW,10,0.0,,2.0
4/19/1992,1011.8,33.6,26.2,29.9,69.0,78.0,58.0,CALM,0,CALM,5,0.0,,2.0
4/20/1992,1011.9,32.6,25.8,30.1,66.0,75.0,57.0,CALM,0,E,10,0.0,,1.0
4/21/1992,1012.3,32.2,23.8,29.6,70.0,77.0,62.0,VRB,5,WSW,12,1.0,,3.0
4/22/1992,1012.2,31.8,23.4,29.5,70.0,82.0,62.0,WSW,10,WSW,18,43.0,,4.0
4/23/1992,1011.9,30.8,23.8,29.0,72.0,79.0,65.0,WSW,10,W,20,10.0,,8.0
4/24/1992,1011.9,31.0,24.2,29.2,71.0,76.0,65.0,W,10,W,32,0.0,,5.0
4/25/1992,1011.8,30.6,23.5,29.1,74.0,82.0,67.0,NNE,5,NNW,20,2.3,,8.0
4/26/1992,1011.2,31.4,23.4,29.5,71.0,79.0,64.0,VRB,5,WNW,25,12.1,,8.0
4/27/1992,1011.2,30.4,24.2,28.7,76.0,83.0,70.0,SW,10,SW,30,5.2,,8.0
4/28/1992,1011.0,32.8,25.6,29.4,69.0,83.0,60.0,CALM,0,WSW,20,3.0,,5.0
4/29/1992,1010.8,32.4,25.8,30.0,68.0,71.0,64.0,CALM,0,E,15,2.0,,4.0
4/30/1992,1010.7,30.8,23.4,28.7,75.0,78.0,71.0,CALM,0,E,10,13.0,,6.0
5/1/1992,1010.8,31.0,23.2,29.1,74.0,87.0,66.0,CALM,0,WNW,15,7.6,,4.0
5/2/1992,1010.0,31.4,25.8,29.2,73.0,83.0,67.0,CALM,0,WSW,12,0.0,,6.0
5/3/1992,1009.6,30.9,26.4,29.7,72.0,79.0,67.0,W,5,W,14,0.0,,6.0
5/4/1992,1009.2,31.6,25.5,29.7,74.0,83.0,67.0,W,13,W,19,0.0,,5.0
5/5/1992,1010.8,31.7,23.5,30.1,72.0,79.0,67.0,W,11,W,18,10.1,,6.0
5/6/1992,1012.0,31.5,24.8,28.9,76.0,90.0,68.0,CALM,0,NNE,14,0.0,,8.0
5/7/1992,1011.2,33.4,25.3,29.9,72.0,79.0,67.0,WSW,8,WSW,15,0.0,,3.0
5/8/1992,1010.4,32.8,23.7,30.1,68.0,76.0,62.0,WSW,8,WSW,25,8.0,,4.0
5/9/1992,1009.9,30.5,23.8,29.2,74.0,83.0,70.0,W,13,W,22,7.0,,8.0
5/10/1992,1010.2,29.9,23.4,28.4,82.0,92.0,73.0,W,11,W,24,56.1,,7.0
5/11/1992,1010.1,30.7,24.1,29.1,76.0,92.0,67.0,WSW,12,WSW,26,1.0,,7.0
5/12/1992,1010.4,31.4,25.3,29.5,71.0,76.0,68.0,WSW,10,WSW,20,3.1,,8.0
5/13/1992,1010.7,31.5,25.7,29.7,71.0,75.0,68.0,SW,11,SW,18,0.0,,7.0
5/14/1992,1011.5,31.3,25.9,29.9,71.0,75.0,67.0,SW,8,SW,16,0.0,,6.0
5/15/1992,1010.9,31.8,26.3,30.2,70.0,87.0,68.0,SW,7,SW,12,0.0,,8.0
5/16/1992,1010.7,31.7,25.6,30.1,68.0,74.0,65.0,SW,9,SW,15,0.0,,2.0
5/17/1992,1009.3,32.6,24.8,29.9,70.0,73.0,68.0,WSW,16,WSW,25,12.4,,3.0
5/18/1992,1009.8,28.4,23.2,26.9,88.0,95.0,82.0,W,14,W,32,8.3,,8.0
5/19/1992,1010.0,31.8,23.0,29.1,74.0,80.0,69.0,WSW,14,WSW,24,16.2,,5.0
5/20/1992,1010.6,30.9,23.5,29.7,73.0,80.0,69.0,WSW,8,WSW,21,2.1,,7.0
5/21/1992,1010.6,31.6,24.5,28.6,81.0,87.0,71.0,W,11,W,23,21.2,,4.0
5/22/1992,1010.5,31.5,23.6,29.2,77.0,83.0,68.0,WSW,13,WSW,22,17.1,,6.0
5/23/1992,1010.9,31.7,23.8,29.3,73.0,83.0,64.0,WSW,12,SW,19,0.1,,7.0
5/24/1992,1010.7,32.1,24.7,29.9,70.0,73.0,69.0,WSW,11,WSW,18,15.2,,5.0
5/25/1992,1010.6,29.2,23.1,27.5,86.0,90.0,79.0,W,10,WNW,29,19.2,,8.0
5/26/1992,1010.8,28.6,24.9,27.4,87.0,93.0,79.0,SW,10,SW,25,10.7,,8.0
5/27/1992,1010.4,31.0,25.3,29.5,72.0,74.0,69.0,W,12,W,35,27.5,,5.0
5/28/1992,1010.8,30.5,25.8,28.9,76.0,83.0,70.0,WNW,16,W,32,2.1,,8.0
5/29/1992,1010.9,31.8,26.4,30.2,68.0,74.0,65.0,WNW,10,WNW,20,0.0,,3.0
5/30/1992,1010.8,30.7,26.8,29.7,73.0,75.0,73.0,W,13,W,22,0.0,,4.0
5/31/1992,1010.1,30.8,23.2,29.3,77.0,86.0,72.0,SW,15,WSW,30,16.7,,4.0
6/1/1992,1009.5,30.9,23.7,28.7,78.0,82.0,71.0,WSW,17,WSW,28,19.0,,4.0
6/2/1992,1011.3,29.8,26.1,27.2,88.0,97.0,80.0,W,28,W,48,16.4,,8.0
6/3/1992,1010.2,30.8,25.4,29.5,72.0,80.0,68.0,WSW,18,W,35,29.1,,8.0
6/4/1992,1010.2,29.4,25.8,28.0,83.0,87.0,78.0,WSW,17,WSW,40,2.0,,8.0
6/5/1992,1010.7,31.2,26.7,29.6,72.0,79.0,67.0,WSW,12,WSW,20,0.0,,8.0
6/6/1992,1009.3,32.2,26.9,30.3,71.0,74.0,67.0,WSW,13,WSW,24,0.0,,3.0
6/7/1992,1008.7,31.7,24.3,30.1,73.0,77.0,70.0,W,15,W,27,0.0,,7.0
6/8/1992,1008.4,31.4,25.3,30.2,71.0,75.0,70.0,W,16,W,21,0.0,,6.0
6/9/1992,1008.1,31.9,23.6,29.8,72.0,78.0,69.0,WSW,15,WSW,19,8.1,,6.0
6/10/1992,1008.4,31.5,24.8,29.6,74.0,79.0,70.0,CALM,0,WSW,10,1.2,,8.0
6/11/1992,1009.3,30.9,25.1,29.0,76.0,83.0,69.0,WNW,8,NW,52,7.0,,7.0
6/12/1992,1008.9,32.7,25.8,30.2,68.0,72.0,62.0,W,10,W,18,0.0,,5.0
6/13/1992,1009.3,31.9,26.7,29.8,74.0,75.0,72.0,WSW,11,W,30,0.0,,7.0
6/14/1992,1009.6,32.5,27.1,29.7,72.0,78.0,69.0,WSW,10,WSW,18,0.0,,6.0
6/15/1992,1009.7,33.2,25.4,30.2,71.0,77.0,67.0,CALM,0,W,10,1.0,,8.0
6/16/1992,1009.9,32.7,25.0,30.4,73.0,82.0,67.0,W,7,W,15,1.1,,4.0
6/17/1992,1009.5,32.0,24.8,29.6,72.0,85.0,64.0,W,10,W,19,2.0,,8.0
6/18/1992,1009.8,32.6,25.7,29.9,72.0,79.0,69.0,WSW,12,WSW,18,0.0,,8.0
6/19/1992,1009.8,32.0,25.6,29.6,80.0,88.0,74.0,CALM,0,WSW,17,0.0,,6.0
6/20/1992,1009.7,31.0,24.0,29.1,83.0,91.0,81.0,S,8,S,15,35.1,,3.0
6/21/1992,1010.8,29.8,25.0,27.2,83.0,92.0,80.0,WSW,13,WSW,28,0.0,,8.0
6/22/1992,1010.4,31.4,25.6,29.6,76.0,83.0,72.0,WSW,14,WSW,18,0.0,,7.0
6/23/1992,1010.8,31.2,26.8,29.7,75.0,78.0,73.0,W,12,W,20,0.0,,8.0
6/24/1992,1011.0,31.8,26.4,30.5,73.0,78.0,67.0,WNW,11,WNW,15,0.0,,5.0
6/25/1992,1011.2,32.8,25.9,29.9,77.0,83.0,69.0,WNW,10,NNW,18,0.0,,1.0
6/26/1992,1011.1,32.6,26.5,30.6,73.0,77.0,71.0,CALM,0,CALM,5,0.0,,1.0
6/27/1992,1010.6,32.4,26.4,30.0,76.0,79.0,74.0,CALM,0,SW,8,0.0,,6.0
6/28/1992,1010.7,32.7,25.1,30.1,78.0,86.0,72.0,CALM,0,S,10,0.0,,7.0
6/29/1992,1011.4,32.8,26.3,30.2,75.0,79.0,70.0,CALM,0,SW,9,0.0,,4.0
6/30/1992,1011.2,31.1,24.8,30.0,75.0,78.0,73.0,CALM,0,WSW,12,0.0,,4.0
7/1/1992,1011.3,30.9,25.4,29.0,80.0,88.0,73.0,WSW,8,WSW,28,0.0,,7.0
7/2/1992,1011.2,31.8,25.7,29.7,75.0,85.0,68.0,CALM,0,W,10,0.0,,3.0
7/3/1992,1011.2,31.4,24.5,29.2,75.0,90.0,66.0,CALM,0,W,8,16.8,,8.0
7/4/1992,1010.9,32.9,23.6,30.4,72.0,77.0,69.0,CALM,0,WNW,28,46.2,,8.0
7/5/1992,1011.6,29.6,22.8,26.6,94.0,98.0,85.0,W,27,W,42,45.0,,8.0
7/6/1992,1012.6,30.1,23.4,28.4,85.0,91.0,79.0,W,12,W,22,1.6,,8.0
7/7/1992,1013.1,30.8,24.6,28.1,84.0,95.0,74.0,W,10,W,19,3.1,,8.0
7/8/1992,1012.3,31.0,25.8,28.5,82.0,87.0,75.0,W,10,W,20,0.0,,8.0
7/9/1992,1012.3,30.8,25.4,29.9,74.0,78.0,67.0,WNW,10,WNW,18,0.0,,8.0
7/10/1992,1012.1,32.5,26.5,30.3,73.0,79.0,71.0,WNW,10,WNW,16,0.0,,8.0
7/11/1992,1010.8,31.8,26.9,30.1,74.0,82.0,70.0,WSW,8,WSW,15,0.0,,8.0
7/12/1992,1010.5,31.5,25.8,29.8,74.0,82.0,68.0,CALM,0,SW,10,0.0,,8.0
7/13/1992,1010.4,31.9,25.4,30.0,75.0,79.0,71.0,CALM,0,S,11,0.0,,5.0
7/14/1992,1010.1,32.1,24.7,29.8,76.0,87.0,67.0,CALM,0,W,38,3.1,,6.0
7/15/1992,1009.9,29.4,23.8,27.7,86.0,93.0,78.0,WNW,10,W,20,3.0,,8.0
7/16/1992,1010.3,30.9,25.1,29.3,78.0,82.0,75.0,CALM,0,SW,8,0.0,,8.0
7/17/1992,1011.2,32.4,25.7,29.9,75.0,86.0,70.0,CALM,0,SSE,10,0.0,,8.0
7/18/1992,1011.0,31.6,24.8,29.7,76.0,82.0,70.0,SE,7,SE,12,0.0,,7.0
7/19/1992,1011.0,32.9,23.8,30.2,77.0,95.0,63.0,SE,10,WNW,35,9.0,,7.0
7/20/1992,1010.8,30.1,24.6,28.7,82.0,89.0,78.0,CALM,0,NNW,10,1.0,,8.0
7/21/1992,1011.4,32.4,25.2,30.3,75.0,81.0,70.0,CALM,0,W,8,0.0,,3.0
7/22/1992,1012.3,33.2,26.4,30.2,72.0,79.0,67.0,CALM,0,CALM,6,0.0,,5.0
7/23/1992,1011.9,32.9,26.4,30.0,76.0,83.0,71.0,CALM,0,SSE,9,0.0,,1.0
7/24/1992,1011.6,30.0,24.1,28.1,87.0,91.0,85.0,WNW,12,WNW,26,1.1,,7.0
7/25/1992,1011.6,31.3,23.7,29.5,78.0,83.0,73.0,WNW,5,WNW,28,10.0,,7.0
7/26/1992,1011.4,30.9,24.2,28.6,83.0,87.0,77.0,SW,15,WSW,25,0.0,,8.0
7/27/1992,1011.4,31.7,23.0,29.5,78.0,82.0,77.0,SW,10,SW,18,47.1,,8.0
7/28/1992,1011.1,31.8,25.6,29.5,79.0,86.0,72.0,CALM,0,WSW,10,0.0,,7.0
7/29/1992,1011.1,31.0,24.8,29.5,75.0,79.0,73.0,CALM,0,W,11,0.0,,7.0
7/30/1992,1011.0,32.6,23.0,30.2,74.0,79.0,70.0,CALM,0,W,12,26.0,,3.0
7/31/1992,1011.1,31.0,23.1,29.3,78.0,86.0,73.0,W,8,W,18,0.0,,5.0
8/1/1992,1010.9,31.5,24.2,29.9,75.0,80.0,72.0,W,10,W,20,0.0,,7.0
8/2/1992,1009.3,31.6,22.1,29.7,76.0,86.0,68.0,W,14,W,28,45.6,,6.0
8/3/1992,1009.5,29.5,22.0,27.4,88.0,92.0,83.0,W,21,W,38,40.2,,8.0
8/4/1992,1009.5,29.4,23.4,27.4,83.0,90.0,75.0,W,12,W,35,5.1,,8.0
8/5/1992,1010.4,29.8,22.8,28.8,81.0,87.0,77.0,W,12,W,22,38.7,,8.0
8/6/1992,1011.4,28.1,22.4,27.1,90.0,93.0,89.0,W,9,W,40,78.2,,8.0
8/7/1992,1011.8,29.6,22.5,27.2,90.0,97.0,81.0,WNW,13,W,30,4.1,,8.0
8/8/1992,1011.9,31.1,23.6,29.3,77.0,89.0,72.0,W,13,W,20,10.1,,5.0
8/9/1992,1014.8,29.4,24.2,27.4,87.0,93.0,79.0,W,16,W,30,2.1,,8.0
8/10/1992,1013.7,30.9,24.6,29.8,75.0,79.0,73.0,WSW,5,WSW,16,3.6,,3.0
8/11/1992,1013.4,30.8,25.4,29.7,74.0,79.0,70.0,CALM,0,S,10,0.0,,5.0
8/12/1992,1013.4,32.8,25.8,30.1,73.0,82.0,69.0,W,8,W,15,0.0,,3.0
8/13/1992,1012.8,31.8,26.1,30.2,71.0,73.0,67.0,W,10,W,18,1.3,,3.0
8/14/1992,1012.5,30.7,25.4,29.5,73.0,79.0,69.0,WSW,13,WSW,18,0.0,,6.0
8/15/1992,1013.3,32.2,24.9,30.1,71.0,76.0,66.0,W,9,W,16,0.0,,4.0
8/16/1992,1013.1,33.6,25.8,30.5,69.0,76.0,63.0,W,8,WNW,12,0.0,,5.0
8/17/1992,1012.5,33.8,24.7,30.4,67.0,76.0,55.0,CALM,0,WSW,10,0.0,,4.0
8/18/1992,1011.8,33.6,23.6,29.9,77.0,81.0,72.0,CALM,0,ESE,8,1.0,,2.0
8/19/1992,1012.7,30.4,22.8,28.1,82.0,86.0,80.0,NW,9,W,22,1.2,,6.0
8/20/1992,1012.3,30.1,22.0,29.0,75.0,80.0,70.0,NW,11,N,20,42.7,,6.0
8/21/1992,1012.7,26.6,22.4,25.4,90.0,95.0,88.0,NW,23,NW,33,12.1,,8.0
8/22/1992,1011.9,31.2,23.4,28.8,80.0,92.0,71.0,WNW,14,NW,20,0.0,,3.0
8/23/1992,1012.3,30.9,22.6,29.1,75.0,90.0,68.0,NW,8,NW,18,0.0,,5.0
8/24/1992,1012.8,30.8,23.6,29.8,71.0,74.0,69.0,CALM,0,ENE,10,2.1,,4.0
8/25/1992,1013.3,31.2,24.8,29.6,73.0,82.0,68.0,WNW,9,WNW,12,0.0,,8.0
8/26/1992,1012.6,31.9,25.2,30.2,69.0,70.0,67.0,W,7,W,12,0.0,,3.0
8/27/1992,1012.8,31.5,25.8,29.9,72.0,78.0,67.0,W,10,W,14,0.0,,8.0
8/28/1992,1013.2,31.4,23.2,29.8,71.0,76.0,68.0,W,8,W,15,0.0,,4.0
8/29/1992,1012.1,32.4,23.7,30.1,71.0,76.0,66.0,VRB,4,S,10,0.0,,8.0
8/30/1992,1010.7,29.4,23.8,27.2,82.0,90.0,80.0,W,10,WNW,60,20.4,,8.0
8/31/1992,1010.6,29.2,22.7,27.2,82.0,90.0,78.0,WNW,22,WNW,42,11.2,,8.0
9/1/1992,1011.0,30.1,24.6,29.0,75.0,79.0,69.0,W,15,W,23,0.0,,8.0
9/2/1992,1011.9,29.8,25.4,28.9,76.0,79.0,75.0,W,14,W,18,1.0,,7.0
9/3/1992,1011.3,30.8,25.8,29.4,74.0,83.0,70.0,SW,8,SW,15,2.1,,7.0
9/4/1992,1011.6,30.2,22.4,28.6,78.0,86.0,73.0,WSW,6,WSW,12,0.0,,8.0
9/5/1992,1011.3,30.7,23.8,29.7,72.0,76.0,69.0,CALM,0,WNW,6,0.0,,8.0
9/6/1992,1011.3,32.6,25.8,30.0,72.0,75.0,69.0,CALM,0,CALM,4,0.0,,6.0
9/7/1992,1012.3,33.2,26.4,30.4,71.0,74.0,69.0,CALM,0,S,8,0.0,,8.0
9/8/1992,1011.6,32.8,25.6,30.1,70.0,76.0,66.0,WSW,5,WSW,12,0.0,,3.0
9/9/1992,1011.1,34.2,24.8,30.3,68.0,76.0,57.0,CALM,0,CALM,4,0.0,,6.0
9/10/1992,1011.9,33.0,23.6,30.4,69.0,75.0,62.0,CALM,0,CALM,5,0.0,,7.0
9/11/1992,1011.7,33.8,25.9,30.4,67.0,79.0,55.0,CALM,0,W,9,0.0,,2.0
9/12/1992,1011.2,32.4,24.9,30.2,69.0,74.0,64.0,WNW,6,WNW,12,0.0,,2.0
9/13/1992,1012.1,31.6,25.0,29.8,71.0,76.0,67.0,CALM,0,WNW,10,0.0,,1.0
9/14/1992,1012.9,32.0,23.4,29.8,72.0,79.0,65.0,CALM,0,W,9,2.1,,5.0
9/15/1992,1013.6,31.2,22.1,29.2,77.0,83.0,74.0,W,8,W,14,21.0,,7.0
9/16/1992,1013.6,30.8,23.1,28.1,82.0,90.0,74.0,W,11,W,18,27.2,,7.0
9/17/1992,1012.0,29.6,23.6,27.7,83.0,90.0,75.0,W,15,W,21,55.3,,7.0
9/18/1992,1011.9,28.8,24.2,27.0,88.0,90.0,86.0,W,13,W,23,1.6,,8.0
9/19/1992,1013.3,29.6,25.9,28.5,79.0,82.0,76.0,W,13,W,20,6.2,,8.0
9/20/1992,1013.0,29.4,24.7,27.1,89.0,97.0,87.0,WNW,12,W,30,63.6,,7.0
9/21/1992,1012.5,29.2,22.8,27.1,87.0,93.0,82.0,W,20,W,30,2.0,,8.0
9/22/1992,1011.1,29.8,21.5,28.0,82.0,86.0,74.0,WNW,15,WNW,20,13.6,,6.0
9/23/1992,1010.8,28.8,23.0,26.9,86.0,92.0,83.0,WSW,12,W,38,4.2,,8.0
9/24/1992,1010.8,29.6,22.6,28.4,82.0,89.0,77.0,W,14,WNW,30,22.8,,6.0
9/25/1992,1010.4,30.4,23.8,28.2,82.0,98.0,70.0,W,17,W,20,10.0,,8.0
9/26/1992,1010.4,28.7,24.0,26.8,89.0,95.0,83.0,WSW,15,W,24,1.0,,8.0
9/27/1992,1010.9,29.6,25.0,27.2,85.0,90.0,79.0,WNW,19,WSW,32,2.0,,8.0
9/28/1992,1011.3,30.5,25.8,28.6,79.0,95.0,70.0,W,16,W,24,10.0,,7.0
9/29/1992,1010.5,30.6,24.6,28.7,77.0,86.0,71.0,WSW,18,WSW,28,6.4,,6.0
9/30/1992,1010.7,31.4,23.6,27.7,82.0,90.0,74.0,W,8,WNW,34,14.4,,8.0
10/1/1992,1010.6,31.4,25.0,27.2,83.0,89.0,78.0,WNW,21,WNW,34,16.5,,7.0
10/2/1992,1012.0,30.6,25.3,27.3,83.0,91.0,74.0,WNW,11,NW,20,0.5,,7.0
10/3/1992,1011.5,32.4,24.6,28.6,82.0,90.0,74.0,W,9,SW,30,11.5,,7.0
10/4/1992,1011.1,31.0,26.4,29.4,76.0,83.0,72.0,WSW,13,WSW,16,0.0,,4.0
10/5/1992,1011.0,31.6,24.5,29.6,75.0,77.0,71.0,WSW,15,W,18,4.0,,6.0
10/6/1992,1010.8,32.1,22.8,28.8,81.0,84.0,79.0,W,17,WSW,28,7.5,,7.0
10/7/1992,1010.2,32.1,24.4,30.1,75.0,80.0,70.0,WNW,19,W,38,2.0,,6.0
10/8/1992,1010.5,31.3,24.6,28.1,83.0,90.0,73.0,W,22,W,42,12.2,,6.0
10/9/1992,1011.5,30.4,24.4,28.7,78.0,81.0,74.0,W,24,WNW,28,2.0,,7.0
10/10/1992,1011.1,30.6,24.0,28.2,81.0,90.0,75.0,W,20,WSW,44,2.0,,5.0
10/11/1992,1010.8,31.4,25.9,29.6,78.0,85.0,74.0,W,15,WSW,18,0.0,,7.0
10/12/1992,1010.8,31.4,26.4,29.7,74.0,79.0,71.0,WSW,15,WSW,16,0.0,,2.0
10/13/1992,1011.8,31.2,25.2,28.9,81.0,87.0,77.0,W,12,WNW,30,5.1,,7.0
10/14/1992,1011.2,31.4,25.5,29.1,82.0,85.0,77.0,WSW,13,WSW,18,12.9,,6.0
10/15/1992,1011.2,32.0,26.2,30.0,78.0,82.0,75.0,W,13,W,16,0.1,,6.0
10/16/1992,1010.6,33.0,25.6,30.3,76.0,85.0,69.0,W,16,W,18,0.4,,5.0
10/17/1992,1010.4,33.2,26.0,30.4,75.0,79.0,70.0,NW,14,NW,16,0.0,,2.0
10/18/1992,1011.6,32.5,25.5,29.4,77.0,82.0,74.0,NW,12,NW,14,0.0,,7.0
10/19/1992,1011.8,33.4,25.6,30.7,73.0,79.0,69.0,NW,12,NW,16,0.0,,4.0
10/20/1992,1012.4,33.5,25.5,30.9,72.0,78.0,68.0,NW,10,NW,12,0.0,,4.0
10/21/1992,1012.4,34.2,25.4,30.9,71.0,76.0,67.0,NW,10,NW,12,0.0,,2.0
10/22/1992,1012.6,33.6,24.6,31.0,71.0,77.0,67.0,NW,9,NW,12,0.0,,1.0
10/23/1992,1013.5,34.0,22.6,30.8,71.0,78.0,66.0,VRB,5,NNW,8,0.0,,5.0
10/24/1992,1014.3,33.2,24.2,30.0,71.0,75.0,64.0,CALM,0,CALM,4,0.4,,6.0
10/25/1992,1015.0,32.2,23.2,29.2,76.0,80.0,72.0,VRB,4,WNW,8,2.4,,4.0
10/26/1992,1014.7,33.4,24.8,30.3,70.0,80.0,65.0,VRB,4,CALM,6,0.0,,2.0
10/27/1992,1014.0,34.1,26.0,31.0,72.0,78.0,68.0,NNW,7,NNW,10,0.0,,3.0
10/28/1992,1013.5,35.1,23.8,32.4,66.0,74.0,59.0,WNW,9,NNW,16,13.7,,2.0
10/29/1992,1013.2,34.0,26.0,31.5,70.0,79.0,65.0,WNW,8,WNW,12,0.0,,2.0
10/30/1992,1012.1,34.5,26.0,31.9,68.0,74.0,61.0,NW,9,NW,10,0.0,,2.0
10/31/1992,1011.8,34.0,25.8,31.6,71.0,78.0,66.0,NW,11,WNW,12,0.3,,2.0
11/1/1992,1011.6,34.3,25.0,31.2,72.0,82.0,66.0,NW,10,W,16,1.5,,2.0
11/2/1992,1011.7,34.5,23.3,30.9,76.0,97.0,63.0,W,11,WNW,20,83.8,,5.0
11/3/1992,1011.4,32.1,25.4,28.0,84.0,92.0,79.0,W,13,W,22,0.1,,6.0
11/4/1992,1011.6,32.3,25.2,29.0,81.0,87.0,75.0,W,14,WNW,18,1.6,,5.0
11/5/1992,1011.2,32.6,25.4,30.4,76.0,82.0,71.0,W,15,W,16,0.6,,3.0
11/6/1992,1011.7,34.1,24.4,31.0,72.0,82.0,64.0,WNW,12,WNW,14,5.9,,4.0
11/7/1992,1011.7,32.4,23.6,29.8,79.0,83.0,74.0,W,13,W,16,27.9,,5.0
11/8/1992,1011.3,30.4,24.0,27.8,88.0,92.0,85.0,W,12,WNW,16,10.6,,7.0
11/9/1992,1011.6,33.2,24.6,29.8,80.0,92.0,68.0,W,10,WNW,22,6.1,,7.0
11/10/1992,1011.5,32.8,24.0,30.7,74.0,81.0,65.0,CALM,0,NW,8,0.0,,1.0
11/11/1992,1010.4,33.8,24.4,31.0,74.0,85.0,67.0,NNW,7,NNW,12,0.0,,4.0
11/12/1992,1010.6,33.0,25.2,30.9,72.0,77.0,67.0,NNW,5,NNW,12,0.0,,6.0
11/13/1992,1010.2,32.9,23.0,28.6,82.0,97.0,67.0,WSW,10,WSW,35,63.0,,6.0
11/14/1992,1009.9,27.8,23.8,25.8,92.0,95.0,89.0,WNW,14,WNW,30,6.3,,8.0
11/15/1992,1009.1,30.0,24.6,28.8,80.0,83.0,77.0,W,17,W,22,0.0,,3.0
11/16/1992,1009.3,30.1,23.6,27.6,86.0,93.0,79.0,WSW,20,NW,42,17.2,,6.0
11/17/1992,1009.8,30.8,24.9,29.0,79.0,87.0,74.0,WSW,13,WSW,20,0.0,,5.0
11/18/1992,1010.4,33.0,25.4,30.4,75.0,86.0,66.0,W,10,W,18,24.2,,4.0
11/19/1992,1010.9,33.0,25.6,29.6,77.0,92.0,72.0,WNW,16,WNW,20,0.0,,2.0
11/20/1992,1012.1,33.6,26.2,31.1,74.0,80.0,69.0,W,15,WNW,22,0.0,,3.0
11/21/1992,1011.0,33.5,23.2,30.9,71.0,78.0,68.0,W,15,W,17,12.2,,2.0
11/22/1992,1012.5,31.0,24.2,27.9,84.0,96.0,76.0,W,10,WNW,18,0.0,,6.0
11/23/1992,1013.3,34.0,23.8,30.2,79.0,86.0,70.0,WNW,8,WNW,15,3.0,,7.0
11/24/1992,1013.8,33.6,23.6,28.6,82.0,96.0,77.0,CALM,0,WNW,9,0.0,,4.0
11/25/1992,1012.7,30.2,23.2,28.0,86.0,93.0,79.0,VRB,4,NW,10,4.8,,4.0
11/26/1992,1011.1,33.8,24.6,28.9,83.0,89.0,77.0,CALM,0,N,10,7.8,,5.0
11/27/1992,1010.5,30.4,24.0,27.7,87.0,97.0,83.0,N,14,N,23,5.4,,5.0
11/28/1992,1012.7,28.4,22.0,25.1,97.0,100.0,93.0,E,8,E,18,29.8,,8.0
11/29/1992,1014.1,26.6,24.0,25.6,93.0,95.0,92.0,W,13,W,16,6.0,,8.0
11/30/1992,1012.2,27.8,25.0,26.4,85.0,92.0,78.0,NW,14,NW,20,0.5,,8.0
12/1/1992,1011.3,32.2,23.8,27.5,86.0,93.0,80.0,WNW,14,W,22,8.1,,6.0
12/2/1992,1011.0,30.0,24.2,26.7,90.0,96.0,85.0,WNW,16,WNW,22,0.0,,7.0
12/3/1992,1011.4,32.6,23.6,30.1,80.0,89.0,74.0,WNW,11,WNW,20,8.4,,7.0
12/4/1992,1012.5,27.8,22.8,25.0,97.0,100.0,95.0,W,15,WNW,28,31.1,,8.0
12/5/1992,1013.3,30.4,23.5,27.6,86.0,97.0,78.0,WNW,15,WNW,32,0.0,,7.0
12/6/1992,1012.9,30.5,22.8,28.7,77.0,82.0,74.0,CALM,0,NE,10,0.0,,1.0
12/7/1992,1012.7,30.6,23.0,28.8,81.0,87.0,77.0,VRB,4,N,12,8.5,,1.0
12/8/1992,1013.1,30.4,25.2,28.1,80.0,83.0,78.0,VRB,8,NE,13,0.0,,1.0
12/9/1992,1012.1,30.5,25.6,29.0,73.0,76.0,70.0,VRB,5,N,10,0.0,,1.0
12/10/1992,1011.7,30.8,24.2,29.5,72.0,80.0,68.0,CALM,0,NE,11,3.0,,1.0
12/11/1992,1012.5,30.6,23.4,28.6,78.0,85.0,73.0,CALM,0,NE,14,1.0,,1.0
12/12/1992,1013.3,27.8,24.0,26.1,92.0,97.0,86.0,CALM,0,N,10,0.1,,8.0
12/13/1992,1012.3,30.6,24.6,28.0,81.0,92.0,71.0,CALM,0,CALM,6,2.0,,5.0
12/14/1992,1011.9,30.4,25.4,28.9,76.0,80.0,73.0,CALM,0,CALM,5,0.0,,2.0
12/15/1992,1012.0,30.5,24.8,29.3,75.0,86.0,69.0,NE,7,W,11,2.1,,1.0
12/16/1992,1011.9,30.2,24.0,28.9,77.0,82.0,74.0,NNE,10,NNE,14,0.0,,1.0
12/17/1992,1010.8,30.6,23.8,28.4,77.0,80.0,73.0,NNE,8,NNE,15,10.0,,3.0
12/18/1992,1010.5,28.8,22.0,26.3,95.0,100.0,93.0,CALM,0,CALM,7,160.1,,8.0
12/19/1992,1010.8,28.4,23.6,26.6,90.0,95.0,86.0,SW,9,S,12,4.1,,8.0
12/20/1992,1012.4,28.0,22.6,25.9,92.0,100.0,86.0,CALM,0,S,11,40.2,,8.0
12/21/1992,1012.7,30.4,25.5,29.2,78.0,85.0,73.0,E,7,E,14,0.0,,2.0
12/22/1992,1012.6,30.3,24.8,28.7,81.0,89.0,73.0,E,8,E,16,1.3,,4.0
12/23/1992,1012.2,30.7,25.0,28.0,83.0,93.0,75.0,E,11,E,16,2.0,,6.0
12/24/1992,1012.4,28.8,23.0,26.7,90.0,97.0,83.0,CALM,0,CALM,6,51.3,,8.0
12/25/1992,1012.5,28.4,23.2,26.9,93.0,97.0,87.0,CALM,0,E,8,0.3,,8.0
12/26/1992,1012.4,30.2,24.8,29.1,77.0,80.0,75.0,NE,10,NE,15,0.0,,1.0
12/27/1992,1012.4,30.8,25.4,29.5,73.0,75.0,71.0,NE,11,NE,17,0.0,,1.0
12/28/1992,1012.2,30.4,25.6,29.3,75.0,81.0,73.0,NE,10,NE,14,0.1,,2.0
12/29/1992,1013.1,30.5,24.9,29.3,73.0,78.0,70.0,NE,10,NE,12,0.2,,1.0
12/30/1992,1013.7,30.6,25.7,29.4,74.0,79.0,71.0,NNE,10,NNE,15,0.0,,2.0
12/31/1992,1014.7,30.2,23.8,28.6,80.0,90.0,73.0,NNE,9,N,18,10.2,,2.0
1/1/1993,1015.8,27.8,22.9,25.5,99.0,100.0,98.0,CALM,0,N,11,15.1,,8.0
1/2/1993,1012.6,29.6,23.6,27.8,83.0,89.0,79.0,ENE,11,ENE,16,10.1,,4.0
1/3/1993,1013.4,29.0,22.1,25.1,94.0,100.0,86.0,E,9,E,30,60.1,,7.0
1/4/1993,1012.9,29.8,24.3,26.5,91.0,98.0,89.0,CALM,0,NE,15,59.6,,8.0
1/5/1993,1012.3,29.4,25.2,27.8,82.0,86.0,78.0,E,7,E,14,10.2,,5.0
1/6/1993,1011.8,30.1,23.0,28.8,77.0,80.0,73.0,NE,7,NE,12,0.0,,2.0
1/7/1993,1010.1,30.4,24.0,29.6,73.0,76.0,71.0,NE,8,NE,13,0.0,,5.0
1/8/1993,1010.3,30.2,24.2,29.2,76.0,79.0,73.0,NE,9,NE,15,0.0,,3.0
1/9/1993,1010.6,30.8,25.4,29.0,78.0,85.0,73.0,NE,6,NE,15,0.0,,4.0
1/10/1993,1010.1,30.6,25.6,29.0,77.0,92.0,71.0,ENE,9,ENE,16,21.8,,6.0
1/11/1993,1009.7,29.8,26.0,28.3,83.0,90.0,75.0,E,10,E,13,0.0,,7.0
1/12/1993,1009.8,30.9,25.6,29.5,75.0,81.0,72.0,VRB,5,NE,12,0.0,,5.0
1/13/1993,1010.5,31.8,23.8,29.8,73.0,79.0,70.0,VRB,3,N,10,0.0,,4.0
1/14/1993,1010.6,30.6,23.0,29.3,75.0,79.0,73.0,NNE,7,NNE,14,17.3,,8.0
1/15/1993,1010.6,28.0,22.6,25.8,93.0,100.0,89.0,VRB,6,W,32,23.6,,8.0
1/16/1993,1011.1,30.2,24.6,29.0,74.0,79.0,71.0,NE,6,NE,12,0.0,,6.0
1/17/1993,1011.6,31.9,24.8,30.1,70.0,75.0,64.0,CALM,0,CALM,5,0.0,,3.0
1/18/1993,1012.3,30.4,22.4,29.6,71.0,74.0,69.0,CALM,0,CALM,6,0.0,,7.0
1/19/1993,1013.1,29.8,23.8,28.6,76.0,79.0,74.0,CALM,0,CALM,6,0.0,,8.0
1/20/1993,1012.6,30.2,23.2,29.0,74.0,78.0,71.0,VRB,4,NNE,9,0.0,,8.0
1/21/1993,1013.5,29.6,22.0,28.4,77.0,84.0,71.0,CALM,0,N,10,0.0,,8.0
1/22/1993,1013.5,32.0,22.8,29.6,71.0,80.0,62.0,CALM,0,CALM,4,0.0,,1.0
1/23/1993,1013.6,31.8,22.6,29.7,71.0,78.0,65.0,CALM,0,N,14,0.0,,1.0
1/24/1993,1013.7,31.4,22.2,29.5,72.0,80.0,66.0,N,5,N,15,16.2,,1.0
1/25/1993,1011.7,29.9,23.6,28.3,77.0,90.0,71.0,VRB,4,E,12,0.0,,3.0
1/26/1993,1012.9,30.6,24.0,29.4,75.0,79.0,73.0,SE,11,SE,16,0.0,,1.0
1/27/1993,1014.6,29.8,23.4,27.6,83.0,92.0,77.0,CALM,0,E,12,3.6,,5.0
1/28/1993,1014.1,30.5,23.2,29.1,74.0,83.0,69.0,VRB,6,NE,13,0.0,,2.0
1/29/1993,1014.0,30.9,23.0,28.9,74.0,79.0,65.0,N,10,N,15,0.0,,2.0
1/30/1993,1013.3,30.8,22.1,29.9,72.0,75.0,69.0,NNE,9,N,16,0.0,,3.0
1/31/1993,1013.6,30.4,24.4,29.2,72.0,77.0,68.0,VRB,5,NE,14,0.0,,2.0
2/1/1993,1013.9,30.2,25.4,28.5,75.0,81.0,68.0,VRB,5,NE,12,0.2,,2.0
2/2/1993,1013.7,31.2,24.8,29.8,71.0,78.0,67.0,VRB,7,NE,14,0.0,,1.0
2/3/1993,1013.4,30.6,23.9,28.3,79.0,90.0,70.0,NE,11,NE,15,4.2,,4.0
2/4/1993,1013.4,30.8,25.4,29.1,75.0,80.0,68.0,NE,12,NE,16,0.0,,2.0
2/5/1993,1014.1,30.7,25.6,29.7,70.0,74.0,68.0,VRB,6,NNE,12,0.0,,2.0
2/6/1993,1014.3,30.6,23.0,29.2,73.0,74.0,72.0,VRB,4,NNE,14,0.0,,1.0
2/7/1993,1014.1,31.0,23.4,29.1,76.0,84.0,70.0,VRB,6,NE,14,2.1,,2.0
2/8/1993,1013.9,29.6,23.6,28.2,80.0,83.0,78.0,N,7,N,14,0.0,,6.0
2/9/1993,1014.0,30.2,22.6,28.3,78.0,83.0,70.0,N,8,N,13,0.0,,4.0
2/10/1993,1013.2,30.4,22.1,29.8,71.0,74.0,70.0,CALM,0,NE,10,0.0,,1.0
2/11/1993,1013.0,31.2,22.8,29.9,70.0,75.0,64.0,NE,8,NE,14,0.0,,1.0
2/12/1993,1012.8,31.1,23.4,30.1,68.0,74.0,64.0,CALM,0,N,10,0.0,,1.0
2/13/1993,1013.0,30.6,22.0,29.4,72.0,78.0,68.0,VRB,4,E,12,0.0,,1.0
2/14/1993,1011.9,30.5,22.4,29.2,74.0,80.0,67.0,NE,8,NE,14,0.0,,1.0
2/15/1993,1011.7,30.4,24.6,28.9,75.0,80.0,69.0,NE,10,NE,15,4.1,,2.0
2/16/1993,1010.9,29.8,24.8,28.4,78.0,83.0,74.0,CALM,0,NE,12,0.0,,2.0
2/17/1993,1010.6,30.8,23.8,29.0,74.0,82.0,68.0,N,5,N,13,0.0,,1.0
2/18/1993,1011.7,30.6,25.6,28.7,76.0,82.0,70.0,VRB,3,NNW,15,0.0,,5.0
2/19/1993,1012.2,30.7,25.0,29.1,74.0,80.0,69.0,NNW,11,NNW,16,0.0,,2.0
2/20/1993,1012.4,31.4,25.7,29.8,70.0,76.0,64.0,NW,10,NW,14,0.0,,1.0
2/21/1993,1012.0,31.6,26.4,30.0,70.0,73.0,67.0,CALM,0,CALM,6,0.0,,1.0
2/22/1993,1012.1,31.2,23.0,29.8,71.0,76.0,66.0,NNW,4,NNW,13,0.0,,2.0
2/23/1993,1012.3,30.9,23.4,29.9,70.0,74.0,68.0,NNW,12,NNW,15,0.0,,1.0
2/24/1993,1013.0,30.8,22.6,29.7,71.0,75.0,69.0,N,12,N,16,0.0,,3.0
2/25/1993,1013.2,31.0,23.4,29.8,71.0,75.0,68.0,N,11,N,15,0.0,,3.0
2/26/1993,1012.8,31.3,24.0,30.0,70.0,74.0,67.0,NE,10,NE,15,0.0,,3.0
2/27/1993,1012.3,30.8,23.9,29.6,71.0,76.0,65.0,VRB,4,NE,12,0.0,,2.0
2/28/1993,1012.4,31.4,23.2,29.8,71.0,78.0,67.0,CALM,0,CALM,4,0.0,,1.0
3/1/1993,1012.6,32.2,23.4,30.0,67.0,79.0,61.0,VRB,3,E,10,0.0,,1.0
3/2/1993,1012.7,31.8,24.6,30.0,69.0,74.0,64.0,VRB,4,NE,9,0.0,,1.0
3/3/1993,1012.7,31.4,23.0,30.2,68.0,73.0,65.0,NNE,6,NNE,12,4.1,,1.0
3/4/1993,1012.7,29.8,24.7,28.5,78.0,82.0,72.0,VRB,5,NE,10,0.0,,8.0
3/5/1993,1012.3,29.4,24.4,28.1,81.0,83.0,78.0,E,9,E,30,2.1,,7.0
3/6/1993,1011.2,30.4,23.5,28.6,78.0,85.0,73.0,VRB,4,E,10,16.5,,6.0
3/7/1993,1011.1,29.6,24.8,28.1,81.0,84.0,78.0,E,11,E,15,10.2,,8.0
3/8/1993,1012.0,29.4,25.0,27.9,83.0,89.0,76.0,E,4,E,12,0.0,,6.0
3/9/1993,1011.8,31.6,24.4,30.1,70.0,74.0,65.0,VRB,4,NE,10,0.0,,1.0
3/10/1993,1012.1,33.2,23.1,30.4,68.0,74.0,61.0,CALM,0,CALM,6,0.0,,1.0
3/11/1993,1012.2,31.8,25.4,29.7,71.0,76.0,67.0,CALM,0,CALM,7,0.0,,1.0
3/12/1993,1012.5,31.6,22.8,29.8,70.0,76.0,64.0,E,4,E,12,0.2,,5.0
3/13/1993,1012.4,30.5,23.4,28.8,76.0,83.0,71.0,NNW,9,W,22,0.0,,5.0
3/14/1993,1012.5,31.2,23.6,29.9,68.0,72.0,67.0,NNW,12,NNW,14,0.0,,2.0
3/15/1993,1012.1,32.8,25.6,30.5,68.0,74.0,57.0,NW,11,NW,19,0.0,,5.0
3/16/1993,1011.3,31.4,24.8,30.1,70.0,75.0,67.0,NW,12,NW,15,0.0,,2.0
3/17/1993,1010.6,33.4,25.6,30.3,70.0,74.0,61.0,NW,11,NW,17,0.0,,1.0
3/18/1993,1011.4,32.2,24.5,29.9,69.0,76.0,62.0,WNW,11,WNW,15,0.0,,1.0
3/19/1993,1011.7,30.8,23.7,29.8,70.0,75.0,66.0,WNW,8,WNW,12,0.0,,1.0
3/20/1993,1011.3,31.2,23.2,29.7,72.0,78.0,67.0,W,8,W,12,0.0,,1.0
3/21/1993,1011.8,31.6,22.0,29.5,73.0,78.0,66.0,W,8,W,13,0.0,,2.0
3/22/1993,1012.5,30.8,23.1,28.7,77.0,83.0,67.0,CALM,0,W,6,0.1,,4.0
3/23/1993,1013.1,32.4,24.2,29.7,72.0,78.0,67.0,CALM,0,CALM,6,0.0,,2.0
3/24/1993,1013.7,34.2,23.4,30.3,70.0,79.0,60.0,CALM,0,CALM,5,0.0,,2.0
3/25/1993,1013.6,32.8,23.6,30.2,69.0,78.0,61.0,CALM,0,CALM,6,0.0,,2.0
3/26/1993,1013.8,32.7,27.2,30.1,71.0,75.0,67.0,VRB,4,SE,11,0.0,,1.0
3/27/1993,1013.6,33.2,24.7,30.0,70.0,79.0,61.0,VRB,4,WSW,12,0.0,,2.0
3/28/1993,1013.7,32.9,23.8,30.0,71.0,76.0,67.0,VRB,5,NNW,10,0.0,,1.0
3/29/1993,1013.4,33.0,25.6,30.5,68.0,75.0,57.0,VRB,4,CALM,7,0.0,,1.0
3/30/1993,1013.0,32.4,25.8,30.0,70.0,74.0,67.0,VRB,4,E,12,0.0,,1.0
3/31/1993,1013.1,33.8,24.7,30.7,68.0,74.0,59.0,CALM,0,CALM,5,0.0,,1.0
4/1/1993,1012.5,31.8,24.4,29.7,70.0,78.0,67.0,NW,10,NW,16,0.0,,2.0
4/2/1993,1011.9,33.4,22.6,30.2,70.0,77.0,60.0,NNW,10,NNW,15,0.0,,1.0
4/3/1993,1011.3,33.8,22.4,30.4,69.0,76.0,60.0,NNW,9,NNW,14,0.0,,1.0
4/4/1993,1011.1,32.8,23.2,30.3,70.0,75.0,64.0,NNW,6,NW,12,0.0,,1.0
4/5/1993,1011.2,33.6,23.8,30.6,68.0,75.0,57.0,N,11,N,15,0.0,,1.0
4/6/1993,1011.3,32.7,24.7,30.4,69.0,75.0,60.0,CALM,0,CALM,7,0.2,,1.0
4/7/1993,1011.4,32.8,23.9,29.7,73.0,79.0,66.0,CALM,0,CALM,6,2.1,,1.0
4/8/1993,1011.7,31.6,23.4,29.6,73.0,82.0,69.0,N,8,N,12,0.0,,2.0
4/9/1993,1011.9,32.4,23.1,29.7,72.0,78.0,67.0,N,10,N,14,0.0,,2.0
4/10/1993,1012.2,32.6,24.6,29.9,72.0,79.0,66.0,VRB,3,CALM,7,0.0,,1.0
4/11/1993,1012.2,33.2,25.4,30.4,70.0,78.0,61.0,CALM,0,CALM,5,4.2,,1.0
4/12/1993,1012.3,30.8,24.6,29.2,75.0,79.0,68.0,VRB,4,NW,10,0.1,,2.0
4/13/1993,1012.7,31.8,24.4,29.4,74.0,82.0,68.0,CALM,0,CALM,6,5.6,,2.0
4/14/1993,1012.7,31.6,23.8,29.7,72.0,80.0,68.0,CALM,0,CALM,5,0.0,,3.0
4/15/1993,1014.1,31.9,24.8,30.2,69.0,73.0,66.0,CALM,0,CALM,7,3.1,,3.0
4/16/1993,1013.8,29.8,24.0,28.3,81.0,86.0,78.0,VRB,5,WNW,16,15.7,,3.0
4/17/1993,1012.3,32.8,25.4,30.1,71.0,79.0,65.0,WNW,10,WNW,14,0.0,,2.0
4/18/1993,1011.5,33.8,23.7,30.8,69.0,74.0,61.0,W,9,W,12,0.0,,2.0
4/19/1993,1011.9,29.6,23.8,27.3,88.0,100.0,82.0,SW,6,SW,26,12.4,,5.0
4/20/1993,1011.7,30.8,25.4,29.4,75.0,82.0,70.0,SW,8,SW,17,6.3,,2.0
4/21/1993,1011.3,30.9,25.2,29.5,76.0,86.0,70.0,WNW,15,WNW,28,0.0,,4.0
4/22/1993,1010.1,30.6,24.7,28.3,82.0,89.0,72.0,W,14,W,24,8.8,,4.0
4/23/1993,1010.1,30.8,24.2,29.5,75.0,82.0,69.0,W,13,W,19,23.3,,5.0
4/24/1993,1009.7,31.4,24.4,29.7,76.0,95.0,68.0,VRB,8,WNW,15,30.4,,2.0
4/25/1993,1010.0,31.2,24.5,29.1,78.0,90.0,72.0,W,12,W,14,5.1,,5.0
4/26/1993,1009.4,28.8,24.8,27.0,90.0,100.0,86.0,W,15,W,30,33.3,,8.0
4/27/1993,1009.4,30.4,23.8,28.7,80.0,83.0,75.0,NNW,12,NNW,34,3.2,,5.0
4/28/1993,1008.7,31.8,24.0,29.7,75.0,85.0,69.0,W,13,W,16,52.8,,2.0
4/29/1993,1010.2,29.6,23.6,26.8,91.0,100.0,86.0,W,15,WNW,32,12.2,,7.0
4/30/1993,1009.4,32.2,24.6,29.9,72.0,80.0,67.0,WNW,9,WNW,14,0.0,,3.0
5/1/1993,1009.4,31.8,24.7,29.8,72.0,79.0,65.0,WNW,10,W,20,4.1,,2.0
5/2/1993,1010.0,29.8,23.2,28.1,84.0,86.0,82.0,VRB,7,NW,14,15.9,,8.0
5/3/1993,1009.3,31.5,23.8,29.5,76.0,85.0,69.0,NW,15,NW,18,54.2,,8.0
5/4/1993,1010.1,29.6,24.0,27.2,89.0,100.0,82.0,W,9,W,16,19.1,,8.0
5/5/1993,1010.2,29.9,23.6,27.3,90.0,100.0,80.0,VRB,6,W,12,12.6,,7.0
5/6/1993,1010.7,28.8,23.4,27.3,87.0,100.0,79.0,S,11,S,30,11.3,,7.0
5/7/1993,1010.3,31.8,25.4,29.9,72.0,75.0,69.0,VRB,2,S,12,0.0,,2.0
5/8/1993,1010.9,31.6,25.9,30.1,71.0,76.0,66.0,VRB,3,SW,13,0.0,,2.0
5/9/1993,1011.4,32.4,25.7,30.2,72.0,77.0,65.0,VRB,3,S,10,0.0,,2.0
5/10/1993,1011.3,32.9,24.7,30.2,71.0,80.0,61.0,VRB,4,CALM,7,0.0,,2.0
5/11/1993,1011.7,31.8,26.0,29.6,74.0,82.0,68.0,CALM,0,CALM,6,0.0,,1.0
5/12/1993,1010.9,31.2,25.8,30.0,72.0,74.0,71.0,SSE,6,SSE,12,0.0,,1.0
5/13/1993,1010.9,31.6,26.6,30.0,72.0,77.0,68.0,CALM,0,CALM,6,0.0,,1.0
5/14/1993,1011.1,32.0,25.6,29.9,72.0,79.0,66.0,CALM,0,SW,10,0.0,,2.0
5/15/1993,1010.8,32.3,23.9,29.8,72.0,80.0,64.0,VRB,5,S,12,0.0,,2.0
5/16/1993,1011.3,32.4,24.5,29.7,72.0,79.0,66.0,SW,9,SW,16,15.2,,2.0
5/17/1993,1010.7,31.4,25.0,29.3,76.0,81.0,70.0,W,15,WSW,20,6.2,,5.0
5/18/1993,1010.6,31.9,24.8,29.7,75.0,83.0,68.0,W,15,W,30,8.1,,1.0
5/19/1993,1011.6,30.8,24.6,28.5,81.0,86.0,74.0,W,10,W,21,8.4,,3.0
5/20/1993,1010.9,29.4,23.8,27.8,86.0,92.0,83.0,WNW,20,WNW,34,24.7,,6.0
5/21/1993,1010.4,28.8,23.0,26.9,91.0,93.0,89.0,WNW,20,WSW,38,1.6,,7.0
5/22/1993,1011.0,30.2,23.6,28.2,78.0,91.0,71.0,VRB,8,WSW,15,52.3,,6.0
5/23/1993,1010.7,30.1,23.2,28.1,82.0,93.0,75.0,W,15,W,32,15.1,,5.0
5/24/1993,1010.8,29.6,24.9,28.5,79.0,87.0,75.0,WSW,19,WSW,28,4.1,,8.0
5/25/1993,1010.2,29.4,23.0,27.7,85.0,89.0,82.0,WSW,21,WSW,50,30.2,,8.0
5/26/1993,1010.0,30.4,23.8,28.6,78.0,87.0,71.0,SW,9,W,35,21.4,,5.0
5/27/1993,1011.0,31.6,24.7,28.5,81.0,92.0,69.0,SW,6,SW,20,12.5,,2.0
5/28/1993,1010.5,31.2,24.2,29.6,73.0,76.0,70.0,SW,7,SW,14,0.0,,2.0
5/29/1993,1010.4,30.8,24.0,29.5,74.0,83.0,69.0,WNW,14,WNW,28,14.2,,5.0
5/30/1993,1010.2,30.6,23.7,28.5,79.0,89.0,71.0,W,16,WNW,52,10.2,,5.0
5/31/1993,1010.7,30.8,25.3,29.4,74.0,82.0,69.0,W,14,W,15,0.0,,6.0
6/1/1993,1010.9,30.7,25.8,29.5,74.0,82.0,72.0,CALM,0,S,12,0.0,,8.0
6/2/1993,1011.0,31.2,25.6,29.9,71.0,75.0,68.0,W,8,W,22,0.0,,8.0
6/3/1993,1009.0,31.4,24.8,28.9,78.0,86.0,71.0,W,12,W,16,0.4,,3.0
6/4/1993,1009.2,31.8,25.0,29.6,73.0,78.0,67.0,W,5,W,12,0.0,,8.0
6/5/1993,1009.1,31.9,25.4,29.7,74.0,85.0,65.0,WSW,14,WSW,20,0.0,,8.0
6/6/1993,1009.0,33.6,21.9,30.7,70.0,76.0,62.0,WSW,12,WSW,16,2.6,,3.0
6/7/1993,1007.4,32.5,24.4,28.5,88.0,95.0,76.0,W,8,W,16,14.4,,7.0
6/8/1993,1008.5,31.6,24.9,28.9,86.0,95.0,82.0,WSW,7,W,9,0.0,,7.0
6/9/1993,1009.7,33.3,24.7,30.7,80.0,89.0,69.0,W,8,W,10,0.0,,7.0
6/10/1993,1010.9,33.4,24.3,30.5,77.0,80.0,74.0,VRB,6,WSW,7,0.0,,2.0
6/11/1993,1011.1,34.6,25.6,31.2,73.0,86.0,61.0,WNW,7,WNW,10,0.0,,2.0
6/12/1993,1010.7,33.9,24.6,31.2,72.0,82.0,64.0,W,7,W,8,0.0,,1.0
6/13/1993,1011.5,32.5,23.6,29.8,74.0,83.0,67.0,VRB,5,CALM,6,0.0,,1.0
6/14/1993,1012.0,32.8,23.8,30.2,74.0,86.0,67.0,VRB,3,CALM,6,0.0,,3.0
6/15/1993,1012.5,32.9,25.6,29.9,76.0,85.0,72.0,VRB,3,S,7,0.0,,6.0
6/16/1993,1012.9,33.4,26.5,30.8,71.0,82.0,64.0,VRB,5,S,8,0.0,,4.0
6/17/1993,1012.9,32.8,27.2,30.7,71.0,78.0,67.0,SSE,8,SSE,14,0.0,,2.0
6/18/1993,1013.0,33.6,26.5,31.1,71.0,77.0,66.0,SSE,8,SSE,13,0.0,,4.0
6/19/1993,1012.5,33.4,26.3,30.9,71.0,78.0,67.0,SSE,7,SSE,12,0.0,,2.0
6/20/1993,1011.9,33.7,24.0,31.2,69.0,77.0,63.0,VRB,5,SE,8,1.5,,3.0
6/21/1993,1012.9,32.9,23.8,30.2,76.0,90.0,69.0,CALM,0,SW,10,14.8,,3.0
6/22/1993,1013.2,30.2,24.6,28.1,88.0,93.0,81.0,WSW,10,SW,22,3.2,,7.0
6/23/1993,1012.0,31.5,25.1,28.2,84.0,95.0,77.0,VRB,6,SW,15,2.8,,7.0
6/24/1993,1011.3,31.6,24.0,28.8,81.0,90.0,78.0,S,10,W,20,1.9,,7.0
6/25/1993,1010.3,30.1,22.6,28.7,78.0,80.0,76.0,SSW,8,SSW,12,6.6,,7.0
6/26/1993,1011.6,32.0,22.9,28.3,84.0,92.0,72.0,W,17,WNW,38,4.9,,7.0
6/27/1993,1011.4,30.2,25.5,28.3,82.0,87.0,76.0,WSW,17,NW,28,1.5,,8.0
6/28/1993,1011.0,32.5,23.5,28.1,87.0,97.0,73.0,WSW,9,SW,34,32.1,,7.0
6/29/1993,1011.2,30.0,25.4,27.4,86.0,90.0,79.0,WNW,12,WSW,18,0.1,,8.0
6/30/1993,1009.6,32.5,26.0,30.3,78.0,87.0,72.0,W,14,N,16,0.0,,6.0
7/1/1993,1009.6,32.8,25.2,30.3,76.0,83.0,69.0,W,14,WNW,22,1.3,,4.0
7/2/1993,1009.8,31.5,23.6,28.7,83.0,90.0,79.0,SW,12,SW,26,5.7,,7.0
7/3/1993,1010.9,29.6,25.6,28.5,85.0,90.0,82.0,W,9,WSW,11,0.1,,8.0
7/4/1993,1011.1,33.0,23.4,30.5,76.0,87.0,68.0,W,7,W,9,0.0,,6.0
7/5/1993,1011.8,33.4,25.7,30.5,75.0,87.0,68.0,NW,7,WNW,10,0.0,,3.0
7/6/1993,1011.6,33.7,24.2,30.9,73.0,85.0,64.0,NNW,7,WNW,9,0.0,,4.0
7/7/1993,1011.2,31.8,24.2,29.4,75.0,84.0,71.0,VRB,5,SW,6,0.0,,4.0
7/8/1993,1011.5,32.0,25.7,29.8,71.0,77.0,66.0,VRB,4,SSE,8,0.0,,7.0
7/9/1993,1011.2,31.7,26.4,30.0,73.0,80.0,68.0,VRB,6,SSE,9,0.0,,5.0
7/10/1993,1010.1,31.9,26.6,30.1,72.0,78.0,67.0,VRB,7,SSE,11,0.0,,5.0
7/11/1993,1009.1,31.5,24.3,29.9,73.0,79.0,66.0,SE,7,SE,11,1.3,,7.0
7/12/1993,1010.4,30.0,24.0,27.2,87.0,97.0,75.0,WNW,11,WNW,28,2.4,,8.0
7/13/1993,1008.6,30.2,22.6,28.9,83.0,87.0,76.0,W,13,WNW,18,32.3,,7.0
7/14/1993,1009.0,28.4,22.6,25.2,94.0,98.0,90.0,VRB,5,NNW,12,4.0,,8.0
7/15/1993,1009.6,31.5,23.3,26.7,91.0,100.0,86.0,WSW,11,WSW,34,31.3,,7.0
7/16/1993,1009.3,31.6,26.1,29.8,79.0,86.0,75.0,W,16,W,20,0.0,,6.0
7/17/1993,1010.5,32.2,26.3,30.0,79.0,85.0,74.0,W,14,WNW,16,0.0,,5.0
7/18/1993,1010.4,31.5,23.5,29.2,82.0,86.0,74.0,NW,20,WNW,32,13.7,,5.0
7/19/1993,1012.6,28.5,22.3,25.8,95.0,100.0,86.0,WNW,11,WNW,30,36.9,,8.0
7/20/1993,1011.5,32.2,25.4,29.4,81.0,87.0,77.0,WNW,12,WNW,14,0.2,,7.0
7/21/1993,1012.3,33.0,25.0,29.2,82.0,89.0,74.0,W,14,W,18,1.0,,3.0
7/22/1993,1013.5,32.8,22.8,29.3,79.0,86.0,74.0,VRB,4,WSW,14,4.4,,4.0
7/23/1993,1014.5,28.4,23.6,26.6,89.0,92.0,86.0,WNW,8,WNW,30,8.3,,6.0
7/24/1993,1013.5,32.0,23.4,29.2,77.0,82.0,72.0,VRB,3,CALM,5,0.0,,4.0
7/25/1993,1013.6,31.4,24.3,29.1,78.0,83.0,72.0,CALM,0,CALM,6,0.0,,8.0
7/26/1993,1013.4,31.8,24.0,29.6,76.0,83.0,71.0,W,10,W,14,0.0,,6.0
7/27/1993,1013.0,32.8,23.2,30.0,74.0,79.0,71.0,W,9,W,13,0.0,,2.0
7/28/1993,1013.2,31.7,24.9,29.3,77.0,85.0,73.0,W,12,W,15,0.0,,3.0
7/29/1993,1013.3,31.9,22.8,29.0,78.0,86.0,73.0,W,14,W,16,0.0,,7.0
7/30/1993,1013.1,33.1,23.0,29.4,78.0,85.0,70.0,W,15,W,18,3.1,,8.0
7/31/1993,1012.9,32.6,24.1,29.9,76.0,80.0,70.0,W,12,W,15,0.0,,8.0
8/1/1993,1013.0,32.0,23.8,29.9,73.0,76.0,71.0,VRB,2,WSW,10,0.0,,2.0
8/2/1993,1012.9,32.4,23.0,29.3,77.0,90.0,69.0,CALM,0,W,35,50.0,,5.0
8/3/1993,1012.4,28.0,22.6,26.4,92.0,100.0,87.0,W,23,W,32,4.1,,8.0
8/4/1993,1012.0,31.2,23.7,28.9,77.0,83.0,71.0,WNW,15,WNW,20,2.1,,5.0
8/5/1993,1012.3,32.8,25.6,30.0,74.0,79.0,69.0,WNW,9,WNW,13,0.0,,7.0
8/6/1993,1012.9,33.4,25.1,30.3,74.0,79.0,70.0,CALM,0,S,8,0.0,,2.0
8/7/1993,1013.7,32.8,22.1,29.8,75.0,83.0,70.0,CALM,0,CALM,6,0.0,,2.0
8/8/1993,1013.7,33.0,23.0,30.4,72.0,76.0,68.0,CALM,0,CALM,6,0.0,,3.0
8/9/1993,1013.6,33.4,23.4,30.3,73.0,76.0,69.0,W,9,W,12,0.0,,2.0
8/10/1993,1013.7,32.9,23.8,29.6,75.0,80.0,68.0,SSW,9,SSW,16,0.0,,3.0
8/11/1993,1013.6,32.6,22.0,29.4,75.0,80.0,71.0,CALM,0,CALM,5,0.0,,3.0
8/12/1993,1013.1,33.0,22.8,30.0,74.0,80.0,69.0,CALM,0,CALM,6,0.0,,1.0
8/13/1993,1012.9,32.7,24.8,29.7,76.0,85.0,69.0,WNW,9,WNW,13,0.0,,2.0
8/14/1993,1012.5,32.4,25.2,29.4,78.0,85.0,74.0,WNW,13,WNW,16,0.0,,2.0
8/15/1993,1013.5,31.6,24.2,29.4,77.0,85.0,73.0,WNW,13,WNW,15,0.0,,3.0
8/16/1993,1013.6,32.9,23.0,29.6,77.0,83.0,73.0,WSW,11,WSW,14,2.3,,5.0
8/17/1993,1013.3,28.4,23.8,27.3,88.0,90.0,86.0,W,15,W,44,5.2,,8.0
8/18/1993,1013.6,29.6,24.6,28.0,82.0,86.0,80.0,WNW,9,WNW,28,1.0,,5.0
8/19/1993,1013.7,29.8,24.2,28.5,80.0,86.0,75.0,NW,11,NW,37,14.9,,6.0
8/20/1993,1013.9,31.4,23.7,29.1,78.0,85.0,72.0,NW,14,NW,20,2.1,,4.0
8/21/1993,1013.9,28.6,24.0,27.0,87.0,93.0,83.0,VRB,6,WSW,14,12.3,,8.0
8/22/1993,1013.0,30.8,24.8,29.0,80.0,87.0,74.0,WSW,12,WSW,16,0.0,,3.0
8/23/1993,1013.0,33.2,22.0,29.6,76.0,87.0,69.0,CALM,0,CALM,6,0.0,,4.0
8/24/1993,1013.4,34.2,25.0,31.0,71.0,79.0,63.0,CALM,0,CALM,5,0.0,,2.0
8/25/1993,1012.7,32.1,24.8,30.0,76.0,79.0,74.0,S,7,S,10,0.0,,4.0
8/26/1993,1012.2,31.8,24.8,29.6,72.0,77.0,68.0,S,9,S,12,0.0,,7.0
8/27/1993,1011.4,31.9,22.1,28.0,81.0,96.0,68.0,SSW,10,SW,25,24.1,,7.0
8/28/1993,1011.9,28.4,21.0,26.0,90.0,100.0,85.0,S,11,NW,27,52.2,,8.0
8/29/1993,1011.8,32.4,21.0,29.3,79.0,92.0,70.0,VRB,5,NW,12,0.0,,6.0
8/30/1993,1011.6,33.0,23.4,29.7,75.0,83.0,69.0,W,7,SSE,12,0.0,,5.0
8/31/1993,1011.6,31.9,23.0,28.7,82.0,86.0,77.0,NW,11,NW,30,12.2,,7.0
9/1/1993,1013.0,29.0,22.8,25.2,95.0,96.0,93.0,NW,12,NW,28,15.1,,8.0
9/2/1993,1012.4,32.4,23.2,30.1,81.0,92.0,74.0,WNW,10,WNW,12,3.1,,4.0
9/3/1993,1012.5,33.0,23.1,29.0,77.0,89.0,57.0,NNW,17,NW,50,2.9,,6.0
9/4/1993,1012.7,31.0,23.0,28.9,81.0,89.0,75.0,NW,7,NW,28,2.3,,6.0
9/5/1993,1013.0,33.0,22.8,30.0,76.0,85.0,69.0,CALM,0,CALM,4,8.9,,5.0
9/6/1993,1013.6,31.6,22.4,28.3,85.0,95.0,81.0,N,5,N,12,0.0,,7.0
9/7/1993,1012.9,32.6,24.2,30.2,76.0,86.0,71.0,NW,9,NW,11,0.0,,2.0
9/8/1993,1012.4,32.6,25.2,30.0,74.0,80.0,71.0,NW,10,WNW,12,0.0,,2.0
9/9/1993,1012.2,32.8,25.0,30.0,75.0,83.0,71.0,NW,9,NW,13,0.0,,2.0
9/10/1993,1012.9,33.0,24.8,30.1,75.0,81.0,70.0,W,7,W,12,0.0,,5.0
9/11/1993,1013.8,32.4,23.2,29.7,76.0,84.0,69.0,W,8,W,13,0.0,,5.0
9/12/1993,1013.4,33.6,23.0,30.3,74.0,83.0,67.0,W,7,SW,12,0.0,,1.0
9/13/1993,1012.5,32.8,24.8,29.9,76.0,85.0,70.0,VRB,5,S,12,0.0,,1.0
9/14/1993,1012.4,32.6,21.0,29.9,77.0,85.0,73.0,SSE,10,SSE,14,85.1,,5.0
9/15/1993,1012.5,28.0,23.6,26.3,91.0,96.0,89.0,NW,8,W,20,10.6,,8.0
9/16/1993,1011.9,30.8,22.8,27.7,85.0,95.0,74.0,NW,17,WNW,38,5.4,,4.0
9/17/1993,1011.2,29.6,23.0,27.1,86.0,95.0,82.0,NW,19,WNW,30,56.4,,8.0
9/18/1993,1011.9,30.5,23.4,27.1,88.0,95.0,77.0,WSW,18,W,33,3.3,,8.0
9/19/1993,1012.0,32.8,24.3,29.4,78.0,85.0,68.0,W,15,W,20,4.2,,8.0
9/20/1993,1012.3,29.4,22.6,27.0,88.0,95.0,82.0,W,17,W,36,84.1,,8.0
9/21/1993,1012.5,28.5,23.1,26.7,87.0,96.0,82.0,W,17,W,28,0.2,,8.0
9/22/1993,1012.1,29.6,24.1,28.2,80.0,85.0,76.0,WNW,10,WNW,20,6.1,,8.0
9/23/1993,1011.3,31.4,24.4,29.5,77.0,82.0,73.0,WSW,11,WSW,15,0.0,,3.0
9/24/1993,1011.6,32.0,23.7,29.9,75.0,79.0,74.0,WSW,16,WSW,22,0.0,,3.0
9/25/1993,1011.8,33.0,22.6,30.0,73.0,80.0,67.0,WSW,12,WSW,20,0.0,,2.0
9/26/1993,1011.7,33.6,25.2,30.6,74.0,82.0,68.0,WSW,10,WSW,14,0.0,,4.0
9/27/1993,1011.3,31.8,24.0,29.3,73.0,80.0,69.0,W,11,W,13,0.0,,2.0
9/28/1993,1011.5,32.5,23.5,29.4,75.0,83.0,69.0,W,10,W,13,0.0,,7.0
9/29/1993,1011.0,29.8,23.8,26.7,87.0,95.0,84.0,NW,20,NW,34,23.6,,6.0
9/30/1993,1011.8,32.9,23.4,30.1,74.0,76.0,73.0,WNW,11,WNW,14,0.0,,1.0
10/1/1993,1012.2,33.4,22.5,29.8,75.0,79.0,72.0,W,9,W,13,21.1,,3.0
10/2/1993,1012.9,30.2,22.8,27.4,82.0,90.0,76.0,WSW,13,WSW,30,0.0,,7.0
10/3/1993,1013.2,30.4,23.6,28.0,82.0,90.0,74.0,WSW,12,WSW,30,4.1,,4.0
10/4/1993,1013.4,32.0,23.2,29.3,78.0,83.0,73.0,WSW,11,WSW,16,0.0,,5.0
10/5/1993,1012.7,31.8,23.0,29.5,74.0,80.0,72.0,W,15,W,17,0.0,,2.0
10/6/1993,1011.8,30.6,22.8,28.3,81.0,85.0,78.0,W,20,W,40,35.9,,4.0
10/7/1993,1012.4,30.7,24.4,29.0,76.0,82.0,71.0,W,17,W,22,0.0,,7.0
10/8/1993,1013.0,30.9,24.8,30.0,76.0,83.0,71.0,WSW,16,WSW,22,0.0,,3.0
10/9/1993,1013.0,31.6,25.0,29.1,77.0,83.0,73.0,WSW,17,WSW,25,0.0,,3.0
10/10/1993,1013.0,30.5,22.6,28.7,78.0,82.0,75.0,WSW,16,WNW,44,5.4,,4.0
10/11/1993,1012.6,29.8,23.8,27.7,83.0,90.0,79.0,W,20,WNW,37,10.3,,8.0
10/12/1993,1012.2,30.4,23.6,28.8,76.0,80.0,73.0,WNW,22,WNW,30,9.2,,8.0
10/13/1993,1012.2,28.6,24.2,27.1,84.0,92.0,81.0,WNW,25,WNW,38,24.6,,7.0
10/14/1993,1012.0,29.6,24.5,28.2,81.0,83.0,78.0,W,15,W,32,0.4,,6.0
10/15/1993,1011.1,30.0,25.4,28.7,78.0,82.0,74.0,WNW,12,W,28,4.1,,4.0
10/16/1993,1011.4,32.4,23.7,29.9,73.0,79.0,67.0,NW,10,NW,15,0.0,,2.0
10/17/1993,1011.6,33.2,23.0,30.1,72.0,79.0,67.0,W,9,W,14,0.0,,2.0
10/18/1993,1012.0,33.8,22.8,30.3,73.0,80.0,66.0,W,9,W,13,0.0,,2.0
10/19/1993,1011.7,32.9,22.6,30.1,73.0,79.0,69.0,CALM,0,W,12,0.0,,2.0
10/20/1993,1012.3,32.6,22.0,29.4,76.0,80.0,73.0,WNW,6,WNW,12,54.5,,3.0
10/21/1993,1012.6,30.1,22.8,28.0,82.0,93.0,75.0,W,7,W,17,22.2,,6.0
10/22/1993,1013.0,30.8,23.4,29.2,77.0,83.0,73.0,W,12,W,16,0.0,,3.0
10/23/1993,1012.9,31.4,23.0,29.4,75.0,82.0,70.0,WNW,12,WNW,18,0.0,,3.0
10/24/1993,1012.9,32.8,22.1,30.0,73.0,78.0,67.0,CALM,0,W,10,0.0,,2.0
10/25/1993,1012.9,31.8,23.2,28.9,77.0,83.0,74.0,CALM,0,CALM,7,34.8,,3.0
10/26/1993,1013.8,29.0,24.0,26.5,89.0,97.0,86.0,WNW,7,WNW,20,20.7,,6.0
10/27/1993,1012.6,30.2,24.4,27.9,83.0,90.0,79.0,NW,6,NW,12,0.0,,3.0
10/28/1993,1012.3,30.1,23.9,28.2,80.0,85.0,75.0,W,11,W,14,0.2,,5.0
10/29/1993,1011.8,32.8,24.2,29.2,77.0,82.0,73.0,W,8,W,12,15.3,,3.0
10/30/1993,1011.5,31.7,22.0,28.9,77.0,83.0,70.0,CALM,0,W,11,0.0,,6.0
10/31/1993,1010.9,31.6,23.1,29.4,77.0,85.0,72.0,VRB,3,W,15,5.1,,3.0
11/1/1993,1010.4,29.6,23.5,27.7,84.0,86.0,80.0,SW,23,SW,34,0.0,,8.0
11/2/1993,1010.1,30.0,23.0,27.6,84.0,93.0,75.0,W,23,W,49,100.7,,5.0
11/3/1993,1010.3,28.4,23.5,26.5,89.0,100.0,84.0,W,24,W,45,7.5,,8.0
11/4/1993,1010.5,29.8,23.7,28.0,82.0,85.0,78.0,W,23,W,56,4.1,,7.0
11/5/1993,1007.3,29.6,21.5,27.4,84.0,87.0,80.0,W,30,W,48,1.2,,8.0
11/6/1993,1006.3,29.8,22.7,28.3,80.0,87.0,74.0,W,35,W,46,0.0,,7.0
11/7/1993,1007.5,30.0,23.0,27.9,82.0,89.0,73.0,W,29,W,40,0.0,,7.0
11/8/1993,1009.1,30.6,22.6,28.3,82.0,90.0,76.0,W,29,W,54,38.3,,8.0
11/9/1993,1007.6,30.2,23.4,28.2,80.0,87.0,73.0,W,28,W,34,0.0,,6.0
11/10/1993,1008.1,30.8,24.4,28.8,77.0,83.0,73.0,W,28,W,38,0.0,,2.0
11/11/1993,1009.1,31.0,23.0,29.1,75.0,79.0,73.0,W,23,W,40,0.0,,3.0
11/12/1993,1010.2,32.1,23.7,30.0,73.0,78.0,69.0,W,16,W,20,1.3,,2.0
11/13/1993,1010.9,31.8,24.7,29.8,75.0,79.0,70.0,WNW,10,WNW,14,0.0,,4.0
11/14/1993,1012.0,32.5,25.1,29.7,73.0,82.0,69.0,N,8,N,12,0.0,,2.0
11/15/1993,1012.1,32.7,22.0,29.7,74.0,79.0,67.0,N,5,N,10,0.0,,2.0
11/16/1993,1012.5,33.0,21.1,30.0,75.0,85.0,69.0,CALM,0,CALM,5,0.0,,1.0
11/17/1993,1012.3,33.6,21.5,30.1,74.0,80.0,69.0,CALM,0,NW,8,10.2,,1.0
11/18/1993,1012.1,30.9,26.0,29.6,79.0,87.0,75.0,WNW,13,WNW,15,0.0,,2.0
11/19/1993,1012.2,30.8,25.4,29.4,75.0,80.0,72.0,WNW,12,W,16,0.0,,2.0
11/20/1993,1011.7,31.1,24.8,29.3,78.0,82.0,76.0,W,13,WSW,16,0.0,,2.0
11/21/1993,1011.4,31.6,23.9,29.8,74.0,79.0,70.0,WNW,11,WNW,14,0.0,,2.0
11/22/1993,1011.1,29.6,23.8,28.0,81.0,86.0,78.0,WNW,13,WNW,17,11.3,,5.0
11/23/1993,1011.3,31.8,25.7,29.0,77.0,86.0,71.0,CALM,0,CALM,7,0.0,,6.0
11/24/1993,1011.6,31.9,25.8,29.4,75.0,83.0,69.0,SW,9,SW,14,0.0,,2.0
11/25/1993,1011.4,30.6,24.9,28.0,81.0,84.0,79.0,WSW,11,WNW,15,3.2,,6.0
11/26/1993,1011.4,31.4,25.4,29.1,77.0,83.0,72.0,NW,6,NW,13,0.0,,2.0
11/27/1993,1010.6,31.3,22.6,29.5,75.0,79.0,72.0,N,9,N,12,0.0,,2.0
11/28/1993,1010.8,32.0,22.1,29.2,77.0,82.0,72.0,CALM,0,CALM,7,0.0,,2.0
11/29/1993,1010.5,31.4,22.4,29.3,76.0,81.0,73.0,CALM,0,CALM,5,36.1,,3.0
11/30/1993,1011.0,29.4,23.0,27.2,85.0,95.0,80.0,WNW,5,WNW,13,18.3,,8.0
12/1/1993,1010.5,30.8,22.0,28.4,80.0,90.0,73.0,VRB,4,W,13,38.6,,7.0
12/2/1993,1009.5,29.4,21.8,26.9,86.0,96.0,83.0,WSW,7,WSW,12,168.2,,7.0
12/3/1993,1009.4,27.8,21.6,24.6,97.0,100.0,90.0,WNW,16,WNW,22,25.6,,8.0
12/4/1993,1009.1,29.2,23.3,27.0,85.0,92.0,80.0,W,17,W,32,8.1,,8.0
12/5/1993,1009.7,29.8,23.9,27.9,82.0,86.0,78.0,WNW,20,WNW,34,0.0,,8.0
12/6/1993,1010.7,29.8,21.4,28.0,81.0,86.0,76.0,VRB,5,NW,12,0.0,,8.0
12/7/1993,1011.5,30.6,22.8,28.7,78.0,83.0,73.0,CALM,0,NW,10,0.0,,7.0
12/8/1993,1011.7,30.5,22.4,28.7,79.0,87.0,71.0,NW,9,NW,13,0.0,,8.0
12/9/1993,1011.9,30.8,22.6,28.9,77.0,83.0,73.0,NW,7,NW,12,0.0,,7.0
12/10/1993,1011.1,30.7,22.0,29.1,77.0,86.0,72.0,NNW,10,NNW,13,0.0,,7.0
12/11/1993,1010.9,30.9,21.8,29.3,77.0,85.0,72.0,NW,7,NW,13,0.0,,2.0
12/12/1993,1010.9,31.2,23.0,29.6,74.0,79.0,71.0,WNW,4,WNW,11,0.0,,3.0
12/13/1993,1010.8,31.6,23.6,29.6,72.0,76.0,72.0,CALM,0,W,8,0.0,,2.0
12/14/1993,1011.7,31.5,24.7,29.5,76.0,85.0,73.0,NW,6,NW,10,0.0,,2.0
12/15/1993,1011.9,32.0,23.4,29.5,76.0,83.0,72.0,N,6,N,12,65.2,,3.0
12/16/1993,1011.7,29.4,23.3,27.8,82.0,86.0,78.0,NNE,5,NNE,10,0.0,,8.0
12/17/1993,1011.7,29.6,24.0,28.3,80.0,86.0,74.0,VRB,4,NW,8,0.0,,6.0
12/18/1993,1012.4,31.2,25.6,29.0,76.0,83.0,72.0,W,12,W,16,0.0,,2.0
12/19/1993,1013.0,30.6,24.6,28.8,78.0,83.0,71.0,W,6,W,10,0.0,,3.0
12/20/1993,1012.7,31.2,23.8,29.2,76.0,86.0,72.0,W,10,W,13,0.0,,2.0
12/21/1993,1012.5,30.8,23.1,28.8,79.0,85.0,73.0,WNW,13,WNW,17,26.2,,3.0
12/22/1993,1012.3,30.9,23.5,28.6,82.0,100.0,72.0,WNW,9,WNW,15,0.0,,4.0
12/23/1993,1011.9,29.8,22.8,27.1,87.0,90.0,85.0,NW,4,NW,11,6.1,,5.0
12/24/1993,1011.9,30.8,24.6,28.6,79.0,86.0,73.0,CALM,0,W,10,10.1,,5.0
12/25/1993,1012.2,30.6,24.2,29.1,76.0,80.0,73.0,CALM,0,W,8,0.0,,2.0
12/26/1993,1014.1,30.6,22.0,29.1,77.0,83.0,73.0,N,11,N,15,0.0,,2.0
12/27/1993,1013.1,31.4,21.6,29.5,75.0,79.0,72.0,NNE,8,NNE,12,0.0,,2.0
12/28/1993,1012.1,31.8,21.6,29.5,76.0,82.0,73.0,VRB,6,N,10,0.0,,2.0
12/29/1993,1011.9,33.8,21.2,29.7,75.0,85.0,67.0,NW,7,NW,12,0.0,,2.0
12/30/1993,1012.6,32.2,23.9,29.4,76.0,84.0,72.0,NNE,8,NNE,14,8.3,,2.0
12/31/1993,1012.6,32.8,23.0,28.9,77.0,92.0,65.0,NNE,7,NNE,13,3.2,,4.0
1/1/1994,1012.5,32.6,24.9,29.4,77.0,83.0,73.0,NNE,11,NNE,14,0.0,,4.0
1/2/1994,1012.0,28.0,22.6,25.7,93.0,100.0,86.0,VRB,5,NNE,12,99.3,,8.0
1/3/1994,1012.0,30.8,23.4,29.3,75.0,81.0,72.0,ENE,6,ENE,12,0.0,,2.0
1/4/1994,1011.8,30.4,22.9,28.3,81.0,89.0,73.0,VRB,2,NE,10,0.0,,3.0
1/5/1994,1010.7,30.4,22.8,28.3,79.0,87.0,73.0,VRB,2,ENE,12,10.2,,7.0
1/6/1994,1009.1,30.6,23.2,28.8,79.0,86.0,73.0,VRB,6,ENE,12,3.1,,2.0
1/7/1994,1010.1,31.0,23.6,28.8,79.0,90.0,71.0,E,9,E,13,0.0,,8.0
1/8/1994,1010.3,31.2,22.9,29.3,76.0,82.0,72.0,CALM,0,ENE,9,0.0,,2.0
1/9/1994,1010.7,31.4,22.5,29.6,76.0,82.0,71.0,VRB,3,E,12,0.0,,2.0
1/10/1994,1011.2,29.8,24.2,28.1,81.0,87.0,75.0,E,4,E,12,0.4,,6.0
1/11/1994,1011.3,30.6,24.8,27.9,82.0,86.0,73.0,VRB,2,ENE,10,0.0,,8.0
1/12/1994,1011.4,31.0,23.0,29.2,77.0,82.0,72.0,N,7,N,13,0.0,,3.0
1/13/1994,1011.4,31.6,22.1,29.3,76.0,87.0,71.0,VRB,2,N,8,0.0,,2.0
1/14/1994,1011.4,31.5,21.4,29.3,76.0,84.0,70.0,N,7,N,12,0.0,,3.0
1/15/1994,1010.0,32.6,21.0,30.0,72.0,78.0,67.0,CALM,0,N,10,0.0,,2.0
1/16/1994,1009.8,33.2,21.3,29.6,75.0,82.0,71.0,CALM,0,CALM,6,0.0,,2.0
1/17/1994,1009.8,30.3,21.1,27.7,83.0,87.0,78.0,CALM,0,CALM,5,6.2,,3.0
1/18/1994,1012.4,28.8,21.6,27.0,86.0,90.0,82.0,SW,6,WSW,25,4.3,,5.0
1/19/1994,1011.1,30.2,22.4,28.0,81.0,90.0,74.0,VRB,2,CALM,6,2.1,,4.0
1/20/1994,1011.4,30.0,21.6,28.0,81.0,90.0,74.0,CALM,0,N,8,0.0,,8.0
1/21/1994,1010.9,30.8,22.8,29.0,77.0,83.0,73.0,CALM,0,CALM,5,0.0,,2.0
1/22/1994,1011.0,31.1,23.0,28.9,78.0,85.0,73.0,ENE,6,ENE,12,0.0,,5.0
1/23/1994,1011.6,30.7,22.9,28.7,78.0,84.0,74.0,NE,7,NE,13,0.0,,8.0
1/24/1994,1011.7,30.9,23.4,28.6,79.0,87.0,73.0,NE,9,NE,12,25.4,,7.0
1/25/1994,1011.8,29.6,23.8,27.7,82.0,86.0,78.0,ENE,8,ENE,14,0.0,,8.0
1/26/1994,1011.5,31.0,23.3,29.0,76.0,86.0,72.0,NE,8,NE,14,0.0,,4.0
1/27/1994,1011.5,31.4,23.8,29.3,75.0,79.0,72.0,NE,8,NE,12,0.0,,2.0
1/28/1994,1012.1,31.2,24.7,29.3,78.0,89.0,72.0,NE,8,NE,14,0.0,,6.0
1/29/1994,1011.3,30.6,24.9,29.2,77.0,80.0,74.0,NE,6,NE,15,0.0,,6.0
1/30/1994,1010.8,31.6,24.8,29.4,77.0,85.0,70.0,CALM,0,NNE,12,0.0,,2.0
1/31/1994,1010.6,32.6,25.0,29.3,76.0,82.0,72.0,CALM,0,N,8,0.0,,1.0
2/1/1994,1010.4,31.8,24.8,29.8,74.0,78.0,71.0,N,9,N,15,0.0,,2.0
2/2/1994,1010.6,31.9,23.2,29.5,75.0,82.0,69.0,N,6,N,12,0.0,,5.0
2/3/1994,1009.8,32.9,24.0,29.7,75.0,80.0,70.0,CALM,0,N,10,0.0,,2.0
2/4/1994,1010.5,31.6,24.8,29.6,74.0,83.0,69.0,N,9,N,12,0.0,,2.0
2/5/1994,1009.8,30.8,25.4,29.4,72.0,74.0,70.0,NNE,8,NNE,12,0.0,,2.0
2/6/1994,1009.7,31.6,21.6,29.5,75.0,78.0,70.0,NNE,10,NE,16,37.7,,3.0
2/7/1994,1010.8,30.4,25.6,28.9,81.0,87.0,74.0,N,11,NNW,13,0.0,,6.0
2/8/1994,1010.4,30.3,23.7,29.1,79.0,82.0,77.0,NNW,8,NNW,11,10.2,,5.0
2/9/1994,1010.0,31.4,25.0,29.1,80.0,87.0,74.0,WNW,6,WNW,8,0.0,,6.0
2/10/1994,1010.1,29.9,25.5,28.7,79.0,86.0,74.0,NNW,4,WNW,6,0.0,,8.0
2/11/1994,1009.5,30.8,24.6,29.4,74.0,78.0,69.0,NNW,8,NNW,12,0.0,,3.0
2/12/1994,1009.3,30.6,24.7,29.5,76.0,82.0,71.0,N,10,N,13,0.0,,4.0
2/13/1994,1009.9,30.4,24.2,29.3,75.0,79.0,70.0,NNE,6,N,13,0.0,,2.0
2/14/1994,1011.6,30.4,24.0,29.1,77.0,79.0,71.0,N,7,NNW,11,0.0,,4.0
2/15/1994,1011.0,30.6,23.5,29.2,74.0,76.0,70.0,N,8,NNE,10,0.0,,5.0
2/16/1994,1010.7,30.7,25.2,29.1,76.0,82.0,73.0,N,7,N,9,0.0,,4.0
2/17/1994,1012.0,31.5,24.6,29.7,72.0,75.0,68.0,NE,7,N,10,0.0,,4.0
2/18/1994,1011.4,31.4,25.1,29.8,73.0,75.0,69.0,NNE,10,NNE,12,0.0,,3.0
2/19/1994,1011.2,30.6,24.7,30.6,76.0,79.0,73.0,N,8,N,11,0.0,,6.0
2/20/1994,1011.6,31.4,26.4,30.0,77.0,79.0,74.0,N,11,N,14,0.0,,5.0
2/21/1994,1012.0,30.9,22.2,30.9,82.0,100.0,74.0,NNW,10,NW,23,32.2,,7.0
2/22/1994,1009.5,30.6,22.6,29.5,79.0,85.0,74.0,NNW,11,N,14,21.3,,7.0
2/23/1994,1009.9,30.4,25.1,29.1,77.0,80.0,73.0,N,6,N,9,0.0,,2.0
2/24/1994,1011.3,30.4,25.0,28.6,77.0,81.0,71.0,NNE,8,NNE,12,0.0,,7.0
2/25/1994,1011.0,31.4,26.0,29.4,74.0,82.0,69.0,NE,8,NE,13,0.0,,4.0
2/26/1994,1011.1,31.6,25.3,30.2,68.0,73.0,62.0,NE,10,NE,15,0.0,,2.0
2/27/1994,1010.6,31.6,25.5,29.9,71.0,73.0,68.0,NE,7,NE,11,0.0,,2.0
2/28/1994,1011.6,31.2,25.5,29.8,65.0,76.0,59.0,NE,10,NNE,12,0.0,,2.0
3/1/1994,1011.9,31.0,24.2,29.9,62.0,66.0,55.0,N,12,N,26,0.0,,1.0
3/2/1994,1012.3,31.0,25.0,29.5,65.0,68.0,61.0,N,10,N,14,0.0,,2.0
3/3/1994,1011.5,31.4,25.0,29.6,65.0,73.0,58.0,NE,10,NE,13,0.0,,2.0
3/4/1994,1011.8,31.2,25.2,29.8,64.0,71.0,58.0,NE,9,NNE,14,0.0,,2.0
3/5/1994,1011.3,31.5,25.6,30.0,67.0,70.0,62.0,ENE,7,NE,11,0.0,,2.0
3/6/1994,1010.9,31.6,23.5,29.8,68.0,71.0,66.0,ENE,5,ENE,10,0.0,,1.0
3/7/1994,1011.4,32.5,23.8,30.0,71.0,74.0,70.0,VRB,5,NW,13,0.0,,3.0
3/8/1994,1010.4,31.2,23.5,29.5,75.0,79.0,71.0,VRB,4,E,7,0.0,,4.0
3/9/1994,1011.2,30.8,23.5,28.9,78.0,83.0,72.0,VRB,2,NNE,6,3.4,,7.0
3/10/1994,1012.2,31.5,23.0,28.1,78.0,85.0,70.0,VRB,4,NE,10,0.4,,6.0
3/11/1994,1011.4,31.2,25.2,29.8,74.0,78.0,70.0,ENE,7,ENE,10,0.0,,3.0
3/12/1994,1010.8,31.5,23.4,30.5,71.0,76.0,67.0,VRB,5,N,10,0.0,,2.0
3/13/1994,1011.7,31.4,24.0,30.2,72.0,75.0,68.0,NNW,7,N,11,0.0,,2.0
3/14/1994,1011.4,30.6,27.5,29.8,69.0,72.0,67.0,NW,9,NNW,12,0.0,,2.0
3/15/1994,1011.0,31.2,25.6,29.7,69.0,71.0,66.0,NNW,6,NW,10,0.0,,4.0
3/16/1994,1010.7,31.6,24.8,30.0,70.0,75.0,66.0,NW,7,NNW,9,0.0,,1.0
3/17/1994,1010.2,32.2,25.2,29.8,74.0,76.0,71.0,WNW,10,NNW,13,0.0,,7.0
3/18/1994,1010.5,31.6,22.6,29.5,76.0,87.0,69.0,WSW,14,WSW,30,82.8,,4.0
3/19/1994,1011.6,29.5,26.4,27.5,82.0,85.0,80.0,WSW,8,N,14,0.0,,7.0
3/20/1994,1010.2,31.4,25.8,30.1,74.0,78.0,69.0,VRB,5,SW,7,0.0,,3.0
3/21/1994,1009.6,30.8,26.6,30.5,71.0,74.0,68.0,VRB,5,WSW,10,0.0,,2.0
3/22/1994,1011.3,32.0,27.0,30.7,69.0,71.0,68.0,W,7,W,11,0.0,,1.0
3/23/1994,1013.0,30.8,26.8,30.6,72.0,75.0,71.0,WSW,8,W,11,0.0,,3.0
3/24/1994,1012.5,32.2,27.0,30.5,68.0,71.0,65.0,W,8,WNW,11,0.0,,1.0
3/25/1994,1010.9,31.2,27.2,30.3,70.0,73.0,68.0,W,11,W,13,0.0,,1.0
3/26/1994,1012.3,31.8,26.6,30.5,68.0,74.0,65.0,WSW,8,W,13,0.0,,1.0
3/27/1994,1012.7,32.4,27.2,30.9,69.0,72.0,66.0,W,7,WNW,12,0.0,,1.0
3/28/1994,1012.5,32.4,27.4,30.9,74.0,76.0,70.0,WNW,10,WNW,13,0.0,,3.0
3/29/1994,1012.3,32.6,26.4,31.3,72.0,75.0,69.0,WNW,9,WSW,18,0.0,,2.0
3/30/1994,1012.9,32.6,24.8,30.0,76.0,79.0,73.0,VRB,6,SW,12,16.1,,4.0
3/31/1994,1012.8,31.4,26.4,30.1,78.0,84.0,74.0,VRB,5,W,15,3.4,,4.0
4/1/1994,1012.0,31.2,24.6,30.1,75.0,82.0,71.0,WNW,9,WNW,14,3.6,,3.0
4/2/1994,1010.8,30.6,25.4,29.5,80.0,82.0,78.0,WNW,13,W,15,2.9,,5.0
4/3/1994,1009.6,31.2,23.4,29.9,76.0,81.0,73.0,VRB,5,NNW,10,41.6,,3.0
4/4/1994,1011.1,31.6,24.6,28.3,83.0,100.0,77.0,VRB,3,CALM,5,0.0,,5.0
4/5/1994,1011.2,32.0,24.4,30.4,75.0,77.0,72.0,NNW,7,NW,16,3.8,,3.0
4/6/1994,1011.1,30.8,24.6,28.1,83.0,89.0,78.0,W,7,W,20,0.0,,6.0
4/7/1994,1009.2,30.8,25.2,28.9,82.0,86.0,77.0,NNW,10,NNW,16,3.4,,6.0
4/8/1994,1008.1,31.0,24.4,29.9,75.0,78.0,71.0,NNW,10,NNW,12,0.0,,3.0
4/9/1994,1008.8,30.6,25.2,29.6,76.0,85.0,70.0,CALM,0,NNW,9,9.8,,3.0
4/10/1994,1010.5,30.6,26.0,30.3,73.0,77.0,71.0,S,5,S,10,0.0,,5.0
4/11/1994,1011.0,31.6,23.4,29.4,79.0,87.0,74.0,S,7,S,15,11.6,,5.0
4/12/1994,1009.9,31.8,23.4,30.1,73.0,78.0,71.0,VRB,5,SW,20,22.8,,3.0
4/13/1994,1011.0,31.6,23.2,28.5,78.0,96.0,71.0,CALM,0,CALM,5,0.1,,7.0
4/14/1994,1011.5,32.0,23.8,30.7,71.0,77.0,69.0,VRB,5,SE,15,20.1,,2.0
4/15/1994,1011.8,31.8,23.4,30.3,70.0,71.0,68.0,VRB,5,SE,10,1.6,,2.0
4/16/1994,1012.0,32.0,24.4,30.3,73.0,73.0,71.0,VRB,2,CALM,4,1.1,,3.0
4/17/1994,1011.8,32.0,24.4,28.7,80.0,91.0,72.0,VRB,5,WNW,18,6.7,,7.0
4/18/1994,1011.5,30.0,27.0,28.5,80.0,87.0,74.0,WSW,13,WSW,15,6.7,,7.0
4/19/1994,1011.2,31.8,25.6,30.4,74.0,77.0,72.0,WNW,10,WNW,12,2.1,,6.0
4/20/1994,1010.7,31.6,27.1,29.5,78.0,82.0,76.0,W,8,NW,10,0.0,,5.0
4/21/1994,1010.2,31.8,25.8,30.4,74.0,81.0,71.0,W,11,W,12,0.0,,2.0
4/22/1994,1010.7,31.4,25.2,29.1,78.0,80.0,76.0,W,10,W,18,1.2,,5.0
4/23/1994,1010.9,31.4,27.2,30.2,74.0,79.0,70.0,WSW,12,WSW,14,0.0,,1.0
4/24/1994,1011.3,31.8,27.2,30.3,74.0,77.0,71.0,WSW,9,SW,12,0.0,,2.0
4/25/1994,1010.3,32.2,26.2,31.2,70.0,75.0,66.0,W,8,W,10,0.0,,2.0
4/26/1994,1009.2,31.6,25.0,29.7,80.0,85.0,77.0,WSW,10,WSW,11,38.5,,4.0
4/27/1994,1010.5,30.0,25.2,28.2,82.0,85.0,81.0,WSW,11,SSW,20,0.0,,7.0
4/28/1994,1010.4,31.4,23.8,29.5,76.0,80.0,73.0,W,14,SW,21,36.4,,7.0
4/29/1994,1009.9,30.0,24.2,27.6,85.0,89.0,81.0,WSW,13,NW,23,1.0,,7.0
4/30/1994,1009.2,32.0,25.2,29.6,79.0,83.0,77.0,W,12,W,14,1.8,,7.0
5/1/1994,1009.3,28.4,24.2,27.0,87.0,93.0,79.0,W,11,W,16,6.9,,8.0
5/2/1994,1010.1,31.6,25.8,29.5,78.0,79.0,77.0,W,9,W,11,0.0,,6.0
5/3/1994,1011.0,31.6,25.0,29.9,77.0,79.0,76.0,VRB,4,WSW,7,4.6,,5.0
5/4/1994,1012.8,31.0,22.8,28.1,86.0,90.0,81.0,W,7,WNW,18,35.0,,7.0
5/5/1994,1013.5,29.2,24.4,28.3,81.0,83.0,78.0,SW,7,SW,12,0.0,,7.0
5/6/1994,1012.6,31.0,26.6,29.6,76.0,79.0,73.0,VRB,4,SSW,8,0.0,,4.0
5/7/1994,1013.4,31.4,25.6,30.1,75.0,76.0,73.0,SW,8,SW,10,0.0,,5.0
5/8/1994,1013.7,31.4,24.0,29.4,76.0,79.0,72.0,SW,6,SW,10,17.7,,5.0
5/9/1994,1013.4,31.0,25.0,29.0,82.0,85.0,78.0,WNW,6,WNW,12,0.1,,7.0
5/10/1994,1012.1,32.0,26.6,29.9,77.0,79.0,73.0,W,10,WNW,20,0.0,,6.0
5/11/1994,1011.0,31.8,26.8,30.1,79.0,82.0,77.0,WNW,13,WNW,16,0.0,,3.0
5/12/1994,1011.1,32.0,27.4,30.7,73.0,77.0,71.0,WSW,10,WSW,11,0.0,,3.0
5/13/1994,1011.8,32.5,27.4,30.3,76.0,82.0,73.0,WSW,8,WSW,10,0.0,,5.0
5/14/1994,1012.0,31.8,25.6,30.2,77.0,78.0,75.0,S,7,S,10,4.5,,2.0
5/15/1994,1011.3,31.6,25.0,29.7,78.0,85.0,70.0,SSW,6,W,16,12.8,,5.0
5/16/1994,1011.8,30.0,23.8,28.7,81.0,87.0,78.0,SW,9,WSW,24,46.8,,7.0
5/17/1994,1012.0,30.6,23.6,29.0,79.0,84.0,74.0,SW,9,W,18,14.5,,7.0
5/18/1994,1011.6,29.9,25.4,28.3,86.0,92.0,82.0,WNW,10,WNW,16,3.0,,8.0
5/19/1994,1010.5,31.0,24.2,29.2,81.0,93.0,74.0,WNW,11,WSW,25,24.5,,7.0
5/20/1994,1011.6,29.6,24.0,28.8,82.0,86.0,79.0,SSW,14,WNW,30,52.3,,8.0
5/21/1994,1012.4,29.0,25.4,27.4,83.0,87.0,80.0,SW,13,SW,16,0.0,,8.0
5/22/1994,1011.3,31.0,25.0,28.9,81.0,89.0,77.0,SW,10,SW,24,6.6,,6.0
5/23/1994,1010.3,30.0,23.6,28.3,83.0,86.0,78.0,SSW,9,WNW,30,8.9,,7.0
5/24/1994,1009.8,30.8,23.5,29.5,77.0,81.0,74.0,WSW,7,W,26,7.6,,6.0
5/25/1994,1009.8,31.0,24.4,28.5,85.0,100.0,78.0,W,9,SSW,14,6.9,,7.0
5/26/1994,1008.8,29.6,22.2,28.0,83.0,97.0,78.0,SSW,11,SSW,12,85.2,,7.0
5/27/1994,1009.5,28.6,24.4,26.5,87.0,95.0,80.0,W,18,W,34,8.2,,8.0
5/28/1994,1009.2,28.6,23.0,27.1,85.0,90.0,79.0,WSW,10,WSW,40,15.4,,7.0
5/29/1994,1009.8,30.4,26.0,29.3,75.0,78.0,71.0,SSW,10,SSW,14,0.0,,7.0
5/30/1994,1009.2,31.8,23.2,29.9,71.0,76.0,68.0,VRB,5,WSW,12,0.0,,5.0
5/31/1994,1009.8,30.4,23.4,29.2,72.0,78.0,69.0,VRB,5,ESE,8,4.2,,7.0
6/1/1994,1009.4,30.4,25.0,28.2,82.0,92.0,78.0,VRB,3,SSW,6,0.0,,7.0
6/2/1994,1009.6,32.4,25.0,30.3,70.0,74.0,67.0,VRB,3,S,5,0.0,,5.0
6/3/1994,1009.2,31.2,26.6,30.1,74.0,77.0,72.0,VRB,2,S,6,0.0,,5.0
6/4/1994,1008.5,30.6,24.4,27.9,85.0,92.0,78.0,SW,11,WNW,40,17.5,,6.0
6/5/1994,1007.3,30.6,27.0,29.3,81.0,85.0,78.0,W,17,WNW,20,0.0,,7.0
6/6/1994,1007.2,31.0,27.4,29.8,78.0,81.0,74.0,SW,10,SSW,12,0.0,,7.0
6/7/1994,1007.4,31.8,27.6,30.1,78.0,81.0,75.0,SW,6,SW,10,0.0,,6.0
6/8/1994,1008.3,32.4,27.4,30.7,77.0,85.0,74.0,W,7,WNW,10,0.0,,2.0
6/9/1994,1008.7,32.0,27.6,30.5,77.0,79.0,75.0,W,10,W,12,0.0,,4.0
6/10/1994,1009.4,31.9,27.4,30.6,77.0,81.0,74.0,NW,13,NW,14,0.0,,4.0
6/11/1994,1009.3,32.6,27.4,30.8,79.0,83.0,74.0,WNW,10,WNW,12,0.0,,4.0
6/12/1994,1009.9,32.6,24.6,30.7,77.0,81.0,72.0,CALM,0,WSW,8,8.3,,3.0
6/13/1994,1011.1,31.0,27.2,29.7,79.0,81.0,76.0,SW,8,SSW,10,0.0,,5.0
6/14/1994,1012.2,32.0,27.0,30.4,74.0,78.0,70.0,WNW,6,W,10,0.0,,4.0
6/15/1994,1010.3,31.8,25.4,30.2,74.0,78.0,72.0,WSW,7,WSW,8,0.0,,7.0
6/16/1994,1010.7,31.2,26.8,29.7,75.0,82.0,69.0,SW,10,SW,12,0.0,,3.0
6/17/1994,1011.8,32.0,26.1,30.3,75.0,78.0,71.0,WSW,8,WSW,10,0.0,,3.0
6/18/1994,1011.4,30.6,23.6,28.1,79.0,95.0,71.0,SSE,6,WNW,18,33.3,,6.0
6/19/1994,1010.9,31.9,23.4,30.0,79.0,81.0,76.0,VRB,3,NW,6,3.0,,6.0
6/20/1994,1010.7,30.0,23.4,27.9,83.0,89.0,79.0,SW,5,SW,8,3.9,,7.0
6/21/1994,1010.9,28.8,26.2,27.7,82.0,85.0,80.0,NW,12,NNW,20,0.0,,7.0
6/22/1994,1010.0,31.8,27.0,30.7,74.0,77.0,71.0,NW,11,NW,14,0.0,,5.0
6/23/1994,1010.2,31.8,23.0,29.9,75.0,80.0,73.0,NW,9,N,18,15.2,,4.0
6/24/1994,1010.3,29.6,23.1,26.4,90.0,96.0,87.0,VRB,3,N,12,5.6,,7.0
6/25/1994,1010.2,30.4,24.0,29.3,76.0,83.0,73.0,VRB,2,WNW,20,13.4,,3.0
6/26/1994,1010.1,31.0,22.6,28.5,79.0,83.0,73.0,WNW,9,WNW,25,18.3,,6.0
6/27/1994,1009.5,31.0,27.0,29.0,78.0,82.0,73.0,WNW,14,WSW,16,0.0,,7.0
6/28/1994,1009.4,30.8,25.0,29.8,72.0,76.0,67.0,SW,9,SW,12,0.0,,3.0
6/29/1994,1008.8,30.8,25.0,29.9,75.0,77.0,74.0,VRB,2,WSW,20,0.8,,3.0
6/30/1994,1008.6,31.0,25.0,29.3,78.0,82.0,75.0,SW,7,SW,10,0.0,,6.0
7/1/1994,1008.1,31.6,25.6,29.9,78.0,82.0,74.0,SW,5,SW,8,0.0,,5.0
7/2/1994,1009.2,32.0,26.0,30.3,77.0,83.0,72.0,WSW,5,WSW,8,0.0,,5.0
7/3/1994,1009.2,32.2,27.6,30.1,77.0,79.0,74.0,WSW,5,WSW,10,0.0,,7.0
7/4/1994,1009.6,32.8,25.6,29.5,81.0,89.0,75.0,W,6,N,10,4.9,,7.0
7/5/1994,1010.4,32.4,24.6,30.5,74.0,77.0,71.0,WNW,8,WNW,10,0.0,,2.0
7/6/1994,1011.5,32.2,24.0,30.6,76.0,77.0,68.0,VRB,4,NW,6,0.0,,4.0
7/7/1994,1011.8,31.6,23.9,30.5,69.0,71.0,66.0,VRB,3,NNE,6,0.0,,2.0
7/8/1994,1012.2,31.4,27.0,30.1,71.0,75.0,68.0,VRB,4,SE,6,0.0,,5.0
7/9/1994,1011.4,31.6,25.2,30.2,70.0,75.0,67.0,VRB,4,SE,8,0.0,,6.0
7/10/1994,1011.8,31.0,24.8,29.2,74.0,81.0,68.0,S,6,S,16,4.1,,6.0
7/11/1994,1010.8,30.2,26.0,28.8,77.0,84.0,74.0,VRB,4,SSE,8,0.0,,7.0
7/12/1994,1011.0,31.4,26.6,29.4,75.0,86.0,69.0,SSE,8,SSE,20,0.0,,7.0
7/13/1994,1010.9,31.4,26.0,30.1,75.0,78.0,71.0,S,8,SSE,11,0.0,,5.0
7/14/1994,1010.4,30.4,27.2,29.4,75.0,78.0,73.0,VRB,4,S,5,0.0,,7.0
7/15/1994,1010.0,31.2,27.4,29.8,75.0,79.0,73.0,VRB,4,SE,7,0.0,,7.0
7/16/1994,1009.9,32.4,23.2,29.0,79.0,95.0,72.0,SE,7,SSW,16,20.4,,5.0
7/17/1994,1010.8,31.3,24.1,29.5,78.0,86.0,74.0,NW,7,NW,12,0.0,,7.0
7/18/1994,1011.5,31.7,26.4,29.7,76.0,79.0,72.0,VRB,2,CALM,4,0.0,,7.0
7/19/1994,1011.4,31.5,26.4,29.6,73.0,80.0,68.0,SSE,5,SSE,7,0.0,,7.0
7/20/1994,1011.1,31.2,24.2,30.1,71.0,75.0,68.0,SSE,5,SSE,8,0.0,,5.0
7/21/1994,1011.1,31.2,26.6,29.3,75.0,79.0,70.0,SSE,6,SSE,9,0.0,,7.0
7/22/1994,1011.3,31.2,27.2,30.1,69.0,72.0,67.0,SSE,5,SE,7,0.0,,5.0
7/23/1994,1011.3,31.5,27.2,30.3,70.0,71.0,68.0,SE,6,SSE,9,0.0,,3.0
7/24/1994,1010.8,31.4,23.8,28.5,80.0,100.0,69.0,SSE,6,NNW,22,42.3,,7.0
7/25/1994,1010.9,29.0,24.8,27.3,81.0,87.0,76.0,NW,9,NW,30,0.8,,8.0
7/26/1994,1009.7,29.5,23.8,28.4,79.0,82.0,75.0,SSW,5,SSW,9,3.7,,7.0
7/27/1994,1009.3,30.5,27.2,29.2,75.0,76.0,74.0,S,6,S,10,0.0,,7.0
7/28/1994,1011.2,30.2,23.6,28.3,81.0,92.0,73.0,S,7,WSW,22,6.0,,6.0
7/29/1994,1010.3,32.1,26.4,29.7,77.0,83.0,73.0,W,8,W,12,0.0,,7.0
7/30/1994,1009.7,31.0,25.6,29.6,74.0,78.0,72.0,SW,5,SW,9,0.0,,7.0
7/31/1994,1009.6,30.4,23.8,29.3,77.0,79.0,75.0,SW,8,SW,14,5.4,,7.0
8/1/1994,1010.6,29.2,23.2,26.9,85.0,98.0,80.0,NW,22,NW,42,11.6,,8.0
8/2/1994,1010.1,31.2,26.4,29.6,76.0,79.0,73.0,W,8,W,18,0.0,,7.0
8/3/1994,1011.0,30.5,23.4,28.6,81.0,97.0,73.0,SSW,4,SSW,16,22.7,,7.0
8/4/1994,1011.5,31.2,24.8,28.8,81.0,86.0,74.0,VRB,4,NW,20,1.2,,7.0
8/5/1994,1012.1,29.0,24.3,28.0,81.0,83.0,78.0,VRB,2,SW,8,0.9,,8.0
8/6/1994,1012.0,32.2,24.8,29.6,77.0,89.0,72.0,NNW,7,NNW,25,1.7,,5.0
8/7/1994,1012.7,28.8,22.8,27.1,85.0,89.0,82.0,NW,18,W,44,14.9,,7.0
8/8/1994,1011.9,31.5,27.2,29.5,74.0,77.0,70.0,NNW,12,NNW,16,0.0,,3.0
8/9/1994,1011.5,32.0,27.0,30.0,70.0,72.0,68.0,NW,11,NW,14,0.0,,4.0
8/10/1994,1010.7,31.6,25.5,29.7,71.0,78.0,67.0,NW,8,NW,10,0.0,,7.0
8/11/1994,1012.0,32.0,25.6,30.4,67.0,73.0,62.0,VRB,4,NNW,7,0.0,,3.0
8/12/1994,1012.2,31.2,26.8,29.7,71.0,76.0,68.0,VRB,4,SE,8,0.0,,3.0
8/13/1994,1012.0,31.5,26.2,29.9,71.0,73.0,71.0,ESE,7,SE,11,0.0,,2.0
8/14/1994,1012.1,31.7,25.4,30.1,71.0,75.0,66.0,ESE,6,E,14,0.0,,3.0
8/15/1994,1011.9,31.5,24.5,29.1,75.0,80.0,71.0,VRB,5,ENE,9,0.0,,7.0
8/16/1994,1012.6,30.7,23.5,28.8,78.0,89.0,70.0,SW,9,WNW,28,42.3,,7.0
8/17/1994,1012.1,30.9,26.0,29.5,73.0,79.0,68.0,W,11,W,14,0.0,,7.0
8/18/1994,1011.0,30.8,26.6,29.6,71.0,73.0,68.0,S,6,S,8,0.0,,5.0
8/19/1994,1010.1,30.9,25.6,29.7,71.0,74.0,68.0,VRB,3,SSE,7,0.0,,6.0
8/20/1994,1010.2,31.4,22.6,29.7,71.0,75.0,69.0,SE,5,SE,8,18.0,,3.0
8/21/1994,1010.2,30.1,23.2,28.6,77.0,86.0,71.0,VRB,2,S,8,14.5,,7.0
8/22/1994,1011.6,29.2,22.8,25.3,90.0,95.0,84.0,VRB,3,NW,28,11.3,,8.0
8/23/1994,1011.7,32.0,24.6,30.3,72.0,76.0,68.0,VRB,3,NW,16,0.4,,3.0
8/24/1994,1012.5,31.6,24.3,28.2,80.0,90.0,72.0,VRB,6,WSW,13,0.6,,7.0
8/25/1994,1012.0,31.4,24.4,29.9,73.0,79.0,68.0,W,5,SW,36,1.1,,7.0
8/26/1994,1012.3,32.4,24.4,30.1,70.0,76.0,66.0,CALM,0,SSW,30,28.0,,7.0
8/27/1994,1012.6,31.4,26.2,29.4,74.0,82.0,68.0,S,5,S,10,0.0,,5.0
8/28/1994,1012.6,30.4,23.6,28.7,77.0,86.0,69.0,VRB,3,S,15,0.0,,7.0
8/29/1994,1011.7,30.8,25.6,29.9,70.0,76.0,69.0,CALM,0,CALM,5,0.0,,4.0
8/30/1994,1011.2,30.6,24.8,29.3,73.0,75.0,70.0,SW,3,S,7,6.0,,7.0
8/31/1994,1010.7,30.7,26.4,29.6,70.0,72.0,67.0,SSE,7,SSE,10,0.0,,7.0
9/1/1994,1010.5,31.5,27.0,29.6,70.0,79.0,64.0,NNE,5,SSW,10,0.0,,6.0
9/2/1994,1010.6,31.4,26.6,30.2,69.0,75.0,63.0,SSW,5,SSW,7,0.0,,5.0
9/3/1994,1011.1,31.2,26.6,29.6,73.0,74.0,69.0,VRB,5,SW,8,0.0,,7.0
9/4/1994,1011.9,31.0,23.5,29.4,77.0,78.0,74.0,SSE,6,SE,10,10.0,,7.0
9/5/1994,1012.9,29.4,24.2,27.9,78.0,84.0,75.0,S,7,S,15,0.0,,7.0
9/6/1994,1011.6,31.4,26.4,29.7,73.0,79.0,70.0,ENE,4,ENE,10,0.0,,7.0
9/7/1994,1011.6,32.4,24.6,30.2,71.0,74.0,67.0,NW,8,NW,13,1.2,,7.0
9/8/1994,1013.7,31.0,25.8,28.5,78.0,85.0,73.0,NNW,16,NNW,29,0.0,,8.0
9/9/1994,1013.0,31.5,22.6,28.3,82.0,93.0,77.0,NNW,15,NNW,34,13.8,,7.0
9/10/1994,1012.4,30.2,26.2,28.7,78.0,80.0,75.0,NNW,20,NNW,24,0.0,,7.0
9/11/1994,1013.4,31.2,22.6,27.1,86.0,95.0,74.0,NNW,12,NNW,28,60.3,,7.0
9/12/1994,1013.0,29.8,23.8,27.3,81.0,86.0,81.0,NNE,8,NNW,14,0.5,,7.0
9/13/1994,1012.9,27.8,23.7,26.1,88.0,100.0,77.0,WNW,12,WNW,25,78.0,,8.0
9/14/1994,1012.3,28.8,23.6,27.5,84.0,93.0,79.0,SSW,10,WNW,25,21.0,,7.0
9/15/1994,1012.0,28.8,26.0,27.6,78.0,83.0,71.0,WSW,11,WSW,20,0.0,,7.0
9/16/1994,1012.6,30.4,26.6,29.3,72.0,78.0,66.0,SSW,7,SSW,10,0.0,,7.0
9/17/1994,1013.6,32.2,26.8,30.0,75.0,83.0,69.0,VRB,4,NW,11,0.0,,7.0
9/18/1994,1013.6,31.6,25.7,29.3,75.0,76.0,69.0,NW,14,SW,30,0.0,,7.0
9/19/1994,1013.0,32.2,27.2,30.5,69.0,76.0,64.0,W,7,SW,10,0.0,,3.0
9/20/1994,1012.2,31.4,24.5,29.3,74.0,78.0,68.0,NNE,12,NNE,20,4.6,,7.0
9/21/1994,1012.6,31.4,24.4,29.9,72.0,77.0,67.0,VRB,4,NNE,7,8.3,,3.0
9/22/1994,1013.0,32.0,24.8,30.1,76.0,79.0,72.0,W,16,WNW,20,0.0,,3.0
9/23/1994,1012.9,32.0,24.6,30.4,74.0,77.0,72.0,WNW,11,WNW,16,0.0,,3.0
9/24/1994,1013.4,31.0,23.6,28.3,80.0,84.0,74.0,W,6,NW,11,16.8,,7.0
9/25/1994,1014.0,29.0,23.4,26.7,85.0,93.0,80.0,VRB,9,S,20,18.8,,7.0
9/26/1994,1013.8,27.4,23.0,25.1,90.0,96.0,84.0,W,13,W,24,36.6,,8.0
9/27/1994,1013.3,30.4,23.8,27.3,82.0,93.0,76.0,WNW,9,WNW,10,6.4,,7.0
9/28/1994,1013.0,31.4,25.6,28.7,78.0,80.0,75.0,WNW,7,WNW,10,0.0,,7.0
9/29/1994,1011.6,31.0,25.0,29.3,74.0,76.0,73.0,VRB,5,SW,8,0.0,,3.0
9/30/1994,1011.4,31.0,24.4,28.3,79.0,92.0,71.0,VRB,4,SW,10,4.6,,3.0
10/1/1994,1010.8,30.4,23.4,29.3,75.0,80.0,72.0,SW,6,S,8,9.2,,4.0
10/2/1994,1010.7,29.6,23.4,27.5,81.0,87.0,76.0,SW,17,SW,28,17.5,,7.0
10/3/1994,1010.5,30.4,24.6,28.5,80.0,85.0,74.0,VRB,7,W,30,4.7,,7.0
10/4/1994,1010.2,30.6,22.6,29.0,76.0,78.0,74.0,VRB,5,S,18,20.0,,5.0
10/5/1994,1011.4,30.6,25.0,28.5,81.0,87.0,74.0,W,8,WNW,20,8.2,,7.0
10/6/1994,1011.7,31.4,23.4,28.5,80.0,93.0,69.0,W,11,WNW,40,91.4,,7.0
10/7/1994,1010.7,30.4,22.9,28.2,80.0,84.0,74.0,NW,22,NW,24,35.2,,7.0
10/8/1994,1010.6,29.0,22.4,27.2,84.0,90.0,78.0,W,16,W,24,0.0,,7.0
10/9/1994,1010.9,32.4,25.4,30.5,74.0,79.0,70.0,NW,5,W,24,9.3,,7.0
10/10/1994,1011.9,31.4,24.4,29.4,74.0,77.0,71.0,W,10,W,20,0.0,,6.0
10/11/1994,1012.5,29.0,23.4,26.9,86.0,89.0,84.0,VRB,1,WNW,22,1.9,,7.0
10/12/1994,1013.1,31.4,23.4,29.0,75.0,81.0,67.0,VRB,1,W,19,17.4,,5.0
10/13/1994,1014.0,29.4,23.0,27.7,79.0,84.0,76.0,WSW,6,WSW,32,47.6,,4.0
10/14/1994,1014.7,29.6,23.0,27.0,81.0,84.0,79.0,VRB,5,S,16,0.4,,6.0
10/15/1994,1013.9,29.0,23.6,25.9,89.0,93.0,87.0,VRB,4,S,20,8.0,,7.0
10/16/1994,1011.8,29.6,24.0,28.6,76.0,78.0,74.0,VRB,1,CALM,4,0.0,,7.0
10/17/1994,1011.2,29.0,23.0,27.1,82.0,87.0,76.0,VRB,2,SE,9,0.0,,7.0
10/18/1994,1011.7,31.2,23.0,28.3,79.0,90.0,68.0,VRB,1,SE,20,39.6,,5.0
10/19/1994,1012.5,30.6,22.8,28.6,79.0,87.0,74.0,VRB,3,WNW,18,131.0,,7.0
10/20/1994,1011.9,31.4,25.0,28.4,78.0,83.0,71.0,NW,11,NW,20,0.0,,6.0
10/21/1994,1011.4,30.0,26.0,28.3,76.0,84.0,70.0,VRB,4,CALM,5,0.0,,6.0
10/22/1994,1011.4,30.6,23.6,29.5,72.0,74.0,70.0,CALM,0,SE,24,23.7,,4.0
10/23/1994,1013.1,29.4,24.0,26.0,87.0,93.0,81.0,VRB,2,CALM,3,1.3,,7.0
10/24/1994,1012.4,30.8,26.2,29.0,73.0,76.0,71.0,VRB,3,SE,15,0.0,,2.0
10/25/1994,1012.4,30.4,26.0,29.4,69.0,71.0,65.0,SW,7,S,10,0.0,,5.0
10/26/1994,1012.0,31.6,24.6,28.9,74.0,78.0,70.0,VRB,5,SW,8,0.0,,7.0
10/27/1994,1011.2,30.0,23.8,29.5,74.0,76.0,69.0,SW,6,WSW,7,36.0,,7.0
10/28/1994,1010.9,30.1,23.0,28.7,76.0,80.0,74.0,S,7,SE,20,19.4,,6.0
10/29/1994,1011.1,30.0,24.8,29.1,77.0,84.0,70.0,SSW,6,NNW,18,1.0,,7.0
10/30/1994,1011.1,29.8,23.6,28.3,79.0,83.0,75.0,SSW,7,W,22,2.1,,7.0
10/31/1994,1012.6,30.8,24.8,27.6,77.0,85.0,73.0,VRB,2,NNW,10,0.0,,6.0
11/1/1994,1012.4,31.0,26.4,29.6,74.0,77.0,71.0,VRB,3,E,6,0.0,,4.0
11/2/1994,1012.3,30.8,24.0,29.2,78.0,84.0,73.0,ESE,5,ESE,8,3.4,,4.0
11/3/1994,1012.2,30.0,24.2,27.5,83.0,89.0,75.0,SE,5,S,21,11.1,,7.0
11/4/1994,1012.3,30.2,24.8,28.1,84.0,95.0,79.0,VRB,2,ENE,9,0.0,,5.0
11/5/1994,1012.2,30.4,25.0,28.8,77.0,79.0,74.0,VRB,3,NE,10,0.0,,3.0
11/6/1994,1011.5,31.0,23.8,29.5,76.0,79.0,74.0,VRB,4,E,14,11.2,,4.0
11/7/1994,1011.3,30.0,25.6,27.8,83.0,86.0,75.0,NW,6,W,14,0.0,,6.0
11/8/1994,1010.5,30.2,23.6,27.4,86.0,95.0,79.0,VRB,3,SW,12,16.9,,7.0
11/9/1994,1010.6,29.8,25.4,28.4,82.0,83.0,78.0,N,13,N,23,8.4,,7.0
11/10/1994,1010.8,30.5,23.4,28.8,80.0,85.0,77.0,N,8,NNW,20,62.0,,5.0
11/11/1994,1011.0,28.4,23.8,25.5,95.0,97.0,84.0,NW,9,W,35,48.0,,8.0
11/12/1994,1010.5,31.4,23.4,28.2,85.0,89.0,77.0,NW,5,W,22,50.2,,8.0
11/13/1994,1011.1,27.6,23.5,26.3,90.0,95.0,86.0,VRB,3,SW,7,15.1,,8.0
11/14/1994,1010.6,30.0,25.6,28.4,82.0,85.0,78.0,WNW,7,WNW,14,0.0,,6.0
11/15/1994,1010.0,31.0,25.8,29.2,78.0,81.0,75.0,E,6,SE,12,0.0,,2.0
11/16/1994,1011.1,30.2,24.2,28.0,84.0,86.0,82.0,E,9,ENE,18,0.0,,6.0
11/17/1994,1011.8,27.6,23.2,25.6,92.0,100.0,87.0,SW,11,W,30,12.6,,7.0
11/18/1994,1011.9,27.0,24.0,26.0,88.0,92.0,86.0,NW,13,NE,32,4.7,,8.0
11/19/1994,1009.8,29.6,22.4,26.8,87.0,100.0,76.0,N,13,N,24,90.9,,7.0
11/20/1994,1010.9,27.4,22.0,25.0,92.0,95.0,90.0,NE,7,ENE,18,23.6,,8.0
11/21/1994,1010.9,31.0,25.2,27.8,84.0,93.0,74.0,NW,9,NNW,14,9.8,,7.0
11/22/1994,1011.7,27.6,24.0,26.4,90.0,92.0,87.0,NW,14,ENE,22,2.6,,8.0
11/23/1994,1010.7,31.4,23.8,29.7,79.0,81.0,76.0,NW,10,NW,16,38.6,,5.0
11/24/1994,1010.6,31.4,24.6,29.7,79.0,81.0,77.0,W,9,WSW,18,2.7,,4.0
11/25/1994,1010.1,31.2,24.5,29.5,81.0,83.0,78.0,NW,10,NNW,16,6.5,,4.0
11/26/1994,1010.0,29.0,25.0,27.5,83.0,87.0,80.0,NNW,10,N,15,0.0,,6.0
11/27/1994,1010.4,30.5,23.8,29.4,75.0,77.0,71.0,N,10,N,14,0.0,,2.0
11/28/1994,1010.3,30.4,24.8,29.3,72.0,76.0,67.0,VRB,3,NNE,10,0.0,,2.0
11/29/1994,1011.0,31.0,23.6,29.5,73.0,75.0,70.0,VRB,4,E,12,0.0,,3.0
11/30/1994,1012.1,30.8,23.8,29.4,71.0,76.0,68.0,VRB,5,E,9,0.0,,5.0
12/1/1994,1013.1,32.0,26.6,30.2,74.0,79.0,71.0,VRB,2,WNW,6,0.0,,4.0
12/2/1994,1013.0,32.5,26.8,30.5,72.0,75.0,69.0,NNW,10,NW,13,0.0,,2.0
12/3/1994,1012.1,32.4,23.6,30.5,69.0,71.0,67.0,WNW,11,WNW,16,38.3,,5.0
12/4/1994,1012.7,30.0,23.0,26.6,87.0,98.0,79.0,VRB,4,WSW,18,28.3,,6.0
12/5/1994,1014.2,30.8,23.8,28.4,83.0,97.0,75.0,VRB,4,NW,14,53.2,,6.0
12/6/1994,1012.3,30.5,26.0,29.1,77.0,81.0,74.0,NNE,9,N,16,0.0,,5.0
12/7/1994,1011.8,30.8,25.2,29.2,75.0,76.0,72.0,NNE,7,NNE,14,0.0,,6.0
12/8/1994,1012.3,30.4,23.8,26.6,87.0,96.0,75.0,NNE,6,SE,20,6.0,,7.0
12/9/1994,1013.0,29.8,24.0,26.8,85.0,95.0,79.0,VRB,4,SW,10,22.6,,7.0
12/10/1994,1012.4,30.2,25.2,28.4,81.0,89.0,75.0,NE,7,NE,12,0.0,,4.0
12/11/1994,1011.4,30.5,25.4,28.8,81.0,82.0,77.0,NNE,6,N,10,0.0,,7.0
12/12/1994,1011.7,30.5,26.0,28.8,81.0,85.0,78.0,E,5,NNW,12,0.0,,6.0
12/13/1994,1011.5,30.5,25.8,28.9,77.0,79.0,75.0,NE,10,NE,16,0.0,,5.0
12/14/1994,1011.6,30.5,26.0,28.9,71.0,73.0,67.0,NNE,9,NNE,13,0.0,,5.0
12/15/1994,1012.3,30.6,25.4,29.0,76.0,79.0,74.0,NE,9,ENE,13,0.0,,5.0
12/16/1994,1012.2,30.6,25.6,29.2,80.0,83.0,78.0,NNE,8,NNW,14,0.8,,4.0
12/17/1994,1011.9,30.6,25.0,29.3,78.0,83.0,70.0,NNE,7,NE,12,0.0,,3.0
12/18/1994,1012.3,30.6,25.8,29.1,82.0,85.0,79.0,E,7,NE,11,0.2,,3.0
12/19/1994,1013.2,30.5,23.8,28.9,81.0,85.0,78.0,E,8,NE,14,20.5,,4.0
12/20/1994,1013.0,30.6,23.5,28.6,83.0,85.0,81.0,SE,7,NNE,16,19.2,,6.0
12/21/1994,1013.1,28.0,23.4,26.1,90.0,98.0,83.0,ENE,8,N,16,19.4,,7.0
12/22/1994,1012.5,29.8,22.8,28.8,82.0,85.0,78.0,NE,11,ENE,22,25.2,,7.0
12/23/1994,1012.6,28.2,24.4,26.3,93.0,97.0,90.0,NNE,9,NNE,24,2.6,,7.0
12/24/1994,1012.0,28.6,22.8,25.4,93.0,98.0,83.0,NNE,8,NE,20,85.4,,8.0
12/25/1994,1011.2,29.2,25.1,27.5,86.0,87.0,84.0,NNE,12,ENE,19,0.4,,6.0
12/26/1994,1011.5,30.4,23.0,27.5,89.0,97.0,83.0,VRB,4,NNE,18,10.1,,7.0
12/27/1994,1012.0,29.7,24.2,27.8,86.0,97.0,82.0,VRB,4,ENE,8,7.3,,7.0
12/28/1994,1011.4,30.4,27.0,29.2,81.0,82.0,79.0,ENE,6,ENE,8,0.0,,5.0
12/29/1994,1011.9,30.9,26.6,29.4,78.0,82.0,74.0,ENE,6,ENE,8,0.0,,5.0
12/30/1994,1011.5,30.8,24.6,29.5,78.0,81.0,74.0,VRB,4,NE,7,0.0,,6.0
12/31/1994,1012.1,30.1,25.5,27.8,85.0,89.0,82.0,VRB,4,NE,6,0.0,,6.0
1/1/1995,1013.2,28.4,25.6,27.1,85.0,89.0,81.0,VRB,2,SE,6,1.6,,7.0
1/2/1995,1011.1,30.6,23.0,28.8,80.0,82.0,79.0,ENE,6,ENE,8,36.3,,5.0
1/3/1995,1013.1,28.6,22.5,25.2,88.0,100.0,71.0,VRB,2,N,6,53.5,,8.0
1/4/1995,1012.7,29.5,25.9,27.8,80.0,87.0,76.0,VRB,3,N,6,0.2,,7.0
1/5/1995,1012.0,30.5,25.8,29.2,78.0,81.0,75.0,NE,5,NE,7,0.0,,3.0
1/6/1995,1012.6,30.3,26.3,29.3,80.0,85.0,77.0,NE,5,NE,7,0.0,,6.0
1/7/1995,1013.8,31.2,25.7,29.6,80.0,85.0,77.0,NNE,6,E,8,0.2,,7.0
1/8/1995,1012.8,30.4,25.8,29.0,82.0,87.0,79.0,VRB,2,ENE,12,0.0,,6.0
1/9/1995,1011.8,30.8,25.4,29.4,78.0,83.0,72.0,VRB,2,N,6,0.0,,5.0
1/10/1995,1013.0,30.6,22.7,29.4,81.0,87.0,77.0,VRB,5,N,9,33.1,,6.0
1/11/1995,1013.2,30.1,25.9,28.8,82.0,98.0,76.0,VRB,5,N,8,0.0,,6.0
1/12/1995,1013.2,30.9,25.8,29.4,80.0,83.0,79.0,VRB,4,N,6,0.0,,3.0
1/13/1995,1012.1,30.5,24.7,29.3,79.0,83.0,75.0,VRB,4,N,6,0.6,,5.0
1/14/1995,1011.7,30.9,23.1,28.1,85.0,96.0,76.0,VRB,3,NNW,10,13.8,,7.0
1/15/1995,1012.6,29.7,22.9,26.7,88.0,93.0,78.0,CALM,0,CALM,4,20.2,,7.0
1/16/1995,1012.6,30.2,24.9,28.6,74.0,80.0,70.0,N,6,N,9,0.0,,5.0
1/17/1995,1012.7,30.7,25.8,29.6,73.0,77.0,69.0,N,5,N,7,0.0,,6.0
1/18/1995,1012.5,30.4,25.4,29.3,74.0,76.0,71.0,N,5,N,7,0.0,,4.0
1/19/1995,1012.8,31.6,26.3,29.9,74.0,78.0,68.0,N,6,N,8,0.0,,7.0
1/20/1995,1011.5,30.1,26.2,29.0,77.0,79.0,75.0,NNW,7,N,8,0.0,,7.0
1/21/1995,1012.1,31.4,24.9,29.7,74.0,81.0,70.0,VRB,3,CALM,4,0.0,,4.0
1/22/1995,1012.3,31.4,25.9,29.6,81.0,86.0,73.0,VRB,3,NNE,5,0.9,,6.0
1/23/1995,1012.5,31.6,26.0,29.9,73.0,78.0,66.0,VRB,3,NNE,7,0.0,,5.0
1/24/1995,1012.0,31.6,23.8,30.3,67.0,78.0,58.0,NNE,6,NNE,8,15.6,,4.0
1/25/1995,1013.9,30.3,23.5,29.1,88.0,95.0,84.0,CALM,0,CALM,2,6.7,,8.0
1/26/1995,1014.1,29.4,24.8,26.8,83.0,85.0,80.0,VRB,3,E,9,0.9,,7.0
1/27/1995,1013.0,30.7,25.4,28.7,76.0,79.0,75.0,VRB,3,ESE,8,0.8,,7.0
1/28/1995,1013.0,30.8,25.8,28.6,79.0,83.0,76.0,VRB,4,E,6,3.3,,6.0
1/29/1995,1013.1,30.6,26.8,29.6,75.0,78.0,73.0,VRB,5,N,8,0.0,,1.0
1/30/1995,1012.4,30.8,25.5,28.9,75.0,81.0,70.0,VRB,4,NNE,7,0.0,,2.0
1/31/1995,1012.4,30.9,24.8,29.5,75.0,80.0,71.0,VRB,4,NE,11,1.8,,5.0
2/1/1995,1012.3,31.0,22.3,29.0,81.0,90.0,76.0,VRB,4,NNE,10,21.1,,4.0
2/2/1995,1013.9,29.6,22.2,24.9,91.0,95.0,83.0,VRB,8,E,25,54.4,,8.0
2/3/1995,1012.2,28.1,22.2,26.6,91.0,98.0,86.0,VRB,3,E,8,0.2,,7.0
2/4/1995,1010.7,31.0,25.4,29.5,79.0,87.0,76.0,NE,6,N,15,1.0,,5.0
2/5/1995,1012.1,30.0,25.4,27.2,86.0,89.0,83.0,E,14,E,25,0.4,,8.0
2/6/1995,1011.4,31.0,25.2,29.7,78.0,83.0,74.0,NE,8,NE,12,0.6,,4.0
2/7/1995,1012.5,31.2,23.3,28.3,88.0,90.0,81.0,NE,11,E,25,40.0,,7.0
2/8/1995,1013.4,28.8,24.0,27.3,85.0,92.0,82.0,E,7,ESE,22,1.8,,7.0
2/9/1995,1013.0,30.6,24.7,29.3,76.0,80.0,74.0,CALM,0,CALM,4,1.1,,5.0
2/10/1995,1012.7,31.0,25.8,29.6,77.0,85.0,70.0,VRB,4,NNE,6,0.0,,6.0
2/11/1995,1012.3,31.0,24.1,29.3,75.0,79.0,71.0,VRB,4,NE,5,0.0,,7.0
2/12/1995,1012.8,31.2,25.5,29.6,71.0,78.0,64.0,N,6,NNE,7,0.0,,4.0
2/13/1995,1012.7,31.3,24.3,29.8,66.0,69.0,63.0,VRB,4,NNE,6,0.0,,1.0
2/14/1995,1012.3,30.9,23.0,29.4,69.0,71.0,67.0,VRB,5,N,6,0.0,,3.0
2/15/1995,1011.3,30.6,23.1,29.4,69.0,74.0,66.0,N,5,N,6,0.0,,5.0
2/16/1995,1011.9,32.3,25.2,29.9,73.0,76.0,70.0,VRB,4,NW,6,1.3,,3.0
2/17/1995,1012.4,31.9,25.7,30.4,77.0,83.0,72.0,W,6,WNW,8,0.0,,4.0
2/18/1995,1011.8,32.2,23.6,30.0,74.0,78.0,71.0,VRB,4,WNW,6,0.0,,5.0
2/19/1995,1011.7,31.0,23.8,29.5,71.0,76.0,68.0,N,5,N,7,0.0,,5.0
2/20/1995,1012.3,31.5,23.2,29.9,72.0,76.0,69.0,CALM,0,NE,6,0.0,,5.0
2/21/1995,1011.6,31.6,26.6,30.1,71.0,76.0,69.0,VRB,5,NE,6,0.0,,3.0
2/22/1995,1011.5,31.6,26.2,30.2,67.0,74.0,62.0,VRB,5,NE,7,0.0,,4.0
2/23/1995,1011.2,31.6,26.1,29.9,65.0,67.0,63.0,VRB,5,E,6,0.0,,2.0
2/24/1995,1011.3,31.8,25.6,30.1,73.0,76.0,70.0,VRB,4,NNE,6,0.0,,3.0
2/25/1995,1011.4,31.8,25.3,30.3,73.0,78.0,70.0,VRB,4,NE,5,0.0,,3.0
2/26/1995,1012.4,31.7,23.6,29.7,70.0,75.0,67.0,VRB,3,N,6,0.0,,4.0
2/27/1995,1012.4,31.8,24.0,29.9,75.0,78.0,71.0,VRB,3,N,6,0.0,,7.0
2/28/1995,1011.9,31.4,24.8,29.5,77.0,83.0,71.0,VRB,6,SE,12,0.0,,6.0
3/1/1995,1011.6,31.4,25.4,29.9,73.0,79.0,71.0,NE,6,NE,7,0.0,,3.0
3/2/1995,1014.0,31.0,25.4,29.7,74.0,77.0,69.0,VRB,6,N,8,0.0,,3.0
3/3/1995,1012.7,31.4,25.0,29.9,70.0,76.0,66.0,VRB,3,NE,6,0.0,,7.0
3/4/1995,1012.9,31.6,25.6,30.1,74.0,82.0,71.0,VRB,2,NE,6,0.0,,6.0
3/5/1995,1012.2,32.0,24.6,30.4,69.0,74.0,66.0,VRB,5,ENE,8,0.0,,5.0
3/6/1995,1012.7,31.0,23.0,29.4,68.0,72.0,65.0,VRB,5,N,6,0.0,,2.0
3/7/1995,1011.5,31.0,23.4,29.7,69.0,73.0,66.0,VRB,3,NE,7,0.0,,3.0
3/8/1995,1011.2,31.5,25.4,30.3,66.0,68.0,63.0,VRB,3,CALM,4,0.0,,1.0
3/9/1995,1011.4,31.9,24.0,30.7,70.0,74.0,67.0,VRB,3,CALM,5,0.0,,4.0
3/10/1995,1012.2,32.0,25.4,30.7,69.0,71.0,66.0,VRB,2,CALM,4,0.0,,1.0
3/11/1995,1012.7,32.2,27.0,30.7,69.0,74.0,66.0,VRB,4,SE,6,0.0,,3.0
3/12/1995,1011.9,32.5,26.4,30.9,64.0,67.0,60.0,VRB,3,CALM,5,0.0,,1.0
3/13/1995,1010.7,32.8,23.4,31.1,69.0,74.0,66.0,VRB,3,E,6,0.0,,3.0
3/14/1995,1011.9,32.0,24.3,30.6,73.0,74.0,70.0,VRB,2,CALM,4,0.0,,2.0
3/15/1995,1013.8,33.4,23.5,30.6,75.0,83.0,71.0,VRB,2,CALM,4,10.0,,5.0
3/16/1995,1014.1,31.5,24.6,30.1,74.0,83.0,69.0,VRB,2,CALM,3,0.0,,6.0
3/17/1995,1013.3,32.5,24.1,30.5,75.0,82.0,71.0,VRB,2,W,6,0.0,,4.0
3/18/1995,1013.8,32.6,27.4,31.2,67.0,69.0,65.0,VRB,2,NW,7,0.0,,5.0
3/19/1995,1013.2,32.8,26.2,31.2,69.0,77.0,64.0,VRB,5,NE,8,0.0,,3.0
3/20/1995,1011.9,32.5,26.4,31.0,67.0,68.0,66.0,VRB,3,CALM,5,0.0,,2.0
3/21/1995,1010.0,32.4,24.6,30.9,73.0,76.0,70.0,VRB,4,ENE,6,1.9,,5.0
3/22/1995,1011.0,32.0,24.8,30.6,72.0,75.0,69.0,VRB,3,CALM,5,0.0,,2.0
3/23/1995,1010.7,34.1,25.0,32.1,71.0,79.0,64.0,VRB,2,CALM,4,0.0,,4.0
3/24/1995,1010.5,33.7,24.5,31.2,72.0,74.0,71.0,VRB,3,CALM,5,28.4,,5.0
3/25/1995,1010.9,31.6,24.4,28.5,87.0,95.0,81.0,VRB,2,WNW,10,40.6,,7.0
3/26/1995,1010.7,29.6,23.5,27.5,87.0,97.0,79.0,VRB,5,W,13,15.0,,7.0
3/27/1995,1010.1,30.4,24.0,27.3,88.0,92.0,83.0,VRB,4,S,13,4.6,,7.0
3/28/1995,1010.2,32.6,27.2,30.4,78.0,82.0,75.0,VRB,2,W,9,0.0,,6.0
3/29/1995,1010.0,32.6,27.4,31.0,79.0,84.0,72.0,VRB,7,W,10,0.0,,7.0
3/30/1995,1010.6,32.8,27.4,31.1,73.0,75.0,70.0,VRB,3,NW,8,0.0,,3.0
3/31/1995,1009.9,31.6,27.6,30.5,74.0,76.0,72.0,NNW,9,NNW,12,0.0,,2.0
4/1/1995,1010.9,32.4,27.5,31.0,74.0,76.0,71.0,WNW,11,NNW,13,0.0,,2.0
4/2/1995,1010.1,32.4,27.6,30.7,71.0,76.0,67.0,NW,9,NW,13,0.0,,4.0
4/3/1995,1010.6,32.2,26.2,30.1,75.0,79.0,73.0,NW,5,NW,10,0.0,,7.0
4/4/1995,1010.5,31.6,25.6,30.2,77.0,84.0,71.0,VRB,4,NNW,7,0.0,,4.0
4/5/1995,1010.5,33.0,23.2,30.4,76.0,81.0,71.0,VRB,4,WSW,11,4.9,,6.0
4/6/1995,1011.3,31.2,25.2,29.3,78.0,84.0,74.0,VRB,2,E,5,1.7,,7.0
4/7/1995,1010.4,31.6,23.7,30.3,74.0,78.0,73.0,VRB,3,CALM,5,0.0,,3.0
4/8/1995,1009.7,33.0,25.3,31.2,71.0,78.0,68.0,VRB,4,WSW,5,0.0,,3.0
4/9/1995,1010.5,31.6,24.6,28.3,84.0,85.0,81.0,S,9,S,17,3.8,,7.0
4/10/1995,1012.0,31.6,24.0,30.4,73.0,87.0,66.0,VRB,3,S,6,0.0,,5.0
4/11/1995,1012.7,31.8,24.7,30.2,70.0,78.0,66.0,VRB,2,CALM,4,0.0,,2.0
4/12/1995,1012.4,32.0,24.6,30.1,73.0,81.0,70.0,VRB,5,WSW,8,1.2,,5.0
4/13/1995,1012.4,31.7,23.4,30.0,76.0,79.0,73.0,VRB,4,W,6,103.0,,6.0
4/14/1995,1012.3,30.6,23.4,28.3,86.0,96.0,79.0,WSW,6,SW,25,80.8,,7.0
4/15/1995,1010.4,31.0,26.6,29.3,79.0,83.0,75.0,SSW,10,SSW,12,0.0,,7.0
4/16/1995,1011.1,32.6,27.5,30.9,74.0,78.0,70.0,VRB,4,W,11,0.0,,4.0
4/17/1995,1010.6,32.2,27.2,31.0,74.0,79.0,70.0,W,7,W,8,0.0,,3.0
4/18/1995,1010.8,32.2,27.2,30.9,71.0,77.0,67.0,VRB,4,NW,7,0.0,,3.0
4/19/1995,1010.1,32.6,26.7,30.7,73.0,77.0,67.0,VRB,3,SW,5,0.0,,5.0
4/20/1995,1009.9,32.5,25.6,30.9,75.0,83.0,68.0,VRB,3,CALM,5,10.1,,3.0
4/21/1995,1008.5,33.0,24.9,31.2,75.0,81.0,70.0,NNW,5,NW,13,6.0,,5.0
4/22/1995,1009.7,32.2,26.9,30.1,78.0,83.0,72.0,VRB,2,CALM,3,0.0,,7.0
4/23/1995,1009.6,31.8,25.9,30.8,72.0,73.0,70.0,VRB,3,S,5,0.9,,3.0
4/24/1995,1010.0,31.3,25.6,30.4,74.0,74.0,72.0,VRB,3,SW,6,0.0,,5.0
4/25/1995,1010.2,32.2,25.7,30.4,77.0,81.0,69.0,WSW,4,WSW,9,0.0,,7.0
4/26/1995,1008.8,32.6,27.8,31.2,74.0,81.0,68.0,WSW,4,WSW,6,0.0,,5.0
4/27/1995,1009.5,32.6,24.5,31.3,73.0,75.0,69.0,WSW,5,W,6,36.0,,5.0
4/28/1995,1010.6,31.2,23.4,27.6,87.0,92.0,82.0,SW,6,SSW,12,3.7,,8.0
4/29/1995,1009.6,32.0,24.6,31.0,76.0,79.0,72.0,NW,6,NW,8,5.5,,7.0
4/30/1995,1009.6,31.0,24.6,28.2,87.0,90.0,82.0,W,17,W,38,4.2,,8.0
5/1/1995,1009.2,29.6,24.6,28.4,85.0,93.0,81.0,W,5,W,10,23.6,,8.0
5/2/1995,1009.6,29.4,24.4,27.1,89.0,95.0,82.0,W,6,W,27,28.9,,8.0
5/3/1995,1009.4,29.8,24.4,28.1,88.0,97.0,78.0,W,5,W,45,5.4,,8.0
5/4/1995,1008.1,30.7,24.2,29.0,84.0,92.0,78.0,W,20,W,53,73.0,,8.0
5/5/1995,1007.1,29.4,24.6,28.1,86.0,90.0,79.0,W,23,SW,46,6.7,,8.0
5/6/1995,1008.3,29.7,25.1,28.4,82.0,85.0,79.0,SW,21,W,34,2.3,,7.0
5/7/1995,1010.6,30.4,24.8,28.2,83.0,85.0,79.0,WSW,13,W,42,10.9,,8.0
5/8/1995,1010.9,30.8,25.3,29.9,79.0,82.0,76.0,SW,12,SW,16,0.0,,7.0
5/9/1995,1010.0,30.6,25.3,29.3,83.0,90.0,79.0,SW,10,SW,39,8.6,,4.0
5/10/1995,1009.3,30.6,26.4,29.6,80.0,81.0,78.0,SW,8,SW,11,0.0,,7.0
5/11/1995,1010.6,30.7,25.7,29.7,80.0,82.0,78.0,SW,7,SW,15,1.7,,5.0
5/12/1995,1011.8,31.2,24.4,30.3,77.0,81.0,73.0,W,8,WSW,9,0.0,,3.0
5/13/1995,1010.9,30.9,27.3,30.1,77.0,79.0,75.0,SW,9,SW,10,0.0,,5.0
5/14/1995,1009.7,31.4,27.5,30.2,75.0,79.0,72.0,SW,10,SW,10,0.0,,6.0
5/15/1995,1009.7,31.6,27.2,30.3,76.0,79.0,73.0,SW,8,SW,9,0.0,,7.0
5/16/1995,1011.6,32.8,27.4,31.4,75.0,81.0,70.0,SW,4,SW,5,0.4,,4.0
5/17/1995,1012.6,32.2,27.3,31.2,76.0,78.0,73.0,W,6,WSW,8,0.0,,2.0
5/18/1995,1011.5,32.5,26.9,31.2,73.0,78.0,70.0,VRB,4,CALM,6,0.0,,3.0
5/19/1995,1011.7,32.2,25.2,30.9,75.0,78.0,72.0,VRB,5,SW,12,1.0,,3.0
5/20/1995,1012.3,32.0,25.8,30.1,75.0,81.0,71.0,E,5,E,6,0.2,,7.0
5/21/1995,1011.5,31.4,25.2,29.7,76.0,82.0,72.0,VRB,3,W,9,0.2,,5.0
5/22/1995,1011.8,32.2,25.2,30.6,76.0,78.0,71.0,W,8,NNW,9,2.7,,4.0
5/23/1995,1011.6,31.6,24.9,29.7,79.0,85.0,73.0,VRB,4,SW,8,0.0,,6.0
5/24/1995,1012.0,32.0,24.6,30.4,72.0,79.0,69.0,VRB,4,CALM,5,0.0,,3.0
5/25/1995,1011.3,32.2,26.0,30.9,70.0,75.0,66.0,VRB,2,CALM,4,0.0,,2.0
5/26/1995,1011.2,32.4,27.4,31.4,70.0,74.0,67.0,VRB,4,CALM,5,0.0,,2.0
5/27/1995,1011.2,32.5,24.4,31.4,76.0,84.0,69.0,NW,7,NW,8,5.1,,5.0
5/28/1995,1011.1,30.8,23.3,28.0,84.0,95.0,77.0,NW,7,NW,14,15.7,,8.0
5/29/1995,1011.1,30.2,24.9,28.6,81.0,88.0,75.0,WSW,9,WSW,20,0.0,,7.0
5/30/1995,1011.3,29.5,24.4,26.7,89.0,93.0,81.0,WSW,15,WSW,34,5.0,,8.0
5/31/1995,1010.5,31.2,24.2,29.7,77.0,81.0,71.0,WSW,8,W,22,3.2,,7.0
6/1/1995,1010.7,29.6,24.9,28.4,79.0,85.0,73.0,W,15,W,34,1.3,,8.0
6/2/1995,1009.6,31.2,25.7,30.1,77.0,82.0,74.0,W,15,WSW,32,0.0,,6.0
6/3/1995,1010.7,30.8,23.1,29.0,82.0,95.0,76.0,WSW,14,WSW,52,23.8,,7.0
6/4/1995,1010.8,30.2,24.6,29.4,81.0,85.0,76.0,WSW,14,WSW,35,4.6,,7.0
6/5/1995,1010.5,30.8,24.9,29.6,81.0,88.0,76.0,WSW,13,WSW,33,2.9,,7.0
6/6/1995,1010.5,30.8,24.4,29.6,82.0,86.0,79.0,WSW,10,WSW,35,14.0,,7.0
6/7/1995,1010.7,30.2,24.1,29.0,77.0,85.0,71.0,WSW,10,SW,22,2.7,,8.0
6/8/1995,1010.2,30.7,25.1,29.4,81.0,85.0,77.0,WSW,10,WSW,48,2.8,,8.0
6/9/1995,1010.5,31.2,25.4,30.0,78.0,83.0,76.0,SW,9,WNW,18,0.0,,5.0
6/10/1995,1009.5,30.8,25.2,28.9,81.0,89.0,75.0,VRB,5,WSW,20,0.1,,7.0
6/11/1995,1009.3,31.0,24.1,29.9,76.0,81.0,72.0,S,6,SW,13,15.5,,8.0
6/12/1995,1009.8,29.2,23.9,26.6,88.0,93.0,80.0,W,6,SW,21,1.8,,8.0
6/13/1995,1009.8,30.0,23.8,28.2,84.0,90.0,74.0,SW,6,WNW,42,5.8,,8.0
6/14/1995,1009.6,30.8,26.4,29.7,78.0,81.0,74.0,SW,8,W,17,0.0,,6.0
6/15/1995,1010.4,31.4,26.4,30.3,75.0,79.0,73.0,VRB,3,W,8,0.0,,4.0
6/16/1995,1011.0,31.8,26.7,30.6,76.0,82.0,73.0,W,7,W,16,0.1,,5.0
6/17/1995,1010.8,31.4,27.0,30.4,75.0,79.0,70.0,W,9,WNW,17,0.0,,3.0
6/18/1995,1010.9,31.2,27.0,30.0,72.0,75.0,69.0,WNW,10,WNW,18,0.0,,6.0
6/19/1995,1011.1,31.2,27.1,30.4,73.0,74.0,72.0,WNW,12,WNW,19,0.0,,5.0
6/20/1995,1012.4,30.8,24.1,30.0,79.0,82.0,76.0,NW,9,NW,17,0.0,,6.0
6/21/1995,1012.6,31.0,23.7,29.8,76.0,82.0,73.0,SSW,9,S,10,0.0,,6.0
6/22/1995,1011.9,31.4,24.6,30.1,73.0,79.0,70.0,CALM,0,CALM,4,0.0,,5.0
6/23/1995,1010.9,32.0,25.4,30.2,70.0,78.0,65.0,VRB,2,W,10,0.0,,7.0
6/24/1995,1011.3,31.4,25.8,30.3,72.0,76.0,68.0,VRB,4,W,11,0.0,,4.0
6/25/1995,1011.2,31.4,26.8,29.9,73.0,74.0,71.0,VRB,6,WSW,12,0.0,,6.0
6/26/1995,1011.6,31.3,26.6,30.1,76.0,78.0,72.0,WSW,10,W,28,0.0,,5.0
6/27/1995,1011.1,31.2,26.5,30.1,79.0,81.0,78.0,WNW,9,WNW,15,0.0,,7.0
6/28/1995,1009.4,31.8,25.8,30.4,77.0,82.0,72.0,WNW,10,NNW,27,0.0,,5.0
6/29/1995,1010.3,30.4,22.8,27.4,90.0,95.0,78.0,WNW,16,WSW,45,19.0,,8.0
6/30/1995,1010.8,30.2,24.7,28.6,79.0,80.0,77.0,W,13,WSW,42,3.8,,8.0
7/1/1995,1009.9,29.6,23.7,28.8,80.0,86.0,76.0,W,13,WNW,31,25.4,,7.0
7/2/1995,1008.9,29.8,24.7,28.3,81.0,87.0,77.0,WNW,11,WNW,28,3.4,,8.0
7/3/1995,1010.1,31.4,26.2,30.2,78.0,80.0,76.0,WNW,9,WNW,14,0.0,,3.0
7/4/1995,1010.3,31.4,26.6,30.3,76.0,78.0,72.0,WNW,7,WNW,13,0.0,,6.0
7/5/1995,1008.5,30.8,27.1,30.0,77.0,82.0,75.0,W,8,W,14,0.0,,7.0
7/6/1995,1008.4,31.0,27.0,29.8,79.0,82.0,77.0,W,10,W,18,0.0,,7.0
7/7/1995,1008.7,31.4,27.1,30.5,79.0,79.0,77.0,WNW,12,WNW,22,0.0,,4.0
7/8/1995,1009.0,31.6,23.4,30.6,78.0,81.0,75.0,WNW,12,NW,30,30.0,,3.0
7/9/1995,1008.7,30.4,27.0,29.7,82.0,87.0,77.0,WNW,10,WNW,18,0.0,,7.0
7/10/1995,1008.6,31.2,26.8,30.2,78.0,82.0,73.0,WNW,9,WNW,16,0.0,,7.0
7/11/1995,1008.0,31.6,24.9,30.1,78.0,82.0,74.0,VRB,5,WNW,16,0.0,,6.0
7/12/1995,1009.3,32.4,23.5,30.2,78.0,83.0,72.0,CALM,0,WNW,10,2.5,,5.0
7/13/1995,1009.6,30.6,24.5,29.7,77.0,83.0,72.0,CALM,0,CALM,4,0.0,,5.0
7/14/1995,1009.7,30.8,25.8,29.8,71.0,75.0,69.0,VRB,3,S,10,0.0,,3.0
7/15/1995,1009.2,30.8,24.2,29.2,78.0,85.0,72.0,VRB,3,WNW,38,15.3,,4.0
7/16/1995,1008.4,30.8,24.6,29.1,81.0,83.0,78.0,WSW,10,WSW,15,0.0,,7.0
7/17/1995,1008.8,32.0,24.2,29.9,78.0,89.0,74.0,CALM,0,WSW,11,0.0,,6.0
7/18/1995,1010.0,32.1,24.0,29.4,77.0,90.0,69.0,CALM,0,SSW,14,0.0,,5.0
7/19/1995,1009.8,31.7,25.9,29.3,76.0,93.0,67.0,CALM,0,SSW,7,0.0,,6.0
7/20/1995,1009.1,31.8,24.0,29.6,76.0,81.0,74.0,VRB,3,S,8,7.4,,6.0
7/21/1995,1009.8,30.6,24.5,28.2,84.0,92.0,75.0,VRB,2,W,12,1.3,,6.0
7/22/1995,1009.1,31.2,24.5,28.7,79.0,98.0,69.0,CALM,0,SE,8,0.0,,3.0
7/23/1995,1010.7,31.2,25.5,29.1,76.0,96.0,70.0,CALM,0,CALM,5,0.0,,2.0
7/24/1995,1010.6,31.8,26.4,29.3,78.0,87.0,72.0,VRB,3,S,12,0.2,,6.0
7/25/1995,1010.8,31.6,26.3,29.0,78.0,83.0,71.0,NW,8,NW,26,3.6,,5.0
7/26/1995,1010.7,31.5,26.8,29.6,75.0,82.0,72.0,W,7,WNW,15,0.0,,6.0
7/27/1995,1010.6,31.6,25.2,29.7,75.0,84.0,68.0,W,7,WNW,17,1.8,,7.0
7/28/1995,1010.2,30.8,22.9,28.2,81.0,93.0,71.0,VRB,7,WNW,32,11.8,,7.0
7/29/1995,1008.9,29.2,22.1,27.1,83.0,87.0,78.0,WNW,13,WNW,42,37.0,,8.0
7/30/1995,1009.1,28.6,23.6,26.2,87.0,95.0,69.0,WNW,9,WNW,41,9.0,,8.0
7/31/1995,1009.5,31.1,26.1,29.3,78.0,85.0,73.0,WSW,6,WSW,12,0.0,,5.0
8/1/1995,1010.8,31.3,24.4,29.5,74.0,81.0,71.0,VRB,4,SSW,7,0.0,,4.0
8/2/1995,1010.6,31.8,26.7,30.0,77.0,95.0,69.0,VRB,5,WNW,15,0.0,,5.0
8/3/1995,1009.1,31.9,23.7,30.0,74.0,79.0,71.0,NW,9,NNW,32,4.2,,5.0
8/4/1995,1010.4,31.8,25.2,29.8,80.0,97.0,73.0,WNW,9,NW,16,25.2,,5.0
8/5/1995,1011.0,31.1,23.8,29.5,76.0,81.0,71.0,VRB,5,NNW,18,2.5,,6.0
8/6/1995,1010.5,30.4,24.6,28.4,80.0,85.0,74.0,VRB,5,WNW,28,2.0,,7.0
8/7/1995,1010.9,30.8,21.6,29.0,80.0,89.0,75.0,VRB,6,N,30,21.0,,7.0
8/8/1995,1010.0,28.8,25.2,26.7,88.0,96.0,82.0,W,8,WNW,26,0.0,,7.0
8/9/1995,1009.7,31.6,23.6,29.9,76.0,83.0,73.0,W,6,WNW,10,0.0,,5.0
8/10/1995,1010.7,32.0,25.4,29.3,77.0,98.0,66.0,CALM,0,CALM,7,0.0,,5.0
8/11/1995,1011.5,31.0,23.2,28.8,77.0,80.0,73.0,VRB,6,SSE,14,29.0,,6.0
8/12/1995,1012.3,30.8,23.0,29.0,78.0,92.0,71.0,VRB,2,W,14,2.7,,6.0
8/13/1995,1011.4,30.0,22.2,28.0,83.0,90.0,80.0,VRB,6,W,41,17.0,,6.0
8/14/1995,1011.2,30.4,22.0,27.2,83.0,90.0,74.0,W,11,W,28,22.1,,7.0
8/15/1995,1013.4,29.2,23.8,26.4,85.0,96.0,76.0,W,13,NW,24,0.0,,8.0
8/16/1995,1012.3,31.6,25.4,29.2,70.0,74.0,65.0,VRB,5,S,16,0.0,,7.0
8/17/1995,1012.0,30.5,24.9,28.5,81.0,86.0,77.0,VRB,6,W,26,0.1,,7.0
8/18/1995,1012.0,31.2,25.4,29.2,80.0,85.0,73.0,SSW,7,S,18,0.1,,6.0
8/19/1995,1013.3,29.4,21.4,25.6,87.0,96.0,81.0,S,7,N,32,3.8,,7.0
8/20/1995,1011.8,29.8,20.8,27.8,82.0,90.0,76.0,VRB,5,N,42,23.8,,6.0
8/21/1995,1011.4,29.8,21.8,27.2,87.0,91.0,78.0,VRB,5,W,38,18.9,,7.0
8/22/1995,1010.4,29.4,23.6,27.4,82.0,91.0,78.0,SSW,9,WNW,38,10.1,,7.0
8/23/1995,1009.9,30.7,25.8,28.7,82.0,86.0,77.0,WSW,8,SSW,14,0.0,,7.0
8/24/1995,1010.7,30.4,25.6,28.9,79.0,86.0,72.0,WSW,7,S,18,0.0,,5.0
8/25/1995,1010.7,30.8,25.2,29.0,78.0,83.0,75.0,S,8,W,22,1.5,,5.0
8/26/1995,1010.5,30.6,25.2,29.3,78.0,84.0,74.0,SW,8,W,20,3.0,,3.0
8/27/1995,1009.5,30.8,25.9,29.3,78.0,82.0,74.0,SW,7,SW,18,0.0,,7.0
8/28/1995,1010.0,31.2,26.4,29.3,77.0,83.0,74.0,VRB,4,W,12,0.0,,5.0
8/29/1995,1010.0,30.4,22.2,28.7,80.0,85.0,77.0,VRB,5,SW,20,28.7,,7.0
8/30/1995,1010.8,28.4,22.4,25.9,89.0,96.0,82.0,VRB,5,S,20,6.6,,7.0
8/31/1995,1010.2,31.7,24.9,28.9,78.0,83.0,75.0,S,8,S,16,5.2,,6.0
9/1/1995,1009.8,30.5,23.5,29.0,78.0,84.0,73.0,SSE,7,WNW,21,5.7,,6.0
9/2/1995,1010.9,30.0,25.6,28.1,79.0,95.0,70.0,VRB,1,S,17,0.0,,6.0
9/3/1995,1011.5,29.8,25.4,28.6,81.0,85.0,78.0,VRB,5,SSW,13,0.0,,8.0
9/4/1995,1011.5,31.4,23.5,29.1,79.0,87.0,74.0,VRB,2,SSW,16,0.8,,5.0
9/5/1995,1011.8,31.6,25.4,29.3,77.0,86.0,74.0,CALM,0,CALM,5,0.0,,5.0
9/6/1995,1012.2,31.9,24.3,29.9,74.0,90.0,67.0,CALM,0,W,10,0.0,,3.0
9/7/1995,1012.0,31.4,23.0,29.0,75.0,84.0,70.0,VRB,1,W,10,0.0,,5.0
9/8/1995,1012.3,31.2,23.1,28.9,72.0,90.0,65.0,VRB,2,CALM,6,0.0,,3.0
9/9/1995,1011.0,32.2,24.2,29.4,74.0,93.0,64.0,CALM,0,N,28,1.3,,3.0
9/10/1995,1011.3,31.6,23.7,29.1,78.0,83.0,75.0,NW,10,W,29,41.8,,6.0
9/11/1995,1010.8,30.8,23.4,28.2,80.0,92.0,75.0,W,13,N,28,30.2,,7.0
9/12/1995,1012.7,29.8,23.2,28.2,81.0,87.0,75.0,W,12,WNW,28,47.1,,7.0
9/13/1995,1013.5,29.4,22.5,27.8,83.0,87.0,78.0,WNW,17,WNW,28,96.7,,6.0
9/14/1995,1011.9,29.4,23.1,26.8,85.0,96.0,75.0,WNW,19,W,44,20.5,,8.0
9/15/1995,1012.4,29.8,24.6,28.4,82.0,85.0,78.0,WNW,16,W,34,3.0,,7.0
9/16/1995,1012.4,29.6,24.4,28.5,77.0,80.0,75.0,W,17,WSW,29,0.0,,6.0
9/17/1995,1013.0,29.9,24.9,28.1,82.0,90.0,78.0,WSW,12,WNW,26,0.1,,5.0
9/18/1995,1013.1,30.6,26.2,29.3,77.0,83.0,73.0,WNW,12,WNW,20,0.0,,5.0
9/19/1995,1012.3,31.4,26.3,29.5,76.0,80.0,72.0,WNW,8,W,15,0.9,,5.0
9/20/1995,1012.9,31.9,23.4,29.2,79.0,85.0,74.0,VRB,5,E,17,7.4,,6.0
9/21/1995,1013.5,31.6,24.2,28.8,79.0,86.0,73.0,VRB,4,NW,19,1.1,,7.0
9/22/1995,1013.4,31.6,24.2,30.2,79.0,83.0,74.0,VRB,5,WNW,19,0.0,,6.0
9/23/1995,1012.4,31.6,26.8,30.0,77.0,85.0,70.0,NW,8,NNW,18,0.0,,5.0
9/24/1995,1011.5,31.1,24.3,29.3,78.0,82.0,74.0,NW,12,NNW,30,17.1,,5.0
9/25/1995,1011.5,29.6,24.2,27.9,82.0,90.0,70.0,NW,10,N,31,0.2,,7.0
9/26/1995,1010.5,30.3,24.8,28.4,82.0,86.0,79.0,W,12,WSW,24,0.1,,5.0
9/27/1995,1012.5,29.2,24.2,25.8,90.0,93.0,86.0,W,12,W,30,13.8,,8.0
9/28/1995,1011.7,31.0,25.2,29.1,79.0,83.0,76.0,W,11,WNW,24,0.0,,6.0
9/29/1995,1011.8,31.0,26.3,29.2,79.0,86.0,74.0,WNW,10,W,18,0.0,,6.0
9/30/1995,1011.8,31.2,26.4,29.4,78.0,83.0,73.0,WNW,10,NW,23,0.0,,5.0
10/1/1995,1011.2,31.0,25.5,29.5,76.0,81.0,73.0,WNW,10,NW,20,0.0,,6.0
10/2/1995,1012.3,30.6,26.6,28.9,77.0,82.0,70.0,W,11,W,26,0.0,,5.0
10/3/1995,1012.7,30.8,26.4,29.3,78.0,82.0,73.0,W,12,W,22,0.0,,6.0
10/4/1995,1011.9,30.6,23.2,29.3,75.0,81.0,71.0,WSW,9,WSW,22,0.0,,5.0
10/5/1995,1011.5,30.9,26.2,29.0,74.0,79.0,70.0,W,9,WSW,22,0.0,,4.0
10/6/1995,1011.8,30.5,22.6,27.4,81.0,85.0,74.0,WSW,11,W,38,17.5,,5.0
10/7/1995,1012.1,29.6,26.2,28.1,79.0,83.0,74.0,SW,11,SW,20,0.0,,8.0
10/8/1995,1011.3,30.6,25.6,29.1,76.0,81.0,71.0,SW,13,W,19,2.2,,6.0
10/9/1995,1010.9,30.6,26.2,29.3,77.0,81.0,74.0,W,13,WSW,21,0.0,,4.0
10/10/1995,1010.1,30.8,26.0,29.3,78.0,83.0,74.0,W,12,W,28,6.3,,3.0
10/11/1995,1010.0,30.8,24.6,29.2,79.0,86.0,74.0,W,11,W,22,1.6,,3.0
10/12/1995,1010.4,30.9,23.6,29.2,84.0,90.0,78.0,W,9,WNW,22,11.0,,5.0
10/13/1995,1011.3,30.2,23.5,28.2,82.0,92.0,76.0,W,7,W,18,16.2,,4.0
10/14/1995,1011.1,30.6,24.0,28.7,79.0,86.0,71.0,W,6,W,12,3.0,,6.0
10/15/1995,1010.9,30.4,23.8,27.2,87.0,92.0,80.0,VRB,6,WNW,20,20.6,,6.0
10/16/1995,1010.5,30.5,23.0,28.2,83.0,97.0,75.0,W,8,WSW,18,36.3,,5.0
10/17/1995,1011.0,27.9,22.8,25.8,88.0,91.0,84.0,W,9,W,22,0.5,,8.0
10/18/1995,1011.9,30.6,23.4,28.7,79.0,84.0,75.0,W,9,S,22,3.9,,6.0
10/19/1995,1012.2,28.2,22.0,25.6,90.0,98.0,81.0,VRB,4,S,25,34.3,,8.0
10/20/1995,1010.9,30.8,24.4,28.9,81.0,86.0,76.0,WNW,11,SW,34,2.1,,7.0
10/21/1995,1011.0,29.6,24.6,28.2,84.0,90.0,81.0,WNW,14,WNW,35,2.3,,7.0
10/22/1995,1010.5,30.5,22.9,28.2,82.0,87.0,76.0,WNW,13,W,37,16.0,,6.0
10/23/1995,1010.1,30.4,25.7,28.5,82.0,87.0,75.0,WNW,14,W,20,0.0,,6.0
10/24/1995,1009.1,31.2,23.1,29.4,80.0,83.0,77.0,WNW,12,W,32,46.3,,5.0
10/25/1995,1009.5,28.8,22.8,25.8,93.0,95.0,90.0,WNW,15,WNW,30,41.9,,8.0
10/26/1995,1009.7,27.3,22.7,26.1,89.0,93.0,86.0,WNW,12,WNW,31,39.5,,7.0
10/27/1995,1009.5,29.8,23.0,27.5,83.0,89.0,76.0,WNW,10,WNW,32,39.6,,7.0
10/28/1995,1008.8,28.6,23.0,26.9,87.0,98.0,80.0,WNW,13,W,31,13.7,,7.0
10/29/1995,1008.6,29.8,23.8,27.5,86.0,96.0,78.0,WNW,14,SW,32,17.9,,7.0
10/30/1995,1009.5,29.0,23.4,27.1,87.0,95.0,80.0,W,17,WSW,35,21.2,,7.0
10/31/1995,1009.8,28.4,22.4,26.9,86.0,93.0,81.0,W,20,WNW,42,42.8,,8.0
11/1/1995,1010.5,29.4,24.0,28.0,81.0,96.0,74.0,WSW,18,WSW,26,6.1,,6.0
11/2/1995,1010.9,29.7,24.2,28.6,82.0,85.0,79.0,WSW,10,WSW,20,0.0,,6.0
11/3/1995,1011.3,30.4,25.9,28.8,81.0,86.0,77.0,WNW,12,W,19,0.0,,6.0
11/4/1995,1011.1,30.5,25.8,28.8,82.0,86.0,78.0,WNW,14,WNW,20,0.0,,5.0
11/5/1995,1010.7,29.7,23.2,27.5,85.0,93.0,80.0,WNW,14,W,32,20.2,,6.0
11/6/1995,1010.1,30.0,22.3,27.5,86.0,92.0,78.0,WNW,12,W,41,9.4,,7.0
11/7/1995,1010.1,29.8,23.4,27.1,86.0,95.0,77.0,WNW,21,WNW,44,1.3,,7.0
11/8/1995,1010.2,30.4,23.5,28.6,82.0,90.0,78.0,WNW,15,WSW,27,9.1,,6.0
11/9/1995,1011.3,28.4,22.4,25.7,88.0,91.0,84.0,W,17,WSW,34,0.5,,8.0
11/10/1995,1011.5,28.2,22.8,26.8,88.0,95.0,84.0,WNW,13,W,33,9.5,,7.0
11/11/1995,1012.2,30.4,25.2,28.8,77.0,80.0,77.0,NW,11,NW,22,0.0,,4.0
11/12/1995,1011.5,30.0,25.2,28.3,80.0,89.0,73.0,NW,10,NW,16,0.0,,3.0
11/13/1995,1012.5,30.8,25.4,28.7,79.0,84.0,74.0,NW,8,NW,17,0.0,,3.0
11/14/1995,1013.2,31.0,25.6,28.6,78.0,80.0,75.0,NW,8,NW,16,0.0,,5.0
11/15/1995,1011.3,30.8,24.4,28.9,76.0,80.0,73.0,NW,11,NW,22,5.1,,4.0
11/16/1995,1009.9,30.2,23.8,28.6,79.0,85.0,74.0,NW,12,W,24,4.8,,5.0
11/17/1995,1010.5,30.2,24.5,28.3,82.0,87.0,74.0,WNW,10,NW,26,0.5,,6.0
11/18/1995,1011.0,30.4,24.7,28.3,79.0,84.0,74.0,WNW,7,WNW,27,0.0,,6.0
11/19/1995,1010.1,31.4,22.6,29.4,78.0,87.0,70.0,WNW,7,WNW,28,6.5,,4.0
11/20/1995,1010.4,30.6,25.7,28.5,79.0,84.0,71.0,NW,8,WNW,18,0.0,,3.0
11/21/1995,1011.3,31.0,25.6,28.8,77.0,89.0,69.0,NW,8,NW,15,0.0,,2.0
11/22/1995,1011.4,30.8,25.7,29.0,77.0,81.0,74.0,NW,11,WNW,16,0.0,,4.0
11/23/1995,1011.8,31.1,26.0,29.1,77.0,87.0,72.0,WNW,9,WNW,18,0.0,,6.0
11/24/1995,1012.1,30.8,25.6,29.1,77.0,83.0,72.0,WNW,11,WNW,20,0.0,,3.0
11/25/1995,1011.7,31.4,26.4,29.5,76.0,81.0,68.0,WNW,7,WNW,14,0.0,,3.0
11/26/1995,1012.9,30.9,25.8,28.6,76.0,84.0,71.0,VRB,3,NW,10,0.0,,3.0
11/27/1995,1012.7,29.6,24.8,28.6,74.0,80.0,70.0,VRB,5,NNW,12,0.0,,3.0
11/28/1995,1013.4,29.9,22.0,28.4,71.0,75.0,67.0,NNW,6,NNW,13,0.0,,4.0
11/29/1995,1013.5,30.3,22.7,28.7,76.0,91.0,69.0,VRB,3,NNW,9,0.0,,3.0
11/30/1995,1013.6,31.8,22.5,29.6,77.0,95.0,68.0,CALM,0,NE,12,0.0,,3.0
12/1/1995,1013.3,29.4,21.5,27.2,83.0,96.0,74.0,VRB,2,S,14,39.3,,4.0
12/2/1995,1015.4,26.8,22.8,24.8,92.0,98.0,84.0,VRB,5,SW,21,23.2,,8.0
12/3/1995,1014.2,30.6,21.8,27.8,78.0,79.0,73.0,VRB,8,WNW,26,8.2,,5.0
12/4/1995,1013.0,30.4,22.4,27.7,75.0,88.0,67.0,CALM,0,CALM,5,2.6,,3.0
12/5/1995,1012.6,29.6,22.6,27.3,81.0,91.0,71.0,NE,6,NE,17,2.8,,4.0
12/6/1995,1012.6,30.6,24.4,28.4,79.0,90.0,70.0,NE,5,NNE,20,2.2,,4.0
12/7/1995,1012.1,30.5,24.8,28.2,81.0,95.0,75.0,NNE,9,NNE,19,0.0,,5.0
12/8/1995,1013.3,31.0,24.7,28.8,79.0,96.0,71.0,NNE,7,N,15,0.0,,5.0
12/9/1995,1013.1,30.9,24.8,28.5,73.0,93.0,63.0,NE,8,ENE,19,0.0,,6.0
12/10/1995,1012.5,30.8,25.6,28.8,74.0,88.0,69.0,ENE,6,E,13,0.0,,4.0
12/11/1995,1011.8,31.1,22.9,28.4,77.0,83.0,75.0,ENE,6,ENE,24,11.2,,6.0
12/12/1995,1013.3,30.2,23.4,28.3,76.0,83.0,71.0,NE,8,NE,25,2.3,,6.0
12/13/1995,1013.7,30.0,24.7,28.4,74.0,85.0,68.0,NE,8,NE,14,0.0,,6.0
12/14/1995,1012.9,30.7,25.0,29.0,71.0,78.0,65.0,NE,8,NNE,20,0.0,,3.0
12/15/1995,1012.5,30.6,25.1,28.7,70.0,79.0,65.0,NE,9,NNE,19,0.0,,4.0
12/16/1995,1012.8,30.5,25.1,28.7,74.0,79.0,71.0,NE,10,NNE,10,0.0,,5.0
12/17/1995,1013.6,30.6,25.0,28.8,70.0,77.0,66.0,NE,10,NE,19,0.0,,3.0
12/18/1995,1013.8,30.6,24.9,28.7,70.0,77.0,65.0,NE,8,NE,16,0.0,,3.0
12/19/1995,1013.8,30.8,25.2,28.7,77.0,85.0,71.0,NE,8,NE,18,2.2,,4.0
12/20/1995,1012.4,31.0,25.6,29.0,79.0,85.0,73.0,NE,10,NE,21,0.0,,3.0
12/21/1995,1011.7,30.8,23.4,29.0,73.0,76.0,70.0,NE,6,NE,18,5.8,,4.0
12/22/1995,1012.5,30.0,22.7,27.8,82.0,86.0,76.0,VRB,4,ENE,23,2.8,,5.0
12/23/1995,1013.2,30.1,21.9,27.3,89.0,98.0,83.0,VRB,5,E,15,42.5,,5.0
12/24/1995,1012.0,29.8,24.3,26.6,83.0,96.0,77.0,NNE,5,NNE,19,0.0,,5.0
12/25/1995,1012.6,29.9,22.5,27.6,83.0,92.0,78.0,NE,7,ENE,19,38.8,,6.0
12/26/1995,1013.9,28.2,23.8,25.6,85.0,96.0,77.0,N,9,NNE,24,0.0,,8.0
12/27/1995,1013.8,30.4,24.0,28.1,77.0,88.0,71.0,N,7,NNE,17,0.0,,6.0
12/28/1995,1014.2,29.9,25.2,27.8,75.0,93.0,66.0,NE,7,NE,21,0.0,,5.0
12/29/1995,1014.0,30.3,25.0,27.8,76.0,88.0,71.0,NE,8,NE,18,0.0,,3.0
12/30/1995,1013.1,29.9,24.0,28.3,74.0,79.0,68.0,NE,7,NE,17,0.0,,3.0
12/31/1995,1012.9,30.6,23.9,28.3,75.0,84.0,70.0,NE,7,NE,15,0.0,,4.0
1/1/1996,1013.0,30.8,25.0,28.5,76.0,84.0,68.0,NE,6,NE,13,0.5,,3.0
1/2/1996,1013.1,31.0,24.5,28.8,77.0,84.0,69.0,NE,9,NE,20,0.0,,5.0
1/3/1996,1012.8,30.5,22.5,28.3,78.0,85.0,73.0,VRB,6,NE,13,0.0,,7.0
1/4/1996,1011.6,30.0,25.5,27.6,80.0,95.0,73.0,VRB,3,SE,13,0.0,,4.0
1/5/1996,1010.3,30.5,25.3,28.8,75.0,80.0,69.0,ENE,7,ENE,20,0.0,,5.0
1/6/1996,1010.8,30.6,25.2,29.0,71.0,83.0,65.0,ENE,13,ENE,26,0.0,,5.0
1/7/1996,1011.8,30.7,25.2,28.9,71.0,84.0,59.0,NE,11,NE,19,0.0,,2.0
1/8/1996,1011.2,31.4,24.1,29.1,71.0,83.0,62.0,NE,11,NE,19,0.0,,3.0
1/9/1996,1012.4,30.9,24.5,28.7,72.0,83.0,65.0,NE,6,NE,14,0.0,,4.0
1/10/1996,1010.8,30.8,24.6,28.9,76.0,85.0,69.0,NE,7,NE,15,0.0,,4.0
1/11/1996,1010.1,30.7,25.2,28.7,72.0,78.0,70.0,ENE,8,NE,15,0.0,,3.0
1/12/1996,1009.8,31.6,25.7,29.2,76.0,88.0,69.0,NE,10,NE,20,0.0,,3.0
1/13/1996,1010.0,31.2,22.0,29.2,74.0,77.0,70.0,NE,9,NNE,30,31.9,,4.0
1/14/1996,1009.9,30.1,21.8,26.4,87.0,98.0,77.0,NNE,7,S,24,82.9,,7.0
1/15/1996,1009.3,28.8,22.4,27.2,82.0,88.0,77.0,SSE,10,SSE,22,12.2,,7.0
1/16/1996,1011.8,28.4,21.5,25.2,87.0,96.0,82.0,VRB,5,N,29,17.4,,7.0
1/17/1996,1011.7,29.7,24.0,27.6,79.0,90.0,71.0,VRB,4,NNE,9,0.0,,5.0
1/18/1996,1012.1,30.4,23.9,28.4,76.0,88.0,70.0,VRB,5,NNE,14,0.0,,4.0
1/19/1996,1011.2,30.2,24.2,28.0,72.0,79.0,65.0,NNE,9,NNE,16,0.0,,6.0
1/20/1996,1010.8,30.6,23.7,28.3,73.0,81.0,68.0,NE,8,NE,15,0.0,,4.0
1/21/1996,1010.7,30.4,23.4,28.3,77.0,88.0,71.0,VRB,5,ENE,14,0.0,,4.0
1/22/1996,1011.3,30.6,25.1,28.4,74.0,85.0,69.0,NE,7,NE,17,0.0,,4.0
1/23/1996,1011.9,30.9,25.7,28.9,73.0,77.0,65.0,NE,11,NE,23,0.0,,5.0
1/24/1996,1011.5,30.5,24.6,28.3,68.0,78.0,63.0,NE,9,NE,15,0.0,,6.0
1/25/1996,1011.2,30.6,24.6,28.3,67.0,74.0,61.0,NNE,10,NNE,16,0.0,,7.0
1/26/1996,1010.6,30.8,24.4,28.6,69.0,78.0,64.0,NNE,11,NE,17,0.0,,3.0
1/27/1996,1010.3,31.0,25.1,28.8,71.0,78.0,65.0,NNE,9,NE,15,0.0,,7.0
1/28/1996,1010.8,30.8,25.6,28.8,75.0,81.0,71.0,NNE,8,NE,16,0.0,,4.0
1/29/1996,1010.2,31.2,23.0,29.1,73.0,81.0,70.0,NNE,8,NE,18,22.5,,5.0
1/30/1996,1010.3,30.2,22.6,28.0,82.0,92.0,72.0,VRB,6,NE,14,0.0,,8.0
1/31/1996,1010.4,30.4,25.0,28.0,75.0,88.0,68.0,VRB,3,NNE,12,0.0,,6.0
2/1/1996,1009.8,31.4,25.0,29.8,76.0,87.0,70.0,NNE,9,NNE,22,0.0,,7.0
2/2/1996,1009.4,30.8,24.8,29.8,73.0,84.0,68.0,NE,8,NE,16,0.0,,6.0
2/3/1996,1009.7,31.0,25.2,28.9,73.0,81.0,68.0,NE,7,NNE,15,0.0,,3.0
2/4/1996,1010.8,31.4,25.0,29.5,74.0,80.0,71.0,NNE,8,NNE,17,0.0,,4.0
2/5/1996,1009.6,31.6,25.4,29.1,75.0,84.0,68.0,NNE,10,NNE,22,0.0,,2.0
2/6/1996,1009.7,31.2,25.8,29.2,76.0,84.0,71.0,NE,8,NNE,22,0.0,,3.0
2/7/1996,1010.8,31.4,25.2,29.1,71.0,76.0,67.0,NE,6,NNE,18,0.0,,7.0
2/8/1996,1011.4,31.3,24.4,29.1,71.0,80.0,64.0,VRB,6,NNE,15,0.0,,2.0
2/9/1996,1010.7,31.1,23.8,29.1,69.0,78.0,63.0,VRB,5,NNE,13,0.0,,2.0
2/10/1996,1012.0,30.4,24.3,28.3,76.0,87.0,71.0,VRB,5,N,12,0.0,,5.0
2/11/1996,1012.6,30.1,24.5,28.7,73.0,78.0,70.0,N,6,N,11,0.0,,3.0
2/12/1996,1011.4,31.2,24.6,28.7,75.0,87.0,70.0,N,5,N,9,0.0,,6.0
2/13/1996,1010.5,31.8,24.3,29.5,72.0,83.0,66.0,NNE,8,NNE,14,0.0,,3.0
2/14/1996,1010.2,31.6,24.2,29.2,70.0,79.0,62.0,NNE,10,NE,17,0.0,,3.0
2/15/1996,1009.2,31.6,25.2,28.8,72.0,84.0,65.0,NE,9,NE,20,0.0,,3.0
2/16/1996,1008.6,31.4,24.0,29.1,70.0,85.0,62.0,NE,11,NE,16,0.0,,2.0
2/17/1996,1009.3,31.3,25.2,29.1,71.0,84.0,61.0,NE,12,NE,24,0.0,,2.0
2/18/1996,1009.8,31.2,25.4,29.2,70.0,77.0,64.0,NE,11,NE,17,0.2,,3.0
2/19/1996,1009.8,31.4,22.6,29.2,77.0,84.0,67.0,NE,8,NE,16,47.8,,3.0
2/20/1996,1010.6,29.6,21.8,25.2,94.0,96.0,91.0,VRB,2,NE,10,24.4,,8.0
2/21/1996,1010.3,29.6,22.2,27.2,85.0,90.0,78.0,CALM,0,CALM,5,0.0,,6.0
2/22/1996,1011.6,31.2,24.4,28.1,81.0,98.0,71.0,CALM,0,CALM,4,0.0,,4.0
2/23/1996,1011.4,30.8,25.2,29.2,78.0,96.0,71.0,VRB,3,NE,8,0.0,,2.0
2/24/1996,1011.7,31.2,24.8,28.9,79.0,89.0,71.0,VRB,3,SE,12,0.2,,3.0
2/25/1996,1012.2,30.4,22.8,28.0,78.0,85.0,70.0,NE,8,NE,20,17.4,,4.0
2/26/1996,1011.8,30.6,24.2,28.8,75.0,82.0,69.0,VRB,5,ENE,10,0.0,,2.0
2/27/1996,1011.7,31.0,25.6,29.0,77.0,90.0,71.0,ENE,7,ENE,14,0.0,,2.0
2/28/1996,1010.8,30.8,25.0,29.1,79.0,86.0,74.0,E,9,E,16,2.1,,2.0
2/29/1996,1011.6,29.6,22.6,26.5,90.0,93.0,87.0,SE,8,SE,22,8.1,,6.0
3/1/1996,1011.5,30.0,24.4,27.6,80.0,86.0,68.0,NE,6,NE,21,2.9,,8.0
3/2/1996,1010.8,30.6,25.4,29.1,69.0,75.0,63.0,NE,13,NE,20,0.0,,5.0
3/3/1996,1011.2,30.8,24.8,29.0,67.0,74.0,63.0,NE,11,NE,16,0.0,,2.0
3/4/1996,1011.7,31.0,25.0,29.1,72.0,82.0,65.0,NE,9,NE,14,0.0,,4.0
3/5/1996,1012.2,31.6,25.6,29.2,72.0,80.0,66.0,NE,6,NE,11,0.0,,2.0
3/6/1996,1011.4,31.4,24.6,29.3,71.0,83.0,59.0,NNE,8,NNE,15,0.0,,2.0
3/7/1996,1011.3,30.8,23.8,28.8,75.0,82.0,70.0,NNE,7,NE,14,0.0,,3.0
3/8/1996,1012.5,31.2,23.4,29.0,73.0,85.0,68.0,NE,7,NE,12,0.0,,2.0
3/9/1996,1012.2,30.4,23.6,28.6,74.0,87.0,68.0,VRB,5,NNE,14,0.0,,7.0
3/10/1996,1011.4,31.0,22.4,29.5,71.0,84.0,66.0,VRB,2,E,8,0.0,,1.0
3/11/1996,1011.1,30.4,23.0,28.1,79.0,91.0,72.0,VRB,3,NNW,9,28.4,,1.0
3/12/1996,1012.1,29.8,24.0,27.5,89.0,93.0,87.0,VRB,3,NW,14,5.7,,8.0
3/13/1996,1010.7,30.8,24.2,28.9,77.0,96.0,65.0,VRB,4,NNE,16,0.0,,4.0
3/14/1996,1009.6,31.0,23.2,28.9,72.0,81.0,67.0,NNE,7,NNE,18,0.0,,2.0
3/15/1996,1009.6,31.1,22.5,28.9,76.0,91.0,69.0,VRB,3,NE,8,0.0,,2.0
3/16/1996,1009.6,31.0,24.8,28.4,81.0,96.0,75.0,VRB,4,N,10,0.0,,2.0
3/17/1996,1009.3,31.6,24.7,29.3,76.0,93.0,69.0,VRB,5,NNW,10,0.0,,3.0
3/18/1996,1009.4,30.7,25.6,28.8,80.0,93.0,74.0,VRB,4,NNW,14,0.0,,5.0
3/19/1996,1009.3,31.6,24.8,29.2,77.0,90.0,71.0,VRB,5,NNW,11,0.0,,3.0
3/20/1996,1008.2,32.8,24.5,30.4,75.0,88.0,71.0,VRB,3,NNW,8,0.0,,2.0
3/21/1996,1009.3,31.8,24.7,30.0,74.0,87.0,67.0,CALM,0,NNW,10,0.0,,4.0
3/22/1996,1010.0,31.4,24.9,29.0,79.0,92.0,73.0,NNW,6,NNW,13,0.0,,6.0
3/23/1996,1008.9,32.0,24.0,29.7,74.0,84.0,67.0,VRB,5,NE,11,0.0,,5.0
3/24/1996,1008.5,31.0,22.7,27.4,87.0,98.0,80.0,VRB,2,NW,19,63.5,,8.0
3/25/1996,1009.4,30.2,23.6,27.2,86.0,93.0,78.0,CALM,0,S,21,7.4,,8.0
3/26/1996,1009.4,31.8,24.7,29.0,81.0,93.0,74.0,CALM,0,W,13,12.3,,7.0
3/27/1996,1009.3,31.6,25.8,29.1,81.0,87.0,75.0,W,9,W,14,3.4,,7.0
3/28/1996,1009.0,32.4,25.7,29.9,79.0,90.0,72.0,W,7,W,13,1.5,,6.0
3/29/1996,1008.9,31.7,27.1,30.0,79.0,92.0,72.0,W,12,W,16,0.0,,5.0
3/30/1996,1009.0,32.0,26.0,29.8,81.0,85.0,75.0,WNW,10,WNW,15,0.0,,8.0
3/31/1996,1008.4,32.6,26.7,30.8,75.0,85.0,70.0,WNW,8,WNW,13,0.0,,5.0
4/1/1996,1008.3,32.5,26.6,29.8,75.0,83.0,72.0,WNW,10,WNW,14,0.0,,6.0
4/2/1996,1008.1,33.3,26.8,30.8,75.0,83.0,70.0,WNW,9,NW,13,0.0,,2.0
4/3/1996,1008.6,32.4,26.8,30.1,78.0,82.0,74.0,NW,9,N,17,0.0,,4.0
4/4/1996,1009.2,31.8,25.0,29.7,79.0,82.0,75.0,NW,9,NNW,14,0.0,,5.0
4/5/1996,1009.1,31.7,22.8,29.3,77.0,83.0,71.0,VRB,3,N,9,3.1,,6.0
4/6/1996,1009.4,31.2,26.2,29.1,80.0,98.0,72.0,S,5,S,10,0.0,,3.0
4/7/1996,1010.0,31.4,26.7,29.7,77.0,84.0,72.0,SSE,5,S,14,0.0,,6.0
4/8/1996,1011.4,31.2,26.6,29.6,81.0,85.0,76.0,S,9,S,15,0.0,,7.0
4/9/1996,1010.6,31.6,26.1,30.1,73.0,80.0,70.0,S,11,SSW,15,0.0,,6.0
4/10/1996,1009.8,31.6,24.5,30.0,72.0,82.0,68.0,SSW,7,SSW,17,0.6,,2.0
4/11/1996,1009.7,32.2,24.0,28.3,83.0,93.0,70.0,VRB,2,NW,14,7.8,,6.0
4/12/1996,1010.5,30.6,23.7,27.9,83.0,93.0,73.0,VRB,3,SSW,13,5.6,,6.0
4/13/1996,1011.8,30.8,22.8,27.3,88.0,95.0,75.0,VRB,4,NNW,20,13.5,,6.0
4/14/1996,1011.9,31.2,22.9,28.8,79.0,100.0,70.0,VRB,3,SSW,9,0.0,,2.0
4/15/1996,1011.6,31.3,24.6,29.0,78.0,98.0,71.0,VRB,3,SSW,9,0.0,,2.0
4/16/1996,1010.5,32.2,25.7,30.2,72.0,84.0,67.0,VRB,4,W,8,0.0,,2.0
4/17/1996,1010.4,32.2,25.6,30.2,74.0,79.0,70.0,WNW,6,WNW,15,0.0,,2.0
4/18/1996,1011.2,32.2,25.8,30.1,72.0,87.0,66.0,WSW,8,W,12,0.0,,6.0
4/19/1996,1010.7,33.2,25.4,30.4,76.0,83.0,72.0,WNW,6,WNW,12,0.0,,5.0
4/20/1996,1010.8,33.1,26.7,30.7,75.0,80.0,71.0,W,7,WNW,15,0.0,,2.0
4/21/1996,1010.2,32.8,27.0,30.8,75.0,83.0,70.0,WNW,10,WNW,14,0.0,,3.0
4/22/1996,1010.8,33.4,26.7,31.2,74.0,79.0,70.0,NW,11,NW,16,0.0,,2.0
4/23/1996,1010.5,33.3,26.0,31.1,73.0,80.0,68.0,W,8,NW,20,0.3,,2.0
4/24/1996,1009.6,32.4,26.4,30.4,77.0,82.0,70.0,WNW,11,WNW,21,0.2,,4.0
4/25/1996,1009.5,33.2,25.4,30.7,75.0,82.0,67.0,WNW,12,WNW,25,0.0,,5.0
4/26/1996,1009.2,31.2,24.9,29.3,80.0,85.0,72.0,W,19,WNW,30,5.2,,7.0
4/27/1996,1009.2,29.3,22.9,27.1,88.0,92.0,85.0,W,14,W,31,32.1,,8.0
4/28/1996,1009.1,32.0,24.6,29.9,78.0,82.0,73.0,WNW,12,WNW,19,0.0,,6.0
4/29/1996,1009.8,31.9,23.8,30.4,76.0,80.0,70.0,WNW,12,W,21,0.0,,6.0
4/30/1996,1010.6,30.9,26.8,29.8,77.0,80.0,72.0,W,11,W,18,0.0,,5.0
5/1/1996,1010.6,32.0,24.8,30.2,79.0,82.0,74.0,W,11,SSW,20,0.3,,2.0
5/2/1996,1009.9,31.2,23.7,29.5,81.0,84.0,77.0,WSW,9,WSW,22,0.2,,4.0
5/3/1996,1010.5,31.3,23.4,29.4,81.0,89.0,70.0,WSW,6,WSW,25,3.2,,6.0
5/4/1996,1010.4,30.7,24.0,29.0,84.0,90.0,77.0,VRB,5,WSW,22,4.6,,6.0
5/5/1996,1010.2,30.6,23.0,28.9,84.0,92.0,78.0,SW,8,NNW,30,39.0,,6.0
5/6/1996,1010.7,29.4,23.4,27.1,90.0,97.0,85.0,WSW,8,WSW,23,8.2,,8.0
5/7/1996,1011.2,31.8,23.3,29.0,85.0,93.0,77.0,CALM,0,NW,17,0.0,,7.0
5/8/1996,1011.1,32.8,26.6,30.1,79.0,93.0,73.0,VRB,4,WNW,14,0.0,,6.0
5/9/1996,1011.0,32.6,22.7,30.1,78.0,86.0,73.0,WNW,7,SSW,23,40.2,,6.0
5/10/1996,1011.5,32.1,24.4,28.9,84.0,96.0,74.0,CALM,0,NNW,10,1.3,,6.0
5/11/1996,1013.0,31.8,24.6,29.0,81.0,92.0,75.0,CALM,0,W,11,0.0,,5.0
5/12/1996,1013.2,31.4,25.0,29.7,79.0,93.0,72.0,VRB,3,WSW,12,0.0,,3.0
5/13/1996,1013.5,32.4,25.5,29.5,79.0,86.0,74.0,VRB,5,W,14,0.0,,4.0
5/14/1996,1012.8,32.0,24.0,28.5,85.0,95.0,79.0,VRB,4,S,22,8.9,,6.0
5/15/1996,1013.4,32.2,23.9,29.9,80.0,90.0,73.0,VRB,4,S,16,0.0,,5.0
5/16/1996,1013.2,31.2,25.2,29.3,78.0,97.0,72.0,VRB,4,S,8,0.0,,3.0
5/17/1996,1012.5,31.4,25.4,29.8,73.0,81.0,70.0,VRB,4,S,9,0.0,,2.0
5/18/1996,1011.5,31.4,23.4,29.8,73.0,81.0,70.0,VRB,4,S,10,0.0,,1.0
5/19/1996,1010.9,33.2,26.6,30.1,73.0,93.0,61.0,CALM,0,CALM,5,0.0,,1.0
5/20/1996,1011.5,33.8,26.8,31.3,72.0,75.0,70.0,VRB,5,WNW,12,0.0,,2.0
5/21/1996,1011.5,32.6,26.6,30.9,72.0,76.0,68.0,WNW,8,W,13,1.2,,4.0
5/22/1996,1011.2,31.5,24.4,28.5,86.0,92.0,80.0,WSW,9,W,22,16.3,,6.0
5/23/1996,1011.1,30.4,23.4,28.5,85.0,96.0,79.0,WSW,10,W,28,15.3,,7.0
5/24/1996,1011.4,31.0,22.9,27.8,84.0,92.0,77.0,SSW,9,WNW,30,24.2,,7.0
5/25/1996,1011.1,30.3,24.8,28.5,83.0,97.0,77.0,VRB,6,SSW,14,0.6,,6.0
5/26/1996,1011.5,31.6,26.0,30.0,79.0,95.0,72.0,VRB,5,WSW,13,0.0,,3.0
5/27/1996,1011.2,31.4,23.8,29.7,79.0,93.0,73.0,VRB,5,NE,18,4.9,,4.0
5/28/1996,1009.6,31.4,23.0,28.9,80.0,94.0,72.0,W,7,WNW,26,48.4,,6.0
5/29/1996,1008.6,28.8,23.4,26.1,91.0,96.0,84.0,NW,12,NW,38,11.5,,8.0
5/30/1996,1007.9,31.2,24.4,28.7,84.0,95.0,76.0,VRB,4,SE,23,2.3,,7.0
5/31/1996,1009.4,31.4,22.4,29.0,82.0,90.0,80.0,VRB,5,WNW,22,55.6,,7.0
6/1/1996,1010.3,26.8,22.2,25.3,93.0,100.0,83.0,NNW,7,NNW,36,106.4,,8.0
6/2/1996,1008.9,29.8,24.2,27.9,85.0,93.0,83.0,NW,12,NW,35,0.4,,8.0
6/3/1996,1008.5,30.9,22.5,28.6,78.0,83.0,74.0,W,9,NW,32,28.5,,6.0
6/4/1996,1011.2,28.8,22.2,25.4,91.0,95.0,84.0,NNW,8,W,33,9.0,,8.0
6/5/1996,1010.8,30.2,26.2,28.4,81.0,86.0,78.0,W,12,W,23,0.0,,7.0
6/6/1996,1009.9,31.3,26.3,29.6,80.0,86.0,74.0,W,11,W,15,0.0,,7.0
6/7/1996,1010.8,32.2,26.4,29.6,81.0,87.0,76.0,VRB,4,W,17,0.0,,6.0
6/8/1996,1010.1,31.8,25.8,29.8,78.0,86.0,74.0,W,10,W,18,0.0,,3.0
6/9/1996,1009.2,31.1,24.2,29.7,77.0,85.0,70.0,SSW,7,S,13,0.0,,5.0
6/10/1996,1008.7,31.8,25.5,28.4,84.0,93.0,76.0,VRB,3,NW,17,0.0,,6.0
6/11/1996,1009.2,30.7,23.6,28.0,87.0,93.0,84.0,VRB,6,NW,30,8.9,,7.0
6/12/1996,1009.4,30.8,25.0,28.5,84.0,97.0,78.0,WNW,9,WNW,34,0.0,,7.0
6/13/1996,1008.5,30.5,25.1,28.4,87.0,95.0,83.0,WSW,7,SSW,17,0.0,,8.0
6/14/1996,1007.7,30.4,25.2,28.0,85.0,95.0,79.0,SW,8,SW,22,0.4,,8.0
6/15/1996,1007.8,31.0,25.7,29.4,79.0,83.0,74.0,WSW,7,WSW,14,0.0,,6.0
6/16/1996,1007.8,30.8,25.4,29.2,79.0,86.0,72.0,VRB,4,WSW,11,0.0,,6.0
6/17/1996,1007.3,31.0,26.0,29.1,77.0,84.0,72.0,VRB,4,S,23,0.0,,6.0
6/18/1996,1007.8,31.5,25.9,29.6,75.0,82.0,72.0,S,9,S,15,0.0,,5.0
6/19/1996,1009.0,30.8,25.8,29.4,77.0,84.0,73.0,VRB,4,SSE,11,0.0,,1.0
6/20/1996,1010.1,31.2,26.1,29.5,79.0,84.0,76.0,VRB,5,SSE,13,0.0,,6.0
6/21/1996,1010.9,31.1,25.6,29.4,81.0,89.0,77.0,VRB,3,ESE,10,0.0,,6.0
6/22/1996,1011.0,31.2,24.3,29.5,81.0,89.0,78.0,VRB,3,CALM,7,0.0,,7.0
6/23/1996,1011.0,31.6,24.5,29.4,78.0,89.0,73.0,CALM,0,CALM,7,0.0,,7.0
6/24/1996,1011.3,33.0,25.1,29.8,79.0,90.0,68.0,CALM,0,NW,27,0.0,,6.0
6/25/1996,1010.7,31.3,25.7,29.7,79.0,90.0,73.0,VRB,6,NW,17,0.0,,5.0
6/26/1996,1010.2,32.7,25.8,29.8,77.0,89.0,66.0,VRB,3,W,11,0.0,,4.0
6/27/1996,1012.1,34.1,24.4,30.4,77.0,93.0,69.0,NW,6,W,14,0.0,,7.0
6/28/1996,1012.6,32.1,23.8,29.3,78.0,89.0,72.0,VRB,4,W,21,2.9,,7.0
6/29/1996,1013.8,31.6,23.6,28.9,83.0,95.0,73.0,WNW,9,W,18,1.8,,7.0
6/30/1996,1013.0,31.2,22.4,28.7,81.0,93.0,74.0,WNW,7,WNW,29,19.6,,8.0
7/1/1996,1012.0,30.6,25.6,28.3,79.0,90.0,71.0,WNW,7,W,23,0.0,,8.0
7/2/1996,1012.2,32.2,23.6,29.5,76.0,81.0,72.0,VRB,3,SSW,19,4.6,,7.0
7/3/1996,1013.0,29.8,24.7,27.6,85.0,95.0,78.0,VRB,5,NW,22,1.2,,7.0
7/4/1996,1012.9,30.0,23.0,28.5,81.0,85.0,79.0,VRB,5,NW,28,12.5,,8.0
7/5/1996,1010.8,32.8,26.0,29.5,81.0,90.0,74.0,VRB,3,SSW,13,0.0,,7.0
7/6/1996,1010.0,31.7,25.4,29.4,79.0,87.0,72.0,VRB,3,SW,11,0.0,,6.0
7/7/1996,1009.9,31.4,22.4,27.9,79.0,89.0,73.0,VRB,5,WNW,33,15.6,,6.0
7/8/1996,1010.1,30.4,22.4,26.7,86.0,92.0,83.0,NW,13,NW,40,14.6,,7.0
7/9/1996,1011.0,29.4,21.6,26.0,86.0,98.0,78.0,NW,15,NW,41,38.4,,8.0
7/10/1996,1010.3,30.4,25.0,29.1,80.0,87.0,74.0,W,9,NW,20,1.5,,5.0
7/11/1996,1008.7,30.0,25.4,28.6,82.0,85.0,78.0,W,8,W,18,0.0,,7.0
7/12/1996,1008.8,31.6,22.5,29.3,80.0,84.0,76.0,VRB,4,S,54,19.2,,5.0
7/13/1996,1010.1,29.4,25.0,27.7,84.0,95.0,80.0,W,14,NW,32,0.0,,8.0
7/14/1996,1010.1,31.6,22.8,29.2,81.0,89.0,75.0,VRB,4,W,16,7.2,,7.0
7/15/1996,1010.0,30.0,24.0,28.5,83.0,89.0,82.0,VRB,4,SSW,14,0.0,,7.0
7/16/1996,1008.8,30.0,23.4,27.6,84.0,87.0,82.0,VRB,4,W,17,4.6,,7.0
7/17/1996,1010.2,28.8,23.4,26.9,88.0,95.0,82.0,VRB,3,SSW,12,1.7,,7.0
7/18/1996,1010.9,30.2,25.4,28.8,79.0,86.0,73.0,SSW,8,SSW,16,0.0,,6.0
7/19/1996,1010.8,30.4,25.5,29.9,77.0,84.0,73.0,SSW,5,SSW,13,0.0,,7.0
7/20/1996,1010.1,31.2,23.0,29.2,76.0,79.0,70.0,VRB,2,S,15,9.5,,6.0
7/21/1996,1011.2,27.8,22.2,25.3,89.0,96.0,83.0,VRB,3,S,20,7.8,,8.0
7/22/1996,1011.3,29.4,23.6,27.4,88.0,95.0,83.0,VRB,6,WNW,21,3.8,,8.0
7/23/1996,1011.7,30.4,23.0,28.7,83.0,99.0,78.0,SSW,6,SSW,13,2.5,,4.0
7/24/1996,1010.8,31.6,25.4,28.8,82.0,96.0,74.0,CALM,0,SSW,7,0.0,,5.0
7/25/1996,1011.1,30.4,24.4,28.8,80.0,83.0,78.0,VRB,3,SSW,12,0.0,,7.0
7/26/1996,1012.3,30.2,22.4,27.8,83.0,92.0,79.0,VRB,2,SE,20,3.7,,8.0
7/27/1996,1012.3,30.6,24.0,28.4,83.0,90.0,77.0,VRB,2,SSE,16,28.9,,6.0
7/28/1996,1011.7,28.8,22.0,26.9,88.0,97.0,85.0,VRB,3,SSW,26,11.0,,7.0
7/29/1996,1010.9,30.0,23.6,27.8,78.0,96.0,71.0,SSW,6,SSE,19,0.0,,6.0
7/30/1996,1012.3,30.0,21.6,27.4,83.0,93.0,75.0,VRB,3,SSE,15,33.5,,6.0
7/31/1996,1012.7,30.2,25.0,28.3,81.0,98.0,73.0,CALM,0,SSE,6,0.0,,6.0
8/1/1996,1013.0,30.4,24.8,28.9,79.0,84.0,75.0,VRB,4,SSE,8,1.2,,7.0
8/2/1996,1012.3,30.8,24.0,29.1,77.0,86.0,73.0,VRB,2,SSE,10,0.0,,3.0
8/3/1996,1011.6,31.0,22.0,28.5,83.0,87.0,78.0,VRB,2,SSE,32,49.2,,3.0
8/4/1996,1011.4,27.0,23.0,26.4,91.0,96.0,87.0,VRB,2,WNW,14,1.2,,8.0
8/5/1996,1011.5,30.0,24.0,28.5,78.0,84.0,74.0,VRB,3,WNW,11,8.5,,8.0
8/6/1996,1012.5,31.0,24.6,28.7,81.0,95.0,71.0,CALM,0,WNW,16,0.9,,5.0
8/7/1996,1012.8,31.0,25.2,29.2,78.0,93.0,69.0,VRB,3,WNW,16,0.0,,4.0
8/8/1996,1012.6,31.6,22.0,29.3,81.0,93.0,69.0,VRB,3,SSW,28,17.1,,4.0
8/9/1996,1012.9,29.8,23.6,27.5,84.0,87.0,78.0,SSW,7,WNW,16,2.2,,8.0
8/10/1996,1011.8,30.2,25.5,28.5,80.0,86.0,75.0,VRB,4,SSW,15,0.0,,6.0
8/11/1996,1011.1,31.5,23.8,29.1,78.0,84.0,75.0,VRB,2,SW,21,2.5,,5.0
8/12/1996,1012.7,30.0,23.0,27.0,86.0,89.0,82.0,SW,12,WNW,33,3.8,,7.0
8/13/1996,1010.2,32.0,23.4,29.2,82.0,87.0,75.0,SW,9,WNW,30,4.6,,5.0
8/14/1996,1009.3,31.4,25.4,28.8,81.0,87.0,73.0,WNW,9,WNW,20,1.5,,7.0
8/15/1996,1010.4,32.2,26.4,29.8,72.0,80.0,69.0,NW,9,NW,16,0.0,,4.0
8/16/1996,1011.2,32.0,26.2,29.8,72.0,81.0,67.0,NW,10,NW,19,0.0,,5.0
8/17/1996,1011.3,32.7,26.4,29.9,75.0,80.0,70.0,NW,9,NW,19,0.2,,5.0
8/18/1996,1010.8,32.5,26.0,30.0,76.0,80.0,70.0,NW,11,NW,20,0.0,,3.0
8/19/1996,1010.1,31.2,26.0,29.5,75.0,81.0,70.0,WNW,5,WNW,18,0.0,,2.0
8/20/1996,1009.9,32.2,24.0,29.8,74.0,80.0,69.0,VRB,5,WNW,11,5.5,,5.0
8/21/1996,1010.7,31.2,23.0,28.4,82.0,93.0,77.0,VRB,5,WNW,22,6.0,,5.0
8/22/1996,1011.4,32.8,24.2,29.2,79.0,85.0,73.0,VRB,5,WNW,21,2.0,,7.0
8/23/1996,1012.1,31.8,25.0,29.3,74.0,84.0,67.0,VRB,1,WNW,10,0.0,,6.0
8/24/1996,1011.6,30.4,25.0,28.7,76.0,83.0,73.0,VRB,4,S,8,0.0,,5.0
8/25/1996,1011.8,31.4,26.2,29.1,75.0,84.0,67.0,VRB,3,W,10,0.0,,3.0
8/26/1996,1012.3,33.0,25.6,30.1,75.0,83.0,69.0,VRB,5,WNW,14,0.0,,3.0
8/27/1996,1012.1,33.0,24.2,30.2,75.0,78.0,71.0,NW,7,NW,23,1.2,,4.0
8/28/1996,1012.0,32.0,25.8,29.0,80.0,86.0,73.0,VRB,5,WNW,26,0.0,,6.0
8/29/1996,1011.5,33.2,23.4,29.6,80.0,86.0,73.0,NW,8,NW,34,9.3,,4.0
8/30/1996,1011.5,30.0,24.5,27.8,83.0,93.0,79.0,WNW,7,WNW,25,1.9,,7.0
8/31/1996,1011.6,32.0,25.6,29.6,78.0,87.0,72.0,VRB,3,W,9,0.0,,4.0
9/1/1996,1011.8,32.4,26.2,29.8,75.0,86.0,66.0,VRB,2,W,14,0.0,,3.0
9/2/1996,1011.2,32.6,23.4,29.9,74.0,80.0,68.0,W,6,WNW,18,5.6,,3.0
9/3/1996,1010.6,30.4,23.2,28.0,82.0,88.0,77.0,W,6,W,24,17.0,,4.0
9/4/1996,1010.0,31.4,26.4,29.2,79.0,84.0,72.0,WNW,7,WNW,19,1.0,,3.0
9/5/1996,1009.5,30.6,21.6,29.1,76.0,80.0,73.0,SW,10,SSW,36,6.2,,4.0
9/6/1996,1009.9,30.2,24.0,27.8,84.0,93.0,78.0,VRB,5,NW,23,5.5,,6.0
9/7/1996,1009.7,31.2,23.5,28.3,84.0,90.0,78.0,VRB,6,W,24,13.8,,5.0
9/8/1996,1009.3,30.2,24.2,28.2,84.0,89.0,78.0,WNW,11,W,26,5.3,,7.0
9/9/1996,1008.9,32.2,23.2,29.1,84.0,87.0,79.0,WNW,6,W,18,8.4,,7.0
9/10/1996,1009.4,32.6,24.0,29.2,82.0,93.0,72.0,VRB,1,WNW,22,5.4,,4.0
9/11/1996,1010.7,30.6,24.0,27.8,85.0,95.0,78.0,VRB,4,SSW,17,7.6,,6.0
9/12/1996,1011.0,28.4,22.0,26.2,92.0,100.0,87.0,W,9,W,36,70.2,,7.0
9/13/1996,1011.0,29.7,25.2,27.5,87.0,90.0,79.0,SSW,8,SSW,20,3.4,,7.0
9/14/1996,1010.5,30.8,23.4,28.7,79.0,90.0,71.0,SSW,10,SW,26,4.2,,7.0
9/15/1996,1010.6,29.2,26.2,27.8,83.0,86.0,80.0,SSW,9,S,14,0.0,,8.0
9/16/1996,1011.8,30.4,24.5,29.0,77.0,84.0,73.0,S,7,SSE,13,0.0,,5.0
9/17/1996,1011.8,30.4,23.8,28.6,79.0,86.0,75.0,VRB,5,S,13,0.0,,7.0
9/18/1996,1011.3,31.9,24.6,29.1,79.0,96.0,72.0,CALM,0,CALM,4,1.8,,7.0
9/19/1996,1011.2,30.8,24.9,29.8,84.0,95.0,73.0,SW,6,SW,18,0.8,,6.0
9/20/1996,1012.5,29.6,22.2,25.4,94.0,100.0,91.0,VRB,5,WSW,36,76.0,,8.0
9/21/1996,1012.7,29.4,23.8,27.8,84.0,96.0,78.0,VRB,6,W,14,2.3,,8.0
9/22/1996,1011.9,32.6,24.3,29.5,84.0,95.0,75.0,VRB,4,WNW,28,4.3,,7.0
9/23/1996,1011.2,29.8,23.2,28.1,87.0,95.0,81.0,W,8,W,24,49.2,,8.0
9/24/1996,1011.9,27.2,22.5,25.5,93.0,96.0,90.0,W,14,W,28,62.2,,8.0
9/25/1996,1013.4,28.4,23.6,26.4,90.0,100.0,83.0,VRB,8,SSW,24,8.4,,8.0
9/26/1996,1012.4,30.2,23.6,27.7,85.0,98.0,78.0,WSW,10,SW,22,19.6,,7.0
9/27/1996,1011.8,28.8,23.2,26.6,90.0,100.0,81.0,W,10,W,28,28.6,,8.0
9/28/1996,1012.1,30.0,25.5,28.4,81.0,86.0,78.0,W,10,W,20,0.0,,7.0
9/29/1996,1012.1,31.6,26.2,29.0,81.0,89.0,77.0,WNW,8,NW,16,0.0,,6.0
9/30/1996,1011.4,32.2,25.0,29.5,79.0,84.0,75.0,WNW,7,NW,30,0.8,,5.0
10/1/1996,1011.5,31.6,26.2,29.2,81.0,86.0,76.0,NW,12,NW,21,0.0,,5.0
10/2/1996,1012.2,31.9,24.5,29.1,80.0,90.0,72.0,NW,9,W,34,12.8,,7.0
10/3/1996,1012.3,29.6,23.0,26.5,88.0,96.0,80.0,W,8,W,34,10.9,,8.0
10/4/1996,1011.9,30.0,25.6,28.2,83.0,90.0,79.0,SSW,8,SSW,15,0.0,,7.0
10/5/1996,1012.3,31.0,23.6,28.1,83.0,88.0,75.0,VRB,5,NW,22,4.5,,5.0
10/6/1996,1011.9,32.0,24.0,29.0,82.0,88.0,76.0,NW,8,NW,28,20.6,,4.0
10/7/1996,1012.2,31.2,23.5,28.2,88.0,95.0,83.0,NW,9,NNW,28,9.6,,6.0
10/8/1996,1012.4,31.4,25.0,29.0,81.0,86.0,78.0,NW,11,NNW,26,0.5,,4.0
10/9/1996,1012.0,32.0,25.0,29.5,79.0,86.0,73.0,NW,10,NW,29,4.3,,4.0
10/10/1996,1011.2,31.4,24.0,28.4,82.0,90.0,77.0,NW,10,NW,26,4.7,,4.0
10/11/1996,1010.3,31.4,23.6,29.0,81.0,89.0,74.0,NW,14,W,36,16.7,,3.0
10/12/1996,1011.3,28.1,23.7,26.8,87.0,95.0,83.0,W,19,WSW,42,6.4,,8.0
10/13/1996,1013.3,29.6,22.6,27.4,89.0,95.0,81.0,WSW,16,W,38,15.7,,7.0
10/14/1996,1011.6,29.8,23.6,27.0,90.0,96.0,82.0,WSW,17,W,36,17.6,,7.0
10/15/1996,1010.4,29.4,24.0,27.2,88.0,98.0,78.0,WSW,18,W,34,11.5,,7.0
10/16/1996,1010.7,29.8,24.0,27.8,86.0,98.0,77.0,SW,14,SW,35,2.7,,6.0
10/17/1996,1011.6,30.0,25.6,29.5,82.0,92.0,78.0,SW,13,SW,22,0.0,,5.0
10/18/1996,1011.6,30.1,25.0,28.5,82.0,93.0,74.0,WSW,14,WSW,27,0.0,,5.0
10/19/1996,1010.8,30.6,26.2,28.8,81.0,92.0,75.0,W,15,W,30,0.0,,4.0
10/20/1996,1010.2,31.0,24.6,29.4,79.0,90.0,72.0,W,16,W,33,0.0,,2.0
10/21/1996,1011.1,30.6,23.4,28.5,82.0,92.0,75.0,W,16,WSW,35,8.3,,5.0
10/22/1996,1011.5,30.0,23.4,27.5,88.0,93.0,81.0,W,15,W,39,21.7,,7.0
10/23/1996,1011.6,30.0,22.1,28.4,84.0,95.0,79.0,W,13,WNW,34,38.3,,5.0
10/24/1996,1012.4,30.7,25.4,28.7,84.0,96.0,80.0,W,11,W,18,0.0,,4.0
10/25/1996,1012.6,32.0,25.8,29.4,80.0,93.0,75.0,NW,11,NW,20,0.0,,2.0
10/26/1996,1011.7,32.0,25.4,29.4,77.0,84.0,72.0,NW,13,NW,20,0.0,,3.0
10/27/1996,1010.8,30.6,24.0,27.8,82.0,86.0,78.0,W,15,W,34,9.7,,5.0
10/28/1996,1010.8,31.2,24.8,28.6,82.0,85.0,78.0,W,12,W,24,2.1,,4.0
10/29/1996,1011.6,31.6,25.9,29.2,82.0,86.0,77.0,NW,12,NW,20,0.0,,3.0
10/30/1996,1010.6,31.6,25.5,29.3,78.0,84.0,74.0,NW,12,NW,22,0.0,,3.0
10/31/1996,1011.4,32.0,25.5,29.5,77.0,86.0,72.0,NW,9,NW,12,0.0,,1.0
11/1/1996,1011.3,32.6,25.2,30.0,77.0,86.0,70.0,VRB,5,NW,11,0.0,,2.0
11/2/1996,1011.0,32.5,25.5,29.4,78.0,84.0,72.0,NW,8,NW,14,0.0,,2.0
11/3/1996,1010.8,32.4,25.8,29.7,76.0,86.0,71.0,NW,9,WNW,17,0.0,,2.0
11/4/1996,1011.2,32.2,26.1,29.9,77.0,90.0,71.0,NW,10,W,21,0.0,,3.0
11/5/1996,1010.9,31.8,25.8,29.4,78.0,90.0,71.0,W,13,W,23,0.0,,3.0
11/6/1996,1010.4,32.2,25.8,29.5,78.0,86.0,71.0,W,13,WNW,17,0.3,,2.0
11/7/1996,1010.3,31.0,22.0,28.6,81.0,89.0,73.0,NNW,12,WSW,24,13.3,,5.0
11/8/1996,1012.3,30.0,23.8,27.0,85.0,95.0,81.0,VRB,4,SSW,25,3.4,,6.0
11/9/1996,1013.2,31.0,23.3,28.3,82.0,96.0,71.0,CALM,0,CALM,7,0.9,,3.0
11/10/1996,1013.0,31.3,23.4,28.8,79.0,93.0,73.0,CALM,0,NW,14,0.0,,2.0
11/11/1996,1013.9,31.8,23.1,29.4,78.0,93.0,71.0,CALM,0,NNW,22,4.2,,3.0
11/12/1996,1013.7,30.8,23.6,28.2,84.0,95.0,77.0,SW,12,NW,28,2.1,,3.0
11/13/1996,1012.1,29.8,24.8,28.0,84.0,95.0,79.0,WSW,13,WSW,20,0.0,,4.0
11/14/1996,1012.2,30.6,25.4,28.5,82.0,96.0,75.0,W,8,W,12,0.0,,2.0
11/15/1996,1012.8,32.4,25.5,29.6,80.0,93.0,72.0,VRB,4,WNW,8,0.0,,2.0
11/16/1996,1012.4,31.2,25.0,29.1,78.0,93.0,71.0,CALM,0,WNW,11,0.0,,2.0
11/17/1996,1012.0,31.3,23.0,28.9,79.0,93.0,73.0,VRB,3,W,11,0.0,,3.0
11/18/1996,1012.7,32.0,23.0,29.0,77.0,90.0,72.0,CALM,0,WNW,7,0.0,,2.0
11/19/1996,1012.3,30.6,25.0,28.6,80.0,98.0,73.0,VRB,5,WNW,12,0.0,,3.0
11/20/1996,1011.1,30.9,24.2,28.9,79.0,89.0,74.0,VRB,4,WNW,13,0.0,,4.0
11/21/1996,1011.2,31.6,23.8,28.1,84.0,90.0,72.0,VRB,2,NE,15,6.5,,6.0
11/22/1996,1009.4,32.2,24.0,29.6,77.0,84.0,72.0,VRB,4,S,16,3.0,,7.0
11/23/1996,1010.6,28.8,23.2,25.8,90.0,93.0,85.0,W,9,W,24,16.4,,7.0
11/24/1996,1010.2,30.8,24.4,28.2,85.0,93.0,76.0,VRB,2,W,14,1.8,,5.0
11/25/1996,1010.3,31.2,21.2,28.7,81.0,83.0,74.0,VRB,4,W,28,45.7,,5.0
11/26/1996,1010.6,29.2,23.2,26.8,85.0,92.0,82.0,W,12,W,30,32.2,,8.0
11/27/1996,1010.1,27.0,22.0,25.3,93.0,95.0,87.0,W,17,W,37,48.5,,8.0
11/28/1996,1008.9,30.0,25.0,27.9,85.0,87.0,80.0,NW,13,NW,25,1.5,,7.0
11/29/1996,1009.8,31.4,24.5,28.6,82.0,90.0,77.0,NW,15,SW,35,3.3,,4.0
11/30/1996,1010.8,30.8,23.9,28.5,85.0,92.0,79.0,NW,19,NW,38,4.3,,5.0
12/1/1996,1011.2,30.5,24.0,28.2,84.0,90.0,79.0,NW,14,SSW,24,9.2,,7.0
12/2/1996,1011.0,31.4,25.2,27.8,86.0,92.0,78.0,VRB,4,W,14,0.1,,7.0
12/3/1996,1011.0,31.2,25.3,28.9,79.0,93.0,73.0,CALM,0,CALM,6,0.7,,7.0
12/4/1996,1011.9,31.4,24.6,29.1,79.0,93.0,73.0,VRB,5,S,24,0.0,,4.0
12/5/1996,1011.4,31.6,25.3,29.1,80.0,93.0,74.0,VRB,5,W,17,0.0,,7.0
12/6/1996,1011.2,31.8,25.6,29.3,77.0,93.0,71.0,NW,10,WNW,20,0.3,,5.0
12/7/1996,1012.7,32.2,25.6,29.6,78.0,90.0,67.0,WNW,11,W,17,0.0,,6.0
12/8/1996,1012.4,31.7,25.3,29.5,77.0,92.0,67.0,WNW,11,W,18,0.0,,3.0
12/9/1996,1010.8,31.9,25.7,29.0,78.0,90.0,73.0,W,11,W,19,0.0,,2.0
12/10/1996,1010.7,31.4,25.8,28.9,77.0,85.0,73.0,W,13,W,28,0.0,,3.0
12/11/1996,1010.9,30.8,25.9,29.1,75.0,90.0,70.0,W,18,W,29,0.0,,3.0
12/12/1996,1010.5,31.6,26.2,29.3,75.0,87.0,68.0,W,17,W,25,0.0,,2.0
12/13/1996,1010.2,31.4,26.2,29.0,77.0,84.0,72.0,W,14,W,22,0.0,,3.0
12/14/1996,1010.2,30.4,26.3,28.3,79.0,86.0,76.0,W,15,W,26,0.0,,5.0
12/15/1996,1010.4,30.1,25.8,28.5,77.0,86.0,72.0,W,17,W,23,0.0,,4.0
12/16/1996,1010.9,31.8,24.1,29.7,74.0,86.0,66.0,WNW,11,W,19,0.4,,2.0
12/17/1996,1011.8,31.6,23.4,28.8,78.0,93.0,70.0,CALM,0,CALM,6,0.0,,4.0
12/18/1996,1012.8,30.8,23.9,28.6,78.0,95.0,71.0,CALM,0,CALM,8,0.0,,3.0
12/19/1996,1012.6,31.4,23.8,28.4,73.0,95.0,64.0,NNE,8,N,17,0.0,,2.0
12/20/1996,1012.5,31.6,23.5,29.1,69.0,90.0,60.0,NNE,8,N,17,0.0,,2.0
12/21/1996,1014.1,29.0,23.2,26.6,83.0,90.0,77.0,N,8,N,15,0.0,,5.0
12/22/1996,1014.7,30.4,22.8,27.3,84.0,91.0,74.0,VRB,2,NW,16,9.0,,6.0
12/23/1996,1015.1,30.4,23.9,27.9,81.0,96.0,74.0,VRB,2,NE,16,0.5,,3.0
12/24/1996,1014.5,30.0,21.4,27.2,83.0,89.0,76.0,VRB,6,NW,23,52.1,,5.0
12/25/1996,1014.9,29.4,22.6,26.7,82.0,95.0,70.0,VRB,3,NNW,12,0.2,,6.0
12/26/1996,1013.5,30.0,23.6,28.3,72.0,77.0,69.0,VRB,2,NW,11,0.0,,2.0
12/27/1996,1013.4,30.5,25.6,28.6,75.0,81.0,69.0,VRB,6,NE,14,0.0,,2.0
12/28/1996,1013.3,32.0,25.0,28.9,76.0,81.0,74.0,NE,6,NNE,15,0.0,,2.0
12/29/1996,1013.1,30.8,24.0,28.6,77.0,84.0,70.0,VRB,5,NNE,17,0.9,,4.0
12/30/1996,1012.0,31.0,25.5,28.8,78.0,89.0,71.0,NE,9,E,22,0.0,,3.0
12/31/1996,1012.4,30.8,25.4,28.8,73.0,77.0,70.0,NE,11,NNE,16,0.0,,2.0
1/1/1997,1012.7,30.4,25.6,28.6,75.0,81.0,70.0,NE,11,NE,15,0.0,,4.0
1/2/1997,1013.2,30.5,25.0,28.7,78.0,83.0,74.0,NE,7,N,16,3.2,,2.0
1/3/1997,1013.0,30.5,25.6,28.6,80.0,87.0,75.0,VRB,6,NE,18,0.0,,2.0
1/4/1997,1013.0,31.0,25.4,28.8,78.0,86.0,71.0,NE,8,NNE,18,0.0,,2.0
1/5/1997,1012.8,31.0,24.0,28.8,76.0,84.0,69.0,NNE,9,NNE,22,0.0,,2.0
1/6/1997,1013.0,31.0,25.0,28.7,75.0,86.0,69.0,NNE,9,NNE,18,0.0,,4.0
1/7/1997,1012.9,30.6,25.0,28.6,72.0,83.0,67.0,NE,9,NNE,20,0.0,,2.0
1/8/1997,1012.4,30.4,25.0,28.4,71.0,84.0,64.0,NE,11,NE,22,0.0,,2.0
1/9/1997,1011.8,30.4,25.0,28.6,73.0,83.0,68.0,NE,10,NE,16,0.0,,2.0
1/10/1997,1011.9,31.0,25.0,29.1,76.0,84.0,72.0,NE,10,NE,18,0.0,,2.0
1/11/1997,1013.2,31.7,22.6,29.0,77.0,83.0,73.0,NE,12,E,28,12.0,,4.0
1/12/1997,1013.2,29.8,24.4,27.3,78.0,86.0,69.0,ENE,14,ENE,32,0.0,,8.0
1/13/1997,1013.2,29.8,23.8,27.8,81.0,85.0,77.0,ENE,8,ENE,29,0.9,,6.0
1/14/1997,1013.2,30.4,25.3,27.9,80.0,86.0,74.0,ENE,6,E,17,0.7,,5.0
1/15/1997,1011.5,31.4,22.3,28.0,79.0,90.0,69.0,NE,7,E,25,10.1,,5.0
1/16/1997,1012.2,30.4,24.3,28.2,79.0,95.0,71.0,ENE,9,NNE,19,0.0,,4.0
1/17/1997,1012.6,30.7,25.1,28.1,80.0,96.0,71.0,VRB,4,ENE,14,0.0,,6.0
1/18/1997,1013.8,30.5,25.2,27.9,80.0,90.0,75.0,VRB,6,ENE,19,0.0,,6.0
1/19/1997,1012.6,30.6,24.2,28.5,80.0,90.0,73.0,ENE,10,ENE,18,0.0,,4.0
1/20/1997,1012.3,30.7,24.6,28.9,75.0,86.0,70.0,ENE,8,NE,15,0.0,,2.0
1/21/1997,1012.4,30.4,23.8,28.6,75.0,86.0,69.0,NNW,6,NNW,16,0.0,,3.0
1/22/1997,1011.6,30.8,23.9,28.4,77.0,88.0,68.0,NNE,7,NNE,15,0.0,,2.0
1/23/1997,1011.9,31.2,24.4,28.5,74.0,90.0,65.0,NNE,7,NE,16,0.0,,1.0
1/24/1997,1010.9,30.6,25.2,28.6,71.0,87.0,63.0,NE,9,NE,17,0.0,,1.0
1/25/1997,1010.8,31.2,24.0,29.1,67.0,74.0,63.0,NE,8,NE,15,0.0,,1.0
1/26/1997,1012.1,31.6,25.0,29.0,68.0,79.0,63.0,NE,9,NE,17,0.0,,2.0
1/27/1997,1011.7,31.4,26.0,28.8,74.0,89.0,64.0,NE,8,NE,22,1.0,,3.0
1/28/1997,1011.0,31.5,24.4,29.4,64.0,71.0,58.0,NE,12,NE,22,0.0,,3.0
1/29/1997,1011.6,31.4,23.6,29.2,68.0,74.0,63.0,NE,8,NE,16,0.0,,1.0
1/30/1997,1010.7,30.9,25.2,28.9,72.0,84.0,65.0,NNE,7,N,16,0.0,,3.0
1/31/1997,1010.7,31.4,24.6,29.8,72.0,81.0,67.0,NNE,8,N,17,0.0,,6.0
2/1/1997,1011.5,30.4,24.6,28.4,73.0,87.0,67.0,N,11,N,15,0.0,,7.0
2/2/1997,1010.6,31.0,25.4,28.5,77.0,96.0,68.0,N,7,N,11,0.0,,6.0
2/3/1997,1010.3,31.8,24.6,28.9,71.0,85.0,64.0,NNW,8,NNW,13,0.0,,5.0
2/4/1997,1009.7,31.4,25.8,28.0,71.0,85.0,58.0,NNW,7,N,18,0.0,,4.0
2/5/1997,1009.4,30.6,26.0,28.8,67.0,71.0,63.0,N,11,N,21,0.0,,7.0
2/6/1997,1012.2,31.6,24.6,27.2,73.0,75.0,71.0,NW,7,NNW,15,0.0,,6.0
2/7/1997,1012.0,31.8,24.3,29.0,78.0,82.0,71.0,NNW,9,NNW,15,1.8,,6.0
2/8/1997,1011.6,31.6,22.2,29.3,78.0,85.0,73.0,NW,9,NNW,15,30.7,,7.0
2/9/1997,1011.0,29.6,23.6,26.3,85.0,96.0,79.0,VRB,5,W,17,0.0,,8.0
2/10/1997,1010.6,30.2,25.0,28.1,79.0,93.0,72.0,VRB,4,W,14,0.0,,7.0
2/11/1997,1011.3,30.5,23.9,28.6,75.0,81.0,69.0,NW,7,NW,17,0.0,,5.0
2/12/1997,1011.6,31.0,24.8,28.8,75.0,88.0,64.0,NE,8,NE,18,0.0,,5.0
2/13/1997,1011.1,32.0,24.1,29.4,64.0,77.0,59.0,NE,12,NE,24,0.0,,3.0
2/14/1997,1011.2,30.6,24.0,28.9,67.0,69.0,64.0,VRB,6,NE,16,0.0,,5.0
2/15/1997,1011.1,31.0,24.2,28.9,72.0,81.0,65.0,VRB,4,NE,12,0.0,,2.0
2/16/1997,1011.7,30.6,25.0,28.6,74.0,84.0,66.0,VRB,3,NNW,10,0.0,,3.0
2/17/1997,1011.8,31.0,22.4,28.4,76.0,87.0,67.0,VRB,4,NNW,20,10.2,,6.0
2/18/1997,1011.6,30.9,23.4,27.7,83.0,95.0,74.0,VRB,5,NNW,20,0.0,,7.0
2/19/1997,1012.7,31.0,24.5,28.7,74.0,88.0,69.0,VRB,3,NW,12,0.1,,4.0
2/20/1997,1013.0,30.6,24.6,28.6,81.0,87.0,75.0,VRB,6,NNW,15,0.2,,5.0
2/21/1997,1013.0,31.7,25.6,29.2,76.0,84.0,73.0,ENE,8,ENE,15,0.0,,5.0
2/22/1997,1012.8,31.6,26.1,29.2,77.0,85.0,70.0,E,8,E,13,0.0,,6.0
2/23/1997,1012.7,31.6,25.8,29.9,73.0,82.0,69.0,VRB,4,E,12,0.0,,3.0
2/24/1997,1012.9,31.8,26.1,29.6,75.0,85.0,71.0,E,9,E,15,0.0,,2.0
2/25/1997,1012.7,31.7,26.2,29.7,74.0,83.0,71.0,E,10,E,16,0.0,,3.0
2/26/1997,1011.9,31.9,25.6,29.9,68.0,84.0,59.0,NE,14,NE,22,0.0,,2.0
2/27/1997,1011.9,32.0,25.8,29.8,61.0,84.0,52.0,NNE,15,NNE,25,0.0,,1.0
2/28/1997,1012.8,32.1,25.2,29.2,65.0,68.0,52.0,NE,13,NE,20,0.0,,2.0
3/1/1997,1012.8,31.8,23.2,28.8,62.0,70.0,57.0,NNW,8,N,18,0.0,,1.0
3/2/1997,1012.7,31.2,24.0,28.8,65.0,77.0,57.0,VRB,3,NE,15,0.0,,1.0
3/3/1997,1013.5,31.5,26.0,29.2,68.0,76.0,64.0,NE,9,NE,16,0.0,,4.0
3/4/1997,1012.8,31.5,25.5,29.2,71.0,81.0,64.0,VRB,6,NE,12,0.0,,4.0
3/5/1997,1013.2,31.6,25.5,29.3,70.0,81.0,66.0,VRB,6,NE,12,0.0,,2.0
3/6/1997,1013.1,32.0,24.8,29.5,73.0,81.0,69.0,VRB,4,S,16,5.0,,2.0
3/7/1997,1014.0,31.6,26.0,29.6,73.0,84.0,66.0,VRB,6,SE,15,0.0,,2.0
3/8/1997,1013.0,31.8,24.9,29.5,74.0,84.0,67.0,VRB,4,SE,16,0.7,,3.0
3/9/1997,1013.5,32.5,26.5,29.8,71.0,83.0,61.0,NE,7,SE,15,0.0,,2.0
3/10/1997,1013.1,32.0,24.4,29.5,73.0,86.0,68.0,NE,7,NE,16,5.0,,2.0
3/11/1997,1013.9,31.8,24.0,29.7,71.0,84.0,64.0,NE,9,E,22,11.6,,2.0
3/12/1997,1014.1,30.6,24.4,27.7,86.0,95.0,73.0,E,7,NE,14,6.5,,5.0
3/13/1997,1012.5,31.2,25.0,29.5,77.0,84.0,73.0,VRB,4,E,15,0.0,,3.0
3/14/1997,1011.9,31.8,26.4,29.9,71.0,83.0,64.0,VRB,3,CALM,6,0.0,,2.0
3/15/1997,1012.4,32.2,24.5,30.1,71.0,81.0,66.0,VRB,3,E,8,0.0,,1.0
3/16/1997,1012.7,32.3,23.6,29.4,72.0,83.0,66.0,VRB,3,E,7,0.0,,3.0
3/17/1997,1013.2,32.0,22.7,29.4,72.0,85.0,66.0,VRB,3,N,10,0.0,,2.0
3/18/1997,1013.3,31.8,22.2,29.4,72.0,87.0,66.0,NE,5,NE,11,0.0,,2.0
3/19/1997,1012.8,31.4,22.7,28.8,71.0,87.0,63.0,N,5,N,12,0.0,,1.0
3/20/1997,1012.3,31.2,23.4,29.3,71.0,88.0,65.0,VRB,5,NNW,11,0.0,,2.0
3/21/1997,1012.5,31.5,24.7,29.4,72.0,84.0,66.0,NNW,6,NNW,14,0.0,,2.0
3/22/1997,1011.9,32.6,26.1,29.6,70.0,87.0,63.0,VRB,3,E,12,4.5,,2.0
3/23/1997,1010.4,32.5,24.6,30.0,71.0,85.0,66.0,VRB,3,NNE,13,0.0,,2.0
3/24/1997,1009.2,32.7,24.4,30.1,73.0,85.0,64.0,VRB,6,N,15,7.2,,4.0
3/25/1997,1009.4,31.8,26.4,29.9,75.0,93.0,66.0,NE,8,E,16,0.0,,4.0
3/26/1997,1009.0,32.4,24.8,30.9,74.0,80.0,69.0,NE,10,N,25,6.3,,4.0
3/27/1997,1009.4,32.0,24.4,29.6,81.0,89.0,74.0,NE,10,N,24,8.7,,5.0
3/28/1997,1009.0,31.0,23.5,28.2,86.0,92.0,78.0,NE,10,SE,27,22.7,,7.0
3/29/1997,1010.2,29.4,22.5,27.0,87.0,92.0,83.0,VRB,4,ESE,18,43.5,,8.0
3/30/1997,1010.3,31.2,24.5,28.8,76.0,84.0,72.0,VRB,6,SE,16,0.0,,7.0
3/31/1997,1011.3,31.3,24.9,29.1,79.0,92.0,72.0,VRB,2,SE,7,0.0,,4.0
4/1/1997,1011.1,30.6,24.8,28.6,78.0,89.0,65.0,VRB,2,SSE,12,0.0,,7.0
4/2/1997,1009.5,31.4,26.0,29.6,77.0,87.0,70.0,VRB,6,SSE,10,0.0,,3.0
4/3/1997,1009.7,31.8,24.0,30.0,71.0,84.0,66.0,VRB,3,SE,8,0.0,,2.0
4/4/1997,1009.7,31.8,22.8,29.9,73.0,83.0,69.0,VRB,3,S,36,35.8,,2.0
4/5/1997,1010.8,30.4,22.6,25.0,96.0,98.0,92.0,VRB,5,SSE,30,38.3,,8.0
4/6/1997,1011.3,31.2,23.6,28.5,79.0,93.0,73.0,CALM,0,WNW,8,0.0,,5.0
4/7/1997,1010.9,31.8,24.0,29.5,77.0,95.0,69.0,CALM,0,S,10,0.0,,4.0
4/8/1997,1011.4,31.2,25.0,29.2,79.0,98.0,71.0,VRB,5,SSE,17,0.0,,3.0
4/9/1997,1012.7,31.6,25.6,29.6,79.0,95.0,72.0,WSW,6,WNW,20,0.0,,4.0
4/10/1997,1013.3,31.4,26.0,30.0,76.0,88.0,71.0,VRB,6,WSW,14,0.0,,2.0
4/11/1997,1013.9,31.6,26.6,29.7,74.0,87.0,68.0,WSW,9,WSW,13,0.0,,5.0
4/12/1997,1013.1,32.6,27.0,30.5,74.0,83.0,69.0,VRB,4,W,12,0.0,,3.0
4/13/1997,1013.2,33.2,27.2,30.8,73.0,84.0,69.0,WNW,7,WNW,13,0.0,,3.0
4/14/1997,1013.0,33.4,27.2,31.1,72.0,81.0,67.0,WNW,8,WNW,13,0.0,,2.0
4/15/1997,1012.7,33.0,27.0,31.0,72.0,81.0,67.0,WNW,8,WNW,12,0.0,,3.0
4/16/1997,1012.3,33.2,25.0,30.5,75.0,82.0,67.0,VRB,4,WNW,16,0.0,,5.0
4/17/1997,1011.8,32.2,24.5,29.9,77.0,83.0,69.0,VRB,1,WNW,8,0.0,,2.0
4/18/1997,1012.3,32.4,25.5,29.7,75.0,82.0,68.0,VRB,2,ESE,15,0.0,,2.0
4/19/1997,1012.1,32.5,24.2,30.2,74.0,87.0,66.0,VRB,3,SE,18,13.0,,2.0
4/20/1997,1010.7,32.2,22.5,30.1,74.0,80.0,72.0,VRB,5,N,26,58.6,,3.0
4/21/1997,1010.3,31.4,26.2,28.5,77.0,90.0,65.0,VRB,5,SE,15,0.0,,6.0
4/22/1997,1010.2,31.8,25.7,29.9,75.0,84.0,69.0,SSE,8,SSE,16,0.9,,3.0
4/23/1997,1011.0,32.1,24.8,29.0,77.0,84.0,73.0,VRB,4,SE,10,0.5,,5.0
4/24/1997,1010.6,32.2,25.5,30.0,74.0,90.0,68.0,VRB,2,SSE,10,0.3,,4.0
4/25/1997,1010.5,32.2,25.8,29.6,79.0,89.0,69.0,VRB,1,SE,8,0.0,,5.0
4/26/1997,1010.7,32.4,26.4,30.4,79.0,81.0,69.0,VRB,4,CALM,6,0.0,,5.0
4/27/1997,1011.1,33.0,26.2,30.7,76.0,89.0,68.0,W,5,SE,16,0.0,,3.0
4/28/1997,1011.2,31.6,25.4,28.9,80.0,86.0,74.0,W,9,W,28,0.9,,8.0
4/29/1997,1011.0,32.0,25.6,29.2,80.0,90.0,72.0,WSW,5,W,18,0.0,,7.0
4/30/1997,1010.6,32.4,25.0,29.5,80.0,92.0,73.0,W,5,WSW,10,0.2,,6.0
5/1/1997,1011.2,33.2,24.8,30.6,76.0,84.0,68.0,VRB,3,W,10,0.0,,3.0
5/2/1997,1010.8,32.8,25.8,30.7,75.0,81.0,67.0,VRB,4,CALM,6,0.0,,4.0
5/3/1997,1009.1,32.8,24.5,30.6,75.0,89.0,68.0,VRB,4,W,13,3.1,,5.0
5/4/1997,1010.6,31.2,25.5,27.1,90.0,95.0,86.0,VRB,3,WNW,11,8.9,,8.0
5/5/1997,1009.1,31.2,24.6,29.6,85.0,90.0,76.0,WSW,9,WNW,29,16.2,,4.0
5/6/1997,1009.4,31.0,23.0,28.7,86.0,94.0,79.0,NW,12,NW,24,23.1,,8.0
5/7/1997,1009.3,31.2,25.5,28.0,83.0,92.0,77.0,NW,7,NW,28,4.8,,7.0
5/8/1997,1009.7,31.8,26.0,29.8,77.0,90.0,68.0,NW,14,W,23,1.2,,7.0
5/9/1997,1010.1,31.0,24.9,28.7,84.0,91.0,77.0,NW,7,NW,22,0.1,,8.0
5/10/1997,1009.1,32.5,24.0,30.3,78.0,85.0,70.0,NW,11,W,30,29.3,,7.0
5/11/1997,1009.5,31.8,23.5,29.5,79.0,83.0,74.0,WNW,11,W,28,10.3,,7.0
5/12/1997,1009.8,31.8,24.0,28.8,82.0,86.0,78.0,WNW,15,WNW,30,28.6,,8.0
5/13/1997,1010.7,27.8,24.0,26.6,88.0,96.0,83.0,WNW,19,WNW,38,19.7,,8.0
5/14/1997,1010.0,30.2,24.0,28.8,81.0,87.0,78.0,W,15,W,26,3.7,,8.0
5/15/1997,1009.2,30.0,23.5,27.6,87.0,92.0,80.0,W,17,W,32,23.8,,8.0
5/16/1997,1010.5,28.6,23.4,27.1,85.0,88.0,83.0,WSW,17,WSW,38,12.7,,8.0
5/17/1997,1011.4,28.8,22.8,26.1,91.0,98.0,84.0,WSW,15,SSW,38,101.2,,8.0
5/18/1997,1012.9,27.0,21.3,25.5,92.0,95.0,90.0,WSW,15,W,42,37.7,,8.0
5/19/1997,1012.7,29.2,23.0,27.1,87.0,92.0,79.0,W,14,WSW,37,33.6,,8.0
5/20/1997,1013.1,29.2,23.1,26.3,89.0,95.0,82.0,W,13,W,38,36.8,,8.0
5/21/1997,1012.2,31.2,23.4,28.9,82.0,93.0,76.0,W,9,SW,19,8.3,,4.0
5/22/1997,1012.5,29.4,23.0,26.8,86.0,93.0,80.0,W,17,W,36,0.4,,8.0
5/23/1997,1012.0,31.3,26.2,29.5,80.0,89.0,73.0,W,10,WSW,20,0.0,,3.0
5/24/1997,1012.0,31.0,23.4,29.1,83.0,92.0,73.0,W,10,W,25,13.4,,4.0
5/25/1997,1011.9,31.2,24.4,29.4,81.0,92.0,74.0,W,8,WSW,24,14.8,,4.0
5/26/1997,1011.5,29.2,24.3,26.9,91.0,95.0,86.0,SSW,8,SSE,20,45.1,,8.0
5/27/1997,1012.8,31.2,22.9,29.4,81.0,95.0,75.0,SSW,7,WSW,16,5.2,,3.0
5/28/1997,1013.7,31.0,25.2,29.1,77.0,96.0,72.0,CALM,0,SSW,8,0.0,,3.0
5/29/1997,1013.4,32.1,25.0,29.8,79.0,90.0,72.0,VRB,4,W,10,0.0,,2.0
5/30/1997,1012.9,31.2,26.4,29.7,79.0,96.0,72.0,VRB,4,SW,13,0.0,,2.0
5/31/1997,1013.5,31.4,26.5,29.8,77.0,89.0,72.0,SW,8,SSW,14,0.0,,2.0
6/1/1997,1013.8,31.6,26.4,29.8,76.0,87.0,69.0,SW,9,SSW,16,0.0,,2.0
6/2/1997,1013.9,31.5,25.4,29.8,78.0,89.0,72.0,SSW,8,SSW,12,0.0,,2.0
6/3/1997,1013.4,32.0,25.0,29.9,77.0,89.0,70.0,CALM,0,CALM,6,0.0,,1.0
6/4/1997,1013.8,32.5,25.0,29.8,78.0,90.0,71.0,CALM,0,NW,14,6.7,,2.0
6/5/1997,1013.2,31.0,24.5,28.3,87.0,92.0,83.0,NW,7,W,24,10.3,,5.0
6/6/1997,1012.4,31.8,25.0,28.8,83.0,90.0,77.0,WNW,6,WNW,16,1.2,,4.0
6/7/1997,1012.7,31.0,25.0,28.6,81.0,84.0,79.0,VRB,4,SW,16,5.2,,4.0
6/8/1997,1013.5,30.9,23.6,27.6,84.0,90.0,79.0,WNW,7,WNW,18,19.4,,6.0
6/9/1997,1012.6,31.0,25.6,29.0,79.0,90.0,73.0,SSW,6,SSW,10,0.0,,4.0
6/10/1997,1012.0,31.0,24.4,29.4,79.0,87.0,72.0,VRB,3,S,12,0.0,,2.0
6/11/1997,1011.6,32.5,25.4,29.5,82.0,90.0,75.0,VRB,2,SSW,11,1.5,,3.0
6/12/1997,1011.3,31.0,26.0,29.2,80.0,87.0,73.0,VRB,5,S,12,0.0,,5.0
6/13/1997,1010.6,31.4,24.0,29.8,76.0,83.0,72.0,VRB,5,S,10,0.0,,5.0
6/14/1997,1010.2,31.2,26.0,28.9,80.0,96.0,73.0,VRB,2,NW,14,0.0,,5.0
6/15/1997,1010.4,32.0,24.8,29.1,81.0,95.0,70.0,VRB,3,W,9,0.0,,7.0
6/16/1997,1011.7,31.2,24.4,29.5,76.0,89.0,70.0,VRB,3,SSW,10,0.0,,3.0
6/17/1997,1012.8,30.6,23.4,27.7,84.0,93.0,78.0,VRB,2,WSW,10,40.2,,6.0
6/18/1997,1012.0,31.4,24.6,29.1,81.0,95.0,71.0,VRB,6,N,14,0.0,,4.0
6/19/1997,1011.8,31.0,25.6,29.1,80.0,93.0,74.0,S,7,S,13,0.0,,7.0
6/20/1997,1011.8,31.4,26.3,29.6,80.0,90.0,73.0,S,8,SE,22,0.0,,2.0
6/21/1997,1011.3,32.2,25.6,30.2,79.0,90.0,75.0,SE,11,SE,22,2.0,,2.0
6/22/1997,1012.1,32.2,26.3,30.3,79.0,87.0,73.0,SE,8,SSW,15,0.0,,2.0
6/23/1997,1011.4,32.0,26.1,30.2,76.0,86.0,68.0,SSE,6,SE,13,0.0,,3.0
6/24/1997,1010.1,31.5,26.6,30.0,77.0,89.0,72.0,S,8,S,13,0.0,,6.0
6/25/1997,1009.3,31.6,26.7,30.0,77.0,89.0,67.0,S,8,S,13,0.0,,5.0
6/26/1997,1008.8,31.6,26.5,29.8,79.0,89.0,75.0,S,10,SSW,16,0.0,,5.0
6/27/1997,1008.5,31.4,23.8,29.2,80.0,87.0,73.0,SSW,5,SSW,30,7.3,,7.0
6/28/1997,1007.1,31.0,26.4,29.0,78.0,82.0,74.0,SSW,13,SSW,20,0.0,,6.0
6/29/1997,1006.7,31.2,26.0,29.7,79.0,86.0,74.0,WSW,7,WNW,24,0.0,,5.0
6/30/1997,1007.6,32.0,25.8,28.9,84.0,87.0,79.0,WNW,7,WNW,14,0.0,,7.0
7/1/1997,1008.6,32.0,25.5,29.9,80.0,87.0,76.0,CALM,0,WNW,7,0.0,,6.0
7/2/1997,1009.1,32.0,27.4,29.7,78.0,90.0,73.0,VRB,3,S,10,0.0,,6.0
7/3/1997,1009.6,32.4,27.4,30.3,76.0,85.0,71.0,VRB,4,SSE,9,0.0,,6.0
7/4/1997,1009.9,32.0,25.0,30.2,75.0,80.0,71.0,SSE,6,SSE,10,0.0,,3.0
7/5/1997,1010.3,31.8,24.5,30.2,74.0,84.0,67.0,VRB,4,SSE,8,0.2,,5.0
7/6/1997,1010.4,31.4,24.5,29.5,78.0,97.0,71.0,VRB,2,SSE,9,0.0,,2.0
7/7/1997,1010.7,32.2,24.2,29.3,81.0,90.0,73.0,CALM,0,WNW,14,0.3,,5.0
7/8/1997,1011.6,32.8,24.6,30.1,78.0,90.0,69.0,CALM,0,CALM,6,0.0,,5.0
7/9/1997,1012.1,32.2,25.0,29.8,77.0,90.0,70.0,VRB,3,S,10,0.0,,3.0
7/10/1997,1011.8,31.5,24.5,28.9,78.0,90.0,73.0,VRB,4,S,9,0.0,,3.0
7/11/1997,1010.5,32.2,26.0,29.9,75.0,87.0,69.0,S,6,S,10,0.0,,4.0
7/12/1997,1011.5,32.4,25.0,30.0,74.0,87.0,66.0,VRB,5,SSE,14,0.0,,6.0
7/13/1997,1011.3,32.5,24.8,30.1,75.0,86.0,70.0,VRB,5,NNE,20,0.0,,4.0
7/14/1997,1012.8,33.1,23.9,29.7,78.0,92.0,65.0,VRB,2,WSW,27,11.3,,6.0
7/15/1997,1011.6,30.6,24.3,28.8,82.0,92.0,73.0,VRB,4,SW,25,15.2,,7.0
7/16/1997,1009.5,33.4,24.0,29.4,79.0,98.0,78.0,WNW,6,WNW,34,40.0,,7.0
7/17/1997,1009.9,29.6,21.4,26.2,92.0,98.0,84.0,WNW,17,W,48,27.7,,8.0
7/18/1997,1011.2,31.2,24.5,27.9,83.0,89.0,76.0,WNW,15,W,40,6.9,,8.0
7/19/1997,1011.1,31.0,24.2,28.3,83.0,89.0,78.0,W,11,W,40,6.2,,7.0
7/20/1997,1010.7,31.0,26.0,28.8,81.0,90.0,76.0,W,9,WNW,18,1.6,,6.0
7/21/1997,1010.9,32.0,23.8,29.4,78.0,85.0,71.0,W,9,WSW,36,2.0,,7.0
7/22/1997,1010.6,30.0,22.5,26.5,89.0,96.0,83.0,VRB,6,W,30,36.7,,8.0
7/23/1997,1011.7,29.0,24.0,27.6,81.0,89.0,76.0,W,7,W,30,8.4,,8.0
7/24/1997,1011.7,31.0,25.6,28.7,79.0,87.0,75.0,WSW,7,SSW,19,0.0,,7.0
7/25/1997,1011.7,31.2,24.6,28.7,78.0,86.0,71.0,VRB,3,S,8,0.0,,7.0
7/26/1997,1011.2,31.5,25.7,28.9,80.0,93.0,73.0,VRB,4,SE,11,0.0,,5.0
7/27/1997,1012.6,30.9,26.2,29.1,77.0,92.0,71.0,SE,8,ESE,13,0.0,,4.0
7/28/1997,1012.3,31.5,26.4,29.3,78.0,87.0,73.0,SE,6,E,11,0.0,,5.0
7/29/1997,1012.2,31.6,26.3,29.5,77.0,86.0,70.0,VRB,4,ESE,12,0.0,,4.0
7/30/1997,1011.3,31.5,26.2,29.6,76.0,86.0,72.0,VRB,5,ESE,10,0.0,,4.0
7/31/1997,1009.9,31.7,23.8,29.7,74.0,86.0,69.0,VRB,4,W,26,7.5,,4.0
8/1/1997,1011.8,30.8,26.0,28.8,77.0,86.0,73.0,VRB,2,NNE,11,0.0,,3.0
8/2/1997,1012.6,31.7,26.4,29.9,78.0,89.0,71.0,ESE,6,ESE,11,0.0,,3.0
8/3/1997,1012.9,32.0,26.4,29.8,75.0,84.0,70.0,VRB,3,S,15,0.0,,4.0
8/4/1997,1012.9,31.5,24.2,29.4,78.0,86.0,72.0,S,7,SSE,19,6.4,,4.0
8/5/1997,1013.1,30.2,24.1,28.2,78.0,87.0,72.0,S,8,WSW,20,13.8,,8.0
8/6/1997,1012.6,30.8,23.4,28.5,78.0,95.0,70.0,S,11,WSW,26,66.2,,8.0
8/7/1997,1012.5,30.4,25.0,28.2,84.0,93.0,77.0,S,10,S,18,0.0,,7.0
8/8/1997,1012.9,30.5,24.0,28.7,79.0,87.0,74.0,VRB,5,S,10,0.0,,7.0
8/9/1997,1013.9,31.2,23.5,28.9,80.0,89.0,71.0,CALM,0,S,6,0.0,,6.0
8/10/1997,1014.4,32.2,26.0,29.5,78.0,95.0,70.0,CALM,0,NW,9,0.0,,6.0
8/11/1997,1014.8,32.5,24.0,30.4,70.0,79.0,66.0,CALM,0,NW,6,0.0,,2.0
8/12/1997,1014.8,32.4,24.0,30.0,74.0,93.0,66.0,CALM,0,CALM,5,0.0,,3.0
8/13/1997,1014.4,33.0,24.5,30.0,72.0,87.0,64.0,CALM,0,WNW,7,0.0,,2.0
8/14/1997,1014.2,32.6,25.4,30.0,70.0,81.0,64.0,CALM,0,NW,12,0.0,,5.0
8/15/1997,1014.1,32.5,24.5,29.0,77.0,85.0,73.0,CALM,0,WNW,12,0.0,,6.0
8/16/1997,1013.8,32.9,23.0,30.1,73.0,83.0,68.0,VRB,4,W,30,36.0,,4.0
8/17/1997,1012.9,32.4,24.0,29.7,75.0,84.0,70.0,NW,6,WNW,30,33.5,,5.0
8/18/1997,1011.8,31.8,24.0,28.8,79.0,87.0,76.0,NW,11,W,34,21.0,,6.0
8/19/1997,1012.5,29.4,24.9,27.7,85.0,98.0,77.0,WNW,16,NW,34,0.6,,8.0
8/20/1997,1012.0,31.8,24.2,28.7,82.0,87.0,76.0,WNW,11,W,24,2.7,,7.0
8/21/1997,1012.6,30.8,24.4,28.7,80.0,89.0,75.0,S,8,SSW,23,5.2,,6.0
8/22/1997,1012.2,31.0,26.3,29.1,80.0,89.0,74.0,VRB,4,S,12,0.0,,7.0
8/23/1997,1011.9,31.2,25.0,29.6,77.0,84.0,72.0,VRB,4,SSE,10,0.0,,3.0
8/24/1997,1010.9,31.6,24.6,29.7,72.0,84.0,64.0,VRB,3,ENE,11,0.2,,3.0
8/25/1997,1011.4,31.2,23.9,28.7,80.0,87.0,74.0,VRB,4,W,22,13.1,,5.0
8/26/1997,1011.3,31.6,24.6,28.9,80.0,93.0,74.0,CALM,0,W,11,0.2,,7.0
8/27/1997,1010.8,32.8,25.3,30.0,79.0,90.0,70.0,CALM,0,W,18,0.5,,8.0
8/28/1997,1012.0,31.2,24.0,28.6,80.0,87.0,72.0,W,9,W,30,2.3,,8.0
8/29/1997,1012.2,31.2,24.8,28.3,83.0,93.0,78.0,VRB,4,W,15,0.0,,7.0
8/30/1997,1012.1,31.0,26.0,29.4,78.0,92.0,72.0,VRB,2,W,8,0.0,,7.0
8/31/1997,1012.7,32.2,23.9,29.8,74.0,86.0,69.0,VRB,2,WNW,15,34.5,,6.0
9/1/1997,1013.7,29.6,23.0,25.1,94.0,96.0,92.0,WNW,13,WNW,28,20.9,,8.0
9/2/1997,1012.3,29.6,24.0,28.1,79.0,84.0,74.0,VRB,4,WNW,12,7.8,,7.0
9/3/1997,1012.4,30.0,23.6,27.4,90.0,98.0,87.0,VRB,2,SW,15,2.7,,7.0
9/4/1997,1011.7,31.0,26.4,29.3,79.0,86.0,75.0,SW,9,SW,15,0.0,,4.0
9/5/1997,1011.3,32.5,25.2,29.6,77.0,85.0,72.0,SW,7,SW,18,0.3,,5.0
9/6/1997,1012.4,32.2,24.6,29.8,78.0,84.0,74.0,VRB,4,W,22,3.4,,3.0
9/7/1997,1012.4,31.0,24.1,28.1,86.0,92.0,78.0,VRB,4,WSW,24,2.3,,6.0
9/8/1997,1011.2,30.6,26.0,29.1,79.0,90.0,73.0,WSW,7,WSW,14,0.0,,3.0
9/9/1997,1011.2,32.4,23.3,29.5,78.0,90.0,71.0,NW,7,WNW,19,5.0,,4.0
9/10/1997,1012.1,30.5,23.6,27.1,85.0,92.0,80.0,WNW,6,SSW,27,22.9,,7.0
9/11/1997,1013.3,28.2,23.9,25.6,93.0,96.0,87.0,W,10,S,22,10.3,,8.0
9/12/1997,1013.2,29.0,22.9,26.6,89.0,96.0,80.0,S,7,WSW,16,7.1,,8.0
9/13/1997,1012.1,27.8,24.5,26.0,88.0,92.0,84.0,S,9,SSE,22,2.4,,8.0
9/14/1997,1013.1,30.6,22.0,28.0,84.0,92.0,75.0,SSW,10,SSW,24,66.0,,7.0
9/15/1997,1013.5,28.8,24.0,26.6,82.0,91.0,74.0,SSW,8,SSW,18,0.3,,8.0
9/16/1997,1012.9,31.2,26.0,29.3,74.0,83.0,69.0,SSW,9,SSW,16,0.0,,3.0
9/17/1997,1014.0,31.0,26.8,29.2,72.0,78.0,68.0,S,11,S,16,0.0,,4.0
9/18/1997,1014.5,31.0,24.8,29.2,75.0,81.0,69.0,S,6,S,12,0.7,,6.0
9/19/1997,1014.5,31.0,23.5,27.4,88.0,98.0,81.0,VRB,4,W,18,45.5,,7.0
9/20/1997,1013.8,30.9,26.0,29.1,79.0,90.0,73.0,S,8,S,15,0.0,,2.0
9/21/1997,1013.2,31.0,26.5,29.2,77.0,84.0,73.0,S,6,S,16,0.0,,3.0
9/22/1997,1012.5,31.1,26.8,29.4,74.0,83.0,70.0,S,10,SSW,14,0.0,,3.0
9/23/1997,1013.2,31.4,26.5,29.7,76.0,83.0,71.0,SSW,9,SSW,15,0.0,,2.0
9/24/1997,1013.0,32.1,26.8,29.8,78.0,89.0,73.0,S,7,S,16,0.0,,2.0
9/25/1997,1012.9,32.0,24.7,30.1,78.0,87.0,74.0,S,11,N,19,5.6,,4.0
9/26/1997,1013.5,30.5,24.2,25.9,91.0,98.0,85.0,VRB,4,S,24,17.6,,8.0
9/27/1997,1013.5,30.5,23.9,26.3,90.0,96.0,82.0,S,10,W,26,3.8,,8.0
9/28/1997,1014.1,30.0,24.8,27.6,85.0,96.0,74.0,VRB,3,N,20,0.0,,8.0
9/29/1997,1014.8,30.9,25.4,28.9,76.0,89.0,72.0,VRB,2,S,8,0.0,,6.0
9/30/1997,1014.8,31.9,25.6,29.8,76.0,89.0,66.0,CALM,0,SSE,23,0.3,,6.0
10/1/1997,1015.2,31.6,24.5,29.7,76.0,90.0,70.0,VRB,3,E,10,0.0,,5.0
10/2/1997,1016.2,29.2,22.5,25.9,91.0,98.0,87.0,VRB,5,ESE,24,44.2,,7.0
10/3/1997,1015.9,31.3,23.4,28.3,80.0,90.0,73.0,SE,7,ESE,17,15.3,,6.0
10/4/1997,1015.9,29.3,23.7,26.5,86.0,98.0,76.0,SE,8,ESE,18,4.4,,8.0
10/5/1997,1014.5,31.4,24.6,28.6,78.0,95.0,70.0,SE,8,E,15,2.1,,5.0
10/6/1997,1013.8,29.6,23.2,27.2,84.0,95.0,71.0,NNW,6,NNW,19,25.7,,7.0
10/7/1997,1013.6,29.6,23.6,26.6,87.0,98.0,76.0,CALM,0,WNW,25,9.8,,6.0
10/8/1997,1013.7,30.8,24.4,28.7,78.0,87.0,68.0,VRB,5,SW,22,12.8,,5.0
10/9/1997,1012.9,30.6,25.4,28.2,81.0,86.0,74.0,SE,10,SE,20,7.1,,6.0
10/10/1997,1011.8,31.2,25.5,28.7,81.0,90.0,72.0,E,8,E,22,21.4,,3.0
10/11/1997,1011.7,30.4,24.8,28.4,81.0,89.0,75.0,ESE,9,E,24,7.1,,6.0
10/12/1997,1011.8,31.4,24.1,28.0,84.0,93.0,76.0,VRB,5,WNW,18,49.9,,7.0
10/13/1997,1012.1,30.3,24.9,27.9,86.0,90.0,81.0,VRB,3,WNW,22,16.3,,6.0
10/14/1997,1011.7,31.5,26.6,29.5,77.0,87.0,72.0,ESE,8,SE,23,0.0,,3.0
10/15/1997,1010.4,31.1,25.2,29.4,77.0,82.0,70.0,ESE,7,E,23,15.8,,2.0
10/16/1997,1011.9,28.8,24.7,26.5,90.0,95.0,80.0,ESE,7,ESE,20,13.0,,8.0
10/17/1997,1012.0,30.8,24.3,28.8,81.0,93.0,76.0,SE,11,ESE,20,4.9,,7.0
10/18/1997,1012.3,30.2,24.4,27.6,85.0,89.0,81.0,VRB,5,SSW,16,8.4,,7.0
10/19/1997,1012.4,30.5,24.3,28.6,82.0,86.0,79.0,VRB,4,S,14,15.3,,7.0
10/20/1997,1012.4,29.8,23.8,27.1,89.0,93.0,81.0,VRB,2,S,17,9.2,,8.0
10/21/1997,1013.1,29.6,23.6,27.1,86.0,93.0,81.0,VRB,3,SSE,20,27.2,,8.0
10/22/1997,1012.6,28.4,24.3,26.5,91.0,96.0,84.0,CALM,0,S,15,11.7,,8.0
10/23/1997,1012.1,29.8,25.6,28.2,84.0,90.0,78.0,VRB,4,S,15,0.0,,8.0
10/24/1997,1012.7,31.2,26.2,29.3,78.0,86.0,75.0,SE,10,SE,16,0.0,,4.0
10/25/1997,1012.7,31.3,27.3,29.5,78.0,86.0,72.0,SE,11,S,23,0.0,,2.0
10/26/1997,1013.0,30.0,23.7,28.1,84.0,93.0,77.0,SSE,11,S,28,43.2,,5.0
10/27/1997,1013.0,30.6,24.5,28.1,86.0,98.0,78.0,VRB,3,ENE,17,12.1,,6.0
10/28/1997,1013.0,29.6,24.6,27.2,88.0,93.0,81.0,SE,6,ESE,24,7.6,,5.0
10/29/1997,1012.6,30.9,26.8,29.0,82.0,90.0,77.0,SE,10,ESE,18,0.0,,3.0
10/30/1997,1013.8,31.2,25.4,28.9,81.0,87.0,75.0,SE,11,ESE,17,0.5,,3.0
10/31/1997,1013.6,31.4,27.0,29.0,82.0,92.0,77.0,SE,10,ESE,16,0.0,,3.0
11/1/1997,1013.0,31.1,27.1,29.3,79.0,84.0,74.0,SE,10,SE,16,0.0,,3.0
11/2/1997,1012.9,31.2,26.6,29.2,77.0,83.0,74.0,SE,9,SE,15,0.0,,3.0
11/3/1997,1012.8,31.1,26.8,29.4,77.0,83.0,74.0,SE,9,SE,15,0.0,,2.0
11/4/1997,1013.4,31.6,26.4,29.3,77.0,84.0,71.0,SSE,7,SSE,12,0.0,,1.0
11/5/1997,1012.9,31.3,26.5,29.3,75.0,83.0,72.0,SE,7,SSE,11,0.0,,2.0
11/6/1997,1013.4,31.4,26.4,29.4,76.0,83.0,72.0,VRB,5,SE,10,0.0,,2.0
11/7/1997,1013.8,31.0,26.3,29.3,77.0,84.0,71.0,SSE,8,SSE,16,0.0,,2.0
11/8/1997,1013.8,31.5,26.0,29.3,76.0,86.0,70.0,SSE,12,SSE,21,0.0,,3.0
11/9/1997,1012.2,31.2,26.6,29.6,80.0,89.0,73.0,SSE,13,SSE,20,0.0,,3.0
11/10/1997,1012.3,31.3,26.3,29.3,76.0,84.0,73.0,SE,13,ESE,21,0.0,,2.0
11/11/1997,1012.3,31.2,26.2,29.2,74.0,83.0,69.0,SE,10,SE,18,0.0,,2.0
11/12/1997,1012.0,30.8,26.4,28.9,75.0,83.0,71.0,SE,11,SE,20,0.0,,2.0
11/13/1997,1011.4,31.4,26.2,29.0,75.0,83.0,71.0,SE,9,SE,15,0.0,,3.0
11/14/1997,1011.4,31.1,26.0,29.2,74.0,81.0,69.0,SE,8,ESE,21,0.0,,2.0
11/15/1997,1010.7,31.3,25.8,29.3,74.0,83.0,70.0,ESE,7,ESE,17,0.0,,1.0
11/16/1997,1010.4,30.6,26.0,28.9,75.0,89.0,71.0,SE,11,SE,22,0.0,,1.0
11/17/1997,1010.3,31.6,25.3,29.1,80.0,92.0,72.0,ESE,6,E,16,1.6,,4.0
11/18/1997,1011.0,31.4,26.6,29.4,78.0,87.0,73.0,VRB,5,E,11,0.0,,4.0
11/19/1997,1011.6,31.6,26.9,29.6,78.0,87.0,74.0,VRB,5,SSE,12,0.0,,4.0
11/20/1997,1011.8,31.6,26.4,29.5,79.0,87.0,72.0,E,8,SSE,14,0.0,,3.0
11/21/1997,1012.1,32.2,27.0,30.1,78.0,86.0,74.0,ENE,8,SE,20,0.0,,2.0
11/22/1997,1012.3,31.2,25.6,29.6,77.0,83.0,71.0,SE,11,SE,20,12.0,,4.0
11/23/1997,1011.9,30.5,26.0,28.2,81.0,87.0,78.0,SE,10,SE,21,0.3,,6.0
11/24/1997,1011.0,31.0,25.0,28.6,81.0,87.0,71.0,SSE,7,SE,15,11.4,,7.0
11/25/1997,1011.3,30.8,25.5,28.3,80.0,84.0,75.0,VRB,5,SE,13,0.6,,5.0
11/26/1997,1012.3,31.0,23.5,29.2,78.0,84.0,73.0,SE,10,SE,16,10.8,,4.0
11/27/1997,1011.4,30.9,24.5,29.0,79.0,86.0,75.0,SE,9,SE,22,3.6,,6.0
11/28/1997,1010.8,31.2,25.6,29.0,81.0,87.0,77.0,ESE,7,SSE,16,0.0,,5.0
11/29/1997,1010.4,31.2,24.6,29.4,80.0,87.0,78.0,E,9,SE,22,12.3,,3.0
11/30/1997,1010.9,30.6,23.7,27.6,87.0,93.0,78.0,E,9,SE,24,20.9,,8.0
12/1/1997,1010.8,31.2,23.9,29.3,80.0,87.0,76.0,E,10,E,17,11.4,,6.0
12/2/1997,1010.8,31.0,22.9,29.1,79.0,90.0,77.0,ESE,9,NNE,22,74.6,,4.0
12/3/1997,1010.9,28.6,23.8,25.2,95.0,98.0,91.0,SSE,7,S,15,34.4,,8.0
12/4/1997,1010.9,29.6,25.6,28.0,82.0,87.0,77.0,SE,7,SSE,16,6.2,,8.0
12/5/1997,1009.9,30.6,25.8,28.3,81.0,89.0,74.0,SE,10,SSE,18,0.0,,6.0
12/6/1997,1012.2,31.1,26.4,29.4,76.0,86.0,71.0,SE,11,ESE,15,0.0,,2.0
12/7/1997,1011.4,31.0,24.3,29.5,76.0,83.0,72.0,SE,6,ESE,22,15.3,,2.0
12/8/1997,1010.3,31.3,25.6,29.4,75.0,86.0,73.0,SE,9,ESE,14,0.0,,3.0
12/9/1997,1011.3,31.5,26.6,29.6,78.0,84.0,73.0,SE,8,SE,14,0.0,,2.0
12/10/1997,1011.4,31.0,26.8,29.4,76.0,84.0,69.0,ENE,8,ENE,12,0.0,,2.0
12/11/1997,1010.6,31.6,24.4,29.4,76.0,81.0,70.0,VRB,5,SSE,15,18.4,,3.0
12/12/1997,1010.9,31.2,25.5,29.2,80.0,92.0,73.0,SSE,6,SE,13,2.6,,3.0
12/13/1997,1011.5,31.4,25.6,28.8,83.0,92.0,77.0,VRB,5,SE,12,0.6,,3.0
12/14/1997,1011.0,31.4,27.0,29.2,81.0,90.0,75.0,VRB,5,SE,11,0.0,,4.0
12/15/1997,1011.4,31.9,25.0,29.8,79.0,86.0,76.0,VRB,6,E,16,5.1,,2.0
12/16/1997,1012.1,31.2,24.8,29.3,81.0,86.0,77.0,VRB,5,SE,17,15.9,,3.0
12/17/1997,1012.1,31.0,24.5,29.4,80.0,90.0,74.0,SSE,8,W,22,15.2,,6.0
12/18/1997,1012.4,31.0,24.8,30.4,84.0,95.0,74.0,VRB,2,E,12,0.4,,7.0
12/19/1997,1012.7,30.9,23.8,27.1,88.0,90.0,79.0,CALM,0,SE,12,60.8,,6.0
12/20/1997,1012.7,30.5,23.4,29.0,79.0,90.0,74.0,SE,6,E,14,10.0,,2.0
12/21/1997,1013.7,29.4,23.4,26.7,89.0,96.0,82.0,SE,5,SSE,17,30.4,,7.0
12/22/1997,1014.7,30.0,23.0,26.3,88.0,98.0,76.0,SSE,7,SSE,14,11.9,,6.0
12/23/1997,1014.3,31.8,26.0,28.8,77.0,95.0,72.0,CALM,0,SE,10,0.0,,3.0
12/24/1997,1012.7,30.8,24.9,29.0,78.0,87.0,71.0,SSE,6,E,18,4.2,,6.0
12/25/1997,1012.6,30.6,24.2,28.0,83.0,97.0,74.0,SSE,5,SSE,16,0.3,,6.0
12/26/1997,1012.9,27.6,23.9,26.5,89.0,97.0,86.0,VRB,2,ESE,11,5.8,,8.0
12/27/1997,1012.4,30.0,23.4,27.0,84.0,93.0,74.0,VRB,4,ENE,24,6.9,,7.0
12/28/1997,1012.1,31.2,23.8,28.6,82.0,89.0,75.0,VRB,4,E,20,21.3,,4.0
12/29/1997,1013.8,28.2,22.8,24.5,97.0,100.0,92.0,VRB,4,SSE,28,119.2,,8.0
12/30/1997,1013.5,28.4,23.6,27.4,82.0,89.0,79.0,VRB,4,NNE,31,32.3,,6.0
12/31/1997,1012.0,30.6,23.8,27.6,86.0,95.0,77.0,ESE,5,E,22,15.0,,6.0
1/1/1998,1011.5,30.2,23.6,28.3,84.0,96.0,78.0,VRB,3,ESE,15,12.7,,5.0
1/2/1998,1012.1,32.0,23.9,28.9,79.0,96.0,73.0,CALM,0,ENE,12,19.1,,3.0
1/3/1998,1012.8,31.0,23.4,27.7,87.0,100.0,71.0,ESE,6,ENE,24,2.6,,7.0
1/4/1998,1014.0,29.2,25.4,27.1,87.0,92.0,84.0,VRB,4,SSE,22,4.3,,6.0
1/5/1998,1011.9,31.0,26.0,29.2,79.0,89.0,72.0,E,11,ENE,21,0.9,,4.0
1/6/1998,1010.5,31.1,25.8,29.4,81.0,89.0,73.0,NE,11,E,22,0.4,,6.0
1/7/1998,1011.9,30.0,23.4,26.1,92.0,96.0,85.0,E,8,NNW,24,55.6,,8.0
1/8/1998,1011.3,30.5,24.3,28.3,84.0,90.0,79.0,VRB,4,SSE,16,14.3,,5.0
1/9/1998,1009.9,31.0,24.5,28.6,82.0,93.0,76.0,SE,6,SE,14,16.2,,3.0
1/10/1998,1009.9,30.2,23.8,27.8,86.0,92.0,78.0,VRB,5,SE,15,51.6,,6.0
1/11/1998,1010.6,27.6,23.9,27.6,94.0,98.0,89.0,SE,7,SE,22,52.8,,8.0
1/12/1998,1010.2,28.8,23.5,25.9,94.0,97.0,86.0,SE,10,E,25,133.8,,8.0
1/13/1998,1010.3,29.8,24.5,27.9,84.0,92.0,78.0,VRB,5,SE,20,3.5,,7.0
1/14/1998,1011.5,29.0,23.6,27.1,91.0,97.0,83.0,NE,6,NE,15,18.2,,8.0
1/15/1998,1012.0,31.0,24.6,28.0,84.0,92.0,78.0,VRB,2,NE,12,0.0,,6.0
1/16/1998,1011.2,30.6,26.6,28.7,76.0,88.0,70.0,NE,6,NE,13,0.0,,5.0
1/17/1998,1011.5,31.2,25.0,29.7,75.0,80.0,72.0,NE,6,NE,16,0.3,,5.0
1/18/1998,1011.8,31.4,24.5,29.2,79.0,84.0,75.0,VRB,5,E,12,0.0,,4.0
1/19/1998,1012.2,31.5,25.4,28.7,86.0,97.0,76.0,VRB,4,SSE,13,0.0,,4.0
1/20/1998,1012.0,31.2,26.1,29.3,81.0,90.0,77.0,NE,6,NE,14,0.0,,4.0
1/21/1998,1011.6,31.5,26.4,29.4,79.0,89.0,74.0,NE,11,NE,20,0.0,,2.0
1/22/1998,1011.5,31.6,26.8,29.5,79.0,89.0,72.0,ENE,10,ENE,17,0.0,,3.0
1/23/1998,1011.2,31.4,26.7,29.5,79.0,86.0,75.0,ENE,9,ENE,20,0.0,,3.0
1/24/1998,1011.9,31.8,27.0,29.9,78.0,87.0,74.0,ENE,9,E,21,0.0,,4.0
1/25/1998,1012.9,32.0,26.8,30.0,77.0,86.0,71.0,ENE,12,ENE,22,0.0,,2.0
1/26/1998,1012.7,32.1,27.0,30.0,76.0,84.0,71.0,ENE,12,ENE,23,0.0,,1.0
1/27/1998,1011.7,32.3,26.4,30.1,76.0,86.0,71.0,ENE,11,ENE,22,5.2,,3.0
1/28/1998,1012.9,30.6,25.3,28.2,86.0,90.0,79.0,ENE,9,NE,24,2.3,,6.0
1/29/1998,1013.4,31.0,24.6,29.1,77.0,93.0,73.0,ENE,14,E,27,0.0,,3.0
1/30/1998,1012.9,31.6,26.5,29.0,78.0,95.0,73.0,ENE,13,ENE,22,0.4,,3.0
1/31/1998,1012.7,31.7,27.1,30.0,80.0,87.0,76.0,ENE,15,ENE,24,0.0,,3.0
2/1/1998,1012.6,31.8,27.4,30.1,77.0,83.0,72.0,ENE,14,ENE,26,0.0,,2.0
2/2/1998,1013.1,32.4,24.8,30.2,79.0,83.0,74.0,NE,13,ENE,28,9.2,,3.0
2/3/1998,1013.4,31.6,25.8,29.4,80.0,95.0,72.0,NE,12,ENE,21,0.0,,4.0
2/4/1998,1013.7,31.7,26.3,30.3,76.0,86.0,72.0,NE,11,NE,20,0.0,,3.0
2/5/1998,1014.0,31.4,26.8,29.6,77.0,86.0,74.0,NE,9,NE,16,0.0,,5.0
2/6/1998,1012.5,31.8,26.0,29.7,77.0,86.0,67.0,NE,11,NE,18,1.2,,2.0
2/7/1998,1012.0,31.5,26.6,29.6,79.0,86.0,73.0,NE,10,NE,15,0.0,,2.0
2/8/1998,1011.8,31.7,27.3,29.8,80.0,86.0,76.0,ENE,10,ENE,21,0.0,,3.0
2/9/1998,1012.2,31.6,27.2,29.9,80.0,85.0,76.0,ENE,13,ENE,22,0.0,,5.0
2/10/1998,1012.3,31.3,27.4,29.6,79.0,87.0,73.0,ENE,13,ENE,21,0.0,,7.0
2/11/1998,1012.6,31.8,26.5,30.0,78.0,85.0,74.0,ENE,14,ENE,20,0.0,,4.0
2/12/1998,1011.7,31.8,27.4,29.7,81.0,89.0,75.0,ENE,15,ENE,22,0.0,,7.0
2/13/1998,1013.4,32.0,27.2,29.9,80.0,86.0,76.0,ENE,10,ENE,16,0.2,,5.0
2/14/1998,1014.7,31.7,27.0,30.0,79.0,86.0,75.0,NE,9,E,18,0.0,,5.0
2/15/1998,1012.6,31.6,24.0,30.0,75.0,85.0,67.0,VRB,5,E,15,0.0,,3.0
2/16/1998,1011.2,31.6,24.5,30.0,78.0,87.0,69.0,VRB,5,NE,14,0.0,,3.0
2/17/1998,1014.0,31.4,26.0,28.9,77.0,88.0,68.0,VRB,4,NE,10,0.0,,4.0
2/18/1998,1013.6,32.0,24.4,29.4,75.0,89.0,65.0,VRB,4,NE,9,0.0,,3.0
2/19/1998,1013.4,31.2,23.5,29.1,71.0,88.0,65.0,VRB,3,NE,12,0.0,,2.0
2/20/1998,1012.9,31.0,23.6,28.7,74.0,91.0,66.0,VRB,5,NE,10,0.0,,2.0
2/21/1998,1011.6,31.6,24.0,29.6,75.0,91.0,68.0,VRB,4,NNW,13,0.0,,1.0
2/22/1998,1012.6,32.0,23.2,29.1,75.0,88.0,68.0,VRB,4,NNW,15,0.0,,2.0
2/23/1998,1011.8,31.8,23.0,29.0,71.0,90.0,63.0,VRB,5,NE,14,0.0,,1.0
2/24/1998,1011.6,31.6,24.4,29.4,71.0,90.0,62.0,VRB,3,NNW,13,0.0,,1.0
2/25/1998,1013.0,32.4,26.8,29.4,72.0,91.0,65.0,VRB,5,NE,14,0.0,,3.0
2/26/1998,1012.1,32.0,27.0,30.1,69.0,73.0,66.0,NE,9,NE,15,0.0,,1.0
2/27/1998,1012.1,32.4,25.4,30.1,71.0,77.0,66.0,NE,7,NE,14,0.0,,2.0
2/28/1998,1012.8,32.9,27.4,30.2,75.0,87.0,70.0,VRB,4,NNW,12,0.0,,1.0
3/1/1998,1012.7,32.5,26.0,30.2,77.0,87.0,70.0,NNW,7,NNW,13,0.0,,2.0
3/2/1998,1012.6,32.2,25.0,30.0,72.0,84.0,64.0,VRB,4,NNW,12,0.0,,6.0
3/3/1998,1012.9,32.2,27.1,29.8,71.0,83.0,65.0,NE,6,NE,14,0.0,,5.0
3/4/1998,1012.8,32.2,26.0,30.3,65.0,72.0,60.0,NE,8,NE,14,0.0,,2.0
3/5/1998,1011.3,32.6,26.0,30.4,72.0,84.0,65.0,NE,8,NE,16,0.0,,2.0
3/6/1998,1011.9,32.4,26.5,30.1,74.0,85.0,67.0,NE,8,NE,15,0.0,,3.0
3/7/1998,1010.0,32.6,26.2,30.5,73.0,82.0,70.0,NE,7,NE,11,0.0,,1.0
3/8/1998,1011.0,32.8,26.2,30.4,73.0,84.0,67.0,NE,7,NE,10,0.0,,3.0
3/9/1998,1011.2,32.5,25.9,30.2,73.0,86.0,69.0,NE,7,NNE,11,0.0,,4.0
3/10/1998,1010.3,32.6,26.0,30.3,72.0,84.0,66.0,VRB,5,NNW,11,0.0,,1.0
3/11/1998,1012.7,32.4,25.7,30.0,74.0,84.0,68.0,NNW,6,NNW,10,0.0,,3.0
3/12/1998,1013.0,32.5,26.1,30.2,77.0,83.0,70.0,NNW,5,NNW,11,0.0,,1.0
3/13/1998,1013.4,32.4,25.4,30.1,74.0,81.0,69.0,NNW,4,N,11,0.0,,2.0
3/14/1998,1012.3,32.2,25.6,30.1,76.0,87.0,71.0,NNW,6,NNW,11,0.0,,2.0
3/15/1998,1011.3,32.5,25.8,30.0,75.0,87.0,71.0,VRB,4,NW,11,0.0,,2.0
3/16/1998,1011.7,32.3,25.5,29.9,77.0,85.0,73.0,ENE,7,NE,14,0.0,,5.0
3/17/1998,1011.9,32.8,26.2,30.4,74.0,84.0,69.0,ENE,11,ENE,14,0.0,,2.0
3/18/1998,1012.3,33.4,26.5,30.8,72.0,89.0,65.0,NE,11,NE,14,0.0,,3.0
3/19/1998,1011.6,33.2,27.0,30.8,73.0,83.0,67.0,NE,10,NE,13,0.0,,5.0
3/20/1998,1010.2,32.0,27.1,30.0,77.0,82.0,74.0,NE,10,NE,14,0.0,,5.0
3/21/1998,1012.0,32.6,25.4,30.1,76.0,81.0,70.0,ENE,7,WSW,12,6.2,,5.0
3/22/1998,1012.9,28.8,24.7,27.1,84.0,93.0,80.0,SSW,6,SSE,21,24.6,,8.0
3/23/1998,1011.9,32.6,25.6,29.7,78.0,93.0,70.0,CALM,0,CALM,5,0.0,,2.0
3/24/1998,1011.2,32.8,24.4,30.5,76.0,90.0,70.0,VRB,3,ESE,17,18.3,,2.0
3/25/1998,1010.7,32.0,25.5,29.4,80.0,92.0,72.0,VRB,2,NNE,8,0.0,,3.0
3/26/1998,1010.4,32.8,26.3,30.7,75.0,90.0,68.0,NE,7,NE,14,0.9,,3.0
3/27/1998,1010.2,32.9,26.4,30.5,76.0,89.0,68.0,E,9,E,12,0.0,,3.0
3/28/1998,1010.9,32.2,24.8,29.5,79.0,87.0,72.0,ENE,8,ENE,18,22.9,,5.0
3/29/1998,1012.1,28.4,26.0,26.5,91.0,98.0,87.0,ENE,14,E,22,15.3,,8.0
3/30/1998,1012.2,31.2,25.1,29.2,82.0,92.0,75.0,VRB,4,ENE,26,8.3,,5.0
3/31/1998,1012.6,31.6,25.8,28.9,78.0,93.0,71.0,ESE,9,ENE,24,0.0,,7.0
4/1/1998,1012.4,32.5,25.5,30.5,75.0,86.0,72.0,ENE,5,ENE,10,0.0,,2.0
4/2/1998,1012.3,33.8,26.6,30.6,76.0,81.0,70.0,CALM,0,NNW,6,0.0,,2.0
4/3/1998,1011.8,33.5,26.0,30.8,76.0,87.0,70.0,W,7,W,14,0.0,,4.0
4/4/1998,1010.1,33.4,27.1,30.7,76.0,93.0,68.0,NE,5,ESE,13,0.0,,2.0
4/5/1998,1011.0,32.9,26.0,31.0,75.0,86.0,70.0,ENE,7,SE,22,9.3,,3.0
4/6/1998,1011.2,32.0,23.4,29.0,87.0,92.0,80.0,ESE,7,SSW,21,73.7,,6.0
4/7/1998,1011.9,29.4,25.0,27.6,91.0,98.0,83.0,SSW,9,SSW,20,14.1,,8.0
4/8/1998,1009.5,31.8,25.4,29.5,79.0,93.0,72.0,NE,6,NE,15,0.0,,4.0
4/9/1998,1009.0,32.1,25.4,28.8,80.0,90.0,76.0,VRB,3,ENE,20,0.0,,5.0
4/10/1998,1009.6,32.4,25.6,30.4,78.0,92.0,70.0,VRB,2,NE,14,0.0,,4.0
4/11/1998,1010.4,32.5,27.2,30.6,75.0,90.0,70.0,ENE,6,ENE,15,0.0,,3.0
4/12/1998,1010.4,33.2,25.2,31.1,74.0,87.0,68.0,CALM,0,ENE,10,0.3,,2.0
4/13/1998,1008.8,33.1,26.8,30.6,76.0,86.0,72.0,CALM,0,CALM,6,0.0,,4.0
4/14/1998,1009.0,33.4,27.1,31.0,74.0,85.0,67.0,VRB,2,SE,15,0.0,,4.0
4/15/1998,1011.0,32.6,27.2,30.5,75.0,87.0,72.0,E,7,SE,14,0.0,,5.0
4/16/1998,1011.5,31.3,26.3,29.8,81.0,85.0,76.0,CALM,0,E,11,0.0,,5.0
4/17/1998,1011.0,31.4,27.3,29.8,79.0,89.0,76.0,VRB,3,W,14,0.0,,7.0
4/18/1998,1011.8,32.5,24.2,30.7,77.0,85.0,70.0,NNW,5,NW,14,12.8,,3.0
4/19/1998,1012.3,32.9,26.5,30.6,80.0,90.0,75.0,WNW,6,W,15,0.0,,5.0
4/20/1998,1011.2,34.1,27.6,31.5,77.0,90.0,69.0,VRB,4,SSW,11,0.0,,2.0
4/21/1998,1010.3,33.2,27.5,31.4,77.0,83.0,69.0,VRB,2,SSW,10,0.0,,2.0
4/22/1998,1011.4,32.6,27.3,31.1,73.0,85.0,67.0,S,5,S,10,0.0,,1.0
4/23/1998,1011.9,33.2,26.7,31.1,74.0,85.0,64.0,CALM,0,CALM,5,0.0,,1.0
4/24/1998,1010.9,33.2,25.7,31.2,74.0,87.0,69.0,CALM,0,SE,8,0.0,,1.0
4/25/1998,1010.7,33.7,25.6,31.2,71.0,89.0,64.0,CALM,0,ENE,9,0.0,,1.0
4/26/1998,1011.3,33.2,25.7,31.0,71.0,87.0,62.0,VRB,2,CALM,6,0.0,,2.0
4/27/1998,1011.3,33.2,24.0,30.9,73.0,90.0,66.0,VRB,1,ESE,20,49.8,,3.0
4/28/1998,1011.9,32.2,26.2,29.2,80.0,87.0,71.0,S,7,S,17,0.0,,7.0
4/29/1998,1011.6,31.8,26.7,30.0,77.0,90.0,72.0,VRB,2,S,11,0.0,,2.0
4/30/1998,1010.5,32.4,26.1,31.0,71.0,79.0,67.0,VRB,2,SE,8,0.0,,2.0
5/1/1998,1010.1,33.9,26.6,31.4,72.0,83.0,66.0,CALM,0,SW,7,0.0,,1.0
5/2/1998,1009.9,34.3,26.9,32.0,71.0,79.0,67.0,CALM,0,W,11,0.0,,2.0
5/3/1998,1009.9,32.6,26.6,31.0,78.0,89.0,70.0,VRB,4,ESE,14,0.0,,3.0
5/4/1998,1008.6,33.0,26.0,30.1,77.0,83.0,72.0,VRB,4,SSE,14,0.3,,6.0
5/5/1998,1007.3,34.0,26.3,31.0,74.0,89.0,67.0,VRB,1,N,13,0.0,,6.0
5/6/1998,1007.8,33.3,26.5,31.0,74.0,87.0,70.0,CALM,0,W,8,1.5,,5.0
5/7/1998,1008.9,33.6,26.0,30.8,77.0,85.0,70.0,VRB,2,NNW,11,0.0,,3.0
5/8/1998,1009.8,33.8,24.4,30.6,78.0,89.0,68.0,CALM,0,W,21,35.3,,6.0
5/9/1998,1008.8,32.8,26.4,29.7,82.0,96.0,76.0,WNW,7,NNW,18,0.2,,7.0
5/10/1998,1008.2,34.2,24.1,31.3,79.0,87.0,73.0,NW,7,NNW,23,116.2,,6.0
5/11/1998,1008.5,33.0,24.3,29.2,83.0,97.0,76.0,WNW,16,WNW,26,23.7,,8.0
5/12/1998,1009.1,30.0,25.1,27.2,91.0,97.0,87.0,WNW,7,W,25,7.9,,8.0
5/13/1998,1007.6,31.4,24.6,29.8,79.0,87.0,76.0,NW,15,W,27,21.3,,8.0
5/14/1998,1008.2,31.8,24.2,29.3,79.0,95.0,72.0,W,21,WNW,37,11.3,,8.0
5/15/1998,1009.4,29.8,23.8,27.4,87.0,96.0,83.0,W,24,W,50,22.2,,8.0
5/16/1998,1008.5,32.6,26.4,30.9,77.0,89.0,70.0,WNW,21,W,42,0.0,,4.0
5/17/1998,1011.0,31.4,27.0,29.2,83.0,89.0,77.0,W,18,W,42,6.4,,5.0
5/18/1998,1010.2,31.6,25.6,29.3,84.0,88.0,80.0,W,16,W,35,9.6,,6.0
5/19/1998,1010.9,31.0,24.8,29.1,82.0,84.0,80.0,W,20,WSW,42,12.2,,7.0
5/20/1998,1010.1,32.4,27.0,29.5,87.0,95.0,79.0,W,14,SW,32,0.3,,7.0
5/21/1998,1010.5,32.7,26.0,30.4,83.0,88.0,79.0,W,9,W,26,0.8,,6.0
5/22/1998,1011.5,31.4,24.6,29.2,85.0,93.0,80.0,W,11,NW,27,17.3,,7.0
5/23/1998,1011.1,32.4,28.0,30.7,81.0,86.0,79.0,WNW,12,WNW,29,0.0,,4.0
5/24/1998,1011.4,33.0,26.7,31.2,80.0,85.0,77.0,WNW,12,NW,23,0.5,,3.0
5/25/1998,1010.3,33.0,25.2,31.1,79.0,85.0,72.0,W,10,NW,36,0.6,,5.0
5/26/1998,1011.8,31.0,24.4,27.1,88.0,95.0,80.0,SW,11,NW,41,18.9,,7.0
5/27/1998,1013.1,32.0,24.4,28.3,82.0,89.0,75.0,W,11,W,36,7.5,,7.0
5/28/1998,1012.9,31.9,27.5,29.9,81.0,86.0,77.0,VRB,5,WNW,19,2.1,,3.0
5/29/1998,1011.7,32.4,26.0,29.2,83.0,85.0,79.0,W,10,WNW,27,4.9,,6.0
5/30/1998,1009.7,31.5,25.1,30.2,81.0,85.0,79.0,W,14,W,40,6.2,,6.0
5/31/1998,1010.8,32.5,24.6,30.1,83.0,90.0,80.0,WNW,15,WNW,40,44.5,,4.0
6/1/1998,1011.6,30.2,24.1,28.1,86.0,93.0,82.0,WSW,15,W,40,34.3,,8.0
6/2/1998,1010.5,32.0,26.8,30.0,80.0,92.0,74.0,SW,15,W,40,4.8,,7.0
6/3/1998,1010.4,31.8,27.4,30.1,81.0,85.0,76.0,SW,15,W,26,0.0,,7.0
6/4/1998,1010.9,32.8,27.6,30.4,77.0,87.0,72.0,WSW,10,W,21,0.6,,3.0
6/5/1998,1010.6,32.3,27.9,31.1,75.0,87.0,67.0,WSW,9,WSW,18,0.0,,3.0
6/6/1998,1009.8,32.1,27.7,30.7,75.0,83.0,71.0,SW,9,SW,16,0.0,,3.0
6/7/1998,1010.5,33.0,27.1,30.7,76.0,85.0,72.0,SW,7,W,30,2.0,,6.0
6/8/1998,1011.0,32.7,27.4,30.5,78.0,87.0,71.0,WSW,7,WSW,17,0.0,,3.0
6/9/1998,1011.8,32.6,27.9,30.6,75.0,87.0,68.0,VRB,4,W,11,0.0,,4.0
6/10/1998,1012.7,34.4,27.8,31.4,73.0,83.0,69.0,WNW,6,WNW,15,0.0,,2.0
6/11/1998,1012.3,33.2,27.6,30.8,75.0,83.0,71.0,W,9,WSW,20,0.0,,5.0
6/12/1998,1011.9,32.4,27.0,30.2,75.0,85.0,68.0,W,13,WNW,32,0.0,,6.0
6/13/1998,1010.2,33.5,26.6,31.2,75.0,83.0,70.0,WNW,10,WNW,28,5.3,,6.0
6/14/1998,1010.3,32.0,24.7,30.3,77.0,81.0,72.0,WNW,9,WNW,35,1.8,,7.0
6/15/1998,1011.5,31.4,26.4,29.5,80.0,83.0,77.0,W,10,WNW,27,0.0,,7.0
6/16/1998,1011.4,31.1,24.0,29.0,84.0,89.0,79.0,W,6,WNW,38,8.4,,8.0
6/17/1998,1010.6,31.2,27.5,29.6,80.0,86.0,75.0,SW,6,WSW,14,0.0,,7.0
6/18/1998,1010.1,31.4,26.0,29.7,77.0,85.0,72.0,SW,7,S,16,0.2,,7.0
6/19/1998,1011.4,31.6,25.2,29.8,77.0,81.0,72.0,SSW,7,SW,20,5.5,,5.0
6/20/1998,1011.8,32.0,25.0,30.1,73.0,79.0,69.0,VRB,2,S,15,0.3,,3.0
6/21/1998,1011.4,31.6,27.4,29.7,75.0,83.0,67.0,VRB,5,S,15,0.0,,6.0
6/22/1998,1010.5,32.0,26.0,30.4,73.0,76.0,70.0,SW,8,SW,25,0.0,,3.0
6/23/1998,1010.1,31.8,26.4,30.2,71.0,75.0,68.0,SSW,10,S,18,0.1,,7.0
6/24/1998,1009.7,32.1,27.0,30.4,70.0,82.0,63.0,S,9,SSW,17,0.0,,2.0
6/25/1998,1009.6,32.0,27.4,30.0,70.0,76.0,67.0,SSW,7,SSW,14,0.0,,7.0
6/26/1998,1008.9,32.2,24.6,30.2,72.0,78.0,66.0,SW,9,SW,18,1.1,,6.0
6/27/1998,1008.1,31.8,22.0,29.5,78.0,87.0,72.0,S,6,W,47,22.0,,7.0
6/28/1998,1010.0,31.4,25.5,27.8,83.0,90.0,76.0,S,8,SE,19,0.4,,8.0
6/29/1998,1009.2,30.8,26.0,29.6,75.0,80.0,71.0,S,6,S,13,0.0,,7.0
6/30/1998,1008.3,32.1,25.8,30.2,76.0,82.0,72.0,CALM,0,WNW,23,0.1,,7.0
7/1/1998,1008.3,32.5,25.6,29.8,79.0,91.0,73.0,NW,7,NW,23,1.3,,6.0
7/2/1998,1009.6,29.0,22.9,26.2,90.0,95.0,86.0,WNW,11,WNW,43,53.8,,8.0
7/3/1998,1009.5,31.8,27.0,29.1,83.0,97.0,77.0,VRB,4,SW,13,0.1,,7.0
7/4/1998,1010.9,31.8,24.8,29.8,77.0,83.0,71.0,VRB,4,SSW,10,0.0,,6.0
7/5/1998,1012.0,33.5,26.5,30.8,73.0,83.0,68.0,VRB,1,WNW,8,0.0,,2.0
7/6/1998,1012.2,32.8,24.4,30.4,75.0,85.0,71.0,CALM,0,WNW,6,0.0,,3.0
7/7/1998,1011.9,32.0,24.3,29.2,78.0,92.0,68.0,CALM,0,CALM,0,0.0,,6.0
7/8/1998,1010.4,32.8,23.4,29.9,75.0,90.0,67.0,CALM,0,NW,40,65.9,,4.0
7/9/1998,1010.4,31.8,24.5,28.2,83.0,96.0,73.0,NW,8,NW,34,2.7,,7.0
7/10/1998,1011.1,32.5,23.5,28.4,81.0,89.0,76.0,NW,9,S,28,25.0,,6.0
7/11/1998,1009.9,33.5,23.8,31.0,75.0,78.0,70.0,NW,6,WNW,42,12.1,,2.0
7/12/1998,1010.8,31.0,23.7,26.0,86.0,95.0,81.0,WNW,15,WNW,44,6.3,,8.0
7/13/1998,1010.7,33.4,23.6,28.4,82.0,95.0,75.0,NW,13,NW,47,29.9,,7.0
7/14/1998,1011.2,32.4,27.0,29.8,78.0,81.0,74.0,NW,10,NW,20,0.0,,8.0
7/15/1998,1011.9,32.6,26.5,30.0,77.0,83.0,68.0,NW,8,NNW,25,3.0,,6.0
7/16/1998,1010.9,31.0,26.6,29.4,79.0,83.0,72.0,NW,10,NW,21,1.0,,8.0
7/17/1998,1010.3,31.3,23.8,29.0,83.0,95.0,77.0,NW,12,WSW,37,28.4,,7.0
7/18/1998,1011.3,29.3,23.5,27.8,84.0,90.0,82.0,WNW,7,WNW,35,15.9,,8.0
7/19/1998,1011.9,30.4,24.4,27.0,85.0,95.0,72.0,WNW,12,W,34,5.2,,7.0
7/20/1998,1010.9,31.1,23.1,29.2,77.0,84.0,71.0,VRB,3,W,36,3.3,,5.0
7/21/1998,1010.6,31.2,24.8,29.3,77.0,84.0,72.0,VRB,3,WSW,23,0.8,,3.0
7/22/1998,1010.5,33.9,23.9,29.7,80.0,86.0,74.0,WNW,8,W,30,6.9,,4.0
7/23/1998,1010.0,30.4,25.0,28.1,82.0,86.0,79.0,W,9,NW,33,4.5,,7.0
7/24/1998,1010.7,31.0,25.0,28.3,81.0,86.0,78.0,WNW,9,WNW,24,0.0,,7.0
7/25/1998,1010.5,32.0,25.4,29.8,79.0,89.0,72.0,WNW,9,NW,15,4.3,,7.0
7/26/1998,1010.7,32.5,26.5,30.2,76.0,84.0,72.0,WNW,8,WNW,16,0.0,,5.0
7/27/1998,1010.9,32.5,25.5,30.3,77.0,84.0,71.0,VRB,6,WNW,22,4.4,,6.0
7/28/1998,1010.6,32.5,27.0,30.1,79.0,86.0,75.0,WNW,8,W,14,0.0,,6.0
7/29/1998,1010.0,33.0,26.2,30.3,78.0,83.0,75.0,WNW,8,WNW,15,3.4,,6.0
7/30/1998,1009.9,32.0,25.0,30.0,81.0,89.0,74.0,W,7,WNW,12,0.2,,3.0
7/31/1998,1009.8,31.2,25.8,29.1,80.0,92.0,73.0,VRB,2,CALM,5,0.0,,6.0
8/1/1998,1010.0,31.5,23.0,27.6,81.0,95.0,69.0,VRB,5,W,42,36.6,,7.0
8/2/1998,1011.3,31.2,23.0,28.7,81.0,87.0,71.0,VRB,5,WNW,32,11.5,,7.0
8/3/1998,1011.0,32.2,23.2,28.8,81.0,87.0,73.0,NW,8,NW,36,12.8,,8.0
8/4/1998,1012.6,29.2,24.0,27.0,88.0,93.0,82.0,VRB,5,W,22,1.2,,8.0
8/5/1998,1011.9,31.6,25.0,29.0,77.0,83.0,70.0,NW,10,W,22,1.4,,6.0
8/6/1998,1011.3,33.2,26.0,30.0,75.0,86.0,70.0,NW,9,NW,20,0.0,,5.0
8/7/1998,1011.9,31.0,24.2,28.5,82.0,85.0,81.0,WNW,9,WNW,24,4.0,,6.0
8/8/1998,1011.5,33.4,24.2,30.5,74.0,83.0,68.0,WNW,6,NW,20,0.4,,3.0
8/9/1998,1010.9,32.4,23.7,28.6,86.0,97.0,75.0,WNW,6,W,29,24.3,,6.0
8/10/1998,1010.8,30.4,23.9,27.3,84.0,96.0,77.0,WNW,12,W,28,14.9,,7.0
8/11/1998,1011.4,30.1,23.8,27.0,93.0,95.0,86.0,WSW,6,W,26,11.3,,7.0
8/12/1998,1010.4,32.4,23.6,30.2,79.0,93.0,72.0,WSW,6,W,27,30.1,,3.0
8/13/1998,1009.9,31.8,24.6,28.5,83.0,97.0,71.0,WNW,13,W,43,3.1,,7.0
8/14/1998,1009.7,31.3,25.2,29.8,75.0,87.0,69.0,NNW,13,NNW,22,0.0,,4.0
8/15/1998,1010.6,31.4,26.8,29.8,74.0,86.0,71.0,NNW,5,NNW,12,0.2,,3.0
8/16/1998,1012.2,32.0,24.8,30.2,73.0,87.0,68.0,VRB,4,NNW,8,0.0,,2.0
8/17/1998,1011.5,31.6,25.1,29.4,77.0,90.0,70.0,CALM,0,WSW,7,0.0,,2.0
8/18/1998,1011.5,31.4,25.8,29.4,75.0,93.0,68.0,SW,6,WSW,14,0.0,,5.0
8/19/1998,1011.1,31.2,26.2,29.5,74.0,89.0,68.0,WSW,8,WSW,16,0.0,,3.0
8/20/1998,1009.9,30.8,22.6,29.5,77.0,79.0,75.0,WSW,10,W,38,15.6,,5.0
8/21/1998,1009.7,29.7,23.5,27.7,86.0,95.0,78.0,W,12,W,37,15.9,,8.0
8/22/1998,1009.4,29.2,22.7,26.7,88.0,93.0,80.0,W,13,WNW,30,45.7,,7.0
8/23/1998,1008.9,30.8,22.7,29.1,81.0,93.0,74.0,W,15,W,39,17.8,,5.0
8/24/1998,1010.3,31.2,23.4,27.2,89.0,95.0,84.0,W,14,NW,32,14.3,,7.0
8/25/1998,1010.2,32.5,25.4,29.1,82.0,90.0,76.0,NW,9,W,18,2.5,,7.0
8/26/1998,1011.6,33.2,24.4,30.3,78.0,87.0,73.0,VRB,4,W,9,0.0,,5.0
8/27/1998,1012.3,31.0,25.6,29.1,78.0,95.0,71.0,VRB,2,CALM,5,0.0,,2.0
8/28/1998,1012.4,31.0,25.7,29.4,77.0,84.0,74.0,VRB,3,CALM,3,0.0,,2.0
8/29/1998,1012.2,30.8,24.4,29.3,77.0,89.0,70.0,VRB,3,SSE,10,0.0,,2.0
8/30/1998,1011.5,31.8,26.4,29.5,74.0,83.0,67.0,VRB,3,SW,10,0.0,,2.0
8/31/1998,1011.2,31.8,22.4,29.6,74.0,79.0,70.0,SSW,7,S,32,10.3,,1.0
9/1/1998,1012.3,31.0,26.0,28.9,80.0,89.0,74.0,SSW,8,SSW,17,0.0,,4.0
9/2/1998,1012.6,30.6,25.4,29.1,76.0,80.0,71.0,VRB,4,S,15,0.3,,7.0
9/3/1998,1012.4,31.0,25.4,29.3,76.0,82.0,70.0,SSW,7,SSW,17,0.2,,3.0
9/4/1998,1013.3,29.9,22.6,27.4,86.0,98.0,76.0,SW,7,S,32,28.2,,7.0
9/5/1998,1011.9,31.0,26.0,28.8,78.0,87.0,72.0,SW,8,SSW,18,0.0,,5.0
9/6/1998,1012.4,31.0,25.6,28.8,80.0,85.0,75.0,NW,6,NW,21,0.4,,6.0
9/7/1998,1011.5,31.4,23.6,29.0,78.0,84.0,72.0,VRB,4,SSW,14,4.6,,3.0
9/8/1998,1012.4,30.9,26.0,29.2,77.0,84.0,72.0,SW,8,S,17,0.1,,4.0
9/9/1998,1013.2,31.9,25.2,29.8,73.0,83.0,67.0,VRB,6,W,12,0.0,,2.0
9/10/1998,1011.7,33.2,26.5,30.6,76.0,84.0,69.0,VRB,5,NW,12,1.6,,3.0
9/11/1998,1011.0,31.6,24.0,29.2,78.0,83.0,72.0,VRB,5,SSW,30,12.1,,6.0
9/12/1998,1011.9,30.6,26.0,28.5,80.0,86.0,73.0,VRB,5,SW,16,0.0,,7.0
9/13/1998,1012.2,31.4,26.4,29.7,77.0,83.0,70.0,SW,6,SW,15,0.0,,4.0
9/14/1998,1011.8,31.4,26.9,29.6,77.0,83.0,72.0,SW,9,SW,17,0.0,,3.0
9/15/1998,1010.4,31.9,25.5,30.2,76.0,83.0,71.0,W,12,W,30,3.2,,2.0
9/16/1998,1010.5,31.2,25.5,29.5,76.0,83.0,70.0,W,11,S,26,0.7,,4.0
9/17/1998,1010.6,31.4,24.9,29.8,75.0,83.0,68.0,WSW,9,WSW,17,1.5,,6.0
9/18/1998,1011.1,31.6,24.2,29.1,81.0,89.0,74.0,WSW,8,W,32,20.7,,6.0
9/19/1998,1010.4,28.1,23.1,26.2,88.0,92.0,84.0,WNW,13,W,34,18.3,,8.0
9/20/1998,1011.3,28.4,24.1,27.0,86.0,98.0,77.0,W,13,WNW,28,0.0,,8.0
9/21/1998,1010.2,29.1,23.4,28.0,83.0,87.0,80.0,WSW,9,WSW,32,23.4,,6.0
9/22/1998,1011.9,29.9,23.7,27.8,82.0,83.0,82.0,W,14,WNW,29,5.8,,8.0
9/23/1998,1012.7,31.2,23.6,28.8,82.0,87.0,78.0,W,16,W,40,4.9,,6.0
9/24/1998,1011.0,31.3,24.8,28.7,81.0,85.0,75.0,W,11,WSW,26,0.6,,7.0
9/25/1998,1012.0,32.2,23.7,29.6,78.0,84.0,74.0,WNW,13,WNW,32,5.8,,3.0
9/26/1998,1011.5,31.1,23.6,29.0,81.0,90.0,75.0,W,16,W,34,9.3,,5.0
9/27/1998,1010.3,31.0,22.8,28.9,80.0,90.0,77.0,W,16,W,27,15.6,,6.0
9/28/1998,1009.2,31.2,25.8,28.9,82.0,86.0,77.0,W,18,WNW,41,10.3,,7.0
9/29/1998,1009.9,31.6,26.2,29.5,81.0,86.0,74.0,W,16,W,27,6.3,,3.0
9/30/1998,1010.2,32.4,23.4,30.0,77.0,81.0,75.0,WNW,12,WNW,33,14.1,,3.0
10/1/1998,1010.8,32.8,26.2,30.1,75.0,83.0,71.0,NW,6,WNW,11,0.0,,6.0
10/2/1998,1011.9,33.0,26.3,30.1,76.0,83.0,71.0,VRB,2,WNW,12,0.0,,6.0
10/3/1998,1011.8,32.6,24.3,29.1,80.0,87.0,70.0,VRB,3,SW,16,6.7,,5.0
10/4/1998,1012.5,31.6,24.8,28.7,81.0,85.0,77.0,WNW,9,WNW,19,0.0,,7.0
10/5/1998,1010.4,31.4,25.1,28.1,83.0,86.0,78.0,VRB,5,SSW,25,10.3,,6.0
10/6/1998,1010.2,30.8,24.4,27.8,85.0,89.0,79.0,SSW,8,SSW,18,13.7,,6.0
10/7/1998,1010.4,30.8,25.7,29.2,76.0,86.0,70.0,SW,9,SW,17,0.0,,5.0
10/8/1998,1010.9,30.1,25.7,27.8,82.0,88.0,77.0,WSW,11,W,40,18.9,,6.0
10/9/1998,1010.1,31.2,24.2,29.0,78.0,85.0,72.0,SSW,11,S,20,0.0,,7.0
10/10/1998,1011.3,31.0,21.9,29.1,78.0,85.0,73.0,SSW,10,W,38,14.4,,5.0
10/11/1998,1010.5,30.6,24.8,28.4,77.0,95.0,70.0,SSW,11,W,23,0.0,,8.0
10/12/1998,1010.6,31.5,25.4,29.3,72.0,88.0,67.0,SW,8,SSW,14,0.0,,4.0
10/13/1998,1011.3,31.0,22.6,29.5,74.0,83.0,72.0,SSW,8,WSW,23,2.1,,3.0
10/14/1998,1011.4,30.7,24.7,28.8,78.0,87.0,73.0,SSW,6,S,10,0.0,,7.0
10/15/1998,1011.3,32.3,23.9,29.3,76.0,85.0,71.0,W,5,ESE,21,0.9,,3.0
10/16/1998,1012.5,31.2,26.4,27.2,76.0,84.0,72.0,VRB,3,ESE,11,0.0,,3.0
10/17/1998,1014.0,31.6,23.8,30.2,74.0,84.0,70.0,VRB,5,ESE,9,0.0,,3.0
10/18/1998,1014.3,33.4,26.4,30.2,71.0,78.0,65.0,CALM,0,SW,9,0.0,,3.0
10/19/1998,1012.4,33.4,27.0,30.4,76.0,84.0,68.0,NW,7,SW,16,0.1,,3.0
10/20/1998,1011.6,32.9,24.4,30.7,75.0,85.0,69.0,NW,9,NW,17,3.9,,2.0
10/21/1998,1011.5,32.5,24.4,28.9,79.0,86.0,71.0,NW,11,W,38,25.7,,5.0
10/22/1998,1012.0,29.4,23.4,27.1,87.0,93.0,82.0,W,15,N,34,16.8,,8.0
10/23/1998,1011.5,30.9,24.0,28.2,84.0,93.0,79.0,NW,9,SSW,24,8.2,,7.0
10/24/1998,1012.5,32.0,23.6,29.1,80.0,88.0,73.0,VRB,4,NNW,24,40.5,,5.0
10/25/1998,1014.4,28.0,23.2,25.2,94.0,96.0,92.0,W,6,W,25,27.7,,8.0
10/26/1998,1014.2,30.4,23.0,27.5,85.0,90.0,83.0,WNW,11,WNW,28,52.8,,7.0
10/27/1998,1013.2,28.6,23.9,26.1,91.0,96.0,82.0,WNW,13,W,24,4.4,,8.0
10/28/1998,1013.2,30.8,23.4,28.1,85.0,95.0,79.0,WNW,13,WNW,33,42.8,,6.0
10/29/1998,1014.0,27.0,23.6,25.5,93.0,95.0,92.0,W,11,W,39,11.9,,8.0
10/30/1998,1012.3,28.4,22.8,26.7,85.0,89.0,83.0,W,13,WNW,38,50.8,,7.0
10/31/1998,1012.2,27.4,21.6,26.2,85.0,95.0,84.0,W,15,WNW,38,54.4,,8.0
11/1/1998,1012.7,27.8,23.4,26.4,87.0,92.0,83.0,W,14,WNW,31,7.9,,8.0
11/2/1998,1012.5,30.6,24.8,28.7,81.0,86.0,77.0,W,15,W,25,1.1,,5.0
11/3/1998,1012.7,30.8,24.6,28.6,79.0,86.0,73.0,W,13,W,29,5.8,,4.0
11/4/1998,1011.7,30.7,25.3,28.6,81.0,86.0,74.0,W,16,WNW,30,0.9,,3.0
11/5/1998,1010.7,31.7,26.2,29.8,78.0,84.0,75.0,WNW,13,WNW,26,0.0,,3.0
11/6/1998,1010.2,31.3,26.3,29.8,76.0,80.0,72.0,WNW,15,WNW,29,0.0,,2.0
11/7/1998,1009.9,31.4,24.8,29.8,78.0,83.0,75.0,WNW,19,WNW,32,0.9,,2.0
11/8/1998,1011.1,30.6,24.3,29.2,79.0,83.0,72.0,W,13,WNW,38,0.5,,5.0
11/9/1998,1011.4,30.4,24.8,28.5,84.0,85.0,82.0,SW,13,W,30,2.4,,6.0
11/10/1998,1011.7,31.7,24.6,29.4,84.0,90.0,75.0,W,13,W,29,4.2,,6.0
11/11/1998,1011.7,32.4,25.9,29.8,82.0,87.0,74.0,WNW,9,NW,16,0.0,,6.0
11/12/1998,1012.1,32.3,24.0,28.8,86.0,87.0,74.0,WNW,11,WNW,34,26.0,,4.0
11/13/1998,1011.1,28.0,22.6,25.0,89.0,96.0,80.0,W,20,W,40,36.2,,7.0
11/14/1998,1011.6,30.9,23.9,28.0,83.0,92.0,75.0,WNW,19,W,34,6.2,,6.0
11/15/1998,1011.7,31.2,26.4,29.4,77.0,81.0,72.0,W,16,W,24,0.0,,2.0
11/16/1998,1011.6,31.1,25.0,29.5,75.0,81.0,71.0,W,15,WNW,23,3.6,,2.0
11/17/1998,1011.0,31.5,24.2,29.4,78.0,86.0,73.0,W,10,WNW,25,15.8,,2.0
11/18/1998,1011.4,31.6,23.8,28.6,85.0,95.0,79.0,NW,10,NW,26,10.5,,6.0
11/19/1998,1012.1,31.3,25.8,29.3,77.0,84.0,73.0,NW,10,NW,19,0.0,,4.0
11/20/1998,1011.9,32.2,24.4,30.2,75.0,80.0,71.0,NW,9,WNW,21,0.5,,2.0
11/21/1998,1011.7,31.8,25.2,29.7,78.0,89.0,70.0,WNW,10,NW,20,0.0,,3.0
11/22/1998,1010.8,31.3,25.7,29.5,77.0,83.0,74.0,NW,8,NW,11,0.0,,3.0
11/23/1998,1011.5,30.7,24.0,28.6,77.0,86.0,71.0,NNW,6,NNW,11,0.0,,5.0
11/24/1998,1012.2,30.6,25.6,28.6,77.0,80.0,73.0,VRB,2,NNW,9,0.0,,2.0
11/25/1998,1012.7,31.8,25.3,28.9,76.0,83.0,72.0,VRB,5,NNW,11,0.0,,3.0
11/26/1998,1012.5,30.6,23.6,28.7,75.0,86.0,71.0,VRB,3,NNW,9,0.0,,3.0
11/27/1998,1012.2,30.8,24.6,28.7,77.0,86.0,73.0,VRB,3,NNW,8,0.2,,4.0
11/28/1998,1011.4,31.3,24.0,28.6,78.0,87.0,73.0,VRB,3,N,9,0.0,,6.0
11/29/1998,1012.1,33.0,23.5,29.4,76.0,88.0,71.0,CALM,0,N,7,0.0,,3.0
11/30/1998,1013.5,32.4,24.0,29.0,76.0,95.0,68.0,CALM,0,CALM,0,0.0,,1.0
12/1/1998,1014.0,32.2,26.0,29.4,74.0,90.0,65.0,VRB,2,NW,6,0.0,,1.0
12/2/1998,1012.5,33.2,24.4,30.0,72.0,83.0,65.0,CALM,0,CALM,6,0.0,,2.0
12/3/1998,1012.4,31.2,25.0,28.6,79.0,92.0,73.0,CALM,0,W,12,0.2,,3.0
12/4/1998,1012.8,33.6,23.0,30.5,74.0,87.0,67.0,VRB,3,W,22,6.2,,4.0
12/5/1998,1012.9,30.2,24.3,27.1,90.0,97.0,74.0,WNW,9,NW,25,18.1,,6.0
12/6/1998,1012.5,31.4,24.0,27.9,87.0,95.0,78.0,WNW,5,WNW,21,18.1,,6.0
12/7/1998,1011.6,30.8,25.3,28.2,81.0,92.0,75.0,CALM,0,W,13,1.8,,6.0
12/8/1998,1011.2,29.0,22.6,26.8,88.0,95.0,85.0,SW,11,SW,34,40.9,,8.0
12/9/1998,1011.1,28.4,23.2,27.0,84.0,87.0,81.0,SW,17,W,40,36.4,,7.0
12/10/1998,1012.3,28.0,23.4,26.0,91.0,93.0,89.0,W,17,W,40,14.5,,8.0
12/11/1998,1011.2,29.8,23.0,27.2,84.0,90.0,79.0,SSW,15,SW,28,10.5,,8.0
12/12/1998,1011.4,29.4,22.6,27.4,83.0,89.0,80.0,SSW,15,S,30,30.0,,8.0
12/13/1998,1011.1,30.4,23.5,28.6,79.0,84.0,75.0,SSW,9,SSW,14,0.0,,4.0
12/14/1998,1012.4,30.0,23.8,27.7,85.0,98.0,78.0,VRB,3,NW,11,0.0,,3.0
12/15/1998,1012.6,30.0,24.7,27.9,82.0,98.0,75.0,VRB,3,NNW,8,0.0,,2.0
12/16/1998,1013.3,32.7,25.8,29.8,75.0,86.0,66.0,WNW,5,WNW,12,0.0,,3.0
12/17/1998,1013.2,32.6,24.6,29.3,80.0,87.0,72.0,WNW,7,W,14,0.7,,6.0
12/18/1998,1013.1,29.0,22.8,25.5,91.0,98.0,80.0,SW,8,W,30,34.2,,7.0
12/19/1998,1012.4,29.6,24.6,27.8,82.0,98.0,77.0,WSW,9,WSW,30,0.6,,4.0
12/20/1998,1011.4,29.6,24.2,26.9,87.0,100.0,82.0,W,13,W,34,24.1,,5.0
12/21/1998,1010.9,32.2,25.5,29.2,83.0,90.0,74.0,W,8,W,18,0.0,,5.0
12/22/1998,1011.4,32.4,25.7,29.8,78.0,87.0,72.0,WNW,7,WNW,14,0.0,,2.0
12/23/1998,1011.7,32.3,22.5,29.6,78.0,85.0,71.0,NW,6,NW,10,0.0,,1.0
12/24/1998,1012.7,30.0,23.7,27.8,79.0,96.0,70.0,VRB,2,NNE,12,4.3,,2.0
12/25/1998,1013.0,28.7,22.4,25.5,90.0,100.0,82.0,VRB,2,ENE,14,63.1,,6.0
12/26/1998,1012.6,29.6,24.4,26.6,87.0,98.0,75.0,CALM,0,NNW,14,0.0,,8.0
12/27/1998,1012.3,30.0,25.0,28.1,77.0,88.0,71.0,NNE,5,NNE,13,0.0,,5.0
12/28/1998,1013.4,31.4,24.1,28.4,78.0,95.0,69.0,CALM,0,NNE,7,0.0,,4.0
12/29/1998,1012.7,31.5,24.2,29.1,79.0,98.0,73.0,NW,5,NNW,14,0.0,,5.0
12/30/1998,1011.9,30.8,24.6,28.2,80.0,96.0,73.0,VRB,3,ENE,21,0.0,,5.0
12/31/1998,1011.5,31.6,24.7,28.1,80.0,95.0,72.0,VRB,2,NNE,13,0.0,,5.0
1/1/1999,1011.6,30.4,24.6,27.9,82.0,92.0,76.0,VRB,2,N,12,0.0,,6.0
1/2/1999,1011.5,31.5,25.4,27.9,84.0,92.0,78.0,VRB,5,NW,13,0.4,,6.0
1/3/1999,1010.4,32.2,23.2,28.8,80.0,84.0,73.0,NNW,8,NNW,14,11.9,,7.0
1/4/1999,1009.6,30.6,25.6,28.3,80.0,88.0,76.0,VRB,4,NE,14,0.0,,4.0
1/5/1999,1009.3,30.8,25.6,28.8,79.0,84.0,72.0,NE,8,NE,15,0.0,,3.0
1/6/1999,1009.3,31.0,23.4,28.7,78.0,87.0,71.0,NE,8,NE,13,6.2,,5.0
1/7/1999,1010.2,30.8,24.0,27.2,86.0,95.0,78.0,VRB,2,NW,12,0.2,,8.0
1/8/1999,1010.1,30.6,24.2,28.6,78.0,98.0,71.0,VRB,6,NE,13,0.0,,6.0
1/9/1999,1009.7,30.4,24.5,28.0,80.0,92.0,73.0,VRB,2,NE,16,0.7,,6.0
1/10/1999,1011.0,30.2,25.8,28.0,83.0,90.0,75.0,NE,9,NE,16,0.0,,6.0
1/11/1999,1011.0,30.8,25.4,28.7,74.0,78.0,71.0,NE,11,NE,17,0.0,,6.0
1/12/1999,1011.3,30.8,26.0,28.8,77.0,87.0,68.0,NE,7,NNE,13,0.0,,6.0
1/13/1999,1011.0,31.2,24.8,28.4,79.0,84.0,70.0,NE,10,NNE,17,8.7,,7.0
1/14/1999,1011.0,30.4,23.0,27.8,84.0,90.0,78.0,NE,10,NNE,18,17.2,,7.0
1/15/1999,1012.0,30.6,24.6,29.0,78.0,87.0,74.0,NE,9,NE,15,7.5,,7.0
1/16/1999,1013.0,30.2,23.8,27.8,85.0,93.0,74.0,NE,6,ENE,18,1.3,,7.0
1/17/1999,1012.1,29.9,23.7,27.7,86.0,95.0,80.0,NE,8,ENE,17,2.4,,7.0
1/18/1999,1010.2,29.4,22.3,26.4,91.0,98.0,87.0,VRB,5,ENE,17,132.6,,8.0
1/19/1999,1010.3,29.8,22.8,27.5,88.0,100.0,78.0,NE,9,NNE,18,10.2,,8.0
1/20/1999,1011.0,28.2,22.6,24.8,96.0,98.0,93.0,CALM,0,ENE,20,70.8,,8.0
1/21/1999,1012.4,28.4,22.8,25.8,91.0,98.0,85.0,VRB,2,N,13,48.3,,8.0
1/22/1999,1011.7,29.5,25.0,27.6,82.0,93.0,76.0,NNW,7,NNW,13,0.0,,8.0
1/23/1999,1010.9,29.8,25.3,28.1,80.0,90.0,74.0,VRB,4,NNW,9,0.0,,8.0
1/24/1999,1012.3,29.5,25.2,27.4,82.0,90.0,79.0,VRB,4,NNW,10,0.0,,8.0
1/25/1999,1012.6,29.8,25.1,28.2,80.0,86.0,76.0,VRB,3,NNW,12,0.0,,7.0
1/26/1999,1010.4,30.3,25.0,28.2,76.0,88.0,74.0,VRB,4,NNW,11,0.0,,5.0
1/27/1999,1011.4,30.2,25.1,28.2,76.0,92.0,68.0,N,7,NNE,14,0.0,,4.0
1/28/1999,1011.1,30.6,24.8,28.3,65.0,81.0,56.0,NNE,8,NNE,15,0.0,,2.0
1/29/1999,1011.8,30.0,24.2,28.0,69.0,74.0,64.0,NNE,5,NNE,11,0.0,,3.0
1/30/1999,1010.8,30.2,24.3,28.1,74.0,77.0,67.0,VRB,3,NNW,12,0.0,,3.0
1/31/1999,1009.8,30.4,24.4,28.2,75.0,82.0,70.0,N,6,N,12,0.0,,5.0
2/1/1999,1011.8,29.8,25.3,28.2,75.0,88.0,70.0,N,7,N,12,0.0,,5.0
2/2/1999,1011.1,30.8,26.2,28.5,74.0,81.0,70.0,NNE,5,NNE,12,0.0,,4.0
2/3/1999,1011.8,31.2,25.2,29.1,72.0,78.0,67.0,VRB,4,ENE,10,0.0,,4.0
2/4/1999,1012.1,31.4,23.8,29.2,74.0,81.0,70.0,VRB,4,E,8,0.2,,4.0
2/5/1999,1013.3,31.5,25.6,29.0,77.0,86.0,70.0,VRB,4,E,9,0.0,,3.0
2/6/1999,1013.6,31.4,24.6,29.2,76.0,86.0,69.0,VRB,4,ENE,8,1.1,,1.0
2/7/1999,1013.5,33.2,22.4,28.0,83.0,95.0,67.0,VRB,5,NE,20,11.5,,6.0
2/8/1999,1013.3,31.0,26.4,28.9,80.0,86.0,77.0,NW,5,NE,9,0.0,,3.0
2/9/1999,1011.8,31.0,25.0,29.0,79.0,84.0,77.0,VRB,5,NNE,11,0.0,,2.0
2/10/1999,1011.0,31.4,25.4,29.0,79.0,87.0,75.0,NE,7,ENE,12,0.0,,5.0
2/11/1999,1011.7,31.7,24.9,29.5,76.0,87.0,67.0,NE,8,ENE,16,0.0,,4.0
2/12/1999,1013.4,31.6,24.6,29.0,77.0,85.0,71.0,NE,8,NE,14,0.0,,2.0
2/13/1999,1013.5,31.6,25.4,29.2,75.0,79.0,72.0,NE,9,NE,15,0.0,,1.0
2/14/1999,1011.5,31.6,22.6,29.6,75.0,79.0,72.0,NE,9,NE,14,30.8,,1.0
2/15/1999,1011.8,30.8,24.6,28.0,83.0,90.0,74.0,NE,7,NE,15,11.9,,5.0
2/16/1999,1011.2,31.4,25.2,29.5,78.0,87.0,73.0,NE,6,NE,10,0.0,,3.0
2/17/1999,1012.9,31.8,26.0,29.4,81.0,92.0,72.0,NE,6,NE,13,0.0,,6.0
2/18/1999,1012.5,31.6,24.5,29.5,76.0,86.0,69.0,NE,8,NE,12,0.0,,4.0
2/19/1999,1012.1,33.0,25.0,29.6,77.0,90.0,70.0,CALM,0,NW,6,0.0,,2.0
2/20/1999,1010.9,31.4,26.4,29.2,78.0,90.0,72.0,VRB,4,NNE,10,0.0,,4.0
2/21/1999,1010.6,31.3,26.2,29.6,78.0,87.0,72.0,VRB,3,N,8,0.0,,3.0
2/22/1999,1012.4,31.6,26.5,29.8,77.0,87.0,72.0,VRB,2,SE,7,0.0,,3.0
2/23/1999,1012.6,31.6,26.4,29.7,77.0,89.0,73.0,ENE,7,E,14,0.0,,2.0
2/24/1999,1011.9,31.5,25.4,29.6,78.0,87.0,73.0,ENE,8,ENE,15,0.0,,3.0
2/25/1999,1011.5,31.7,24.7,29.4,78.0,87.0,72.0,ENE,4,NE,15,0.0,,2.0
2/26/1999,1011.2,32.2,24.3,29.6,78.0,92.0,70.0,CALM,0,NE,12,0.7,,4.0
2/27/1999,1010.7,31.6,25.0,29.2,77.0,92.0,69.0,NE,4,NE,17,0.0,,3.0
2/28/1999,1010.8,31.7,25.4,29.2,76.0,90.0,71.0,ENE,5,ENE,19,0.0,,4.0
3/1/1999,1011.1,30.8,23.4,27.5,80.0,91.0,73.0,ENE,7,NE,25,10.3,,7.0
3/2/1999,1009.8,31.0,24.1,27.8,82.0,90.0,76.0,VRB,4,NW,21,8.9,,7.0
3/3/1999,1009.4,30.8,24.5,28.2,80.0,93.0,74.0,NE,5,NNW,21,0.0,,7.0
3/4/1999,1009.1,31.0,25.4,28.6,80.0,90.0,75.0,VRB,3,ENE,14,0.0,,5.0
3/5/1999,1008.3,32.0,25.0,29.8,75.0,85.0,71.0,VRB,3,E,10,0.0,,3.0
3/6/1999,1007.5,31.8,25.4,29.5,75.0,84.0,70.0,VRB,2,ENE,10,0.0,,3.0
3/7/1999,1007.5,31.8,25.7,29.6,73.0,80.0,68.0,VRB,2,NE,16,0.0,,3.0
3/8/1999,1007.2,31.8,22.8,29.6,70.0,85.0,61.0,ENE,6,ENE,12,0.0,,2.0
3/9/1999,1008.2,32.0,23.5,28.8,67.0,85.0,61.0,CALM,0,CALM,6,0.0,,7.0
3/10/1999,1008.7,32.5,26.4,29.3,72.0,87.0,65.0,CALM,0,NNW,6,0.0,,2.0
3/11/1999,1008.7,34.0,27.0,31.3,68.0,79.0,62.0,VRB,4,NW,13,0.0,,3.0
3/12/1999,1008.9,35.0,24.0,31.0,70.0,79.0,64.0,W,7,W,36,7.8,,3.0
3/13/1999,1008.7,34.0,27.0,31.0,73.0,80.0,67.0,W,6,W,16,0.0,,6.0
3/14/1999,1008.5,34.0,27.0,31.0,72.0,82.0,67.0,NW,6,NW,14,0.0,,5.0
3/15/1999,1008.1,32.4,25.0,29.8,75.0,82.0,72.0,NW,7,NW,14,0.0,,6.0
3/16/1999,1007.5,32.0,25.4,29.4,77.0,90.0,66.0,VRB,2,NE,10,0.0,,4.0
3/17/1999,1008.3,33.4,27.4,30.6,75.0,89.0,69.0,VRB,2,W,10,0.0,,4.0
3/18/1999,1009.4,34.5,26.8,31.0,73.0,83.0,66.0,NW,5,NW,10,0.0,,7.0
3/19/1999,1008.8,34.0,26.5,30.5,77.0,89.0,67.0,VRB,2,NW,7,0.3,,5.0
3/20/1999,1008.5,33.5,26.0,30.6,76.0,86.0,70.0,VRB,2,W,8,0.0,,7.0
3/21/1999,1008.4,33.6,25.0,30.0,76.0,82.0,69.0,VRB,5,W,25,5.4,,7.0
3/22/1999,1010.6,32.0,27.0,29.5,81.0,89.0,75.0,NW,9,NW,15,0.0,,8.0
3/23/1999,1010.0,34.6,27.2,31.1,75.0,85.0,67.0,NW,8,WNW,18,0.0,,6.0
3/24/1999,1010.2,34.7,27.3,31.0,75.0,85.0,67.0,NW,7,WNW,12,0.0,,7.0
3/25/1999,1010.9,33.2,26.2,30.8,76.0,86.0,72.0,NW,7,NW,11,0.0,,7.0
3/26/1999,1010.6,33.0,26.3,29.9,75.0,85.0,68.0,VRB,3,NW,8,0.0,,4.0
3/27/1999,1009.8,34.8,27.0,31.5,73.0,87.0,67.0,NW,6,W,15,0.0,,2.0
3/28/1999,1010.6,34.2,27.2,30.6,76.0,83.0,64.0,W,6,W,14,0.0,,6.0
3/29/1999,1009.3,35.4,23.9,32.0,72.0,81.0,66.0,W,9,N,23,92.4,,7.0
3/30/1999,1010.4,32.4,25.0,28.9,84.0,100.0,74.0,CALM,0,W,14,0.0,,7.0
3/31/1999,1010.0,33.6,23.4,30.2,84.0,89.0,71.0,VRB,4,WSW,24,47.3,,7.0
4/1/1999,1010.4,30.6,23.8,26.1,92.0,98.0,87.0,W,10,WSW,26,17.4,,8.0
4/2/1999,1009.7,30.2,24.7,27.4,85.0,89.0,82.0,NW,11,W,21,7.2,,7.0
4/3/1999,1011.0,30.5,26.0,28.3,80.0,89.0,75.0,WSW,10,WSW,18,0.0,,6.0
4/4/1999,1012.0,32.3,25.6,28.7,85.0,90.0,72.0,WSW,5,WSW,15,7.3,,5.0
4/5/1999,1011.3,31.2,25.4,29.2,79.0,86.0,74.0,SW,6,SW,17,0.0,,3.0
4/6/1999,1011.2,32.0,25.4,29.6,78.0,86.0,72.0,SW,7,WSW,28,2.7,,4.0
4/7/1999,1010.6,29.2,23.2,28.9,83.0,86.0,78.0,WSW,13,W,30,47.7,,7.0
4/8/1999,1011.5,31.0,24.6,28.0,84.0,96.0,74.0,WSW,19,WSW,29,9.3,,8.0
4/9/1999,1011.7,32.1,26.2,29.3,80.0,96.0,73.0,W,14,W,22,0.0,,7.0
4/10/1999,1011.3,32.9,26.9,29.9,78.0,86.0,72.0,W,15,W,22,0.0,,6.0
4/11/1999,1012.1,31.8,24.5,28.6,79.0,83.0,70.0,W,12,NW,37,1.9,,6.0
4/12/1999,1011.6,32.0,24.5,29.6,77.0,80.0,69.0,W,12,SW,42,0.4,,6.0
4/13/1999,1012.4,32.2,24.0,30.2,76.0,80.0,72.0,W,15,WNW,36,5.4,,4.0
4/14/1999,1011.9,32.0,26.0,29.7,79.0,84.0,75.0,W,13,W,30,1.0,,7.0
4/15/1999,1011.2,32.6,24.2,29.9,80.0,84.0,75.0,WNW,11,NW,36,13.7,,5.0
4/16/1999,1011.4,30.5,25.4,28.0,85.0,90.0,82.0,WNW,11,NW,27,6.2,,7.0
4/17/1999,1011.7,30.6,24.2,28.6,84.0,93.0,78.0,W,12,W,33,2.1,,7.0
4/18/1999,1010.6,30.5,27.2,29.4,77.0,82.0,74.0,W,9,W,22,0.0,,5.0
4/19/1999,1010.1,32.0,27.2,29.8,77.0,83.0,73.0,W,11,W,25,0.0,,7.0
4/20/1999,1010.7,32.1,27.0,30.2,77.0,85.0,71.0,W,15,W,29,0.0,,3.0
4/21/1999,1012.3,32.0,27.0,29.7,80.0,83.0,74.0,W,15,W,30,0.6,,7.0
4/22/1999,1012.0,32.0,26.8,30.1,76.0,81.0,70.0,W,16,W,25,0.0,,5.0
4/23/1999,1010.3,32.0,25.6,30.2,77.0,83.0,71.0,W,13,W,20,0.0,,3.0
4/24/1999,1009.6,31.2,24.2,29.5,77.0,83.0,73.0,SSW,5,SSW,18,5.8,,2.0
4/25/1999,1010.5,31.6,24.6,29.1,80.0,92.0,68.0,VRB,3,W,22,4.0,,2.0
4/26/1999,1010.4,32.9,24.5,29.7,77.0,90.0,73.0,VRB,2,W,8,0.0,,2.0
4/27/1999,1010.6,32.2,26.5,29.7,73.0,83.0,67.0,VRB,3,W,12,0.0,,1.0
4/28/1999,1011.3,32.0,25.4,30.2,73.0,81.0,69.0,VRB,3,W,13,0.0,,1.0
4/29/1999,1011.4,33.1,26.6,30.2,72.0,81.0,66.0,CALM,0,W,8,0.0,,3.0
4/30/1999,1011.2,32.3,25.4,29.6,75.0,81.0,71.0,VRB,3,SSW,8,0.0,,4.0
5/1/1999,1011.5,33.4,25.8,30.3,72.0,81.0,63.0,CALM,0,WNW,13,0.0,,3.0
5/2/1999,1011.1,34.4,25.8,30.8,74.0,84.0,67.0,WNW,8,WNW,20,0.0,,3.0
5/3/1999,1010.0,33.2,26.0,30.3,76.0,86.0,69.0,WSW,13,WNW,20,0.3,,3.0
5/4/1999,1010.1,32.2,22.3,29.4,80.0,86.0,75.0,WSW,13,WNW,49,64.5,,5.0
5/5/1999,1011.0,30.4,25.0,28.0,82.0,95.0,74.0,W,16,W,29,0.0,,8.0
5/6/1999,1010.7,31.9,23.5,29.4,78.0,87.0,72.0,WSW,9,WSW,17,0.0,,7.0
5/7/1999,1010.5,31.0,23.5,28.7,77.0,84.0,71.0,SW,12,W,29,18.7,,5.0
5/8/1999,1009.7,32.2,23.4,29.0,81.0,88.0,72.0,SW,7,W,32,15.4,,6.0
5/9/1999,1011.4,31.2,24.0,27.8,86.0,95.0,76.0,W,7,W,31,18.3,,8.0
5/10/1999,1010.2,31.3,25.1,28.2,82.0,96.0,73.0,SW,9,SW,10,7.2,,6.0
5/11/1999,1010.4,30.3,25.0,27.7,83.0,93.0,78.0,SW,7,W,23,16.8,,7.0
5/12/1999,1010.7,31.7,25.6,28.5,82.0,90.0,78.0,SW,8,W,25,14.7,,6.0
5/13/1999,1010.5,32.6,26.7,30.1,78.0,89.0,71.0,WNW,7,NW,21,0.0,,5.0
5/14/1999,1009.0,31.9,26.9,29.8,77.0,81.0,72.0,W,11,NW,20,0.0,,6.0
5/15/1999,1007.4,31.4,26.9,29.6,78.0,84.0,74.0,SSW,10,SSW,20,0.3,,3.0
5/16/1999,1007.9,30.8,24.5,27.9,84.0,98.0,72.0,SSW,8,W,30,28.8,,6.0
5/17/1999,1009.3,31.0,26.6,29.1,84.0,93.0,79.0,SSW,8,S,14,0.0,,4.0
5/18/1999,1010.7,30.8,26.6,29.6,78.0,84.0,74.0,SSW,6,SSW,14,0.0,,2.0
5/19/1999,1011.1,31.4,27.0,29.6,77.0,87.0,73.0,VRB,4,S,11,0.0,,2.0
5/20/1999,1011.2,31.6,27.1,29.9,76.0,85.0,71.0,SSW,6,SSW,13,0.0,,2.0
5/21/1999,1010.9,31.5,27.4,29.9,77.0,82.0,72.0,VRB,4,W,12,0.0,,6.0
5/22/1999,1011.6,30.6,27.3,29.1,79.0,82.0,78.0,SW,6,SW,16,27.3,,8.0
5/23/1999,1011.4,31.8,27.0,29.8,75.0,80.0,71.0,W,7,WSW,18,0.0,,4.0
5/24/1999,1011.2,31.0,27.0,29.5,74.0,80.0,69.0,WSW,7,WSW,17,0.0,,2.0
5/25/1999,1010.3,30.6,27.2,29.0,72.0,77.0,69.0,SW,11,SW,20,0.0,,7.0
5/26/1999,1010.4,31.0,24.4,29.1,73.0,78.0,66.0,SW,8,S,18,0.0,,7.0
5/27/1999,1012.0,30.5,27.0,29.0,76.0,80.0,73.0,SSW,7,SSW,19,0.0,,8.0
5/28/1999,1012.2,31.9,27.4,30.0,73.0,79.0,68.0,SSW,9,SSW,20,0.0,,7.0
5/29/1999,1011.4,31.5,23.4,29.3,79.0,86.0,73.0,SSW,10,SW,46,17.5,,7.0
5/30/1999,1012.1,29.4,24.4,27.3,85.0,89.0,80.0,VRB,3,WNW,22,7.4,,8.0
5/31/1999,1012.4,30.4,25.0,27.8,82.0,93.0,74.0,S,6,S,14,0.0,,8.0
6/1/1999,1012.8,30.6,25.9,28.7,80.0,87.0,77.0,SSW,8,SSW,15,0.0,,7.0
6/2/1999,1013.7,30.9,26.4,29.2,78.0,89.0,73.0,SW,5,SW,13,0.0,,7.0
6/3/1999,1012.7,31.9,24.0,29.7,77.0,84.0,71.0,WSW,5,E,24,7.8,,5.0
6/4/1999,1012.6,30.8,26.0,28.7,80.0,89.0,75.0,SSW,9,SW,16,0.0,,6.0
6/5/1999,1012.4,31.2,25.7,29.4,79.0,86.0,74.0,SSW,8,SSW,19,0.0,,4.0
6/6/1999,1012.1,30.9,26.3,29.0,78.0,87.0,72.0,S,13,S,18,0.0,,6.0
6/7/1999,1012.3,31.3,24.8,28.9,80.0,83.0,75.0,SSW,8,S,20,3.7,,7.0
6/8/1999,1012.2,30.4,23.8,27.0,88.0,96.0,81.0,SW,9,W,33,16.7,,8.0
6/9/1999,1011.8,30.0,25.0,28.2,84.0,93.0,79.0,WSW,10,WSW,18,0.0,,7.0
6/10/1999,1011.7,30.6,26.4,28.7,78.0,85.0,74.0,SW,10,SSW,19,0.0,,7.0
6/11/1999,1012.2,31.1,23.5,29.3,79.0,83.0,77.0,SSW,12,WSW,33,12.3,,7.0
6/12/1999,1011.7,29.7,23.4,27.6,85.0,93.0,80.0,S,8,S,21,61.8,,8.0
6/13/1999,1012.6,28.2,24.2,25.8,92.0,100.0,84.0,SSW,9,S,21,5.3,,8.0
6/14/1999,1012.6,30.6,25.8,28.3,82.0,90.0,78.0,SSW,10,W,15,0.0,,7.0
6/15/1999,1012.5,31.7,26.8,27.9,75.0,87.0,67.0,WSW,6,W,14,0.0,,3.0
6/16/1999,1011.5,31.8,23.5,29.7,74.0,79.0,68.0,W,4,W,14,0.0,,5.0
6/17/1999,1010.6,30.8,23.6,28.6,76.0,93.0,68.0,VRB,5,S,11,0.0,,3.0
6/18/1999,1010.3,30.5,23.6,28.6,75.0,85.0,70.0,VRB,3,S,10,0.0,,3.0
6/19/1999,1010.1,31.0,26.4,28.7,80.0,95.0,71.0,VRB,2,SE,6,0.0,,7.0
6/20/1999,1010.2,31.2,24.8,28.1,79.0,84.0,75.0,VRB,4,SW,18,0.0,,3.0
6/21/1999,1011.0,31.6,26.8,29.2,78.0,89.0,71.0,VRB,2,SE,10,0.0,,3.0
6/22/1999,1011.8,32.2,24.6,29.9,77.0,83.0,74.0,CALM,0,SE,10,0.0,,2.0
6/23/1999,1012.5,32.6,25.8,29.6,77.0,97.0,71.0,CALM,0,W,18,0.0,,3.0
6/24/1999,1011.6,33.4,25.5,30.4,75.0,83.0,70.0,VRB,2,WNW,13,0.0,,4.0
6/25/1999,1011.0,30.5,26.0,28.9,74.0,80.0,70.0,VRB,3,NW,12,0.0,,7.0
6/26/1999,1011.4,33.5,25.9,30.4,72.0,81.0,63.0,VRB,2,NW,7,0.0,,2.0
6/27/1999,1011.3,32.5,25.4,30.0,75.0,84.0,69.0,VRB,4,W,14,0.4,,2.0
6/28/1999,1011.8,31.5,23.7,27.1,86.0,95.0,79.0,VRB,2,W,14,17.2,,7.0
6/29/1999,1011.9,30.0,26.5,28.0,82.0,98.0,74.0,VRB,3,W,12,0.0,,7.0
6/30/1999,1012.9,31.9,26.5,28.1,75.0,82.0,70.0,W,6,W,18,0.0,,7.0
7/1/1999,1012.3,32.2,24.0,29.0,76.0,80.0,71.0,W,9,SE,24,9.5,,6.0
7/2/1999,1010.0,32.0,24.2,29.8,78.0,84.0,72.0,W,6,SSE,22,5.2,,3.0
7/3/1999,1010.5,31.6,21.5,29.4,77.0,84.0,72.0,W,6,S,20,48.1,,4.0
7/4/1999,1011.2,29.7,21.6,24.9,90.0,100.0,81.0,W,11,SW,30,8.4,,8.0
7/5/1999,1010.6,30.3,24.0,28.5,74.0,81.0,74.0,S,8,S,34,0.3,,7.0
7/6/1999,1010.3,30.6,25.7,28.6,78.0,84.0,74.0,S,9,S,18,0.0,,7.0
7/7/1999,1010.6,30.6,23.2,27.8,81.0,89.0,77.0,S,12,WNW,48,17.0,,6.0
7/8/1999,1010.8,32.9,25.8,28.9,81.0,85.0,74.0,W,10,WNW,15,0.1,,7.0
7/9/1999,1010.8,32.2,25.6,29.6,81.0,89.0,74.0,NW,5,NW,10,0.0,,5.0
7/10/1999,1010.7,32.4,25.5,29.9,78.0,87.0,69.0,CALM,0,NW,8,0.0,,4.0
7/11/1999,1011.4,32.8,24.6,30.6,76.0,84.0,69.0,CALM,0,CALM,5,0.0,,3.0
7/12/1999,1012.0,33.0,24.5,29.8,75.0,83.0,73.0,CALM,0,CALM,4,16.4,,2.0
7/13/1999,1012.7,32.0,24.4,29.0,78.0,92.0,70.0,CALM,0,SW,8,0.6,,4.0
7/14/1999,1012.1,32.2,25.2,29.0,78.0,90.0,70.0,CALM,0,CALM,5,0.0,,5.0
7/15/1999,1011.0,31.4,23.4,28.9,77.0,90.0,70.0,VRB,4,SW,9,0.0,,4.0
7/16/1999,1010.5,31.0,24.9,28.8,77.0,93.0,72.0,CALM,0,SSW,11,0.0,,4.0
7/17/1999,1009.3,31.1,25.0,29.2,77.0,90.0,70.0,S,6,S,16,0.0,,3.0
7/18/1999,1010.4,31.2,25.7,29.0,78.0,88.0,72.0,S,9,S,15,0.0,,4.0
7/19/1999,1010.6,31.4,26.0,29.4,77.0,86.0,72.0,S,6,S,14,0.0,,4.0
7/20/1999,1011.2,31.6,25.1,29.4,77.0,86.0,72.0,S,6,S,11,0.0,,5.0
7/21/1999,1011.6,31.8,25.4,29.6,76.0,86.0,69.0,CALM,0,CALM,4,0.0,,5.0
7/22/1999,1011.5,32.4,26.4,29.8,78.0,87.0,72.0,VRB,1,W,6,0.0,,4.0
7/23/1999,1011.3,32.5,26.9,30.0,79.0,89.0,71.0,VRB,3,W,12,0.0,,7.0
7/24/1999,1011.5,33.4,26.5,30.7,74.0,83.0,66.0,VRB,1,W,14,0.0,,6.0
7/25/1999,1011.8,32.1,24.8,29.3,78.0,84.0,71.0,VRB,3,W,12,0.0,,7.0
7/26/1999,1011.5,31.5,24.5,29.1,79.0,97.0,71.0,CALM,0,W,22,3.2,,6.0
7/27/1999,1012.4,29.8,24.9,27.2,91.0,97.0,87.0,CALM,0,S,15,0.4,,8.0
7/28/1999,1011.2,31.6,26.4,29.5,78.0,81.0,73.0,SSW,10,SW,19,0.0,,6.0
7/29/1999,1010.7,33.2,26.6,30.3,79.0,89.0,72.0,W,8,W,28,0.0,,6.0
7/30/1999,1009.4,33.9,25.5,31.1,77.0,85.0,70.0,WNW,8,NW,25,24.3,,3.0
7/31/1999,1010.8,30.6,24.0,27.0,88.0,95.0,83.0,NW,9,NW,28,22.3,,8.0
8/1/1999,1011.4,33.5,26.6,29.8,84.0,92.0,81.0,WNW,8,WNW,18,0.0,,7.0
8/2/1999,1011.1,31.9,26.5,29.6,76.0,81.0,72.0,W,10,WNW,19,0.0,,6.0
8/3/1999,1010.8,31.4,24.4,29.5,77.0,83.0,72.0,VRB,4,W,13,0.0,,5.0
8/4/1999,1011.6,31.0,26.4,29.0,78.0,90.0,70.0,CALM,0,W,7,0.0,,3.0
8/5/1999,1012.3,31.6,26.4,29.4,77.0,81.0,72.0,VRB,4,SSE,12,0.0,,7.0
8/6/1999,1012.0,31.0,23.9,29.5,78.0,83.0,73.0,SSE,6,SSE,16,4.4,,7.0
8/7/1999,1011.2,30.8,25.9,29.2,80.0,87.0,74.0,SSE,7,SSE,12,0.0,,3.0
8/8/1999,1010.8,31.4,25.0,29.5,77.0,87.0,72.0,VRB,2,S,6,0.0,,2.0
8/9/1999,1010.9,31.3,25.8,29.4,79.0,92.0,73.0,VRB,3,SSE,8,0.0,,1.0
8/10/1999,1012.0,31.9,24.4,29.8,77.0,84.0,73.0,VRB,4,SSE,9,0.0,,2.0
8/11/1999,1012.2,31.5,23.6,28.9,78.0,90.0,73.0,VRB,2,S,7,0.0,,5.0
8/12/1999,1011.9,31.4,25.3,28.6,80.0,95.0,72.0,CALM,0,SW,22,1.0,,3.0
8/13/1999,1010.8,30.8,24.0,28.5,83.0,86.0,75.0,SSE,6,SSW,16,0.1,,7.0
8/14/1999,1011.8,31.0,24.4,27.8,83.0,86.0,79.0,NW,10,NW,25,1.8,,7.0
8/15/1999,1012.6,32.4,26.4,29.5,78.0,90.0,69.0,VRB,5,NW,15,0.0,,7.0
8/16/1999,1012.6,30.2,23.4,27.5,83.0,90.0,77.0,VRB,5,W,28,0.9,,7.0
8/17/1999,1011.9,31.2,23.0,28.3,81.0,88.0,72.0,WNW,11,W,30,39.8,,7.0
8/18/1999,1012.9,28.6,23.0,26.2,88.0,93.0,80.0,NW,10,WNW,34,19.3,,8.0
8/19/1999,1013.0,30.4,24.0,28.2,80.0,84.0,74.0,NW,13,NW,26,10.7,,8.0
8/20/1999,1012.8,30.0,23.7,26.4,91.0,97.0,87.0,VRB,5,W,28,10.4,,8.0
8/21/1999,1011.5,30.7,24.0,27.7,84.0,89.0,78.0,WNW,7,W,26,0.6,,6.0
8/22/1999,1011.7,27.9,22.5,25.5,93.0,100.0,87.0,W,8,NW,30,60.6,,7.0
8/23/1999,1012.1,32.2,24.0,29.3,79.0,88.0,72.0,VRB,3,WSW,14,0.0,,5.0
8/24/1999,1012.4,32.1,22.8,29.2,79.0,86.0,72.0,CALM,0,WSW,17,6.4,,5.0
8/25/1999,1012.2,31.4,25.9,29.3,79.0,89.0,73.0,VRB,3,WSW,12,0.0,,6.0
8/26/1999,1012.6,31.2,22.8,29.1,77.0,87.0,69.0,VRB,3,W,11,0.0,,7.0
8/27/1999,1013.2,31.2,22.6,28.7,77.0,91.0,71.0,VRB,2,S,12,0.0,,3.0
8/28/1999,1012.5,31.4,23.2,28.8,76.0,95.0,66.0,CALM,0,CALM,0,0.0,,4.0
8/29/1999,1012.8,31.6,23.4,28.9,73.0,91.0,65.0,CALM,0,CALM,0,0.0,,1.0
8/30/1999,1012.5,31.7,24.2,28.8,75.0,95.0,66.0,CALM,0,CALM,0,0.0,,2.0
8/31/1999,1012.8,32.8,24.4,30.1,75.0,84.0,68.0,VRB,3,NW,11,0.0,,2.0
9/1/1999,1013.1,31.3,25.7,29.0,75.0,85.0,71.0,SSW,5,S,17,0.0,,6.0
9/2/1999,1013.2,30.3,24.0,27.1,85.0,95.0,78.0,S,9,WNW,24,3.1,,7.0
9/3/1999,1013.2,31.4,26.2,29.5,78.0,87.0,73.0,S,10,SSW,17,0.0,,6.0
9/4/1999,1013.1,31.2,26.3,29.3,78.0,86.0,73.0,SSW,5,S,15,0.0,,7.0
9/5/1999,1012.4,30.7,24.8,28.8,78.0,84.0,74.0,VRB,4,WNW,15,1.7,,7.0
9/6/1999,1011.3,31.4,23.5,29.2,79.0,85.0,72.0,W,9,W,24,12.9,,5.0
9/7/1999,1010.4,31.4,24.3,27.7,84.0,88.0,80.0,WNW,7,NW,17,20.2,,6.0
9/8/1999,1010.8,33.3,23.6,29.9,78.0,92.0,69.0,VRB,4,WNW,24,0.0,,3.0
9/9/1999,1010.8,31.6,25.3,28.7,82.0,90.0,76.0,NW,9,NW,25,12.3,,4.0
9/10/1999,1010.0,32.6,23.8,29.9,75.0,83.0,70.0,NNW,7,W,20,30.4,,3.0
9/11/1999,1011.0,30.8,24.8,28.2,84.0,98.0,75.0,VRB,3,W,21,0.0,,5.0
9/12/1999,1010.6,31.5,24.2,29.1,80.0,81.0,78.0,VRB,4,SSW,16,11.1,,2.0
9/13/1999,1011.4,31.3,26.5,28.5,81.0,98.0,73.0,VRB,2,S,10,0.0,,6.0
9/14/1999,1010.3,31.2,26.8,29.6,76.0,83.0,73.0,SE,7,SE,11,0.0,,2.0
9/15/1999,1010.9,31.4,23.8,29.3,79.0,84.0,72.0,VRB,4,W,14,9.8,,3.0
9/16/1999,1011.2,31.2,23.6,27.9,83.0,95.0,73.0,VRB,1,W,13,2.6,,7.0
9/17/1999,1011.1,30.8,23.2,28.0,84.0,87.0,77.0,VRB,2,N,22,6.3,,6.0
9/18/1999,1010.4,30.6,24.0,25.5,80.0,91.0,70.0,VRB,3,SE,24,2.0,,6.0
9/19/1999,1012.0,31.7,23.5,28.3,78.0,87.0,70.0,VRB,4,SE,22,11.1,,5.0
9/20/1999,1012.8,30.4,25.4,28.1,84.0,93.0,74.0,SSW,6,SSW,20,2.5,,7.0
9/21/1999,1012.8,29.9,23.4,27.4,87.0,97.0,82.0,W,12,WNW,34,20.6,,7.0
9/22/1999,1011.3,31.5,24.5,27.6,82.0,90.0,78.0,WNW,13,WNW,34,0.4,,6.0
9/23/1999,1010.7,32.0,22.6,29.8,80.0,86.0,74.0,WNW,14,W,31,5.9,,5.0
9/24/1999,1011.6,30.5,22.8,29.8,81.0,88.0,76.0,W,11,NW,27,11.6,,7.0
9/25/1999,1009.7,30.8,24.0,29.1,80.0,87.0,76.0,NW,15,NW,31,1.7,,5.0
9/26/1999,1010.1,29.6,26.5,28.1,82.0,95.0,73.0,NW,15,WNW,28,0.2,,7.0
9/27/1999,1010.2,32.4,26.4,30.3,76.0,83.0,72.0,WNW,10,WNW,17,0.0,,6.0
9/28/1999,1009.9,32.4,25.0,30.1,78.0,84.0,73.0,WNW,7,WNW,14,1.5,,5.0
9/29/1999,1009.5,32.0,23.0,28.8,82.0,87.0,78.0,WNW,8,WNW,32,34.6,,5.0
9/30/1999,1010.4,28.9,22.6,26.2,86.0,96.0,82.0,WNW,6,SW,39,2.9,,8.0
10/1/1999,1009.8,30.8,25.4,28.6,81.0,88.0,76.0,S,7,S,14,0.0,,6.0
10/2/1999,1010.0,31.0,24.4,29.2,77.0,88.0,72.0,SSW,8,W,30,1.9,,4.0
10/3/1999,1010.4,30.3,23.0,27.3,84.0,93.0,75.0,WNW,18,WSW,42,17.8,,7.0
10/4/1999,1009.9,28.8,23.1,25.5,93.0,100.0,83.0,W,25,W,45,30.9,,8.0
10/5/1999,1009.4,30.4,23.4,28.5,82.0,88.0,79.0,WNW,22,WNW,44,17.9,,6.0
10/6/1999,1010.0,30.3,25.0,27.9,84.0,93.0,79.0,WNW,19,WNW,29,1.8,,7.0
10/7/1999,1009.3,30.7,25.9,29.0,82.0,93.0,74.0,WNW,18,WNW,26,0.0,,4.0
10/8/1999,1008.2,31.1,26.6,28.7,82.0,87.0,77.0,W,14,WNW,24,0.0,,6.0
10/9/1999,1011.4,30.7,24.3,28.6,83.0,86.0,81.0,WSW,5,NNW,18,0.0,,6.0
10/10/1999,1011.7,31.1,22.8,26.7,81.0,89.0,76.0,WSW,5,W,31,34.5,,5.0
10/11/1999,1012.9,30.2,24.2,27.5,86.0,95.0,80.0,WNW,9,NW,32,1.9,,7.0
10/12/1999,1010.6,31.2,25.0,28.7,82.0,95.0,74.0,W,8,W,20,2.4,,5.0
10/13/1999,1011.7,30.5,25.2,28.3,82.0,86.0,79.0,W,11,W,28,0.5,,7.0
10/14/1999,1011.2,31.2,22.6,28.9,84.0,92.0,80.0,W,14,W,27,37.1,,6.0
10/15/1999,1012.1,29.6,23.8,25.0,93.0,98.0,87.0,W,13,W,29,18.2,,8.0
10/16/1999,1010.7,29.9,24.0,28.1,86.0,97.0,78.0,W,15,W,38,3.8,,7.0
10/17/1999,1010.1,30.3,25.4,28.3,87.0,97.0,81.0,W,17,W,32,0.6,,7.0
10/18/1999,1010.0,31.2,25.5,28.8,83.0,92.0,72.0,W,21,W,31,0.3,,6.0
10/19/1999,1010.3,31.0,25.0,29.1,83.0,92.0,79.0,W,19,W,40,0.0,,6.0
10/20/1999,1010.4,31.2,25.8,29.3,83.0,90.0,80.0,W,19,W,28,0.0,,5.0
10/21/1999,1010.4,31.1,25.8,29.4,83.0,87.0,79.0,W,17,W,26,0.0,,5.0
10/22/1999,1011.3,31.5,25.6,29.1,84.0,90.0,80.0,W,15,W,25,0.7,,6.0
10/23/1999,1012.0,31.3,27.2,29.4,84.0,90.0,77.0,W,15,WNW,25,0.0,,5.0
10/24/1999,1011.0,31.2,24.0,29.8,83.0,85.0,77.0,W,18,W,31,21.8,,5.0
10/25/1999,1010.7,31.0,22.8,29.8,86.0,96.0,80.0,W,18,W,32,37.9,,6.0
10/26/1999,1010.5,31.5,25.5,28.6,87.0,100.0,77.0,W,12,W,20,0.0,,6.0
10/27/1999,1011.2,31.7,26.4,29.7,82.0,89.0,77.0,W,11,W,16,0.0,,3.0
10/28/1999,1010.8,31.6,26.4,29.6,80.0,84.0,75.0,W,11,W,20,0.0,,2.0
10/29/1999,1012.8,31.0,26.6,29.1,81.0,87.0,74.0,W,13,WSW,23,0.0,,3.0
10/30/1999,1012.0,31.1,26.7,29.3,80.0,86.0,72.0,W,16,W,29,0.0,,2.0
10/31/1999,1011.2,31.4,26.8,29.5,82.0,86.0,79.0,W,19,W,28,0.0,,2.0
11/1/1999,1010.3,31.2,23.6,28.7,86.0,90.0,81.0,W,18,W,38,12.6,,4.0
11/2/1999,1012.4,31.7,25.2,28.8,82.0,90.0,76.0,WNW,14,W,22,0.0,,5.0
11/3/1999,1012.5,31.5,26.1,29.5,82.0,89.0,79.0,NW,14,NW,28,0.0,,2.0
11/4/1999,1012.1,32.0,23.4,27.4,85.0,96.0,74.0,NW,12,NW,26,8.9,,4.0
11/5/1999,1011.5,31.6,26.2,29.5,81.0,83.0,77.0,NW,10,NW,16,0.0,,1.0
11/6/1999,1012.5,31.6,26.4,29.3,84.0,89.0,81.0,NW,9,NW,15,0.0,,2.0
11/7/1999,1012.0,31.6,26.6,29.8,82.0,87.0,76.0,NW,10,WNW,19,0.0,,2.0
11/8/1999,1011.8,31.3,26.1,29.5,82.0,89.0,77.0,NW,11,NW,17,0.0,,2.0
11/9/1999,1011.7,31.6,26.0,29.7,81.0,90.0,76.0,WNW,12,NW,15,0.0,,2.0
11/10/1999,1012.3,32.0,25.6,29.8,77.0,89.0,67.0,WNW,9,WNW,16,0.0,,2.0
11/11/1999,1013.3,32.0,25.8,29.6,73.0,84.0,65.0,WNW,7,WNW,12,0.0,,3.0
11/12/1999,1013.6,32.4,26.0,29.4,75.0,83.0,73.0,WNW,7,WNW,11,0.0,,3.0
11/13/1999,1012.8,32.2,24.8,29.6,74.0,84.0,70.0,WNW,6,WNW,12,0.0,,3.0
11/14/1999,1013.7,32.6,26.0,29.6,75.0,83.0,66.0,WNW,6,WNW,10,0.0,,2.0
11/15/1999,1013.9,32.0,24.0,29.8,75.0,84.0,67.0,VRB,5,WNW,8,0.0,,3.0
11/16/1999,1012.9,32.0,26.4,29.6,75.0,92.0,69.0,VRB,3,WNW,11,0.0,,3.0
11/17/1999,1013.6,31.5,25.0,29.5,75.0,87.0,69.0,VRB,6,NW,10,0.0,,3.0
11/18/1999,1012.6,32.4,23.4,29.8,74.0,87.0,67.0,VRB,4,NW,20,13.8,,6.0
11/19/1999,1012.0,31.0,24.2,27.7,85.0,96.0,73.0,VRB,3,NW,14,6.7,,7.0
11/20/1999,1011.2,31.0,23.2,28.5,79.0,92.0,70.0,VRB,6,W,26,9.0,,5.0
11/21/1999,1011.4,30.2,24.9,27.6,84.0,88.0,78.0,W,11,W,30,3.4,,5.0
11/22/1999,1009.9,32.2,23.2,29.8,77.0,86.0,71.0,W,10,W,28,37.6,,3.0
11/23/1999,1009.7,31.4,23.5,28.2,85.0,98.0,75.0,VRB,2,W,12,0.6,,7.0
11/24/1999,1009.7,31.8,23.0,28.9,80.0,96.0,67.0,VRB,2,W,28,69.0,,2.0
11/25/1999,1010.3,29.8,24.4,26.9,88.0,98.0,79.0,NW,7,NW,24,1.3,,7.0
11/26/1999,1009.0,31.8,23.4,28.0,86.0,95.0,73.0,VRB,3,S,18,19.0,,7.0
11/27/1999,1010.3,30.6,24.1,27.2,86.0,96.0,78.0,SW,5,SW,14,0.0,,7.0
11/28/1999,1010.2,31.2,22.4,29.0,79.0,95.0,72.0,NNE,8,NW,18,121.5,,6.0
11/29/1999,1010.7,30.0,23.5,25.8,92.0,100.0,86.0,W,13,W,29,51.2,,8.0
11/30/1999,1010.1,27.4,23.0,25.6,93.0,98.0,89.0,WNW,14,WNW,28,21.7,,8.0
12/1/1999,1011.3,27.8,24.4,26.2,92.0,93.0,90.0,WNW,15,W,29,1.9,,8.0
12/2/1999,1011.7,31.0,22.2,28.2,84.0,90.0,77.0,NW,14,WNW,34,48.6,,7.0
12/3/1999,1013.1,30.2,23.8,27.0,88.0,95.0,81.0,WNW,13,W,27,15.2,,6.0
12/4/1999,1013.3,31.6,23.4,29.2,80.0,86.0,76.0,NW,7,NW,19,2.1,,5.0
12/5/1999,1013.0,31.3,23.4,28.7,84.0,93.0,78.0,NW,12,NW,29,14.3,,7.0
12/6/1999,1013.0,31.5,23.6,29.4,80.0,90.0,74.0,NW,8,NW,20,0.9,,5.0
12/7/1999,1013.5,30.2,25.4,28.6,81.0,85.0,76.0,NW,12,WNW,25,0.0,,6.0
12/8/1999,1014.2,30.4,26.2,28.1,84.0,89.0,78.0,WNW,16,WNW,27,14.5,,6.0
12/9/1999,1013.3,31.3,25.8,29.4,79.0,86.0,75.0,WNW,8,NW,14,0.0,,3.0
12/10/1999,1012.7,31.6,24.0,29.0,81.0,93.0,77.0,NW,6,NW,14,0.0,,3.0
12/11/1999,1012.6,31.1,23.0,28.6,81.0,90.0,78.0,NNW,5,WNW,19,6.7,,3.0
12/12/1999,1012.6,30.8,23.7,27.1,87.0,98.0,76.0,VRB,4,WSW,16,1.5,,7.0
12/13/1999,1011.5,31.4,25.2,29.2,81.0,93.0,73.0,W,6,W,15,0.0,,5.0
12/14/1999,1010.8,31.5,25.1,29.3,81.0,89.0,76.0,WNW,6,W,16,0.0,,2.0
12/15/1999,1010.6,31.6,23.6,29.5,81.0,90.0,74.0,VRB,3,W,15,1.2,,2.0
12/16/1999,1011.2,30.9,23.2,28.4,82.0,90.0,77.0,VRB,4,WNW,17,22.9,,3.0
12/17/1999,1012.2,27.6,23.5,25.5,92.0,100.0,87.0,VRB,2,S,14,13.0,,8.0
12/18/1999,1011.7,29.9,23.8,26.8,89.0,95.0,79.0,WNW,6,N,22,10.3,,6.0
12/19/1999,1010.5,30.7,23.2,28.6,84.0,89.0,79.0,NNW,7,N,20,3.2,,5.0
12/20/1999,1010.9,30.2,23.4,27.6,87.0,95.0,82.0,CALM,0,WNW,20,5.9,,7.0
12/21/1999,1010.9,30.2,23.5,27.6,87.0,96.0,79.0,N,8,N,14,0.0,,6.0
12/22/1999,1011.7,30.1,23.1,28.3,85.0,89.0,79.0,NNE,7,NNE,20,0.0,,4.0
12/23/1999,1012.9,30.6,25.0,28.3,83.0,87.0,81.0,VRB,2,NNE,14,0.0,,4.0
12/24/1999,1012.3,30.8,25.6,28.6,81.0,97.0,75.0,NNE,6,NNE,14,0.0,,4.0
12/25/1999,1010.8,30.7,25.8,26.8,83.0,92.0,78.0,NNE,6,NE,18,0.0,,4.0
12/26/1999,1011.0,31.4,25.0,28.8,84.0,90.0,78.0,NNE,11,NE,24,0.0,,6.0
12/27/1999,1010.0,30.0,23.4,27.7,86.0,97.0,79.0,NE,8,E,26,37.8,,7.0
12/28/1999,1011.6,29.9,24.4,27.8,83.0,89.0,75.0,NE,9,NE,22,1.9,,8.0
12/29/1999,1011.0,30.2,23.4,28.1,86.0,95.0,78.0,ENE,9,NE,21,6.5,,6.0
12/30/1999,1010.0,28.8,23.5,25.7,88.0,95.0,83.0,VRB,6,W,24,0.9,,8.0
12/31/1999,1009.3,30.2,25.3,28.3,76.0,85.0,70.0,NNE,8,NNE,17,0.0,,5.0
1/1/2000,1009.6,30.4,23.4,28.6,76.0,84.0,74.0,NNE,9,NE,18,0.0,,5.0
1/2/2000,1010.2,30.2,25.0,28.4,81.0,92.0,74.0,VRB,5,NE,14,0.0,,7.0
1/3/2000,1009.5,30.8,25.4,28.7,81.0,92.0,75.0,NE,8,NE,16,0.0,,5.0
1/4/2000,1009.5,30.6,25.0,28.7,82.0,90.0,77.0,VRB,6,NE,15,0.0,,5.0
1/5/2000,1008.6,31.6,25.0,29.3,79.0,89.0,72.0,NE,9,NE,16,0.0,,2.0
1/6/2000,1008.9,31.4,25.4,29.1,82.0,89.0,77.0,NE,11,NE,20,0.0,,1.0
1/7/2000,1009.1,30.8,24.0,28.8,83.0,92.0,75.0,VRB,5,NE,10,0.0,,2.0
1/8/2000,1009.3,31.2,25.0,28.3,82.0,96.0,74.0,CALM,0,NE,8,0.0,,5.0
1/9/2000,1008.9,30.4,25.0,28.4,82.0,92.0,76.0,VRB,2,NNE,14,0.2,,5.0
1/10/2000,1009.1,30.2,24.6,28.4,80.0,90.0,76.0,VRB,3,NE,8,0.0,,5.0
1/11/2000,1009.8,31.2,25.0,28.7,77.0,86.0,71.0,VRB,3,S,12,0.0,,5.0
1/12/2000,1010.3,30.5,25.2,28.3,82.0,90.0,73.0,S,7,S,13,1.5,,4.0
1/13/2000,1010.7,28.0,23.9,26.6,85.0,90.0,80.0,VRB,6,NW,15,4.9,,8.0
1/14/2000,1010.3,29.0,23.2,27.3,86.0,97.0,81.0,VRB,4,SE,13,0.2,,8.0
1/15/2000,1010.3,31.6,23.4,28.5,77.0,90.0,66.0,VRB,2,E,12,0.0,,3.0
1/16/2000,1010.2,30.8,24.2,28.3,76.0,96.0,67.0,VRB,3,NE,12,0.0,,3.0
1/17/2000,1011.5,31.5,25.4,29.0,80.0,86.0,76.0,VRB,5,N,25,0.0,,5.0
1/18/2000,1012.2,30.6,25.5,28.2,80.0,90.0,74.0,NW,15,ENE,26,0.0,,7.0
1/19/2000,1011.7,31.0,24.1,29.0,76.0,90.0,72.0,E,16,ENE,25,11.4,,6.0
1/20/2000,1011.3,31.1,25.0,28.7,81.0,90.0,74.0,ENE,12,NNE,18,0.0,,6.0
1/21/2000,1011.9,30.6,24.4,27.9,83.0,87.0,79.0,NE,8,NE,15,0.0,,6.0
1/22/2000,1012.7,30.7,24.2,28.4,76.0,90.0,69.0,NE,6,NE,17,0.0,,5.0
1/23/2000,1013.2,30.5,23.2,28.1,73.0,83.0,67.0,NNE,10,NNE,15,0.0,,5.0
1/24/2000,1012.6,30.9,23.0,28.2,70.0,82.0,66.0,NNE,12,NNE,18,0.0,,2.0
1/25/2000,1012.8,31.2,24.4,28.4,72.0,83.0,65.0,NNE,10,NNE,17,0.0,,3.0
1/26/2000,1012.3,30.8,24.5,28.5,72.0,80.0,68.0,NNE,14,NNE,20,0.0,,6.0
1/27/2000,1011.5,30.9,24.8,28.5,74.0,85.0,69.0,NE,13,NE,22,0.0,,3.0
1/28/2000,1011.7,31.4,25.0,28.8,72.0,81.0,67.0,NE,9,NE,18,0.0,,6.0
1/29/2000,1013.3,31.5,24.9,28.7,77.0,88.0,69.0,NE,13,NE,22,0.0,,7.0
1/30/2000,1012.5,31.6,24.4,28.7,78.0,82.0,72.0,NE,13,NE,27,0.4,,5.0
1/31/2000,1013.5,29.2,25.0,27.1,81.0,86.0,76.0,NE,10,NNE,19,0.0,,8.0
2/1/2000,1011.9,30.6,25.6,28.5,76.0,85.0,70.0,NNE,9,NE,15,0.0,,6.0
2/2/2000,1011.6,31.8,26.0,28.7,76.0,84.0,67.0,NNE,9,NNE,15,0.0,,5.0
2/3/2000,1012.3,30.0,24.7,27.7,86.0,89.0,85.0,VRB,5,NNW,13,2.3,,6.0
2/4/2000,1012.0,32.9,23.8,29.8,78.0,89.0,69.0,VRB,5,NNW,10,0.0,,5.0
2/5/2000,1011.4,32.6,24.2,29.3,79.0,96.0,69.0,VRB,4,W,15,1.4,,4.0
2/6/2000,1012.0,32.2,26.4,29.6,78.0,87.0,71.0,W,6,W,14,0.0,,6.0
2/7/2000,1011.3,32.5,26.5,30.1,77.0,84.0,71.0,WNW,8,WNW,13,0.0,,2.0
2/8/2000,1010.7,32.7,23.1,30.3,75.0,83.0,68.0,WNW,7,W,20,31.8,,2.0
2/9/2000,1010.8,30.4,25.6,28.1,81.0,89.0,73.0,WNW,11,WNW,19,0.4,,5.0
2/10/2000,1012.1,31.2,25.5,28.8,75.0,80.0,71.0,NW,10,NW,16,0.0,,4.0
2/11/2000,1012.5,32.0,25.8,29.7,75.0,80.0,68.0,VRB,5,NW,18,0.0,,3.0
2/12/2000,1011.5,30.5,23.8,28.8,72.0,77.0,68.0,NW,8,NW,15,0.0,,1.0
2/13/2000,1010.2,31.0,24.1,28.5,70.0,78.0,64.0,VRB,1,NW,10,0.0,,2.0
2/14/2000,1009.7,30.6,23.8,28.7,70.0,75.0,66.0,VRB,5,NNE,16,0.0,,1.0
2/15/2000,1010.6,31.4,23.0,28.5,75.0,90.0,68.0,VRB,3,NNW,8,0.0,,3.0
2/16/2000,1011.2,30.9,24.9,28.6,77.0,91.0,71.0,VRB,5,NNW,14,0.0,,5.0
2/17/2000,1009.9,31.4,26.2,29.1,80.0,90.0,74.0,NW,8,NNW,15,0.0,,5.0
2/18/2000,1010.4,31.0,26.6,29.2,78.0,84.0,73.0,NW,7,NNW,12,0.0,,6.0
2/19/2000,1009.7,30.9,25.5,29.2,78.0,86.0,72.0,NNW,8,NNW,13,0.0,,7.0
2/20/2000,1010.2,31.4,25.5,29.4,77.0,84.0,72.0,NW,11,NW,17,0.0,,6.0
2/21/2000,1010.5,31.3,26.4,29.2,76.0,86.0,70.0,NW,10,NW,17,0.0,,8.0
2/22/2000,1010.7,31.7,25.4,29.4,74.0,86.0,67.0,NW,11,NW,15,0.0,,7.0
2/23/2000,1010.6,31.4,22.6,29.1,74.0,81.0,69.0,VRB,3,NW,8,0.0,,5.0
2/24/2000,1011.4,31.5,23.2,29.1,70.0,81.0,64.0,VRB,2,NW,9,0.0,,2.0
2/25/2000,1011.8,31.0,24.4,28.3,78.0,88.0,72.0,NW,8,NW,13,0.0,,6.0
2/26/2000,1009.9,30.4,25.5,28.4,73.0,90.0,65.0,NW,9,NNW,14,0.0,,6.0
2/27/2000,1009.1,30.6,24.0,28.8,73.0,85.0,69.0,NNW,8,NNW,12,0.0,,5.0
2/28/2000,1009.6,31.2,24.8,28.7,72.0,82.0,64.0,N,6,N,14,0.0,,4.0
2/29/2000,1010.4,31.6,23.0,29.1,73.0,85.0,68.0,NE,7,NE,11,0.0,,5.0
3/1/2000,1010.6,31.6,23.0,28.7,77.0,96.0,69.0,VRB,2,WNW,15,38.7,,7.0
3/2/2000,1011.5,32.2,26.4,29.0,83.0,95.0,74.0,VRB,5,NNW,12,0.0,,7.0
3/3/2000,1011.6,31.5,27.4,29.6,82.0,85.0,79.0,N,8,N,14,0.0,,7.0
3/4/2000,1011.6,31.4,27.0,29.6,81.0,86.0,79.0,NNW,9,N,16,0.0,,5.0
3/5/2000,1010.6,31.6,26.5,29.4,79.0,83.0,75.0,NW,10,NNW,18,0.0,,6.0
3/6/2000,1010.3,32.2,26.2,30.0,79.0,81.0,71.0,NW,10,NW,16,0.0,,4.0
3/7/2000,1010.7,32.5,25.5,29.9,71.0,81.0,64.0,NW,7,NW,11,0.0,,2.0
3/8/2000,1011.0,32.6,26.0,29.6,71.0,77.0,67.0,VRB,5,NW,12,0.0,,5.0
3/9/2000,1010.6,32.6,26.2,30.0,76.0,83.0,69.0,NW,8,NW,14,0.0,,2.0
3/10/2000,1010.8,31.8,26.3,29.4,77.0,84.0,74.0,NW,10,NW,14,0.0,,4.0
3/11/2000,1011.5,32.4,25.8,29.9,75.0,83.0,70.0,VRB,4,NW,11,0.0,,6.0
3/12/2000,1011.4,32.8,25.9,29.8,74.0,81.0,68.0,W,5,W,13,0.0,,5.0
3/13/2000,1010.3,32.6,26.0,29.8,74.0,83.0,69.0,W,5,NNW,10,0.0,,2.0
3/14/2000,1010.6,32.7,26.3,29.4,77.0,82.0,72.0,VRB,3,W,8,0.0,,3.0
3/15/2000,1011.5,32.4,26.1,29.7,76.0,85.0,70.0,VRB,4,WNW,9,0.0,,5.0
3/16/2000,1010.7,33.1,26.8,30.0,78.0,84.0,73.0,WNW,7,NNW,13,0.0,,4.0
3/17/2000,1010.4,32.4,26.6,30.0,77.0,83.0,70.0,NNW,8,NNW,11,0.0,,6.0
3/18/2000,1010.6,32.1,25.7,29.8,77.0,84.0,71.0,VRB,4,NNW,10,0.0,,4.0
3/19/2000,1010.7,32.2,26.1,29.8,79.0,90.0,74.0,NNW,5,NNW,12,0.0,,3.0
3/20/2000,1010.0,32.1,25.4,29.8,77.0,87.0,72.0,VRB,4,NNE,10,0.0,,2.0
3/21/2000,1010.6,32.5,26.8,29.7,76.0,88.0,70.0,NNW,6,NW,12,0.0,,3.0
3/22/2000,1010.9,33.3,27.3,30.9,73.0,83.0,69.0,WNW,7,WNW,13,0.0,,2.0
3/23/2000,1010.9,33.4,25.4,30.5,76.0,83.0,68.0,W,7,W,19,0.0,,5.0
3/24/2000,1010.1,32.5,25.2,29.6,79.0,87.0,71.0,VRB,3,W,11,0.0,,5.0
3/25/2000,1010.5,32.0,25.1,29.9,77.0,84.0,72.0,VRB,2,E,10,0.0,,2.0
3/26/2000,1011.0,33.2,26.0,30.3,76.0,86.0,70.0,CALM,0,E,7,0.0,,3.0
3/27/2000,1010.9,33.6,26.4,29.8,78.0,87.0,70.0,W,6,W,16,0.0,,4.0
3/28/2000,1010.7,33.7,26.8,30.6,77.0,87.0,70.0,WNW,6,WNW,12,0.0,,3.0
3/29/2000,1011.3,33.2,27.6,30.8,78.0,83.0,73.0,W,5,W,11,0.0,,2.0
3/30/2000,1011.3,33.0,27.2,30.5,79.0,84.0,76.0,VRB,4,W,12,0.0,,6.0
3/31/2000,1009.2,32.8,27.4,30.7,78.0,83.0,72.0,W,8,SW,17,0.0,,3.0
4/1/2000,1009.9,32.0,27.4,29.8,79.0,83.0,77.0,SW,12,WSW,18,0.0,,5.0
4/2/2000,1009.8,32.0,27.7,30.2,78.0,87.0,75.0,WSW,11,WSW,17,0.0,,3.0
4/3/2000,1009.3,31.8,27.3,29.9,81.0,86.0,79.0,WSW,8,WSW,14,0.0,,5.0
4/4/2000,1009.4,32.2,24.0,30.3,77.0,86.0,72.0,WSW,6,W,22,9.5,,2.0
4/5/2000,1009.8,31.6,23.8,28.2,82.0,93.0,72.0,W,9,W,22,3.2,,7.0
4/6/2000,1009.8,30.4,23.0,28.2,84.0,93.0,75.0,W,10,WNW,19,14.2,,2.0
4/7/2000,1011.3,32.2,27.0,29.2,75.0,82.0,68.0,VRB,5,NW,17,0.0,,5.0
4/8/2000,1011.5,33.2,27.4,30.6,74.0,84.0,67.0,CALM,0,NW,10,0.0,,3.0
4/9/2000,1011.0,33.1,27.5,30.7,75.0,83.0,68.0,WNW,6,NW,17,0.0,,4.0
4/10/2000,1010.6,32.9,27.8,30.7,75.0,83.0,69.0,NW,12,WNW,16,0.0,,2.0
4/11/2000,1010.3,32.6,27.7,30.4,75.0,85.0,68.0,W,12,W,18,0.0,,3.0
4/12/2000,1010.6,32.7,27.3,30.7,74.0,85.0,68.0,W,13,WNW,19,0.0,,4.0
4/13/2000,1009.5,32.3,25.0,30.3,76.0,82.0,72.0,WSW,11,WNW,30,12.9,,3.0
4/14/2000,1008.5,32.4,26.0,29.7,80.0,95.0,71.0,W,8,W,23,7.3,,4.0
4/15/2000,1010.1,32.3,26.3,30.2,79.0,93.0,74.0,WNW,12,WNW,19,0.0,,3.0
4/16/2000,1010.5,32.7,27.4,30.4,77.0,86.0,71.0,WNW,13,WNW,18,0.0,,4.0
4/17/2000,1010.2,32.9,27.6,30.7,76.0,85.0,70.0,WNW,11,WNW,15,0.0,,3.0
4/18/2000,1010.3,34.0,27.4,30.8,76.0,83.0,69.0,NW,10,NW,14,0.0,,5.0
4/19/2000,1010.4,33.5,25.1,30.9,76.0,83.0,73.0,WNW,6,SW,10,0.0,,5.0
4/20/2000,1010.4,31.2,25.4,29.0,82.0,87.0,78.0,SSW,7,W,20,0.4,,7.0
4/21/2000,1010.7,33.1,24.5,29.4,79.0,92.0,69.0,SW,10,W,19,5.3,,5.0
4/22/2000,1011.6,29.0,24.2,26.7,92.0,95.0,86.0,WSW,9,SSW,25,18.5,,2.0
4/23/2000,1011.6,32.3,24.3,28.8,86.0,100.0,76.0,SW,6,WNW,23,9.3,,2.0
4/24/2000,1011.9,31.8,26.8,29.1,81.0,90.0,76.0,W,10,WNW,14,0.0,,2.0
4/25/2000,1010.6,32.6,27.5,30.3,78.0,87.0,71.0,W,12,WNW,15,0.0,,5.0
4/26/2000,1010.5,32.4,25.4,30.4,78.0,86.0,72.0,W,12,WNW,19,2.3,,7.0
4/27/2000,1010.5,31.8,26.6,30.4,79.0,85.0,74.0,W,10,NW,17,3.2,,6.0
4/28/2000,1010.5,31.9,27.0,29.9,80.0,90.0,76.0,W,12,WNW,19,2.3,,7.0
4/29/2000,1011.6,32.2,26.8,30.0,81.0,90.0,74.0,W,9,W,18,2.5,,6.0
4/30/2000,1012.0,31.6,27.4,30.0,76.0,85.0,71.0,W,9,W,16,0.0,,6.0
5/1/2000,1011.2,32.4,27.2,30.1,78.0,86.0,72.0,W,8,W,14,0.0,,7.0
5/2/2000,1011.2,31.4,27.6,29.8,76.0,81.0,72.0,SW,6,W,13,0.0,,5.0
5/3/2000,1012.5,30.9,25.2,29.0,81.0,82.0,79.0,VRB,6,NE,14,3.4,,7.0
5/4/2000,1011.5,32.4,27.5,30.6,81.0,85.0,72.0,WNW,11,W,16,0.0,,4.0
5/5/2000,1011.4,32.0,23.4,30.3,77.0,78.0,75.0,W,11,W,17,38.6,,5.0
5/6/2000,1012.0,32.0,24.4,28.7,84.0,93.0,76.0,W,7,W,18,5.6,,7.0
5/7/2000,1012.4,31.0,24.4,28.4,84.0,90.0,79.0,VRB,5,WSW,20,13.6,,7.0
5/8/2000,1011.1,32.6,26.2,30.3,74.0,83.0,69.0,NNW,5,W,13,0.4,,3.0
5/9/2000,1010.8,33.6,27.0,30.5,76.0,89.0,69.0,NW,6,NW,12,0.0,,2.0
5/10/2000,1011.6,33.4,26.9,30.9,75.0,85.0,69.0,WNW,5,NW,10,0.0,,2.0
5/11/2000,1011.2,32.4,27.0,30.4,78.0,86.0,74.0,VRB,4,SW,11,0.0,,2.0
5/12/2000,1011.2,32.7,25.9,30.4,78.0,86.0,74.0,SSW,6,SSW,12,0.0,,3.0
5/13/2000,1011.2,32.3,27.4,30.0,79.0,93.0,74.0,SSW,5,SSW,11,0.0,,3.0
5/14/2000,1012.1,32.2,27.1,30.3,76.0,85.0,72.0,SW,6,SW,9,0.0,,4.0
5/15/2000,1011.9,32.5,26.2,30.1,75.0,86.0,70.0,SSW,7,SSW,12,0.0,,5.0
5/16/2000,1011.9,32.1,27.0,30.2,76.0,86.0,71.0,SSW,8,W,13,0.0,,4.0
5/17/2000,1011.4,33.3,27.0,30.4,78.0,86.0,74.0,W,5,NW,17,0.0,,5.0
5/18/2000,1010.8,34.4,26.9,31.2,73.0,85.0,65.0,VRB,4,W,8,0.0,,5.0
5/19/2000,1010.5,33.0,27.0,30.8,74.0,82.0,68.0,VRB,1,W,12,0.7,,5.0
5/20/2000,1010.0,34.6,24.2,31.3,73.0,82.0,64.0,WNW,7,W,32,13.3,,5.0
5/21/2000,1010.2,32.2,24.3,28.6,84.0,96.0,77.0,WNW,13,WNW,28,6.6,,7.0
5/22/2000,1010.2,31.7,25.0,29.5,81.0,86.0,77.0,WNW,11,WNW,22,4.2,,6.0
5/23/2000,1009.9,32.8,24.9,29.8,79.0,85.0,70.0,WNW,10,WNW,23,15.9,,7.0
5/24/2000,1009.9,32.0,24.0,29.8,79.0,87.0,72.0,WNW,7,W,30,12.6,,3.0
5/25/2000,1010.3,30.2,23.4,27.5,86.0,92.0,79.0,VRB,4,NW,28,43.0,,8.0
5/26/2000,1009.9,31.0,24.4,27.6,83.0,93.0,76.0,NW,12,NW,35,7.3,,8.0
5/27/2000,1010.1,29.2,24.5,27.9,85.0,92.0,80.0,VRB,4,W,18,0.3,,8.0
5/28/2000,1010.2,32.8,25.4,30.1,74.0,82.0,68.0,VRB,1,W,6,0.0,,6.0
5/29/2000,1011.1,32.0,24.6,30.0,74.0,80.0,71.0,VRB,2,ESE,7,0.0,,3.0
5/30/2000,1011.5,32.6,27.4,30.0,75.0,92.0,67.0,CALM,0,CALM,5,0.0,,5.0
5/31/2000,1010.2,33.2,26.0,31.0,73.0,86.0,66.0,VRB,4,WSW,15,0.0,,6.0
6/1/2000,1010.5,32.3,24.2,30.4,76.0,86.0,72.0,W,5,SSW,17,8.3,,6.0
6/2/2000,1009.7,31.5,24.0,29.1,81.0,89.0,75.0,SW,7,S,28,32.2,,8.0
6/3/2000,1009.6,29.4,24.3,28.0,84.0,92.0,80.0,W,10,W,27,14.1,,8.0
6/4/2000,1007.8,29.6,23.2,27.7,85.0,90.0,77.0,WNW,15,WNW,38,58.1,,7.0
6/5/2000,1009.8,29.8,24.3,27.6,85.0,100.0,79.0,SSW,12,SW,20,0.0,,8.0
6/6/2000,1008.0,31.5,26.8,29.3,77.0,86.0,71.0,SSW,13,SSW,20,0.0,,7.0
6/7/2000,1009.7,31.3,27.2,29.7,77.0,84.0,73.0,SSW,11,SSW,14,0.0,,8.0
6/8/2000,1010.9,31.4,23.4,29.8,77.0,82.0,71.0,SSE,9,WNW,23,22.1,,7.0
6/9/2000,1011.9,29.6,24.4,26.0,86.0,93.0,77.0,WNW,8,W,20,0.0,,8.0
6/10/2000,1012.1,31.6,25.0,29.7,78.0,86.0,74.0,VRB,3,W,16,3.9,,5.0
6/11/2000,1013.3,32.2,23.1,27.8,86.0,98.0,73.0,W,10,W,28,59.4,,8.0
6/12/2000,1014.3,30.9,23.0,28.4,80.0,88.0,74.0,VRB,5,W,32,35.4,,8.0
6/13/2000,1013.8,31.0,24.2,29.3,76.0,84.0,71.0,VRB,3,SSW,10,0.0,,6.0
6/14/2000,1013.9,32.0,24.8,29.6,73.0,87.0,66.0,CALM,0,CALM,5,0.0,,3.0
6/15/2000,1013.0,31.0,23.4,29.0,76.0,87.0,71.0,VRB,1,CALM,5,0.0,,2.0
6/16/2000,1012.8,32.0,26.8,29.2,75.0,88.0,69.0,VRB,2,SSW,8,0.0,,3.0
6/17/2000,1012.5,32.2,26.6,30.1,70.0,71.0,67.0,W,6,W,11,0.0,,4.0
6/18/2000,1010.7,31.9,26.5,29.9,77.0,83.0,72.0,WNW,7,WNW,14,0.1,,7.0
6/19/2000,1010.1,32.9,26.9,30.5,75.0,82.0,70.0,W,8,W,13,0.2,,6.0
6/20/2000,1009.6,32.5,27.4,30.1,79.0,88.0,75.0,W,10,WSW,15,0.0,,6.0
6/21/2000,1010.2,32.8,27.4,30.5,78.0,85.0,71.0,W,9,W,14,0.0,,7.0
6/22/2000,1011.0,33.0,26.5,30.8,75.0,82.0,70.0,WNW,9,WNW,13,0.2,,3.0
6/23/2000,1011.1,33.1,23.9,30.8,74.0,85.0,67.0,WNW,8,WNW,11,15.2,,2.0
6/24/2000,1011.1,31.4,24.4,27.2,86.0,92.0,82.0,WNW,7,WNW,18,0.0,,6.0
6/25/2000,1011.5,29.8,23.8,28.5,80.0,86.0,75.0,VRB,5,S,11,0.8,,8.0
6/26/2000,1011.3,30.6,23.9,28.9,81.0,90.0,73.0,VRB,3,WNW,27,2.4,,6.0
6/27/2000,1012.6,29.2,25.3,27.6,79.0,87.0,75.0,NW,9,NNW,19,0.0,,8.0
6/28/2000,1011.2,31.4,24.4,29.5,77.0,82.0,72.0,WNW,7,W,14,3.4,,6.0
6/29/2000,1011.1,30.5,24.9,29.0,80.0,85.0,78.0,WNW,14,WNW,34,7.3,,6.0
6/30/2000,1009.8,30.6,24.1,28.7,80.0,86.0,75.0,WNW,9,SSW,22,1.7,,7.0
7/1/2000,1009.7,29.2,24.3,26.8,88.0,95.0,82.0,W,8,WNW,22,5.3,,8.0
7/2/2000,1009.6,31.4,27.2,29.3,76.0,83.0,71.0,W,6,WNW,14,0.0,,8.0
7/3/2000,1009.5,31.8,27.0,29.2,79.0,83.0,76.0,W,9,WNW,14,0.0,,7.0
7/4/2000,1009.6,32.7,27.3,30.2,75.0,83.0,68.0,W,8,WSW,13,0.0,,6.0
7/5/2000,1010.0,32.3,27.0,29.9,74.0,83.0,67.0,WSW,7,W,14,0.0,,3.0
7/6/2000,1010.5,31.4,25.0,28.8,78.0,82.0,73.0,W,7,WNW,15,2.9,,8.0
7/7/2000,1009.8,30.4,27.0,28.5,82.0,90.0,78.0,W,7,WNW,12,0.0,,7.0
7/8/2000,1010.3,31.6,25.8,29.7,74.0,85.0,66.0,VRB,4,NW,11,0.0,,7.0
7/9/2000,1010.3,32.6,26.5,30.3,72.0,81.0,65.0,W,6,W,13,0.0,,5.0
7/10/2000,1010.0,33.2,27.0,30.6,72.0,81.0,65.0,WNW,9,NW,16,0.0,,5.0
7/11/2000,1009.6,33.2,26.6,30.7,73.0,80.0,66.0,NW,9,NW,13,0.0,,6.0
7/12/2000,1009.7,31.8,24.6,29.5,77.0,83.0,73.0,VRB,3,NW,16,11.1,,6.0
7/13/2000,1010.7,30.4,25.0,27.4,87.0,97.0,80.0,VRB,2,NW,13,0.2,,8.0
7/14/2000,1011.4,31.4,24.6,29.7,78.0,87.0,70.0,VRB,4,NW,14,0.0,,5.0
7/15/2000,1010.6,30.8,25.0,29.4,74.0,80.0,70.0,NW,7,NW,12,0.5,,4.0
7/16/2000,1010.6,31.2,23.8,28.5,79.0,88.0,70.0,VRB,5,NW,18,5.0,,4.0
7/17/2000,1011.5,30.0,23.5,27.9,84.0,95.0,77.0,VRB,4,NW,13,2.5,,7.0
7/18/2000,1010.6,32.8,23.4,29.4,79.0,95.0,67.0,VRB,2,NW,10,0.0,,4.0
7/19/2000,1009.2,31.0,23.5,28.6,75.0,93.0,65.0,VRB,3,SE,8,0.0,,2.0
7/20/2000,1010.1,31.1,24.0,28.6,77.0,91.0,70.0,VRB,2,E,8,0.0,,2.0
7/21/2000,1010.6,31.6,24.2,29.1,72.0,87.0,66.0,NE,9,NE,14,0.0,,2.0
7/22/2000,1012.0,32.0,23.9,29.0,75.0,95.0,68.0,N,4,N,11,0.0,,2.0
7/23/2000,1011.3,31.6,24.4,29.0,76.0,93.0,69.0,VRB,3,NNW,11,0.0,,5.0
7/24/2000,1010.8,31.8,23.9,29.2,78.0,90.0,71.0,NNW,8,NW,18,0.9,,4.0
7/25/2000,1012.2,30.8,23.4,25.5,90.0,96.0,86.0,NW,15,W,30,7.0,,8.0
7/26/2000,1012.3,31.2,24.2,28.4,79.0,90.0,72.0,W,6,WNW,29,3.8,,8.0
7/27/2000,1012.5,31.4,23.9,26.5,84.0,90.0,74.0,NW,15,NW,34,33.8,,6.0
7/28/2000,1011.5,31.6,24.0,28.9,69.0,78.0,61.0,VRB,6,NW,28,0.5,,7.0
7/29/2000,1011.0,31.2,24.4,29.1,75.0,84.0,70.0,VRB,3,NW,30,3.3,,6.0
7/30/2000,1011.4,31.9,25.0,28.7,77.0,81.0,72.0,VRB,6,NW,26,1.5,,5.0
7/31/2000,1011.3,31.2,24.9,28.4,79.0,84.0,73.0,VRB,4,NW,25,0.0,,7.0
8/1/2000,1010.1,31.9,25.0,29.7,77.0,80.0,67.0,VRB,6,NW,26,3.5,,5.0
8/2/2000,1010.2,31.9,25.6,29.9,72.0,79.0,66.0,W,9,W,16,0.0,,2.0
8/3/2000,1010.4,31.0,24.4,28.3,78.0,87.0,74.0,W,10,W,30,1.8,,6.0
8/4/2000,1010.6,30.9,23.9,28.8,80.0,84.0,77.0,NW,15,W,35,7.1,,7.0
8/5/2000,1010.7,30.4,23.6,27.8,87.0,98.0,81.0,NW,11,NW,29,12.8,,8.0
8/6/2000,1010.7,29.4,23.1,26.5,89.0,96.0,83.0,NW,6,NW,22,18.3,,8.0
8/7/2000,1011.9,30.1,23.0,27.1,84.0,96.0,74.0,S,5,S,20,27.3,,8.0
8/8/2000,1013.1,30.6,23.1,27.0,87.0,98.0,77.0,WNW,8,NW,29,13.9,,7.0
8/9/2000,1012.2,30.0,23.6,26.6,86.0,98.0,79.0,W,11,WNW,27,1.3,,8.0
8/10/2000,1010.2,30.6,24.0,28.3,81.0,95.0,73.0,WSW,11,WSW,20,4.9,,7.0
8/11/2000,1009.4,31.4,24.6,28.7,83.0,96.0,74.0,W,10,WNW,19,8.0,,7.0
8/12/2000,1010.3,30.9,26.1,28.4,82.0,92.0,72.0,WNW,9,WNW,19,0.0,,7.0
8/13/2000,1012.0,30.8,25.4,29.1,76.0,81.0,73.0,NW,9,NW,13,0.0,,5.0
8/14/2000,1012.5,32.4,25.4,29.6,75.0,83.0,69.0,VRB,1,NW,10,0.0,,7.0
8/15/2000,1012.4,30.8,25.4,28.9,75.0,83.0,70.0,VRB,4,SSW,12,0.2,,6.0
8/16/2000,1012.6,31.2,23.8,28.4,82.0,89.0,71.0,VRB,3,SSW,12,0.5,,7.0
8/17/2000,1012.0,32.9,23.2,29.5,77.0,92.0,69.0,VRB,4,NW,22,7.2,,7.0
8/18/2000,1012.9,31.3,23.7,27.4,81.0,93.0,77.0,WNW,8,NW,23,1.2,,7.0
8/19/2000,1013.4,31.0,23.4,28.4,80.0,88.0,72.0,WSW,4,SSW,15,4.7,,6.0
8/20/2000,1013.1,31.2,23.3,28.8,80.0,93.0,72.0,VRB,4,N,14,8.3,,6.0
8/21/2000,1011.6,32.2,25.4,29.1,79.0,95.0,70.0,WNW,7,WNW,14,0.0,,5.0
8/22/2000,1010.8,31.3,25.5,28.2,82.0,89.0,77.0,SW,11,W,16,1.3,,5.0
8/23/2000,1011.0,30.7,25.4,27.8,85.0,93.0,78.0,SW,10,S,19,1.2,,8.0
8/24/2000,1010.4,30.4,26.2,28.2,79.0,88.0,73.0,SW,11,SW,16,0.0,,8.0
8/25/2000,1009.7,30.2,26.0,28.9,74.0,81.0,70.0,SSW,12,SSW,14,0.0,,8.0
8/26/2000,1009.9,30.8,26.4,29.0,75.0,80.0,71.0,S,9,S,12,0.0,,6.0
8/27/2000,1011.6,31.4,26.5,29.4,76.0,84.0,69.0,VRB,4,S,10,0.0,,7.0
8/28/2000,1012.7,30.4,22.4,27.4,76.0,84.0,71.0,VRB,4,W,32,4.2,,7.0
8/29/2000,1011.7,31.0,26.0,28.9,79.0,89.0,73.0,VRB,2,S,7,0.0,,4.0
8/30/2000,1011.8,31.2,26.0,29.4,75.0,84.0,69.0,VRB,4,S,10,0.0,,6.0
8/31/2000,1011.6,31.6,23.5,29.6,72.0,80.0,68.0,VRB,3,SSE,9,0.0,,5.0
9/1/2000,1011.3,31.8,24.0,29.1,72.0,87.0,66.0,VRB,2,SE,6,0.0,,5.0
9/2/2000,1011.1,32.2,24.4,29.2,71.0,88.0,62.0,CALM,0,CALM,5,0.0,,3.0
9/3/2000,1011.2,32.1,24.2,29.3,74.0,87.0,68.0,VRB,2,S,6,0.0,,3.0
9/4/2000,1012.2,31.8,23.5,28.9,76.0,90.0,69.0,VRB,3,W,20,4.7,,5.0
9/5/2000,1011.9,31.3,24.9,28.1,81.0,93.0,71.0,CALM,0,CALM,4,0.0,,6.0
9/6/2000,1010.5,32.6,24.0,29.5,75.0,90.0,66.0,CALM,0,W,14,5.6,,3.0
9/7/2000,1011.0,30.4,24.4,26.2,89.0,93.0,84.0,VRB,3,SW,13,8.8,,7.0
9/8/2000,1013.3,27.5,22.6,25.8,87.0,95.0,81.0,NNW,9,NNW,23,44.7,,8.0
9/9/2000,1013.1,32.0,26.3,29.3,75.0,86.0,69.0,VRB,3,SE,8,0.0,,3.0
9/10/2000,1012.7,30.6,24.0,29.2,74.0,84.0,70.0,VRB,3,SSW,14,0.0,,4.0
9/11/2000,1012.9,30.6,25.2,28.5,79.0,93.0,74.0,SSW,6,SSW,18,2.2,,6.0
9/12/2000,1011.3,31.5,26.0,28.3,79.0,82.0,77.0,WNW,9,NNW,18,0.0,,7.0
9/13/2000,1011.1,31.5,23.0,28.5,80.0,95.0,69.0,WNW,9,NW,24,53.1,,8.0
9/14/2000,1011.0,30.6,23.8,28.3,79.0,88.0,73.0,WNW,12,W,22,0.6,,8.0
9/15/2000,1011.3,28.6,23.0,26.5,86.0,95.0,80.0,W,10,SW,18,29.9,,8.0
9/16/2000,1011.8,30.4,23.0,28.6,76.0,84.0,71.0,W,9,W,24,24.5,,7.0
9/17/2000,1012.6,29.8,23.6,26.3,85.0,90.0,75.0,W,15,WNW,42,14.4,,8.0
9/18/2000,1011.2,32.2,24.7,29.5,76.0,86.0,71.0,W,11,WSW,16,0.0,,7.0
9/19/2000,1011.0,30.0,23.9,28.3,80.0,87.0,75.0,SW,11,S,21,37.7,,7.0
9/20/2000,1011.0,30.5,24.0,27.8,85.0,100.0,75.0,SSW,10,W,32,2.4,,7.0
9/21/2000,1010.8,30.7,25.4,29.0,75.0,84.0,71.0,WSW,8,SW,13,0.0,,5.0
9/22/2000,1009.8,32.5,25.5,29.8,76.0,86.0,69.0,W,9,W,12,1.9,,3.0
9/23/2000,1009.6,31.4,23.9,29.5,76.0,83.0,73.0,W,11,WNW,23,4.7,,4.0
9/24/2000,1010.1,30.0,23.5,27.3,86.0,90.0,84.0,W,10,W,28,14.3,,8.0
9/25/2000,1010.2,30.2,23.7,26.8,86.0,90.0,84.0,WNW,15,W,33,9.2,,8.0
9/26/2000,1011.3,29.8,23.0,27.1,84.0,93.0,79.0,W,15,SW,35,9.3,,8.0
9/27/2000,1010.7,30.2,22.1,28.2,80.0,83.0,74.0,W,15,WNW,36,45.7,,7.0
9/28/2000,1011.4,29.8,23.2,27.0,86.0,98.0,79.0,W,8,W,22,0.9,,7.0
9/29/2000,1011.9,30.4,23.4,28.2,83.0,93.0,77.0,VRB,1,W,21,12.4,,7.0
9/30/2000,1011.7,30.2,26.1,28.3,82.0,98.0,74.0,VRB,4,S,14,0.0,,6.0
10/1/2000,1011.8,31.0,26.2,29.0,78.0,84.0,74.0,SSW,10,SSW,16,0.0,,5.0
10/2/2000,1011.8,31.0,26.2,29.1,77.0,84.0,73.0,SSW,10,SSW,15,0.0,,6.0
10/3/2000,1011.7,30.5,25.2,29.0,77.0,86.0,71.0,VRB,4,SSW,10,0.0,,5.0
10/4/2000,1011.0,31.1,24.4,29.3,74.0,80.0,71.0,VRB,3,SSE,8,0.0,,4.0
10/5/2000,1011.2,31.0,23.6,29.0,75.0,88.0,67.0,VRB,2,SW,18,20.7,,2.0
10/6/2000,1012.1,31.7,24.9,28.9,81.0,93.0,75.0,W,8,W,18,0.0,,4.0
10/7/2000,1012.0,31.8,26.2,29.5,78.0,87.0,73.0,WNW,11,WNW,15,0.0,,4.0
10/8/2000,1012.0,32.4,25.8,30.0,76.0,80.0,72.0,W,12,W,22,0.2,,5.0
10/9/2000,1010.6,32.5,25.4,30.1,78.0,89.0,74.0,WNW,8,WNW,18,0.0,,4.0
10/10/2000,1011.5,31.2,23.4,27.5,84.0,90.0,79.0,W,6,W,22,10.7,,6.0
10/11/2000,1012.9,30.3,24.2,27.6,86.0,96.0,79.0,W,13,WNW,23,13.4,,7.0
10/12/2000,1013.2,28.2,23.3,26.3,87.0,90.0,84.0,W,9,S,29,5.1,,8.0
10/13/2000,1011.6,29.4,25.2,27.6,83.0,87.0,81.0,W,7,WSW,14,0.4,,8.0
10/14/2000,1010.9,31.8,25.6,29.1,82.0,88.0,76.0,WNW,8,WNW,18,1.9,,3.0
10/15/2000,1011.7,32.2,26.2,30.0,77.0,80.0,74.0,W,9,W,14,0.0,,5.0
10/16/2000,1011.9,31.6,23.3,29.0,84.0,96.0,75.0,W,10,WNW,28,39.7,,5.0
10/17/2000,1011.1,31.6,24.1,28.9,83.0,90.0,79.0,W,12,W,22,4.1,,7.0
10/18/2000,1010.2,30.5,23.9,27.6,82.0,88.0,75.0,W,14,WNW,32,9.9,,7.0
10/19/2000,1010.6,29.4,24.0,28.1,83.0,87.0,82.0,W,10,W,33,15.5,,7.0
10/20/2000,1011.9,31.6,23.5,29.2,80.0,84.0,77.0,W,8,W,13,1.5,,5.0
10/21/2000,1012.8,31.0,23.2,28.9,80.0,87.0,74.0,W,7,W,16,30.4,,7.0
10/22/2000,1012.7,30.5,23.5,27.4,85.0,95.0,78.0,W,6,W,16,4.4,,7.0
10/23/2000,1011.9,31.5,24.4,29.2,79.0,84.0,72.0,W,8,W,18,15.1,,7.0
10/24/2000,1012.0,31.0,24.2,28.4,82.0,83.0,81.0,W,10,W,18,1.6,,7.0
10/25/2000,1012.6,30.8,25.0,28.4,82.0,90.0,74.0,W,10,W,20,5.1,,7.0
10/26/2000,1011.6,31.2,24.4,29.3,78.0,86.0,70.0,WNW,10,WNW,20,9.6,,7.0
10/27/2000,1009.6,31.9,24.0,29.6,81.0,89.0,72.0,WNW,10,WNW,23,10.4,,4.0
10/28/2000,1012.4,31.2,26.0,29.2,80.0,89.0,74.0,WNW,9,WNW,14,0.2,,2.0
10/29/2000,1012.7,32.0,26.0,30.0,75.0,83.0,69.0,WNW,7,WNW,12,0.0,,1.0
10/30/2000,1012.3,31.8,26.0,29.8,74.0,83.0,68.0,VRB,5,WNW,10,0.0,,2.0
10/31/2000,1011.1,32.5,26.4,30.2,74.0,83.0,69.0,WNW,7,NW,12,0.0,,2.0
11/1/2000,1010.6,32.6,25.8,30.4,74.0,83.0,69.0,WNW,7,WNW,10,0.0,,3.0
11/2/2000,1010.2,32.7,23.8,30.3,74.0,89.0,66.0,VRB,4,W,9,2.5,,2.0
11/3/2000,1011.3,31.2,24.2,28.9,78.0,93.0,73.0,VRB,2,NW,12,5.1,,2.0
11/4/2000,1012.4,30.9,24.6,28.4,84.0,96.0,74.0,VRB,2,WSW,13,0.0,,4.0
11/5/2000,1011.6,31.5,24.0,29.6,78.0,93.0,72.0,N,6,N,12,0.0,,5.0
11/6/2000,1010.5,30.5,25.7,27.8,84.0,90.0,77.0,NW,6,NW,14,0.0,,7.0
11/7/2000,1009.8,32.8,24.8,30.2,74.0,85.0,67.0,VRB,4,WNW,13,0.2,,4.0
11/8/2000,1010.9,30.4,24.1,26.4,89.0,93.0,83.0,WSW,5,NW,17,3.9,,7.0
11/9/2000,1009.9,30.1,23.9,28.0,83.0,85.0,78.0,WNW,12,WNW,20,3.1,,6.0
11/10/2000,1010.3,29.6,23.4,27.8,84.0,90.0,79.0,NNW,12,WNW,23,17.7,,7.0
11/11/2000,1011.6,29.8,24.0,26.5,86.0,93.0,77.0,VRB,4,N,12,1.3,,8.0
11/12/2000,1009.7,31.4,25.4,29.5,78.0,84.0,74.0,VRB,4,NNW,14,0.0,,2.0
11/13/2000,1007.9,29.8,23.7,28.1,87.0,87.0,83.0,VRB,3,NNE,23,10.3,,5.0
11/14/2000,1008.4,30.1,23.4,27.6,81.0,87.0,73.0,NE,11,ENE,20,5.8,,7.0
11/15/2000,1008.5,31.2,24.1,27.9,84.0,96.0,72.0,ENE,9,E,19,2.5,,7.0
11/16/2000,1009.3,30.7,25.0,27.8,77.0,93.0,72.0,VRB,3,ENE,13,0.0,,7.0
11/17/2000,1008.6,31.0,26.5,29.1,78.0,83.0,73.0,NE,11,NE,15,0.0,,7.0
11/18/2000,1008.4,31.2,25.2,29.4,77.0,84.0,72.0,VRB,4,W,14,1.2,,5.0
11/19/2000,1010.9,28.0,23.3,26.2,88.0,92.0,80.0,SSW,8,W,17,31.1,,8.0
11/20/2000,1011.1,30.4,25.4,28.9,80.0,84.0,77.0,W,9,W,16,4.8,,8.0
11/21/2000,1010.0,31.0,25.2,28.3,82.0,90.0,78.0,VRB,4,W,14,0.2,,7.0
11/22/2000,1010.5,32.1,24.4,29.8,78.0,84.0,72.0,VRB,4,W,13,1.5,,6.0
11/23/2000,1011.9,32.2,25.4,29.6,77.0,85.0,70.0,VRB,5,W,14,0.0,,6.0
11/24/2000,1012.6,32.4,24.4,29.9,79.0,85.0,74.0,VRB,5,W,12,15.6,,6.0
11/25/2000,1012.2,32.2,26.2,29.7,79.0,92.0,72.0,VRB,4,W,11,0.0,,7.0
11/26/2000,1011.9,31.8,25.2,29.4,79.0,87.0,74.0,VRB,5,NW,12,0.4,,4.0
11/27/2000,1012.0,32.4,24.2,29.6,79.0,89.0,71.0,NW,7,NW,14,6.1,,5.0
11/28/2000,1011.0,32.0,24.2,29.6,77.0,84.0,75.0,NW,6,NW,16,16.4,,3.0
11/29/2000,1010.6,32.4,23.8,29.9,76.0,83.0,71.0,NW,8,WNW,18,20.1,,6.0
11/30/2000,1012.1,31.8,23.0,29.6,74.0,82.0,68.0,WNW,8,WNW,20,20.4,,6.0
12/1/2000,1011.6,30.8,24.2,28.7,79.0,96.0,72.0,WNW,8,NW,16,15.3,,7.0
12/2/2000,1011.7,30.4,24.1,27.5,84.0,90.0,74.0,VRB,1,NW,16,14.9,,7.0
12/3/2000,1012.4,30.4,24.4,28.8,76.0,88.0,68.0,VRB,4,NW,14,0.0,,4.0
12/4/2000,1011.9,30.8,23.6,28.6,75.0,88.0,70.0,VRB,4,NNW,13,0.4,,2.0
12/5/2000,1011.4,30.6,25.2,28.6,78.0,95.0,70.0,CALM,0,NW,10,0.0,,2.0
12/6/2000,1011.6,31.0,25.6,28.1,84.0,87.0,75.0,VRB,4,NW,20,8.9,,4.0
12/7/2000,1011.3,31.0,23.4,25.0,80.0,87.0,71.0,VRB,4,S,21,22.2,,6.0
12/8/2000,1012.0,28.4,22.8,24.9,94.0,96.0,90.0,VRB,4,S,14,18.3,,8.0
12/9/2000,1011.1,29.8,23.2,27.6,80.0,84.0,78.0,VRB,4,W,20,0.2,,7.0
12/10/2000,1011.4,30.5,24.9,28.6,76.0,84.0,69.0,VRB,5,NE,16,3.4,,7.0
12/11/2000,1012.0,31.4,26.0,28.6,79.0,89.0,73.0,NE,10,NE,14,0.0,,7.0
12/12/2000,1012.1,30.8,24.6,28.9,73.0,81.0,65.0,NE,11,NE,19,0.0,,5.0
12/13/2000,1011.7,30.6,25.4,28.7,75.0,90.0,67.0,NE,9,NE,18,0.0,,3.0
12/14/2000,1011.3,30.4,25.2,28.8,74.0,84.0,70.0,NE,9,NE,14,0.0,,2.0
12/15/2000,1011.3,31.2,26.2,28.9,75.0,84.0,71.0,NE,9,NE,17,0.0,,2.0
12/16/2000,1012.1,30.6,25.4,29.0,72.0,78.0,67.0,NE,10,NE,18,0.0,,4.0
12/17/2000,1012.9,31.2,25.3,28.8,67.0,75.0,58.0,NE,8,NE,14,0.0,,4.0
12/18/2000,1012.0,30.9,26.4,28.9,76.0,83.0,69.0,NE,7,NE,14,0.0,,7.0
12/19/2000,1010.9,30.7,23.8,28.8,78.0,86.0,71.0,VRB,4,SSW,14,0.8,,6.0
12/20/2000,1011.1,33.0,22.6,29.1,78.0,95.0,70.0,VRB,1,S,14,40.4,,7.0
12/21/2000,1012.0,30.2,24.4,26.3,84.0,96.0,71.0,VRB,2,S,17,0.2,,7.0
12/22/2000,1011.6,29.9,26.0,28.3,82.0,95.0,77.0,VRB,4,NW,12,0.0,,4.0
12/23/2000,1010.6,30.6,25.1,29.0,75.0,80.0,71.0,NNE,9,NNE,14,0.1,,6.0
12/24/2000,1010.7,31.2,24.6,29.2,74.0,82.0,70.0,VRB,4,W,12,0.5,,5.0
12/25/2000,1011.1,32.6,26.4,29.7,77.0,84.0,72.0,VRB,3,WNW,12,0.0,,5.0
12/26/2000,1011.1,32.6,26.5,30.2,76.0,86.0,70.0,NW,8,NW,17,0.0,,5.0
12/27/2000,1010.4,32.4,26.6,29.5,78.0,87.0,72.0,NW,9,NW,18,0.0,,6.0
12/28/2000,1010.6,32.0,25.5,29.6,78.0,86.0,73.0,NW,8,W,19,0.4,,5.0
12/29/2000,1010.8,33.2,26.0,29.7,76.0,84.0,68.0,NW,7,NW,14,0.0,,6.0
12/30/2000,1010.9,32.2,23.8,29.3,74.0,84.0,69.0,VRB,3,NW,8,0.0,,2.0
12/31/2000,1010.9,30.2,24.0,28.7,76.0,84.0,70.0,VRB,4,NW,11,0.0,,2.0
1/1/2001,1010.7,30.2,23.6,28.5,77.0,88.0,71.0,NW,6,NW,13,0.0,,1.0
1/2/2001,1011.0,30.4,24.4,28.1,82.0,93.0,77.0,VRB,3,NNW,12,0.0,,5.0
1/3/2001,1011.5,30.8,26.4,28.7,76.0,90.0,69.0,VRB,4,NW,11,0.0,,1.0
1/4/2001,1011.1,31.2,25.6,29.5,73.0,83.0,68.0,VRB,5,NE,11,0.0,,2.0
1/5/2001,1010.9,31.0,26.8,29.1,72.0,84.0,67.0,VRB,4,NE,14,0.0,,1.0
1/6/2001,1011.4,31.4,25.6,29.6,71.0,78.0,66.0,NE,9,NE,16,0.0,,2.0
1/7/2001,1010.4,31.5,25.5,29.3,72.0,84.0,64.0,NE,10,NE,21,0.0,,1.0
1/8/2001,1010.1,31.4,24.0,29.0,71.0,81.0,63.0,NE,10,NE,20,1.1,,2.0
1/9/2001,1011.1,30.8,25.6,28.7,70.0,90.0,59.0,VRB,5,NE,13,0.0,,4.0
1/10/2001,1011.7,30.8,24.8,28.9,72.0,81.0,67.0,VRB,3,NE,8,0.0,,4.0
1/11/2001,1010.0,31.2,25.0,28.9,74.0,87.0,64.0,NE,6,NE,12,0.0,,4.0
1/12/2001,1010.2,31.2,25.8,29.2,76.0,84.0,72.0,NE,7,NE,14,0.0,,2.0
1/13/2001,1010.9,31.8,26.6,29.5,78.0,92.0,73.0,VRB,4,SE,12,0.0,,2.0
1/14/2001,1011.4,32.4,24.8,29.6,74.0,83.0,67.0,VRB,5,E,12,0.0,,1.0
1/15/2001,1012.2,31.6,25.2,29.1,76.0,90.0,71.0,NE,6,NE,14,0.0,,5.0
1/16/2001,1012.1,31.0,26.2,28.9,70.0,82.0,66.0,NE,9,NE,15,0.0,,4.0
1/17/2001,1011.4,31.0,24.8,29.2,73.0,83.0,68.0,NE,9,NE,15,0.0,,5.0
1/18/2001,1011.8,31.0,25.9,28.8,74.0,85.0,68.0,NE,8,NE,16,0.0,,2.0
1/19/2001,1010.5,31.9,26.4,29.2,77.0,86.0,69.0,NE,10,NE,22,0.0,,3.0
1/20/2001,1010.7,30.4,25.4,28.6,78.0,84.0,75.0,NE,8,NE,15,0.1,,7.0
1/21/2001,1009.9,31.0,23.2,27.9,81.0,84.0,75.0,VRB,6,NNE,34,66.8,,7.0
1/22/2001,1010.2,29.4,23.0,26.2,89.0,96.0,83.0,VRB,2,NNE,16,2.2,,4.0
1/23/2001,1009.6,30.4,24.5,28.0,78.0,87.0,71.0,VRB,2,WNW,8,1.0,,7.0
1/24/2001,1010.1,30.6,24.0,28.2,80.0,87.0,73.0,VRB,1,NE,8,0.0,,6.0
1/25/2001,1010.3,31.6,23.5,28.9,78.0,85.0,69.0,VRB,5,W,16,7.4,,4.0
1/26/2001,1009.8,31.8,23.4,29.0,81.0,86.0,77.0,NW,7,W,20,17.4,,7.0
1/27/2001,1010.8,28.0,24.0,26.0,85.0,90.0,78.0,NW,9,NW,15,0.5,,8.0
1/28/2001,1010.1,30.2,23.2,28.2,82.0,87.0,72.0,VRB,4,SW,21,27.1,,8.0
1/29/2001,1010.7,29.2,25.4,27.5,84.0,95.0,76.0,VRB,4,NW,13,0.0,,8.0
1/30/2001,1009.9,30.0,25.5,28.4,77.0,81.0,73.0,VRB,4,NE,18,0.0,,4.0
1/31/2001,1008.6,31.0,23.5,28.8,81.0,86.0,71.0,VRB,6,NW,18,46.4,,4.0
2/1/2001,1009.3,29.4,24.0,27.4,82.0,91.0,75.0,VRB,2,NNE,7,0.0,,7.0
2/2/2001,1009.1,30.8,23.2,28.5,80.0,88.0,75.0,CALM,0,CALM,0,0.0,,6.0
2/3/2001,1009.8,31.1,23.0,28.3,80.0,91.0,72.0,VRB,3,S,11,0.0,,3.0
2/4/2001,1010.4,31.4,24.6,28.8,79.0,95.0,72.0,S,4,S,10,0.0,,3.0
2/5/2001,1011.0,31.3,25.4,29.0,76.0,90.0,68.0,VRB,4,SSE,11,0.0,,5.0
2/6/2001,1011.1,31.4,25.7,28.8,79.0,82.0,73.0,NW,7,NNW,14,0.0,,7.0
2/7/2001,1010.7,31.3,26.1,29.0,76.0,82.0,72.0,NNW,9,NNW,14,0.0,,4.0
2/8/2001,1010.9,32.0,26.2,29.1,73.0,81.0,64.0,NW,5,NE,13,0.0,,4.0
2/9/2001,1011.8,31.0,26.4,29.0,75.0,81.0,70.0,NE,7,NE,10,0.0,,2.0
2/10/2001,1012.3,31.6,24.6,29.4,74.0,79.0,70.0,NE,8,NE,13,0.0,,3.0
2/11/2001,1011.4,30.7,23.2,28.5,73.0,88.0,65.0,N,10,N,14,0.0,,2.0
2/12/2001,1011.6,30.5,23.3,28.7,67.0,87.0,58.0,NNE,5,NNE,10,0.0,,2.0
2/13/2001,1011.9,30.4,24.1,28.2,69.0,79.0,63.0,N,7,N,13,0.0,,2.0
2/14/2001,1010.7,31.1,24.0,28.6,69.0,88.0,63.0,N,9,N,14,0.0,,2.0
2/15/2001,1012.5,31.5,24.4,29.0,69.0,76.0,63.0,VRB,3,N,10,0.0,,4.0
2/16/2001,1013.4,30.6,24.8,28.8,74.0,85.0,67.0,VRB,5,N,10,0.0,,2.0
2/17/2001,1013.0,33.0,24.4,29.9,74.0,82.0,69.0,VRB,3,WNW,9,0.0,,2.0
2/18/2001,1012.5,33.0,26.4,29.7,75.0,88.0,67.0,VRB,2,NW,8,0.0,,1.0
2/19/2001,1012.6,31.4,25.4,29.7,78.0,83.0,74.0,VRB,5,NNW,12,0.3,,2.0
2/20/2001,1012.2,29.6,23.0,26.2,90.0,95.0,80.0,VRB,4,NNW,17,33.6,,7.0
2/21/2001,1011.6,30.4,24.8,28.2,81.0,93.0,75.0,VRB,3,NNW,8,0.0,,5.0
2/22/2001,1010.9,30.8,25.6,29.5,78.0,83.0,74.0,VRB,4,NNW,10,0.0,,4.0
2/23/2001,1011.5,31.0,23.9,29.1,71.0,76.0,67.0,VRB,5,NNW,12,0.0,,2.0
2/24/2001,1012.1,30.5,23.2,28.4,77.0,93.0,69.0,VRB,3,NNW,9,0.0,,2.0
2/25/2001,1012.8,31.8,24.0,29.2,70.0,88.0,60.0,CALM,0,CALM,3,0.0,,2.0
2/26/2001,1011.0,32.2,23.0,29.3,70.0,82.0,62.0,VRB,1,NW,6,0.0,,3.0
2/27/2001,1011.9,32.1,23.3,28.9,73.0,90.0,69.0,CALM,0,N,8,0.0,,1.0
2/28/2001,1012.9,31.7,25.5,29.2,73.0,90.0,66.0,E,5,E,9,0.0,,2.0
3/1/2001,1012.9,31.2,24.3,29.4,71.0,77.0,67.0,ENE,8,ENE,12,0.0,,1.0
3/2/2001,1012.7,31.3,25.8,29.2,72.0,78.0,67.0,ENE,7,ENE,10,0.0,,2.0
3/3/2001,1013.0,31.4,25.4,29.5,74.0,81.0,71.0,ENE,6,ENE,11,0.0,,1.0
3/4/2001,1013.3,32.0,25.6,29.6,75.0,80.0,70.0,VRB,4,ENE,9,0.0,,1.0
3/5/2001,1012.7,31.5,23.6,28.9,79.0,93.0,72.0,VRB,4,S,14,35.7,,2.0
3/6/2001,1012.4,31.2,24.9,28.9,76.0,87.0,71.0,N,7,N,17,0.0,,4.0
3/7/2001,1012.4,31.6,26.8,29.3,75.0,84.0,72.0,N,10,N,14,0.0,,2.0
3/8/2001,1011.4,31.1,26.2,29.6,76.0,81.0,72.0,ENE,8,ENE,13,0.0,,2.0
3/9/2001,1011.6,31.4,26.6,29.6,74.0,81.0,71.0,E,6,E,9,0.0,,1.0
3/10/2001,1012.0,31.6,26.4,29.4,70.0,75.0,64.0,VRB,3,N,7,0.0,,1.0
3/11/2001,1013.1,31.5,24.8,29.5,70.0,78.0,64.0,VRB,3,NNE,8,0.0,,1.0
3/12/2001,1011.9,32.4,25.4,29.6,70.0,82.0,62.0,NNE,6,NNE,11,0.0,,1.0
3/13/2001,1011.1,32.2,25.4,29.9,70.0,77.0,66.0,NE,8,NE,14,0.0,,2.0
3/14/2001,1011.7,32.1,27.0,29.8,73.0,85.0,65.0,NE,6,NE,12,0.0,,2.0
3/15/2001,1012.7,32.0,25.0,30.2,71.0,79.0,66.0,VRB,4,NNE,12,11.4,,4.0
3/16/2001,1011.7,31.4,23.8,29.6,74.0,86.0,68.0,VRB,3,NE,7,0.3,,2.0
3/17/2001,1011.0,31.6,25.4,29.2,73.0,90.0,64.0,VRB,2,NNE,7,0.0,,1.0
3/18/2001,1010.9,31.8,24.1,30.0,69.0,81.0,63.0,CALM,0,CALM,5,0.0,,3.0
3/19/2001,1011.8,33.4,24.6,30.1,67.0,88.0,60.0,CALM,0,CALM,3,0.0,,1.0
3/20/2001,1011.3,33.5,25.4,30.5,70.0,90.0,61.0,CALM,0,CALM,5,8.4,,1.0
3/21/2001,1010.6,32.2,25.9,29.6,80.0,92.0,73.0,VRB,3,W,12,0.0,,3.0
3/22/2001,1010.0,32.8,25.2,30.6,74.0,80.0,69.0,W,6,W,14,8.2,,3.0
3/23/2001,1009.7,32.4,27.6,30.4,76.0,82.0,72.0,W,7,W,13,0.0,,2.0
3/24/2001,1010.0,32.2,28.2,30.4,75.0,82.0,70.0,WNW,8,WNW,17,0.0,,6.0
3/25/2001,1010.6,32.2,27.6,29.8,77.0,79.0,73.0,WNW,8,WNW,16,0.0,,7.0
3/26/2001,1010.7,32.4,27.7,30.3,74.0,80.0,70.0,WNW,8,WNW,12,0.0,,6.0
3/27/2001,1009.8,32.8,28.0,30.4,75.0,82.0,70.0,NW,7,WNW,14,0.0,,4.0
3/28/2001,1010.0,32.8,27.3,30.7,74.0,80.0,66.0,NW,10,NW,14,0.0,,3.0
3/29/2001,1009.4,32.4,27.5,30.4,71.0,82.0,65.0,W,5,WNW,12,0.0,,2.0
3/30/2001,1010.0,32.3,27.4,30.2,74.0,83.0,65.0,WNW,6,WNW,11,0.0,,1.0
3/31/2001,1010.4,32.2,27.5,30.1,74.0,85.0,69.0,WNW,13,WNW,18,0.0,,4.0
4/1/2001,1010.5,33.0,24.2,30.6,73.0,82.0,67.0,NW,12,NNW,24,18.7,,2.0
4/2/2001,1009.8,31.0,23.0,27.7,83.0,93.0,71.0,N,8,NNW,26,24.8,,7.0
4/3/2001,1009.5,31.5,23.3,28.8,80.0,95.0,72.0,NE,5,NNW,13,28.4,,6.0
4/4/2001,1010.4,31.4,26.6,29.5,77.0,89.0,72.0,VRB,3,NE,8,2.4,,3.0
4/5/2001,1010.4,32.2,27.2,29.5,79.0,89.0,74.0,VRB,2,NNE,8,0.4,,2.0
4/6/2001,1010.4,32.4,26.8,30.1,75.0,83.0,70.0,VRB,3,NNW,7,0.0,,2.0
4/7/2001,1011.8,32.0,26.5,30.0,72.0,86.0,66.0,VRB,4,SSW,9,0.0,,2.0
4/8/2001,1011.0,31.9,26.4,30.0,73.0,84.0,66.0,VRB,3,WNW,13,0.0,,2.0
4/9/2001,1010.1,32.6,27.1,29.9,73.0,87.0,66.0,W,10,W,14,0.0,,1.0
4/10/2001,1010.9,32.8,25.8,30.3,73.0,83.0,68.0,W,10,W,23,9.5,,4.0
4/11/2001,1011.4,31.4,26.4,29.1,78.0,89.0,72.0,WNW,11,WNW,20,0.0,,7.0
4/12/2001,1010.5,32.4,26.8,30.2,75.0,83.0,70.0,WNW,7,WNW,12,0.0,,5.0
4/13/2001,1011.0,32.3,24.7,30.2,76.0,83.0,72.0,VRB,4,SSE,27,21.0,,3.0
4/14/2001,1013.0,31.2,26.0,28.5,81.0,93.0,71.0,SW,9,SW,19,0.4,,4.0
4/15/2001,1012.8,31.8,23.8,30.0,76.0,83.0,72.0,S,10,S,20,21.9,,2.0
4/16/2001,1013.0,31.9,26.8,29.4,76.0,93.0,70.0,WNW,5,WNW,17,0.0,,3.0
4/17/2001,1011.4,32.4,27.4,30.2,75.0,86.0,70.0,WNW,11,WNW,25,0.3,,4.0
4/18/2001,1010.8,32.5,26.4,30.2,75.0,79.0,70.0,WNW,9,W,19,6.2,,6.0
4/19/2001,1009.7,32.0,24.4,28.8,78.0,80.0,72.0,W,9,WNW,29,19.2,,5.0
4/20/2001,1009.7,31.2,26.2,28.7,81.0,93.0,72.0,WNW,11,WNW,28,8.4,,7.0
4/21/2001,1008.9,29.0,24.6,27.0,91.0,97.0,85.0,W,11,W,35,11.7,,8.0
4/22/2001,1009.2,28.8,23.6,26.9,89.0,96.0,85.0,W,17,W,39,43.6,,8.0
4/23/2001,1009.0,28.7,25.0,26.9,87.0,97.0,78.0,WNW,16,WNW,28,2.8,,8.0
4/24/2001,1010.0,30.2,26.0,28.2,83.0,89.0,82.0,WNW,12,WNW,30,26.0,,8.0
4/25/2001,1009.9,32.2,25.2,29.8,82.0,86.0,79.0,W,9,WNW,35,3.7,,7.0
4/26/2001,1009.8,31.0,27.0,29.2,82.0,90.0,77.0,W,9,WNW,34,0.0,,7.0
4/27/2001,1010.1,31.4,27.4,29.4,80.0,83.0,76.0,W,9,W,20,0.0,,7.0
4/28/2001,1008.8,31.6,25.2,29.5,81.0,90.0,75.0,W,10,W,38,14.2,,6.0
4/29/2001,1009.7,31.4,25.8,28.5,81.0,90.0,72.0,W,11,W,29,0.2,,7.0
4/30/2001,1010.3,31.4,25.1,29.7,77.0,79.0,73.0,W,17,W,29,0.7,,6.0
5/1/2001,1010.5,30.6,24.6,29.0,83.0,87.0,77.0,W,12,W,33,23.1,,7.0
5/2/2001,1009.5,29.2,24.6,27.6,88.0,92.0,86.0,W,15,W,38,13.5,,8.0
5/3/2001,1008.0,31.2,25.0,29.4,81.0,89.0,74.0,W,14,W,34,16.4,,4.0
5/4/2001,1009.0,31.4,25.2,29.5,81.0,90.0,77.0,W,14,W,30,9.0,,5.0
5/5/2001,1010.7,29.8,24.0,27.3,88.0,95.0,83.0,W,13,W,37,6.4,,7.0
5/6/2001,1010.1,31.5,24.8,29.8,81.0,88.0,76.0,SW,13,SW,28,8.4,,4.0
5/7/2001,1011.3,30.6,26.6,28.5,84.0,91.0,78.0,SW,12,SW,32,2.9,,7.0
5/8/2001,1010.6,31.6,23.8,30.1,78.0,85.0,75.0,SW,12,W,42,8.9,,2.0
5/9/2001,1010.8,31.4,27.5,29.6,81.0,84.0,77.0,W,12,W,26,0.0,,4.0
5/10/2001,1011.2,31.2,27.6,29.9,79.0,83.0,77.0,W,16,W,34,0.2,,2.0
5/11/2001,1011.5,31.4,27.4,30.0,77.0,83.0,72.0,W,12,W,25,0.0,,3.0
5/12/2001,1011.4,31.4,25.9,29.4,81.0,83.0,76.0,W,10,W,24,7.4,,4.0
5/13/2001,1010.6,31.4,26.4,29.8,79.0,86.0,73.0,SW,9,SW,22,0.0,,2.0
5/14/2001,1010.6,32.4,27.0,30.2,76.0,86.0,70.0,SSW,7,SSW,16,0.0,,2.0
5/15/2001,1011.1,31.6,27.0,30.2,77.0,83.0,71.0,VRB,3,W,18,0.0,,2.0
5/16/2001,1011.6,31.6,26.8,30.2,74.0,82.0,67.0,SSW,8,SW,14,0.6,,1.0
5/17/2001,1012.4,31.4,25.4,29.2,79.0,87.0,71.0,SSW,10,W,20,8.2,,5.0
5/18/2001,1011.9,31.5,24.6,29.0,82.0,90.0,76.0,SW,11,WSW,21,7.6,,5.0
5/19/2001,1011.6,31.7,27.4,28.8,80.0,83.0,77.0,W,13,WSW,17,0.0,,7.0
5/20/2001,1010.7,32.3,27.5,30.0,77.0,86.0,72.0,WNW,11,WNW,15,0.0,,3.0
5/21/2001,1010.4,32.4,25.4,30.4,74.0,82.0,68.0,WSW,9,WNW,14,0.0,,5.0
5/22/2001,1010.2,31.7,27.2,29.9,76.0,85.0,71.0,SSW,6,W,12,0.0,,4.0
5/23/2001,1010.9,31.7,24.9,30.1,76.0,85.0,69.0,S,7,S,11,0.0,,2.0
5/24/2001,1010.3,31.8,24.6,29.8,77.0,90.0,72.0,CALM,0,S,7,0.0,,2.0
5/25/2001,1009.0,31.5,25.1,29.5,76.0,92.0,70.0,VRB,2,SSW,8,3.2,,2.0
5/26/2001,1009.8,32.0,24.0,29.4,79.0,90.0,68.0,WNW,12,WNW,23,0.0,,4.0
5/27/2001,1010.3,31.4,26.0,29.6,75.0,89.0,68.0,S,4,S,10,0.0,,4.0
5/28/2001,1010.5,30.9,26.3,29.7,78.0,90.0,73.0,S,9,S,14,0.0,,5.0
5/29/2001,1010.8,31.2,24.6,29.7,85.0,90.0,73.0,WNW,10,WNW,23,5.6,,7.0
5/30/2001,1010.8,31.3,24.6,28.9,77.0,92.0,72.0,WNW,8,NW,27,4.3,,7.0
5/31/2001,1009.9,31.4,27.0,29.2,79.0,93.0,71.0,WNW,12,WNW,20,0.0,,7.0
6/1/2001,1009.8,31.4,27.2,28.4,83.0,94.0,73.0,WNW,14,WNW,22,1.7,,7.0
6/2/2001,1010.7,31.2,27.6,29.6,78.0,83.0,74.0,WNW,14,WNW,23,0.0,,6.0
6/3/2001,1010.7,31.0,27.6,29.7,79.0,85.0,74.0,WNW,14,WNW,22,0.0,,7.0
6/4/2001,1009.8,31.5,26.4,29.6,79.0,82.0,75.0,WNW,13,WNW,23,9.5,,7.0
6/5/2001,1009.5,30.8,26.0,29.4,79.0,87.0,72.0,WNW,13,WNW,24,3.9,,6.0
6/6/2001,1008.1,31.4,27.6,29.9,76.0,80.0,73.0,WNW,13,WNW,22,0.3,,5.0
6/7/2001,1007.8,32.0,27.8,30.2,77.0,83.0,72.0,WNW,12,WNW,21,0.0,,5.0
6/8/2001,1007.8,31.6,26.8,30.1,76.0,85.0,72.0,WNW,8,WNW,18,0.0,,4.0
6/9/2001,1008.7,32.4,26.2,30.3,74.0,79.0,70.0,VRB,6,W,14,0.5,,4.0
6/10/2001,1008.9,32.2,27.1,29.8,74.0,79.0,71.0,W,6,SSW,12,0.0,,5.0
6/11/2001,1008.9,31.9,27.0,30.0,74.0,82.0,69.0,SSW,7,SSW,13,0.0,,5.0
6/12/2001,1010.7,31.6,27.4,29.5,78.0,86.0,69.0,SSW,8,WNW,26,1.8,,6.0
6/13/2001,1011.2,31.9,26.8,30.0,75.0,80.0,71.0,SW,9,SW,13,0.0,,6.0
6/14/2001,1011.6,31.4,27.1,29.7,73.0,85.0,68.0,SW,9,SW,14,0.0,,3.0
6/15/2001,1012.0,31.8,27.0,30.1,72.0,82.0,67.0,WSW,6,WNW,15,0.0,,3.0
6/16/2001,1011.1,31.8,27.2,29.9,74.0,81.0,69.0,WNW,9,WNW,17,0.2,,5.0
6/17/2001,1011.2,32.3,24.4,30.0,73.0,81.0,66.0,VRB,4,NW,13,0.0,,6.0
6/18/2001,1011.5,31.8,24.6,29.7,76.0,86.0,70.0,SSW,6,S,11,0.0,,3.0
6/19/2001,1012.4,31.6,24.3,29.4,75.0,85.0,69.0,VRB,2,SSE,6,0.0,,3.0
6/20/2001,1012.5,32.6,25.3,29.8,72.0,86.0,65.0,CALM,0,CALM,4,0.0,,1.0
6/21/2001,1012.2,32.7,25.8,29.9,74.0,87.0,67.0,CALM,0,W,11,0.0,,3.0
6/22/2001,1011.9,32.3,27.6,29.9,75.0,83.0,72.0,W,9,W,13,0.0,,4.0
6/23/2001,1012.2,30.8,24.6,27.9,82.0,95.0,76.0,W,14,W,35,3.4,,6.0
6/24/2001,1011.4,32.6,27.2,29.6,76.0,82.0,72.0,W,9,W,10,0.0,,7.0
6/25/2001,1012.0,32.2,26.4,30.0,76.0,83.0,72.0,VRB,5,W,25,0.0,,7.0
6/26/2001,1011.8,31.6,27.4,29.5,80.0,85.0,74.0,WNW,12,WNW,17,0.0,,7.0
6/27/2001,1012.3,31.6,25.6,30.0,77.0,83.0,73.0,W,11,W,15,0.0,,4.0
6/28/2001,1012.5,32.4,25.4,29.8,76.0,83.0,70.0,WSW,10,WSW,18,0.0,,6.0
6/29/2001,1011.4,32.6,24.6,29.6,76.0,83.0,72.0,WSW,7,WSW,14,5.4,,7.0
6/30/2001,1011.3,32.2,25.6,28.1,85.0,97.0,75.0,SW,5,SW,13,1.1,,7.0
7/1/2001,1011.9,32.2,26.6,29.8,76.0,83.0,70.0,SW,6,SW,11,0.0,,6.0
7/2/2001,1012.8,31.8,26.6,29.9,78.0,86.0,75.0,W,7,W,12,0.0,,5.0
7/3/2001,1011.4,31.6,27.2,30.1,76.0,83.0,71.0,W,8,WSW,13,0.0,,3.0
7/4/2001,1010.6,31.5,27.6,29.8,77.0,83.0,72.0,WSW,10,WSW,14,0.0,,5.0
7/5/2001,1009.8,31.3,27.5,29.9,79.0,85.0,76.0,W,12,W,17,0.0,,3.0
7/6/2001,1010.3,32.4,27.1,30.2,78.0,83.0,75.0,WNW,14,W,20,0.0,,3.0
7/7/2001,1010.5,31.7,24.0,30.1,78.0,85.0,73.0,SW,9,WNW,45,25.1,,4.0
7/8/2001,1010.2,30.4,25.2,27.0,84.0,98.0,73.0,SW,14,SSW,24,0.0,,8.0
7/9/2001,1009.4,31.2,23.4,29.5,76.0,80.0,74.0,S,12,WNW,37,29.7,,8.0
7/10/2001,1010.6,30.2,24.6,27.4,80.0,88.0,73.0,WNW,9,WNW,16,0.0,,8.0
7/11/2001,1010.3,30.8,22.9,29.3,75.0,82.0,71.0,S,8,S,14,2.4,,8.0
7/12/2001,1010.0,31.2,25.6,29.4,77.0,81.0,72.0,S,8,S,13,0.0,,4.0
7/13/2001,1010.9,31.8,25.2,29.6,79.0,86.0,73.0,VRB,4,WNW,17,0.0,,4.0
7/14/2001,1012.2,33.0,26.2,29.5,78.0,86.0,72.0,NW,7,WNW,16,0.0,,5.0
7/15/2001,1012.9,32.1,26.6,29.4,79.0,84.0,75.0,NW,12,WNW,15,0.0,,6.0
7/16/2001,1013.6,30.4,22.6,27.8,81.0,86.0,78.0,NW,11,SW,28,11.6,,8.0
7/17/2001,1012.8,31.0,23.8,26.8,82.0,92.0,77.0,WNW,8,WNW,24,11.2,,8.0
7/18/2001,1011.1,29.2,23.2,28.3,84.0,87.0,79.0,NW,11,NW,27,20.4,,8.0
7/19/2001,1010.8,31.9,24.2,28.6,81.0,90.0,74.0,NW,6,NW,16,0.3,,7.0
7/20/2001,1011.3,32.4,23.9,26.9,81.0,92.0,69.0,NW,17,NW,49,5.9,,5.0
7/21/2001,1010.1,31.6,26.9,29.4,74.0,84.0,68.0,NW,11,NW,20,0.0,,7.0
7/22/2001,1010.3,32.4,26.2,30.0,74.0,80.0,68.0,WNW,10,WNW,15,0.0,,6.0
7/23/2001,1010.4,31.6,25.7,29.1,75.0,81.0,69.0,WNW,8,W,37,0.0,,4.0
7/24/2001,1010.2,32.3,24.0,29.6,76.0,84.0,69.0,WNW,9,NW,23,1.4,,6.0
7/25/2001,1010.4,30.4,23.2,27.7,79.0,90.0,73.0,WNW,6,W,33,11.4,,7.0
7/26/2001,1011.0,30.4,23.4,28.3,82.0,87.0,74.0,WNW,12,NW,35,9.6,,8.0
7/27/2001,1011.1,29.2,24.5,27.2,83.0,92.0,76.0,W,10,W,27,4.1,,8.0
7/28/2001,1011.2,29.4,25.4,28.2,76.0,82.0,71.0,WSW,13,W,28,0.0,,8.0
7/29/2001,1012.6,30.2,25.0,29.0,76.0,80.0,71.0,W,10,W,14,0.0,,8.0
7/30/2001,1011.9,31.8,27.0,29.9,75.0,83.0,71.0,W,7,W,11,0.0,,6.0
7/31/2001,1012.6,31.3,23.4,29.2,77.0,90.0,70.0,VRB,5,WNW,18,3.3,,7.0
8/1/2001,1012.9,30.5,25.4,28.1,78.0,84.0,70.0,NW,15,NW,43,2.9,,6.0
8/2/2001,1011.5,31.4,25.8,29.2,78.0,87.0,73.0,WNW,15,NW,20,0.0,,5.0
8/3/2001,1010.7,30.8,23.6,28.6,81.0,89.0,73.0,WNW,13,WNW,22,16.8,,7.0
8/4/2001,1012.2,31.8,26.4,28.8,81.0,89.0,72.0,VRB,4,WNW,16,0.0,,7.0
8/5/2001,1012.4,31.9,26.1,29.8,76.0,81.0,72.0,NW,12,NW,16,0.4,,4.0
8/6/2001,1012.2,31.2,26.2,29.0,79.0,89.0,74.0,NW,11,NW,15,0.0,,8.0
8/7/2001,1010.7,32.8,25.4,29.8,76.0,86.0,69.0,NW,10,NW,13,0.0,,5.0
8/8/2001,1011.7,31.0,26.0,29.2,78.0,86.0,73.0,WNW,6,WNW,13,0.0,,5.0
8/9/2001,1012.7,33.0,24.6,30.4,74.0,84.0,68.0,NW,7,WNW,20,1.6,,1.0
8/10/2001,1012.4,32.6,26.4,29.8,80.0,86.0,72.0,NW,11,NW,16,1.1,,2.0
8/11/2001,1011.8,31.6,26.8,29.6,77.0,89.0,71.0,VRB,4,NW,12,0.0,,3.0
8/12/2001,1011.3,31.2,25.2,29.7,74.0,86.0,70.0,SSW,5,SSW,14,0.0,,1.0
8/13/2001,1011.2,31.5,25.8,29.7,75.0,86.0,71.0,S,6,SE,16,0.8,,1.0
8/14/2001,1012.7,31.5,26.7,29.4,79.0,82.0,73.0,S,7,SSE,13,0.6,,4.0
8/15/2001,1013.9,31.6,27.0,29.8,74.0,83.0,69.0,SSE,9,SSE,14,0.0,,1.0
8/16/2001,1013.0,31.7,24.4,29.9,76.0,83.0,72.0,SSE,8,S,14,6.9,,1.0
8/17/2001,1013.2,30.8,23.5,25.9,89.0,98.0,79.0,ESE,6,NW,17,14.9,,7.0
8/18/2001,1012.3,31.4,25.9,29.1,80.0,92.0,72.0,S,6,S,15,0.9,,5.0
8/19/2001,1012.4,31.6,26.0,29.6,77.0,87.0,71.0,SSW,8,SSW,16,1.6,,5.0
8/20/2001,1012.5,31.6,26.4,29.8,74.0,79.0,69.0,SSW,8,S,16,0.4,,7.0
8/21/2001,1012.6,30.0,24.4,28.8,79.0,83.0,75.0,VRB,4,WNW,23,7.8,,6.0
8/22/2001,1011.7,32.6,25.6,29.4,73.0,91.0,65.0,VRB,1,WNW,7,0.0,,2.0
8/23/2001,1010.9,33.8,24.4,30.7,71.0,86.0,64.0,VRB,3,WNW,17,6.1,,2.0
8/24/2001,1011.4,30.6,24.0,28.0,82.0,84.0,78.0,WNW,5,W,20,10.9,,8.0
8/25/2001,1012.9,29.4,23.6,27.6,78.0,85.0,75.0,NW,9,WNW,23,0.0,,7.0
8/26/2001,1012.5,32.3,23.9,29.6,74.0,87.0,68.0,VRB,4,W,23,13.7,,5.0
8/27/2001,1012.7,27.8,25.0,26.2,84.0,88.0,80.0,WNW,15,WNW,21,0.3,,8.0
8/28/2001,1011.9,32.2,23.4,29.0,79.0,90.0,71.0,NW,10,WNW,27,38.7,,6.0
8/29/2001,1011.7,31.0,24.6,27.8,82.0,87.0,78.0,NW,9,NW,25,2.6,,7.0
8/30/2001,1011.0,31.4,25.4,28.7,80.0,89.0,72.0,WNW,9,NW,26,7.4,,8.0
8/31/2001,1010.8,31.4,22.9,29.0,79.0,90.0,73.0,NW,13,NW,29,60.1,,8.0
9/1/2001,1011.9,28.8,23.8,25.2,93.0,98.0,86.0,NW,9,NW,30,41.9,,8.0
9/2/2001,1011.2,31.6,26.0,29.3,79.0,86.0,73.0,NW,12,NW,20,0.0,,5.0
9/3/2001,1012.1,32.2,24.4,28.7,81.0,92.0,72.0,NW,12,NNW,26,16.3,,4.0
9/4/2001,1013.1,31.4,26.0,29.2,76.0,89.0,71.0,VRB,3,WNW,13,0.0,,4.0
9/5/2001,1012.7,32.0,26.4,29.6,76.0,84.0,70.0,WNW,8,WNW,12,0.0,,4.0
9/6/2001,1012.6,32.2,26.3,29.5,79.0,90.0,70.0,W,7,WNW,15,7.8,,6.0
9/7/2001,1012.7,31.0,24.4,29.2,78.0,89.0,74.0,WSW,7,W,19,14.1,,4.0
9/8/2001,1013.9,29.2,24.1,25.3,92.0,95.0,88.0,WNW,12,WNW,20,24.6,,8.0
9/9/2001,1012.3,31.4,25.6,29.0,77.0,90.0,71.0,WNW,11,WNW,17,0.0,,6.0
9/10/2001,1011.6,31.0,25.8,28.8,78.0,81.0,74.0,WNW,11,WNW,18,0.7,,7.0
9/11/2001,1010.9,30.8,24.4,29.2,76.0,82.0,70.0,WNW,9,W,22,1.3,,5.0
9/12/2001,1011.4,29.8,23.4,26.6,86.0,90.0,78.0,WNW,11,NW,23,44.7,,7.0
9/13/2001,1011.3,28.8,23.5,26.0,86.0,98.0,78.0,WNW,13,WNW,22,4.7,,8.0
9/14/2001,1010.9,29.6,24.2,27.2,83.0,95.0,78.0,WNW,15,WNW,21,3.2,,8.0
9/15/2001,1011.7,30.4,24.5,27.5,83.0,92.0,78.0,WNW,9,WNW,22,0.9,,7.0
9/16/2001,1011.6,30.4,26.4,28.7,81.0,87.0,78.0,WNW,15,WNW,20,0.0,,7.0
9/17/2001,1011.7,31.8,26.8,29.4,77.0,83.0,73.0,WNW,12,WNW,16,0.0,,6.0
9/18/2001,1011.3,30.5,25.4,29.1,77.0,81.0,73.0,SW,6,WNW,17,2.8,,3.0
9/19/2001,1011.7,30.3,25.6,28.1,80.0,84.0,76.0,W,12,W,23,0.1,,5.0
9/20/2001,1012.0,31.0,25.3,28.7,77.0,81.0,71.0,W,12,SW,21,0.0,,4.0
9/21/2001,1011.9,31.1,26.4,29.0,76.0,83.0,71.0,WSW,11,SW,16,0.0,,6.0
9/22/2001,1012.2,32.2,26.3,29.4,74.0,79.0,70.0,S,12,S,17,0.0,,6.0
9/23/2001,1012.2,32.0,26.4,29.8,75.0,79.0,72.0,S,9,S,14,0.0,,3.0
9/24/2001,1012.3,31.6,24.5,29.6,75.0,86.0,68.0,SW,9,SW,15,0.9,,6.0
9/25/2001,1011.6,30.7,26.2,28.3,79.0,84.0,74.0,WSW,8,WNW,19,0.0,,7.0
9/26/2001,1010.3,31.6,27.0,29.5,75.0,80.0,73.0,WSW,9,WSW,14,0.0,,5.0
9/27/2001,1010.4,32.3,26.2,29.9,72.0,81.0,66.0,WSW,9,W,24,0.0,,4.0
9/28/2001,1010.7,32.5,24.7,29.8,74.0,89.0,67.0,WSW,14,W,42,26.8,,3.0
9/29/2001,1011.1,30.8,25.4,27.5,82.0,87.0,77.0,WSW,15,W,37,2.3,,8.0
9/30/2001,1010.9,30.6,27.4,28.9,80.0,85.0,78.0,W,15,W,29,0.0,,5.0
10/1/2001,1011.0,30.8,22.8,29.2,79.0,83.0,73.0,W,17,WNW,30,11.3,,6.0
10/2/2001,1012.3,30.9,24.8,28.6,78.0,84.0,75.0,WNW,15,W,25,2.2,,7.0
10/3/2001,1011.9,30.7,24.2,29.0,78.0,85.0,74.0,W,15,W,22,0.8,,6.0
10/4/2001,1011.7,31.0,24.7,29.1,79.0,83.0,76.0,W,15,WNW,36,2.3,,7.0
10/5/2001,1011.4,30.4,24.0,28.7,83.0,92.0,77.0,WNW,15,WNW,24,0.0,,6.0
10/6/2001,1011.4,31.2,26.8,29.5,79.0,85.0,76.0,WNW,16,WNW,24,0.0,,4.0
10/7/2001,1011.8,30.8,25.8,29.4,78.0,83.0,73.0,WNW,15,WNW,22,1.6,,4.0
10/8/2001,1011.8,30.9,23.4,28.8,81.0,87.0,78.0,WNW,14,WNW,20,6.3,,7.0
10/9/2001,1012.3,30.8,23.4,29.0,76.0,78.0,74.0,WNW,7,W,22,8.8,,6.0
10/10/2001,1013.2,30.2,23.4,27.0,82.0,92.0,77.0,NW,6,NW,22,1.8,,8.0
10/11/2001,1013.7,30.4,23.8,27.0,83.0,98.0,76.0,VRB,4,SSW,21,33.8,,8.0
10/12/2001,1013.2,30.9,25.9,28.8,79.0,89.0,73.0,SSW,10,SSW,17,0.0,,4.0
10/13/2001,1012.0,31.0,26.4,29.6,73.0,80.0,68.0,SSW,12,SSW,16,0.0,,1.0
10/14/2001,1011.1,31.2,27.0,29.5,74.0,80.0,69.0,SSW,7,WNW,19,0.0,,7.0
10/15/2001,1011.9,31.6,27.2,29.8,74.0,79.0,72.0,WNW,14,WNW,19,0.0,,1.0
10/16/2001,1011.8,31.2,23.6,29.7,78.0,85.0,74.0,WNW,16,W,24,16.8,,3.0
10/17/2001,1012.4,29.6,24.6,27.6,85.0,90.0,82.0,SW,16,W,22,7.0,,7.0
10/18/2001,1011.5,30.4,23.6,28.8,83.0,85.0,78.0,WSW,12,WSW,19,7.2,,6.0
10/19/2001,1013.4,29.2,23.0,26.4,88.0,90.0,77.0,SW,9,SW,18,45.3,,7.0
10/20/2001,1013.3,30.8,24.6,28.6,83.0,93.0,79.0,W,6,W,16,34.4,,4.0
10/21/2001,1011.5,31.5,25.2,29.1,81.0,93.0,73.0,WNW,6,WNW,17,0.4,,4.0
10/22/2001,1010.7,31.7,24.6,28.3,86.0,90.0,78.0,WNW,15,WNW,35,14.9,,4.0
10/23/2001,1010.8,30.4,23.6,28.7,83.0,90.0,78.0,WNW,16,W,24,16.0,,6.0
10/24/2001,1011.0,28.2,23.2,26.3,90.0,93.0,86.0,SW,15,WSW,27,64.7,,8.0
10/25/2001,1010.4,29.6,23.4,26.7,86.0,92.0,82.0,SW,11,W,23,0.0,,7.0
10/26/2001,1009.8,28.8,24.6,27.4,85.0,87.0,79.0,W,15,W,26,7.5,,7.0
10/27/2001,1010.7,30.3,24.1,28.1,85.0,86.0,81.0,W,11,WNW,19,0.0,,7.0
10/28/2001,1011.3,29.8,25.0,28.0,85.0,89.0,81.0,WNW,15,WNW,21,3.6,,6.0
10/29/2001,1011.2,30.0,24.4,27.8,85.0,90.0,82.0,WNW,11,W,20,8.4,,7.0
10/30/2001,1011.0,30.6,24.2,28.5,83.0,86.0,77.0,WNW,14,WNW,30,4.7,,6.0
10/31/2001,1011.5,30.7,25.1,29.4,81.0,85.0,77.0,WNW,16,WNW,23,4.5,,3.0
11/1/2001,1011.8,31.2,23.8,28.7,84.0,90.0,77.0,NW,16,WNW,21,29.8,,2.0
11/2/2001,1013.1,31.6,25.6,29.4,80.0,87.0,76.0,NW,8,NW,14,0.0,,6.0
11/3/2001,1012.0,31.8,25.5,29.6,78.0,85.0,72.0,NW,8,NW,11,0.0,,4.0
11/4/2001,1011.4,32.1,25.8,29.5,75.0,86.0,68.0,NW,6,NW,12,0.0,,2.0
11/5/2001,1012.4,31.8,26.2,29.5,75.0,84.0,68.0,WNW,6,NW,11,0.0,,6.0
11/6/2001,1012.3,30.8,25.0,29.3,75.0,87.0,68.0,SW,6,WNW,14,4.5,,3.0
11/7/2001,1011.1,29.8,25.1,28.1,82.0,86.0,76.0,W,8,W,25,11.5,,5.0
11/8/2001,1010.3,30.4,24.8,28.5,83.0,86.0,80.0,W,9,W,24,2.9,,6.0
11/9/2001,1011.2,28.4,23.0,26.1,91.0,93.0,89.0,W,14,W,23,40.5,,8.0
11/10/2001,1010.2,29.6,23.4,27.7,84.0,89.0,79.0,W,18,WNW,35,34.3,,7.0
11/11/2001,1010.6,28.0,23.0,26.1,91.0,98.0,84.0,WNW,23,WNW,39,30.5,,8.0
11/12/2001,1009.8,29.2,23.2,27.4,85.0,90.0,81.0,WNW,18,WNW,26,9.8,,6.0
11/13/2001,1012.0,30.4,23.4,26.5,85.0,98.0,73.0,WNW,12,WNW,23,15.4,,7.0
11/14/2001,1012.9,30.8,24.4,29.0,78.0,87.0,73.0,VRB,3,W,18,0.9,,4.0
11/15/2001,1012.6,31.2,26.4,29.1,79.0,87.0,72.0,WNW,8,WNW,15,0.0,,3.0
11/16/2001,1012.6,31.0,26.1,29.0,76.0,80.0,71.0,WNW,14,WNW,17,0.0,,4.0
11/17/2001,1012.5,31.2,25.9,28.9,78.0,85.0,75.0,NW,17,NW,20,0.0,,3.0
11/18/2001,1012.4,31.4,26.4,29.1,78.0,84.0,75.0,WNW,12,NW,16,0.3,,3.0
11/19/2001,1011.6,31.0,24.1,28.9,76.0,81.0,75.0,WNW,11,NW,17,32.8,,3.0
11/20/2001,1012.6,31.5,24.0,27.8,86.0,96.0,77.0,NW,8,WNW,19,9.7,,6.0
11/21/2001,1012.0,30.7,24.3,27.2,87.0,90.0,81.0,WNW,11,NW,22,5.3,,7.0
11/22/2001,1012.4,30.6,24.3,28.0,84.0,90.0,81.0,W,10,WNW,24,6.7,,6.0
11/23/2001,1012.5,30.2,25.0,28.1,83.0,90.0,78.0,WNW,14,WNW,28,0.3,,6.0
11/24/2001,1013.6,30.2,23.4,27.2,82.0,85.0,75.0,WNW,12,NW,35,9.3,,6.0
11/25/2001,1012.1,30.8,23.6,28.4,74.0,87.0,67.0,NW,7,NW,19,0.0,,5.0
11/26/2001,1011.2,31.7,23.5,29.3,80.0,92.0,72.0,VRB,3,NW,9,5.3,,3.0
11/27/2001,1012.3,31.0,24.7,28.0,79.0,90.0,70.0,VRB,3,E,10,1.9,,6.0
11/28/2001,1011.7,30.8,24.9,29.0,80.0,90.0,73.0,CALM,0,W,11,0.0,,5.0
11/29/2001,1011.0,31.9,24.1,29.2,76.0,90.0,68.0,VRB,3,NW,10,0.0,,3.0
11/30/2001,1011.5,31.7,23.2,28.8,79.0,90.0,72.0,VRB,4,E,14,0.0,,3.0
12/1/2001,1011.4,32.0,24.3,28.8,77.0,82.0,73.0,E,5,E,13,0.0,,4.0
12/2/2001,1011.0,30.7,25.4,27.6,82.0,90.0,76.0,NW,10,NW,19,4.3,,6.0
12/3/2001,1010.2,31.0,23.1,28.5,81.0,89.0,74.0,NNW,13,NW,17,7.8,,4.0
12/4/2001,1011.1,30.2,22.3,27.7,81.0,88.0,78.0,NNW,13,NNW,17,70.2,,7.0
12/5/2001,1010.0,30.6,25.3,27.0,88.0,98.0,77.0,NW,5,NW,12,0.0,,7.0
12/6/2001,1011.7,30.4,24.6,28.9,80.0,88.0,75.0,SSE,5,S,12,0.5,,3.0
12/7/2001,1012.1,29.4,23.4,27.9,83.0,90.0,78.0,VRB,2,S,9,0.0,,6.0
12/8/2001,1012.1,30.7,23.3,28.7,78.0,90.0,71.0,VRB,2,NNW,11,0.0,,2.0
12/9/2001,1013.2,30.8,23.0,28.1,81.0,90.0,73.0,NE,7,NE,13,2.3,,4.0
12/10/2001,1013.6,30.6,24.0,27.3,84.0,93.0,77.0,NE,9,NE,16,1.2,,7.0
12/11/2001,1013.9,28.4,23.4,26.1,88.0,96.0,80.0,W,7,W,23,1.2,,8.0
12/12/2001,1013.8,30.7,24.3,28.7,78.0,88.0,73.0,ESE,6,ENE,16,1.4,,3.0
12/13/2001,1013.3,30.5,23.3,28.3,82.0,90.0,77.0,NE,12,NE,17,4.0,,6.0
12/14/2001,1014.2,27.8,23.1,25.8,92.0,98.0,87.0,E,7,ESE,19,18.3,,7.0
12/15/2001,1014.2,29.9,25.0,27.8,83.0,92.0,79.0,NE,10,NE,17,0.0,,5.0
12/16/2001,1013.3,30.6,25.3,28.4,74.0,88.0,67.0,NE,12,NE,19,0.0,,6.0
12/17/2001,1013.4,30.0,24.3,28.5,70.0,81.0,63.0,NNE,11,NNE,16,0.0,,3.0
12/18/2001,1013.3,29.8,23.1,28.4,74.0,78.0,70.0,NNE,8,NE,12,0.0,,2.0
12/19/2001,1012.9,30.5,22.6,28.3,78.0,90.0,71.0,NE,6,ENE,12,0.0,,2.0
12/20/2001,1012.8,30.8,22.5,28.1,78.0,92.0,71.0,VRB,2,ENE,11,0.0,,3.0
12/21/2001,1012.6,30.9,25.0,29.1,78.0,95.0,70.0,ENE,4,SSE,11,0.2,,3.0
12/22/2001,1012.9,30.6,23.4,28.5,79.0,88.0,72.0,NNW,9,NE,14,0.0,,4.0
12/23/2001,1013.4,30.7,24.6,28.7,77.0,90.0,72.0,VRB,3,E,7,0.0,,3.0
12/24/2001,1013.4,31.0,24.7,29.0,78.0,87.0,73.0,NNE,6,NNE,12,0.0,,2.0
12/25/2001,1013.6,31.4,25.0,28.7,80.0,93.0,72.0,E,5,E,22,1.9,,2.0
12/26/2001,1013.9,30.7,24.1,28.8,79.0,90.0,72.0,ENE,7,E,15,0.2,,2.0
12/27/2001,1014.9,30.0,25.2,27.5,83.0,90.0,77.0,ENE,9,ESE,17,0.0,,3.0
12/28/2001,1014.9,30.4,24.0,28.5,79.0,88.0,75.0,ENE,9,NE,14,0.3,,2.0
12/29/2001,1013.8,30.6,23.6,27.5,85.0,93.0,77.0,SE,6,SE,24,7.0,,7.0
12/30/2001,1014.0,30.7,24.8,28.4,80.0,92.0,75.0,ENE,9,E,14,0.0,,3.0
12/31/2001,1012.7,30.4,24.6,28.0,87.0,92.0,82.0,NE,6,ENE,14,10.5,,4.0
1/1/2002,1012.7,30.7,26.4,28.6,82.0,88.0,76.0,ENE,10,E,18,0.0,,4.0
1/2/2002,1012.7,31.4,24.4,29.4,77.0,80.0,74.0,ENE,13,E,28,22.2,,3.0
1/3/2002,1012.6,29.4,21.9,26.2,85.0,90.0,83.0,ENE,12,E,25,40.3,,8.0
1/4/2002,1012.8,28.4,22.4,25.8,89.0,90.0,83.0,SE,9,SE,27,36.8,,8.0
1/5/2002,1012.0,27.6,21.6,25.5,90.0,96.0,83.0,NE,10,NE,22,43.1,,8.0
1/6/2002,1011.7,30.2,22.7,27.9,84.0,90.0,81.0,NE,6,ENE,15,4.5,,6.0
1/7/2002,1011.7,30.3,25.0,28.1,81.0,90.0,74.0,E,10,E,16,0.0,,5.0
1/8/2002,1011.4,31.4,25.4,29.3,79.0,86.0,77.0,ENE,10,NE,19,0.0,,4.0
1/9/2002,1011.6,31.2,26.6,29.5,79.0,84.0,76.0,ENE,13,ENE,18,0.0,,5.0
1/10/2002,1010.9,30.6,22.5,29.1,78.0,81.0,75.0,NE,13,NE,29,31.9,,6.0
1/11/2002,1012.9,29.0,22.3,26.5,89.0,95.0,80.0,NE,12,NE,21,4.9,,8.0
1/12/2002,1012.9,28.4,22.4,26.0,90.0,98.0,83.0,NNE,7,NE,22,49.8,,8.0
1/13/2002,1011.2,30.4,23.6,27.9,84.0,93.0,79.0,NNE,11,NNE,17,0.0,,8.0
1/14/2002,1010.2,30.8,24.2,28.8,79.0,86.0,72.0,NNE,8,NE,16,0.0,,7.0
1/15/2002,1011.3,29.6,25.3,27.6,80.0,83.0,75.0,NNE,10,N,15,0.0,,7.0
1/16/2002,1011.5,30.2,25.4,28.6,75.0,81.0,69.0,N,10,N,15,0.0,,7.0
1/17/2002,1010.8,30.4,25.2,28.3,74.0,81.0,67.0,N,9,NNE,14,0.0,,8.0
1/18/2002,1009.8,30.3,25.0,28.4,73.0,80.0,67.0,NNE,6,NNE,11,0.0,,7.0
1/19/2002,1010.0,30.6,25.2,28.5,71.0,85.0,66.0,NNE,6,NE,10,0.0,,6.0
1/20/2002,1010.7,30.8,24.8,28.6,71.0,84.0,65.0,NNE,6,NNE,10,0.0,,4.0
1/21/2002,1010.4,31.0,25.1,28.8,78.0,84.0,73.0,ESE,7,ESE,12,0.0,,3.0
1/22/2002,1010.3,31.2,25.5,29.0,76.0,85.0,72.0,ESE,7,ESE,12,0.0,,3.0
1/23/2002,1011.3,31.6,26.4,29.4,76.0,84.0,71.0,ESE,7,ESE,11,0.0,,5.0
1/24/2002,1012.1,31.7,25.6,29.5,76.0,81.0,73.0,NE,8,NE,13,0.0,,5.0
1/25/2002,1012.1,30.4,24.4,28.4,80.0,83.0,77.0,N,5,NNW,15,7.4,,6.0
1/26/2002,1012.1,30.5,25.7,26.8,81.0,90.0,76.0,NNW,10,NNW,14,0.0,,7.0
1/27/2002,1012.2,30.6,23.9,29.2,78.0,83.0,74.0,NNW,6,NNW,15,1.3,,5.0
1/28/2002,1012.4,30.4,24.0,28.1,82.0,88.0,71.0,NNW,7,NNW,12,0.0,,7.0
1/29/2002,1012.6,31.0,25.8,28.9,75.0,88.0,71.0,N,10,N,18,0.0,,5.0
1/30/2002,1011.1,30.9,25.6,29.0,75.0,80.0,71.0,N,10,N,14,0.0,,7.0
1/31/2002,1012.0,31.8,26.0,29.1,73.0,78.0,69.0,NW,9,NW,14,0.0,,4.0
2/1/2002,1012.3,32.2,26.6,29.4,74.0,84.0,69.0,NW,11,NW,16,0.0,,4.0
2/2/2002,1012.3,32.6,26.6,29.5,77.0,83.0,72.0,NW,12,NW,14,0.0,,5.0
2/3/2002,1011.5,32.3,23.6,30.0,77.0,83.0,72.0,NW,8,NW,11,0.0,,3.0
2/4/2002,1010.6,32.2,24.4,29.3,76.0,93.0,67.0,VRB,2,NW,6,0.0,,4.0
2/5/2002,1011.5,32.6,24.8,29.7,76.0,89.0,70.0,VRB,2,NW,13,1.4,,2.0
2/6/2002,1011.7,31.2,23.8,28.3,80.0,89.0,73.0,VRB,4,W,20,27.5,,5.0
2/7/2002,1012.0,31.0,24.0,28.2,78.0,88.0,71.0,NW,5,ENE,14,0.0,,6.0
2/8/2002,1011.4,31.8,23.6,29.3,76.0,90.0,69.0,VRB,1,ESE,9,34.2,,2.0
2/9/2002,1011.6,31.4,24.4,27.7,84.0,100.0,75.0,NE,5,NE,20,3.6,,5.0
2/10/2002,1011.4,30.2,25.6,28.4,80.0,89.0,73.0,ENE,6,E,14,0.0,,7.0
2/11/2002,1011.6,31.2,26.0,29.3,77.0,84.0,71.0,E,6,ENE,19,0.0,,5.0
2/12/2002,1011.6,31.0,24.6,29.4,76.0,84.0,71.0,ENE,9,E,25,9.8,,5.0
2/13/2002,1011.9,30.4,23.8,28.0,83.0,93.0,78.0,E,9,ENE,18,3.7,,7.0
2/14/2002,1012.9,28.4,23.2,26.2,91.0,97.0,84.0,E,7,E,23,64.9,,8.0
2/15/2002,1013.8,27.8,22.9,25.4,94.0,98.0,87.0,ENE,5,NW,19,8.5,,8.0
2/16/2002,1013.0,31.5,23.1,27.7,81.0,100.0,62.0,NNW,12,NNW,20,0.5,,6.0
2/17/2002,1013.8,31.0,24.9,29.0,77.0,84.0,73.0,NE,9,NE,14,0.0,,7.0
2/18/2002,1014.9,31.0,24.6,29.2,76.0,88.0,69.0,E,10,E,15,0.0,,2.0
2/19/2002,1016.6,31.6,25.4,29.5,76.0,88.0,70.0,ENE,7,ENE,13,0.0,,2.0
2/20/2002,1015.5,31.6,26.2,29.4,75.0,87.0,67.0,NE,9,NE,15,0.0,,1.0
2/21/2002,1014.7,31.4,26.1,29.5,72.0,80.0,68.0,ENE,9,NE,14,0.0,,1.0
2/22/2002,1015.2,31.4,27.0,29.6,74.0,81.0,67.0,ENE,11,NE,20,0.0,,2.0
2/23/2002,1014.0,31.6,26.9,29.9,73.0,78.0,69.0,NE,15,NE,21,0.0,,1.0
2/24/2002,1012.8,32.0,26.6,29.8,72.0,79.0,70.0,NE,14,NE,19,0.0,,2.0
2/25/2002,1011.8,31.6,26.5,29.7,72.0,78.0,67.0,NE,12,NE,18,0.0,,3.0
2/26/2002,1011.8,31.7,23.8,29.8,74.0,81.0,67.0,NE,10,ENE,14,2.3,,1.0
2/27/2002,1012.0,30.2,25.6,27.4,83.0,92.0,75.0,NE,10,ENE,18,0.0,,7.0
2/28/2002,1011.2,30.4,23.6,27.0,87.0,96.0,76.0,E,10,NE,23,22.6,,6.0
3/1/2002,1010.5,29.1,24.0,27.6,83.0,87.0,80.0,SE,8,SE,13,2.7,,7.0
3/2/2002,1011.2,29.8,24.6,27.6,88.0,98.0,85.0,E,8,NE,22,14.0,,5.0
3/3/2002,1010.4,31.0,26.0,28.7,78.0,84.0,74.0,SE,6,E,18,1.2,,6.0
3/4/2002,1009.6,31.2,25.6,29.3,75.0,84.0,70.0,E,8,E,16,0.0,,3.0
3/5/2002,1011.0,31.0,23.6,29.4,73.0,87.0,64.0,E,5,E,10,0.0,,2.0
3/6/2002,1012.3,32.2,25.4,29.1,78.0,97.0,68.0,VRB,1,S,12,0.0,,4.0
3/7/2002,1012.0,33.6,26.0,29.9,78.0,88.0,68.0,NW,7,NW,17,0.1,,3.0
3/8/2002,1011.1,31.8,25.7,28.7,77.0,84.0,70.0,NNW,6,NW,20,0.2,,3.0
3/9/2002,1012.2,29.4,22.6,26.0,89.0,96.0,84.0,ENE,5,SE,20,26.5,,6.0
3/10/2002,1012.7,28.0,23.6,26.0,88.0,96.0,80.0,E,6,E,15,2.8,,7.0
3/11/2002,1011.3,31.2,25.3,29.2,81.0,86.0,76.0,ENE,10,ENE,17,0.0,,6.0
3/12/2002,1011.8,31.0,25.6,29.3,75.0,83.0,68.0,ENE,7,ENE,15,0.0,,2.0
3/13/2002,1012.7,31.6,23.6,29.5,71.0,80.0,64.0,NE,7,NE,15,0.0,,2.0
3/14/2002,1012.5,31.2,25.4,28.8,76.0,90.0,70.0,NE,7,NE,17,0.0,,5.0
3/15/2002,1011.7,31.8,24.2,29.2,80.0,87.0,74.0,E,5,E,13,0.0,,6.0
3/16/2002,1010.9,32.4,23.2,29.4,78.0,89.0,72.0,VRB,3,NE,14,16.2,,4.0
3/17/2002,1010.4,31.4,23.6,28.8,77.0,88.0,68.0,VRB,3,NE,12,0.0,,6.0
3/18/2002,1010.9,31.2,26.2,29.0,78.0,95.0,72.0,VRB,3,E,8,0.0,,2.0
3/19/2002,1011.5,32.0,25.0,29.6,76.0,81.0,72.0,ENE,5,NE,20,2.0,,6.0
3/20/2002,1010.4,32.6,25.4,30.0,75.0,87.0,69.0,NE,9,NE,17,0.0,,4.0
3/21/2002,1011.7,30.0,23.6,27.1,84.0,93.0,75.0,ENE,7,E,25,8.0,,8.0
3/22/2002,1009.9,31.4,24.2,29.0,75.0,88.0,69.0,NE,6,NNE,15,0.0,,4.0
3/23/2002,1010.2,33.0,26.4,29.5,80.0,96.0,72.0,NW,7,NW,14,0.0,,6.0
3/24/2002,1009.7,33.0,27.2,30.0,76.0,84.0,71.0,NW,7,NW,13,0.0,,6.0
3/25/2002,1007.7,33.1,27.0,30.4,76.0,85.0,69.0,NW,11,NW,14,0.0,,4.0
3/26/2002,1008.4,32.4,26.8,30.3,73.0,83.0,67.0,NW,8,NW,13,0.0,,2.0
3/27/2002,1009.6,33.2,26.6,30.4,72.0,81.0,66.0,NW,6,NW,11,0.0,,2.0
3/28/2002,1010.6,32.7,25.7,30.4,72.0,89.0,64.0,WNW,6,WNW,11,0.0,,3.0
3/29/2002,1010.1,33.0,23.8,30.2,72.0,83.0,65.0,NW,5,NW,10,0.0,,5.0
3/30/2002,1011.0,31.8,24.9,29.8,72.0,78.0,67.0,VRB,4,NE,11,0.0,,3.0
3/31/2002,1010.9,32.3,27.5,29.6,76.0,92.0,69.0,E,4,E,10,0.0,,4.0
4/1/2002,1013.4,31.8,24.5,30.2,71.0,80.0,67.0,SSE,6,SSE,12,0.0,,3.0
4/2/2002,1014.0,32.2,27.0,29.5,70.0,87.0,63.0,VRB,2,SSW,8,0.0,,5.0
4/3/2002,1011.5,32.0,27.2,30.1,68.0,80.0,61.0,VRB,3,W,8,0.0,,1.0
4/4/2002,1010.0,32.6,27.2,30.3,68.0,78.0,63.0,W,7,W,11,0.0,,1.0
4/5/2002,1010.3,33.0,27.4,30.7,70.0,79.0,63.0,W,4,W,10,0.0,,2.0
4/6/2002,1010.9,32.8,22.4,30.7,70.0,76.0,64.0,SW,4,W,20,46.8,,2.0
4/7/2002,1011.1,32.6,25.0,30.3,74.0,84.0,66.0,VRB,1,NW,8,0.0,,1.0
4/8/2002,1011.5,32.2,26.8,29.5,73.0,84.0,64.0,VRB,2,S,12,0.0,,3.0
4/9/2002,1010.7,32.4,25.6,30.2,74.0,85.0,67.0,VRB,2,S,9,0.3,,3.0
4/10/2002,1008.7,32.2,26.2,30.2,73.0,83.0,65.0,VRB,3,SE,12,0.0,,3.0
4/11/2002,1008.6,32.5,25.2,30.0,76.0,90.0,66.0,CALM,0,WNW,13,12.3,,3.0
4/12/2002,1010.8,31.7,25.1,29.2,81.0,93.0,72.0,VRB,3,NW,12,9.1,,5.0
4/13/2002,1011.4,31.2,24.6,28.1,84.0,97.0,73.0,VRB,3,NE,13,0.4,,6.0
4/14/2002,1010.6,32.0,24.3,28.9,81.0,98.0,74.0,VRB,2,SE,10,5.8,,6.0
4/15/2002,1010.8,32.3,25.0,29.7,74.0,87.0,67.0,VRB,2,NNW,14,6.3,,2.0
4/16/2002,1011.0,32.1,25.4,29.7,78.0,90.0,71.0,WNW,5,WNW,13,8.4,,4.0
4/17/2002,1009.3,33.0,24.7,28.9,83.0,95.0,67.0,NW,7,WNW,22,11.3,,7.0
4/18/2002,1008.8,33.2,25.2,30.8,76.0,85.0,69.0,NW,5,NW,16,0.2,,3.0
4/19/2002,1009.8,32.4,26.0,29.3,78.0,84.0,71.0,VRB,1,NW,12,0.1,,7.0
4/20/2002,1010.3,30.4,24.6,28.2,85.0,92.0,83.0,VRB,2,NW,16,14.9,,6.0
4/21/2002,1010.4,29.4,23.8,26.8,88.0,98.0,80.0,SW,7,NE,18,4.5,,7.0
4/22/2002,1009.7,31.9,26.2,29.7,77.0,84.0,71.0,CALM,0,W,8,1.2,,6.0
4/23/2002,1009.9,31.6,25.8,28.9,85.0,92.0,74.0,W,5,WNW,15,4.2,,7.0
4/24/2002,1008.3,32.2,26.8,30.0,76.0,92.0,72.0,W,5,NW,14,2.3,,3.0
4/25/2002,1008.6,31.4,24.2,27.8,88.0,90.0,82.0,W,5,W,16,19.8,,8.0
4/26/2002,1008.6,32.0,26.4,30.1,76.0,83.0,71.0,W,6,WNW,14,2.6,,5.0
4/27/2002,1009.4,31.4,24.2,28.7,85.0,95.0,72.0,W,4,NE,14,15.1,,7.0
4/28/2002,1008.0,32.6,25.8,30.0,78.0,82.0,71.0,W,8,SSW,15,0.4,,6.0
4/29/2002,1007.9,32.5,25.0,30.6,78.0,90.0,73.0,WNW,6,WNW,18,28.3,,4.0
4/30/2002,1007.0,31.3,22.8,28.4,84.0,89.0,79.0,WNW,8,NW,24,7.4,,7.0
5/1/2002,1007.4,29.1,22.6,26.2,86.0,95.0,77.0,WNW,13,W,22,22.7,,8.0
5/2/2002,1006.3,30.7,23.2,28.3,82.0,91.0,74.0,WNW,5,N,17,9.9,,8.0
5/3/2002,1007.8,28.9,24.2,26.1,91.0,96.0,87.0,SW,7,W,16,10.8,,8.0
5/4/2002,1007.3,31.1,24.0,29.4,79.0,89.0,73.0,SW,8,W,19,8.8,,7.0
5/5/2002,1008.1,29.3,24.7,27.4,86.0,93.0,81.0,S,14,SSW,28,17.9,,8.0
5/6/2002,1007.9,31.0,24.4,29.0,81.0,87.0,76.0,SW,12,SSW,23,9.7,,7.0
5/7/2002,1009.4,31.6,25.1,29.5,81.0,89.0,74.0,SW,12,SW,17,2.3,,8.0
5/8/2002,1009.9,31.5,27.1,29.7,77.0,93.0,71.0,SW,10,SW,15,0.0,,4.0
5/9/2002,1012.0,31.8,27.3,30.1,76.0,86.0,71.0,WSW,7,SW,17,0.0,,4.0
5/10/2002,1013.1,32.6,27.6,30.4,75.0,83.0,69.0,W,7,WNW,12,0.0,,2.0
5/11/2002,1010.8,32.8,27.9,30.9,75.0,83.0,70.0,WNW,10,WNW,13,0.0,,4.0
5/12/2002,1010.2,33.0,27.6,30.8,76.0,86.0,70.0,WNW,9,WNW,13,0.0,,5.0
5/13/2002,1011.9,32.6,28.0,30.5,79.0,87.0,72.0,WNW,12,WNW,18,0.0,,3.0
5/14/2002,1012.2,33.1,28.1,30.8,75.0,86.0,65.0,WNW,12,WNW,17,0.0,,3.0
5/15/2002,1011.5,32.7,27.4,30.9,75.0,86.0,69.0,WNW,13,WNW,19,0.2,,2.0
5/16/2002,1010.7,32.3,26.0,30.4,78.0,89.0,72.0,WNW,14,WNW,20,0.0,,3.0
5/17/2002,1010.8,32.4,27.4,30.1,77.0,90.0,71.0,WSW,14,W,19,0.0,,2.0
5/18/2002,1010.9,31.5,27.0,29.9,77.0,86.0,72.0,WSW,11,W,25,3.2,,5.0
5/19/2002,1010.1,33.2,28.0,30.8,74.0,78.0,68.0,W,13,W,22,0.0,,2.0
5/20/2002,1010.6,33.0,28.0,30.8,73.0,78.0,69.0,W,13,W,21,0.0,,1.0
5/21/2002,1011.5,32.8,27.4,30.4,72.0,79.0,66.0,W,11,W,18,0.0,,2.0
5/22/2002,1012.0,33.4,26.8,30.5,71.0,78.0,64.0,W,7,W,14,0.0,,1.0
5/23/2002,1012.0,32.0,27.2,30.1,72.0,77.0,69.0,W,4,SSW,10,0.0,,5.0
5/24/2002,1011.1,32.2,26.4,30.3,73.0,80.0,67.0,SSW,7,S,17,2.5,,5.0
5/25/2002,1012.9,30.0,23.4,27.5,85.0,95.0,79.0,NW,13,NW,35,17.6,,7.0
5/26/2002,1012.4,31.4,27.6,29.7,75.0,83.0,70.0,SSE,10,SSE,16,0.0,,3.0
5/27/2002,1011.2,31.9,27.0,30.3,73.0,79.0,65.0,S,10,S,15,0.0,,1.0
5/28/2002,1011.3,31.9,26.2,30.3,76.0,83.0,71.0,S,10,SSW,14,0.0,,1.0
5/29/2002,1012.0,33.4,27.8,31.1,71.0,84.0,65.0,VRB,2,W,13,0.0,,2.0
5/30/2002,1011.9,33.2,27.6,30.6,75.0,83.0,69.0,WNW,7,WNW,15,0.0,,7.0
5/31/2002,1011.9,33.2,26.4,30.6,73.0,79.0,68.0,W,8,WNW,20,0.5,,6.0
6/1/2002,1011.7,30.2,24.4,27.1,84.0,90.0,80.0,W,11,WSW,24,21.2,,7.0
6/2/2002,1011.0,32.4,26.4,30.3,77.0,85.0,71.0,W,8,WNW,16,1.2,,5.0
6/3/2002,1010.7,32.8,24.5,29.8,80.0,87.0,72.0,WNW,11,W,30,7.3,,6.0
6/4/2002,1010.3,31.3,24.4,28.5,81.0,95.0,72.0,NW,12,WNW,29,16.4,,8.0
6/5/2002,1011.3,29.4,23.6,26.7,91.0,97.0,86.0,WNW,22,WNW,47,23.9,,8.0
6/6/2002,1010.3,30.2,25.0,28.4,82.0,89.0,78.0,W,14,WNW,36,3.8,,7.0
6/7/2002,1010.2,30.4,24.1,28.9,83.0,86.0,80.0,WNW,13,WNW,32,2.6,,6.0
6/8/2002,1009.0,31.7,24.2,29.5,81.0,89.0,77.0,WNW,12,W,29,5.7,,6.0
6/9/2002,1008.3,30.9,26.3,29.6,81.0,86.0,77.0,WNW,16,WNW,25,0.0,,7.0
6/10/2002,1008.5,31.3,27.0,29.4,81.0,89.0,75.0,W,18,WNW,23,0.5,,5.0
6/11/2002,1008.5,31.8,23.7,29.1,83.0,89.0,77.0,W,15,W,42,12.9,,7.0
6/12/2002,1009.1,29.4,25.4,27.3,86.0,89.0,85.0,WNW,14,NNW,38,0.4,,8.0
6/13/2002,1007.7,32.4,26.8,30.1,78.0,85.0,72.0,W,7,W,11,0.0,,6.0
6/14/2002,1007.3,32.7,27.2,30.2,80.0,87.0,73.0,W,4,WNW,15,0.0,,6.0
6/15/2002,1009.2,32.0,27.0,30.3,78.0,85.0,75.0,WNW,12,WNW,18,0.0,,5.0
6/16/2002,1009.5,32.0,27.0,30.3,74.0,79.0,69.0,WNW,12,WNW,17,0.0,,5.0
6/17/2002,1009.8,33.0,27.4,30.4,74.0,82.0,69.0,NW,9,WNW,15,0.0,,5.0
6/18/2002,1010.2,31.2,27.8,29.7,75.0,82.0,70.0,NNW,8,N,15,0.0,,3.0
6/19/2002,1009.4,31.6,27.4,30.0,79.0,83.0,76.0,NNW,8,N,13,0.0,,3.0
6/20/2002,1010.5,32.5,27.5,30.0,80.0,85.0,76.0,NNW,6,NNW,13,0.0,,6.0
6/21/2002,1011.1,33.0,25.5,29.8,78.0,86.0,69.0,NW,4,NW,13,5.2,,5.0
6/22/2002,1010.7,32.4,24.0,30.1,79.0,85.0,75.0,NW,4,NW,14,8.9,,5.0
6/23/2002,1012.6,30.6,23.4,26.9,88.0,95.0,83.0,WNW,15,WNW,30,37.3,,8.0
6/24/2002,1013.1,30.0,24.0,27.4,90.0,96.0,83.0,WNW,16,NW,40,5.4,,7.0
6/25/2002,1012.7,30.2,25.5,27.4,83.0,85.0,81.0,WNW,15,WNW,39,1.3,,7.0
6/26/2002,1011.9,31.8,24.5,28.5,82.0,87.0,76.0,WNW,14,W,35,4.1,,6.0
6/27/2002,1012.2,31.6,25.5,29.8,75.0,78.0,72.0,NW,11,NW,27,7.4,,3.0
6/28/2002,1013.3,30.8,27.6,29.6,80.0,85.0,76.0,NW,12,NW,21,0.0,,4.0
6/29/2002,1013.9,31.8,27.2,29.7,76.0,79.0,73.0,NW,11,NW,19,0.0,,3.0
6/30/2002,1013.1,33.2,26.9,30.5,75.0,82.0,69.0,NW,11,NW,16,0.0,,1.0
7/1/2002,1013.4,32.4,25.0,30.0,73.0,81.0,68.0,W,9,W,13,0.0,,4.0
7/2/2002,1013.8,32.7,25.2,30.2,72.0,83.0,66.0,W,5,W,12,0.0,,1.0
7/3/2002,1013.5,32.4,26.9,30.2,74.0,86.0,70.0,W,7,W,12,0.0,,2.0
7/4/2002,1013.1,33.4,26.6,31.0,71.0,81.0,67.0,WNW,7,W,13,0.0,,2.0
7/5/2002,1012.4,32.9,24.8,30.1,76.0,84.0,68.0,W,5,W,29,2.4,,5.0
7/6/2002,1012.8,32.1,24.6,28.1,85.0,90.0,77.0,NW,14,NW,36,22.4,,7.0
7/7/2002,1012.4,28.8,23.8,26.3,88.0,98.0,75.0,WNW,25,WNW,39,15.8,,8.0
7/8/2002,1011.8,30.2,25.0,27.7,84.0,92.0,73.0,WNW,21,WNW,40,0.2,,8.0
7/9/2002,1011.5,31.1,23.8,29.1,83.0,89.0,76.0,W,18,W,42,20.3,,7.0
7/10/2002,1011.9,28.8,24.4,27.4,83.0,89.0,79.0,W,24,WSW,33,7.4,,8.0
7/11/2002,1011.5,31.3,25.4,29.6,77.0,82.0,74.0,W,16,WSW,21,1.3,,7.0
7/12/2002,1012.4,31.8,26.6,29.2,83.0,92.0,76.0,WSW,11,WSW,17,0.0,,7.0
7/13/2002,1012.9,32.3,26.2,29.8,80.0,86.0,76.0,WSW,8,WSW,15,0.0,,7.0
7/14/2002,1012.8,31.7,24.2,29.8,80.0,86.0,74.0,W,14,W,46,3.7,,5.0
7/15/2002,1012.8,30.6,27.2,29.0,81.0,87.0,77.0,W,13,W,24,0.2,,7.0
7/16/2002,1012.8,30.9,27.1,29.5,78.0,85.0,72.0,WNW,14,WNW,21,0.0,,7.0
7/17/2002,1011.8,31.6,26.4,29.6,75.0,85.0,69.0,W,11,W,17,0.0,,6.0
7/18/2002,1011.9,30.5,25.4,29.2,76.0,83.0,71.0,SSW,6,SSW,12,0.0,,7.0
7/19/2002,1012.8,30.8,25.2,29.4,74.0,82.0,70.0,S,5,SSW,10,0.0,,3.0
7/20/2002,1013.4,30.9,24.6,28.8,78.0,87.0,70.0,S,4,S,13,2.7,,3.0
7/21/2002,1013.3,31.0,27.0,29.3,76.0,81.0,71.0,S,7,S,15,0.0,,2.0
7/22/2002,1012.1,31.4,25.1,29.3,73.0,80.0,68.0,S,9,S,16,0.0,,3.0
7/23/2002,1014.1,31.8,26.8,29.1,76.0,81.0,70.0,SSE,7,SE,15,0.0,,6.0
7/24/2002,1013.1,31.7,24.8,29.9,73.0,80.0,68.0,SSE,8,SE,15,0.0,,3.0
7/25/2002,1013.2,33.2,24.8,30.3,75.0,87.0,68.0,WNW,4,WNW,13,5.3,,4.0
7/26/2002,1012.3,31.8,23.6,28.1,84.0,90.0,73.0,WNW,9,NW,25,33.4,,6.0
7/27/2002,1012.3,31.4,25.4,28.4,83.0,96.0,74.0,SW,6,W,17,0.0,,8.0
7/28/2002,1013.1,31.4,25.4,29.5,75.0,83.0,70.0,WSW,5,WSW,18,0.0,,7.0
7/29/2002,1012.3,30.4,23.4,26.3,88.0,93.0,83.0,W,16,W,45,19.8,,7.0
7/30/2002,1010.3,30.6,22.9,28.7,77.0,82.0,74.0,W,14,W,44,39.4,,6.0
7/31/2002,1010.2,29.0,21.6,26.5,88.0,93.0,80.0,SW,13,SW,32,10.5,,8.0
8/1/2002,1009.7,30.6,24.8,28.5,81.0,86.0,76.0,WSW,11,W,32,1.0,,7.0
8/2/2002,1010.6,30.4,25.4,29.0,80.0,83.0,78.0,SW,10,WSW,18,1.3,,7.0
8/3/2002,1010.5,31.6,23.0,28.7,79.0,86.0,72.0,WSW,10,W,30,17.1,,7.0
8/4/2002,1011.5,29.2,24.5,26.5,85.0,90.0,80.0,WSW,9,WNW,32,4.9,,7.0
8/5/2002,1012.0,31.0,25.6,28.7,75.0,81.0,68.0,W,10,W,21,1.7,,6.0
8/6/2002,1012.1,30.2,25.9,29.0,75.0,80.0,71.0,SW,6,SW,14,0.0,,7.0
8/7/2002,1012.4,30.4,24.8,29.1,74.0,81.0,69.0,SW,4,SW,10,6.5,,7.0
8/8/2002,1013.1,30.7,26.0,29.2,74.0,80.0,70.0,SSW,6,SSW,12,0.0,,6.0
8/9/2002,1012.8,30.8,26.2,29.0,74.0,80.0,69.0,S,6,S,11,0.0,,5.0
8/10/2002,1012.8,30.4,26.6,28.8,73.0,81.0,69.0,SSE,5,S,8,0.0,,4.0
8/11/2002,1014.1,30.9,25.0,29.5,70.0,78.0,66.0,SE,4,SE,10,0.0,,2.0
8/12/2002,1014.5,31.2,25.6,29.4,74.0,80.0,70.0,VRB,3,SSE,9,0.0,,2.0
8/13/2002,1012.9,31.3,24.8,29.0,75.0,85.0,69.0,VRB,4,E,7,0.0,,4.0
8/14/2002,1012.2,31.8,23.9,29.2,77.0,97.0,69.0,VRB,3,E,7,0.0,,2.0
8/15/2002,1012.3,32.4,25.0,29.2,75.0,95.0,67.0,VRB,2,NE,8,0.0,,1.0
8/16/2002,1011.9,31.2,25.1,29.3,73.0,81.0,68.0,VRB,4,S,8,0.0,,3.0
8/17/2002,1011.4,32.4,24.7,30.0,73.0,84.0,66.0,VRB,3,SSE,9,0.3,,5.0
8/18/2002,1012.1,32.3,24.8,29.1,78.0,92.0,73.0,VRB,3,SSE,10,0.0,,7.0
8/19/2002,1012.6,29.2,25.3,27.1,86.0,95.0,83.0,VRB,3,S,13,0.2,,7.0
8/20/2002,1011.5,31.0,24.3,29.1,78.0,84.0,73.0,VRB,4,W,30,10.1,,6.0
8/21/2002,1011.1,30.4,23.6,27.5,85.0,96.0,77.0,SSW,6,WSW,19,30.6,,7.0
8/22/2002,1011.6,27.4,22.9,24.8,94.0,100.0,88.0,NW,8,W,27,99.0,,8.0
8/23/2002,1012.2,28.5,22.6,26.1,91.0,100.0,87.0,WNW,14,W,29,40.9,,8.0
8/24/2002,1013.5,29.4,23.4,26.5,90.0,100.0,79.0,WNW,16,WNW,30,11.3,,8.0
8/25/2002,1013.4,32.0,25.8,29.6,76.0,89.0,65.0,WNW,11,WNW,24,0.0,,5.0
8/26/2002,1013.0,31.4,27.2,29.3,77.0,94.0,70.0,NW,11,NW,16,0.0,,4.0
8/27/2002,1012.7,32.1,27.0,29.7,73.0,81.0,67.0,NW,8,NW,13,0.0,,2.0
8/28/2002,1012.6,31.4,26.8,29.7,74.0,83.0,69.0,WNW,10,WNW,13,0.0,,1.0
8/29/2002,1013.1,31.7,26.4,29.7,73.0,81.0,66.0,W,9,W,13,0.0,,7.0
8/30/2002,1012.6,32.0,24.4,29.5,73.0,81.0,67.0,W,8,W,16,5.2,,4.0
8/31/2002,1012.6,30.4,25.8,27.9,83.0,92.0,78.0,W,11,W,20,0.0,,7.0
9/1/2002,1012.6,31.4,25.6,29.4,72.0,80.0,64.0,W,15,W,22,0.0,,4.0
9/2/2002,1013.2,31.6,26.6,29.7,71.0,74.0,66.0,W,13,W,18,0.0,,4.0
9/3/2002,1013.5,31.5,26.6,29.6,71.0,78.0,65.0,WNW,13,WNW,18,0.0,,2.0
9/4/2002,1012.8,31.1,24.7,29.3,70.0,77.0,65.0,NW,5,NW,10,0.0,,2.0
9/5/2002,1012.3,30.8,26.9,28.8,76.0,84.0,71.0,SSW,5,WSW,14,0.0,,5.0
9/6/2002,1012.0,32.4,25.4,29.8,72.0,78.0,67.0,WSW,8,WSW,19,9.5,,4.0
9/7/2002,1012.7,31.2,25.2,28.7,81.0,92.0,71.0,SSW,9,SSW,26,4.6,,6.0
9/8/2002,1013.8,32.5,26.6,29.9,75.0,83.0,69.0,WSW,7,WSW,20,0.0,,3.0
9/9/2002,1013.3,31.2,25.2,29.3,75.0,83.0,71.0,SW,5,SW,12,0.1,,4.0
9/10/2002,1012.1,32.6,26.5,29.3,77.0,90.0,70.0,VRB,3,S,10,0.0,,2.0
9/11/2002,1011.8,32.5,27.2,30.2,70.0,80.0,64.0,SW,4,W,12,0.0,,2.0
9/12/2002,1012.7,32.6,26.7,30.2,72.0,79.0,66.0,WNW,7,NW,17,0.3,,5.0
9/13/2002,1013.3,30.8,25.0,29.1,76.0,80.0,74.0,NW,10,NW,18,0.0,,4.0
9/14/2002,1013.8,31.6,24.4,29.4,75.0,88.0,70.0,VRB,3,NW,7,0.0,,3.0
9/15/2002,1015.0,31.0,24.5,28.8,77.0,93.0,69.0,VRB,2,S,7,0.0,,5.0
9/16/2002,1016.0,31.8,25.4,29.3,77.0,95.0,70.0,S,5,S,11,0.0,,5.0
9/17/2002,1014.5,31.3,25.7,29.3,75.0,84.0,70.0,SW,5,WSW,10,0.0,,4.0
9/18/2002,1013.8,29.4,25.4,27.9,82.0,86.0,78.0,S,7,SSW,15,0.0,,6.0
9/19/2002,1013.7,31.0,25.8,28.8,79.0,86.0,71.0,SW,7,S,13,0.0,,6.0
9/20/2002,1014.2,30.9,26.3,28.3,82.0,85.0,79.0,W,7,W,14,0.0,,7.0
9/21/2002,1012.9,33.2,24.6,30.2,77.0,86.0,69.0,WSW,8,W,23,2.9,,3.0
9/22/2002,1012.7,30.5,24.9,28.4,83.0,92.0,78.0,W,14,WNW,25,10.4,,7.0
9/23/2002,1012.7,29.8,24.3,27.0,86.0,95.0,80.0,W,12,WSW,36,15.0,,7.0
9/24/2002,1012.7,28.4,23.4,25.4,91.0,96.0,86.0,W,15,WNW,34,21.6,,7.0
9/25/2002,1012.4,29.4,24.1,27.6,86.0,92.0,81.0,WSW,10,WNW,20,18.4,,8.0
9/26/2002,1013.1,30.6,24.2,27.5,85.0,93.0,77.0,W,10,W,34,1.4,,7.0
9/27/2002,1012.1,31.8,26.4,29.9,80.0,90.0,74.0,W,5,SW,11,0.0,,2.0
9/28/2002,1011.9,32.1,26.0,30.0,77.0,84.0,72.0,WSW,6,WSW,12,0.0,,3.0
9/29/2002,1011.4,30.9,25.2,29.2,81.0,89.0,78.0,SSW,4,SSW,12,0.0,,2.0
9/30/2002,1010.7,30.4,24.4,28.5,84.0,89.0,78.0,SW,9,SW,18,5.0,,4.0
10/1/2002,1012.0,28.5,23.0,25.4,92.0,96.0,87.0,SSW,10,SW,31,12.4,,8.0
10/2/2002,1011.4,30.8,23.4,28.8,81.0,86.0,77.0,SW,7,W,27,7.8,,3.0
10/3/2002,1012.5,29.3,24.2,26.1,87.0,91.0,81.0,WSW,16,WSW,40,13.2,,7.0
10/4/2002,1011.4,30.1,23.8,27.7,88.0,98.0,80.0,WSW,19,W,38,24.5,,7.0
10/5/2002,1011.1,29.7,23.6,27.0,82.0,87.0,76.0,W,21,W,47,7.7,,8.0
10/6/2002,1010.4,30.6,24.9,29.1,76.0,79.0,74.0,WNW,17,W,35,4.4,,6.0
10/7/2002,1010.1,30.0,24.5,28.1,81.0,85.0,78.0,W,18,W,30,9.8,,7.0
10/8/2002,1010.6,28.6,23.0,27.1,85.0,87.0,82.0,W,17,WNW,36,30.9,,8.0
10/9/2002,1010.9,30.2,22.9,27.8,85.0,93.0,79.0,WSW,14,W,30,12.1,,7.0
10/10/2002,1012.8,30.2,26.2,28.3,80.0,92.0,70.0,SSW,9,SW,15,0.0,,5.0
10/11/2002,1012.5,31.8,26.5,29.2,79.0,89.0,71.0,WSW,4,W,10,0.0,,7.0
10/12/2002,1010.6,30.6,23.4,28.5,85.0,98.0,78.0,WNW,9,W,22,19.7,,4.0
10/13/2002,1011.2,30.4,24.8,27.8,83.0,98.0,78.0,WSW,12,W,28,0.7,,7.0
10/14/2002,1011.2,32.0,27.0,30.1,78.0,85.0,72.0,WSW,14,WSW,19,0.0,,3.0
10/15/2002,1011.4,31.2,24.4,29.2,81.0,83.0,78.0,WSW,8,W,27,5.7,,3.0
10/16/2002,1013.4,29.6,25.8,27.5,80.0,90.0,75.0,SW,12,WSW,20,0.0,,7.0
10/17/2002,1012.8,31.2,25.6,29.2,81.0,92.0,74.0,S,7,S,12,0.0,,4.0
10/18/2002,1012.0,31.3,26.6,29.3,76.0,83.0,70.0,SW,7,SW,13,0.0,,3.0
10/19/2002,1011.9,30.7,25.1,29.2,77.0,86.0,73.0,SW,6,SW,10,0.0,,2.0
10/20/2002,1012.7,31.2,25.5,29.5,76.0,87.0,70.0,VRB,4,S,10,0.0,,1.0
10/21/2002,1013.3,32.2,26.6,29.8,75.0,87.0,69.0,VRB,3,WNW,8,0.0,,4.0
10/22/2002,1012.7,32.4,27.0,30.0,74.0,84.0,70.0,W,5,W,10,0.0,,2.0
10/23/2002,1010.8,32.7,26.8,30.7,72.0,83.0,65.0,W,7,W,12,0.0,,2.0
10/24/2002,1011.4,33.1,26.4,30.6,73.0,80.0,66.0,W,7,W,11,0.0,,3.0
10/25/2002,1011.9,32.6,27.0,30.1,75.0,84.0,65.0,W,7,W,13,0.0,,6.0
10/26/2002,1012.1,33.0,24.2,30.4,74.0,85.0,66.0,W,8,W,15,0.9,,4.0
10/27/2002,1011.8,30.2,25.2,27.5,81.0,86.0,78.0,SW,9,SW,20,1.7,,7.0
10/28/2002,1010.7,30.8,24.8,27.8,82.0,92.0,75.0,SW,6,W,14,0.3,,7.0
10/29/2002,1010.1,31.6,24.0,28.0,81.0,95.0,70.0,SSE,3,S,17,9.8,,6.0
10/30/2002,1011.4,29.1,23.6,27.1,84.0,95.0,78.0,VRB,3,SSE,19,6.7,,6.0
10/31/2002,1011.1,31.9,24.6,28.5,79.0,96.0,68.0,VRB,4,WSW,18,2.7,,4.0
11/1/2002,1011.1,30.0,23.9,28.2,82.0,86.0,75.0,SSW,7,WSW,15,12.8,,6.0
11/2/2002,1011.8,29.6,24.5,26.6,89.0,93.0,83.0,SSW,5,SW,20,8.0,,7.0
11/3/2002,1011.4,30.0,24.0,28.7,78.0,90.0,72.0,NW,5,SSW,13,0.5,,3.0
11/4/2002,1011.8,30.4,24.4,28.6,78.0,95.0,71.0,VRB,3,SSE,11,1.6,,3.0
11/5/2002,1012.2,29.4,23.4,25.6,89.0,98.0,83.0,SW,7,WSW,20,56.6,,6.0
11/6/2002,1011.3,30.5,24.2,28.9,76.0,84.0,73.0,SSW,5,SW,16,15.4,,4.0
11/7/2002,1011.9,30.9,24.7,27.9,82.0,93.0,75.0,S,5,SW,14,0.3,,7.0
11/8/2002,1011.5,32.8,24.4,30.2,74.0,84.0,68.0,W,5,WSW,29,19.0,,3.0
11/9/2002,1011.7,30.0,24.4,26.8,87.0,93.0,79.0,WSW,16,WSW,29,12.7,,7.0
11/10/2002,1011.5,30.2,24.9,28.0,85.0,90.0,77.0,W,11,WSW,24,7.2,,8.0
11/11/2002,1011.8,31.3,24.4,29.3,78.0,84.0,72.0,W,13,W,19,8.9,,7.0
11/12/2002,1011.0,29.8,24.8,27.5,84.0,93.0,76.0,W,13,W,43,27.0,,8.0
11/13/2002,1010.5,28.6,23.4,26.2,90.0,100.0,77.0,W,20,W,38,40.8,,8.0
11/14/2002,1010.6,30.3,25.7,28.1,81.0,90.0,73.0,WNW,13,W,20,4.2,,8.0
11/15/2002,1010.9,31.9,27.0,29.4,79.0,87.0,73.0,WNW,7,WNW,14,0.0,,7.0
11/16/2002,1011.0,30.7,24.0,29.0,80.0,84.0,77.0,NW,5,NW,15,2.9,,6.0
11/17/2002,1011.9,29.6,25.2,26.6,84.0,90.0,77.0,N,7,NNW,17,1.1,,8.0
11/18/2002,1010.7,32.0,25.0,29.0,79.0,92.0,68.0,WNW,8,W,30,0.2,,6.0
11/19/2002,1011.9,30.1,23.8,27.9,83.0,92.0,74.0,WNW,5,W,29,15.1,,6.0
11/20/2002,1011.6,30.3,26.1,28.7,77.0,83.0,75.0,S,6,S,13,0.0,,4.0
11/21/2002,1011.2,30.6,26.6,29.0,73.0,83.0,69.0,SW,7,WSW,14,0.0,,3.0
11/22/2002,1011.8,31.6,26.7,29.3,75.0,81.0,70.0,WSW,7,WSW,14,0.0,,3.0
11/23/2002,1012.3,32.2,26.5,29.8,74.0,83.0,71.0,WSW,8,WSW,12,0.0,,3.0
11/24/2002,1011.9,32.6,26.8,30.1,74.0,83.0,66.0,WSW,7,W,15,0.0,,2.0
11/25/2002,1012.2,32.0,27.0,29.9,73.0,84.0,66.0,W,12,W,17,0.0,,2.0
11/26/2002,1012.7,32.7,27.1,29.8,74.0,81.0,68.0,WSW,9,WSW,18,0.0,,4.0
11/27/2002,1013.4,31.7,27.4,29.5,76.0,81.0,71.0,WSW,10,WSW,16,0.0,,2.0
11/28/2002,1014.1,33.2,27.0,30.4,75.0,83.0,68.0,WSW,7,WNW,12,0.0,,2.0
11/29/2002,1014.6,33.3,24.5,30.4,74.0,81.0,70.0,W,7,W,16,3.1,,7.0
11/30/2002,1014.1,31.5,23.6,28.6,80.0,86.0,72.0,W,5,W,13,0.0,,1.0
12/1/2002,1012.3,31.4,24.2,29.0,75.0,89.0,67.0,VRB,3,N,9,0.0,,1.0
12/2/2002,1012.1,31.4,25.6,29.3,72.0,86.0,63.0,VRB,2,E,7,0.2,,1.0
12/3/2002,1013.2,31.9,24.0,29.2,75.0,83.0,68.0,WNW,4,WNW,12,17.7,,2.0
12/4/2002,1012.2,30.8,24.5,28.7,80.0,96.0,73.0,VRB,2,NE,7,0.0,,6.0
12/5/2002,1011.4,30.9,26.6,29.0,75.0,93.0,67.0,VRB,3,ENE,10,0.0,,4.0
12/6/2002,1011.1,31.0,26.5,29.5,73.0,76.0,71.0,SE,4,SE,9,0.0,,4.0
12/7/2002,1011.6,30.6,24.6,28.7,77.0,84.0,68.0,VRB,3,WSW,18,7.7,,3.0
12/8/2002,1011.4,30.8,23.8,28.9,76.0,92.0,70.0,NE,4,NE,10,43.4,,4.0
12/9/2002,1013.6,29.8,23.8,26.2,88.0,98.0,78.0,VRB,3,NNE,10,1.8,,7.0
12/10/2002,1013.2,31.0,24.0,27.4,83.0,93.0,74.0,VRB,3,NNE,13,4.4,,5.0
12/11/2002,1013.2,32.0,26.6,29.5,76.0,83.0,70.0,WNW,4,NNW,10,1.0,,4.0
12/12/2002,1011.8,30.9,25.0,28.9,82.0,90.0,76.0,ENE,6,NE,16,3.1,,6.0
12/13/2002,1015.1,29.8,23.8,27.0,88.0,92.0,82.0,S,7,S,27,19.4,,7.0
12/14/2002,1014.2,30.1,24.8,27.9,82.0,95.0,74.0,NNW,5,NNE,13,5.0,,5.0
12/15/2002,1012.6,30.0,23.9,27.8,86.0,97.0,78.0,VRB,3,WNW,16,32.2,,7.0
12/16/2002,1012.0,27.7,23.8,25.0,96.0,98.0,92.0,ESE,5,WSW,13,25.4,,8.0
12/17/2002,1011.3,30.8,23.8,28.6,80.0,87.0,73.0,NW,6,WNW,12,30.8,,7.0
12/18/2002,1010.4,30.0,24.2,27.2,89.0,96.0,79.0,WNW,8,WNW,17,14.3,,8.0
12/19/2002,1010.3,27.6,23.4,25.7,93.0,98.0,86.0,WNW,11,NW,26,56.4,,8.0
12/20/2002,1010.6,27.0,21.8,25.4,91.0,95.0,87.0,WNW,10,NW,25,8.8,,8.0
12/21/2002,1010.2,30.8,26.6,28.8,76.0,79.0,74.0,NW,10,NW,17,0.0,,7.0
12/22/2002,1010.2,30.0,25.2,28.5,74.0,78.0,71.0,NNW,8,NNW,13,0.0,,7.0
12/23/2002,1010.8,30.2,25.3,28.6,77.0,80.0,74.0,N,6,ESE,19,0.9,,6.0
12/24/2002,1011.6,31.2,25.2,28.5,75.0,86.0,65.0,NNE,7,NNE,16,0.0,,7.0
12/25/2002,1012.9,30.3,23.6,28.5,81.0,87.0,78.0,NE,8,NE,14,13.0,,5.0
12/26/2002,1013.9,28.6,24.1,26.3,83.0,93.0,76.0,W,7,WSW,28,1.3,,7.0
12/27/2002,1013.3,30.5,25.4,28.5,78.0,90.0,75.0,NE,5,NE,9,0.0,,4.0
12/28/2002,1013.0,30.3,25.3,28.6,75.0,83.0,67.0,NE,6,NE,13,0.0,,4.0
12/29/2002,1014.1,30.8,25.4,28.7,72.0,82.0,66.0,NNE,8,NNE,17,0.0,,3.0
12/30/2002,1014.7,30.6,25.5,28.6,73.0,82.0,67.0,NNE,6,NNE,11,0.0,,5.0
12/31/2002,1013.1,30.6,25.2,28.6,74.0,81.0,67.0,NNE,8,NNE,15,0.0,,5.0
1/1/2003,1012.8,30.5,23.7,28.7,73.0,84.0,68.0,N,8,N,16,0.0,,3.0
1/2/2003,1013.8,30.5,25.1,28.0,72.0,84.0,67.0,NNE,6,NNE,11,0.0,,4.0
1/3/2003,1013.6,30.8,25.3,28.7,69.0,85.0,60.0,NNE,8,NNE,17,0.0,,4.0
1/4/2003,1013.1,31.2,26.2,28.8,69.0,84.0,63.0,NE,10,NE,18,0.0,,6.0
1/5/2003,1013.2,31.2,26.4,29.1,71.0,80.0,65.0,NE,8,NE,14,0.0,,3.0
1/6/2003,1013.4,32.2,24.0,29.4,78.0,82.0,71.0,NNE,7,NNE,16,8.5,,4.0
1/7/2003,1013.2,30.7,26.4,28.2,85.0,92.0,79.0,NE,6,NE,16,1.0,,3.0
1/8/2003,1012.8,30.0,24.0,27.6,88.0,95.0,81.0,NE,7,E,18,78.4,,6.0
1/9/2003,1013.2,30.6,25.6,28.5,84.0,93.0,75.0,ENE,5,ENE,19,6.8,,4.0
1/10/2003,1012.9,31.0,23.8,28.3,84.0,90.0,75.0,NE,9,NE,21,35.6,,6.0
1/11/2003,1014.0,29.5,25.2,27.6,84.0,95.0,76.0,ENE,7,NE,16,4.9,,6.0
1/12/2003,1014.1,32.0,25.2,28.2,83.0,86.0,80.0,NE,9,NE,15,0.7,,7.0
1/13/2003,1013.6,30.6,25.8,28.4,77.0,88.0,70.0,NE,9,NE,16,0.0,,7.0
1/14/2003,1013.3,30.6,24.7,28.7,69.0,77.0,65.0,NE,10,NE,18,0.0,,4.0
1/15/2003,1014.4,30.6,23.6,28.1,74.0,87.0,66.0,NE,5,NE,12,0.0,,2.0
1/16/2003,1013.0,30.8,25.8,28.1,73.0,84.0,66.0,NNE,6,NNE,13,0.0,,1.0
1/17/2003,1013.0,30.8,26.0,28.6,73.0,82.0,66.0,NNE,10,NNE,18,0.0,,2.0
1/18/2003,1013.6,31.2,26.4,28.6,76.0,82.0,67.0,NNE,7,NNE,16,0.0,,2.0
1/19/2003,1013.4,31.4,26.4,28.8,77.0,84.0,67.0,NNE,9,NNE,21,0.0,,5.0
1/20/2003,1011.9,31.4,26.2,28.7,80.0,85.0,73.0,NNE,10,N,20,0.0,,4.0
1/21/2003,1011.0,31.0,23.8,28.0,85.0,93.0,78.0,NNE,7,NE,23,23.5,,6.0
1/22/2003,1011.3,29.5,24.8,27.2,87.0,95.0,80.0,E,4,NNE,12,0.2,,6.0
1/23/2003,1010.9,29.4,25.3,27.5,89.0,95.0,83.0,NNW,5,NW,20,0.4,,7.0
1/24/2003,1009.3,31.0,25.8,28.2,85.0,93.0,77.0,NW,9,N,20,0.0,,4.0
1/25/2003,1010.9,29.4,24.8,27.9,82.0,89.0,72.0,NNE,6,NNE,15,0.0,,7.0
1/26/2003,1011.7,30.4,25.6,28.2,82.0,89.0,74.0,NNE,5,NNE,13,0.0,,6.0
1/27/2003,1012.5,30.4,25.7,28.1,81.0,89.0,72.0,NNE,9,NNE,17,0.0,,7.0
1/28/2003,1012.9,30.4,25.6,28.1,76.0,84.0,68.0,NNE,6,NNE,15,0.0,,7.0
1/29/2003,1012.8,30.8,25.6,28.4,79.0,87.0,70.0,NNE,7,NNE,14,0.0,,5.0
1/30/2003,1012.7,30.6,24.6,28.2,71.0,77.0,62.0,NNE,8,NNE,17,0.0,,3.0
1/31/2003,1013.9,30.8,24.0,27.6,77.0,84.0,65.0,NNE,6,NNE,14,0.0,,4.0
2/1/2003,1014.6,30.0,24.2,27.7,76.0,85.0,68.0,NNW,5,NNE,10,0.0,,4.0
2/2/2003,1013.6,30.6,25.2,28.1,79.0,90.0,69.0,NE,5,NE,13,0.0,,4.0
2/3/2003,1013.4,31.4,25.0,28.5,82.0,90.0,72.0,VRB,4,NE,12,0.0,,4.0
2/4/2003,1012.4,31.8,25.6,28.7,81.0,92.0,70.0,NNE,6,NNE,15,0.0,,3.0
2/5/2003,1012.0,32.2,26.2,29.4,77.0,84.0,66.0,NNE,8,NNE,20,0.0,,2.0
2/6/2003,1011.6,32.3,25.5,29.3,82.0,90.0,72.0,NNE,6,NNE,14,0.7,,4.0
2/7/2003,1011.1,29.8,25.7,28.0,84.0,89.0,78.0,N,6,NNE,17,0.0,,5.0
2/8/2003,1009.2,32.0,26.4,28.7,78.0,87.0,68.0,NNE,8,NNE,18,0.0,,2.0
2/9/2003,1008.5,32.3,26.6,29.4,76.0,84.0,66.0,NNE,9,NNE,18,0.0,,1.0
2/10/2003,1008.5,32.4,27.0,29.5,77.0,82.0,70.0,NNE,10,NNE,18,0.0,,2.0
2/11/2003,1009.4,31.8,24.4,29.4,79.0,90.0,72.0,NE,7,ENE,23,20.5,,5.0
2/12/2003,1009.4,30.6,25.1,27.0,86.0,95.0,83.0,NNE,9,NW,20,0.4,,7.0
2/13/2003,1010.6,30.8,26.6,28.7,80.0,86.0,73.0,N,6,NE,13,0.0,,3.0
2/14/2003,1010.5,31.2,27.0,29.2,79.0,84.0,74.0,E,6,ESE,13,0.0,,2.0
2/15/2003,1012.4,31.6,27.4,29.4,78.0,85.0,71.0,ESE,5,NE,14,0.0,,1.0
2/16/2003,1013.0,31.8,27.4,29.6,77.0,82.0,72.0,ENE,7,NE,15,0.0,,2.0
2/17/2003,1012.6,32.4,27.4,29.6,78.0,83.0,71.0,NE,8,NE,16,2.8,,4.0
2/18/2003,1013.0,31.8,27.4,29.7,76.0,80.0,71.0,NE,8,NE,14,0.0,,2.0
2/19/2003,1012.9,31.6,27.2,29.6,75.0,79.0,67.0,NE,9,NE,17,0.0,,1.0
2/20/2003,1012.9,31.9,25.6,29.5,74.0,81.0,68.0,NE,6,NE,15,0.0,,2.0
2/21/2003,1013.8,31.6,25.5,29.0,72.0,82.0,65.0,NNE,5,NE,13,0.0,,2.0
2/22/2003,1013.1,31.6,25.2,28.9,70.0,81.0,63.0,NNE,5,NNE,14,0.0,,2.0
2/23/2003,1012.6,31.2,24.4,28.8,71.0,81.0,63.0,NNE,5,NNW,9,0.0,,2.0
2/24/2003,1012.6,31.8,25.7,28.8,73.0,84.0,63.0,NE,4,NE,11,0.0,,2.0
2/25/2003,1013.4,31.0,24.2,28.6,72.0,83.0,63.0,NW,5,NNW,11,0.0,,1.0
2/26/2003,1012.5,31.8,24.2,28.6,75.0,96.0,60.0,NW,4,NW,10,0.0,,3.0
2/27/2003,1012.1,31.3,27.3,29.1,77.0,85.0,69.0,NW,7,NW,14,0.0,,4.0
2/28/2003,1012.2,31.4,27.0,29.5,79.0,86.0,71.0,NW,4,NW,13,0.0,,4.0
3/1/2003,1012.1,33.2,27.5,29.9,76.0,80.0,65.0,WNW,9,NW,14,0.0,,6.0
3/2/2003,1011.9,32.3,26.6,29.7,75.0,83.0,67.0,NW,8,NW,15,0.0,,6.0
3/3/2003,1011.0,32.4,27.4,29.9,78.0,83.0,70.0,WNW,9,NW,15,0.0,,3.0
3/4/2003,1010.2,33.2,24.5,29.7,77.0,93.0,65.0,NW,8,W,23,1.6,,6.0
3/5/2003,1009.5,33.2,27.2,29.9,76.0,83.0,67.0,WNW,6,NW,13,0.0,,5.0
3/6/2003,1010.6,31.4,25.5,29.4,78.0,87.0,71.0,NW,6,NW,11,0.0,,4.0
3/7/2003,1010.3,32.1,25.2,29.3,77.0,87.0,68.0,VRB,3,NNE,9,0.0,,3.0
3/8/2003,1010.6,32.4,27.3,29.7,75.0,90.0,67.0,NE,5,NE,12,0.0,,2.0
3/9/2003,1009.8,32.4,22.8,30.0,79.0,85.0,71.0,NE,7,NE,20,42.3,,3.0
3/10/2003,1011.7,30.9,23.3,26.2,89.0,100.0,83.0,ESE,7,SW,21,16.5,,7.0
3/11/2003,1010.7,31.6,27.0,29.0,81.0,90.0,72.0,E,5,E,14,0.0,,4.0
3/12/2003,1011.0,32.0,27.2,29.7,79.0,85.0,71.0,ESE,5,ESE,13,1.5,,4.0
3/13/2003,1012.6,31.8,26.7,29.7,77.0,82.0,73.0,ESE,5,SE,11,0.0,,4.0
3/14/2003,1013.4,32.4,24.7,29.6,76.0,87.0,65.0,VRB,3,SE,9,0.0,,2.0
3/15/2003,1012.1,33.0,27.2,29.9,78.0,92.0,70.0,VRB,3,NW,8,0.0,,3.0
3/16/2003,1011.4,32.8,25.4,29.7,81.0,88.0,72.0,WNW,6,WNW,18,3.8,,4.0
3/17/2003,1012.0,32.0,27.3,29.6,79.0,97.0,70.0,NNW,4,NNW,11,0.0,,2.0
3/18/2003,1012.2,32.4,25.5,29.0,83.0,92.0,68.0,VRB,3,NNE,14,10.5,,3.0
3/19/2003,1012.1,29.2,23.6,26.7,88.0,93.0,83.0,WSW,7,ESE,13,7.0,,8.0
3/20/2003,1010.1,31.2,27.0,28.8,79.0,85.0,74.0,E,4,E,11,0.0,,3.0
3/21/2003,1009.6,32.2,25.7,29.9,79.0,88.0,72.0,E,6,E,14,3.5,,3.0
3/22/2003,1010.9,31.9,25.6,29.8,78.0,85.0,72.0,E,6,E,15,2.2,,5.0
3/23/2003,1011.7,30.6,25.1,28.1,85.0,92.0,79.0,VRB,3,ENE,18,0.5,,8.0
3/24/2003,1012.0,30.2,24.6,27.7,85.0,98.0,79.0,VRB,3,NE,30,55.9,,8.0
3/25/2003,1011.8,30.8,25.2,28.1,85.0,97.0,74.0,VRB,3,ENE,11,0.0,,6.0
3/26/2003,1012.2,31.7,23.4,27.8,85.0,97.0,69.0,VRB,3,N,16,21.7,,4.0
3/27/2003,1013.0,31.6,24.4,28.2,83.0,93.0,73.0,NNW,4,E,12,0.0,,5.0
3/28/2003,1011.4,32.6,25.4,29.2,77.0,93.0,66.0,VRB,3,W,23,15.1,,2.0
3/29/2003,1010.1,32.2,27.2,29.7,72.0,79.0,67.0,NW,7,NW,15,0.0,,2.0
3/30/2003,1010.9,32.0,26.4,29.7,71.0,80.0,61.0,NE,4,NW,10,0.0,,1.0
3/31/2003,1011.8,33.2,27.2,30.4,73.0,81.0,63.0,VRB,3,W,10,0.0,,1.0
4/1/2003,1011.0,32.5,27.8,30.2,75.0,83.0,67.0,SW,4,SW,10,0.0,,1.0
4/2/2003,1010.9,32.6,26.0,30.3,75.0,83.0,67.0,SSW,8,S,14,0.0,,2.0
4/3/2003,1011.3,33.1,27.4,30.6,77.0,82.0,69.0,S,8,S,15,0.3,,2.0
4/4/2003,1010.7,32.8,27.8,30.5,76.0,82.0,70.0,SW,6,W,15,0.0,,2.0
4/5/2003,1010.1,33.6,25.6,30.8,76.0,82.0,65.0,WNW,9,NW,20,1.7,,2.0
4/6/2003,1010.2,33.8,28.4,31.0,73.0,79.0,64.0,WNW,6,WNW,16,0.0,,3.0
4/7/2003,1011.7,34.4,25.2,31.1,75.0,89.0,64.0,NW,6,W,18,1.8,,5.0
4/8/2003,1011.9,31.0,26.6,29.1,82.0,87.0,78.0,WNW,7,NNW,23,1.3,,6.0
4/9/2003,1010.8,33.8,25.1,31.2,73.0,83.0,64.0,WNW,4,WNW,10,1.8,,2.0
4/10/2003,1010.9,32.9,25.6,29.1,83.0,92.0,68.0,VRB,3,E,9,4.2,,5.0
4/11/2003,1011.7,33.4,27.1,29.4,82.0,93.0,69.0,VRB,3,WNW,17,0.0,,3.0
4/12/2003,1011.5,32.6,26.2,30.2,76.0,85.0,67.0,NNW,4,E,16,0.0,,2.0
4/13/2003,1010.3,32.6,26.8,30.2,75.0,83.0,68.0,NE,4,NE,11,0.0,,2.0
4/14/2003,1010.7,32.5,26.2,30.2,73.0,79.0,65.0,VRB,3,E,15,0.0,,2.0
4/15/2003,1010.8,33.4,26.0,30.4,74.0,82.0,63.0,VRB,2,S,9,0.0,,1.0
4/16/2003,1011.5,33.0,25.7,29.6,81.0,89.0,75.0,VRB,2,ENE,8,0.0,,5.0
4/17/2003,1010.5,33.4,25.1,30.4,77.0,90.0,66.0,VRB,3,NW,6,1.4,,2.0
4/18/2003,1010.8,33.4,28.1,30.5,76.0,86.0,68.0,VRB,3,W,11,0.0,,4.0
4/19/2003,1009.3,34.4,25.1,30.2,76.0,83.0,63.0,W,7,WNW,17,21.6,,6.0
4/20/2003,1010.1,29.6,23.9,26.5,87.0,100.0,82.0,SW,8,SW,25,15.6,,7.0
4/21/2003,1009.7,32.6,27.6,29.7,79.0,86.0,69.0,VRB,4,S,15,0.0,,5.0
4/22/2003,1010.7,31.4,23.8,28.4,82.0,96.0,74.0,SSW,8,SSW,35,48.3,,6.0
4/23/2003,1012.2,29.2,24.5,27.1,86.0,98.0,75.0,SW,7,SW,24,3.2,,7.0
4/24/2003,1010.4,33.4,27.6,30.4,77.0,86.0,65.0,W,9,W,21,1.4,,6.0
4/25/2003,1009.3,32.9,24.1,29.5,83.0,96.0,69.0,W,14,W,30,47.1,,7.0
4/26/2003,1008.2,33.0,27.0,29.7,77.0,87.0,67.0,WNW,6,WNW,14,4.9,,4.0
4/27/2003,1007.5,31.4,23.4,27.7,87.0,98.0,75.0,WNW,8,NNW,23,107.2,,7.0
4/28/2003,1007.6,32.7,24.9,28.1,84.0,98.0,70.0,WNW,5,NNW,13,10.7,,5.0
4/29/2003,1008.9,32.2,24.9,28.8,85.0,97.0,70.0,VRB,3,WSW,22,11.3,,5.0
4/30/2003,1009.6,30.4,24.5,28.0,84.0,90.0,80.0,W,11,W,32,27.8,,8.0
5/1/2003,1008.2,31.9,26.5,29.4,80.0,89.0,75.0,WSW,7,WSW,15,0.0,,7.0
5/2/2003,1007.8,32.0,26.8,30.2,77.0,82.0,72.0,S,8,SSW,14,0.0,,5.0
5/3/2003,1008.9,31.8,23.8,29.8,80.0,92.0,75.0,S,7,SSW,33,5.4,,6.0
5/4/2003,1009.1,30.7,24.0,27.7,87.0,95.0,78.0,SSW,7,SSW,31,16.4,,7.0
5/5/2003,1010.3,29.0,23.6,27.0,87.0,98.0,76.0,SW,15,WSW,37,31.8,,8.0
5/6/2003,1011.1,30.4,24.6,28.6,82.0,93.0,77.0,WSW,11,W,27,3.9,,7.0
5/7/2003,1010.7,32.6,27.8,30.4,76.0,83.0,70.0,WSW,10,WSW,17,0.0,,3.0
5/8/2003,1010.2,33.6,26.4,30.7,77.0,85.0,71.0,WSW,12,WSW,18,0.6,,6.0
5/9/2003,1010.3,33.2,26.2,30.1,80.0,85.0,73.0,W,13,W,28,16.7,,7.0
5/10/2003,1010.2,33.4,28.3,30.7,78.0,86.0,73.0,W,13,W,20,0.0,,7.0
5/11/2003,1009.8,33.6,24.6,30.5,78.0,94.0,71.0,W,15,W,32,11.2,,7.0
5/12/2003,1009.7,32.9,25.2,30.3,78.0,84.0,74.0,W,16,WSW,26,14.7,,7.0
5/13/2003,1010.3,32.6,24.8,30.0,81.0,85.0,76.0,WSW,15,W,36,8.7,,7.0
5/14/2003,1010.6,30.4,25.6,28.7,83.0,92.0,80.0,WSW,14,W,28,0.1,,7.0
5/15/2003,1010.2,32.3,26.2,29.7,81.0,86.0,75.0,WSW,15,WSW,36,1.1,,6.0
5/16/2003,1012.0,31.2,27.2,29.8,78.0,82.0,74.0,SW,14,SW,23,0.0,,7.0
5/17/2003,1013.0,31.1,24.4,28.5,82.0,92.0,77.0,SSW,11,SSW,33,55.1,,8.0
5/18/2003,1011.8,31.3,27.4,29.4,75.0,80.0,70.0,SSW,11,SSW,22,0.0,,6.0
5/19/2003,1011.1,31.8,27.2,29.4,75.0,80.0,69.0,SSW,7,S,13,0.0,,5.0
5/20/2003,1012.6,31.4,27.2,29.5,77.0,82.0,72.0,SSE,7,S,15,0.0,,4.0
5/21/2003,1013.4,31.3,26.8,29.5,75.0,80.0,71.0,S,6,SSW,12,0.0,,2.0
5/22/2003,1012.4,32.4,27.5,29.9,75.0,80.0,71.0,SW,6,SSW,12,0.0,,2.0
5/23/2003,1011.4,32.5,27.4,30.0,75.0,80.0,67.0,SW,6,SW,11,0.0,,4.0
5/24/2003,1012.1,32.1,27.0,29.6,78.0,86.0,72.0,W,6,W,20,0.0,,3.0
5/25/2003,1012.7,31.7,24.4,28.5,78.0,95.0,72.0,SSW,4,S,13,21.3,,4.0
5/26/2003,1012.6,31.6,26.4,29.5,78.0,89.0,69.0,VRB,3,S,8,0.0,,2.0
5/27/2003,1012.0,32.6,25.4,29.6,80.0,87.0,72.0,SW,7,SW,15,27.9,,3.0
5/28/2003,1011.9,33.4,25.4,29.6,81.0,95.0,67.0,WSW,9,WSW,23,4.8,,6.0
5/29/2003,1012.3,32.7,25.0,29.4,80.0,97.0,70.0,SW,5,SW,14,2.8,,6.0
5/30/2003,1012.6,31.3,26.7,28.6,81.0,92.0,74.0,SW,8,WSW,28,0.0,,4.0
5/31/2003,1012.0,32.9,25.4,29.5,78.0,93.0,68.0,WSW,10,WSW,18,4.6,,6.0
6/1/2003,1010.7,31.8,26.4,29.4,78.0,84.0,71.0,SW,9,WSW,20,0.0,,6.0
6/2/2003,1010.2,30.6,24.8,28.5,82.0,86.0,75.0,SW,10,W,23,4.8,,7.0
6/3/2003,1010.5,33.2,24.0,27.9,85.0,97.0,67.0,WSW,11,WSW,24,13.8,,7.0
6/4/2003,1010.7,29.5,24.6,27.6,84.0,97.0,76.0,WSW,12,W,32,0.0,,7.0
6/5/2003,1010.4,30.4,26.0,28.5,82.0,89.0,80.0,WSW,12,WSW,31,2.6,,7.0
6/6/2003,1009.7,31.6,24.6,29.1,80.0,95.0,72.0,WSW,8,SW,17,15.8,,6.0
6/7/2003,1009.8,32.6,23.0,28.9,75.0,93.0,70.0,W,6,WNW,27,20.5,,6.0
6/8/2003,1010.8,29.2,23.2,26.7,87.0,97.0,81.0,SSW,11,SSW,21,2.5,,8.0
6/9/2003,1010.8,30.8,24.6,28.6,80.0,92.0,73.0,VRB,4,NNW,20,0.0,,6.0
6/10/2003,1009.8,31.9,25.2,29.1,77.0,89.0,66.0,VRB,2,ENE,7,0.0,,6.0
6/11/2003,1010.0,31.5,25.6,29.0,80.0,90.0,74.0,VRB,4,ESE,9,0.0,,6.0
6/12/2003,1011.5,32.2,25.5,29.4,77.0,92.0,71.0,VRB,3,SE,10,5.2,,7.0
6/13/2003,1012.1,32.0,26.2,29.0,79.0,90.0,72.0,VRB,4,SSE,8,0.0,,4.0
6/14/2003,1012.1,31.4,26.4,28.9,75.0,83.0,67.0,VRB,4,NNW,12,0.0,,3.0
6/15/2003,1010.8,32.1,26.6,29.4,74.0,83.0,67.0,S,5,S,14,0.0,,5.0
6/16/2003,1010.3,31.6,24.9,29.4,75.0,88.0,68.0,SSW,6,SW,27,0.1,,5.0
6/17/2003,1010.5,31.6,26.8,29.6,77.0,86.0,70.0,SSE,5,SW,13,0.0,,4.0
6/18/2003,1011.1,31.6,26.6,29.4,77.0,86.0,71.0,ESE,5,ESE,18,0.0,,6.0
6/19/2003,1010.6,31.8,26.4,29.8,75.0,82.0,70.0,SE,5,SSE,13,0.0,,6.0
6/20/2003,1009.0,31.7,27.6,29.8,76.0,82.0,72.0,SSE,6,SSE,14,0.0,,7.0
6/21/2003,1008.9,31.9,24.6,29.9,76.0,83.0,69.0,SSE,5,SSE,13,1.1,,5.0
6/22/2003,1009.8,30.8,24.8,28.2,80.0,93.0,70.0,W,16,WNW,41,10.4,,7.0
6/23/2003,1009.5,32.2,27.5,29.6,76.0,82.0,70.0,W,6,WNW,13,0.0,,7.0
6/24/2003,1009.6,32.6,27.3,29.7,78.0,86.0,72.0,WSW,7,WSW,17,0.6,,7.0
6/25/2003,1009.6,34.0,27.4,30.1,75.0,83.0,64.0,W,6,W,14,0.0,,7.0
6/26/2003,1010.0,32.8,26.2,30.3,76.0,84.0,69.0,W,5,NW,19,3.8,,7.0
6/27/2003,1010.8,32.7,26.6,29.9,77.0,85.0,72.0,WNW,6,WNW,26,1.0,,6.0
6/28/2003,1011.2,31.1,23.3,29.0,76.0,83.0,69.0,NW,10,NW,27,4.0,,7.0
6/29/2003,1011.2,30.2,23.4,27.1,83.0,96.0,71.0,WSW,7,WSW,44,2.1,,7.0
6/30/2003,1010.2,31.8,26.4,29.5,80.0,86.0,72.0,W,8,WSW,18,0.0,,7.0
7/1/2003,1010.0,31.6,27.0,29.5,79.0,86.0,73.0,WSW,7,WSW,13,0.0,,7.0
7/2/2003,1011.0,31.4,26.7,29.4,77.0,86.0,72.0,S,5,S,11,0.0,,6.0
7/3/2003,1011.2,32.0,25.6,29.4,76.0,85.0,71.0,VRB,3,E,8,0.0,,7.0
7/4/2003,1010.2,31.6,25.2,29.4,77.0,92.0,72.0,VRB,4,NW,16,0.4,,4.0
7/5/2003,1010.1,31.5,24.4,28.9,80.0,96.0,76.0,ESE,7,WNW,35,3.3,,7.0
7/6/2003,1010.4,31.7,24.5,28.6,79.0,92.0,72.0,VRB,2,NE,9,0.0,,7.0
7/7/2003,1010.7,32.4,25.8,28.9,79.0,92.0,72.0,VRB,2,ENE,9,0.0,,3.0
7/8/2003,1010.2,32.6,25.8,29.7,75.0,87.0,69.0,WNW,5,W,20,7.2,,6.0
7/9/2003,1010.8,32.4,27.4,29.6,77.0,80.0,72.0,W,5,WSW,12,0.0,,7.0
7/10/2003,1011.3,30.8,27.2,29.2,77.0,83.0,72.0,SSE,4,SE,10,0.0,,7.0
7/11/2003,1010.2,31.4,27.5,29.6,79.0,86.0,73.0,SSE,5,SE,12,0.0,,6.0
7/12/2003,1010.0,31.0,23.8,28.9,84.0,98.0,75.0,ESE,5,NNW,25,9.4,,7.0
7/13/2003,1010.8,30.3,23.6,27.2,85.0,97.0,75.0,WSW,5,NW,31,11.8,,7.0
7/14/2003,1010.1,31.1,26.0,28.9,77.0,91.0,73.0,VRB,3,NE,9,0.0,,5.0
7/15/2003,1011.0,32.2,26.8,29.4,76.0,83.0,68.0,VRB,4,NW,16,0.0,,5.0
7/16/2003,1011.3,31.0,24.7,28.7,80.0,93.0,73.0,VRB,4,NW,19,2.9,,7.0
7/17/2003,1011.5,32.7,24.6,28.9,78.0,95.0,71.0,WNW,6,WNW,32,8.1,,6.0
7/18/2003,1011.6,30.8,25.1,28.6,82.0,90.0,77.0,NW,12,NW,29,6.2,,7.0
7/19/2003,1010.4,31.6,25.0,29.6,79.0,83.0,77.0,NW,7,WNW,37,1.6,,6.0
7/20/2003,1010.4,32.7,26.6,30.0,78.0,89.0,70.0,NW,7,WNW,16,6.2,,3.0
7/21/2003,1011.4,32.2,23.4,28.5,83.0,95.0,70.0,W,10,W,45,1.0,,6.0
7/22/2003,1011.7,31.8,24.5,28.5,84.0,95.0,74.0,VRB,4,WNW,15,0.0,,5.0
7/23/2003,1011.2,31.7,23.8,28.4,80.0,98.0,71.0,WNW,10,W,41,5.7,,5.0
7/24/2003,1011.1,32.2,27.2,29.5,74.0,86.0,66.0,VRB,3,SSE,9,0.0,,5.0
7/25/2003,1010.8,31.4,27.0,29.5,78.0,83.0,74.0,ESE,4,ENE,10,0.0,,6.0
7/26/2003,1010.6,31.6,25.0,29.0,83.0,93.0,76.0,VRB,3,NNW,12,0.2,,7.0
7/27/2003,1010.9,31.4,25.6,28.9,83.0,97.0,77.0,VRB,3,SE,16,0.0,,6.0
7/28/2003,1011.4,31.3,24.6,28.9,82.0,89.0,77.0,SE,5,NW,29,8.3,,5.0
7/29/2003,1011.2,30.0,24.8,27.6,88.0,98.0,81.0,WNW,5,WNW,23,0.9,,7.0
7/30/2003,1011.4,30.6,23.4,27.8,88.0,100.0,81.0,NNW,10,NNW,25,52.6,,7.0
7/31/2003,1012.0,32.9,25.4,28.4,80.0,100.0,70.0,NW,13,W,32,0.0,,7.0
8/1/2003,1012.0,31.6,25.1,29.3,82.0,89.0,74.0,NW,4,NW,8,0.0,,7.0
8/2/2003,1012.4,32.7,25.6,29.8,79.0,97.0,68.0,VRB,3,W,8,0.0,,4.0
8/3/2003,1012.9,32.6,24.1,29.4,79.0,90.0,67.0,NW,4,W,15,11.2,,4.0
8/4/2003,1014.0,30.4,23.2,27.0,89.0,98.0,77.0,WNW,14,WNW,27,13.2,,7.0
8/5/2003,1012.5,32.1,26.0,29.0,81.0,92.0,68.0,WNW,10,WNW,22,2.7,,6.0
8/6/2003,1011.2,30.3,24.4,27.2,89.0,95.0,78.0,W,9,W,22,5.5,,7.0
8/7/2003,1011.1,28.6,23.9,27.1,87.0,97.0,78.0,WNW,7,WNW,31,50.1,,7.0
8/8/2003,1010.6,30.6,25.4,28.3,84.0,98.0,76.0,NW,11,NW,32,1.4,,8.0
8/9/2003,1009.5,31.4,27.0,29.4,82.0,92.0,77.0,NW,12,WNW,22,0.2,,7.0
8/10/2003,1010.3,31.4,24.2,29.5,81.0,86.0,76.0,NW,12,W,24,2.5,,7.0
8/11/2003,1012.0,31.8,24.6,29.6,80.0,90.0,75.0,WNW,11,WNW,26,6.0,,6.0
8/12/2003,1013.1,31.3,24.3,27.7,89.0,97.0,83.0,WNW,10,W,27,17.1,,7.0
8/13/2003,1012.2,32.2,26.6,29.6,79.0,85.0,72.0,WNW,12,W,18,0.0,,6.0
8/14/2003,1012.4,32.2,26.4,29.4,79.0,89.0,70.0,W,8,W,12,0.6,,7.0
8/15/2003,1012.6,32.4,26.2,29.6,77.0,86.0,69.0,W,5,W,11,0.0,,6.0
8/16/2003,1012.8,32.4,26.6,29.3,80.0,86.0,72.0,W,5,SSW,11,0.0,,6.0
8/17/2003,1012.9,31.6,27.2,29.2,80.0,86.0,74.0,SW,6,SSW,13,0.0,,7.0
8/18/2003,1012.8,32.7,27.2,29.7,78.0,85.0,72.0,WSW,9,WSW,14,0.0,,7.0
8/19/2003,1011.9,32.9,25.4,29.9,78.0,86.0,69.0,W,13,W,27,4.6,,7.0
8/20/2003,1010.7,32.5,25.2,29.3,81.0,89.0,72.0,W,13,W,27,0.0,,6.0
8/21/2003,1010.6,32.2,25.6,29.6,81.0,90.0,72.0,WSW,11,SW,18,0.4,,7.0
8/22/2003,1011.6,32.4,26.8,29.7,81.0,89.0,72.0,WSW,9,WSW,14,0.0,,7.0
8/23/2003,1012.1,33.0,27.0,30.0,79.0,89.0,70.0,W,8,W,14,0.0,,6.0
8/24/2003,1011.1,33.0,27.1,30.2,77.0,86.0,67.0,W,7,W,13,0.0,,4.0
8/25/2003,1011.4,33.4,24.8,30.3,77.0,86.0,68.0,W,7,W,22,4.2,,3.0
8/26/2003,1012.2,32.9,26.6,29.9,79.0,92.0,69.0,W,7,W,14,0.0,,6.0
8/27/2003,1012.7,32.8,26.1,29.7,78.0,86.0,68.0,W,5,W,14,0.0,,7.0
8/28/2003,1013.2,33.1,24.3,29.5,77.0,93.0,68.0,W,4,W,11,0.0,,5.0
8/29/2003,1013.2,31.4,26.8,29.2,75.0,83.0,70.0,S,6,SSE,14,0.0,,3.0
8/30/2003,1013.3,32.2,26.7,29.8,76.0,83.0,70.0,S,8,S,16,0.0,,3.0
8/31/2003,1013.0,31.9,26.5,29.6,79.0,89.0,70.0,S,7,S,15,0.2,,3.0
9/1/2003,1012.8,31.6,26.5,29.4,75.0,89.0,62.0,S,6,SSW,14,0.2,,5.0
9/2/2003,1012.8,32.6,23.8,29.6,72.0,83.0,63.0,WSW,4,WNW,21,8.0,,6.0
9/3/2003,1012.7,32.7,26.4,29.3,77.0,95.0,66.0,W,5,WSW,17,0.0,,7.0
9/4/2003,1012.7,32.6,23.2,29.6,74.0,93.0,67.0,WNW,9,NW,24,12.1,,7.0
9/5/2003,1012.7,32.4,26.4,29.2,77.0,95.0,68.0,W,9,W,20,0.7,,7.0
9/6/2003,1013.4,32.4,26.6,29.8,72.0,79.0,66.0,W,5,WSW,12,0.0,,7.0
9/7/2003,1013.4,32.5,25.4,29.6,71.0,83.0,64.0,WNW,4,W,9,0.0,,7.0
9/8/2003,1013.3,32.4,25.6,29.3,72.0,87.0,61.0,VRB,2,NNE,7,0.0,,6.0
9/9/2003,1013.2,32.2,26.7,29.5,73.0,84.0,65.0,VRB,3,WSW,9,0.0,,2.0
9/10/2003,1012.9,33.1,27.2,30.1,71.0,83.0,63.0,WSW,7,SW,13,0.0,,6.0
9/11/2003,1012.6,33.5,24.5,30.3,73.0,88.0,62.0,W,8,WSW,21,2.9,,6.0
9/12/2003,1012.1,32.2,26.2,29.7,73.0,80.0,67.0,W,12,SW,22,0.0,,7.0
9/13/2003,1012.1,30.4,26.7,29.1,75.0,85.0,67.0,WSW,8,SW,17,0.0,,7.0
9/14/2003,1012.0,32.4,27.4,29.9,74.0,80.0,66.0,S,10,S,17,0.0,,7.0
9/15/2003,1011.8,32.4,27.0,30.1,74.0,80.0,66.0,S,9,S,15,0.0,,2.0
9/16/2003,1012.1,32.4,27.2,29.9,74.0,83.0,67.0,S,9,S,14,0.0,,3.0
9/17/2003,1012.9,32.2,24.4,29.7,75.0,92.0,66.0,S,7,SSW,34,3.7,,6.0
9/18/2003,1014.2,30.6,25.3,28.0,79.0,90.0,72.0,SW,9,W,31,1.2,,6.0
9/19/2003,1013.9,31.2,24.9,28.8,81.0,92.0,71.0,SW,7,WNW,24,6.8,,7.0
9/20/2003,1013.8,31.5,24.6,27.8,85.0,100.0,72.0,W,9,W,25,23.2,,7.0
9/21/2003,1013.9,28.6,23.7,26.7,88.0,95.0,81.0,SW,6,SW,21,2.1,,6.0
9/22/2003,1013.4,31.4,26.7,29.1,78.0,89.0,71.0,SW,5,WSW,10,0.0,,4.0
9/23/2003,1012.2,31.9,26.2,29.1,80.0,86.0,74.0,WSW,8,W,23,4.1,,4.0
9/24/2003,1011.3,32.5,23.6,28.3,85.0,96.0,78.0,WSW,9,WSW,30,36.5,,6.0
9/25/2003,1012.0,29.4,24.4,27.5,86.0,93.0,80.0,W,12,W,27,10.6,,7.0
9/26/2003,1011.8,31.6,23.9,28.1,82.0,92.0,76.0,W,15,WSW,35,14.9,,7.0
9/27/2003,1010.7,31.6,24.2,28.7,82.0,92.0,72.0,WNW,11,WSW,32,10.1,,7.0
9/28/2003,1010.8,30.0,23.6,26.8,89.0,95.0,78.0,W,14,W,32,40.7,,8.0
9/29/2003,1010.8,30.4,23.2,27.8,84.0,89.0,81.0,W,18,WNW,38,10.2,,7.0
9/30/2003,1011.3,29.2,23.0,26.5,87.0,98.0,78.0,W,21,W,46,40.1,,8.0
10/1/2003,1009.8,30.6,24.4,27.7,85.0,93.0,78.0,W,17,WNW,38,9.0,,7.0
10/2/2003,1009.9,31.1,24.8,28.2,85.0,93.0,77.0,W,12,W,22,7.9,,7.0
10/3/2003,1010.5,31.6,26.0,29.1,81.0,87.0,72.0,W,12,W,30,0.8,,7.0
10/4/2003,1010.9,31.1,26.9,29.0,79.0,86.0,73.0,WSW,14,WSW,21,0.0,,5.0
10/5/2003,1011.0,31.7,27.2,29.4,79.0,86.0,71.0,WSW,12,WSW,19,0.2,,4.0
10/6/2003,1010.6,31.0,26.6,29.3,76.0,83.0,70.0,WSW,13,WSW,20,0.0,,4.0
10/7/2003,1011.0,31.2,27.0,29.3,76.0,85.0,70.0,WSW,13,WSW,21,0.0,,4.0
10/8/2003,1011.4,32.4,27.1,29.6,76.0,83.0,70.0,WSW,11,WSW,16,0.0,,3.0
10/9/2003,1012.4,32.8,26.3,29.7,76.0,89.0,68.0,WSW,11,WSW,21,0.9,,6.0
10/10/2003,1012.1,32.8,24.5,30.0,77.0,85.0,69.0,WSW,8,WNW,21,9.8,,7.0
10/11/2003,1011.2,32.6,26.6,29.3,79.0,87.0,70.0,WNW,7,WNW,13,0.0,,6.0
10/12/2003,1011.2,32.4,26.6,29.8,76.0,85.0,69.0,W,9,W,14,0.0,,2.0
10/13/2003,1012.7,32.6,25.6,29.7,77.0,87.0,68.0,WSW,9,SW,22,2.4,,2.0
10/14/2003,1012.9,32.5,26.8,30.0,75.0,83.0,68.0,W,7,WNW,13,0.0,,2.0
10/15/2003,1012.4,32.6,24.4,29.9,76.0,85.0,70.0,W,7,SW,14,2.9,,2.0
10/16/2003,1012.3,31.6,26.2,28.5,82.0,95.0,76.0,W,8,W,23,1.2,,4.0
10/17/2003,1012.2,31.9,23.6,28.9,79.0,96.0,70.0,W,6,WSW,29,17.0,,3.0
10/18/2003,1012.9,32.3,23.6,28.9,82.0,89.0,72.0,WSW,8,WSW,32,25.6,,4.0
10/19/2003,1013.3,31.6,25.2,29.2,81.0,89.0,77.0,WSW,10,WSW,19,0.1,,4.0
10/20/2003,1013.7,30.1,24.6,27.4,85.0,90.0,82.0,SW,12,WSW,32,4.5,,6.0
10/21/2003,1013.2,29.4,23.7,26.6,91.0,98.0,83.0,SW,9,W,24,47.8,,7.0
10/22/2003,1013.4,31.5,25.8,28.5,82.0,90.0,73.0,WSW,9,W,19,3.2,,4.0
10/23/2003,1014.2,30.9,25.6,28.9,80.0,86.0,73.0,WSW,10,SW,24,2.3,,4.0
10/24/2003,1012.9,30.8,25.4,29.0,77.0,86.0,73.0,SW,11,WSW,22,4.4,,3.0
10/25/2003,1011.6,32.5,26.8,29.9,75.0,83.0,67.0,WSW,8,W,14,0.0,,2.0
10/26/2003,1011.0,32.2,25.1,29.6,77.0,89.0,68.0,WNW,9,WNW,17,0.1,,2.0
10/27/2003,1012.2,31.8,24.7,29.3,79.0,89.0,68.0,WSW,10,W,18,1.1,,2.0
10/28/2003,1013.4,31.4,24.6,27.6,85.0,95.0,73.0,WSW,9,W,23,8.9,,6.0
10/29/2003,1012.7,30.7,25.6,28.7,77.0,92.0,70.0,NW,5,NNW,13,0.0,,3.0
10/30/2003,1011.8,30.4,23.7,27.8,83.0,98.0,71.0,VRB,3,NNE,22,19.6,,5.0
10/31/2003,1011.5,30.7,23.1,27.2,87.0,95.0,75.0,NW,8,W,23,24.6,,7.0
11/1/2003,1011.0,30.2,24.0,28.2,80.0,96.0,71.0,NW,8,NW,23,12.0,,7.0
11/2/2003,1011.6,31.2,24.6,28.3,81.0,98.0,72.0,WNW,6,W,15,9.1,,6.0
11/3/2003,1012.0,29.1,23.6,26.0,91.0,98.0,86.0,WSW,6,WNW,16,35.2,,7.0
11/4/2003,1012.0,28.5,23.4,26.4,88.0,98.0,82.0,SW,8,NNW,21,21.0,,6.0
11/5/2003,1011.3,30.4,23.7,27.6,85.0,96.0,77.0,WSW,8,W,23,31.3,,6.0
11/6/2003,1011.0,32.3,23.9,28.7,80.0,95.0,67.0,WSW,10,SSW,21,9.2,,7.0
11/7/2003,1010.6,29.6,23.4,27.3,85.0,96.0,76.0,WSW,11,W,32,32.2,,7.0
11/8/2003,1010.4,30.6,23.1,27.3,85.0,98.0,75.0,WSW,14,W,35,26.2,,7.0
11/9/2003,1009.1,29.8,23.4,28.2,82.0,92.0,78.0,W,19,WSW,32,38.3,,7.0
11/10/2003,1010.6,28.6,23.3,25.7,92.0,100.0,84.0,WNW,7,WNW,20,23.2,,7.0
11/11/2003,1011.7,31.8,23.8,27.5,86.0,95.0,72.0,W,5,W,23,7.1,,7.0
11/12/2003,1011.4,30.7,24.2,27.5,84.0,95.0,75.0,NW,9,NW,30,2.6,,6.0
11/13/2003,1011.2,30.6,25.4,28.5,80.0,93.0,73.0,NW,6,N,23,0.9,,6.0
11/14/2003,1012.2,30.8,23.5,28.4,84.0,93.0,77.0,N,7,NNW,20,55.6,,6.0
11/15/2003,1013.4,28.4,22.4,25.1,93.0,100.0,84.0,W,16,W,33,32.8,,7.0
11/16/2003,1011.7,29.4,24.6,27.8,83.0,90.0,75.0,WNW,17,WNW,24,2.2,,7.0
11/17/2003,1011.7,30.7,26.2,28.6,81.0,92.0,74.0,W,11,WNW,21,0.0,,5.0
11/18/2003,1011.2,31.6,24.6,28.5,84.0,90.0,75.0,WSW,10,W,23,3.6,,6.0
11/19/2003,1011.4,32.4,26.7,29.7,76.0,86.0,70.0,WSW,9,WSW,13,0.0,,3.0
11/20/2003,1011.8,30.8,24.7,28.7,75.0,84.0,69.0,SW,6,WSW,13,0.0,,3.0
11/21/2003,1011.5,30.9,24.5,28.5,78.0,93.0,69.0,WSW,4,W,9,0.0,,2.0
11/22/2003,1012.9,32.4,26.6,29.3,77.0,93.0,67.0,WNW,5,WNW,11,0.0,,2.0
11/23/2003,1011.6,32.6,23.5,29.7,75.0,89.0,67.0,WNW,6,W,13,27.4,,3.0
11/24/2003,1012.9,30.6,24.5,27.7,87.0,95.0,74.0,WSW,8,SW,24,9.0,,5.0
11/25/2003,1013.0,30.4,24.4,28.6,80.0,86.0,73.0,NW,9,NE,19,0.0,,3.0
11/26/2003,1011.8,31.0,23.2,28.3,84.0,95.0,73.0,NE,4,NW,13,27.2,,2.0
11/27/2003,1010.8,30.6,23.0,27.6,86.0,100.0,77.0,NNW,5,NNW,16,34.8,,6.0
11/28/2003,1010.3,29.7,25.4,28.0,82.0,96.0,77.0,NNW,5,NNE,13,0.0,,3.0
11/29/2003,1011.2,31.5,26.4,29.0,78.0,84.0,70.0,WNW,4,NNW,8,0.0,,3.0
11/30/2003,1011.5,32.0,24.6,29.3,78.0,90.0,68.0,VRB,3,WNW,7,0.0,,3.0
12/1/2003,1011.9,32.4,24.6,29.0,78.0,90.0,67.0,VRB,2,SW,14,10.4,,2.0
12/2/2003,1011.4,32.6,24.0,28.0,86.0,98.0,70.0,NW,4,NNW,17,14.1,,5.0
12/3/2003,1010.3,29.6,24.1,26.8,89.0,95.0,82.0,VRB,3,ESE,16,19.2,,6.0
12/4/2003,1010.1,30.3,24.2,27.2,89.0,95.0,83.0,ESE,4,ENE,16,30.0,,7.0
12/5/2003,1010.8,30.6,25.1,27.9,86.0,95.0,80.0,ENE,6,NNE,15,0.6,,6.0
12/6/2003,1011.8,30.3,24.4,27.9,83.0,93.0,79.0,SE,6,SE,16,0.6,,5.0
12/7/2003,1012.6,29.2,24.4,27.0,85.0,92.0,84.0,SSE,4,SSE,13,1.6,,7.0
12/8/2003,1013.5,29.4,23.4,25.6,91.0,95.0,85.0,WSW,6,WSW,23,32.0,,7.0
12/9/2003,1012.5,29.6,23.8,27.7,82.0,98.0,73.0,NNW,4,WSW,16,10.1,,4.0
12/10/2003,1012.1,29.8,25.2,27.9,82.0,93.0,75.0,NNE,5,NNE,14,0.0,,5.0
12/11/2003,1011.2,30.5,24.8,28.4,76.0,83.0,71.0,NNE,8,NNE,14,0.0,,5.0
12/12/2003,1011.3,30.3,25.4,27.9,81.0,92.0,74.0,ENE,5,ENE,14,0.3,,6.0
12/13/2003,1011.6,30.2,23.8,26.3,89.0,100.0,77.0,NE,7,SW,17,111.6,,7.0
12/14/2003,1011.5,30.1,24.1,27.5,85.0,98.0,78.0,VRB,3,N,11,0.2,,7.0
12/15/2003,1011.2,31.6,26.2,28.9,78.0,87.0,72.0,VRB,3,W,9,0.0,,5.0
12/16/2003,1011.4,31.4,26.4,28.9,77.0,82.0,71.0,NW,6,NW,11,0.0,,5.0
12/17/2003,1012.6,30.4,24.4,28.4,74.0,83.0,69.0,NNW,5,NNW,12,0.0,,2.0
12/18/2003,1013.7,30.2,24.1,27.7,75.0,87.0,70.0,NNW,5,NNW,12,0.0,,4.0
12/19/2003,1014.3,30.8,25.8,28.0,78.0,87.0,71.0,NNE,5,NNE,11,0.0,,6.0
12/20/2003,1015.0,30.8,26.2,28.4,79.0,84.0,71.0,NNE,5,NNE,13,0.0,,6.0
12/21/2003,1014.2,31.4,26.6,29.0,80.0,84.0,72.0,NE,9,NE,16,0.0,,4.0
12/22/2003,1013.3,30.7,26.4,28.7,77.0,90.0,69.0,NE,11,NNE,21,0.0,,6.0
12/23/2003,1013.1,31.6,26.0,28.9,76.0,92.0,66.0,NNE,10,NE,19,0.0,,4.0
12/24/2003,1013.6,31.2,25.5,28.8,71.0,80.0,63.0,NNE,7,NNE,16,0.0,,3.0
12/25/2003,1012.9,31.4,24.3,28.5,71.0,82.0,64.0,NNE,6,N,14,0.0,,3.0
12/26/2003,1011.9,30.6,25.4,28.6,72.0,85.0,63.0,NNE,6,NE,13,0.0,,3.0
12/27/2003,1012.0,30.8,26.7,28.7,77.0,87.0,67.0,NE,6,NNE,14,0.0,,5.0
12/28/2003,1012.0,31.4,27.3,29.3,77.0,86.0,68.0,NE,10,NE,20,0.0,,6.0
12/29/2003,1012.8,31.4,23.4,29.2,77.0,83.0,69.0,NE,13,E,30,2.3,,4.0
12/30/2003,1014.1,29.7,22.4,26.4,84.0,92.0,75.0,NE,11,ENE,31,8.3,,7.0
12/31/2003,1014.2,29.6,24.7,27.0,82.0,95.0,75.0,NE,5,NE,16,0.0,,7.0
1/1/2004,1012.9,30.7,25.6,28.4,82.0,92.0,73.0,NNE,7,NNE,16,0.05,,6.0
1/2/2004,1013.1,31.6,25.8,28.7,77.0,89.0,70.0,NNE,7,NNE,13,0.0,,4.0
1/3/2004,1013.1,30.8,26.4,28.8,74.0,83.0,64.0,NE,8,NNE,15,0.0,,2.0
1/4/2004,1013.2,31.4,26.4,28.8,75.0,81.0,68.0,NE,9,NNE,16,0.0,,2.0
1/5/2004,1013.4,31.2,26.3,28.8,76.0,84.0,67.0,NE,8,NE,15,0.0,,3.0
1/6/2004,1013.0,31.2,26.4,28.9,77.0,84.0,71.0,NE,7,NE,13,0.0,,2.0
1/7/2004,1012.6,31.3,26.6,29.0,77.0,86.0,68.0,NE,8,NE,15,0.0,,2.0
1/8/2004,1012.3,31.5,26.4,29.0,78.0,86.0,71.0,NE,11,NE,21,0.3,,5.0
1/9/2004,1011.9,31.6,26.2,29.2,78.0,92.0,69.0,NE,13,NE,23,1.6,,4.0
1/10/2004,1011.5,31.4,26.4,29.3,78.0,83.0,71.0,NE,13,NE,23,0.2,,2.0
1/11/2004,1011.9,30.6,25.4,28.2,85.0,90.0,73.0,NE,12,E,27,1.9,,6.0
1/12/2004,1012.1,31.5,22.6,28.7,81.0,86.0,77.0,NE,7,NE,15,48.8,,6.0
1/13/2004,1011.5,29.2,23.4,25.9,93.0,100.0,85.0,NE,7,NE,18,20.2,,7.0
1/14/2004,1010.7,30.4,26.4,28.2,81.0,90.0,75.0,NNE,8,NNE,19,0.2,,6.0
1/15/2004,1012.3,28.4,23.2,26.3,91.0,98.0,83.0,E,5,E,26,45.0,,7.0
1/16/2004,1012.4,30.1,25.6,27.5,86.0,95.0,78.0,NE,6,NNE,15,0.3,,6.0
1/17/2004,1012.1,30.0,25.4,27.7,83.0,89.0,79.0,NE,6,ENE,13,0.0,,7.0
1/18/2004,1011.8,30.6,25.9,28.0,82.0,87.0,75.0,NE,6,NNE,15,1.6,,6.0
1/19/2004,1010.8,30.8,26.4,28.4,77.0,84.0,69.0,NNE,9,NNE,16,0.0,,3.0
1/20/2004,1010.5,30.8,26.2,28.5,72.0,78.0,65.0,NNE,9,NNE,17,0.0,,2.0
1/21/2004,1009.7,30.8,24.5,28.5,74.0,81.0,67.0,NE,9,NE,18,0.0,,3.0
1/22/2004,1010.2,30.6,24.6,28.3,77.0,92.0,70.0,N,4,NE,11,4.6,,3.0
1/23/2004,1009.9,29.4,24.1,26.5,89.0,95.0,83.0,NNE,6,NNE,22,3.2,,6.0
1/24/2004,1009.6,31.4,25.6,28.5,79.0,89.0,67.0,NNE,7,NNE,17,0.0,,4.0
1/25/2004,1011.7,30.4,26.2,28.2,80.0,86.0,74.0,NW,4,NNW,9,0.0,,5.0
1/26/2004,1011.7,29.8,25.4,28.0,83.0,86.0,77.0,N,5,NNW,13,0.0,,6.0
1/27/2004,1010.3,31.2,26.5,28.8,78.0,85.0,70.0,NNE,7,NE,18,0.05,,3.0
1/28/2004,1009.5,31.4,26.7,28.9,78.0,86.0,71.0,NE,6,NE,13,0.4,,2.0
1/29/2004,1009.6,31.4,26.4,29.3,77.0,83.0,71.0,NE,7,NE,14,0.0,,2.0
1/30/2004,1011.0,30.8,26.2,28.9,77.0,84.0,70.0,N,7,NNW,15,0.0,,2.0
1/31/2004,1011.8,30.4,26.2,28.8,77.0,84.0,73.0,N,6,NW,14,0.0,,4.0
2/1/2004,1009.4,31.5,25.2,28.8,77.0,83.0,73.0,N,7,NNW,14,0.05,,5.0
2/2/2004,1009.5,31.2,25.6,28.6,75.0,84.0,69.0,NE,6,NE,13,0.1,,6.0
2/3/2004,1010.8,31.6,26.4,28.8,76.0,84.0,67.0,NNE,6,NNE,14,0.0,,3.0
2/4/2004,1011.0,31.8,26.1,29.0,76.0,87.0,71.0,NNE,7,NNE,14,0.0,,5.0
2/5/2004,1011.4,32.0,25.4,29.1,74.0,84.0,65.0,NNE,9,NNE,20,0.0,,2.0
2/6/2004,1012.6,31.6,25.2,29.1,79.0,92.0,72.0,NE,6,NNE,13,0.0,,3.0
2/7/2004,1014.4,32.4,25.2,29.5,85.0,97.0,69.0,VRB,4,ENE,9,0.0,,3.0
2/8/2004,1014.1,31.8,26.4,29.1,77.0,90.0,72.0,NNE,6,NNE,14,0.0,,3.0
2/9/2004,1013.3,31.8,25.4,29.6,73.0,83.0,66.0,NNE,6,NE,14,0.0,,4.0
2/10/2004,1013.9,31.8,24.0,29.0,74.0,93.0,65.0,NNE,4,NE,11,0.0,,4.0
2/11/2004,1014.1,32.0,26.4,29.1,75.0,95.0,62.0,NE,5,NE,15,0.05,,4.0
2/12/2004,1013.2,32.4,25.6,29.8,70.0,80.0,60.0,NNE,8,NNE,16,0.0,,2.0
2/13/2004,1012.3,32.4,25.8,29.6,73.0,84.0,64.0,NNE,6,NNE,15,0.0,,2.0
2/14/2004,1011.6,32.5,26.5,29.8,71.0,84.0,61.0,NNE,5,NNE,12,0.0,,1.0
2/15/2004,1011.7,32.8,26.1,29.8,69.0,78.0,60.0,NNE,8,NNE,20,0.0,,1.0
2/16/2004,1011.9,32.4,26.2,29.9,67.0,76.0,60.0,N,7,N,16,0.0,,1.0
2/17/2004,1011.4,32.2,25.7,29.4,70.0,77.0,62.0,NNE,6,NNE,13,0.0,,5.0
2/18/2004,1010.6,31.6,25.2,29.1,70.0,78.0,66.0,NNE,5,NNE,11,0.0,,4.0
2/19/2004,1011.4,31.8,23.4,28.9,67.0,78.0,59.0,N,5,N,12,0.0,,5.0
2/20/2004,1011.8,31.7,25.6,28.9,68.0,86.0,60.0,N,6,N,14,0.0,,3.0
2/21/2004,1011.8,31.6,26.3,29.1,70.0,75.0,63.0,NNE,6,NNE,13,0.0,,4.0
2/22/2004,1011.4,32.2,26.2,29.3,66.0,76.0,56.0,NNE,7,NNE,17,0.0,,3.0
2/23/2004,1011.7,32.3,24.4,29.4,70.0,88.0,61.0,NE,5,ENE,12,0.0,,3.0
2/24/2004,1012.7,32.4,26.3,29.1,78.0,93.0,67.0,VRB,3,NNW,13,0.05,,4.0
2/25/2004,1012.8,32.1,26.8,29.1,76.0,89.0,66.0,NE,7,N,15,0.0,,5.0
2/26/2004,1012.0,32.3,24.8,29.4,68.0,80.0,57.0,NNE,6,NNE,14,0.0,,2.0
2/27/2004,1011.9,31.4,26.1,28.8,72.0,84.0,64.0,VRB,3,N,11,0.0,,4.0
2/28/2004,1012.2,32.5,27.1,29.1,72.0,79.0,65.0,N,4,N,13,0.0,,6.0
2/29/2004,1011.9,31.8,26.1,29.3,73.0,80.0,66.0,NW,5,NNE,14,0.0,,7.0
3/1/2004,1011.2,31.9,24.6,29.4,73.0,84.0,66.0,N,6,N,14,0.0,,6.0
3/2/2004,1010.5,31.5,27.2,29.1,73.0,88.0,68.0,NNW,5,N,12,0.0,,3.0
3/3/2004,1010.7,32.2,26.0,29.4,70.0,78.0,63.0,NW,5,WNW,13,0.0,,5.0
3/4/2004,1010.8,31.6,23.8,29.0,66.0,82.0,58.0,NNW,4,NNW,11,0.0,,3.0
3/5/2004,1010.5,31.9,23.9,28.9,71.0,84.0,60.0,ENE,4,ENE,9,0.0,,2.0
3/6/2004,1011.1,31.6,26.6,29.0,71.0,90.0,63.0,NNW,4,N,12,0.0,,1.0
3/7/2004,1012.1,31.5,25.0,29.4,73.0,81.0,67.0,NNW,5,N,11,0.0,,1.0
3/8/2004,1012.6,31.6,27.0,29.1,72.0,82.0,65.0,NNW,7,NNW,15,0.0,,2.0
3/9/2004,1011.9,33.1,25.6,30.1,69.0,81.0,56.0,N,7,NNE,16,0.0,,1.0
3/10/2004,1010.4,32.8,27.5,30.1,73.0,87.0,64.0,NE,7,NNE,14,0.0,,1.0
3/11/2004,1011.0,32.9,26.0,29.9,75.0,85.0,67.0,NE,6,NE,14,0.3,,3.0
3/12/2004,1011.8,32.8,26.9,29.9,75.0,86.0,65.0,NE,6,NNE,16,0.0,,5.0
3/13/2004,1012.9,32.8,27.1,30.1,74.0,85.0,64.0,NE,4,ENE,12,0.0,,3.0
3/14/2004,1012.8,32.5,26.3,30.0,73.0,83.0,64.0,NE,5,N,13,0.0,,2.0
3/15/2004,1012.1,33.8,27.0,30.1,73.0,80.0,64.0,NW,5,NW,12,0.0,,2.0
3/16/2004,1011.2,33.7,27.4,30.6,74.0,82.0,65.0,W,6,W,11,0.0,,2.0
3/17/2004,1011.3,34.1,27.6,30.9,72.0,82.0,61.0,W,7,W,13,0.0,,3.0
3/18/2004,1011.8,31.8,26.5,29.1,79.0,85.0,73.0,W,8,W,14,0.1,,7.0
3/19/2004,1010.8,33.6,27.0,30.5,75.0,86.0,67.0,W,9,WNW,16,0.0,,6.0
3/20/2004,1009.6,34.3,24.6,30.2,78.0,97.0,66.0,W,10,WNW,25,9.0,,5.0
3/21/2004,1010.1,32.8,27.4,30.1,76.0,87.0,71.0,WNW,8,NW,13,0.0,,2.0
3/22/2004,1011.2,33.9,27.2,30.8,77.0,85.0,65.0,W,7,W,12,0.05,,4.0
3/23/2004,1012.0,33.5,27.0,30.4,78.0,85.0,72.0,WSW,9,WSW,22,0.2,,5.0
3/24/2004,1011.4,32.3,27.4,30.0,76.0,83.0,70.0,SW,9,SW,15,0.0,,2.0
3/25/2004,1010.7,33.2,27.4,30.2,72.0,79.0,64.0,WSW,9,SW,15,0.0,,1.0
3/26/2004,1010.0,33.4,26.6,30.4,71.0,79.0,64.0,W,6,WSW,13,0.0,,1.0
3/27/2004,1011.7,33.0,24.4,29.8,70.0,85.0,61.0,VRB,3,W,7,0.0,,1.0
3/28/2004,1012.1,32.4,25.3,29.4,73.0,90.0,64.0,VRB,2,NE,9,0.0,,1.0
3/29/2004,1012.5,32.3,27.3,29.8,73.0,90.0,65.0,SE,4,ESE,10,0.0,,1.0
3/30/2004,1012.2,32.2,27.0,29.9,73.0,79.0,68.0,SE,5,SE,11,0.0,,1.0
3/31/2004,1012.2,32.4,25.7,29.7,71.0,79.0,65.0,S,4,S,12,0.0,,1.0
4/1/2004,1012.9,32.6,26.4,29.6,72.0,80.0,65.0,S,4,ESE,12,0.0,,2.0
4/2/2004,1013.2,33.7,23.6,29.9,71.0,85.0,60.0,VRB,3,SE,10,0.0,,2.0
4/3/2004,1013.1,33.0,26.6,29.5,72.0,88.0,63.0,VRB,2,ENE,9,0.0,,2.0
4/4/2004,1013.2,32.6,25.2,29.7,76.0,87.0,67.0,VRB,3,E,13,0.0,,4.0
4/5/2004,1012.2,33.2,25.6,29.5,76.0,92.0,70.0,VRB,2,WNW,19,0.0,,2.0
4/6/2004,1012.2,33.2,24.2,30.1,74.0,90.0,64.0,WSW,4,NNW,17,24.5,,2.0
4/7/2004,1013.3,30.5,24.3,28.0,86.0,97.0,79.0,W,11,W,31,2.6,,7.0
4/8/2004,1012.6,32.2,27.6,29.5,78.0,84.0,71.0,NW,9,WNW,19,0.05,,6.0
4/9/2004,1010.7,33.4,25.9,30.3,77.0,85.0,68.0,W,6,W,23,9.2,,5.0
4/10/2004,1010.0,33.2,26.3,30.6,74.0,87.0,65.0,VRB,3,SW,8,0.0,,3.0
4/11/2004,1010.7,34.2,28.3,30.5,73.0,87.0,65.0,W,4,WNW,14,0.05,,2.0
4/12/2004,1011.2,33.0,24.6,27.2,86.0,96.0,78.0,SW,7,E,25,18.2,,7.0
4/13/2004,1010.2,31.6,27.4,29.4,78.0,86.0,72.0,S,4,SSW,11,0.0,,2.0
4/14/2004,1010.2,32.4,27.2,30.1,76.0,85.0,71.0,SSW,4,SW,9,0.0,,2.0
4/15/2004,1010.8,32.2,27.0,30.1,79.0,79.0,72.0,SSE,5,S,14,0.0,,2.0
4/16/2004,1011.6,32.2,26.4,29.6,79.0,86.0,67.0,W,6,WNW,22,6.6,,3.0
4/17/2004,1010.9,33.2,26.0,29.8,80.0,89.0,69.0,WSW,10,W,25,4.7,,6.0
4/18/2004,1010.0,32.4,27.0,29.7,81.0,88.0,74.0,WSW,12,WSW,22,0.05,,7.0
4/19/2004,1010.9,32.4,24.1,28.7,84.0,97.0,75.0,WSW,12,W,23,9.5,,7.0
4/20/2004,1012.6,28.8,25.0,27.3,83.0,87.0,79.0,SW,7,SSE,14,0.05,,7.0
4/21/2004,1011.3,31.3,23.8,28.9,81.0,92.0,73.0,VRB,2,SSE,18,6.0,,6.0
4/22/2004,1009.7,32.6,24.6,29.4,77.0,92.0,67.0,SW,7,SW,25,4.6,,5.0
4/23/2004,1009.7,31.5,24.8,28.0,81.0,90.0,70.0,SW,9,SW,27,0.9,,7.0
4/24/2004,1009.4,32.2,26.8,29.7,76.0,83.0,67.0,SW,5,SSE,12,0.0,,5.0
4/25/2004,1008.4,31.6,27.2,29.7,76.0,85.0,71.0,S,6,S,11,0.0,,2.0
4/26/2004,1010.4,32.2,25.2,29.7,75.0,88.0,70.0,S,9,SSW,31,0.3,,4.0
4/27/2004,1010.8,33.7,27.8,30.6,74.0,83.0,67.0,W,8,W,18,0.0,,5.0
4/28/2004,1009.6,33.6,27.8,30.9,75.0,83.0,68.0,W,12,W,19,0.0,,4.0
4/29/2004,1008.7,33.5,28.4,30.4,77.0,82.0,71.0,WSW,13,WSW,25,0.05,,4.0
4/30/2004,1008.1,33.2,24.0,30.0,79.0,97.0,71.0,W,16,NNW,33,19.8,,6.0
5/1/2004,1008.3,31.6,24.2,28.7,84.0,98.0,76.0,W,14,NW,38,47.6,,7.0
5/2/2004,1007.6,31.2,23.6,29.0,84.0,89.0,75.0,W,17,WNW,41,29.4,,7.0
5/3/2004,1007.9,30.4,23.2,28.3,85.0,93.0,82.0,W,17,WNW,39,35.3,,8.0
5/4/2004,1007.9,32.2,27.3,30.0,81.0,100.0,75.0,WSW,18,WSW,32,0.9,,8.0
5/5/2004,1008.0,32.2,24.6,29.7,81.0,86.0,77.0,WSW,20,WSW,46,9.2,,6.0
5/6/2004,1007.9,31.6,25.4,29.7,80.0,88.0,75.0,WSW,22,WSW,50,4.4,,6.0
5/7/2004,1008.2,31.8,24.3,29.9,81.0,97.0,74.0,WSW,20,WSW,41,24.6,,6.0
5/8/2004,1007.6,30.8,25.5,29.3,84.0,89.0,78.0,W,19,W,37,10.7,,7.0
5/9/2004,1008.2,32.4,25.6,30.1,80.0,87.0,71.0,W,19,WNW,40,6.1,,4.0
5/10/2004,1009.7,32.4,27.8,30.3,79.0,85.0,71.0,WNW,17,WNW,25,0.0,,3.0
5/11/2004,1010.5,32.8,27.4,30.4,77.0,86.0,70.0,WNW,14,WNW,21,0.0,,3.0
5/12/2004,1009.8,32.8,27.4,30.1,76.0,85.0,69.0,W,9,W,17,0.0,,5.0
5/13/2004,1009.4,33.8,27.4,30.2,76.0,83.0,67.0,W,10,W,15,0.0,,7.0
5/14/2004,1010.0,33.4,27.0,30.1,76.0,83.0,69.0,W,8,W,13,0.0,,6.0
5/15/2004,1011.1,33.2,26.3,30.4,75.0,86.0,68.0,W,6,W,12,0.0,,5.0
5/16/2004,1011.3,31.6,27.0,29.7,76.0,83.0,71.0,SW,7,SW,13,0.0,,4.0
5/17/2004,1011.7,32.2,27.6,30.0,75.0,82.0,70.0,SW,8,WSW,16,0.0,,5.0
5/18/2004,1012.2,32.8,27.6,30.3,75.0,82.0,69.0,WSW,13,WSW,21,0.0,,5.0
5/19/2004,1011.6,32.3,27.6,30.1,72.0,80.0,65.0,WSW,15,WSW,21,0.0,,5.0
5/20/2004,1012.2,31.6,27.4,29.8,71.0,78.0,66.0,WSW,15,WSW,23,0.0,,3.0
5/21/2004,1011.8,32.5,27.6,30.1,71.0,79.0,65.0,W,13,W,21,0.0,,2.0
5/22/2004,1011.5,33.5,26.8,30.0,77.0,97.0,70.0,W,14,W,26,3.5,,3.0
5/23/2004,1012.1,32.4,27.6,30.2,78.0,83.0,70.0,W,15,W,25,0.1,,3.0
5/24/2004,1012.7,33.5,27.4,30.7,75.0,83.0,67.0,W,12,W,17,0.05,,4.0
5/25/2004,1012.5,33.5,27.0,30.5,76.0,85.0,69.0,WNW,10,W,15,0.0,,4.0
5/26/2004,1012.6,33.7,24.4,30.6,75.0,86.0,65.0,W,6,WNW,25,9.9,,3.0
5/27/2004,1012.9,33.4,23.7,29.2,81.0,95.0,71.0,W,6,W,26,17.9,,7.0
5/28/2004,1012.6,31.6,24.2,28.2,85.0,95.0,76.0,WNW,12,WNW,24,3.9,,7.0
5/29/2004,1011.9,32.2,27.4,29.9,77.0,86.0,72.0,W,12,WSW,21,0.0,,4.0
5/30/2004,1011.9,32.2,27.4,29.9,76.0,83.0,71.0,W,12,W,16,0.0,,3.0
5/31/2004,1012.4,32.3,27.2,29.7,78.0,86.0,74.0,WSW,11,WSW,18,0.0,,4.0
6/1/2004,1013.3,32.6,26.0,30.1,79.0,92.0,74.0,W,9,WSW,19,5.4,,3.0
6/2/2004,1013.6,32.4,24.9,29.8,80.0,85.0,75.0,WSW,11,SW,22,1.7,,2.0
6/3/2004,1013.3,32.2,23.9,28.3,83.0,89.0,76.0,WSW,14,WSW,31,8.3,,7.0
6/4/2004,1012.6,31.4,24.2,28.2,82.0,89.0,75.0,WSW,14,W,32,11.1,,7.0
6/5/2004,1012.6,31.4,24.7,28.6,78.0,89.0,70.0,WSW,13,W,28,8.3,,7.0
6/6/2004,1012.7,32.4,26.6,29.3,80.0,87.0,71.0,W,10,SW,28,0.05,,4.0
6/7/2004,1012.5,31.2,27.0,29.3,77.0,82.0,72.0,SW,9,WSW,17,0.0,,3.0
6/8/2004,1011.1,31.2,27.4,29.3,76.0,82.0,74.0,SSE,7,SSE,15,0.0,,2.0
6/9/2004,1011.6,31.6,27.2,29.4,80.0,86.0,76.0,SE,5,SSE,13,1.1,,6.0
6/10/2004,1010.5,31.2,27.1,29.4,78.0,86.0,73.0,S,5,SSW,11,0.0,,4.0
6/11/2004,1009.7,31.5,26.8,29.6,77.0,83.0,72.0,SW,7,SW,13,0.0,,5.0
6/12/2004,1010.0,31.6,27.4,29.5,80.0,85.0,75.0,SW,6,SSW,14,0.2,,6.0
6/13/2004,1010.4,31.8,27.6,29.9,79.0,85.0,75.0,WSW,12,WSW,20,0.0,,6.0
6/14/2004,1009.9,31.6,27.0,29.9,80.0,86.0,75.0,SW,8,SW,15,0.0,,3.0
6/15/2004,1010.9,31.8,27.4,29.8,79.0,86.0,74.0,SW,6,SW,12,0.0,,2.0
6/16/2004,1012.3,33.3,27.2,30.5,74.0,85.0,64.0,WSW,8,WSW,13,0.0,,1.0
6/17/2004,1012.5,32.3,27.0,29.8,71.0,77.0,63.0,WSW,7,SW,13,0.0,,3.0
6/18/2004,1012.9,33.4,26.9,29.9,75.0,82.0,69.0,WSW,8,WSW,13,0.0,,5.0
6/19/2004,1012.8,32.7,27.2,30.0,75.0,83.0,65.0,W,6,W,15,0.0,,3.0
6/20/2004,1013.9,33.8,26.9,30.5,73.0,85.0,62.0,WNW,9,WNW,16,0.4,,4.0
6/21/2004,1014.5,33.8,26.9,30.3,74.0,91.0,63.0,NW,7,NW,14,0.05,,4.0
6/22/2004,1015.2,32.8,26.2,29.6,74.0,83.0,64.0,NW,5,NW,19,3.5,,2.0
6/23/2004,1013.6,33.4,27.4,30.1,73.0,80.0,65.0,NW,8,WNW,16,0.0,,3.0
6/24/2004,1014.3,33.2,24.6,29.1,77.0,85.0,66.0,NW,8,SSW,23,1.3,,7.0
6/25/2004,1014.7,32.2,25.6,29.1,75.0,87.0,70.0,WNW,9,WSW,34,0.4,,7.0
6/26/2004,1013.9,33.2,23.4,29.9,72.0,95.0,65.0,W,6,N,15,0.6,,4.0
6/27/2004,1014.4,31.2,24.1,27.2,85.0,93.0,77.0,VRB,2,W,23,8.3,,7.0
6/28/2004,1014.6,30.4,26.4,28.3,79.0,87.0,74.0,S,5,S,11,0.0,,7.0
6/29/2004,1013.6,31.6,26.1,29.0,76.0,85.0,68.0,S,6,SSW,17,4.0,,6.0
6/30/2004,1013.4,31.2,23.9,28.8,76.0,84.0,70.0,SW,8,SW,33,4.3,,3.0
7/1/2004,1013.8,29.4,22.9,26.8,84.0,95.0,74.0,WSW,11,WNW,27,4.2,,7.0
7/2/2004,1011.9,29.9,23.5,27.8,81.0,92.0,74.0,SW,10,WNW,23,21.6,,7.0
7/3/2004,1010.9,28.8,23.5,27.3,85.0,90.0,78.0,W,12,WSW,39,9.6,,8.0
7/4/2004,1011.0,29.2,22.1,27.0,85.0,93.0,76.0,WSW,14,SW,50,16.8,,8.0
7/5/2004,1011.2,29.9,26.0,28.2,81.0,87.0,71.0,SW,7,WSW,17,0.6,,7.0
7/6/2004,1011.6,30.8,26.2,28.8,77.0,83.0,71.0,SW,5,SW,9,0.0,,6.0
7/7/2004,1011.3,31.6,24.8,28.5,80.0,95.0,72.0,VRB,3,NE,8,0.05,,6.0
7/8/2004,1011.9,30.6,24.4,28.1,80.0,89.0,73.0,VRB,3,W,33,11.3,,6.0
7/9/2004,1011.7,31.8,24.1,27.9,81.0,87.0,72.0,W,8,W,26,7.0,,7.0
7/10/2004,1011.7,32.6,24.1,29.2,78.0,90.0,69.0,W,5,WNW,12,0.0,,4.0
7/11/2004,1011.8,31.8,24.4,28.5,78.0,91.0,69.0,VRB,3,WSW,6,0.0,,6.0
7/12/2004,1012.5,30.8,26.1,28.1,79.0,92.0,71.0,VRB,3,WSW,9,0.0,,6.0
7/13/2004,1012.2,32.2,26.6,29.5,76.0,84.0,71.0,W,6,W,12,0.0,,5.0
7/14/2004,1011.0,31.3,25.6,28.8,77.0,87.0,71.0,WSW,9,WSW,19,0.9,,7.0
7/15/2004,1010.7,30.8,26.4,28.6,79.0,87.0,72.0,SW,7,SSW,15,0.05,,6.0
7/16/2004,1010.7,31.2,24.6,28.9,80.0,95.0,72.0,S,7,SSE,16,12.1,,5.0
7/17/2004,1011.3,29.4,23.2,26.6,88.0,97.0,74.0,W,13,WNW,33,46.9,,7.0
7/18/2004,1011.1,28.6,24.1,27.3,84.0,93.0,80.0,WSW,8,W,29,0.05,,7.0
7/19/2004,1010.7,30.4,24.6,27.1,82.0,97.0,74.0,VRB,3,SSE,8,0.0,,7.0
7/20/2004,1010.8,30.5,25.6,28.6,81.0,93.0,74.0,VRB,4,SSE,12,0.0,,3.0
7/21/2004,1011.8,31.8,26.0,29.1,79.0,89.0,72.0,W,6,W,22,2.7,,4.0
7/22/2004,1012.3,31.2,25.4,29.0,79.0,89.0,74.0,W,10,W,16,0.0,,7.0
7/23/2004,1012.2,30.4,23.7,27.6,84.0,93.0,78.0,SW,7,SW,23,0.8,,7.0
7/24/2004,1011.5,29.2,23.6,27.5,83.0,87.0,74.0,SSW,8,SW,24,4.0,,7.0
7/25/2004,1010.9,30.6,23.6,28.8,81.0,89.0,77.0,S,6,NNW,16,2.1,,6.0
7/26/2004,1011.0,29.8,22.9,27.1,85.0,95.0,79.0,WSW,8,W,24,9.2,,7.0
7/27/2004,1011.2,28.2,24.0,26.7,86.0,93.0,80.0,W,7,WSW,19,5.8,,7.0
7/28/2004,1010.5,29.8,24.5,27.6,85.0,98.0,78.0,SSW,6,SSW,20,0.1,,7.0
7/29/2004,1011.2,30.8,23.4,28.5,82.0,92.0,76.0,S,4,S,11,0.05,,6.0
7/30/2004,1011.8,30.6,23.5,28.0,83.0,98.0,75.0,VRB,4,E,9,0.0,,3.0
7/31/2004,1012.9,31.4,23.5,28.1,80.0,95.0,72.0,VRB,1,E,7,0.0,,1.0
8/1/2004,1012.4,30.6,24.1,28.0,80.0,95.0,73.0,VRB,3,S,9,0.0,,3.0
8/2/2004,1011.3,30.8,23.7,28.2,80.0,95.0,71.0,VRB,3,S,10,0.0,,2.0
8/3/2004,1010.6,31.8,25.4,28.5,77.0,91.0,68.0,SW,5,SSW,14,0.05,,4.0
8/4/2004,1010.2,30.2,25.4,27.5,81.0,91.0,77.0,SSW,12,W,37,2.3,,6.0
8/5/2004,1010.2,31.2,26.6,28.8,81.0,87.0,76.0,S,9,S,15,0.0,,6.0
8/6/2004,1011.1,30.9,26.2,29.1,79.0,86.0,73.0,SSE,4,SSE,13,0.0,,2.0
8/7/2004,1012.0,30.8,24.8,28.8,77.0,87.0,70.0,VRB,2,SE,7,0.0,,3.0
8/8/2004,1012.8,31.6,26.1,28.9,76.0,89.0,63.0,VRB,3,NNW,9,0.1,,4.0
8/9/2004,1013.1,30.8,24.4,29.1,75.0,83.0,68.0,NNW,5,NNW,12,0.0,,3.0
8/10/2004,1013.6,31.6,23.5,28.6,79.0,92.0,69.0,VRB,2,SSE,8,0.0,,3.0
8/11/2004,1013.5,31.6,23.4,28.5,77.0,95.0,67.0,VRB,2,SSE,7,0.0,,3.0
8/12/2004,1013.5,31.4,26.2,28.7,74.0,93.0,67.0,SSE,4,SSE,10,0.0,,2.0
8/13/2004,1013.5,31.4,27.2,29.1,75.0,81.0,69.0,SW,5,SE,13,0.0,,2.0
8/14/2004,1013.4,31.4,27.2,29.2,78.0,83.0,72.0,SE,6,SE,14,0.0,,5.0
8/15/2004,1011.8,31.1,26.8,29.2,80.0,85.0,74.0,ESE,6,ESE,14,0.0,,5.0
8/16/2004,1012.1,30.4,24.4,27.4,84.0,95.0,73.0,E,7,WNW,33,11.6,,6.0
8/17/2004,1013.1,30.9,26.2,28.7,80.0,86.0,72.0,SSE,6,SSE,14,0.05,,5.0
8/18/2004,1013.5,31.6,25.6,29.0,82.0,92.0,77.0,SE,6,SE,14,1.1,,6.0
8/19/2004,1012.6,31.2,23.4,28.5,83.0,93.0,74.0,SSE,4,NW,13,14.5,,7.0
8/20/2004,1011.7,30.0,23.7,27.3,88.0,98.0,82.0,WNW,6,WSW,28,4.3,,7.0
8/21/2004,1012.3,31.4,26.6,28.7,82.0,89.0,77.0,WSW,8,WSW,15,0.0,,7.0
8/22/2004,1013.0,31.2,25.4,29.1,79.0,85.0,72.0,SW,6,SW,11,0.0,,3.0
8/23/2004,1013.7,31.4,25.2,29.2,79.0,90.0,74.0,SW,5,SW,13,0.0,,3.0
8/24/2004,1014.2,32.8,26.6,29.7,77.0,92.0,65.0,W,5,W,9,0.0,,4.0
8/25/2004,1014.0,32.4,24.0,28.3,82.0,97.0,70.0,W,9,NW,25,7.6,,6.0
8/26/2004,1013.8,30.2,24.4,26.9,86.0,92.0,78.0,W,13,NW,23,1.3,,7.0
8/27/2004,1012.3,31.0,22.1,28.2,82.0,92.0,70.0,W,16,SW,39,53.5,,6.0
8/28/2004,1013.6,30.2,23.1,27.0,85.0,95.0,78.0,WNW,16,W,25,9.3,,7.0
8/29/2004,1013.7,30.2,23.2,28.0,83.0,90.0,78.0,W,14,W,33,9.8,,7.0
8/30/2004,1013.7,28.9,21.6,26.5,88.0,93.0,81.0,WSW,10,WSW,27,21.8,,7.0
8/31/2004,1013.0,30.4,22.0,26.6,87.0,96.0,75.0,W,12,NW,26,59.0,,8.0
9/1/2004,1011.4,28.2,21.1,25.6,90.0,95.0,81.0,W,9,W,32,24.7,,7.0
9/2/2004,1012.0,31.6,24.7,28.5,81.0,95.0,72.0,W,5,WNW,15,0.2,,7.0
9/3/2004,1013.0,31.4,26.1,28.7,80.0,90.0,74.0,W,6,WSW,15,0.0,,7.0
9/4/2004,1012.3,31.2,25.9,28.5,78.0,81.0,70.0,WSW,8,WSW,16,0.0,,6.0
9/5/2004,1011.2,30.6,26.0,28.3,79.0,86.0,71.0,SSW,9,S,17,0.05,,6.0
9/6/2004,1010.9,30.6,26.4,28.6,80.0,85.0,75.0,S,9,S,16,0.05,,6.0
9/7/2004,1011.6,30.4,26.5,28.6,80.0,86.0,78.0,SSE,8,SSE,15,0.0,,7.0
9/8/2004,1011.9,30.5,26.2,28.6,81.0,84.0,76.0,SSE,8,SE,17,0.0,,3.0
9/9/2004,1012.3,30.6,24.6,28.6,82.0,95.0,77.0,SE,5,SE,15,1.3,,5.0
9/10/2004,1012.9,30.6,23.9,28.3,81.0,93.0,74.0,SSE,5,SSE,11,0.0,,6.0
9/11/2004,1012.8,32.0,26.1,29.0,80.0,96.0,74.0,W,5,W,12,0.0,,5.0
9/12/2004,1013.0,32.6,26.4,29.5,77.0,86.0,70.0,WNW,8,WNW,18,0.0,,4.0
9/13/2004,1014.0,32.2,24.4,29.3,78.0,89.0,70.0,VRB,3,N,15,0.05,,5.0
9/14/2004,1014.0,31.4,26.0,28.8,81.0,92.0,71.0,VRB,3,SE,9,0.0,,3.0
9/15/2004,1012.7,31.3,24.4,28.9,80.0,89.0,72.0,SW,6,WNW,26,6.7,,2.0
9/16/2004,1013.6,30.4,23.6,27.7,86.0,97.0,78.0,SW,11,W,27,8.8,,7.0
9/17/2004,1013.4,28.2,23.7,26.8,89.0,93.0,83.0,SW,8,W,28,6.5,,7.0
9/18/2004,1012.5,29.4,25.0,27.3,87.0,93.0,79.0,SW,8,SSW,16,0.05,,6.0
9/19/2004,1011.9,30.8,24.2,27.9,85.0,90.0,79.0,SSW,9,W,26,10.4,,6.0
9/20/2004,1012.3,31.6,23.0,27.6,87.0,100.0,77.0,WSW,10,W,28,54.2,,7.0
9/21/2004,1012.5,28.6,24.5,27.5,86.0,92.0,82.0,W,19,W,30,0.7,,7.0
9/22/2004,1012.0,29.4,23.0,27.5,87.0,100.0,79.0,WSW,13,W,34,8.1,,7.0
9/23/2004,1011.2,31.0,24.1,28.3,82.0,93.0,75.0,WSW,13,W,30,6.6,,7.0
9/24/2004,1010.7,29.8,23.7,28.1,81.0,88.0,76.0,WSW,13,WSW,32,3.6,,7.0
9/25/2004,1011.2,28.8,23.0,26.4,88.0,96.0,80.0,W,18,W,39,22.6,,8.0
9/26/2004,1010.8,29.6,23.6,27.6,82.0,92.0,71.0,WSW,13,W,39,7.8,,7.0
9/27/2004,1010.9,28.8,24.9,27.4,85.0,92.0,82.0,W,12,WNW,32,3.5,,7.0
9/28/2004,1010.2,32.0,26.3,29.4,79.0,86.0,72.0,W,10,W,15,0.0,,4.0
9/29/2004,1011.2,32.2,23.5,29.1,77.0,92.0,66.0,W,4,W,12,0.0,,1.0
9/30/2004,1013.2,30.2,22.8,27.6,81.0,95.0,71.0,VRB,2,NE,7,0.0,,5.0
10/1/2004,1014.1,30.2,23.5,27.6,78.0,97.0,68.0,VRB,2,S,8,0.0,,5.0
10/2/2004,1013.8,31.2,26.3,28.5,74.0,90.0,67.0,SW,5,SW,14,0.0,,5.0
10/3/2004,1013.6,31.4,23.6,28.7,76.0,92.0,64.0,SW,9,SW,28,13.9,,4.0
10/4/2004,1013.5,31.6,26.5,29.3,76.0,89.0,69.0,WSW,13,WSW,21,0.0,,2.0
10/5/2004,1013.3,31.8,25.8,29.2,76.0,84.0,69.0,WSW,13,W,30,0.05,,2.0
10/6/2004,1013.5,31.4,26.3,28.7,78.0,83.0,71.0,SW,8,SW,16,0.0,,2.0
10/7/2004,1013.4,32.4,24.8,29.3,76.0,87.0,66.0,WSW,8,W,28,0.6,,4.0
10/8/2004,1013.1,32.0,23.3,29.2,77.0,92.0,67.0,VRB,3,ESE,13,64.0,,3.0
10/9/2004,1014.3,30.8,23.8,26.8,85.0,98.0,71.0,VRB,2,SW,29,5.0,,4.0
10/10/2004,1014.2,30.2,24.4,28.1,82.0,96.0,74.0,VRB,2,SW,8,0.05,,2.0
10/11/2004,1013.9,30.6,23.4,28.1,83.0,92.0,72.0,VRB,3,NE,15,8.9,,3.0
10/12/2004,1014.1,31.2,26.2,28.4,81.0,95.0,72.0,W,5,W,10,0.0,,3.0
10/13/2004,1014.2,31.0,24.4,29.1,74.0,81.0,67.0,SSW,6,SSW,13,2.4,,2.0
10/14/2004,1015.0,31.6,24.8,28.9,78.0,95.0,70.0,WSW,6,SW,19,2.5,,3.0
10/15/2004,1014.4,31.8,26.2,29.0,76.0,86.0,69.0,SW,6,SW,19,0.0,,2.0
10/16/2004,1012.9,31.0,24.9,29.2,77.0,86.0,73.0,SW,6,SW,19,2.1,,3.0
10/17/2004,1012.4,32.0,24.7,29.2,80.0,93.0,71.0,W,6,W,15,3.7,,4.0
10/18/2004,1011.8,32.4,24.3,29.2,79.0,92.0,70.0,W,4,NW,13,4.7,,3.0
10/19/2004,1010.7,31.4,25.6,28.5,81.0,97.0,71.0,VRB,3,NW,10,0.05,,3.0
10/20/2004,1010.2,31.2,26.4,28.9,79.0,92.0,68.0,W,5,WSW,19,0.05,,7.0
10/21/2004,1010.6,32.5,24.7,29.0,81.0,93.0,69.0,W,5,NE,13,13.4,,7.0
10/22/2004,1011.3,30.2,24.0,27.0,90.0,97.0,79.0,VRB,3,WSW,16,33.3,,6.0
10/23/2004,1010.7,29.4,23.5,26.7,89.0,97.0,81.0,NE,5,SSW,13,24.3,,8.0
10/24/2004,1011.3,27.4,24.9,26.0,92.0,97.0,86.0,SSW,7,SW,19,10.9,,8.0
10/25/2004,1011.6,27.5,22.6,25.6,94.0,100.0,81.0,W,8,W,23,70.6,,7.0
10/26/2004,1011.6,30.6,25.6,27.7,84.0,95.0,71.0,WNW,11,W,22,0.1,,7.0
10/27/2004,1011.5,29.6,24.0,27.7,84.0,95.0,78.0,NNW,11,NNW,27,11.9,,7.0
10/28/2004,1011.2,29.7,22.7,27.3,84.0,93.0,79.0,NNW,11,NW,28,32.5,,7.0
10/29/2004,1010.9,27.7,23.4,25.9,92.0,96.0,86.0,WNW,12,W,25,31.2,,8.0
10/30/2004,1010.5,29.2,23.6,26.6,90.0,97.0,85.0,VRB,4,SW,22,20.1,,7.0
10/31/2004,1010.1,29.8,22.7,28.0,83.0,88.0,79.0,SSW,16,SSW,28,18.3,,7.0
11/1/2004,1011.5,28.6,22.6,26.3,89.0,98.0,83.0,SSE,5,SSE,25,17.7,,7.0
11/2/2004,1011.8,30.8,25.6,28.4,83.0,98.0,76.0,VRB,3,NNE,11,0.0,,6.0
11/3/2004,1011.8,30.6,26.9,29.0,80.0,89.0,75.0,NNW,7,NW,14,0.0,,3.0
11/4/2004,1011.9,31.4,26.2,29.0,80.0,87.0,74.0,NW,5,NW,11,0.0,,2.0
11/5/2004,1011.8,31.9,24.6,29.3,80.0,89.0,74.0,W,8,W,25,7.2,,6.0
11/6/2004,1011.2,29.2,24.0,27.4,86.0,96.0,78.0,WNW,13,W,28,8.8,,7.0
11/7/2004,1010.3,31.4,25.6,28.3,84.0,90.0,76.0,WNW,10,WNW,20,0.4,,7.0
11/8/2004,1010.4,32.2,24.9,28.2,86.0,92.0,78.0,W,6,W,21,15.3,,5.0
11/9/2004,1010.6,31.5,26.8,28.8,81.0,86.0,72.0,NNW,6,NW,12,0.0,,5.0
11/10/2004,1011.0,30.6,26.1,28.9,79.0,85.0,73.0,NW,6,NW,13,0.0,,4.0
11/11/2004,1011.7,30.5,25.1,28.6,79.0,88.0,71.0,NW,5,W,20,0.0,,4.0
11/12/2004,1012.6,31.4,24.7,28.6,80.0,93.0,72.0,W,8,W,20,6.7,,6.0
11/13/2004,1013.0,30.2,24.2,27.9,81.0,89.0,74.0,WNW,9,W,19,1.0,,6.0
11/14/2004,1012.7,28.1,23.4,26.0,88.0,95.0,81.0,NW,10,NNW,21,8.1,,7.0
11/15/2004,1012.6,30.6,25.4,27.8,83.0,90.0,74.0,WNW,9,E,18,0.05,,7.0
11/16/2004,1012.8,29.6,23.5,26.7,88.0,95.0,81.0,VRB,2,NNW,16,21.3,,6.0
11/17/2004,1013.1,32.0,26.6,29.1,77.0,96.0,68.0,W,5,W,15,0.0,,3.0
11/18/2004,1012.9,32.6,24.3,29.4,76.0,95.0,64.0,W,6,W,12,0.0,,3.0
11/19/2004,1012.4,31.5,24.7,28.5,80.0,95.0,70.0,VRB,2,WNW,18,4.9,,5.0
11/20/2004,1012.3,32.2,27.0,29.5,76.0,86.0,67.0,WSW,5,WSW,10,0.0,,4.0
11/21/2004,1012.5,31.6,21.6,26.1,89.0,100.0,72.0,WSW,6,NNW,24,110.4,,7.0
11/22/2004,1012.2,30.0,23.9,26.9,85.0,95.0,72.0,WNW,10,WNW,23,5.4,,7.0
11/23/2004,1011.2,31.8,25.0,28.4,81.0,90.0,71.0,WNW,9,WSW,19,0.2,,5.0
11/24/2004,1010.2,30.0,24.0,27.9,83.0,93.0,75.0,NNW,10,NE,20,16.2,,5.0
11/25/2004,1009.8,29.2,23.0,25.9,92.0,98.0,82.0,NE,11,ENE,26,76.2,,8.0
11/26/2004,1010.0,29.0,23.4,26.3,92.0,98.0,83.0,NE,9,NE,29,74.0,,8.0
11/27/2004,1010.2,29.5,23.2,27.2,88.0,96.0,79.0,E,11,ENE,28,19.4,,7.0
11/28/2004,1013.1,27.9,22.4,25.3,94.0,100.0,86.0,S,7,SE,21,30.6,,7.0
11/29/2004,1012.9,29.5,23.8,27.2,86.0,96.0,78.0,SSW,7,SSW,22,1.0,,7.0
11/30/2004,1012.1,30.0,23.0,27.1,87.0,97.0,78.0,N,8,W,28,51.2,,7.0
12/1/2004,1012.9,30.4,23.6,26.7,89.0,95.0,73.0,WSW,5,WNW,21,0.6,,6.0
12/2/2004,1013.4,30.3,24.9,28.1,80.0,87.0,76.0,NNW,6,NNW,12,0.0,,3.0
12/3/2004,1013.9,30.4,24.8,28.2,82.0,89.0,74.0,N,7,N,17,0.3,,5.0
12/4/2004,1013.0,30.3,24.9,27.9,82.0,97.0,75.0,N,4,NNW,13,0.0,,4.0
12/5/2004,1012.8,30.6,24.2,28.4,80.0,95.0,70.0,SW,4,SW,10,2.8,,3.0
12/6/2004,1014.0,29.1,23.5,26.5,89.0,97.0,82.0,W,6,NW,23,2.6,,5.0
12/7/2004,1013.7,30.5,26.4,27.9,82.0,96.0,76.0,NE,6,NE,15,0.1,,4.0
12/8/2004,1012.3,30.6,26.5,28.7,76.0,86.0,67.0,NE,8,NE,15,0.0,,2.0
12/9/2004,1012.0,31.4,25.6,28.4,82.0,89.0,73.0,NE,5,ENE,16,0.2,,3.0
12/10/2004,1011.9,31.2,24.8,28.0,84.0,92.0,76.0,NE,7,NE,17,8.0,,5.0
12/11/2004,1012.1,30.4,23.4,28.3,82.0,93.0,76.0,NE,6,ENE,21,35.7,,5.0
12/12/2004,1012.2,30.6,25.0,28.2,85.0,98.0,78.0,E,5,ENE,17,3.9,,7.0
12/13/2004,1011.7,29.6,23.7,27.3,89.0,98.0,82.0,NE,6,N,19,39.0,,7.0
12/14/2004,1009.8,30.8,25.0,28.7,82.0,89.0,75.0,N,7,NNE,14,0.3,,5.0
12/15/2004,1009.2,32.1,26.4,28.9,82.0,95.0,75.0,W,5,NNW,9,0.0,,5.0
12/16/2004,1010.7,31.8,24.0,29.0,82.0,92.0,74.0,W,6,NW,14,15.7,,7.0
12/17/2004,1012.6,29.6,24.4,27.0,87.0,96.0,76.0,WNW,5,NNW,13,0.5,,7.0
12/18/2004,1012.0,30.6,26.2,28.5,82.0,96.0,74.0,NE,7,NNE,18,0.0,,7.0
12/19/2004,1010.9,30.2,25.1,28.4,83.0,90.0,75.0,N,6,NNE,13,0.9,,7.0
12/20/2004,1011.0,28.6,24.0,26.5,86.0,92.0,74.0,WNW,7,SW,18,2.8,,6.0
12/21/2004,1010.4,30.6,25.8,28.4,77.0,87.0,70.0,WNW,5,N,11,0.0,,6.0
12/22/2004,1010.6,29.6,23.0,26.0,89.0,100.0,76.0,WSW,4,W,21,69.2,,7.0
12/23/2004,1010.6,30.3,24.4,27.4,74.0,92.0,63.0,N,7,NNE,16,0.0,,7.0
12/24/2004,1011.0,30.4,24.8,27.8,72.0,80.0,64.0,NNE,7,NNE,16,0.0,,5.0
12/25/2004,1011.4,30.2,24.4,27.7,73.0,87.0,63.0,NNE,6,NNE,13,0.0,,4.0
12/26/2004,1011.1,29.4,25.4,27.1,80.0,85.0,75.0,ENE,4,NE,8,0.05,,5.0
12/27/2004,1010.5,29.8,25.1,28.2,78.0,87.0,71.0,NE,8,NE,13,0.0,,5.0
12/28/2004,1011.2,30.4,25.1,28.1,81.0,86.0,75.0,N,6,NE,16,0.8,,4.0
12/29/2004,1010.4,30.2,25.9,28.1,77.0,81.0,71.0,NE,12,NNE,23,0.05,,6.0
12/30/2004,1011.4,31.0,25.1,29.0,76.0,82.0,70.0,E,6,ENE,12,0.05,,4.0
12/31/2004,1012.5,29.6,24.4,27.0,85.0,92.0,78.0,SW,5,S,16,6.3,,7.0
1/1/2005,1014.0,30.4,24.3,28.5,78.0,87.0,73.0,VRB,3,E,9,0.0,,5.0
1/2/2005,1012.7,31.0,25.4,29.0,76.0,86.0,68.0,WNW,4,NNE,7,0.0,,2.0
1/3/2005,1012.0,31.9,26.6,29.3,75.0,83.0,67.0,NE,6,N,13,0.05,,4.0
1/4/2005,1013.0,31.4,24.9,29.7,71.0,80.0,65.0,NE,6,NE,13,0.0,,4.0
1/5/2005,1013.5,31.2,24.9,28.6,75.0,84.0,67.0,NNE,6,NE,13,0.0,,6.0
1/6/2005,1013.0,31.4,25.3,28.6,72.0,88.0,57.0,NNE,5,NE,13,0.05,,3.0
1/7/2005,1012.7,31.2,26.9,28.8,72.0,86.0,62.0,N,5,N,13,0.2,,6.0
1/8/2005,1012.7,31.6,25.2,28.9,72.0,88.0,63.0,NNE,7,NNE,16,7.8,,7.0
1/9/2005,1012.0,31.4,23.6,28.8,76.0,98.0,71.0,NNE,8,E,16,37.9,,6.0
1/10/2005,1011.8,29.8,25.9,27.8,81.0,99.0,72.0,NE,5,NE,11,0.05,,7.0
1/11/2005,1012.2,31.0,26.3,28.8,76.0,86.0,69.0,N,5,NE,12,0.05,,4.0
1/12/2005,1012.7,30.8,25.9,28.6,76.0,86.0,68.0,N,7,N,15,1.1,,4.0
1/13/2005,1012.3,32.0,26.1,28.8,68.0,80.0,64.0,N,7,NNW,14,0.0,,3.0
1/14/2005,1011.6,31.8,25.1,28.3,75.0,86.0,71.0,N,5,N,11,0.05,,6.0
1/15/2005,1011.5,30.6,26.5,27.0,77.0,87.0,71.0,NNE,6,NNE,14,0.0,,6.0
1/16/2005,1012.4,31.6,25.5,28.8,72.0,77.0,65.0,NE,6,NNE,13,0.0,,7.0
1/17/2005,1012.5,30.8,24.7,28.5,74.0,92.0,67.0,NNE,5,NNE,14,0.0,,6.0
1/18/2005,1012.9,30.0,26.4,28.3,76.0,87.0,71.0,VRB,3,NNW,9,0.0,,6.0
1/19/2005,1012.5,31.6,26.4,28.8,75.0,83.0,67.0,NNW,5,NE,13,0.0,,3.0
1/20/2005,1012.5,32.4,26.2,29.1,78.0,86.0,67.0,NE,6,NNE,16,0.05,,3.0
1/21/2005,1012.8,30.8,26.4,28.5,81.0,92.0,70.0,N,7,NNE,21,0.05,,6.0
1/22/2005,1012.6,31.9,25.8,29.2,81.0,89.0,68.0,E,6,E,16,0.2,,3.0
1/23/2005,1012.0,31.9,25.6,29.3,79.0,89.0,70.0,ENE,7,ENE,15,0.05,,4.0
1/24/2005,1012.2,31.4,24.6,28.8,81.0,92.0,73.0,NE,9,NNE,27,5.3,,4.0
1/25/2005,1011.6,31.5,25.6,29.2,78.0,87.0,71.0,NE,8,NE,16,0.05,,2.0
1/26/2005,1010.3,30.6,22.4,28.5,84.0,92.0,79.0,NNW,7,NE,17,23.1,,6.0
1/27/2005,1012.5,29.4,23.4,26.8,86.0,93.0,78.0,SSE,5,S,15,0.2,,7.0
1/28/2005,1010.1,30.7,24.8,28.4,84.0,97.0,77.0,NNW,5,NW,13,0.0,,3.0
1/29/2005,1010.2,30.1,25.4,28.0,85.0,93.0,79.0,NNW,4,NNW,11,0.0,,2.0
1/30/2005,1010.8,31.6,25.8,29.1,82.0,90.0,75.0,NE,5,NE,11,0.0,,5.0
1/31/2005,1011.5,31.8,26.2,29.2,81.0,89.0,77.0,E,4,ENE,11,0.0,,3.0
2/1/2005,1012.2,31.7,26.3,29.4,79.0,86.0,73.0,E,4,E,11,0.0,,3.0
2/2/2005,1011.9,32.0,26.8,29.4,82.0,87.0,75.0,NE,7,ENE,16,0.0,,2.0
2/3/2005,1012.4,32.2,26.8,29.7,83.0,92.0,76.0,NE,7,NE,15,0.0,,2.0
2/4/2005,1012.2,32.2,26.8,29.6,83.0,90.0,74.0,NE,9,NE,18,0.0,,2.0
2/5/2005,1013.0,32.5,26.4,29.2,83.0,92.0,77.0,E,5,ENE,18,1.1,,2.0
2/6/2005,1012.8,31.8,26.5,29.4,79.0,86.0,74.0,ENE,6,NE,15,0.0,,2.0
2/7/2005,1012.4,32.0,26.9,29.5,81.0,88.0,74.0,NE,9,NNE,16,0.0,,2.0
2/8/2005,1012.5,32.2,22.8,28.1,89.0,100.0,79.0,NE,8,NE,26,38.4,,6.0
2/9/2005,1013.0,29.0,22.5,26.5,93.0,100.0,80.0,NE,11,NE,31,24.1,,8.0
2/10/2005,1013.8,31.2,23.4,29.2,83.0,89.0,77.0,NE,11,NE,21,14.8,,7.0
2/11/2005,1014.9,30.0,23.6,26.5,90.0,98.0,84.0,NE,7,NE,20,15.2,,7.0
2/12/2005,1013.9,30.8,26.1,28.6,75.0,89.0,69.0,NE,11,NE,18,0.0,,4.0
2/13/2005,1012.1,31.4,26.7,29.0,70.0,85.0,63.0,NE,9,NNE,18,0.05,,2.0
2/14/2005,1010.6,31.6,25.9,29.3,75.0,87.0,67.0,NE,9,NE,21,0.0,,3.0
2/15/2005,1011.9,32.0,25.2,29.0,76.0,87.0,72.0,N,7,NNE,16,0.0,,2.0
2/16/2005,1012.3,31.2,25.4,28.4,73.0,83.0,65.0,N,6,N,15,0.0,,2.0
2/17/2005,1011.6,31.6,25.2,28.6,73.0,85.0,63.0,NNW,6,NNE,14,0.0,,3.0
2/18/2005,1012.2,31.2,26.4,28.4,77.0,81.0,74.0,NW,11,NW,18,0.0,,5.0
2/19/2005,1012.8,31.4,26.6,28.7,75.0,82.0,65.0,NNW,7,N,14,0.0,,7.0
2/20/2005,1013.1,31.4,26.2,29.0,77.0,87.0,70.0,NNW,6,NNW,11,0.0,,6.0
2/21/2005,1012.7,32.5,24.8,29.1,79.0,89.0,67.0,N,5,NNE,14,0.0,,4.0
2/22/2005,1012.8,31.8,26.0,29.1,78.0,92.0,66.0,NE,5,NE,11,0.0,,2.0
2/23/2005,1012.4,31.9,25.6,29.5,77.0,87.0,68.0,NE,4,NE,13,1.4,,2.0
2/24/2005,1012.1,31.5,25.8,29.1,81.0,92.0,73.0,N,5,N,24,0.5,,3.0
2/25/2005,1012.6,32.8,26.4,29.8,75.0,87.0,66.0,NNE,8,NNE,16,0.0,,4.0
2/26/2005,1012.4,32.4,27.4,29.7,77.0,85.0,69.0,NE,6,ENE,15,0.0,,4.0
2/27/2005,1011.1,33.3,27.3,30.3,76.0,85.0,65.0,E,7,E,16,0.0,,3.0
2/28/2005,1011.0,32.6,27.2,30.2,76.0,83.0,72.0,NE,8,NE,16,0.0,,2.0
3/1/2005,1012.3,32.7,27.4,30.4,72.0,79.0,62.0,NE,7,NE,14,0.0,,2.0
3/2/2005,1014.3,32.8,27.5,30.4,74.0,81.0,66.0,NE,8,NE,17,0.0,,2.0
3/3/2005,1014.0,32.8,27.4,30.3,72.0,82.0,63.0,ENE,8,ENE,16,0.0,,2.0
3/4/2005,1014.5,32.6,27.4,30.2,72.0,83.0,64.0,ENE,7,ENE,14,0.05,,2.0
3/5/2005,1015.0,33.2,27.6,30.5,74.0,83.0,65.0,ENE,6,ENE,14,0.0,,2.0
3/6/2005,1014.8,33.2,27.6,30.5,75.0,85.0,67.0,ENE,6,ENE,13,0.05,,2.0
3/7/2005,1014.1,33.2,26.2,30.6,74.0,82.0,64.0,ENE,8,NE,18,5.8,,3.0
3/8/2005,1014.7,31.8,26.0,29.2,80.0,86.0,72.0,E,6,ENE,16,1.0,,4.0
3/9/2005,1014.7,32.2,26.1,29.5,76.0,82.0,71.0,E,6,ENE,15,0.0,,3.0
3/10/2005,1013.5,32.4,27.0,29.8,71.0,86.0,59.0,NNE,5,NNE,12,0.0,,3.0
3/11/2005,1012.3,33.1,27.0,30.4,69.0,82.0,62.0,E,5,ENE,11,0.05,,2.0
3/12/2005,1012.0,33.0,26.6,30.2,72.0,80.0,63.0,SE,4,SE,14,0.0,,2.0
3/13/2005,1011.9,33.4,25.4,30.3,69.0,80.0,61.0,VRB,3,W,10,0.3,,2.0
3/14/2005,1011.5,31.9,25.7,29.3,76.0,90.0,65.0,VRB,3,WNW,10,0.9,,3.0
3/15/2005,1010.8,33.0,26.4,30.1,70.0,83.0,65.0,N,5,NNE,12,0.05,,3.0
3/16/2005,1011.3,33.2,27.4,30.3,72.0,86.0,64.0,NE,5,NE,13,0.05,,3.0
3/17/2005,1010.9,33.2,27.2,30.4,66.0,74.0,59.0,NNE,6,NNE,14,0.0,,3.0
3/18/2005,1010.6,33.0,27.2,29.9,65.0,78.0,55.0,NNE,7,NNE,15,0.0,,6.0
3/19/2005,1010.4,33.2,26.0,30.1,71.0,85.0,61.0,NNE,6,NNE,13,0.0,,3.0
3/20/2005,1011.7,32.8,27.0,30.0,72.0,87.0,62.0,VRB,2,ENE,8,0.0,,6.0
3/21/2005,1010.8,33.3,25.2,30.3,71.0,93.0,61.0,NE,5,N,15,1.0,,5.0
3/22/2005,1010.3,33.2,26.6,30.2,74.0,94.0,64.0,VRB,3,NE,12,0.05,,4.0
3/23/2005,1010.8,34.0,27.6,30.8,72.0,86.0,62.0,WNW,5,W,11,0.0,,3.0
3/24/2005,1010.9,34.0,27.8,31.0,72.0,82.0,62.0,W,7,W,12,0.0,,6.0
3/25/2005,1011.3,34.2,27.9,31.0,73.0,85.0,63.0,WNW,9,WNW,14,0.0,,3.0
3/26/2005,1012.0,32.4,27.8,30.2,72.0,79.0,66.0,NW,9,NW,17,0.0,,4.0
3/27/2005,1011.9,32.9,27.5,30.2,70.0,78.0,63.0,WNW,8,W,15,0.0,,3.0
3/28/2005,1012.6,33.9,27.8,30.7,70.0,80.0,61.0,W,10,W,17,0.0,,6.0
3/29/2005,1012.0,33.4,27.7,30.5,72.0,79.0,64.0,W,13,W,19,0.0,,7.0
3/30/2005,1011.4,33.2,27.5,30.3,72.0,80.0,64.0,WSW,13,WSW,19,0.0,,7.0
3/31/2005,1010.5,32.6,27.8,30.3,73.0,81.0,65.0,W,15,W,22,0.05,,3.0
4/1/2005,1009.5,33.2,27.8,30.3,73.0,80.0,68.0,W,15,W,23,0.0,,5.0
4/2/2005,1009.6,33.6,27.5,30.4,72.0,83.0,63.0,WNW,14,W,21,0.0,,3.0
4/3/2005,1010.5,33.2,27.4,30.4,71.0,79.0,61.0,WNW,14,WNW,22,0.0,,4.0
4/4/2005,1010.3,33.4,27.6,30.4,71.0,80.0,64.0,WNW,13,WNW,19,0.0,,4.0
4/5/2005,1010.7,33.2,27.3,30.4,70.0,79.0,64.0,W,11,W,16,0.05,,2.0
4/6/2005,1010.6,33.4,27.4,30.1,70.0,79.0,61.0,WSW,9,SW,15,0.0,,5.0
4/7/2005,1010.7,33.1,27.4,30.2,72.0,79.0,64.0,WSW,10,SW,15,0.0,,2.0
4/8/2005,1012.0,33.4,27.4,30.5,72.0,81.0,63.0,W,10,WSW,16,0.0,,2.0
4/9/2005,1012.0,34.2,27.2,30.9,71.0,80.0,61.0,W,9,W,13,0.0,,2.0
4/10/2005,1012.1,32.0,26.3,30.0,73.0,82.0,65.0,SW,5,SW,10,0.0,,2.0
4/11/2005,1011.7,32.2,25.4,29.8,75.0,90.0,66.0,VRB,3,S,9,0.0,,2.0
4/12/2005,1012.3,32.8,25.4,29.6,77.0,92.0,67.0,VRB,3,ENE,11,0.05,,2.0
4/13/2005,1014.0,32.5,25.2,29.1,78.0,93.0,68.0,VRB,2,E,8,0.0,,3.0
4/14/2005,1014.4,32.6,25.0,29.6,75.0,92.0,64.0,VRB,2,E,8,0.0,,4.0
4/15/2005,1013.9,33.2,25.6,29.6,74.0,90.0,65.0,VRB,2,E,9,0.0,,2.0
4/16/2005,1013.5,33.2,25.8,30.1,73.0,89.0,62.0,VRB,3,E,9,0.0,,2.0
4/17/2005,1012.9,33.2,24.8,29.9,74.0,92.0,61.0,VRB,2,ESE,9,0.3,,2.0
4/18/2005,1012.5,34.0,25.2,30.2,70.0,90.0,57.0,VRB,2,ENE,9,0.0,,1.0
4/19/2005,1012.8,33.2,25.1,29.7,71.0,85.0,60.0,VRB,1,ESE,6,0.05,,1.0
4/20/2005,1013.0,33.3,26.4,30.2,68.0,87.0,57.0,VRB,2,SE,11,0.0,,3.0
4/21/2005,1011.9,34.6,25.8,31.0,69.0,83.0,59.0,WNW,4,SSW,16,5.8,,3.0
4/22/2005,1011.5,32.8,23.3,28.0,86.0,100.0,71.0,SW,6,NW,22,72.8,,6.0
4/23/2005,1011.4,29.9,26.2,28.6,81.0,87.0,73.0,SW,5,SW,13,0.1,,6.0
4/24/2005,1011.4,33.2,27.3,30.1,74.0,85.0,66.0,W,4,W,10,0.05,,5.0
4/25/2005,1011.3,33.1,26.0,30.5,75.0,89.0,65.0,WNW,5,NW,16,2.7,,3.0
4/26/2005,1011.0,33.6,26.8,30.9,75.0,85.0,65.0,W,5,WSW,14,0.0,,5.0
4/27/2005,1010.6,33.8,26.6,30.4,77.0,91.0,67.0,VRB,3,WNW,11,3.0,,3.0
4/28/2005,1009.9,34.2,28.8,30.9,75.0,92.0,66.0,WNW,5,WNW,12,0.0,,3.0
4/29/2005,1008.7,33.6,27.9,31.0,76.0,84.0,71.0,NW,5,WSW,15,0.0,,7.0
4/30/2005,1008.5,34.6,26.6,31.3,77.0,86.0,69.0,W,7,W,16,4.3,,5.0
5/1/2005,1009.6,32.2,23.6,29.1,83.0,97.0,73.0,W,11,W,36,85.8,,8.0
5/2/2005,1011.1,30.2,24.6,27.0,87.0,97.0,79.0,WSW,11,WSW,26,1.8,,8.0
5/3/2005,1010.3,32.4,24.7,30.0,79.0,89.0,73.0,WSW,8,SSW,22,38.9,,6.0
5/4/2005,1010.4,30.7,23.6,27.7,86.0,100.0,75.0,WSW,13,W,39,57.4,,7.0
5/5/2005,1010.0,29.6,23.6,27.1,88.0,96.0,80.0,WSW,13,WSW,34,19.4,,7.0
5/6/2005,1008.7,30.8,25.6,29.2,81.0,89.0,72.0,WSW,13,SW,28,6.0,,7.0
5/7/2005,1009.0,32.2,26.7,29.6,80.0,92.0,71.0,W,11,WNW,21,0.05,,7.0
5/8/2005,1010.5,33.2,27.4,30.2,77.0,85.0,69.0,W,10,W,18,0.0,,6.0
5/9/2005,1011.3,32.4,23.4,30.0,78.0,90.0,68.0,W,13,WSW,35,11.4,,6.0
5/10/2005,1011.0,31.0,26.4,28.9,79.0,91.0,69.0,WSW,15,WSW,28,1.4,,7.0
5/11/2005,1010.9,32.8,27.6,30.2,76.0,91.0,69.0,W,11,WSW,19,0.05,,5.0
5/12/2005,1011.2,32.9,27.6,30.3,78.0,83.0,70.0,W,12,W,17,0.05,,4.0
5/13/2005,1011.0,31.8,27.4,29.6,78.0,85.0,70.0,WSW,8,SW,19,0.2,,5.0
5/14/2005,1011.4,32.0,27.4,29.9,73.0,80.0,66.0,SSW,9,SSW,15,0.05,,3.0
5/15/2005,1012.0,32.2,27.0,29.9,73.0,80.0,66.0,S,10,S,16,0.0,,2.0
5/16/2005,1012.2,31.8,26.6,29.6,72.0,80.0,66.0,S,7,S,15,0.0,,2.0
5/17/2005,1012.3,32.0,24.2,29.3,71.0,80.0,63.0,SW,5,SW,11,0.0,,2.0
5/18/2005,1011.3,32.2,26.4,29.0,72.0,90.0,62.0,WSW,4,WSW,13,0.0,,2.0
5/19/2005,1010.8,32.4,27.0,29.5,71.0,79.0,63.0,SW,7,SW,13,0.0,,2.0
5/20/2005,1010.3,31.4,27.2,29.8,71.0,77.0,66.0,SW,7,SSW,13,0.0,,3.0
5/21/2005,1010.2,31.8,27.6,29.9,72.0,79.0,66.0,SW,8,WSW,14,0.0,,2.0
5/22/2005,1010.5,33.6,26.4,30.6,73.0,83.0,65.0,WSW,10,WSW,18,0.9,,3.0
5/23/2005,1011.6,32.4,26.8,29.9,78.0,86.0,72.0,SW,10,SW,22,0.05,,7.0
5/24/2005,1011.8,31.9,26.4,29.8,77.0,83.0,71.0,SW,9,WSW,17,0.05,,6.0
5/25/2005,1011.3,30.4,25.2,28.1,82.0,89.0,76.0,SSE,6,SSW,23,5.6,,6.0
5/26/2005,1010.9,31.8,27.2,29.7,75.0,83.0,70.0,SW,7,SW,13,0.0,,2.0
5/27/2005,1011.4,32.4,27.2,30.0,72.0,79.0,66.0,SW,6,SW,13,0.0,,4.0
5/28/2005,1011.2,33.2,25.4,30.1,73.0,85.0,63.0,WSW,9,SSW,17,1.3,,5.0
5/29/2005,1011.5,31.4,23.6,27.0,85.0,93.0,79.0,W,14,W,39,13.8,,7.0
5/30/2005,1011.2,31.6,24.1,27.9,85.0,97.0,73.0,SW,7,W,30,33.7,,7.0
5/31/2005,1010.9,31.6,24.6,28.5,80.0,86.0,72.0,WSW,12,WSW,38,2.1,,7.0
6/1/2005,1010.9,29.8,22.0,26.8,88.0,100.0,82.0,W,19,W,48,81.8,,7.0
6/2/2005,1010.0,31.4,23.8,28.8,80.0,95.0,73.0,W,16,WSW,35,19.4,,7.0
6/3/2005,1010.3,31.6,26.4,29.3,82.0,88.0,75.0,W,10,W,16,0.8,,6.0
6/4/2005,1009.6,32.0,24.6,29.1,82.0,89.0,72.0,WSW,10,WNW,35,3.7,,6.0
6/5/2005,1009.8,29.3,26.3,28.2,81.0,87.0,75.0,W,14,W,32,0.05,,7.0
6/6/2005,1010.0,32.2,26.6,29.3,80.0,89.0,72.0,W,10,W,21,1.6,,6.0
6/7/2005,1010.0,32.6,27.2,29.9,77.0,83.0,70.0,W,13,W,20,0.0,,6.0
6/8/2005,1009.7,32.0,27.4,29.6,77.0,82.0,71.0,WSW,11,WSW,16,0.0,,4.0
6/9/2005,1009.9,31.8,27.2,29.7,78.0,85.0,71.0,WSW,10,WSW,15,0.0,,5.0
6/10/2005,1010.0,32.4,27.6,29.7,76.0,84.0,66.0,WSW,10,WSW,19,0.0,,5.0
6/11/2005,1010.7,31.8,25.6,29.6,78.0,89.0,72.0,WSW,11,W,26,6.8,,7.0
6/12/2005,1010.8,30.4,25.2,28.8,82.0,86.0,76.0,SW,11,SW,31,0.8,,7.0
6/13/2005,1010.9,31.0,24.4,28.4,82.0,92.0,74.0,SW,8,WSW,23,2.6,,7.0
6/14/2005,1011.0,31.3,24.2,29.5,80.0,87.0,72.0,SW,7,WNW,24,9.2,,6.0
6/15/2005,1011.1,30.4,23.8,27.8,84.0,95.0,78.0,W,8,WNW,40,0.6,,7.0
6/16/2005,1010.4,30.6,26.8,29.1,79.0,84.0,72.0,WSW,8,WSW,18,0.05,,6.0
6/17/2005,1010.6,31.7,23.3,29.4,76.0,84.0,69.0,WSW,13,W,41,6.4,,6.0
6/18/2005,1010.5,31.8,26.8,29.5,75.0,87.0,67.0,WSW,12,W,22,2.8,,6.0
6/19/2005,1010.2,31.5,25.6,29.2,74.0,87.0,69.0,WSW,9,WSW,16,3.0,,6.0
6/20/2005,1010.5,31.5,24.8,28.5,82.0,97.0,71.0,WSW,5,W,13,6.0,,7.0
6/21/2005,1011.4,30.1,24.1,27.6,85.0,93.0,73.0,SSW,4,SSW,20,4.2,,7.0
6/22/2005,1011.8,31.6,24.8,28.5,80.0,90.0,68.0,VRB,3,S,7,3.6,,7.0
6/23/2005,1012.3,30.6,24.1,27.9,82.0,92.0,71.0,SW,7,SW,25,5.3,,6.0
6/24/2005,1012.3,30.8,26.4,29.0,79.0,86.0,74.0,SW,7,SW,14,0.0,,4.0
6/25/2005,1012.6,31.2,26.2,29.1,79.0,86.0,72.0,SW,7,SSW,17,1.0,,5.0
6/26/2005,1012.3,31.2,25.4,28.8,79.0,88.0,72.0,SSE,4,SSE,13,3.0,,5.0
6/27/2005,1012.3,30.4,25.4,28.6,80.0,90.0,73.0,S,5,SSW,11,0.2,,4.0
6/28/2005,1011.4,30.8,25.6,29.1,78.0,86.0,72.0,S,5,S,12,0.0,,3.0
6/29/2005,1011.1,31.6,26.2,29.2,76.0,87.0,67.0,SW,4,S,9,0.0,,2.0
6/30/2005,1011.3,30.8,26.4,29.2,76.0,84.0,70.0,SSW,5,S,11,0.0,,2.0
7/1/2005,1012.2,31.4,25.2,29.3,72.0,82.0,62.0,WSW,5,SW,10,0.05,,3.0
7/2/2005,1012.8,32.4,24.6,29.0,73.0,86.0,63.0,VRB,2,S,6,0.0,,2.0
7/3/2005,1012.7,31.6,25.0,28.6,74.0,91.0,65.0,VRB,2,SSE,8,0.0,,2.0
7/4/2005,1012.2,31.0,25.3,28.8,73.0,86.0,66.0,SW,4,S,10,0.0,,5.0
7/5/2005,1011.9,32.0,27.2,29.4,73.0,83.0,66.0,SW,5,WSW,12,0.0,,6.0
7/6/2005,1013.0,33.4,26.8,30.2,72.0,80.0,63.0,W,8,WNW,21,0.0,,6.0
7/7/2005,1012.3,32.4,25.4,29.7,77.0,85.0,69.0,WNW,14,W,30,1.0,,7.0
7/8/2005,1012.5,29.4,22.4,26.8,86.0,97.0,73.0,WNW,12,WNW,36,20.4,,7.0
7/9/2005,1011.9,31.4,26.6,29.1,78.0,83.0,74.0,WSW,9,WSW,22,0.05,,6.0
7/10/2005,1012.1,30.6,23.4,28.1,84.0,97.0,74.0,S,6,SW,30,29.6,,7.0
7/11/2005,1013.0,31.6,24.2,28.0,84.0,98.0,73.0,W,7,WNW,27,10.6,,7.0
7/12/2005,1013.3,30.4,23.4,27.8,81.0,87.0,74.0,W,10,WNW,26,4.6,,7.0
7/13/2005,1012.5,31.4,21.5,27.0,87.0,100.0,75.0,NW,11,NW,32,29.0,,8.0
7/14/2005,1012.3,30.6,24.2,28.3,81.0,92.0,73.0,SW,5,W,13,2.6,,7.0
7/15/2005,1012.0,31.2,23.6,28.2,83.0,97.0,72.0,S,6,NNW,24,2.2,,6.0
7/16/2005,1011.7,31.6,24.9,28.0,82.0,89.0,72.0,W,8,WNW,22,5.1,,7.0
7/17/2005,1009.9,31.4,25.6,28.9,81.0,91.0,73.0,WNW,9,WNW,17,0.05,,6.0
7/18/2005,1011.4,32.6,23.9,29.1,79.0,93.0,68.0,WNW,10,W,32,1.0,,6.0
7/19/2005,1012.6,32.6,24.8,29.5,80.0,93.0,69.0,W,9,W,23,2.2,,4.0
7/20/2005,1012.8,32.8,27.0,29.9,76.0,84.0,69.0,W,7,NW,15,0.0,,4.0
7/21/2005,1012.8,33.0,26.9,30.0,74.0,83.0,66.0,WNW,6,W,13,0.3,,4.0
7/22/2005,1012.6,32.6,26.6,29.9,72.0,81.0,66.0,W,6,W,11,0.0,,5.0
7/23/2005,1012.3,30.8,26.2,29.0,76.0,83.0,69.0,S,7,S,13,0.0,,6.0
7/24/2005,1012.6,31.2,26.4,29.0,76.0,83.0,69.0,S,5,S,12,0.05,,7.0
7/25/2005,1012.1,31.2,25.6,29.0,76.0,83.0,69.0,SSE,5,S,11,0.0,,6.0
7/26/2005,1011.7,31.4,26.2,29.0,79.0,84.0,74.0,SSE,6,SSE,15,0.4,,5.0
7/27/2005,1010.7,31.4,27.1,29.4,79.0,87.0,73.0,SE,7,SE,17,0.5,,5.0
7/28/2005,1011.0,30.8,22.5,27.3,87.0,100.0,77.0,ESE,12,W,44,44.2,,7.0
7/29/2005,1011.3,31.2,25.2,28.4,79.0,85.0,72.0,W,5,S,13,1.2,,7.0
7/30/2005,1011.2,30.2,26.6,28.6,82.0,87.0,78.0,S,9,S,14,0.0,,7.0
7/31/2005,1011.0,30.9,24.9,29.0,77.0,83.0,72.0,S,9,S,15,0.0,,7.0
8/1/2005,1011.7,31.0,24.4,28.7,76.0,89.0,70.0,VRB,3,SSE,9,0.05,,6.0
8/2/2005,1011.8,31.2,24.4,28.7,76.0,89.0,69.0,VRB,3,ESE,9,0.0,,5.0
8/3/2005,1012.3,31.0,26.6,28.4,79.0,93.0,67.0,VRB,3,SE,11,0.0,,7.0
8/4/2005,1012.7,31.0,26.0,29.0,76.0,83.0,69.0,SE,4,SE,10,0.0,,4.0
8/5/2005,1012.9,31.6,24.8,29.0,75.0,84.0,66.0,VRB,3,E,8,0.0,,2.0
8/6/2005,1012.4,31.6,23.8,29.0,75.0,92.0,65.0,VRB,3,NE,9,12.1,,3.0
8/7/2005,1012.1,31.2,24.2,28.2,81.0,93.0,71.0,WNW,6,W,28,4.6,,6.0
8/8/2005,1012.7,29.8,25.2,28.2,82.0,93.0,76.0,VRB,3,NNW,10,0.0,,7.0
8/9/2005,1013.3,32.0,24.5,29.2,78.0,95.0,67.0,VRB,3,W,11,0.0,,5.0
8/10/2005,1013.0,31.2,25.7,28.6,79.0,95.0,70.0,VRB,3,S,8,0.0,,5.0
8/11/2005,1012.2,31.6,25.8,29.2,75.0,87.0,69.0,S,4,S,9,0.0,,6.0
8/12/2005,1012.5,30.8,26.7,28.6,80.0,87.0,69.0,SSW,5,S,12,0.3,,7.0
8/13/2005,1011.8,31.2,27.0,28.9,80.0,86.0,70.0,S,5,S,11,0.1,,7.0
8/14/2005,1011.6,30.4,24.4,27.4,86.0,95.0,77.0,SE,4,SW,14,9.4,,6.0
8/15/2005,1012.2,27.0,22.3,25.6,89.0,98.0,80.0,NW,10,WNW,34,40.2,,8.0
8/16/2005,1011.2,30.9,26.2,28.6,77.0,84.0,69.0,SW,6,SW,12,0.05,,7.0
8/17/2005,1011.9,32.0,26.4,29.5,73.0,83.0,66.0,W,5,SW,8,0.0,,6.0
8/18/2005,1012.6,33.2,26.8,30.0,73.0,83.0,64.0,W,7,W,13,0.0,,3.0
8/19/2005,1013.4,32.4,25.1,29.6,72.0,87.0,62.0,W,6,W,12,0.0,,4.0
8/20/2005,1012.2,32.6,26.6,29.8,70.0,81.0,62.0,WNW,5,WNW,11,0.0,,4.0
8/21/2005,1012.0,31.8,27.4,29.6,69.0,77.0,63.0,NW,7,NW,13,0.0,,5.0
8/22/2005,1012.1,31.4,25.2,29.6,70.0,75.0,65.0,NW,7,NW,13,0.0,,3.0
8/23/2005,1012.4,32.4,24.4,29.2,71.0,87.0,62.0,VRB,3,NW,8,0.0,,2.0
8/24/2005,1013.3,32.4,27.1,29.3,71.0,91.0,59.0,VRB,2,NNW,10,0.0,,7.0
8/25/2005,1013.1,31.9,24.0,28.6,78.0,97.0,68.0,VRB,3,SSW,17,3.7,,6.0
8/26/2005,1012.9,30.0,23.0,27.5,83.0,97.0,70.0,SSW,5,SSW,24,47.8,,7.0
8/27/2005,1013.0,28.8,21.7,25.6,91.0,100.0,80.0,W,9,W,29,62.8,,7.0
8/28/2005,1012.1,29.6,22.8,26.5,87.0,95.0,73.0,W,17,W,39,34.7,,7.0
8/29/2005,1012.5,27.6,22.6,26.3,84.0,92.0,69.0,W,16,W,39,3.6,,8.0
8/30/2005,1010.9,29.4,23.4,27.5,82.0,91.0,73.0,WSW,15,W,32,7.6,,7.0
8/31/2005,1009.8,30.2,23.2,28.0,82.0,87.0,71.0,WSW,14,W,37,24.6,,6.0
9/1/2005,1010.7,28.8,23.0,26.7,87.0,95.0,81.0,WSW,15,W,32,41.9,,7.0
9/2/2005,1011.8,28.0,23.4,26.3,86.0,93.0,75.0,WSW,13,W,40,6.2,,7.0
9/3/2005,1011.4,29.8,22.8,26.9,83.0,98.0,75.0,W,13,W,40,42.9,,7.0
9/4/2005,1010.2,28.0,24.0,26.8,86.0,95.0,80.0,W,16,WSW,33,1.7,,8.0
9/5/2005,1010.1,30.4,26.4,28.8,79.0,87.0,73.0,SW,15,WSW,24,0.0,,7.0
9/6/2005,1010.6,30.2,26.8,28.4,78.0,83.0,73.0,WSW,10,WSW,17,0.05,,7.0
9/7/2005,1011.1,31.6,26.6,28.9,74.0,80.0,68.0,WSW,11,WSW,18,0.0,,7.0
9/8/2005,1011.1,31.6,26.4,29.2,76.0,84.0,69.0,WSW,10,W,15,0.0,,5.0
9/9/2005,1011.6,31.8,24.2,29.3,77.0,93.0,67.0,WSW,7,WSW,19,4.5,,5.0
9/10/2005,1011.2,30.6,23.6,28.4,80.0,93.0,73.0,SSW,7,W,31,12.4,,7.0
9/11/2005,1010.9,28.7,21.4,25.9,89.0,100.0,83.0,W,8,W,32,28.1,,7.0
9/12/2005,1010.4,31.5,25.2,28.2,80.0,97.0,71.0,WSW,5,WSW,12,0.0,,6.0
9/13/2005,1011.5,31.6,24.4,28.7,78.0,93.0,68.0,VRB,3,WSW,7,0.0,,3.0
9/14/2005,1012.5,31.4,24.6,28.5,80.0,96.0,68.0,VRB,2,NE,9,0.0,,4.0
9/15/2005,1013.0,31.0,25.8,28.7,77.0,95.0,67.0,VRB,3,E,9,0.0,,5.0
9/16/2005,1013.9,30.8,25.2,28.9,79.0,86.0,72.0,E,4,E,8,0.0,,6.0
9/17/2005,1015.0,31.2,24.4,28.9,77.0,92.0,67.0,VRB,3,E,9,0.0,,3.0
9/18/2005,1016.1,32.2,24.7,29.0,74.0,95.0,60.0,VRB,2,SW,15,1.0,,3.0
9/19/2005,1014.8,31.2,25.0,28.3,77.0,86.0,70.0,SSW,7,SSW,19,4.3,,5.0
9/20/2005,1013.0,30.6,24.9,28.3,76.0,90.0,69.0,S,9,S,21,5.9,,4.0
9/21/2005,1012.2,30.8,25.5,29.0,72.0,79.0,67.0,SSE,6,S,14,6.2,,4.0
9/22/2005,1013.5,30.0,24.2,26.9,83.0,92.0,76.0,VRB,2,W,15,2.1,,6.0
9/23/2005,1014.4,29.6,22.0,27.6,82.0,90.0,75.0,S,4,W,23,22.9,,6.0
9/24/2005,1014.0,32.0,25.3,28.9,76.0,93.0,62.0,VRB,2,SE,8,0.0,,5.0
9/25/2005,1013.1,31.2,24.0,27.9,81.0,96.0,75.0,SSE,5,W,24,1.6,,5.0
9/26/2005,1012.6,31.4,24.0,27.8,81.0,93.0,69.0,VRB,4,W,15,15.9,,5.0
9/27/2005,1012.6,31.6,22.8,29.0,78.0,98.0,71.0,WSW,4,W,18,49.2,,4.0
9/28/2005,1013.4,30.5,23.4,26.8,86.0,100.0,75.0,WNW,12,WSW,33,83.1,,7.0
9/29/2005,1012.8,31.2,22.8,28.1,78.0,90.0,69.0,W,16,WSW,38,11.6,,7.0
9/30/2005,1013.9,28.8,24.8,27.5,78.0,88.0,73.0,WSW,7,W,15,0.05,,6.0
10/1/2005,1013.4,32.3,26.4,29.4,76.0,90.0,68.0,W,5,W,11,0.9,,2.0
10/2/2005,1013.5,32.4,23.8,29.6,75.0,87.0,66.0,W,8,WSW,23,9.7,,4.0
10/3/2005,1012.3,31.2,23.1,28.3,82.0,95.0,71.0,W,13,W,31,21.9,,5.0
10/4/2005,1012.1,30.2,25.2,28.1,81.0,90.0,75.0,W,13,W,28,2.8,,7.0
10/5/2005,1012.9,28.8,23.0,26.6,86.0,95.0,78.0,W,21,W,37,7.8,,7.0
10/6/2005,1012.7,31.8,26.2,29.5,75.0,83.0,66.0,WNW,10,W,18,0.0,,5.0
10/7/2005,1012.6,32.4,26.0,29.4,78.0,85.0,69.0,W,9,W,21,0.05,,6.0
10/8/2005,1012.8,28.6,23.4,26.5,87.0,98.0,79.0,W,13,SW,25,17.3,,7.0
10/9/2005,1012.4,31.0,22.9,27.0,86.0,95.0,73.0,WSW,15,WSW,33,22.4,,7.0
10/10/2005,1011.2,30.0,24.1,28.0,81.0,96.0,69.0,W,13,W,26,5.7,,7.0
10/11/2005,1011.4,29.0,24.9,27.2,85.0,92.0,80.0,SSW,11,SSW,19,0.7,,7.0
10/12/2005,1010.6,29.8,23.2,27.2,86.0,98.0,78.0,SW,12,SW,38,25.8,,6.0
10/13/2005,1010.3,29.9,23.8,27.8,85.0,90.0,78.0,SW,11,WSW,36,10.4,,7.0
10/14/2005,1010.0,30.0,23.7,27.5,84.0,95.0,76.0,WSW,15,WSW,36,24.9,,6.0
10/15/2005,1010.3,30.4,24.1,27.8,84.0,97.0,77.0,W,15,WSW,32,0.6,,7.0
10/16/2005,1011.3,31.6,26.8,29.4,78.0,85.0,72.0,WSW,13,W,23,0.0,,5.0
10/17/2005,1012.7,31.6,26.7,28.6,81.0,89.0,75.0,W,9,W,17,0.0,,6.0
10/18/2005,1012.8,31.4,26.6,28.9,80.0,86.0,73.0,W,11,W,20,0.0,,7.0
10/19/2005,1012.2,30.8,26.8,28.9,78.0,83.0,72.0,W,15,W,24,0.05,,6.0
10/20/2005,1011.2,31.2,23.7,28.8,79.0,92.0,72.0,W,13,WNW,33,22.0,,6.0
10/21/2005,1011.0,30.4,26.2,28.4,82.0,95.0,75.0,W,16,W,24,0.2,,3.0
10/22/2005,1011.6,31.4,26.9,29.2,78.0,86.0,72.0,WSW,13,W,19,0.0,,3.0
10/23/2005,1012.0,30.4,26.6,28.8,77.0,83.0,71.0,SW,12,W,20,0.0,,5.0
10/24/2005,1012.2,31.6,26.7,29.3,76.0,84.0,67.0,WSW,12,WSW,18,0.0,,3.0
10/25/2005,1011.9,31.6,26.6,29.3,77.0,85.0,69.0,W,13,W,18,0.0,,3.0
10/26/2005,1012.1,32.4,26.5,29.4,76.0,83.0,67.0,W,11,W,17,0.0,,6.0
10/27/2005,1012.5,31.6,26.7,29.2,76.0,84.0,69.0,WSW,10,WSW,14,0.0,,2.0
10/28/2005,1013.0,30.8,25.8,28.9,74.0,86.0,68.0,SW,7,WSW,17,0.1,,3.0
10/29/2005,1012.8,32.0,26.1,29.6,75.0,86.0,67.0,W,9,W,21,1.6,,3.0
10/30/2005,1012.2,31.2,25.0,29.0,79.0,87.0,73.0,WNW,17,W,34,0.2,,6.0
10/31/2005,1013.3,31.0,24.5,28.0,81.0,85.0,76.0,W,20,W,36,1.8,,7.0
11/1/2005,1013.2,30.8,25.8,28.7,79.0,84.0,73.0,W,18,W,31,2.0,,7.0
11/2/2005,1013.0,30.4,24.1,28.5,80.0,87.0,75.0,W,17,W,32,5.2,,6.0
11/3/2005,1012.2,31.0,25.4,28.4,81.0,95.0,73.0,WNW,16,WNW,31,0.6,,7.0
11/4/2005,1011.8,31.8,26.0,29.1,77.0,85.0,70.0,WNW,11,NW,21,4.9,,5.0
11/5/2005,1011.7,31.8,23.5,28.9,80.0,93.0,67.0,W,11,W,34,10.1,,4.0
11/6/2005,1011.6,30.4,23.4,28.0,83.0,93.0,74.0,W,17,W,34,4.8,,5.0
11/7/2005,1010.5,31.4,26.6,29.2,78.0,85.0,70.0,W,17,W,25,0.0,,3.0
11/8/2005,1010.6,30.4,21.8,27.5,86.0,92.0,79.0,W,16,W,32,13.7,,5.0
11/9/2005,1011.7,31.2,25.6,28.8,79.0,89.0,69.0,W,16,WSW,23,0.0,,6.0
11/10/2005,1012.2,31.0,26.2,28.3,82.0,89.0,75.0,WSW,11,WSW,16,0.05,,6.0
11/11/2005,1012.0,31.7,26.2,28.8,76.0,87.0,67.0,SW,7,WSW,13,0.0,,3.0
11/12/2005,1013.1,30.6,26.2,28.4,76.0,84.0,72.0,SSW,9,S,18,0.0,,4.0
11/13/2005,1013.7,30.2,23.2,28.1,78.0,93.0,70.0,WSW,10,WSW,22,10.6,,4.0
11/14/2005,1013.4,30.4,24.8,28.0,81.0,89.0,73.0,W,13,WSW,25,1.3,,6.0
11/15/2005,1011.9,31.2,26.3,29.0,77.0,84.0,69.0,W,13,W,20,0.0,,3.0
11/16/2005,1011.8,31.3,26.4,28.8,77.0,83.0,70.0,WSW,11,WSW,19,0.0,,5.0
11/17/2005,1012.5,31.4,26.0,28.9,77.0,84.0,69.0,W,10,W,19,0.05,,2.0
11/18/2005,1013.1,32.2,22.4,28.2,81.0,96.0,64.0,W,9,WNW,26,23.6,,5.0
11/19/2005,1012.7,31.4,26.0,28.9,80.0,98.0,72.0,W,9,W,16,0.05,,3.0
11/20/2005,1012.0,32.2,25.8,29.3,78.0,89.0,70.0,W,7,W,14,0.0,,2.0
11/21/2005,1011.4,31.9,24.2,29.2,77.0,87.0,70.0,W,6,WSW,30,6.6,,2.0
11/22/2005,1011.4,30.7,24.6,27.7,86.0,98.0,77.0,WSW,14,W,31,7.3,,7.0
11/23/2005,1011.5,30.0,23.5,28.3,82.0,90.0,77.0,SW,12,SW,21,15.7,,4.0
11/24/2005,1011.2,29.6,23.6,26.3,92.0,98.0,85.0,WSW,11,W,32,9.2,,7.0
11/25/2005,1011.1,31.6,24.6,28.8,83.0,93.0,71.0,WSW,7,WSW,22,0.1,,3.0
11/26/2005,1011.2,30.4,25.0,28.4,85.0,93.0,78.0,SSW,5,SSW,10,0.0,,2.0
11/27/2005,1011.5,31.8,24.2,28.6,85.0,93.0,77.0,NNE,3,NW,9,0.05,,2.0
11/28/2005,1012.0,30.4,25.6,28.2,86.0,95.0,79.0,NNE,5,N,14,0.05,,2.0
11/29/2005,1011.8,30.8,24.9,28.1,86.0,100.0,75.0,WNW,6,W,15,10.2,,4.0
11/30/2005,1009.6,31.4,23.8,28.6,81.0,93.0,73.0,WNW,7,W,22,46.3,,4.0
12/1/2005,1009.9,28.8,22.9,26.0,92.0,98.0,86.0,W,12,W,28,37.3,,7.0
12/2/2005,1011.0,30.4,26.8,28.4,82.0,89.0,77.0,W,14,W,23,0.3,,6.0
12/3/2005,1011.2,31.2,26.5,28.8,80.0,86.0,72.0,WSW,14,WSW,23,0.05,,3.0
12/4/2005,1009.8,30.6,23.0,28.5,81.0,90.0,74.0,WSW,14,WSW,25,35.4,,4.0
12/5/2005,1009.9,30.4,24.5,27.5,85.0,96.0,79.0,W,11,WSW,28,2.8,,6.0
12/6/2005,1010.8,31.8,25.6,28.9,79.0,87.0,73.0,WNW,7,WNW,14,0.0,,3.0
12/7/2005,1011.3,31.6,25.9,28.9,78.0,84.0,72.0,WNW,8,WNW,13,0.0,,2.0
12/8/2005,1011.5,31.4,25.8,28.6,80.0,87.0,73.0,W,7,WSW,13,0.0,,5.0
12/9/2005,1011.3,30.8,25.9,28.4,82.0,87.0,74.0,W,12,W,19,0.0,,2.0
12/10/2005,1011.8,30.9,26.2,28.5,84.0,90.0,79.0,W,14,W,22,0.0,,6.0
12/11/2005,1011.6,31.4,26.1,28.8,83.0,92.0,74.0,W,14,W,20,0.0,,5.0
12/12/2005,1011.9,30.2,26.2,28.3,84.0,90.0,77.0,W,14,W,20,0.0,,6.0
12/13/2005,1011.3,31.4,24.6,28.5,85.0,93.0,76.0,W,12,WNW,23,4.5,,4.0
12/14/2005,1010.3,30.2,23.8,28.1,87.0,93.0,81.0,W,13,SW,27,13.6,,4.0
12/15/2005,1011.3,29.2,23.8,27.1,87.0,95.0,82.0,W,16,W,28,0.5,,7.0
12/16/2005,1012.0,30.2,26.2,28.0,81.0,88.0,73.0,W,5,N,13,0.0,,5.0
12/17/2005,1011.7,31.4,26.2,28.6,81.0,87.0,72.0,W,7,W,15,0.05,,6.0
12/18/2005,1011.1,31.4,26.6,29.0,79.0,89.0,73.0,W,13,W,19,1.0,,3.0
12/19/2005,1010.1,31.0,25.6,28.6,83.0,92.0,74.0,W,13,W,25,11.8,,5.0
12/20/2005,1010.7,30.8,26.6,28.7,79.0,87.0,73.0,NW,11,WNW,18,0.0,,6.0
12/21/2005,1012.5,31.8,25.8,28.9,76.0,81.0,69.0,WNW,10,NW,16,0.0,,5.0
12/22/2005,1012.4,31.5,26.4,29.0,71.0,81.0,64.0,WNW,10,W,15,0.0,,2.0
12/23/2005,1012.0,31.8,26.4,28.8,70.0,77.0,64.0,NW,11,WNW,18,0.0,,5.0
12/24/2005,1011.5,29.5,23.4,27.8,71.0,84.0,64.0,NNW,6,NNW,14,0.0,,3.0
12/25/2005,1012.0,30.1,25.2,27.5,73.0,87.0,65.0,NE,5,NE,12,0.0,,2.0
12/26/2005,1012.9,30.4,26.2,28.3,71.0,75.0,66.0,ENE,9,ENE,18,0.0,,2.0
12/27/2005,1014.0,30.6,26.2,28.4,71.0,77.0,65.0,ENE,8,NE,20,0.0,,2.0
12/28/2005,1013.8,30.2,25.4,28.2,73.0,78.0,68.0,ENE,8,ENE,17,0.0,,3.0
12/29/2005,1013.9,30.4,25.2,28.2,73.0,79.0,66.0,ENE,7,ENE,15,0.0,,2.0
12/30/2005,1013.7,30.2,25.2,28.1,72.0,82.0,63.0,NE,6,NE,12,0.0,,1.0
12/31/2005,1013.7,30.6,26.2,28.4,73.0,84.0,65.0,NE,7,NE,15,0.05,,1.0
1/1/2006,1013.4,30.6,25.2,28.5,72.0,80.0,65.0,NE,10,NE,17,0.0,,2.0
1/2/2006,1012.3,30.6,24.0,28.0,77.0,96.0,65.0,NE,7,NNE,17,11.4,,4.0
1/3/2006,1010.9,31.0,24.5,28.1,79.0,88.0,70.0,NE,9,NE,18,0.6,,3.0
1/4/2006,1010.8,29.9,24.8,27.8,82.0,95.0,76.0,NE,8,ENE,25,4.6,,5.0
1/5/2006,1010.9,30.2,25.0,27.5,82.0,92.0,72.0,NNE,6,NE,17,0.6,,3.0
1/6/2006,1010.4,30.8,24.6,28.1,80.0,92.0,73.0,NNE,5,N,14,0.0,,2.0
1/7/2006,1010.8,30.6,23.5,27.2,86.0,96.0,74.0,ENE,4,NNE,16,24.8,,5.0
1/8/2006,1011.3,29.2,23.8,27.0,85.0,98.0,76.0,N,4,ENE,11,0.2,,6.0
1/9/2006,1011.0,31.4,23.7,27.3,86.0,93.0,75.0,WNW,7,WNW,20,9.8,,6.0
1/10/2006,1010.4,30.6,25.6,28.2,83.0,97.0,74.0,ENE,5,NE,15,0.05,,6.0
1/11/2006,1010.0,30.2,25.8,28.2,83.0,87.0,78.0,NE,7,NNE,16,1.6,,7.0
1/12/2006,1010.8,29.0,21.8,25.8,91.0,100.0,80.0,NNE,6,NNE,17,113.2,,7.0
1/13/2006,1011.5,29.5,21.8,26.8,86.0,100.0,76.0,WSW,11,WSW,30,27.4,,8.0
1/14/2006,1011.0,31.2,25.8,28.3,81.0,87.0,71.0,WNW,13,WNW,25,0.05,,6.0
1/15/2006,1011.0,30.2,26.2,28.4,80.0,87.0,75.0,WSW,6,SW,12,0.0,,6.0
1/16/2006,1012.5,32.0,24.2,28.9,77.0,95.0,66.0,W,3,WSW,9,0.0,,3.0
1/17/2006,1012.2,30.4,24.0,28.0,83.0,96.0,75.0,ENE,4,ENE,12,0.0,,4.0
1/18/2006,1012.6,30.6,24.6,28.1,80.0,93.0,73.0,NE,5,NE,13,0.0,,2.0
1/19/2006,1012.7,30.4,24.4,28.2,82.0,92.0,68.0,NE,8,NNE,18,0.0,,2.0
1/20/2006,1013.2,30.4,25.2,27.8,78.0,88.0,68.0,NE,7,NE,16,0.0,,2.0
1/21/2006,1013.7,30.4,25.4,28.3,76.0,87.0,68.0,ENE,5,ENE,11,0.0,,2.0
1/22/2006,1013.7,30.6,25.4,28.1,76.0,84.0,69.0,N,6,N,14,0.05,,3.0
1/23/2006,1014.0,29.8,24.0,27.8,72.0,79.0,66.0,N,8,N,15,0.0,,2.0
1/24/2006,1014.5,30.4,24.2,27.8,65.0,75.0,56.0,N,7,N,16,0.0,,2.0
1/25/2006,1014.3,30.6,24.8,27.8,71.0,81.0,65.0,N,6,NE,14,0.0,,2.0
1/26/2006,1014.7,31.2,25.4,28.3,69.0,79.0,61.0,NNE,8,NNE,18,0.0,,2.0
1/27/2006,1013.5,30.8,25.8,28.5,70.0,78.0,63.0,NE,10,NE,20,0.0,,2.0
1/28/2006,1011.9,31.4,22.6,28.3,78.0,92.0,71.0,NNE,8,NE,22,4.9,,3.0
1/29/2006,1012.6,28.6,22.4,25.2,94.0,100.0,87.0,NNE,7,ESE,29,29.3,,8.0
1/30/2006,1013.6,28.8,24.4,26.9,86.0,98.0,76.0,ENE,7,ENE,23,0.1,,6.0
1/31/2006,1013.7,30.6,26.2,28.5,80.0,87.0,75.0,ENE,7,ENE,16,0.0,,2.0
2/1/2006,1013.5,30.8,26.3,28.7,81.0,89.0,76.0,NE,8,NE,17,0.05,,2.0
2/2/2006,1013.0,31.0,25.6,28.4,76.0,84.0,69.0,NE,11,NE,21,0.0,,2.0
2/3/2006,1013.8,30.4,25.1,28.5,75.0,84.0,67.0,NE,8,NE,16,0.05,,1.0
2/4/2006,1013.7,31.0,26.1,28.6,78.0,86.0,68.0,NE,9,NE,22,0.05,,2.0
2/5/2006,1012.2,31.4,26.5,29.1,79.0,85.0,73.0,NE,9,NE,20,0.05,,2.0
2/6/2006,1011.5,30.6,25.8,28.6,80.0,85.0,75.0,NE,10,NE,23,1.9,,3.0
2/7/2006,1012.0,31.4,24.4,29.0,77.0,85.0,69.0,NE,10,NE,19,0.5,,5.0
2/8/2006,1013.6,30.4,23.6,27.5,83.0,95.0,75.0,ENE,5,NE,19,1.1,,6.0
2/9/2006,1014.3,30.6,25.2,28.2,81.0,89.0,73.0,NNW,3,NE,12,0.9,,5.0
2/10/2006,1013.2,30.8,24.2,28.2,82.0,92.0,73.0,NE,6,NNE,23,29.1,,4.0
2/11/2006,1011.8,31.0,26.2,28.6,81.0,97.0,73.0,NNE,10,NNE,19,0.0,,5.0
2/12/2006,1011.6,30.1,23.6,28.4,78.0,87.0,74.0,NE,8,NE,20,3.4,,6.0
2/13/2006,1011.4,31.2,23.8,28.6,79.0,90.0,73.0,NNE,8,NNE,18,13.8,,5.0
2/14/2006,1012.2,29.2,23.0,26.2,89.0,98.0,83.0,ENE,8,NE,19,15.8,,7.0
2/15/2006,1010.9,30.7,23.7,28.4,83.0,92.0,78.0,ENE,5,NE,15,19.8,,6.0
2/16/2006,1011.4,30.5,25.4,28.0,85.0,100.0,78.0,E,5,NE,14,0.0,,5.0
2/17/2006,1012.0,31.4,26.0,28.9,78.0,87.0,71.0,NNE,7,NNE,14,1.8,,2.0
2/18/2006,1011.8,31.4,25.6,28.9,78.0,83.0,71.0,NNE,8,NNE,18,0.0,,2.0
2/19/2006,1011.2,30.4,25.1,28.2,84.0,90.0,77.0,N,7,N,18,16.6,,5.0
2/20/2006,1011.3,30.4,24.6,28.5,78.0,89.0,73.0,N,6,N,14,0.0,,6.0
2/21/2006,1011.5,30.2,25.4,28.3,78.0,90.0,71.0,NNW,5,NNW,11,0.0,,4.0
2/22/2006,1010.9,30.6,24.0,28.4,75.0,84.0,68.0,N,7,N,14,0.0,,3.0
2/23/2006,1009.8,30.8,25.0,28.2,77.0,90.0,69.0,NNE,4,NNE,12,0.0,,2.0
2/24/2006,1009.8,30.6,25.2,28.2,77.0,83.0,71.0,E,5,NE,13,0.0,,4.0
2/25/2006,1010.3,30.8,24.2,28.4,79.0,89.0,71.0,NE,5,NE,12,0.0,,3.0
2/26/2006,1010.8,31.4,25.4,28.6,80.0,95.0,69.0,VRB,1,NNE,12,0.05,,2.0
2/27/2006,1010.4,30.6,23.8,28.7,80.0,92.0,71.0,NNW,4,NNW,10,0.0,,3.0
2/28/2006,1010.3,31.2,25.0,28.4,78.0,95.0,68.0,NNW,3,E,9,0.0,,3.0
3/1/2006,1009.9,31.4,24.5,28.8,78.0,95.0,69.0,NNE,5,NE,13,0.0,,2.0
3/2/2006,1010.3,31.4,24.1,28.6,76.0,92.0,69.0,ENE,3,ENE,10,0.0,,2.0
3/3/2006,1011.6,31.8,24.9,28.3,76.0,91.0,66.0,VRB,2,N,8,0.0,,3.0
3/4/2006,1011.6,31.9,26.2,29.0,78.0,87.0,68.0,NE,6,NE,16,0.0,,5.0
3/5/2006,1011.3,31.8,26.4,29.6,79.0,89.0,72.0,NE,5,NE,13,0.0,,3.0
3/6/2006,1012.5,32.0,25.2,29.5,75.0,86.0,68.0,NE,6,NNE,15,0.0,,2.0
3/7/2006,1011.7,31.8,26.4,29.2,79.0,92.0,72.0,NE,7,NE,14,0.0,,1.0
3/8/2006,1012.5,32.4,23.4,28.7,83.0,92.0,75.0,E,4,E,21,43.0,,3.0
3/9/2006,1012.5,31.8,27.4,29.6,78.0,90.0,72.0,E,5,ESE,15,0.05,,3.0
3/10/2006,1012.0,31.6,24.6,29.5,76.0,87.0,69.0,SE,4,WSW,14,1.8,,2.0
3/11/2006,1012.0,33.0,26.2,29.2,80.0,93.0,67.0,WNW,4,WNW,19,15.4,,5.0
3/12/2006,1011.1,31.5,26.4,29.3,77.0,83.0,71.0,NE,7,NNW,18,0.05,,5.0
3/13/2006,1010.9,32.4,26.8,30.0,74.0,83.0,66.0,NW,5,NW,11,0.0,,4.0
3/14/2006,1012.2,31.4,24.0,27.6,84.0,93.0,73.0,NNW,6,NNW,20,1.6,,7.0
3/15/2006,1012.3,31.0,24.8,28.2,82.0,93.0,72.0,N,4,N,14,1.3,,7.0
3/16/2006,1010.9,32.6,23.9,29.1,78.0,95.0,66.0,NW,4,E,17,59.0,,5.0
3/17/2006,1011.9,29.9,22.8,25.7,91.0,100.0,84.0,N,5,NNW,20,26.3,,7.0
3/18/2006,1009.9,31.4,25.8,29.0,76.0,88.0,68.0,NNE,6,NE,14,0.0,,2.0
3/19/2006,1011.0,31.6,24.8,29.2,76.0,92.0,69.0,NNE,4,ENE,20,0.4,,3.0
3/20/2006,1011.6,31.0,26.2,28.9,75.0,95.0,68.0,N,4,E,16,0.05,,5.0
3/21/2006,1011.4,32.0,26.9,29.6,74.0,80.0,69.0,NW,8,WNW,14,0.05,,4.0
3/22/2006,1010.6,31.6,27.4,29.7,76.0,85.0,70.0,NW,8,WNW,16,0.0,,7.0
3/23/2006,1010.0,32.8,27.2,30.2,74.0,83.0,66.0,WNW,8,WNW,13,0.0,,2.0
3/24/2006,1010.4,33.3,27.2,30.3,72.0,80.0,65.0,WNW,6,WNW,11,0.0,,3.0
3/25/2006,1012.3,33.4,27.4,30.5,71.0,79.0,63.0,W,7,W,13,0.0,,3.0
3/26/2006,1013.1,33.0,27.4,30.3,71.0,82.0,62.0,W,9,WNW,15,0.0,,2.0
3/27/2006,1011.3,32.9,27.4,30.3,73.0,80.0,65.0,WNW,11,W,17,0.0,,2.0
3/28/2006,1010.7,32.4,27.4,30.2,76.0,83.0,70.0,W,9,W,15,0.0,,2.0
3/29/2006,1011.8,33.6,27.4,30.2,73.0,82.0,64.0,WNW,10,WNW,15,0.0,,5.0
3/30/2006,1012.9,33.5,27.0,30.5,72.0,82.0,65.0,WNW,8,W,13,0.0,,3.0
3/31/2006,1012.8,33.2,26.6,30.3,71.0,80.0,63.0,W,7,W,13,0.0,,3.0
4/1/2006,1012.1,33.2,27.1,30.0,70.0,81.0,61.0,W,6,W,11,0.0,,2.0
4/2/2006,1011.9,33.1,27.3,30.3,72.0,80.0,65.0,W,6,W,13,0.0,,2.0
4/3/2006,1011.4,33.9,27.1,30.5,74.0,83.0,64.0,W,7,NW,13,0.05,,2.0
4/4/2006,1011.5,33.8,26.7,30.2,72.0,82.0,62.0,WNW,5,W,10,0.0,,2.0
4/5/2006,1011.3,32.2,27.3,29.6,74.0,81.0,68.0,SSW,6,SSW,13,0.0,,1.0
4/6/2006,1011.6,32.9,27.4,30.2,73.0,81.0,64.0,W,9,W,15,0.0,,2.0
4/7/2006,1011.5,33.5,27.5,30.4,72.0,83.0,62.0,W,8,W,13,0.0,,1.0
4/8/2006,1010.3,33.3,23.4,30.1,75.0,92.0,67.0,W,7,NNW,22,28.4,,2.0
4/9/2006,1010.3,33.5,27.6,30.6,74.0,85.0,65.0,W,6,WNW,17,0.1,,2.0
4/10/2006,1011.0,33.9,26.2,30.8,73.0,85.0,64.0,WNW,6,W,17,0.4,,4.0
4/11/2006,1010.5,33.5,26.4,30.2,73.0,80.0,62.0,WNW,5,WSW,15,1.6,,3.0
4/12/2006,1009.0,33.6,27.4,30.8,72.0,80.0,62.0,W,8,W,20,0.0,,2.0
4/13/2006,1008.8,33.4,25.9,30.4,75.0,90.0,65.0,W,6,W,13,0.0,,2.0
4/14/2006,1009.8,33.6,26.3,30.1,75.0,89.0,63.0,VRB,2,W,10,0.0,,2.0
4/15/2006,1010.7,32.5,26.6,29.8,76.0,90.0,66.0,VRB,2,SSE,11,0.4,,3.0
4/16/2006,1010.2,31.6,25.5,29.2,78.0,90.0,70.0,SSW,5,WSW,20,1.9,,6.0
4/17/2006,1011.9,29.6,22.2,26.3,83.0,95.0,72.0,W,8,WSW,33,29.7,,7.0
4/18/2006,1011.6,32.8,25.8,30.1,74.0,89.0,64.0,W,4,W,11,0.0,,7.0
4/19/2006,1012.0,33.0,27.4,29.6,76.0,86.0,65.0,W,4,W,8,0.0,,6.0
4/20/2006,1012.5,33.2,24.2,29.0,79.0,91.0,66.0,W,5,WSW,20,17.0,,4.0
4/21/2006,1012.1,32.6,26.5,30.3,75.0,85.0,69.0,W,7,SW,24,1.0,,5.0
4/22/2006,1011.6,33.1,27.4,30.2,74.0,81.0,68.0,W,12,W,21,0.05,,5.0
4/23/2006,1011.2,32.5,26.4,30.3,77.0,83.0,70.0,WNW,11,W,21,0.05,,3.0
4/24/2006,1011.4,33.5,25.1,30.5,75.0,90.0,66.0,WSW,8,W,26,1.8,,2.0
4/25/2006,1011.2,32.4,26.4,29.9,78.0,83.0,71.0,W,11,W,20,0.1,,5.0
4/26/2006,1011.6,33.2,26.6,30.3,77.0,86.0,69.0,W,9,WSW,16,4.2,,5.0
4/27/2006,1011.4,31.4,24.5,29.4,82.0,92.0,75.0,WSW,9,W,23,28.3,,7.0
4/28/2006,1010.7,31.8,24.4,29.2,84.0,95.0,75.0,WSW,9,W,17,40.2,,6.0
4/29/2006,1011.1,30.2,24.0,27.7,87.0,97.0,81.0,WSW,9,WSW,24,25.6,,7.0
4/30/2006,1011.8,31.6,26.2,29.1,81.0,92.0,72.0,WSW,9,WNW,22,0.05,,6.0
5/1/2006,1011.9,32.5,27.8,30.0,79.0,85.0,74.0,W,9,W,17,0.05,,4.0
5/2/2006,1011.0,32.6,28.2,30.3,78.0,86.0,71.0,W,11,W,16,0.05,,2.0
5/3/2006,1011.3,32.5,28.1,30.3,75.0,79.0,70.0,WNW,12,W,18,0.0,,3.0
5/4/2006,1012.1,32.4,28.0,30.2,73.0,79.0,66.0,WNW,13,W,19,0.0,,1.0
5/5/2006,1012.9,31.8,25.1,29.0,81.0,89.0,73.0,W,10,W,28,11.8,,6.0
5/6/2006,1011.7,32.0,27.0,29.9,77.0,89.0,71.0,WSW,8,SW,21,0.5,,2.0
5/7/2006,1010.0,32.0,23.8,29.7,76.0,89.0,68.0,SSW,7,WSW,24,60.9,,5.0
5/8/2006,1010.5,30.5,24.0,27.9,86.0,97.0,77.0,W,5,W,22,4.0,,6.0
5/9/2006,1011.0,32.4,25.0,29.2,79.0,98.0,67.0,VRB,2,ESE,7,0.2,,3.0
5/10/2006,1010.3,33.0,27.4,29.9,75.0,95.0,63.0,W,4,W,12,0.0,,1.0
5/11/2006,1011.2,32.6,27.2,30.2,72.0,80.0,66.0,W,4,WSW,9,0.0,,1.0
5/12/2006,1012.2,32.1,25.2,29.8,75.0,97.0,66.0,SSW,4,WSW,16,19.7,,2.0
5/13/2006,1012.0,31.9,26.1,29.7,78.0,92.0,71.0,WSW,6,SW,16,1.1,,3.0
5/14/2006,1012.0,32.0,25.3,28.7,82.0,93.0,71.0,WSW,6,SW,20,33.2,,6.0
5/15/2006,1011.4,31.8,24.4,29.0,82.0,92.0,73.0,W,13,W,33,30.0,,7.0
5/16/2006,1012.1,30.6,24.2,28.5,84.0,91.0,76.0,WSW,11,W,30,18.8,,7.0
5/17/2006,1012.0,31.6,24.0,27.7,87.0,98.0,75.0,WSW,8,W,30,32.0,,7.0
5/18/2006,1012.8,29.5,24.0,27.0,86.0,97.0,79.0,W,12,WSW,30,2.0,,7.0
5/19/2006,1012.2,31.4,25.0,29.2,78.0,86.0,68.0,W,12,WSW,29,0.9,,6.0
5/20/2006,1012.5,31.4,25.6,28.0,84.0,95.0,75.0,WSW,11,W,33,2.4,,7.0
5/21/2006,1012.2,31.6,27.0,29.4,78.0,87.0,72.0,SSW,6,S,13,0.1,,4.0
5/22/2006,1011.7,31.6,27.0,29.6,75.0,86.0,68.0,SSW,7,S,13,0.0,,5.0
5/23/2006,1011.5,32.0,27.2,29.6,75.0,85.0,68.0,WSW,6,WSW,11,0.0,,6.0
5/24/2006,1010.6,32.6,27.4,30.0,74.0,83.0,69.0,W,6,WSW,13,0.05,,3.0
5/25/2006,1010.6,32.4,26.0,29.8,76.0,83.0,70.0,WSW,5,SW,14,0.05,,6.0
5/26/2006,1011.6,31.8,26.9,29.5,76.0,86.0,70.0,S,7,S,18,0.1,,5.0
5/27/2006,1012.1,31.8,27.2,29.8,75.0,80.0,68.0,SSE,6,S,22,0.05,,4.0
5/28/2006,1011.0,31.8,27.4,29.7,74.0,82.0,67.0,SSE,5,SSE,14,0.0,,5.0
5/29/2006,1009.8,31.6,27.4,29.7,73.0,80.0,68.0,S,7,S,14,0.0,,4.0
5/30/2006,1009.6,31.8,27.6,29.7,72.0,78.0,66.0,S,8,S,18,0.05,,4.0
5/31/2006,1010.7,32.0,27.8,29.8,74.0,79.0,68.0,SE,6,SE,14,0.0,,6.0
6/1/2006,1011.6,32.0,23.7,29.0,77.0,97.0,69.0,SE,6,WSW,36,22.6,,5.0
6/2/2006,1011.5,32.3,24.0,29.1,76.0,93.0,66.0,VRB,2,W,6,0.0,,4.0
6/3/2006,1011.3,32.4,24.4,29.0,77.0,95.0,66.0,VRB,2,S,7,0.0,,2.0
6/4/2006,1011.4,32.9,24.6,29.5,76.0,93.0,66.0,SW,3,SW,10,0.0,,5.0
6/5/2006,1012.1,32.8,24.4,29.2,75.0,93.0,64.0,VRB,2,S,7,0.0,,5.0
6/6/2006,1012.0,32.5,25.0,29.0,75.0,93.0,62.0,VRB,2,W,8,0.0,,3.0
6/7/2006,1012.4,32.4,25.0,29.5,74.0,92.0,66.0,SSW,4,S,10,0.05,,2.0
6/8/2006,1011.9,32.5,24.4,29.2,76.0,90.0,65.0,SW,5,NW,22,9.0,,3.0
6/9/2006,1011.9,31.9,24.6,28.7,79.0,95.0,68.0,SW,5,W,23,9.5,,7.0
6/10/2006,1012.1,30.4,23.8,27.6,85.0,96.0,77.0,SSW,5,WSW,25,12.9,,7.0
6/11/2006,1011.9,31.2,24.5,28.8,79.0,87.0,66.0,WSW,6,SW,18,1.3,,4.0
6/12/2006,1010.9,31.6,26.8,29.3,78.0,92.0,68.0,SW,5,WSW,15,0.7,,3.0
6/13/2006,1010.8,32.2,23.2,28.1,83.0,93.0,71.0,W,8,W,34,48.3,,6.0
6/14/2006,1011.9,29.4,25.4,27.4,82.0,98.0,72.0,W,9,W,32,0.6,,7.0
6/15/2006,1012.3,29.6,23.7,26.6,89.0,96.0,77.0,W,12,WSW,32,46.9,,7.0
6/16/2006,1012.4,31.0,25.4,28.6,79.0,85.0,71.0,SW,7,SW,15,0.2,,7.0
6/17/2006,1011.9,31.0,24.4,27.5,82.0,98.0,75.0,W,10,W,32,12.4,,7.0
6/18/2006,1010.3,31.2,26.4,29.0,80.0,87.0,74.0,SW,6,SSW,21,0.6,,7.0
6/19/2006,1009.8,30.2,24.7,28.5,81.0,86.0,75.0,SSW,9,SW,22,4.4,,7.0
6/20/2006,1009.9,28.6,24.4,26.5,87.0,100.0,78.0,WSW,8,NW,30,54.9,,7.0
6/21/2006,1009.1,29.4,23.1,27.1,85.0,93.0,80.0,W,11,W,45,20.7,,7.0
6/22/2006,1008.2,30.4,25.6,28.2,84.0,90.0,78.0,SSW,8,W,35,2.7,,7.0
6/23/2006,1008.4,31.6,26.7,29.6,78.0,85.0,72.0,WSW,7,WSW,13,0.05,,6.0
6/24/2006,1009.1,32.6,27.4,30.0,79.0,88.0,70.0,W,7,W,13,0.0,,3.0
6/25/2006,1009.5,32.1,27.4,29.8,81.0,88.0,74.0,WNW,10,WNW,16,0.0,,3.0
6/26/2006,1010.0,32.4,27.4,30.1,80.0,88.0,72.0,NW,10,NW,16,0.0,,3.0
6/27/2006,1010.4,32.6,24.0,29.9,77.0,89.0,71.0,WNW,9,WNW,38,3.7,,4.0
6/28/2006,1010.8,32.6,24.4,29.1,83.0,95.0,71.0,NW,6,WNW,14,12.4,,6.0
6/29/2006,1012.0,30.6,23.6,27.6,87.0,97.0,77.0,WSW,3,NW,28,8.1,,7.0
6/30/2006,1012.4,31.6,24.8,28.9,83.0,95.0,75.0,WSW,5,WNW,15,3.6,,6.0
7/1/2006,1012.7,31.1,25.0,28.9,79.0,95.0,73.0,S,3,S,11,0.05,,6.0
7/2/2006,1011.7,31.1,26.6,29.1,78.0,90.0,71.0,S,4,SSE,12,0.05,,6.0
7/3/2006,1010.7,31.5,26.0,29.4,77.0,87.0,72.0,S,9,SSE,18,0.0,,6.0
7/4/2006,1011.0,30.4,25.4,28.3,85.0,95.0,77.0,SSE,4,SSE,13,4.3,,7.0
7/5/2006,1011.6,31.1,22.2,28.1,85.0,97.0,74.0,SSE,4,ENE,20,64.6,,7.0
7/6/2006,1013.1,29.4,21.9,26.1,88.0,98.0,76.0,NW,6,NNW,36,23.1,,7.0
7/7/2006,1012.9,30.6,23.9,28.3,79.0,90.0,71.0,SSW,5,S,12,0.0,,6.0
7/8/2006,1012.1,31.8,24.6,28.6,80.0,97.0,67.0,VRB,2,W,11,0.5,,4.0
7/9/2006,1012.6,32.4,24.4,29.1,79.0,89.0,68.0,W,7,W,35,46.7,,6.0
7/10/2006,1013.2,30.8,27.0,28.9,75.0,82.0,69.0,W,10,WSW,21,0.0,,6.0
7/11/2006,1013.0,31.4,27.0,29.5,77.0,82.0,72.0,WSW,7,WSW,15,0.0,,6.0
7/12/2006,1012.7,31.4,25.6,29.3,72.0,80.0,67.0,SW,6,SW,12,0.0,,5.0
7/13/2006,1012.3,30.9,23.6,28.5,77.0,92.0,69.0,SSW,3,S,9,0.05,,6.0
7/14/2006,1012.5,31.9,25.2,28.7,76.0,95.0,66.0,W,3,W,8,0.0,,6.0
7/15/2006,1012.6,31.8,25.2,27.9,83.0,92.0,67.0,WSW,4,WSW,19,3.0,,7.0
7/16/2006,1010.6,29.8,22.2,28.1,81.0,100.0,74.0,SSW,5,WSW,29,8.7,,7.0
7/17/2006,1011.0,32.4,24.4,29.1,78.0,85.0,71.0,WSW,5,SW,12,0.0,,7.0
7/18/2006,1010.9,30.8,23.2,27.7,81.0,98.0,68.0,W,3,W,27,17.8,,7.0
7/19/2006,1011.2,30.6,24.4,28.3,82.0,93.0,73.0,SW,3,WSW,14,0.0,,7.0
7/20/2006,1011.2,32.4,26.6,29.6,76.0,87.0,69.0,NW,6,NW,12,0.05,,6.0
7/21/2006,1011.4,30.8,24.4,29.0,77.0,90.0,71.0,NNW,5,NNW,12,1.3,,6.0
7/22/2006,1012.1,31.5,24.6,28.4,83.0,93.0,72.0,W,3,S,14,2.3,,6.0
7/23/2006,1013.1,29.6,23.2,26.4,84.0,96.0,70.0,WSW,8,WNW,41,19.4,,7.0
7/24/2006,1012.8,31.4,24.0,28.0,81.0,95.0,71.0,VRB,2,NW,8,0.0,,7.0
7/25/2006,1012.8,31.6,24.6,28.5,76.0,91.0,67.0,VRB,2,WNW,7,0.0,,7.0
7/26/2006,1014.4,31.4,26.4,28.8,74.0,81.0,67.0,SSE,3,SW,14,0.0,,7.0
7/27/2006,1013.7,30.8,26.6,29.1,76.0,82.0,71.0,S,5,S,12,0.0,,7.0
7/28/2006,1011.6,30.9,26.2,29.1,75.0,80.0,68.0,S,6,S,13,0.0,,7.0
7/29/2006,1011.2,31.4,26.4,29.2,75.0,86.0,68.0,SE,4,SE,9,0.05,,5.0
7/30/2006,1012.5,31.3,27.0,29.3,74.0,80.0,68.0,SE,4,SSE,9,0.0,,5.0
7/31/2006,1012.3,31.4,26.0,29.4,75.0,80.0,69.0,SE,5,SE,11,0.0,,2.0
8/1/2006,1011.6,31.4,26.2,29.3,76.0,85.0,71.0,SE,4,SE,12,0.0,,5.0
8/2/2006,1011.4,32.4,25.4,29.3,76.0,84.0,69.0,WSW,3,S,12,0.0,,6.0
8/3/2006,1010.9,31.2,27.0,29.3,74.0,84.0,68.0,S,5,S,11,0.0,,6.0
8/4/2006,1010.4,31.6,26.9,29.6,74.0,80.0,68.0,SSE,5,SSE,10,0.0,,5.0
8/5/2006,1011.6,31.6,27.0,29.6,74.0,80.0,68.0,SSE,5,S,11,0.0,,3.0
8/6/2006,1013.0,31.6,26.9,29.4,72.0,80.0,67.0,SE,5,SE,11,0.0,,2.0
8/7/2006,1013.1,31.4,27.2,29.4,69.0,77.0,65.0,SSE,6,SE,14,0.0,,2.0
8/8/2006,1013.2,31.6,27.4,29.7,72.0,78.0,67.0,SSE,6,SSE,14,0.0,,2.0
8/9/2006,1013.2,31.6,23.6,29.4,75.0,81.0,70.0,SSE,6,SSW,23,5.2,,5.0
8/10/2006,1013.0,30.2,25.2,28.0,80.0,90.0,76.0,S,8,S,21,0.05,,7.0
8/11/2006,1012.0,31.2,27.0,29.4,72.0,78.0,67.0,S,10,S,18,0.0,,6.0
8/12/2006,1012.0,31.4,24.8,29.0,71.0,84.0,64.0,SSE,7,NW,23,0.05,,7.0
8/13/2006,1012.1,31.4,26.8,29.1,74.0,79.0,68.0,S,7,S,15,0.0,,7.0
8/14/2006,1011.3,31.2,27.0,29.3,73.0,80.0,68.0,SSE,7,SSE,15,0.0,,5.0
8/15/2006,1010.9,31.6,24.6,29.2,76.0,84.0,70.0,SSE,5,SSE,17,1.2,,7.0
8/16/2006,1010.6,30.6,23.4,26.5,84.0,95.0,78.0,SSE,5,NNW,28,13.3,,7.0
8/17/2006,1010.4,31.4,26.6,29.0,76.0,87.0,68.0,S,6,S,13,0.0,,6.0
8/18/2006,1011.0,30.4,23.4,28.9,77.0,85.0,73.0,SSE,5,SSE,21,28.0,,7.0
8/19/2006,1012.2,30.4,24.4,28.2,83.0,98.0,68.0,ENE,4,ESE,14,0.0,,7.0
8/20/2006,1012.4,31.4,25.4,28.6,78.0,93.0,71.0,VRB,2,E,7,0.05,,6.0
8/21/2006,1012.1,30.8,24.3,28.7,78.0,89.0,71.0,SSE,4,S,11,0.05,,6.0
8/22/2006,1011.6,31.2,23.8,28.0,80.0,93.0,70.0,SSE,3,WSW,16,6.2,,6.0
8/23/2006,1012.6,28.4,24.4,25.9,90.0,97.0,80.0,NW,17,WNW,32,26.2,,8.0
8/24/2006,1012.9,30.8,22.6,27.1,85.0,98.0,75.0,NW,8,W,23,34.8,,7.0
8/25/2006,1013.9,31.0,24.1,27.8,78.0,95.0,67.0,NW,3,NNW,16,0.0,,6.0
8/26/2006,1013.1,31.4,24.6,28.7,76.0,90.0,68.0,SE,3,SE,9,0.05,,3.0
8/27/2006,1012.4,31.6,24.7,28.3,80.0,89.0,72.0,W,6,SW,20,3.6,,7.0
8/28/2006,1012.1,30.2,24.4,27.8,80.0,87.0,75.0,WSW,11,WSW,24,1.4,,7.0
8/29/2006,1012.5,31.2,24.7,28.6,76.0,84.0,70.0,SW,5,SSW,14,0.0,,6.0
8/30/2006,1012.4,32.2,26.6,29.3,75.0,87.0,66.0,W,4,W,10,0.0,,4.0
8/31/2006,1011.7,31.4,24.6,29.2,76.0,87.0,68.0,W,8,WNW,26,4.0,,7.0
9/1/2006,1011.8,30.2,25.6,28.2,83.0,90.0,78.0,W,9,W,23,0.3,,7.0
9/2/2006,1012.1,32.0,27.2,29.6,78.0,85.0,71.0,WNW,7,WNW,14,0.05,,6.0
9/3/2006,1011.7,31.6,25.8,29.5,79.0,85.0,72.0,WNW,11,WNW,19,0.05,,7.0
9/4/2006,1011.6,30.4,24.4,26.7,87.0,97.0,79.0,W,14,W,33,23.4,,7.0
9/5/2006,1010.2,30.4,23.2,28.2,78.0,92.0,70.0,WNW,17,WSW,35,8.3,,7.0
9/6/2006,1010.2,30.2,23.0,27.6,82.0,95.0,73.0,W,13,WNW,34,20.6,,7.0
9/7/2006,1010.3,30.4,24.2,27.8,83.0,96.0,75.0,W,11,WSW,30,15.2,,7.0
9/8/2006,1011.4,29.2,22.0,27.1,82.0,91.0,75.0,W,16,W,34,42.9,,7.0
9/9/2006,1012.5,28.2,23.4,26.0,86.0,98.0,79.0,W,13,WNW,36,4.2,,8.0
9/10/2006,1012.3,30.0,22.0,27.7,81.0,88.0,75.0,W,14,W,28,20.4,,7.0
9/11/2006,1012.3,28.6,22.0,26.9,86.0,95.0,80.0,WSW,11,SSW,34,27.0,,7.0
9/12/2006,1012.9,30.4,26.0,28.7,78.0,87.0,71.0,WSW,9,WSW,16,0.0,,7.0
9/13/2006,1013.9,31.4,23.4,28.8,77.0,84.0,70.0,WSW,5,WSW,12,0.0,,5.0
9/14/2006,1013.6,30.4,25.5,27.8,78.0,95.0,69.0,S,4,SSW,9,0.0,,5.0
9/15/2006,1012.8,30.8,26.0,28.5,73.0,81.0,68.0,SSE,5,SSE,13,0.0,,5.0
9/16/2006,1013.2,31.0,26.0,28.8,76.0,82.0,70.0,SSE,5,SSE,13,0.05,,6.0
9/17/2006,1012.7,30.6,26.4,28.7,77.0,83.0,73.0,SE,5,SE,11,0.0,,6.0
9/18/2006,1012.1,30.9,25.2,28.8,77.0,83.0,73.0,SE,5,ESE,11,0.0,,2.0
9/19/2006,1011.7,31.2,26.6,28.8,76.0,87.0,70.0,SSE,5,SSE,12,0.0,,3.0
9/20/2006,1012.4,31.2,26.8,29.2,76.0,82.0,69.0,SSE,6,SSE,13,0.0,,5.0
9/21/2006,1012.2,31.4,26.6,29.2,77.0,83.0,70.0,SE,5,SE,13,0.0,,2.0
9/22/2006,1011.9,31.0,26.6,29.0,75.0,83.0,69.0,SE,5,ESE,11,0.0,,2.0
9/23/2006,1012.4,31.2,26.6,29.1,74.0,81.0,70.0,SE,5,SE,12,0.0,,2.0
9/24/2006,1013.5,31.4,25.5,29.3,77.0,85.0,71.0,SSE,6,SSE,18,0.1,,4.0
9/25/2006,1014.0,31.9,23.0,29.1,79.0,98.0,67.0,S,6,S,24,42.0,,3.0
9/26/2006,1013.6,30.2,24.0,27.2,85.0,92.0,78.0,W,9,W,28,8.0,,7.0
9/27/2006,1012.2,31.4,24.0,27.8,83.0,97.0,72.0,W,12,W,28,13.9,,6.0
9/28/2006,1012.6,29.6,22.7,27.4,83.0,90.0,75.0,W,9,WNW,27,23.6,,7.0
9/29/2006,1013.6,28.4,21.8,25.9,90.0,96.0,81.0,W,7,W,23,61.8,,7.0
9/30/2006,1013.5,30.9,26.4,28.6,81.0,90.0,71.0,W,7,W,13,0.05,,5.0
10/1/2006,1013.5,31.6,25.2,28.8,80.0,90.0,72.0,W,7,W,16,2.9,,4.0
10/2/2006,1012.1,30.6,26.4,28.8,80.0,86.0,74.0,NW,7,W,15,3.3,,4.0
10/3/2006,1012.8,31.5,24.8,28.9,74.0,84.0,66.0,NW,4,NW,13,0.0,,5.0
10/4/2006,1014.0,31.4,24.6,29.0,76.0,89.0,68.0,SW,5,SW,10,0.05,,6.0
10/5/2006,1014.2,30.6,24.4,28.2,80.0,95.0,71.0,S,4,S,14,1.3,,5.0
10/6/2006,1014.2,30.5,25.0,28.1,79.0,92.0,71.0,S,5,W,22,0.05,,3.0
10/7/2006,1013.7,30.8,25.0,27.9,83.0,95.0,73.0,S,5,W,17,10.7,,5.0
10/8/2006,1014.3,30.6,23.5,27.4,83.0,100.0,71.0,W,4,W,17,24.6,,5.0
10/9/2006,1014.5,31.6,24.2,28.8,76.0,87.0,66.0,VRB,2,WSW,7,0.0,,3.0
10/10/2006,1014.8,31.2,26.0,28.8,74.0,88.0,67.0,S,4,S,10,0.0,,2.0
10/11/2006,1015.1,31.6,24.4,28.9,74.0,88.0,65.0,VRB,2,SSE,8,0.0,,2.0
10/12/2006,1014.7,31.8,23.4,29.0,75.0,95.0,64.0,VRB,2,WNW,24,0.9,,2.0
10/13/2006,1014.3,30.9,25.2,28.5,75.0,84.0,69.0,SSE,4,S,9,1.3,,2.0
10/14/2006,1013.4,30.8,23.3,28.5,78.0,95.0,70.0,SSE,5,SE,21,19.8,,4.0
10/15/2006,1012.1,31.4,24.1,28.5,81.0,96.0,69.0,VRB,2,WNW,15,8.9,,2.0
10/16/2006,1012.3,30.8,24.0,27.5,84.0,95.0,74.0,SSE,3,SSE,19,15.2,,6.0
10/17/2006,1012.4,30.9,23.6,28.1,82.0,95.0,74.0,SSE,4,SSE,15,16.1,,5.0
10/18/2006,1012.9,29.4,24.4,26.6,87.0,95.0,77.0,SE,3,E,13,5.4,,7.0
10/19/2006,1012.3,30.4,25.7,28.1,82.0,92.0,74.0,SSE,4,S,12,1.0,,6.0
10/20/2006,1012.3,31.2,26.2,28.8,79.0,87.0,72.0,ESE,5,ESE,15,0.7,,6.0
10/21/2006,1012.6,31.2,24.9,29.3,73.0,81.0,69.0,ESE,6,SE,17,0.0,,4.0
10/22/2006,1012.4,31.2,23.8,28.7,73.0,93.0,61.0,S,3,ESE,7,0.0,,3.0
10/23/2006,1012.4,31.4,25.2,28.5,75.0,91.0,67.0,S,3,NW,10,0.0,,4.0
10/24/2006,1012.8,29.5,23.2,26.2,88.0,98.0,75.0,WNW,4,NW,21,53.1,,7.0
10/25/2006,1012.7,31.4,23.4,27.4,84.0,98.0,73.0,W,5,W,28,37.3,,6.0
10/26/2006,1012.7,31.2,23.0,28.0,82.0,95.0,71.0,WSW,8,W,20,33.8,,7.0
10/27/2006,1012.6,28.7,24.3,27.3,84.0,95.0,79.0,SSW,11,W,24,12.2,,7.0
10/28/2006,1011.3,28.5,23.4,26.7,87.0,95.0,77.0,W,8,W,27,123.1,,7.0
10/29/2006,1011.3,31.4,22.6,27.6,84.0,100.0,73.0,WNW,4,NNE,17,66.4,,7.0
10/30/2006,1011.9,30.6,24.4,28.5,79.0,93.0,71.0,ESE,3,S,9,0.5,,5.0
10/31/2006,1012.3,29.4,24.4,27.1,87.0,97.0,80.0,S,3,S,14,30.0,,7.0
11/1/2006,1010.8,31.0,24.2,28.4,79.0,93.0,70.0,S,4,SSE,11,0.0,,3.0
11/2/2006,1010.1,31.2,25.8,28.9,77.0,95.0,69.0,ENE,3,WNW,16,0.0,,2.0
11/3/2006,1011.1,29.7,23.4,26.3,89.0,97.0,80.0,W,5,WNW,23,24.9,,7.0
11/4/2006,1011.5,29.2,23.0,26.1,89.0,96.0,81.0,WNW,6,W,23,3.8,,7.0
11/5/2006,1011.9,31.2,25.5,29.1,75.0,82.0,69.0,SSE,5,SSE,17,0.0,,2.0
11/6/2006,1012.1,31.2,24.2,28.5,78.0,95.0,71.0,SSE,5,SE,18,3.2,,7.0
11/7/2006,1011.7,31.2,23.6,28.5,79.0,93.0,69.0,VRB,2,WSW,11,2.9,,6.0
11/8/2006,1012.3,30.4,22.6,27.7,85.0,96.0,79.0,NNW,6,NNW,23,53.7,,6.0
11/9/2006,1013.5,28.7,22.6,25.4,90.0,100.0,80.0,N,7,N,24,6.2,,7.0
11/10/2006,1013.2,31.4,24.0,28.2,77.0,95.0,64.0,VRB,2,SSW,13,6.3,,3.0
11/11/2006,1012.6,31.8,23.5,28.9,76.0,95.0,69.0,WSW,4,W,17,11.3,,4.0
11/12/2006,1012.6,29.2,24.0,26.7,86.0,95.0,81.0,WNW,6,WNW,14,6.9,,7.0
11/13/2006,1011.5,30.6,24.1,26.9,86.0,93.0,74.0,W,5,WNW,15,2.8,,7.0
11/14/2006,1010.7,30.9,23.4,27.5,85.0,95.0,70.0,W,3,NNW,15,16.2,,6.0
11/15/2006,1010.9,29.8,23.4,26.6,89.0,98.0,79.0,W,6,W,23,25.0,,7.0
11/16/2006,1010.0,30.4,24.4,26.8,89.0,97.0,78.0,SSW,6,SSW,21,22.6,,7.0
11/17/2006,1009.8,30.4,23.8,27.2,83.0,90.0,73.0,SW,12,S,29,5.0,,7.0
11/18/2006,1011.1,29.2,23.0,26.8,84.0,96.0,75.0,WSW,6,SW,20,18.3,,7.0
11/19/2006,1011.1,32.6,24.9,28.6,79.0,89.0,67.0,W,5,W,16,1.2,,7.0
11/20/2006,1012.2,27.8,23.6,25.8,89.0,95.0,83.0,S,6,SSW,13,13.6,,8.0
11/21/2006,1010.9,30.9,23.8,28.2,80.0,93.0,70.0,S,5,WNW,19,6.7,,7.0
11/22/2006,1011.1,30.4,24.0,27.5,82.0,96.0,71.0,SW,4,SW,17,0.0,,7.0
11/23/2006,1010.9,30.6,24.7,27.7,84.0,97.0,73.0,NNE,3,NNW,12,3.1,,7.0
11/24/2006,1011.1,31.0,25.2,28.0,83.0,92.0,73.0,NNE,7,N,19,5.4,,7.0
11/25/2006,1010.7,29.4,22.5,27.7,83.0,92.0,75.0,N,6,ENE,15,20.9,,7.0
11/26/2006,1010.5,30.4,22.8,27.4,85.0,98.0,74.0,WNW,8,NNE,23,28.4,,7.0
11/27/2006,1010.8,28.8,23.6,26.3,90.0,97.0,82.0,NW,11,NNW,23,24.0,,7.0
11/28/2006,1010.7,29.2,24.0,27.5,85.0,97.0,76.0,NW,5,NW,14,0.1,,7.0
11/29/2006,1011.9,29.6,22.8,26.6,87.0,97.0,71.0,SW,4,NW,18,0.05,,6.0
11/30/2006,1012.6,29.6,23.4,26.1,89.0,98.0,81.0,NE,7,NE,21,20.2,,7.0
12/1/2006,1011.9,31.0,22.2,28.7,79.0,93.0,73.0,ESE,4,ENE,19,93.5,,6.0
12/2/2006,1011.9,28.8,23.1,26.4,87.0,96.0,80.0,NE,4,NE,12,0.8,,7.0
12/3/2006,1012.2,28.2,23.4,27.3,82.0,88.0,77.0,NE,8,NNE,17,2.0,,7.0
12/4/2006,1012.6,28.8,22.7,26.9,85.0,96.0,79.0,ENE,4,NE,19,4.3,,7.0
12/5/2006,1013.5,27.4,22.7,25.3,93.0,98.0,84.0,N,3,NNW,15,8.6,,7.0
12/6/2006,1011.6,30.8,24.6,28.0,80.0,97.0,71.0,S,4,S,9,0.05,,3.0
12/7/2006,1011.5,30.2,24.2,27.3,84.0,96.0,71.0,SSE,5,SSE,14,6.7,,5.0
12/8/2006,1011.8,30.9,24.9,28.3,80.0,87.0,70.0,NE,4,NE,10,0.3,,6.0
12/9/2006,1012.7,30.9,24.4,28.2,82.0,92.0,69.0,NE,5,NE,19,4.1,,5.0
12/10/2006,1012.4,30.4,25.0,28.4,82.0,89.0,75.0,ENE,6,ENE,16,2.3,,7.0
12/11/2006,1012.5,30.2,23.4,26.7,87.0,96.0,74.0,NNE,6,WSW,19,27.3,,7.0
12/12/2006,1011.9,30.2,24.6,28.1,82.0,92.0,75.0,ENE,4,E,14,1.7,,6.0
12/13/2006,1012.0,30.6,23.5,28.0,82.0,93.0,74.0,NE,6,N,23,33.8,,4.0
12/14/2006,1011.6,29.2,22.8,26.8,90.0,100.0,72.0,ENE,8,NE,23,98.0,,7.0
12/15/2006,1011.8,28.4,22.9,25.5,92.0,100.0,78.0,NE,10,W,23,99.2,,8.0
12/16/2006,1011.0,29.3,23.0,27.0,89.0,97.0,83.0,NE,6,NNE,28,44.3,,7.0
12/17/2006,1010.9,28.2,22.8,26.2,90.0,98.0,76.0,S,6,S,23,30.0,,7.0
12/18/2006,1011.3,29.4,23.0,26.8,87.0,96.0,76.0,S,6,S,18,5.1,,7.0
12/19/2006,1012.4,29.1,24.4,27.0,85.0,96.0,77.0,NE,4,NE,12,0.2,,7.0
12/20/2006,1011.9,29.0,25.2,27.5,83.0,97.0,75.0,NNE,5,NNE,15,0.4,,7.0
12/21/2006,1010.2,30.8,24.1,28.0,83.0,97.0,73.0,NE,8,NE,18,10.1,,5.0
12/22/2006,1010.0,29.6,25.0,27.2,82.0,92.0,72.0,E,5,E,15,0.0,,5.0
12/23/2006,1010.2,30.4,22.6,27.9,84.0,98.0,78.0,NE,7,WSW,25,54.0,,7.0
12/24/2006,1010.3,29.5,23.2,26.8,87.0,96.0,76.0,NW,10,SW,22,0.2,,7.0
12/25/2006,1010.8,30.2,25.6,28.1,80.0,85.0,75.0,NE,11,NE,23,0.05,,7.0
12/26/2006,1011.2,31.0,24.2,28.7,79.0,87.0,73.0,NE,8,NE,15,0.05,,7.0
12/27/2006,1011.5,30.8,24.0,28.7,80.0,86.0,74.0,ENE,7,ENE,26,0.4,,6.0
12/28/2006,1012.3,30.8,23.6,28.5,81.0,90.0,71.0,E,5,E,14,15.0,,6.0
12/29/2006,1013.8,29.0,22.4,26.9,84.0,92.0,78.0,NNE,4,NNE,11,0.2,,7.0
12/30/2006,1014.2,30.4,23.9,27.8,78.0,92.0,72.0,NE,7,SSW,16,0.0,,6.0
12/31/2006,1014.1,30.4,24.9,28.1,74.0,80.0,67.0,NE,8,NNE,15,0.0,,4.0
1/1/2007,1014.7,30.2,24.9,28.0,70.0,77.0,61.0,NE,9,NE,18,0.0,,3.0
1/2/2007,1014.9,30.1,24.1,27.9,70.0,81.0,64.0,NNE,8,NNE,16,0.0,,2.0
1/3/2007,1014.4,30.0,24.9,27.9,72.0,76.0,68.0,NE,9,NE,16,0.0,,1.0
1/4/2007,1014.1,29.9,25.0,27.5,69.0,74.0,64.0,NNE,7,NNE,18,0.0,,7.0
1/5/2007,1013.2,30.4,24.6,27.9,72.0,78.0,66.0,NNE,9,NNE,18,0.0,,2.0
1/6/2007,1012.8,30.2,25.0,27.8,73.0,82.0,66.0,NE,9,NNE,19,0.0,,1.0
1/7/2007,1011.7,30.0,25.2,27.9,76.0,82.0,71.0,NNE,11,NNE,21,0.0,,2.0
1/8/2007,1011.5,30.4,25.2,28.2,74.0,81.0,67.0,NE,11,NNE,22,0.0,,3.0
1/9/2007,1012.3,30.4,24.8,28.4,79.0,92.0,71.0,NE,8,NE,16,0.0,,2.0
1/10/2007,1012.9,30.5,23.4,28.3,85.0,98.0,78.0,NE,7,NNE,19,43.9,,3.0
1/11/2007,1012.3,29.5,23.4,25.8,92.0,98.0,82.0,NNE,6,NNE,21,26.8,,7.0
1/12/2007,1011.7,29.8,23.4,27.7,86.0,93.0,78.0,NE,9,ENE,23,16.6,,4.0
1/13/2007,1012.3,29.9,25.2,28.1,84.0,90.0,78.0,NE,7,NE,16,0.05,,3.0
1/14/2007,1012.3,30.4,23.4,28.1,85.0,95.0,77.0,NE,8,NNE,21,9.9,,4.0
1/15/2007,1012.1,28.4,23.5,25.8,92.0,97.0,87.0,NE,5,NE,19,35.0,,7.0
1/16/2007,1012.8,29.2,23.4,27.0,86.0,93.0,77.0,NE,4,NE,18,17.0,,7.0
1/17/2007,1013.9,29.8,22.8,26.4,89.0,95.0,82.0,E,3,ENE,19,32.0,,7.0
1/18/2007,1013.8,30.4,21.0,27.8,81.0,90.0,70.0,NE,8,ENE,23,7.6,,7.0
1/19/2007,1013.7,28.2,21.2,25.7,88.0,100.0,78.0,NNE,5,NE,19,65.0,,7.0
1/20/2007,1013.0,31.0,25.2,27.9,85.0,95.0,76.0,NE,7,NE,18,1.6,,6.0
1/21/2007,1013.7,30.8,25.4,28.5,78.0,89.0,69.0,NE,10,NE,19,0.0,,7.0
1/22/2007,1014.1,30.6,25.5,28.5,76.0,83.0,68.0,NNE,7,NNE,17,0.05,,4.0
1/23/2007,1014.4,30.4,24.5,28.4,70.0,77.0,62.0,NNE,9,NNE,18,0.0,,2.0
1/24/2007,1013.8,30.2,25.5,28.1,67.0,81.0,58.0,NE,9,NNE,20,0.0,,5.0
1/25/2007,1013.2,30.2,24.4,28.4,72.0,80.0,65.0,NE,10,NE,19,1.8,,2.0
1/26/2007,1013.0,30.4,25.5,28.3,74.0,80.0,69.0,NNE,9,NE,16,0.0,,4.0
1/27/2007,1013.0,31.0,25.6,28.5,78.0,84.0,71.0,NNE,8,NE,17,0.0,,4.0
1/28/2007,1012.7,30.8,26.2,28.7,77.0,85.0,70.0,NE,7,NNE,14,0.0,,3.0
1/29/2007,1012.2,30.9,26.6,29.0,78.0,84.0,73.0,E,8,E,18,0.0,,2.0
1/30/2007,1013.1,31.2,23.4,29.1,80.0,86.0,74.0,E,7,E,23,20.4,,3.0
1/31/2007,1014.0,30.6,26.0,28.6,78.0,87.0,73.0,ENE,9,ENE,20,0.0,,4.0
2/1/2007,1013.7,30.4,24.6,28.3,80.0,89.0,74.0,NNE,10,NNE,20,0.1,,5.0
2/2/2007,1013.7,30.2,25.4,28.6,74.0,83.0,68.0,NE,10,NE,19,0.0,,2.0
2/3/2007,1014.6,31.0,25.9,28.8,73.0,80.0,68.0,NE,8,NE,16,0.0,,3.0
2/4/2007,1013.4,30.8,25.4,28.7,77.0,84.0,71.0,NE,10,NE,17,0.0,,5.0
2/5/2007,1012.6,30.9,25.5,28.6,76.0,83.0,71.0,NNE,7,NNE,15,0.05,,1.0
2/6/2007,1012.9,30.9,25.0,28.6,75.0,86.0,68.0,NNE,8,NE,17,0.05,,2.0
2/7/2007,1013.1,31.2,25.2,28.6,71.0,84.0,58.0,NE,8,NNE,15,0.0,,1.0
2/8/2007,1012.9,30.6,25.5,28.3,70.0,77.0,60.0,NE,9,NE,16,0.0,,3.0
2/9/2007,1012.0,30.8,25.9,28.6,68.0,76.0,62.0,NE,11,NE,18,0.0,,2.0
2/10/2007,1011.9,30.5,25.7,28.6,72.0,80.0,67.0,NE,9,NE,16,0.0,,3.0
2/11/2007,1013.0,30.6,26.2,28.8,74.0,80.0,67.0,ENE,7,ENE,14,0.0,,2.0
2/12/2007,1013.3,31.2,25.6,28.6,77.0,89.0,69.0,ENE,6,NE,16,0.05,,3.0
2/13/2007,1012.0,30.7,25.9,28.7,77.0,83.0,71.0,NE,8,NE,15,0.0,,2.0
2/14/2007,1013.6,30.9,25.4,28.8,74.0,81.0,68.0,NE,6,NE,14,0.0,,2.0
2/15/2007,1014.2,30.8,23.4,28.4,76.0,86.0,68.0,NE,6,NE,13,0.0,,2.0
2/16/2007,1013.3,30.0,24.2,27.9,75.0,91.0,67.0,NNW,5,N,12,0.0,,2.0
2/17/2007,1012.7,30.2,23.7,27.9,72.0,79.0,66.0,NW,6,NNW,13,0.0,,3.0
2/18/2007,1012.1,30.2,20.8,27.2,71.0,85.0,63.0,N,4,N,10,0.0,,6.0
2/19/2007,1012.5,30.2,25.0,27.4,68.0,91.0,57.0,ENE,4,ENE,9,0.0,,4.0
2/20/2007,1011.9,31.1,26.2,28.7,73.0,81.0,65.0,ENE,6,NE,18,0.0,,4.0
2/21/2007,1012.1,31.0,25.8,29.0,74.0,80.0,69.0,NE,10,NNE,23,0.0,,3.0
2/22/2007,1010.2,30.9,25.2,28.7,70.0,76.0,64.0,NE,10,NNE,19,0.0,,4.0
2/23/2007,1009.8,30.6,24.5,28.3,71.0,84.0,61.0,NNE,6,NNE,14,0.0,,5.0
2/24/2007,1010.8,31.0,23.5,28.4,78.0,88.0,70.0,NE,4,NE,13,0.0,,5.0
2/25/2007,1010.8,30.8,24.7,28.4,78.0,90.0,69.0,NE,5,NE,12,0.0,,4.0
2/26/2007,1010.6,31.1,25.1,28.8,76.0,84.0,65.0,NNE,5,NE,13,0.0,,3.0
2/27/2007,1010.3,31.4,26.2,28.9,77.0,87.0,70.0,NE,6,NE,14,0.0,,2.0
2/28/2007,1010.7,31.4,26.6,29.3,76.0,94.0,69.0,ENE,6,NE,13,0.0,,2.0
3/1/2007,1011.8,32.0,24.4,29.3,78.0,86.0,70.0,E,4,NW,15,0.5,,2.0
3/2/2007,1012.7,30.8,26.0,28.8,79.0,89.0,73.0,NNW,6,N,12,0.0,,2.0
3/3/2007,1011.7,30.6,22.4,28.6,76.0,84.0,69.0,NNW,6,NNW,12,0.0,,2.0
3/4/2007,1012.2,30.6,20.9,27.7,70.0,88.0,58.0,NW,3,WNW,6,0.0,,1.0
3/5/2007,1012.7,30.5,25.4,27.7,68.0,88.0,57.0,NNE,3,NE,11,0.0,,5.0
3/6/2007,1011.6,31.2,25.6,28.9,71.0,77.0,67.0,ENE,5,E,11,0.0,,2.0
3/7/2007,1010.2,30.9,24.4,28.6,69.0,84.0,61.0,ENE,4,ENE,11,0.0,,5.0
3/8/2007,1010.1,31.4,26.4,28.9,71.0,79.0,63.0,NE,6,NE,13,0.0,,4.0
3/9/2007,1010.5,31.4,26.4,29.4,69.0,76.0,62.0,ENE,6,ENE,14,0.0,,3.0
3/10/2007,1012.1,31.6,25.8,29.4,70.0,80.0,64.0,E,5,E,13,0.0,,2.0
3/11/2007,1011.8,31.4,26.0,29.2,73.0,81.0,68.0,E,5,E,10,0.0,,3.0
3/12/2007,1012.4,31.4,25.8,29.4,71.0,78.0,64.0,NE,5,NE,11,0.0,,2.0
3/13/2007,1011.7,31.4,26.0,29.2,72.0,78.0,65.0,NE,5,NNE,13,0.0,,2.0
3/14/2007,1011.1,31.6,26.6,29.5,72.0,80.0,67.0,ENE,5,E,11,0.0,,1.0
3/15/2007,1010.6,31.6,23.0,29.7,71.0,87.0,66.0,E,4,ENE,16,4.4,,3.0
3/16/2007,1011.4,30.6,23.6,27.2,86.0,95.0,76.0,NNE,5,NNE,14,4.3,,6.0
3/17/2007,1011.5,31.4,22.0,28.89,80.0,97.0,72.0,NW,3,N,11,0.3,,2.0
3/18/2007,1010.5,30.6,23.6,28.1,82.0,96.0,74.0,NNE,4,NNE,31,15.3,,7.0
3/19/2007,1011.6,29.5,24.6,27.2,84.0,92.0,76.0,E,6,E,21,2.2,,6.0
3/20/2007,1013.2,31.6,24.0,28.7,81.0,93.0,72.0,E,4,E,13,1.2,,5.0
3/21/2007,1013.8,30.8,24.0,28.3,81.0,93.0,70.0,NNE,3,N,8,0.0,,3.0
3/22/2007,1013.7,30.5,23.0,28.2,76.0,92.0,67.0,NNW,4,NNW,12,0.0,,1.0
3/23/2007,1014.3,32.4,23.0,29.0,70.0,91.0,56.0,W,3,W,7,0.0,,1.0
3/24/2007,1014.3,32.6,26.4,29.8,70.0,77.0,62.0,W,5,W,10,0.0,,2.0
3/25/2007,1012.1,32.8,27.0,30.0,71.0,77.0,64.0,W,6,W,13,0.0,,1.0
3/26/2007,1011.6,32.2,27.4,30.1,71.0,82.0,64.0,W,9,W,16,0.2,,1.0
3/27/2007,1012.1,31.8,27.0,30.0,74.0,85.0,66.0,WNW,10,WNW,16,0.0,,2.0
3/28/2007,1012.8,31.8,26.4,29.7,74.0,85.0,68.0,NW,6,NNW,13,0.0,,2.0
3/29/2007,1011.9,32.8,24.6,30.0,71.0,80.0,64.0,NW,5,NW,11,0.0,,1.0
3/30/2007,1011.6,32.2,24.2,29.6,72.0,85.0,64.0,NW,3,WNW,9,0.0,,1.0
3/31/2007,1012.5,32.4,23.5,29.3,72.0,88.0,62.0,WNW,3,NW,6,0.0,,2.0
4/1/2007,1012.8,32.4,23.6,29.1,72.0,90.0,61.0,VRB,2,SSE,7,0.0,,3.0
4/2/2007,1011.6,32.6,26.6,29.6,71.0,88.0,62.0,W,4,W,11,0.0,,1.0
4/3/2007,1010.3,32.4,27.6,30.3,70.0,78.0,64.0,WNW,8,W,15,0.0,,2.0
4/4/2007,1009.9,32.6,25.4,29.7,77.0,86.0,68.0,WNW,10,WNW,26,0.05,,4.0
4/5/2007,1010.7,31.6,23.8,28.6,83.0,93.0,77.0,WNW,11,W,26,3.7,,6.0
4/6/2007,1012.3,28.7,23.6,26.2,91.0,98.0,84.0,N,7,N,18,44.9,,8.0
4/7/2007,1011.4,31.0,25.0,28.6,81.0,90.0,76.0,WNW,8,W,26,4.0,,7.0
4/8/2007,1011.2,31.8,25.6,29.8,78.0,87.0,71.0,NW,8,NW,15,3.0,,6.0
4/9/2007,1011.4,31.6,24.6,29.5,78.0,92.0,72.0,WNW,5,WNW,11,0.0,,3.0
4/10/2007,1012.1,32.6,27.4,30.1,76.0,89.0,69.0,W,4,WSW,14,0.0,,1.0
4/11/2007,1011.5,32.8,26.0,30.4,76.0,86.0,69.0,W,7,WSW,17,3.3,,2.0
4/12/2007,1010.3,32.5,26.6,30.3,77.0,83.0,68.0,W,9,W,19,0.0,,3.0
4/13/2007,1010.5,32.0,25.4,29.7,81.0,92.0,75.0,W,9,WNW,18,21.9,,5.0
4/14/2007,1010.5,32.4,27.2,30.1,75.0,82.0,68.0,W,10,W,15,0.0,,3.0
4/15/2007,1011.0,32.6,27.4,30.2,76.0,83.0,70.0,W,9,W,14,0.0,,1.0
4/16/2007,1010.9,32.8,27.2,30.4,76.0,83.0,69.0,WNW,7,W,13,0.0,,2.0
4/17/2007,1011.3,32.2,26.8,30.0,75.0,86.0,70.0,W,8,W,14,0.0,,5.0
4/18/2007,1012.0,32.6,23.6,29.8,71.0,88.0,64.0,W,5,W,10,0.0,,1.0
4/19/2007,1011.9,32.6,24.0,29.3,69.0,84.0,57.0,WNW,3,W,5,0.0,,0.0
4/20/2007,1012.0,32.0,24.0,29.4,73.0,83.0,66.0,ESE,3,E,7,0.0,,1.0
4/21/2007,1012.4,31.6,26.0,29.2,73.0,84.0,64.0,VRB,2,SSE,11,0.05,,5.0
4/22/2007,1012.8,32.1,24.8,29.5,74.0,87.0,62.0,VRB,2,S,7,0.0,,4.0
4/23/2007,1011.8,32.8,24.8,29.7,74.0,90.0,65.0,W,3,WNW,7,0.0,,2.0
4/24/2007,1010.4,32.4,25.4,29.4,74.0,86.0,68.0,S,3,S,10,0.0,,2.0
4/25/2007,1009.6,32.2,27.4,29.9,74.0,80.0,70.0,S,5,S,11,0.0,,2.0
4/26/2007,1011.0,32.1,24.4,29.3,78.0,87.0,69.0,S,7,WNW,16,0.0,,4.0
4/27/2007,1011.8,31.8,22.6,28.9,82.0,95.0,69.0,WSW,5,WSW,19,37.2,,5.0
4/28/2007,1011.3,30.7,25.5,28.3,82.0,95.0,71.0,WSW,7,WSW,18,48.7,,6.0
4/29/2007,1011.3,31.4,24.8,28.1,83.0,97.0,72.0,SSW,7,SW,25,3.3,,6.0
4/30/2007,1011.5,32.2,25.4,30.0,77.0,89.0,71.0,WSW,8,W,20,3.8,,6.0
5/1/2007,1012.1,31.7,27.4,30.2,77.0,83.0,71.0,WSW,9,WSW,18,0.05,,4.0
5/2/2007,1011.3,31.8,27.5,30.3,75.0,82.0,68.0,WSW,11,WSW,21,0.05,,2.0
5/3/2007,1010.3,31.6,28.2,30.3,76.0,81.0,71.0,WSW,13,WSW,23,0.05,,4.0
5/4/2007,1009.7,31.7,23.2,30.2,77.0,93.0,71.0,WSW,13,WNW,23,57.8,,6.0
5/5/2007,1010.6,31.0,24.7,28.1,86.0,97.0,78.0,W,10,W,25,15.7,,7.0
5/6/2007,1010.4,30.6,24.3,28.3,84.0,95.0,75.0,WSW,11,W,27,7.5,,7.0
5/7/2007,1010.3,31.5,27.2,29.5,80.0,86.0,75.0,WSW,11,WSW,22,0.6,,3.0
5/8/2007,1011.1,32.2,25.3,29.9,78.0,86.0,72.0,SW,9,SW,28,4.7,,3.0
5/9/2007,1012.4,31.4,27.3,29.5,80.0,92.0,73.0,WSW,11,W,20,1.0,,4.0
5/10/2007,1012.1,32.4,26.4,30.2,79.0,88.0,74.0,W,12,W,24,0.05,,4.0
5/11/2007,1012.1,31.9,24.0,29.2,81.0,89.0,74.0,WSW,12,SW,26,2.9,,5.0
5/12/2007,1012.1,31.6,26.0,29.6,80.0,90.0,73.0,WSW,8,WSW,21,4.2,,4.0
5/13/2007,1011.7,32.4,26.6,29.9,79.0,89.0,71.0,WSW,6,SW,12,0.0,,2.0
5/14/2007,1011.7,31.6,26.6,29.6,79.0,85.0,70.0,SSW,5,SW,10,0.0,,2.0
5/15/2007,1011.0,31.9,25.6,29.8,77.0,85.0,70.0,SSW,4,S,10,0.0,,4.0
5/16/2007,1012.0,32.1,25.2,29.2,81.0,95.0,70.0,SSW,3,SSW,8,2.8,,6.0
5/17/2007,1012.1,31.4,23.4,27.9,84.0,98.0,76.0,SSW,7,NW,32,22.1,,7.0
5/18/2007,1011.8,32.1,25.4,29.5,78.0,89.0,70.0,SW,7,W,23,5.7,,7.0
5/19/2007,1012.3,32.2,25.4,29.0,82.0,92.0,71.0,WSW,4,W,20,5.0,,5.0
5/20/2007,1011.8,32.4,25.0,29.9,78.0,92.0,69.0,W,3,W,9,0.05,,3.0
5/21/2007,1010.9,32.0,25.3,29.1,80.0,93.0,72.0,VRB,2,SSE,8,0.0,,2.0
5/22/2007,1010.2,32.0,26.1,29.7,77.0,87.0,69.0,SE,3,S,8,0.1,,2.0
5/23/2007,1011.0,32.4,25.9,29.5,78.0,86.0,71.0,SSE,3,NW,15,0.05,,4.0
5/24/2007,1010.7,31.8,25.6,29.7,77.0,94.0,67.0,S,4,SE,13,1.0,,2.0
5/25/2007,1011.1,31.6,25.2,29.3,79.0,92.0,70.0,SSW,5,SSW,13,0.6,,4.0
5/26/2007,1012.2,32.0,24.5,28.8,83.0,95.0,70.0,SSW,9,SSW,25,1.9,,6.0
5/27/2007,1013.6,28.0,23.3,26.7,85.0,95.0,72.0,SSW,15,S,32,15.2,,8.0
5/28/2007,1012.6,30.2,26.7,29.0,79.0,84.0,72.0,S,7,S,16,0.05,,7.0
5/29/2007,1011.8,31.6,24.7,29.1,76.0,90.0,69.0,S,6,SW,23,0.3,,7.0
5/30/2007,1011.6,31.4,25.4,29.1,79.0,89.0,72.0,S,4,SE,13,0.0,,4.0
5/31/2007,1011.0,31.6,26.6,29.3,76.0,89.0,70.0,SSE,4,SE,9,0.0,,2.0
6/1/2007,1010.0,31.6,24.4,29.4,77.0,92.0,67.0,ENE,3,ENE,10,0.0,,2.0
6/2/2007,1010.1,31.6,25.2,29.1,78.0,95.0,68.0,ENE,3,SE,7,0.0,,4.0
6/3/2007,1010.3,32.5,24.8,29.9,75.0,89.0,68.0,VRB,2,SSE,11,0.0,,4.0
6/4/2007,1010.3,32.2,26.4,29.4,78.0,90.0,71.0,VRB,2,S,8,0.0,,3.0
6/5/2007,1010.0,31.9,26.6,29.9,75.0,83.0,70.0,SE,4,SE,11,0.0,,2.0
6/6/2007,1010.3,31.8,25.2,29.7,76.0,87.0,71.0,SE,4,S,8,0.0,,2.0
6/7/2007,1010.7,31.8,24.4,29.3,78.0,89.0,67.0,S,7,W,24,4.4,,6.0
6/8/2007,1010.8,31.9,26.5,29.4,74.0,81.0,67.0,S,6,S,13,0.0,,6.0
6/9/2007,1011.0,31.4,26.8,29.5,78.0,86.0,70.0,S,7,SW,16,0.0,,6.0
6/10/2007,1010.2,31.2,23.4,29.3,77.0,90.0,72.0,WSW,7,W,27,4.0,,7.0
6/11/2007,1009.9,29.9,24.6,27.4,81.0,92.0,74.0,WSW,13,WNW,31,0.3,,7.0
6/12/2007,1008.5,31.7,23.6,28.9,80.0,95.0,72.0,WSW,10,W,28,12.1,,6.0
6/13/2007,1008.7,29.6,22.6,27.2,85.0,98.0,77.0,W,13,W,33,33.6,,8.0
6/14/2007,1008.1,30.4,26.2,29.3,80.0,85.0,77.0,W,11,W,19,0.4,,8.0
6/15/2007,1007.6,30.3,25.6,28.9,82.0,88.0,78.0,WSW,6,WSW,18,0.6,,7.0
6/16/2007,1007.9,31.6,26.4,29.4,78.0,86.0,69.0,SW,4,S,10,0.0,,6.0
6/17/2007,1008.0,31.4,26.6,29.2,79.0,85.0,74.0,SSE,4,S,10,0.0,,7.0
6/18/2007,1008.6,31.1,26.8,29.2,80.0,85.0,74.0,ESE,4,SE,10,0.0,,7.0
6/19/2007,1008.6,31.4,26.8,29.4,81.0,86.0,75.0,E,4,E,9,0.0,,6.0
6/20/2007,1008.0,30.8,21.6,28.0,81.0,100.0,73.0,SE,8,SSW,44,25.6,,7.0
6/21/2007,1007.3,29.9,22.6,26.7,84.0,96.0,74.0,SSW,9,SW,43,40.7,,7.0
6/22/2007,1006.4,30.4,26.8,29.0,75.0,81.0,69.0,S,7,S,14,0.05,,7.0
6/23/2007,1008.6,31.8,25.9,29.4,76.0,82.0,70.0,S,5,SE,13,0.05,,5.0
6/24/2007,1011.2,32.4,24.1,28.8,78.0,92.0,68.0,S,2,SSE,9,0.0,,5.0
6/25/2007,1011.6,31.9,25.2,29.0,81.0,95.0,70.0,NNE,3,NNE,10,0.0,,2.0
6/26/2007,1011.0,31.8,23.5,29.2,78.0,95.0,69.0,NE,4,NNE,11,0.0,,4.0
6/27/2007,1011.6,32.1,24.1,28.8,78.0,98.0,66.0,VRB,2,ENE,8,0.0,,4.0
6/28/2007,1011.9,32.0,26.8,29.1,75.0,92.0,65.0,SE,3,S,9,0.0,,6.0
6/29/2007,1010.9,31.6,23.4,29.5,77.0,85.0,72.0,SSE,6,W,33,8.6,,7.0
6/30/2007,1010.6,31.1,26.7,28.9,81.0,85.0,76.0,SE,5,S,13,0.0,,6.0
7/1/2007,1010.1,31.7,23.6,29.6,79.0,93.0,75.0,SE,6,W,26,25.3,,3.0
7/2/2007,1010.4,30.8,23.8,28.2,81.0,92.0,71.0,NNW,3,SSW,16,0.5,,6.0
7/3/2007,1012.1,32.4,24.6,29.1,79.0,92.0,69.0,WNW,6,WNW,23,0.0,,7.0
7/4/2007,1012.7,31.9,24.2,28.6,80.0,92.0,71.0,VRB,2,SSE,8,0.0,,7.0
7/5/2007,1012.6,30.8,21.6,28.3,82.0,97.0,73.0,S,3,WNW,42,24.4,,7.0
7/6/2007,1013.1,30.4,23.4,27.5,82.0,96.0,76.0,W,11,NW,40,6.1,,7.0
7/7/2007,1012.8,31.8,26.5,29.3,77.0,86.0,71.0,SW,7,SW,14,0.05,,5.0
7/8/2007,1012.6,31.8,24.4,29.1,77.0,89.0,69.0,SSW,5,S,13,0.0,,4.0
7/9/2007,1011.5,31.4,25.2,28.9,77.0,93.0,71.0,VRB,2,SSE,7,0.1,,2.0
7/10/2007,1011.2,32.4,24.2,29.3,76.0,90.0,65.0,E,3,ENE,8,0.0,,3.0
7/11/2007,1012.1,31.6,23.4,27.5,84.0,92.0,77.0,VRB,2,NNW,32,0.1,,5.0
7/12/2007,1012.2,31.1,24.4,28.4,80.0,95.0,71.0,S,4,WSW,22,0.05,,4.0
7/13/2007,1011.8,31.9,25.6,28.8,78.0,90.0,69.0,S,3,S,12,0.0,,6.0
7/14/2007,1010.7,31.6,23.0,27.9,83.0,89.0,72.0,W,5,WSW,37,33.3,,6.0
7/15/2007,1010.9,29.2,22.9,27.3,86.0,90.0,80.0,W,9,W,36,11.7,,7.0
7/16/2007,1011.4,29.0,23.4,27.0,84.0,92.0,76.0,WSW,10,WSW,33,7.2,,8.0
7/17/2007,1010.9,30.6,24.2,28.3,81.0,90.0,72.0,W,7,WNW,19,1.2,,7.0
7/18/2007,1011.1,28.8,22.4,26.4,89.0,100.0,84.0,W,9,WSW,32,57.5,,8.0
7/19/2007,1011.9,31.4,25.6,28.1,79.0,89.0,70.0,W,7,WNW,25,0.05,,7.0
7/20/2007,1011.3,31.6,24.4,28.9,79.0,92.0,70.0,W,9,W,35,15.4,,6.0
7/21/2007,1010.4,31.6,25.1,29.2,80.0,89.0,72.0,W,10,W,17,3.7,,6.0
7/22/2007,1009.3,31.6,25.0,29.3,80.0,87.0,73.0,WNW,11,W,30,0.05,,7.0
7/23/2007,1009.2,32.4,25.3,29.6,77.0,89.0,69.0,WNW,7,WNW,21,3.8,,4.0
7/24/2007,1010.3,30.9,23.7,27.8,79.0,87.0,75.0,W,9,NW,26,15.8,,7.0
7/25/2007,1010.4,31.0,23.5,27.9,84.0,97.0,73.0,VRB,2,NNE,18,0.05,,6.0
7/26/2007,1011.3,31.0,22.6,28.2,80.0,96.0,70.0,VRB,2,W,18,8.0,,4.0
7/27/2007,1011.3,31.4,22.8,27.9,82.0,96.0,70.0,VRB,2,S,7,0.0,,3.0
7/28/2007,1011.2,31.4,23.5,28.3,76.0,96.0,66.0,WSW,3,SSW,11,0.0,,2.0
7/29/2007,1011.7,31.6,22.6,28.7,72.0,90.0,62.0,W,4,W,9,0.0,,3.0
7/30/2007,1011.8,30.6,22.6,27.6,76.0,93.0,66.0,VRB,2,S,12,0.0,,6.0
7/31/2007,1011.6,30.9,23.8,28.2,72.0,91.0,64.0,SSE,4,S,9,0.0,,3.0
8/1/2007,1011.7,31.2,26.8,29.2,73.0,80.0,67.0,SSE,4,SSE,11,0.0,,1.0
8/2/2007,1012.2,31.4,27.2,29.4,75.0,80.0,71.0,SE,5,ESE,12,0.0,,5.0
8/3/2007,1012.7,31.6,27.0,29.7,76.0,82.0,72.0,SE,6,SE,14,0.0,,6.0
8/4/2007,1011.7,31.2,27.0,29.5,75.0,81.0,70.0,SSE,8,SE,16,0.0,,6.0
8/5/2007,1010.9,31.6,26.4,29.7,73.0,79.0,68.0,S,7,S,16,0.05,,4.0
8/6/2007,1011.2,31.4,24.0,29.0,76.0,93.0,68.0,S,5,SSE,12,0.0,,6.0
8/7/2007,1011.4,31.6,25.4,29.0,75.0,93.0,66.0,SSW,5,S,11,0.0,,4.0
8/8/2007,1011.3,31.6,26.0,29.3,75.0,83.0,66.0,SSW,7,SSW,13,0.0,,7.0
8/9/2007,1010.4,32.2,21.7,29.4,75.0,91.0,66.0,SSW,5,WSW,36,28.9,,6.0
8/10/2007,1011.0,30.8,25.8,28.8,78.0,87.0,71.0,W,5,W,12,0.0,,7.0
8/11/2007,1011.8,31.4,25.0,29.3,76.0,85.0,69.0,SSW,3,SSW,10,0.0,,7.0
8/12/2007,1012.6,30.6,23.5,28.0,82.0,95.0,74.0,S,4,SW,26,6.3,,7.0
8/13/2007,1012.7,31.8,24.6,28.3,80.0,95.0,68.0,VRB,1,ENE,6,0.0,,7.0
8/14/2007,1012.3,31.6,23.2,29.2,75.0,87.0,67.0,VRB,2,E,7,0.0,,5.0
8/15/2007,1011.9,31.4,22.7,28.0,77.0,95.0,65.0,VRB,1,ESE,8,0.0,,6.0
8/16/2007,1011.2,31.4,26.4,28.5,75.0,96.0,66.0,WSW,3,S,8,0.0,,4.0
8/17/2007,1011.7,30.8,25.2,28.6,78.0,86.0,71.0,SSW,5,SW,14,0.05,,7.0
8/18/2007,1012.5,31.2,25.6,29.2,76.0,84.0,67.0,WSW,8,WSW,22,0.5,,7.0
8/19/2007,1012.5,32.0,23.2,29.8,72.0,79.0,65.0,W,7,WSW,28,18.6,,7.0
8/20/2007,1012.9,31.6,24.4,28.9,79.0,92.0,71.0,SW,6,W,36,1.1,,7.0
8/21/2007,1012.3,30.8,22.5,27.7,83.0,95.0,74.0,SSW,6,WSW,26,33.3,,6.0
8/22/2007,1011.6,29.8,22.6,27.4,82.0,96.0,75.0,SSW,4,N,28,7.6,,7.0
8/23/2007,1011.0,31.5,23.0,29.0,78.0,93.0,67.0,WSW,3,S,20,14.3,,5.0
8/24/2007,1010.9,31.4,24.0,28.2,83.0,96.0,71.0,VRB,2,NW,16,2.2,,7.0
8/25/2007,1011.2,30.8,24.4,28.0,83.0,95.0,74.0,W,3,W,20,16.8,,7.0
8/26/2007,1010.5,30.6,23.4,28.6,81.0,89.0,76.0,W,5,WSW,22,10.1,,7.0
8/27/2007,1011.0,30.4,22.0,26.4,88.0,96.0,80.0,NNW,5,W,25,26.1,,7.0
8/28/2007,1010.8,31.7,25.0,28.6,78.0,83.0,66.0,W,3,W,21,0.05,,5.0
8/29/2007,1011.3,31.2,22.5,27.8,82.0,92.0,71.0,W,6,WSW,21,11.7,,7.0
8/30/2007,1012.1,29.8,22.8,26.7,84.0,93.0,75.0,WSW,9,SSW,22,2.3,,7.0
8/31/2007,1011.4,31.2,24.0,28.7,78.0,92.0,70.0,SSW,5,SW,13,0.0,,7.0
9/1/2007,1010.9,31.5,26.9,29.2,77.0,89.0,69.0,S,5,S,11,0.0,,6.0
9/2/2007,1010.4,30.6,27.3,29.2,81.0,86.0,78.0,SSE,5,SE,12,0.0,,7.0
9/3/2007,1010.2,30.9,27.1,29.3,81.0,86.0,78.0,SE,7,ESE,17,0.0,,7.0
9/4/2007,1010.8,31.6,22.5,28.3,84.0,100.0,73.0,ESE,9,WSW,33,112.2,,7.0
9/5/2007,1011.9,29.8,24.1,26.9,79.0,90.0,68.0,SSW,8,WSW,26,0.2,,8.0
9/6/2007,1011.1,32.0,25.0,29.2,75.0,84.0,66.0,SW,4,SW,12,0.0,,3.0
9/7/2007,1010.2,31.4,24.6,28.7,78.0,92.0,69.0,VRB,2,SE,6,0.0,,6.0
9/8/2007,1010.5,30.8,23.2,28.3,81.0,95.0,74.0,SSE,4,NW,15,29.9,,7.0
9/9/2007,1010.4,29.4,25.0,28.0,83.0,89.0,79.0,N,7,NNW,22,2.1,,7.0
9/10/2007,1010.8,31.2,23.1,27.4,86.0,93.0,75.0,WNW,8,SW,25,49.2,,7.0
9/11/2007,1010.9,28.6,22.4,26.4,88.0,96.0,81.0,W,11,W,34,82.2,,8.0
9/12/2007,1010.2,28.6,22.6,26.4,88.0,96.0,80.0,W,9,WNW,26,13.7,,8.0
9/13/2007,1010.9,30.6,24.0,28.7,81.0,93.0,73.0,SW,6,SSW,13,0.0,,7.0
9/14/2007,1011.8,31.2,24.0,28.7,80.0,93.0,72.0,SW,4,WNW,26,4.6,,4.0
9/15/2007,1011.6,31.8,26.2,29.5,77.0,85.0,70.0,W,7,WNW,17,0.7,,5.0
9/16/2007,1010.9,31.1,26.4,29.5,76.0,85.0,72.0,W,8,SW,15,0.0,,2.0
9/17/2007,1011.8,31.5,23.7,29.0,80.0,89.0,72.0,SW,10,WSW,33,30.2,,6.0
9/18/2007,1011.4,31.4,26.4,29.3,77.0,85.0,71.0,SSW,12,S,19,0.1,,6.0
9/19/2007,1011.0,31.2,25.8,29.2,76.0,82.0,71.0,SSW,10,SSW,18,0.0,,6.0
9/20/2007,1011.7,31.1,27.6,29.2,77.0,85.0,72.0,SW,8,SSW,17,0.0,,7.0
9/21/2007,1011.8,31.6,23.7,28.7,81.0,98.0,72.0,SW,9,WNW,33,15.8,,6.0
9/22/2007,1011.1,30.8,26.8,28.9,80.0,89.0,72.0,S,11,S,19,0.0,,7.0
9/23/2007,1010.1,31.1,26.6,29.1,76.0,85.0,65.0,SSW,7,SSW,14,0.0,,6.0
9/24/2007,1009.7,30.6,24.5,28.8,78.0,94.0,71.0,S,4,S,10,0.0,,6.0
9/25/2007,1011.1,31.1,26.4,28.7,78.0,95.0,67.0,VRB,2,SSW,11,0.0,,3.0
9/26/2007,1011.9,30.9,25.0,28.2,82.0,93.0,70.0,ENE,3,NW,15,6.2,,5.0
9/27/2007,1012.3,32.1,25.0,29.3,79.0,96.0,70.0,NW,6,SW,16,0.5,,3.0
9/28/2007,1013.4,30.6,25.0,27.4,80.0,89.0,70.0,WSW,10,WSW,28,0.1,,7.0
9/29/2007,1014.0,31.6,25.0,28.7,82.0,96.0,73.0,WNW,5,W,15,4.4,,7.0
9/30/2007,1014.6,30.0,23.2,27.4,85.0,97.0,75.0,S,5,WNW,19,5.1,,7.0
10/1/2007,1013.0,30.9,27.2,28.6,78.0,87.0,74.0,S,7,S,15,0.05,,5.0
10/2/2007,1011.6,31.2,23.7,28.1,82.0,93.0,71.0,S,10,SW,31,16.1,,6.0
10/3/2007,1012.1,27.4,24.1,26.0,88.0,96.0,78.0,WSW,14,W,37,19.0,,8.0
10/4/2007,1012.2,30.5,24.8,27.3,82.0,97.0,70.0,W,13,W,31,26.6,,7.0
10/5/2007,1011.6,29.7,24.8,27.8,80.0,95.0,63.0,W,12,W,37,8.8,,7.0
10/6/2007,1011.4,30.4,24.4,27.7,82.0,92.0,70.0,SW,5,SSW,17,2.8,,7.0
10/7/2007,1011.4,30.8,24.8,28.4,79.0,97.0,71.0,S,5,WNW,16,7.6,,6.0
10/8/2007,1011.7,30.7,26.7,28.4,79.0,92.0,72.0,W,4,W,13,0.05,,7.0
10/9/2007,1010.6,31.7,24.8,29.1,78.0,90.0,70.0,WNW,5,WNW,18,2.7,,4.0
10/10/2007,1010.7,31.2,24.5,28.8,77.0,94.0,69.0,VRB,2,WSW,6,0.0,,5.0
10/11/2007,1011.8,31.2,26.4,28.8,74.0,95.0,65.0,SSW,3,SW,7,0.0,,4.0
10/12/2007,1013.1,31.4,25.3,28.9,76.0,91.0,69.0,S,4,S,10,0.0,,6.0
10/13/2007,1013.3,31.4,26.2,28.7,79.0,90.0,70.0,WSW,3,W,17,0.05,,5.0
10/14/2007,1012.6,31.7,27.2,29.7,71.0,79.0,63.0,WSW,6,W,14,0.0,,3.0
10/15/2007,1013.0,32.4,27.0,29.8,72.0,78.0,66.0,W,11,W,19,0.0,,3.0
10/16/2007,1012.8,32.1,22.9,28.0,79.0,98.0,64.0,W,13,W,28,82.5,,6.0
10/17/2007,1013.7,28.3,23.4,25.2,91.0,98.0,85.0,W,12,WNW,32,38.6,,8.0
10/18/2007,1012.9,32.4,25.1,28.3,79.0,90.0,68.0,W,5,WNW,20,0.1,,7.0
10/19/2007,1014.5,29.8,23.3,27.6,78.0,88.0,72.0,SSW,7,S,21,1.2,,7.0
10/20/2007,1013.7,30.9,24.1,28.7,76.0,86.0,70.0,WSW,5,S,22,1.2,,5.0
10/21/2007,1012.6,31.1,26.4,28.1,81.0,88.0,76.0,W,6,W,15,0.05,,6.0
10/22/2007,1012.2,31.6,26.7,29.4,75.0,86.0,69.0,W,9,W,23,0.05,,3.0
10/23/2007,1011.2,31.4,24.8,28.5,80.0,95.0,69.0,W,16,W,36,9.3,,7.0
10/24/2007,1010.4,29.9,24.6,28.1,82.0,89.0,76.0,W,17,W,41,7.1,,7.0
10/25/2007,1010.9,29.4,24.8,27.2,84.0,94.0,79.0,W,16,W,45,21.1,,8.0
10/26/2007,1010.1,29.9,24.2,27.3,84.0,97.0,76.0,W,17,W,45,19.1,,6.0
10/27/2007,1010.3,29.5,24.6,27.7,81.0,89.0,74.0,WSW,14,WSW,32,1.2,,7.0
10/28/2007,1009.5,30.2,24.4,28.4,80.0,87.0,75.0,WSW,15,WSW,37,6.2,,7.0
10/29/2007,1008.4,29.8,26.5,28.6,79.0,85.0,74.0,WSW,16,WSW,31,1.5,,7.0
10/30/2007,1008.7,30.1,27.4,29.0,77.0,83.0,73.0,WSW,14,W,25,0.0,,6.0
10/31/2007,1009.9,30.7,26.6,29.1,77.0,82.0,70.0,W,15,W,23,0.05,,3.0
11/1/2007,1011.0,30.9,27.2,28.7,78.0,83.0,70.0,WNW,13,W,25,0.0,,5.0
11/2/2007,1010.6,30.7,24.1,28.4,79.0,86.0,73.0,WNW,12,W,25,1.1,,4.0
11/3/2007,1010.2,31.2,26.2,28.3,80.0,86.0,72.0,W,7,W,14,0.0,,5.0
11/4/2007,1011.6,31.5,24.2,28.2,79.0,92.0,69.0,W,4,W,9,0.0,,3.0
11/5/2007,1012.4,30.6,25.2,27.5,80.0,93.0,73.0,SSW,3,WSW,14,1.2,,3.0
11/6/2007,1012.8,31.5,26.5,28.4,73.0,85.0,67.0,WSW,5,WSW,9,0.0,,4.0
11/7/2007,1012.4,31.2,26.5,28.3,72.0,80.0,64.0,W,7,W,14,0.0,,2.0
11/8/2007,1012.2,31.2,26.6,28.3,74.0,81.0,65.0,W,9,W,16,0.0,,5.0
11/9/2007,1011.8,31.1,26.6,28.3,75.0,81.0,68.0,W,9,W,15,0.0,,5.0
11/10/2007,1011.7,31.8,26.6,28.6,76.0,81.0,68.0,W,9,W,15,0.0,,3.0
11/11/2007,1011.7,31.2,26.4,28.5,76.0,81.0,69.0,WNW,7,W,13,0.05,,2.0
11/12/2007,1011.6,31.9,26.3,28.5,74.0,81.0,66.0,W,5,W,10,0.0,,2.0
11/13/2007,1010.7,31.7,27.1,28.7,74.0,83.0,65.0,W,6,W,13,0.0,,2.0
11/14/2007,1009.9,31.9,24.1,28.8,78.0,85.0,70.0,WNW,6,W,13,0.6,,3.0
11/15/2007,1011.8,30.9,23.0,27.8,82.0,97.0,72.0,W,5,NNE,19,38.6,,4.0
11/16/2007,1012.4,31.1,25.0,28.2,79.0,92.0,71.0,NW,7,WNW,23,3.8,,5.0
11/17/2007,1011.3,30.4,26.8,28.4,74.0,78.0,66.0,NW,7,NW,14,0.05,,4.0
11/18/2007,1011.9,30.1,23.9,27.7,72.0,85.0,64.0,NNW,5,NNW,13,0.0,,4.0
11/19/2007,1013.2,30.4,24.9,27.4,79.0,91.0,69.0,NNE,3,N,9,0.0,,6.0
11/20/2007,1013.2,30.4,24.8,28.0,77.0,88.0,66.0,NNE,4,NNE,13,0.0,,3.0
11/21/2007,1012.3,31.2,25.1,27.9,80.0,92.0,69.0,NE,3,ENE,8,0.0,,3.0
11/22/2007,1012.4,30.4,24.5,28.0,80.0,87.0,72.0,SSW,4,S,10,0.05,,6.0
11/23/2007,1012.3,31.1,25.3,28.1,81.0,92.0,71.0,NW,3,NW,8,0.0,,2.0
11/24/2007,1012.3,30.6,26.7,28.5,76.0,84.0,70.0,NNW,5,NNW,10,0.0,,2.0
11/25/2007,1013.2,31.9,24.8,28.6,74.0,84.0,64.0,WNW,4,W,9,0.0,,5.0
11/26/2007,1013.7,31.1,23.1,27.3,83.0,95.0,68.0,VRB,2,N,14,10.5,,5.0
11/27/2007,1013.3,31.1,25.3,27.9,80.0,98.0,66.0,W,4,ESE,12,0.05,,3.0
11/28/2007,1012.3,30.6,25.4,28.1,78.0,89.0,65.0,N,5,NNW,16,0.05,,4.0
11/29/2007,1012.5,31.2,23.7,28.2,78.0,96.0,65.0,NNW,5,N,23,3.1,,6.0
11/30/2007,1013.0,30.6,25.9,27.7,81.0,97.0,71.0,NE,5,NNE,13,1.2,,4.0
12/1/2007,1012.6,30.6,24.7,28.0,79.0,93.0,71.0,NE,7,NE,20,0.8,,4.0
12/2/2007,1012.0,29.5,24.5,27.3,82.0,91.0,77.0,ENE,6,E,19,3.7,,6.0
12/3/2007,1011.3,30.5,24.5,27.7,81.0,93.0,71.0,E,5,NE,15,5.8,,5.0
12/4/2007,1011.0,29.9,24.4,28.0,80.0,93.0,69.0,ENE,7,NE,22,8.7,,7.0
12/5/2007,1011.1,30.5,24.0,27.8,85.0,94.0,75.0,NE,8,ENE,26,48.6,,7.0
12/6/2007,1011.1,29.4,22.6,26.8,86.0,97.0,72.0,NE,9,ENE,27,56.2,,7.0
12/7/2007,1011.9,28.6,22.0,25.2,89.0,99.0,77.0,E,5,NE,15,27.2,,7.0
12/8/2007,1011.0,30.2,24.7,27.3,85.0,98.0,74.0,E,4,ENE,13,3.7,,7.0
12/9/2007,1011.0,30.4,24.8,27.8,84.0,97.0,71.0,NE,4,NE,18,0.2,,6.0
12/10/2007,1011.2,29.0,23.4,25.5,91.0,97.0,83.0,N,5,NNE,18,10.0,,7.0
12/11/2007,1011.2,29.0,24.5,26.4,83.0,92.0,75.0,NE,5,NE,15,0.1,,7.0
12/12/2007,1010.6,30.1,26.0,27.3,83.0,89.0,77.0,W,6,W,21,0.0,,7.0
12/13/2007,1009.6,29.9,26.6,27.9,82.0,86.0,75.0,WNW,7,WNW,12,0.05,,7.0
12/14/2007,1008.5,31.4,26.5,28.6,80.0,87.0,72.0,NW,8,NW,15,0.05,,5.0
12/15/2007,1008.3,30.4,25.6,28.4,80.0,87.0,74.0,NNW,6,NNW,14,0.0,,6.0
12/16/2007,1008.9,30.8,23.5,28.1,84.0,93.0,74.0,NE,7,NE,18,32.7,,6.0
12/17/2007,1010.4,28.7,23.2,24.6,95.0,99.0,84.0,VRB,2,NNE,20,39.0,,7.0
12/18/2007,1010.0,29.0,25.6,27.0,86.0,95.0,82.0,W,7,WSW,15,0.05,,7.0
12/19/2007,1009.9,30.4,24.2,27.7,83.0,92.0,75.0,W,8,WSW,23,0.6,,7.0
12/20/2007,1011.3,30.5,26.6,28.5,76.0,81.0,70.0,WSW,10,WSW,17,0.0,,6.0
12/21/2007,1012.8,31.4,27.1,28.6,78.0,82.0,72.0,SW,10,WSW,17,0.05,,7.0
12/22/2007,1013.5,30.0,23.2,27.7,81.0,90.0,72.0,WSW,8,WNW,18,15.5,,7.0
12/23/2007,1013.1,28.9,24.3,26.1,87.0,97.0,79.0,NNE,4,SW,21,0.5,,7.0
12/24/2007,1011.9,30.3,24.3,27.8,77.0,83.0,70.0,NW,4,NW,10,0.05,,6.0
12/25/2007,1011.7,30.6,25.7,27.7,81.0,90.0,69.0,VRB,2,SE,7,0.0,,6.0
12/26/2007,1012.8,30.6,23.8,26.7,88.0,100.0,72.0,SSE,3,NNW,13,16.8,,4.0
12/27/2007,1013.5,30.4,22.1,26.4,87.0,99.0,74.0,NW,3,NW,19,52.9,,4.0
12/28/2007,1012.5,29.9,24.2,26.9,78.0,97.0,70.0,N,5,N,13,0.0,,3.0
12/29/2007,1011.8,29.9,24.1,27.3,73.0,82.0,65.0,N,5,N,12,0.0,,2.0
12/30/2007,1012.5,30.0,24.0,27.0,73.0,83.0,63.0,NNE,5,NNE,10,0.0,,2.0
12/31/2007,1012.3,30.1,24.6,27.2,75.0,87.0,61.0,N,5,NNE,15,0.0,,3.0
1/1/2008,1011.0,30.7,25.3,27.7,74.0,81.0,64.0,NNE,6,N,14,0.0,,3.0
1/2/2008,1011.9,30.4,24.5,27.5,68.0,81.0,60.0,NNE,6,NNE,15,0.0,,3.0
1/3/2008,1012.4,29.9,23.6,26.8,71.0,83.0,61.0,NNE,4,N,12,0.0,,2.0
1/4/2008,1012.2,30.2,23.8,27.2,75.0,94.0,63.0,NNE,4,NNW,11,1.5,,1.0
1/5/2008,1011.9,31.0,26.6,28.0,81.0,95.0,71.0,NE,5,NNE,13,0.0,,2.0
1/6/2008,1012.3,30.9,25.7,28.3,80.0,87.0,73.0,NE,5,NE,12,0.0,,2.0
1/7/2008,1012.0,30.4,25.6,27.9,80.0,87.0,73.0,NE,6,NE,15,0.0,,2.0
1/8/2008,1011.6,30.4,24.8,28.0,81.0,90.0,72.0,NE,5,NE,15,2.2,,2.0
1/9/2008,1011.7,31.0,23.9,27.7,81.0,95.0,68.0,E,3,ENE,8,0.0,,3.0
1/10/2008,1011.0,30.6,23.3,27.1,81.0,96.0,70.0,VRB,2,E,9,0.0,,2.0
1/11/2008,1010.8,31.0,24.0,27.5,80.0,95.0,65.0,VRB,2,NE,6,0.0,,2.0
1/12/2008,1010.7,31.0,24.8,27.6,82.0,95.0,71.0,NE,3,NNE,11,2.0,,3.0
1/13/2008,1011.0,30.8,24.6,27.6,81.0,92.0,68.0,SSE,3,SW,12,1.1,,4.0
1/14/2008,1010.9,31.4,25.0,28.2,77.0,90.0,64.0,NNE,3,ESE,8,0.05,,3.0
1/15/2008,1011.4,30.9,23.4,27.4,82.0,95.0,72.0,NE,7,NNE,23,9.9,,5.0
1/16/2008,1012.3,30.6,26.6,28.4,75.0,82.0,68.0,NE,11,NE,23,0.0,,6.0
1/17/2008,1011.8,30.9,26.2,28.5,74.0,80.0,65.0,NE,9,NE,19,0.05,,2.0
1/18/2008,1010.3,30.7,25.6,28.0,73.0,80.0,64.0,NNE,7,NNE,17,0.0,,3.0
1/19/2008,1009.1,30.9,25.7,28.0,71.0,79.0,64.0,NNE,7,NNE,15,0.0,,2.0
1/20/2008,1009.3,30.9,26.6,28.0,76.0,89.0,69.0,NNE,7,NNE,16,0.05,,5.0
1/21/2008,1008.5,30.7,26.4,28.2,76.0,82.0,71.0,NNE,6,N,14,0.0,,4.0
1/22/2008,1007.4,30.8,25.4,28.4,80.0,90.0,74.0,N,8,N,18,2.9,,5.0
1/23/2008,1007.9,29.9,24.0,26.9,88.0,95.0,80.0,NE,7,NE,22,14.2,,7.0
1/24/2008,1009.0,28.9,24.4,26.8,85.0,94.0,76.0,NNE,6,SW,20,5.9,,7.0
1/25/2008,1009.1,30.9,25.4,27.9,82.0,90.0,77.0,NW,9,NNW,22,0.9,,7.0
1/26/2008,1009.7,29.8,25.6,27.6,77.0,83.0,70.0,NNW,7,NW,17,0.0,,7.0
1/27/2008,1009.8,31.0,25.6,27.9,76.0,83.0,68.0,WNW,5,WNW,11,0.0,,6.0
1/28/2008,1010.6,31.5,26.5,28.4,76.0,81.0,69.0,NW,8,NW,15,0.05,,7.0
1/29/2008,1010.3,30.0,26.6,28.1,77.0,81.0,72.0,NNW,8,NNW,16,0.0,,7.0
1/30/2008,1009.8,30.2,24.5,27.9,75.0,88.0,69.0,NNW,4,NNW,11,0.0,,6.0
1/31/2008,1009.7,30.9,26.2,28.2,73.0,80.0,66.0,NW,4,NNW,10,0.0,,3.0
2/1/2008,1010.0,31.2,26.0,28.5,75.0,81.0,69.0,WNW,9,NW,17,0.0,,3.0
2/2/2008,1009.8,30.0,26.9,28.1,72.0,78.0,63.0,NNW,9,WNW,16,0.0,,3.0
2/3/2008,1009.7,30.6,26.4,28.3,72.0,78.0,66.0,NNW,8,NNW,18,0.0,,3.0
2/4/2008,1010.1,30.1,25.8,27.9,71.0,77.0,65.0,NNW,6,NNW,14,0.0,,6.0
2/5/2008,1010.0,30.2,26.4,27.9,70.0,79.0,62.0,NNW,6,NNW,13,0.0,,4.0
2/6/2008,1010.7,31.8,26.2,28.7,75.0,82.0,67.0,WNW,5,NNW,10,0.0,,5.0
2/7/2008,1009.8,32.1,25.5,28.4,76.0,87.0,64.0,W,5,W,17,4.2,,6.0
2/8/2008,1010.0,31.7,26.5,28.3,79.0,85.0,69.0,W,9,W,17,0.05,,6.0
2/9/2008,1010.0,31.4,26.6,28.6,77.0,84.0,67.0,WNW,10,W,21,0.2,,3.0
2/10/2008,1010.0,31.2,26.9,28.7,77.0,82.0,69.0,NW,9,W,15,0.0,,5.0
2/11/2008,1010.0,30.9,25.1,28.1,77.0,91.0,67.0,NNW,5,NNW,13,0.0,,6.0
2/12/2008,1010.5,30.9,23.9,27.4,82.0,95.0,71.0,NE,3,ENE,11,0.0,,6.0
2/13/2008,1011.1,30.6,26.5,28.2,78.0,93.0,70.0,ENE,5,ENE,14,0.0,,6.0
2/14/2008,1011.6,31.0,27.0,28.7,77.0,84.0,70.0,ENE,5,NE,13,0.0,,6.0
2/15/2008,1011.7,31.1,27.1,28.8,77.0,81.0,72.0,E,6,ENE,14,0.0,,5.0
2/16/2008,1011.8,31.5,27.4,29.1,77.0,82.0,71.0,NE,7,NE,15,0.0,,3.0
2/17/2008,1011.7,31.8,24.8,28.9,78.0,87.0,70.0,NE,7,NE,22,0.05,,2.0
2/18/2008,1012.0,31.5,25.6,28.8,75.0,84.0,68.0,NE,5,NE,13,0.0,,2.0
2/19/2008,1012.6,31.4,23.5,27.5,81.0,96.0,68.0,E,3,E,20,13.6,,4.0
2/20/2008,1012.4,30.8,25.0,28.0,78.0,95.0,68.0,NE,4,NNE,10,0.0,,2.0
2/21/2008,1012.6,31.5,25.0,28.4,72.0,87.0,63.0,NNE,5,NNE,14,0.0,,2.0
2/22/2008,1012.3,31.3,26.2,28.3,74.0,86.0,66.0,NNE,5,NNE,14,0.05,,2.0
2/23/2008,1011.8,31.8,25.7,28.7,70.0,80.0,62.0,NNE,7,NNE,17,0.0,,3.0
2/24/2008,1011.4,31.2,25.4,28.3,75.0,84.0,60.0,N,4,N,13,0.5,,3.0
2/25/2008,1010.8,30.7,25.8,28.4,73.0,84.0,65.0,N,5,N,13,0.05,,6.0
2/26/2008,1010.2,31.9,26.8,28.6,72.0,78.0,64.0,NNW,6,NNW,13,0.3,,7.0
2/27/2008,1010.7,32.0,27.0,28.9,72.0,78.0,66.0,NNW,6,NNW,13,0.05,,3.0
2/28/2008,1010.6,31.9,25.2,28.4,75.0,86.0,64.0,N,3,N,10,0.05,,6.0
2/29/2008,1010.0,32.5,25.7,28.8,76.0,84.0,64.0,W,4,W,11,0.0,,6.0
3/1/2008,1009.6,31.8,26.2,28.5,77.0,87.0,68.0,WSW,4,SW,15,0.05,,5.0
3/2/2008,1010.5,31.9,24.4,28.3,80.0,97.0,69.0,W,6,W,17,18.6,,6.0
3/3/2008,1010.1,32.1,23.8,28.1,83.0,97.0,73.0,W,4,SW,15,12.1,,7.0
3/4/2008,1009.8,29.2,24.6,26.8,86.0,99.0,70.0,SSW,4,SSE,15,1.3,,7.0
3/5/2008,1010.7,31.0,24.4,27.2,82.0,91.0,69.0,WSW,7,WSW,28,1.9,,6.0
3/6/2008,1010.6,31.2,25.0,28.0,79.0,95.0,69.0,WSW,3,SW,8,0.0,,3.0
3/7/2008,1010.2,31.2,26.2,28.4,79.0,89.0,70.0,NNE,5,NE,15,0.0,,3.0
3/8/2008,1009.5,30.5,23.6,27.4,83.0,94.0,72.0,ENE,6,S,21,30.7,,7.0
3/9/2008,1009.8,29.9,23.7,26.7,87.0,99.0,77.0,SSE,3,ESE,23,10.8,,6.0
3/10/2008,1009.8,30.8,23.8,27.7,81.0,97.0,67.0,ENE,3,NW,18,7.0,,5.0
3/11/2008,1009.3,30.6,25.8,27.9,80.0,95.0,71.0,NNE,4,NNE,10,0.0,,5.0
3/12/2008,1008.5,30.8,24.7,27.9,82.0,94.0,71.0,ENE,3,SE,10,0.7,,4.0
3/13/2008,1008.9,31.2,24.6,28.5,79.0,94.0,70.0,SSW,5,SSW,23,9.7,,3.0
3/14/2008,1009.9,30.1,24.7,26.9,83.0,92.0,72.0,W,13,W,30,7.0,,7.0
3/15/2008,1009.5,29.4,27.0,27.8,81.0,97.0,74.0,WNW,10,NW,18,0.9,,8.0
3/16/2008,1008.3,31.7,24.4,28.2,82.0,92.0,72.0,NW,8,NW,20,16.2,,7.0
3/17/2008,1007.5,31.5,24.5,27.8,85.0,92.0,78.0,W,10,W,31,7.8,,7.0
3/18/2008,1007.0,31.5,24.0,28.0,82.0,100.0,70.0,W,10,W,35,55.4,,6.0
3/19/2008,1006.7,29.9,26.1,28.0,82.0,94.0,73.0,WNW,14,NW,37,0.3,,7.0
3/20/2008,1006.8,31.2,27.4,28.8,78.0,85.0,71.0,W,13,W,22,0.0,,6.0
3/21/2008,1007.7,31.1,26.6,28.7,73.0,81.0,64.0,SW,10,WSW,19,0.0,,2.0
3/22/2008,1008.2,30.8,25.7,28.1,73.0,82.0,66.0,SSW,5,SSW,12,0.0,,2.0
3/23/2008,1009.5,30.8,27.7,28.4,75.0,85.0,66.0,S,4,S,15,0.0,,2.0
3/24/2008,1010.4,32.3,26.9,29.2,73.0,81.0,65.0,W,5,WSW,9,0.0,,1.0
3/25/2008,1010.3,32.0,27.1,29.1,75.0,83.0,66.0,WNW,5,W,12,0.0,,3.0
3/26/2008,1009.7,32.0,26.7,28.7,76.0,82.0,64.0,NNE,4,NW,9,0.0,,6.0
3/27/2008,1008.7,31.3,25.5,28.5,78.0,97.0,69.0,NNE,5,NNE,13,2.7,,3.0
3/28/2008,1009.7,30.9,27.4,28.9,74.0,84.0,68.0,NNW,6,NW,14,0.0,,2.0
3/29/2008,1010.7,32.0,26.2,29.0,71.0,77.0,63.0,W,6,WNW,13,0.0,,2.0
3/30/2008,1010.9,32.0,26.6,28.7,70.0,77.0,61.0,W,5,W,11,0.0,,2.0
3/31/2008,1010.3,31.7,26.2,28.7,71.0,81.0,62.0,WSW,5,SW,11,0.0,,2.0
4/1/2008,1010.3,32.1,26.8,28.8,72.0,80.0,63.0,W,4,W,8,0.0,,2.0
4/2/2008,1011.3,32.1,26.2,28.9,73.0,83.0,63.0,W,3,WSW,8,0.0,,2.0
4/3/2008,1010.9,32.1,25.4,28.6,73.0,88.0,60.0,WNW,3,WNW,7,0.0,,1.0
4/4/2008,1009.8,32.4,24.5,28.6,77.0,93.0,67.0,W,4,W,11,0.05,,3.0
4/5/2008,1010.3,32.0,24.6,28.0,78.0,95.0,62.0,VRB,1,SE,8,0.0,,2.0
4/6/2008,1011.6,31.6,24.9,28.2,78.0,91.0,67.0,VRB,2,N,11,0.05,,2.0
4/7/2008,1010.4,32.8,26.7,29.0,74.0,92.0,63.0,WNW,3,NNE,11,0.05,,3.0
4/8/2008,1009.3,32.8,26.4,29.5,73.0,84.0,65.0,WNW,3,NW,10,0.0,,3.0
4/9/2008,1009.3,31.8,25.6,28.5,79.0,97.0,67.0,VRB,2,SSE,12,1.6,,3.0
4/10/2008,1009.9,30.4,24.2,27.0,85.0,94.0,75.0,SSW,4,SSW,17,26.3,,7.0
4/11/2008,1008.9,31.3,24.4,28.2,79.0,93.0,67.0,WSW,6,W,21,4.0,,7.0
4/12/2008,1008.9,30.8,25.0,27.8,82.0,92.0,71.0,WSW,7,WSW,25,3.8,,7.0
4/13/2008,1008.4,32.2,26.1,28.4,81.0,90.0,73.0,WSW,9,WNW,21,0.6,,7.0
4/14/2008,1008.5,32.2,25.9,28.9,78.0,87.0,69.0,WSW,8,WSW,25,7.0,,4.0
4/15/2008,1009.2,30.8,26.4,28.4,79.0,89.0,70.0,W,10,W,23,0.1,,7.0
4/16/2008,1010.0,32.2,24.6,28.2,82.0,96.0,70.0,W,9,W,30,35.2,,7.0
4/17/2008,1009.2,32.2,24.8,28.1,84.0,96.0,71.0,W,10,W,30,39.8,,7.0
4/18/2008,1009.5,28.8,24.7,27.5,84.0,97.0,79.0,W,14,SW,31,12.8,,7.0
4/19/2008,1010.0,31.2,23.5,27.5,86.0,98.0,75.0,W,12,W,44,66.5,,7.0
4/20/2008,1009.2,30.7,27.5,28.6,81.0,89.0,75.0,W,12,W,26,0.0,,6.0
4/21/2008,1009.2,31.1,24.7,27.9,84.0,96.0,71.0,W,9,W,26,15.6,,6.0
4/22/2008,1010.4,29.2,26.0,28.0,83.0,89.0,77.0,WSW,12,WSW,31,1.5,,5.0
4/23/2008,1010.9,31.1,27.8,29.0,81.0,87.0,76.0,WSW,10,W,18,0.0,,4.0
4/24/2008,1010.6,30.9,28.1,29.1,79.0,85.0,73.0,WSW,11,WSW,19,0.0,,4.0
4/25/2008,1009.7,31.3,25.8,29.0,79.0,87.0,72.0,WSW,10,SW,23,0.3,,5.0
4/26/2008,1009.8,30.8,24.7,27.6,83.0,98.0,72.0,SSW,9,W,24,50.2,,6.0
4/27/2008,1008.8,31.0,27.2,28.7,80.0,87.0,72.0,SW,10,W,20,0.05,,6.0
4/28/2008,1008.2,31.1,27.2,28.7,77.0,83.0,70.0,SW,8,SW,17,0.05,,7.0
4/29/2008,1008.7,30.5,25.4,28.2,80.0,92.0,71.0,WSW,6,WSW,19,0.05,,6.0
4/30/2008,1009.7,32.8,25.9,28.9,79.0,95.0,69.0,SSW,3,WSW,9,4.9,,5.0
5/1/2008,1010.4,31.0,25.4,27.7,88.0,96.0,78.0,S,4,SW,13,10.3,,6.0
5/2/2008,1009.8,31.2,26.3,28.5,83.0,98.0,73.0,SW,5,SW,13,0.05,,6.0
5/3/2008,1009.6,32.1,26.4,29.2,79.0,92.0,71.0,SSW,5,WSW,10,1.2,,6.0
5/4/2008,1010.4,31.4,25.1,28.2,83.0,97.0,73.0,SSW,6,S,20,15.9,,6.0
5/5/2008,1010.8,30.6,24.7,27.4,85.0,94.0,76.0,SSW,8,WNW,23,37.8,,6.0
5/6/2008,1010.4,30.7,24.5,26.9,86.0,97.0,78.0,W,7,WNW,34,29.9,,7.0
5/7/2008,1010.0,31.9,25.4,28.7,80.0,92.0,71.0,W,9,W,27,7.6,,6.0
5/8/2008,1011.3,32.1,26.5,28.5,81.0,86.0,72.0,WSW,7,SW,18,0.05,,7.0
5/9/2008,1011.4,32.8,27.2,29.1,76.0,84.0,67.0,W,6,WNW,13,0.0,,4.0
5/10/2008,1011.0,32.2,25.4,28.9,78.0,92.0,69.0,WSW,7,W,18,3.2,,3.0
5/11/2008,1011.5,30.9,26.8,28.3,82.0,87.0,74.0,W,6,W,21,1.9,,6.0
5/12/2008,1011.8,31.2,27.0,28.6,78.0,87.0,68.0,SSW,6,SW,16,0.05,,3.0
5/13/2008,1012.4,31.4,24.8,27.8,80.0,94.0,67.0,SSW,5,WSW,21,19.6,,5.0
5/14/2008,1012.3,31.0,27.6,28.8,75.0,83.0,69.0,S,6,S,11,0.0,,2.0
5/15/2008,1012.6,32.9,27.3,29.2,76.0,83.0,68.0,SW,5,SW,11,0.0,,4.0
5/16/2008,1012.5,32.1,25.9,28.5,79.0,91.0,72.0,SSW,5,S,10,0.05,,3.0
5/17/2008,1011.5,32.5,27.4,28.8,79.0,88.0,70.0,WSW,5,SSW,13,0.05,,3.0
5/18/2008,1010.7,31.9,26.5,29.2,77.0,84.0,70.0,WSW,6,WSW,13,1.2,,4.0
5/19/2008,1010.7,31.9,27.1,28.6,79.0,92.0,71.0,S,5,S,14,0.0,,5.0
5/20/2008,1010.2,31.5,24.9,28.4,79.0,93.0,69.0,S,3,S,10,0.0,,3.0
5/21/2008,1009.9,31.6,25.7,28.0,83.0,94.0,68.0,VRB,2,SE,13,1.9,,6.0
5/22/2008,1009.8,30.5,25.1,27.8,81.0,90.0,72.0,S,7,S,16,0.2,,6.0
5/23/2008,1009.7,30.8,24.6,27.8,80.0,93.0,69.0,VRB,2,S,13,0.0,,5.0
5/24/2008,1009.0,31.6,24.8,27.6,80.0,96.0,68.0,VRB,2,ESE,9,0.0,,6.0
5/25/2008,1008.9,31.3,25.0,28.2,77.0,92.0,68.0,SSE,3,SSE,9,0.0,,5.0
5/26/2008,1009.7,31.9,25.0,28.2,77.0,92.0,64.0,VRB,2,SSE,10,0.0,,3.0
5/27/2008,1010.5,32.7,26.5,28.6,78.0,92.0,66.0,W,6,WNW,22,0.3,,7.0
5/28/2008,1009.1,32.5,25.6,28.9,79.0,96.0,67.0,SSW,7,W,23,7.2,,6.0
5/29/2008,1009.3,30.4,25.4,28.1,82.0,93.0,76.0,S,8,SW,23,1.7,,6.0
5/30/2008,1010.1,30.9,23.3,27.4,81.0,97.0,71.0,S,7,SSW,27,35.1,,7.0
5/31/2008,1010.3,30.8,25.4,27.4,85.0,97.0,74.0,SSW,4,W,13,3.0,,7.0
6/1/2008,1009.7,30.8,26.1,28.1,78.0,89.0,68.0,SSW,8,WNW,23,0.3,,6.0
6/2/2008,1009.6,30.2,23.8,27.3,83.0,93.0,71.0,SSW,5,W,28,17.0,,7.0
6/3/2008,1009.4,31.1,26.8,28.6,79.0,87.0,70.0,S,6,SSE,15,0.1,,4.0
6/4/2008,1010.7,30.3,24.3,27.1,88.0,97.0,75.0,SSE,4,W,17,16.7,,7.0
6/5/2008,1009.9,30.0,26.8,27.9,83.0,93.0,78.0,SSE,5,SSE,13,0.05,,6.0
6/6/2008,1008.6,30.9,27.4,28.6,77.0,83.0,73.0,S,6,S,14,0.0,,4.0
6/7/2008,1008.6,30.8,26.6,28.6,78.0,86.0,72.0,S,5,S,10,0.0,,6.0
6/8/2008,1009.0,31.2,25.2,28.1,82.0,96.0,72.0,S,3,S,13,0.0,,5.0
6/9/2008,1010.0,31.3,25.6,28.0,82.0,94.0,72.0,VRB,2,SE,7,0.0,,7.0
6/10/2008,1010.8,32.5,26.2,29.1,76.0,89.0,66.0,WNW,4,W,9,0.0,,4.0
6/11/2008,1010.9,32.5,26.2,28.8,78.0,89.0,66.0,WNW,3,S,8,0.0,,4.0
6/12/2008,1010.8,32.2,24.9,28.3,81.0,94.0,67.0,W,5,W,21,3.0,,6.0
6/13/2008,1010.7,30.8,24.5,28.1,81.0,93.0,72.0,WSW,6,SW,24,10.7,,7.0
6/14/2008,1010.2,31.1,26.5,28.6,80.0,87.0,72.0,W,6,SW,17,3.0,,7.0
6/15/2008,1009.5,30.6,25.7,27.7,84.0,90.0,75.0,W,7,W,18,4.5,,7.0
6/16/2008,1009.6,31.0,25.5,28.2,82.0,93.0,71.0,SSW,5,WSW,14,0.1,,6.0
6/17/2008,1010.1,30.8,27.6,28.6,78.0,87.0,70.0,S,5,S,13,0.0,,6.0
6/18/2008,1010.0,31.4,27.2,28.9,77.0,82.0,70.0,SSE,4,SSE,11,0.0,,4.0
6/19/2008,1010.4,31.4,25.5,28.6,79.0,93.0,71.0,ESE,3,SE,9,0.05,,3.0
6/20/2008,1010.9,31.5,24.0,28.2,80.0,93.0,71.0,ESE,3,NNW,20,1.0,,3.0
6/21/2008,1011.7,32.4,26.7,28.4,78.0,95.0,64.0,W,3,WNW,19,0.05,,4.0
6/22/2008,1011.7,32.0,26.3,28.4,79.0,89.0,68.0,W,6,WNW,20,0.05,,7.0
6/23/2008,1011.2,30.9,26.8,28.2,78.0,92.0,68.0,WNW,6,WNW,20,0.0,,7.0
6/24/2008,1010.8,31.7,24.9,28.1,81.0,92.0,68.0,W,6,W,30,11.8,,6.0
6/25/2008,1011.4,29.1,25.4,27.2,81.0,90.0,73.0,W,5,WNW,18,0.2,,7.0
6/26/2008,1011.0,31.2,27.5,28.7,78.0,84.0,70.0,ESE,4,ESE,11,0.0,,6.0
6/27/2008,1010.3,31.2,27.4,28.9,77.0,88.0,72.0,SSE,4,SSE,9,0.05,,6.0
6/28/2008,1010.4,32.0,27.1,28.8,79.0,86.0,69.0,S,4,SW,13,0.0,,6.0
6/29/2008,1010.1,31.1,27.6,28.9,77.0,82.0,71.0,S,6,S,16,0.05,,6.0
6/30/2008,1010.0,31.2,26.2,28.6,79.0,92.0,70.0,SSE,4,SE,12,0.0,,6.0
7/1/2008,1010.9,30.5,26.0,28.2,83.0,93.0,74.0,NNE,3,NNW,9,0.05,,7.0
7/2/2008,1010.9,31.8,26.5,28.8,78.0,92.0,72.0,E,3,NNE,9,0.05,,6.0
7/3/2008,1010.9,31.9,27.4,29.0,74.0,86.0,65.0,NE,3,NE,9,0.0,,5.0
7/4/2008,1010.6,31.9,27.2,29.1,74.0,84.0,68.0,E,4,E,8,0.0,,5.0
7/5/2008,1010.5,31.6,26.0,28.6,76.0,88.0,66.0,E,3,E,8,0.0,,6.0
7/6/2008,1010.9,31.9,23.9,28.5,77.0,95.0,67.0,S,4,W,23,48.9,,6.0
7/7/2008,1010.4,31.1,24.5,27.2,83.0,98.0,73.0,NNW,5,NW,33,1.1,,7.0
7/8/2008,1009.7,32.2,27.1,29.0,76.0,83.0,63.0,W,3,W,14,0.05,,7.0
7/9/2008,1010.5,32.3,25.9,28.9,76.0,83.0,66.0,W,4,WSW,25,2.2,,6.0
7/10/2008,1011.5,30.2,24.0,27.3,81.0,89.0,74.0,SSW,8,WNW,29,7.3,,7.0
7/11/2008,1009.7,30.8,24.6,27.9,79.0,90.0,71.0,SSE,3,S,12,0.4,,7.0
7/12/2008,1008.8,31.8,27.8,28.7,78.0,97.0,65.0,WNW,4,WNW,14,0.0,,7.0
7/13/2008,1009.8,32.1,24.4,28.6,78.0,93.0,70.0,NNW,9,NW,37,10.9,,7.0
7/14/2008,1011.7,30.1,23.5,26.8,82.0,93.0,68.0,W,12,W,33,8.4,,7.0
7/15/2008,1010.4,30.3,24.8,27.9,77.0,89.0,69.0,W,10,NW,28,0.05,,7.0
7/16/2008,1009.5,30.3,23.4,27.1,85.0,97.0,75.0,SSW,4,WSW,14,11.6,,7.0
7/17/2008,1009.4,30.4,22.6,26.8,84.0,97.0,75.0,SSW,5,NW,28,23.9,,7.0
7/18/2008,1009.7,28.9,24.4,27.2,83.0,92.0,74.0,W,9,W,41,0.3,,8.0
7/19/2008,1008.8,31.8,23.5,28.7,79.0,95.0,72.0,W,6,W,28,17.4,,7.0
7/20/2008,1009.2,32.1,23.3,27.0,86.0,100.0,72.0,WNW,11,NW,41,53.5,,7.0
7/21/2008,1009.8,31.1,23.6,27.1,83.0,95.0,69.0,WNW,10,W,44,17.1,,8.0
7/22/2008,1008.3,30.1,27.0,28.0,80.0,89.0,71.0,NW,14,NNW,29,0.1,,7.0
7/23/2008,1008.9,31.6,27.3,28.9,82.0,86.0,75.0,NW,10,WNW,18,0.5,,7.0
7/24/2008,1009.5,32.4,27.6,29.1,78.0,85.0,71.0,NW,7,NW,14,0.05,,4.0
7/25/2008,1009.8,31.0,23.0,28.1,82.0,93.0,73.0,NNW,5,WNW,30,32.8,,6.0
7/26/2008,1010.4,31.2,25.2,27.7,84.0,96.0,72.0,VRB,2,NNW,7,0.0,,7.0
7/27/2008,1010.0,31.1,27.4,28.4,75.0,83.0,69.0,SE,4,SSE,12,0.0,,7.0
7/28/2008,1008.9,30.9,27.6,28.8,78.0,83.0,69.0,SE,5,SSE,12,0.05,,6.0
7/29/2008,1008.3,31.1,27.7,28.8,78.0,83.0,72.0,SE,5,SE,11,0.0,,7.0
7/30/2008,1008.4,31.0,27.8,28.9,78.0,83.0,71.0,ESE,5,SE,13,0.0,,6.0
7/31/2008,1009.0,32.1,23.4,27.9,79.0,100.0,73.0,WNW,7,WNW,39,13.7,,6.0
8/1/2008,1009.6,31.0,26.5,28.1,80.0,93.0,70.0,NW,6,NW,18,0.05,,7.0
8/2/2008,1008.9,32.0,24.8,28.7,80.0,96.0,74.0,NNW,6,NNW,21,10.7,,3.0
8/3/2008,1008.7,30.8,24.9,28.1,80.0,93.0,71.0,N,6,NNW,31,0.1,,7.0
8/4/2008,1009.2,31.2,26.2,28.8,75.0,81.0,69.0,NNW,6,NNW,14,0.0,,2.0
8/5/2008,1010.6,32.0,24.8,28.1,80.0,93.0,68.0,VRB,2,NNW,8,0.0,,2.0
8/6/2008,1010.44,31.0,25.1,27.7,79.0,91.0,70.0,NE,3,NE,13,0.0,,5.0
8/7/2008,1010.4,31.1,24.5,27.8,79.0,92.0,68.0,VRB,2,S,8,0.0,,5.0
8/8/2008,1010.1,30.9,27.7,28.5,78.0,93.0,71.0,S,5,SSE,14,0.0,,7.0
8/9/2008,1009.4,31.5,27.6,28.9,79.0,85.0,72.0,SSE,5,SSE,13,0.05,,7.0
8/10/2008,1008.7,30.8,27.5,28.7,80.0,84.0,75.0,SSE,5,SSE,13,0.0,,7.0
8/11/2008,1008.7,31.3,27.3,28.9,80.0,86.0,74.0,SE,4,SSE,11,0.05,,3.0
8/12/2008,1009.0,31.2,28.0,29.2,79.0,85.0,73.0,SE,5,SSE,13,0.0,,4.0
8/13/2008,1009.8,31.1,27.8,29.1,79.0,85.0,72.0,SSE,5,SE,12,0.0,,7.0
8/14/2008,1009.6,31.1,25.1,28.5,84.0,96.0,74.0,SE,3,E,10,2.7,,7.0
8/15/2008,1008.7,31.8,24.9,28.0,85.0,99.0,69.0,VRB,1,NW,5,0.6,,7.0
8/16/2008,1009.0,32.0,24.8,28.0,80.0,97.0,67.0,ENE,3,ENE,8,0.0,,3.0
8/17/2008,1010.2,31.7,24.8,28.4,77.0,90.0,66.0,NE,5,NNW,22,2.0,,4.0
8/18/2008,1010.8,31.6,26.4,28.7,76.0,92.0,68.0,N,4,NW,11,0.4,,5.0
8/19/2008,1011.5,32.4,24.0,28.2,80.0,97.0,63.0,NW,5,WNW,18,10.5,,7.0
8/20/2008,1012.6,30.6,26.1,27.5,80.0,94.0,73.0,NW,5,NW,16,0.0,,7.0
8/21/2008,1012.0,29.6,25.6,27.9,80.0,86.0,77.0,W,5,NW,18,0.3,,7.0
8/22/2008,1011.2,30.9,24.0,27.5,84.0,93.0,74.0,W,11,SW,28,31.8,,7.0
8/23/2008,1010.9,29.4,26.4,27.3,81.0,95.0,74.0,W,12,W,24,0.1,,8.0
8/24/2008,1011.0,28.7,22.9,26.1,85.0,100.0,75.0,WNW,11,NW,32,46.9,,7.0
8/25/2008,1010.2,29.7,25.4,27.2,82.0,87.0,75.0,W,10,WSW,24,1.3,,7.0
8/26/2008,1009.8,31.0,25.5,28.4,80.0,89.0,74.0,W,12,W,24,3.5,,7.0
8/27/2008,1009.6,31.5,26.0,28.4,81.0,92.0,74.0,W,10,W,32,0.05,,7.0
8/28/2008,1009.4,32.1,26.2,28.8,79.0,89.0,70.0,WNW,8,WNW,23,0.7,,7.0
8/29/2008,1009.3,31.0,24.0,27.3,84.0,96.0,72.0,WSW,6,SW,28,10.7,,7.0
8/30/2008,1010.1,28.1,24.0,26.1,88.0,96.0,80.0,WSW,6,WSW,26,23.5,,7.0
8/31/2008,1010.0,31.1,26.4,28.4,78.0,87.0,70.0,SSW,7,W,16,1.1,,5.0
9/1/2008,1009.9,31.3,26.7,28.7,79.0,87.0,71.0,WSW,6,W,17,0.05,,6.0
9/2/2008,1009.8,31.9,27.6,29.1,78.0,84.0,70.0,W,10,W,19,0.05,,7.0
9/3/2008,1010.1,31.2,27.8,28.9,74.0,80.0,68.0,WSW,9,SW,16,0.0,,3.0
9/4/2008,1010.5,31.1,27.4,28.8,73.0,77.0,67.0,WSW,7,WSW,15,0.0,,5.0
9/5/2008,1010.5,31.0,27.5,28.9,74.0,80.0,66.0,WSW,8,W,15,0.0,,4.0
9/6/2008,1010.7,31.4,27.2,28.8,76.0,82.0,68.0,SSW,7,SSW,14,0.05,,3.0
9/7/2008,1010.7,31.8,27.0,28.8,75.0,83.0,67.0,SSW,6,S,15,0.05,,5.0
9/8/2008,1010.8,31.2,27.9,29.0,75.0,80.0,66.0,WSW,7,S,14,0.05,,4.0
9/9/2008,1010.4,32.0,28.1,29.2,78.0,86.0,70.0,W,11,W,20,0.6,,5.0
9/10/2008,1009.4,32.1,26.2,29.3,78.0,85.0,71.0,W,13,W,29,1.1,,5.0
9/11/2008,1008.9,31.3,27.7,29.3,76.0,81.0,69.0,WSW,11,WSW,20,0.0,,3.0
9/12/2008,1009.1,31.9,27.1,29.1,76.0,85.0,68.0,W,6,W,14,0.0,,5.0
9/13/2008,1010.7,31.8,25.5,28.6,80.0,92.0,70.0,VRB,2,WNW,7,0.0,,4.0
9/14/2008,1011.9,32.1,27.8,29.0,77.0,93.0,67.0,NW,3,NW,10,0.0,,5.0
9/15/2008,1011.9,31.7,25.4,28.4,77.0,89.0,66.0,N,3,NNW,7,0.0,,6.0
9/16/2008,1011.7,31.8,27.4,28.7,77.0,91.0,69.0,NW,4,NW,9,0.0,,7.0
9/17/2008,1011.3,32.4,28.1,29.5,76.0,81.0,69.0,NW,5,NW,13,0.0,,4.0
9/18/2008,1010.8,32.1,26.6,29.1,77.0,84.0,71.0,NW,6,NNW,15,0.0,,4.0
9/19/2008,1011.1,32.2,24.9,29.1,73.0,80.0,65.0,WNW,4,NNW,11,0.0,,2.0
9/20/2008,1011.6,31.8,25.4,28.6,76.0,92.0,66.0,NW,3,NW,9,0.0,,3.0
9/21/2008,1010.8,31.5,25.9,28.3,78.0,91.0,68.0,NNW,3,NE,10,0.0,,2.0
9/22/2008,1010.5,31.9,27.6,29.1,75.0,86.0,67.0,WNW,4,W,10,0.0,,3.0
9/23/2008,1010.5,32.8,26.4,29.4,72.0,83.0,62.0,W,4,W,9,0.05,,2.0
9/24/2008,1011.3,32.2,28.0,29.3,75.0,90.0,66.0,SSW,6,WSW,14,0.2,,3.0
9/25/2008,1011.9,32.4,26.6,29.5,76.0,83.0,67.0,S,8,WSW,23,0.2,,4.0
9/26/2008,1011.9,32.9,25.4,28.5,80.0,93.0,66.0,W,9,W,28,1.8,,7.0
9/27/2008,1012.0,31.2,25.7,28.1,79.0,88.0,72.0,W,12,W,28,0.4,,7.0
9/28/2008,1012.3,31.4,24.4,27.1,84.0,93.0,74.0,WNW,9,W,34,12.8,,7.0
9/29/2008,1011.4,31.0,25.6,28.2,76.0,90.0,67.0,WNW,3,NNW,11,0.05,,6.0
9/30/2008,1010.5,30.1,26.4,28.1,79.0,89.0,72.0,WNW,5,NW,14,0.05,,7.0
10/1/2008,1010.3,31.3,26.0,28.2,79.0,89.0,73.0,W,10,W,35,2.8,,7.0
10/2/2008,1009.8,29.4,24.4,27.6,82.0,93.0,76.0,W,10,W,35,5.5,,7.0
10/3/2008,1010.1,32.3,24.6,27.9,84.0,96.0,74.0,W,6,WSW,26,4.1,,6.0
10/4/2008,1010.4,31.9,27.2,28.6,81.0,96.0,74.0,WSW,5,W,15,0.3,,5.0
10/5/2008,1011.0,32.8,26.2,29.1,78.0,87.0,69.0,W,6,WNW,22,0.05,,4.0
10/6/2008,1011.4,31.5,25.8,28.8,78.0,88.0,68.0,W,11,W,22,4.8,,3.0
10/7/2008,1011.9,30.4,23.3,26.9,86.0,98.0,75.0,W,8,W,28,47.1,,7.0
10/8/2008,1010.8,28.8,24.7,26.8,83.0,92.0,76.0,WNW,10,WSW,27,0.1,,7.0
10/9/2008,1011.3,31.9,27.0,28.4,79.0,93.0,68.0,W,4,WNW,14,0.05,,7.0
10/10/2008,1011.7,32.5,24.9,28.7,79.0,89.0,71.0,W,4,WSW,14,0.05,,6.0
10/11/2008,1011.6,30.0,24.9,27.4,83.0,93.0,78.0,W,11,SW,22,18.3,,7.0
10/12/2008,1010.6,28.4,23.6,25.9,90.0,98.0,80.0,W,16,WSW,33,95.2,,7.0
10/13/2008,1009.4,31.0,24.6,27.4,84.0,94.0,72.0,W,15,W,30,17.3,,7.0
10/14/2008,1009.0,30.8,24.5,27.7,84.0,95.0,74.0,W,17,W,33,14.1,,7.0
10/15/2008,1008.7,28.1,25.0,26.9,86.0,95.0,80.0,W,17,W,32,10.4,,7.0
10/16/2008,1007.8,31.1,25.5,28.4,81.0,88.0,77.0,W,17,W,31,1.4,,7.0
10/17/2008,1007.4,30.9,25.5,28.9,80.0,88.0,73.0,W,15,W,24,1.1,,7.0
10/18/2008,1008.7,31.1,26.9,28.4,83.0,88.0,75.0,W,9,W,41,1.7,,7.0
10/19/2008,1009.2,31.8,27.1,29.0,80.0,87.0,72.0,W,8,W,16,0.0,,6.0
10/20/2008,1008.9,31.2,27.0,28.5,78.0,85.0,70.0,WSW,5,SW,13,0.0,,6.0
10/21/2008,1009.2,31.0,27.0,28.5,76.0,81.0,69.0,SW,7,SSW,14,0.0,,5.0
10/22/2008,1009.7,31.4,27.3,28.6,77.0,85.0,69.0,SSW,9,SSW,19,0.0,,6.0
10/23/2008,1010.9,31.1,27.2,28.7,74.0,81.0,64.0,SSW,10,SSW,21,0.0,,4.0
10/24/2008,1011.9,31.1,27.1,28.6,75.0,83.0,65.0,WSW,8,SSW,19,0.0,,2.0
10/25/2008,1011.8,31.2,27.6,28.8,76.0,83.0,70.0,WSW,8,WSW,18,0.0,,6.0
10/26/2008,1011.8,31.2,27.4,28.8,77.0,82.0,70.0,WSW,11,W,17,0.0,,6.0
10/27/2008,1011.7,31.2,27.3,28.7,76.0,82.0,70.0,WSW,9,WSW,16,0.0,,5.0
10/28/2008,1011.0,31.8,26.8,28.7,79.0,86.0,73.0,W,7,W,13,0.0,,5.0
10/29/2008,1011.4,31.8,25.5,28.2,81.0,90.0,71.0,W,5,W,12,0.05,,7.0
10/30/2008,1012.2,31.6,26.1,28.6,80.0,89.0,71.0,WNW,4,WNW,9,0.1,,5.0
10/31/2008,1012.3,31.6,24.1,27.7,79.0,95.0,67.0,W,3,W,8,0.0,,4.0
11/1/2008,1011.4,31.7,25.2,28.0,79.0,95.0,68.0,W,3,W,8,0.0,,4.0
11/2/2008,1010.9,32.0,27.2,28.8,74.0,90.0,64.0,W,4,W,9,0.0,,1.0
11/3/2008,1010.9,32.6,26.8,29.1,73.0,81.0,65.0,W,4,NW,9,0.0,,2.0
11/4/2008,1010.3,31.7,26.7,28.8,73.0,79.0,67.0,NW,4,NW,9,0.0,,2.0
11/5/2008,1009.5,30.8,24.9,28.2,74.0,88.0,65.0,N,4,NNW,10,0.0,,2.0
11/6/2008,1009.3,31.4,25.4,27.8,78.0,89.0,65.0,VRB,2,SE,8,0.0,,5.0
11/7/2008,1010.0,31.1,25.3,28.4,79.0,96.0,68.0,SSE,3,ESE,11,1.8,,3.0
11/8/2008,1010.6,31.1,26.6,28.6,78.0,95.0,70.0,SSW,4,ESE,8,0.0,,2.0
11/9/2008,1010.5,32.3,25.2,28.5,81.0,95.0,65.0,W,3,S,9,0.8,,3.0
11/10/2008,1010.0,31.8,23.6,28.0,83.0,98.0,69.0,SW,6,WSW,21,24.8,,7.0
11/11/2008,1010.0,30.4,23.9,26.7,90.0,100.0,78.0,W,7,WSW,23,95.7,,7.0
11/12/2008,1009.3,28.2,24.4,26.8,87.0,97.0,82.0,WNW,9,W,24,25.4,,7.0
11/13/2008,1008.9,31.9,24.0,26.9,87.0,98.0,73.0,W,7,W,23,65.7,,7.0
11/14/2008,1008.7,28.2,25.4,27.0,85.0,93.0,78.0,W,13,WSW,32,11.1,,7.0
11/15/2008,1008.1,30.2,27.0,28.1,82.0,89.0,71.0,W,13,W,29,0.05,,7.0
11/16/2008,1007.7,31.8,24.6,28.1,83.0,91.0,74.0,W,13,W,35,10.7,,7.0
11/17/2008,1007.4,31.7,27.2,28.5,79.0,89.0,71.0,NW,12,WNW,20,0.05,,7.0
11/18/2008,1008.6,31.4,26.6,28.5,78.0,84.0,72.0,NW,10,WNW,17,0.05,,4.0
11/19/2008,1010.3,31.7,27.2,28.6,77.0,83.0,69.0,WNW,8,NW,14,0.0,,2.0
11/20/2008,1011.1,31.7,26.2,28.9,76.0,83.0,70.0,W,11,W,22,0.7,,5.0
11/21/2008,1010.7,30.1,26.0,27.8,84.0,90.0,79.0,W,11,WNW,25,0.9,,7.0
11/22/2008,1010.4,31.7,24.8,28.2,83.0,96.0,71.0,WNW,7,SW,17,5.6,,6.0
11/23/2008,1011.2,30.0,24.6,27.5,84.0,96.0,74.0,W,12,WSW,31,17.4,,7.0
11/24/2008,1011.4,30.4,27.6,28.7,75.0,82.0,69.0,WSW,12,WSW,23,0.0,,5.0
11/25/2008,1011.1,31.1,25.2,28.8,76.0,89.0,70.0,W,12,W,31,4.6,,5.0
11/26/2008,1010.3,30.3,27.6,28.6,78.0,90.0,71.0,W,13,W,21,0.0,,6.0
11/27/2008,1009.6,31.7,27.3,29.1,78.0,85.0,72.0,W,13,W,23,0.05,,3.0
11/28/2008,1010.7,30.9,27.0,28.8,79.0,85.0,70.0,WSW,9,WSW,18,1.6,,4.0
11/29/2008,1012.1,32.2,26.0,28.8,82.0,89.0,73.0,WNW,7,W,23,3.0,,6.0
11/30/2008,1012.2,32.1,26.6,28.8,82.0,90.0,73.0,WNW,6,WNW,13,0.05,,4.0
12/1/2008,1011.7,31.8,27.4,28.9,78.0,90.0,69.0,W,7,W,14,0.05,,3.0
12/2/2008,1010.4,31.2,23.8,28.9,77.0,84.0,69.0,WSW,7,W,27,9.6,,3.0
12/3/2008,1010.2,31.2,25.3,27.6,83.0,97.0,72.0,W,6,NW,20,0.05,,6.0
12/4/2008,1011.0,31.4,24.9,28.0,81.0,93.0,69.0,WNW,5,NW,14,0.0,,5.0
12/5/2008,1012.3,31.7,25.7,28.1,80.0,95.0,68.0,NNE,3,W,7,0.05,,5.0
12/6/2008,1012.0,30.8,25.6,28.0,79.0,89.0,69.0,NNE,3,N,8,0.05,,3.0
12/7/2008,1011.2,31.7,24.6,28.1,79.0,92.0,63.0,VRB,2,W,6,0.0,,3.0
12/8/2008,1011.0,31.2,26.9,28.2,78.0,94.0,69.0,SSW,6,S,14,0.0,,4.0
12/9/2008,1011.3,31.2,27.5,28.7,77.0,83.0,67.0,W,8,WSW,14,0.05,,5.0
12/10/2008,1011.7,32.8,24.8,29.0,79.0,93.0,68.0,W,9,W,32,4.2,,6.0
12/11/2008,1011.2,31.7,24.9,27.8,84.0,95.0,73.0,W,12,W,35,3.8,,6.0
12/12/2008,1010.4,30.2,24.1,27.1,84.0,92.0,78.0,W,13,W,33,21.2,,7.0
12/13/2008,1010.9,30.2,23.6,27.3,85.0,95.0,76.0,W,6,WNW,25,86.4,,7.0
12/14/2008,1011.0,28.8,23.9,26.0,89.0,98.0,81.0,NW,6,WNW,32,4.8,,7.0
12/15/2008,1010.2,30.9,24.7,27.5,84.0,95.0,75.0,NNW,3,NW,10,0.0,,3.0
12/16/2008,1009.4,30.4,25.4,27.7,82.0,95.0,69.0,NE,4,NNE,14,0.2,,3.0
12/17/2008,1009.5,30.5,24.1,27.9,83.0,97.0,75.0,NE,6,NE,23,22.3,,3.0
12/18/2008,1008.9,30.1,25.1,27.1,86.0,98.0,77.0,E,5,SSE,16,12.2,,6.0
12/19/2008,1009.5,30.3,25.5,27.5,85.0,95.0,73.0,S,7,SSE,21,3.6,,6.0
12/20/2008,1010.5,31.4,24.5,28.5,78.0,91.0,69.0,W,7,W,24,10.2,,4.0
12/21/2008,1010.7,30.2,24.1,26.5,87.0,97.0,74.0,NNE,4,W,23,2.9,,6.0
12/22/2008,1010.8,30.9,26.5,27.9,80.0,98.0,69.0,NNW,3,N,8,0.0,,3.0
12/23/2008,1010.9,30.6,24.7,27.7,80.0,95.0,68.0,NE,6,NE,17,10.5,,4.0
12/24/2008,1011.0,29.1,23.2,26.6,86.0,97.0,79.0,NE,7,NE,23,32.8,,7.0
12/25/2008,1010.9,30.7,23.5,27.1,84.0,95.0,76.0,NNE,9,NE,26,17.5,,7.0
12/26/2008,1011.8,28.2,22.8,26.1,86.0,97.0,73.0,SSW,4,NE,21,3.8,,7.0
12/27/2008,1011.5,31.0,26.5,28.1,79.0,89.0,73.0,NE,7,N,14,0.0,,5.0
12/28/2008,1010.7,30.7,26.1,28.1,73.0,77.0,64.0,NNE,9,NNE,15,0.05,,3.0
12/29/2008,1010.8,30.5,25.7,27.8,70.0,85.0,63.0,NE,8,NE,15,0.0,,3.0
12/30/2008,1011.2,30.7,26.2,27.7,71.0,77.0,62.0,NNE,8,NNE,16,0.0,,2.0
12/31/2008,1011.0,30.9,25.4,27.6,69.0,77.0,63.0,NNE,8,NNE,18,0.05,,2.0
1/1/2009,1011.0,30.5,25.6,27.7,68.0,74.0,63.0,NNE,7,NNE,17,0.0,,3.0
1/2/2009,1011.5,30.3,26.4,27.6,67.0,76.0,58.0,NNE,7,N,14,0.0,,2.0
1/3/2009,1011.9,30.8,26.4,27.9,73.0,83.0,66.0,NE,9,NE,17,0.0,,4.0
1/4/2009,1010.8,30.8,26.0,27.8,71.0,78.0,62.0,NNE,10,NNE,21,0.0,,3.0
1/5/2009,1010.1,30.2,25.2,27.4,74.0,84.0,66.0,NNE,7,NE,14,0.0,,5.0
1/6/2009,1010.2,30.3,26.2,27.6,77.0,87.0,69.0,NE,6,ENE,12,0.0,,6.0
1/7/2009,1010.8,30.2,26.8,28.1,76.0,81.0,70.0,ENE,5,NE,12,0.0,,3.0
1/8/2009,1011.5,30.5,27.3,28.3,79.0,83.0,72.0,E,6,ENE,16,0.0,,3.0
1/9/2009,1012.1,30.7,27.2,28.3,78.0,83.0,73.0,NE,9,NE,19,0.0,,2.0
1/10/2009,1011.4,30.8,26.4,28.4,78.0,84.0,70.0,ENE,6,NE,15,0.2,,2.0
1/11/2009,1012.6,30.9,27.3,28.4,78.0,84.0,70.0,ENE,7,NE,16,0.0,,3.0
1/12/2009,1013.4,30.8,26.2,28.3,77.0,87.0,68.0,NE,9,NE,19,1.4,,3.0
1/13/2009,1013.3,30.2,27.1,28.2,75.0,84.0,69.0,NE,10,NE,20,0.0,,3.0
1/14/2009,1013.0,30.9,24.0,29.4,79.0,90.0,71.0,ENE,7,NE,18,28.5,,5.0
1/15/2009,1013.5,30.5,23.5,27.1,83.0,98.0,70.0,ENE,7,ENE,17,8.7,,7.0
1/16/2009,1012.9,30.7,25.9,28.1,77.0,86.0,72.0,NE,9,NE,17,0.05,,5.0
1/17/2009,1012.3,30.8,25.1,28.1,76.0,81.0,72.0,NE,10,NNE,21,1.1,,5.0
1/18/2009,1011.4,30.4,26.4,28.0,75.0,85.0,68.0,NE,8,NE,17,0.05,,6.0
1/19/2009,1010.7,31.0,26.6,28.1,75.0,84.0,65.0,NE,8,NE,15,0.0,,5.0
1/20/2009,1011.1,30.5,26.6,28.1,76.0,81.0,67.0,NE,7,NE,14,0.0,,4.0
1/21/2009,1011.2,30.9,25.5,27.9,82.0,93.0,73.0,NE,6,ENE,18,0.05,,6.0
1/22/2009,1009.9,30.7,26.6,28.1,79.0,90.0,71.0,NNE,7,NE,15,0.0,,7.0
1/23/2009,1009.8,30.5,26.1,28.0,72.0,78.0,65.0,NNE,8,NNE,17,0.0,,5.0
1/24/2009,1010.0,30.8,23.6,27.2,69.0,83.0,56.0,NNE,5,NNE,15,0.0,,6.0
1/25/2009,1010.2,30.6,24.6,26.9,73.0,85.0,59.0,NNE,5,NNE,15,0.0,,7.0
1/26/2009,1011.6,30.2,23.6,26.8,77.0,89.0,68.0,ENE,3,ENE,9,2.2,,7.0
1/27/2009,1011.4,30.6,24.7,27.1,79.0,97.0,68.0,NNE,3,S,18,0.0,,6.0
1/28/2009,1011.1,30.6,25.6,27.6,78.0,88.0,66.0,NNE,4,N,11,0.05,,5.0
1/29/2009,1010.7,30.4,24.4,27.8,81.0,97.0,71.0,NE,5,NE,22,12.7,,7.0
1/30/2009,1010.1,30.9,27.0,28.5,77.0,84.0,71.0,ENE,9,NE,21,0.5,,7.0
1/31/2009,1010.1,31.3,26.4,28.3,74.0,82.0,68.0,NE,11,NE,19,3.0,,5.0
2/1/2009,1011.6,31.0,23.4,26.5,87.0,100.0,72.0,NNE,7,NE,27,58.5,,7.0
2/2/2009,1012.2,28.1,23.4,26.1,85.0,97.0,74.0,NNE,4,NNE,14,0.6,,7.0
2/3/2009,1012.2,30.5,23.6,27.2,83.0,91.0,77.0,NNE,6,NNE,22,7.1,,6.0
2/4/2009,1013.0,30.2,23.1,26.8,88.0,98.0,75.0,NE,5,NW,23,98.6,,7.0
2/5/2009,1012.5,30.4,25.4,27.3,78.0,98.0,62.0,NE,7,NE,14,0.0,,5.0
2/6/2009,1012.0,30.9,26.2,27.9,71.0,80.0,66.0,NNE,7,NNE,15,0.0,,2.0
2/7/2009,1011.6,31.2,24.1,27.9,67.0,81.0,54.0,NNE,8,NNE,20,0.0,,1.0
2/8/2009,1012.5,30.2,26.2,27.4,71.0,83.0,64.0,N,7,N,17,0.0,,1.0
2/9/2009,1012.2,31.2,26.4,28.1,68.0,76.0,56.0,NNE,11,NNE,22,0.0,,4.0
2/10/2009,1012.4,31.2,22.74,27.5,67.0,83.0,51.0,NNE,6,NNE,15,0.0,,1.0
2/11/2009,1012.2,30.1,23.3,27.0,70.0,86.0,59.0,NE,4,NE,10,0.0,,4.0
2/12/2009,1012.2,30.2,23.6,27.3,69.0,77.0,61.0,NNW,6,NNW,16,0.0,,4.0
2/13/2009,1011.3,30.0,25.0,27.2,70.0,82.0,59.0,N,5,NNW,14,0.0,,3.0
2/14/2009,1010.6,30.5,24.8,27.6,79.0,93.0,71.0,NNW,4,NNW,11,0.0,,3.0
2/15/2009,1010.1,30.8,25.3,27.6,73.0,87.0,63.0,NNE,5,N,13,0.0,,2.0
2/16/2009,1010.4,30.8,25.2,27.8,73.0,83.0,66.0,NNE,5,NE,12,0.0,,2.0
2/17/2009,1010.3,30.8,24.4,27.5,73.0,84.0,65.0,NNE,5,NNE,13,0.0,,2.0
2/18/2009,1009.3,30.8,26.1,27.9,73.0,84.0,61.0,NNE,6,NNE,16,0.0,,2.0
2/19/2009,1008.6,31.4,25.2,28.2,69.0,78.0,58.0,NNE,7,NNE,21,0.0,,2.0
2/20/2009,1009.9,30.6,25.2,27.7,72.0,89.0,59.0,NNE,4,NE,16,0.05,,2.0
2/21/2009,1009.4,31.2,23.8,27.7,82.0,95.0,71.0,ENE,4,ESE,16,19.9,,5.0
2/22/2009,1008.4,30.6,24.8,27.5,84.0,93.0,71.0,E,5,SE,20,8.4,,4.0
2/23/2009,1009.6,31.0,27.0,28.6,76.0,85.0,70.0,E,6,E,14,0.0,,2.0
2/24/2009,1010.6,30.8,24.6,28.5,73.0,77.0,65.0,ENE,5,NE,12,0.0,,2.0
2/25/2009,1010.3,30.8,23.6,27.6,81.0,93.0,71.0,NE,3,NNE,10,0.0,,3.0
2/26/2009,1010.1,31.6,23.4,27.2,80.0,92.0,68.0,VRB,2,NNW,20,0.0,,3.0
2/27/2009,1010.6,31.2,24.1,27.6,76.0,95.0,63.0,NE,3,NE,9,0.0,,4.0
2/28/2009,1010.4,30.8,24.2,27.3,77.0,92.0,63.0,VRB,2,NE,8,0.0,,5.0
3/1/2009,1010.1,32.1,27.2,28.9,74.0,88.0,62.0,NW,6,NW,13,0.0,,3.0
3/2/2009,1010.4,32.1,27.1,28.9,75.0,81.0,68.0,NW,8,NNW,14,0.05,,3.0
3/3/2009,1011.2,32.2,25.8,28.9,72.0,80.0,62.0,W,5,WNW,11,0.0,,4.0
3/4/2009,1011.0,32.5,27.0,28.9,73.0,82.0,63.0,W,5,W,11,0.0,,4.0
3/5/2009,1010.7,32.3,26.9,29.0,74.0,81.0,64.0,WNW,6,NW,13,0.05,,5.0
3/6/2009,1011.4,32.4,26.8,27.0,74.0,82.0,64.0,NW,7,WNW,16,0.0,,3.0
3/7/2009,1010.4,32.0,27.0,29.1,74.0,82.0,60.0,W,7,W,13,0.0,,2.0
3/8/2009,1009.5,32.5,27.0,29.1,76.0,85.0,65.0,W,8,W,16,0.0,,4.0
3/9/2009,1010.0,32.5,26.4,29.2,76.0,83.0,66.0,WNW,5,WNW,11,0.0,,2.0
3/10/2009,1010.4,31.2,25.2,28.2,78.0,88.0,68.0,NE,3,NE,11,0.0,,2.0
3/11/2009,1010.7,31.0,26.9,28.7,75.0,85.0,66.0,E,4,E,9,0.0,,1.0
3/12/2009,1010.6,31.4,25.0,28.4,76.0,87.0,67.0,VRB,2,SE,8,0.0,,1.0
3/13/2009,1011.4,31.2,24.8,28.1,80.0,93.0,70.0,VRB,2,E,9,0.0,,1.0
3/14/2009,1011.4,32.4,24.3,28.3,80.0,93.0,67.0,VRB,2,WNW,20,11.3,,4.0
3/15/2009,1010.8,31.6,25.9,28.3,80.0,93.0,70.0,WNW,3,NNW,13,0.05,,3.0
3/16/2009,1010.1,31.2,24.9,28.1,82.0,94.0,71.0,VRB,2,E,13,0.0,,2.0
3/17/2009,1009.9,31.7,25.3,28.0,81.0,95.0,68.0,VRB,2,S,13,0.1,,3.0
3/18/2009,1010.2,31.7,26.4,28.6,77.0,93.0,68.0,NNE,3,N,8,0.05,,3.0
3/19/2009,1010.6,31.9,27.6,29.2,76.0,89.0,68.0,NNW,3,NE,9,0.0,,3.0
3/20/2009,1010.8,32.8,27.5,29.7,73.0,82.0,64.0,WNW,5,NW,10,0.0,,3.0
3/21/2009,1010.0,33.2,27.4,29.8,72.0,80.0,62.0,WNW,4,NW,10,0.0,,2.0
3/22/2009,1009.5,32.8,23.9,28.3,75.0,91.0,61.0,VRB,2,NW,9,0.0,,3.0
3/23/2009,1010.7,32.2,24.0,27.9,76.0,92.0,62.0,VRB,1,ENE,8,0.0,,2.0
3/24/2009,1010.9,32.5,25.3,28.4,74.0,92.0,59.0,VRB,2,NW,6,0.0,,1.0
3/25/2009,1010.6,32.1,26.6,29.4,74.0,92.0,63.0,NE,4,NE,10,4.7,,3.0
3/26/2009,1009.9,32.0,26.1,29.6,74.0,89.0,67.0,E,4,ESE,12,0.3,,2.0
3/27/2009,1010.4,31.8,25.0,29.3,76.0,86.0,69.0,ESE,4,SE,15,1.2,,3.0
3/28/2009,1010.1,32.1,25.2,28.7,78.0,93.0,68.0,E,3,S,12,0.3,,3.0
3/29/2009,1009.9,32.2,28.0,29.3,76.0,95.0,63.0,WSW,4,NW,13,0.05,,3.0
3/30/2009,1009.2,33.3,25.1,28.8,80.0,94.0,65.0,W,4,WNW,14,12.8,,5.0
3/31/2009,1007.6,31.8,25.9,29.0,76.0,93.0,68.0,E,4,SSE,14,0.2,,3.0
4/1/2009,1008.5,32.1,24.1,28.6,80.0,95.0,66.0,VRB,2,S,10,0.1,,3.0
4/2/2009,1009.2,32.7,26.0,28.8,81.0,94.0,67.0,WSW,3,ESE,14,17.2,,5.0
4/3/2009,1009.7,32.0,26.0,28.9,80.0,93.0,70.0,W,3,WNW,10,2.5,,5.0
4/4/2009,1009.9,33.2,27.6,29.7,76.0,86.0,64.0,W,3,W,13,0.05,,5.0
4/5/2009,1010.0,31.9,24.9,28.0,83.0,93.0,73.0,WNW,3,N,15,18.5,,7.0
4/6/2009,1009.2,32.0,26.3,28.8,81.0,93.0,74.0,NW,5,NW,15,2.6,,7.0
4/7/2009,1009.3,30.4,25.0,26.8,88.0,97.0,79.0,W,11,NNW,32,41.8,,8.0
4/8/2009,1008.5,30.1,26.5,28.3,79.0,88.0,74.0,NW,12,W,32,0.05,,7.0
4/9/2009,1008.5,32.7,24.2,28.5,83.0,98.0,70.0,W,6,NW,30,48.5,,7.0
4/10/2009,1008.5,32.7,25.6,28.4,85.0,98.0,72.0,WNW,6,NNW,22,6.6,,7.0
4/11/2009,1008.7,32.3,28.2,29.4,78.0,90.0,70.0,NW,7,NW,14,0.0,,7.0
4/12/2009,1008.5,32.1,28.3,29.4,78.0,83.0,70.0,W,10,W,18,0.0,,6.0
4/13/2009,1008.6,32.3,28.4,29.6,77.0,82.0,71.0,W,14,W,22,0.0,,6.0
4/14/2009,1008.9,32.1,28.4,29.8,78.0,83.0,72.0,WNW,14,WNW,22,0.0,,4.0
4/15/2009,1009.6,32.0,28.1,29.7,76.0,81.0,70.0,WNW,15,W,23,0.0,,5.0
4/16/2009,1008.3,31.8,28.0,29.5,77.0,83.0,72.0,W,13,WNW,21,0.0,,4.0
4/17/2009,1008.3,32.4,27.5,29.5,77.0,84.0,70.0,W,10,W,16,0.0,,3.0
4/18/2009,1009.8,32.6,27.4,29.3,77.0,84.0,69.0,W,5,WNW,11,0.0,,3.0
4/19/2009,1011.4,32.6,24.7,28.6,79.0,92.0,67.0,WSW,3,WSW,8,0.0,,2.0
4/20/2009,1010.8,32.3,26.4,28.7,75.0,93.0,63.0,WNW,3,W,7,0.0,,2.0
4/21/2009,1010.3,32.9,27.8,29.5,76.0,84.0,67.0,WNW,5,W,11,0.0,,2.0
4/22/2009,1011.0,33.3,27.4,29.9,77.0,84.0,68.0,W,5,SW,17,0.05,,2.0
4/23/2009,1011.0,33.4,27.8,30.0,78.0,85.0,69.0,W,5,WSW,17,0.0,,2.0
4/24/2009,1010.8,33.2,25.8,29.7,80.0,85.0,72.0,W,6,W,25,10.0,,4.0
4/25/2009,1010.9,33.5,28.1,30.1,77.0,83.0,69.0,W,9,W,14,0.0,,5.0
4/26/2009,1010.4,33.2,25.9,29.4,77.0,89.0,67.0,WNW,4,WNW,10,0.0,,2.0
4/27/2009,1010.4,32.6,24.6,28.3,79.0,93.0,63.0,VRB,1,W,5,0.0,,2.0
4/28/2009,1011.1,32.6,27.2,28.9,76.0,95.0,63.0,SSW,3,SSW,9,0.0,,1.0
4/29/2009,1011.9,32.2,26.4,28.9,78.0,94.0,66.0,SSW,7,SSW,23,1.2,,4.0
4/30/2009,1011.8,31.1,25.0,28.3,80.0,90.0,71.0,SSW,3,SSW,20,0.0,,6.0
5/1/2009,1011.5,33.7,26.1,28.9,77.0,93.0,65.0,VRB,1,S,6,0.0,,2.0
5/2/2009,1012.6,33.2,28.3,29.8,74.0,81.0,63.0,WNW,4,WNW,10,0.0,,4.0
5/3/2009,1012.0,33.8,28.2,30.1,74.0,81.0,68.0,W,4,WNW,13,0.0,,3.0
5/4/2009,1010.7,32.6,25.7,29.6,73.0,93.0,64.0,SSW,6,S,23,3.5,,2.0
5/5/2009,1010.8,32.5,25.4,28.9,79.0,89.0,67.0,S,3,SSW,12,0.0,,2.0
5/6/2009,1010.5,33.0,28.1,29.6,76.0,93.0,64.0,W,3,WNW,8,0.0,,2.0
5/7/2009,1009.5,33.9,28.3,30.0,74.0,83.0,65.0,W,4,WSW,11,0.6,,2.0
5/8/2009,1009.4,32.9,28.5,30.1,75.0,81.0,67.0,SSW,5,S,14,0.05,,4.0
5/9/2009,1009.1,32.2,25.3,28.7,84.0,95.0,70.0,SSW,6,SSW,21,38.0,,5.0
5/10/2009,1008.8,30.8,26.2,27.9,85.0,92.0,78.0,WSW,9,SW,23,10.2,,6.0
5/11/2009,1009.2,30.3,27.0,28.8,81.0,87.0,77.0,WSW,8,WSW,22,3.0,,7.0
5/12/2009,1009.5,31.9,25.9,28.6,83.0,95.0,72.0,SW,10,W,22,9.5,,7.0
5/13/2009,1009.1,30.7,25.9,28.2,83.0,94.0,75.0,WSW,11,W,27,2.4,,7.0
5/14/2009,1008.9,33.0,24.5,27.9,85.0,95.0,73.0,W,11,SW,31,39.0,,7.0
5/15/2009,1009.3,32.1,27.2,29.1,80.0,89.0,67.0,W,8,WSW,19,0.1,,7.0
5/16/2009,1009.9,32.6,28.1,29.5,80.0,90.0,72.0,W,6,SW,14,0.0,,7.0
5/17/2009,1010.0,32.0,28.0,29.5,78.0,90.0,71.0,SW,8,SW,15,0.0,,7.0
5/18/2009,1009.9,32.4,25.9,29.1,79.0,93.0,69.0,SW,9,SW,24,4.3,,7.0
5/19/2009,1010.4,32.1,25.6,29.1,80.0,88.0,71.0,SW,8,WSW,20,13.3,,7.0
5/20/2009,1010.0,30.9,22.9,27.0,88.0,95.0,80.0,WSW,11,WSW,41,74.6,,7.0
5/21/2009,1009.9,31.2,23.6,27.9,80.0,100.0,70.0,S,9,WSW,50,0.2,,5.0
5/22/2009,1009.3,31.8,22.9,28.4,77.0,98.0,65.0,SSW,10,W,34,44.0,,6.0
5/23/2009,1008.3,31.2,27.9,29.1,74.0,83.0,69.0,SW,10,SW,19,0.0,,6.0
5/24/2009,1007.8,31.1,28.2,29.7,74.0,81.0,70.0,W,12,WSW,21,0.05,,7.0
5/25/2009,1007.4,31.2,28.6,28.6,77.0,84.0,71.0,WSW,11,WSW,22,0.0,,7.0
5/26/2009,1007.1,31.8,27.6,29.4,80.0,87.0,75.0,WSW,9,W,22,1.7,,7.0
5/27/2009,1008.1,32.5,28.0,29.4,80.0,87.0,72.0,W,9,W,18,0.05,,7.0
5/28/2009,1008.9,32.9,28.6,30.0,80.0,85.0,71.0,W,11,W,18,0.0,,6.0
5/29/2009,1009.8,32.6,27.5,29.6,80.0,86.0,74.0,W,10,W,17,0.05,,5.0
5/30/2009,1009.4,32.1,27.9,29.5,79.0,87.0,72.0,WSW,6,W,14,0.1,,4.0
5/31/2009,1010.0,32.1,27.1,29.5,75.0,84.0,68.0,WSW,5,SW,13,0.0,,3.0
6/1/2009,1010.6,32.4,25.8,29.0,79.0,91.0,69.0,SSW,3,SSW,8,0.0,,5.0
6/2/2009,1011.4,32.1,27.9,29.3,79.0,92.0,70.0,SW,4,WSW,9,0.05,,6.0
6/3/2009,1012.2,32.0,28.0,29.6,75.0,81.0,68.0,WSW,5,WSW,11,0.0,,5.0
6/4/2009,1011.8,32.0,27.6,29.5,72.0,78.0,67.0,SW,6,SW,13,0.05,,4.0
6/5/2009,1010.7,32.3,27.4,29.4,75.0,88.0,66.0,SW,8,SW,25,0.4,,5.0
6/6/2009,1010.2,32.1,28.1,29.5,74.0,80.0,68.0,SSW,11,SSW,19,0.0,,7.0
6/7/2009,1010.5,31.4,23.9,28.5,77.0,83.0,70.0,SSW,7,WSW,31,11.5,,6.0
6/8/2009,1011.2,32.2,25.4,28.8,79.0,91.0,71.0,SSW,5,S,11,0.0,,6.0
6/9/2009,1011.6,31.9,27.5,28.8,80.0,94.0,71.0,SSW,4,S,11,0.05,,3.0
6/10/2009,1011.5,31.2,24.1,28.1,82.0,98.0,72.0,S,8,S,23,33.7,,6.0
6/11/2009,1012.3,29.4,23.9,25.3,89.0,97.0,81.0,S,7,S,24,27.1,,7.0
6/12/2009,1011.6,31.6,27.3,28.7,77.0,88.0,68.0,SSW,6,SSW,15,0.0,,5.0
6/13/2009,1012.6,31.4,25.5,28.4,75.0,86.0,67.0,SSW,5,SSW,11,0.0,,5.0
6/14/2009,1012.4,30.9,25.7,28.2,74.0,85.0,67.0,SSW,5,SSW,11,0.0,,4.0
6/15/2009,1011.5,32.0,26.9,28.8,75.0,85.0,69.0,WSW,5,W,9,0.0,,5.0
6/16/2009,1011.2,31.7,26.9,29.0,73.0,82.0,62.0,WSW,5,SW,12,0.05,,6.0
6/17/2009,1010.2,31.3,24.9,28.5,80.0,95.0,68.0,SSW,8,S,27,28.6,,5.0
6/18/2009,1009.9,29.9,23.8,27.2,82.0,95.0,72.0,SSW,9,W,31,21.1,,7.0
6/19/2009,1010.3,29.9,26.0,27.6,81.0,99.0,74.0,SW,10,W,32,4.3,,7.0
6/20/2009,1010.4,31.0,26.2,28.7,80.0,88.0,73.0,SW,9,SW,23,3.1,,7.0
6/21/2009,1010.8,31.1,24.5,28.0,85.0,96.0,74.0,WSW,8,W,31,30.3,,7.0
6/22/2009,1010.9,30.3,26.0,28.0,83.0,91.0,78.0,SSW,6,SSW,19,0.05,,7.0
6/23/2009,1009.8,30.3,26.4,28.5,79.0,84.0,73.0,SSW,6,W,16,0.2,,7.0
6/24/2009,1010.0,29.1,24.1,26.8,87.0,97.0,80.0,W,5,SSW,17,21.8,,6.0
6/25/2009,1010.6,30.4,26.1,28.3,81.0,86.0,77.0,W,6,SW,16,0.05,,7.0
6/26/2009,1010.4,31.8,27.7,29.1,75.0,81.0,72.0,W,7,WSW,13,0.0,,6.0
6/27/2009,1010.0,31.9,27.6,29.0,75.0,79.0,68.0,WSW,7,W,15,0.0,,7.0
6/28/2009,1009.5,31.8,24.9,28.5,76.0,88.0,68.0,SSW,5,SW,12,0.0,,6.0
6/29/2009,1009.3,31.4,25.9,28.4,77.0,93.0,65.0,SSW,4,WSW,25,4.6,,7.0
6/30/2009,1010.7,31.2,26.3,28.8,78.0,89.0,70.0,WSW,8,WSW,16,1.0,,6.0
7/1/2009,1011.4,31.8,27.4,29.0,76.0,87.0,70.0,SW,7,SW,16,0.0,,6.0
7/2/2009,1010.5,31.7,27.4,28.9,76.0,82.0,69.0,WSW,4,WSW,11,0.0,,6.0
7/3/2009,1009.6,31.2,25.4,28.7,77.0,90.0,69.0,SSW,5,SSW,18,0.9,,5.0
7/4/2009,1008.9,32.5,25.7,28.2,83.0,96.0,70.0,VRB,2,WSW,10,0.0,,7.0
7/5/2009,1008.5,31.0,27.8,28.8,78.0,89.0,72.0,SSE,5,S,12,0.0,,6.0
7/6/2009,1008.6,30.9,27.8,28.8,81.0,85.0,76.0,ESE,5,ESE,13,0.0,,7.0
7/7/2009,1009.2,31.8,24.0,28.5,78.0,93.0,63.0,E,4,S,20,2.0,,6.0
7/8/2009,1010.4,31.0,25.2,27.3,82.0,92.0,67.0,S,7,W,30,1.4,,7.0
7/9/2009,1010.4,30.3,24.4,27.2,84.0,97.0,75.0,SE,4,WNW,23,11.4,,7.0
7/10/2009,1010.5,31.0,27.2,28.8,78.0,86.0,72.0,SE,5,SE,13,0.05,,7.0
7/11/2009,1011.1,31.4,27.6,29.0,78.0,85.0,72.0,ESE,4,ESE,9,0.0,,4.0
7/12/2009,1010.8,31.7,26.9,28.9,78.0,86.0,69.0,SSW,3,ESE,10,0.05,,3.0
7/13/2009,1010.9,31.7,27.8,29.1,78.0,90.0,71.0,SSW,6,SSW,16,0.05,,5.0
7/14/2009,1010.2,31.4,27.2,29.1,75.0,81.0,67.0,S,11,SSW,18,1.3,,7.0
7/15/2009,1009.8,31.0,26.4,28.6,81.0,88.0,72.0,S,10,SSE,20,2.8,,7.0
7/16/2009,1009.8,29.8,25.2,27.9,84.0,93.0,79.0,SSE,8,SSE,21,11.2,,7.0
7/17/2009,1009.7,30.6,28.0,28.8,81.0,83.0,78.0,SSE,8,SSE,20,0.05,,7.0
7/18/2009,1010.7,31.0,27.4,28.9,81.0,86.0,76.0,SE,6,SE,16,1.7,,4.0
7/19/2009,1011.4,30.7,26.3,28.6,81.0,90.0,72.0,SSE,3,SSE,8,0.0,,5.0
7/20/2009,1011.4,32.3,23.9,28.9,79.0,95.0,70.0,W,6,SW,24,6.1,,6.0
7/21/2009,1011.7,30.3,24.8,27.4,83.0,89.0,74.0,SSW,7,SW,27,3.2,,7.0
7/22/2009,1010.8,31.8,25.7,28.4,78.0,87.0,68.0,SW,4,SSW,9,0.0,,5.0
7/23/2009,1011.1,31.0,24.9,27.8,80.0,92.0,69.0,S,3,S,10,0.0,,4.0
7/24/2009,1011.3,33.0,25.5,28.6,79.0,93.0,66.0,VRB,2,WNW,6,0.0,,5.0
7/25/2009,1011.7,32.7,24.1,28.4,79.0,92.0,64.0,VRB,2,WNW,6,0.0,,3.0
7/26/2009,1011.8,31.7,24.4,27.7,78.0,93.0,63.0,VRB,2,S,9,0.0,,2.0
7/27/2009,1011.5,31.4,25.3,28.2,75.0,92.0,65.0,S,4,S,10,0.0,,1.0
7/28/2009,1011.9,31.2,23.6,27.6,75.0,90.0,59.0,SW,3,S,11,0.0,,1.0
7/29/2009,1012.1,31.3,27.4,28.5,74.0,80.0,68.0,SE,4,SSE,9,0.0,,1.0
7/30/2009,1012.6,31.8,27.6,29.0,73.0,78.0,68.0,SE,5,SE,11,0.0,,2.0
7/31/2009,1012.3,31.8,26.8,29.0,75.0,81.0,68.0,S,5,S,14,0.0,,3.0
8/1/2009,1011.8,32.2,26.5,28.8,76.0,87.0,65.0,S,5,SSW,12,0.0,,5.0
8/2/2009,1011.5,33.1,27.8,29.7,74.0,79.0,65.0,W,6,W,12,0.0,,6.0
8/3/2009,1012.0,32.2,25.4,29.0,74.0,88.0,65.0,W,7,NW,23,0.05,,6.0
8/4/2009,1012.1,32.3,25.6,29.0,76.0,86.0,67.0,SW,7,SW,23,0.2,,5.0
8/5/2009,1011.5,31.9,25.6,28.3,78.0,87.0,69.0,SSW,8,S,19,1.1,,7.0
8/6/2009,1011.6,29.8,24.1,26.7,84.0,90.0,78.0,SSW,5,W,30,3.9,,7.0
8/7/2009,1011.4,31.0,25.6,28.3,75.0,86.0,66.0,S,5,SSW,10,0.0,,7.0
8/8/2009,1010.4,31.0,24.2,27.8,83.0,97.0,71.0,WNW,8,NNW,34,59.1,,7.0
8/9/2009,1010.2,28.9,23.1,26.6,86.0,93.0,79.0,WNW,8,WNW,27,19.4,,7.0
8/10/2009,1010.0,30.0,24.2,27.7,82.0,93.0,75.0,WNW,15,WNW,32,11.4,,7.0
8/11/2009,1010.7,30.7,23.4,26.7,87.0,99.0,76.0,W,8,WNW,32,54.5,,7.0
8/12/2009,1010.3,28.8,24.9,27.1,86.0,96.0,80.0,SW,5,W,27,0.1,,7.0
8/13/2009,1010.2,29.8,24.5,27.1,86.0,97.0,77.0,W,5,WNW,37,24.9,,7.0
8/14/2009,1011.2,30.7,25.6,27.5,84.0,95.0,75.0,W,6,NW,29,4.9,,7.0
8/15/2009,1010.9,29.9,23.9,27.6,84.0,94.0,75.0,W,7,SSW,25,15.0,,7.0
8/16/2009,1011.0,29.9,24.8,26.8,85.0,97.0,76.0,W,5,NW,21,2.3,,7.0
8/17/2009,1010.2,30.9,25.0,27.7,82.0,92.0,72.0,WSW,8,WNW,24,3.3,,7.0
8/18/2009,1010.1,30.5,25.0,28.2,78.0,86.0,69.0,WNW,13,WNW,27,0.8,,7.0
8/19/2009,1010.7,29.7,24.1,26.2,88.0,96.0,79.0,W,11,W,24,41.2,,7.0
8/20/2009,1011.6,27.0,23.6,26.2,89.0,95.0,85.0,W,8,SSW,23,12.2,,7.0
8/21/2009,1012.0,30.2,23.6,27.3,84.0,96.0,76.0,WSW,6,SSW,16,0.05,,7.0
8/22/2009,1011.74,31.0,26.6,28.5,77.0,85.0,67.0,SSW,5,SW,10,0.0,,4.0
8/23/2009,1011.5,30.6,25.1,28.3,77.0,83.0,69.0,S,5,S,11,0.0,,4.0
8/24/2009,1011.4,31.6,25.4,28.1,80.0,92.0,71.0,VRB,2,S,9,0.0,,3.0
8/25/2009,1012.0,30.8,24.5,27.2,85.0,96.0,72.0,WSW,3,WNW,17,9.2,,7.0
8/26/2009,1012.4,30.8,25.6,27.4,81.0,92.0,67.0,WSW,8,WSW,23,0.8,,7.0
8/27/2009,1012.6,28.9,24.0,25.9,88.0,96.0,76.0,W,11,W,30,26.9,,7.0
8/28/2009,1012.0,30.8,26.9,28.1,78.0,85.0,71.0,WSW,8,WSW,17,0.05,,7.0
8/29/2009,1011.3,31.3,26.0,28.6,79.0,86.0,73.0,W,6,WSW,13,0.1,,6.0
8/30/2009,1011.8,32.2,24.5,28.0,83.0,96.0,68.0,WSW,3,W,13,4.0,,5.0
8/31/2009,1012.1,31.1,25.4,28.0,80.0,96.0,70.0,VRB,2,SSE,8,0.0,,6.0
9/1/2009,1011.7,31.1,24.2,28.3,78.0,92.0,69.0,S,4,SSW,12,20.8,,5.0
9/2/2009,1011.4,30.8,24.1,27.2,84.0,97.0,71.0,W,9,W,29,21.1,,6.0
9/3/2009,1011.5,30.7,24.0,28.1,82.0,98.0,73.0,WSW,7,W,23,18.4,,6.0
9/4/2009,1012.4,31.8,26.2,29.0,78.0,86.0,69.0,SSW,6,SW,13,0.1,,6.0
9/5/2009,1012.1,31.1,26.7,28.4,81.0,93.0,72.0,S,4,SSW,22,4.0,,7.0
9/6/2009,1010.6,31.4,27.2,28.8,78.0,86.0,68.0,S,5,S,13,0.0,,6.0
9/7/2009,1010.6,31.4,27.1,28.9,78.0,84.0,71.0,S,5,S,10,0.2,,7.0
9/8/2009,1011.4,29.9,24.6,27.0,86.0,97.0,76.0,S,3,NW,15,2.0,,7.0
9/9/2009,1011.7,29.9,25.5,27.1,86.0,98.0,76.0,WNW,7,WNW,28,6.3,,7.0
9/10/2009,1010.4,31.8,24.6,28.1,82.0,97.0,71.0,NW,10,W,31,11.4,,7.0
9/11/2009,1011.3,29.4,23.6,26.4,87.0,97.0,79.0,W,14,W,33,37.2,,7.0
9/12/2009,1011.8,31.9,27.4,29.0,80.0,84.0,71.0,WNW,9,WNW,15,0.05,,6.0
9/13/2009,1012.7,31.9,26.4,29.0,79.0,87.0,72.0,W,8,NW,18,1.0,,5.0
9/14/2009,1012.7,32.0,26.4,28.9,80.0,89.0,72.0,WNW,9,W,24,5.5,,5.0
9/15/2009,1010.9,31.5,26.6,28.8,79.0,86.0,73.0,W,8,WNW,16,0.05,,5.0
9/16/2009,1010.6,32.2,27.4,29.2,77.0,90.0,70.0,W,7,W,16,0.05,,3.0
9/17/2009,1011.7,31.1,27.7,29.0,75.0,79.0,70.0,WSW,7,SW,14,0.0,,2.0
9/18/2009,1012.2,31.2,25.4,28.7,78.0,89.0,70.0,WSW,7,WSW,31,0.9,,4.0
9/19/2009,1012.4,31.2,25.0,28.5,79.0,84.0,72.0,WSW,7,WSW,23,2.4,,7.0
9/20/2009,1011.9,32.4,27.7,29.1,77.0,82.0,68.0,W,6,W,13,0.0,,3.0
9/21/2009,1011.3,32.5,25.8,28.8,79.0,94.0,70.0,W,5,W,18,5.7,,2.0
9/22/2009,1010.9,31.8,27.4,29.0,77.0,88.0,71.0,SW,7,SW,16,0.0,,4.0
9/23/2009,1011.9,31.3,27.5,28.9,79.0,85.0,73.0,WSW,8,WSW,18,2.6,,3.0
9/24/2009,1012.6,31.7,25.1,29.1,78.0,89.0,70.0,W,8,WSW,29,2.8,,5.0
9/25/2009,1012.4,30.7,25.3,28.0,84.0,93.0,78.0,WSW,7,WSW,23,18.3,,7.0
9/26/2009,1011.2,31.4,25.1,28.8,80.0,93.0,74.0,W,8,W,15,0.05,,7.0
9/27/2009,1010.5,31.2,27.7,29.1,76.0,80.0,70.0,W,11,W,18,0.0,,5.0
9/28/2009,1010.6,31.2,28.2,29.3,73.0,78.0,66.0,W,12,W,21,0.0,,2.0
9/29/2009,1010.9,32.0,26.7,29.3,78.0,88.0,70.0,W,9,W,23,2.1,,4.0
9/30/2009,1010.7,31.9,25.2,29.5,78.0,85.0,73.0,W,11,WSW,22,2.6,,5.0
10/1/2009,1010.8,30.4,25.4,28.2,81.0,87.0,75.0,SW,10,WSW,38,7.2,,7.0
10/2/2009,1010.9,31.5,27.1,29.0,78.0,85.0,71.0,WSW,10,SW,23,0.05,,6.0
10/3/2009,1011.1,32.0,27.0,29.1,77.0,83.0,69.0,SW,8,WSW,20,0.0,,7.0
10/4/2009,1012.1,31.8,23.5,29.2,77.0,88.0,71.0,W,7,WSW,22,22.8,,6.0
10/5/2009,1012.2,31.2,24.8,27.7,83.0,95.0,74.0,WSW,4,N,22,0.05,,7.0
10/6/2009,1011.8,31.8,27.1,28.7,76.0,92.0,67.0,WNW,4,WNW,9,0.0,,4.0
10/7/2009,1011.4,31.9,27.5,29.2,75.0,81.0,68.0,W,5,WNW,9,0.0,,4.0
10/8/2009,1010.6,32.0,27.4,29.3,75.0,82.0,68.0,WNW,7,WNW,14,0.0,,3.0
10/9/2009,1010.5,32.2,27.5,29.3,74.0,80.0,66.0,WNW,6,WNW,12,0.0,,6.0
10/10/2009,1011.4,32.4,27.5,29.5,75.0,82.0,66.0,WNW,5,W,12,0.0,,4.0
10/11/2009,1011.7,31.8,25.0,29.1,75.0,87.0,69.0,NW,3,WNW,7,0.0,,3.0
10/12/2009,1011.8,31.8,26.8,28.6,75.0,90.0,64.0,S,3,S,8,0.0,,2.0
10/13/2009,1011.7,31.8,25.1,28.6,79.0,91.0,68.0,S,3,SSE,10,0.0,,2.0
10/14/2009,1011.7,32.4,25.0,28.7,76.0,92.0,60.0,VRB,2,SE,6,0.0,,3.0
10/15/2009,1011.5,32.4,26.0,28.7,75.0,92.0,62.0,VRB,2,SSW,11,0.9,,2.0
10/16/2009,1011.5,32.0,27.0,28.7,78.0,86.0,68.0,W,5,W,15,0.3,,4.0
10/17/2009,1010.8,31.2,26.7,28.3,79.0,85.0,72.0,W,6,SW,16,1.9,,6.0
10/18/2009,1010.4,31.8,23.9,28.3,81.0,92.0,69.0,W,6,WSW,19,42.1,,6.0
10/19/2009,1011.6,29.7,23.8,27.1,86.0,97.0,79.0,WSW,5,W,13,5.0,,6.0
10/20/2009,1011.8,32.4,23.1,27.6,84.0,98.0,70.0,W,4,E,18,27.3,,7.0
10/21/2009,1012.5,29.5,24.6,26.7,88.0,98.0,78.0,VRB,2,NNW,15,12.4,,7.0
10/22/2009,1012.5,30.5,24.5,26.8,88.0,97.0,73.0,VRB,2,NW,15,5.4,,6.0
10/23/2009,1011.9,29.8,24.0,28.0,81.0,97.0,76.0,SSW,6,SSW,16,12.0,,6.0
10/24/2009,1010.9,29.4,24.1,27.1,84.0,100.0,74.0,WSW,5,NE,18,1.4,,7.0
10/25/2009,1010.2,31.9,24.9,28.5,79.0,93.0,68.0,VRB,2,W,7,0.0,,2.0
10/26/2009,1010.6,31.2,25.1,28.1,80.0,93.0,69.0,VRB,2,SSE,8,0.0,,5.0
10/27/2009,1009.8,31.4,25.5,28.2,82.0,93.0,67.0,VRB,1,SE,6,0.0,,4.0
10/28/2009,1009.4,31.8,26.2,28.9,78.0,93.0,69.0,SE,4,SE,13,0.6,,4.0
10/29/2009,1009.8,31.2,24.6,27.8,84.0,98.0,73.0,SSE,5,S,19,30.1,,5.0
10/30/2009,1010.2,31.1,27.1,28.6,81.0,97.0,71.0,W,5,W,13,1.1,,4.0
10/31/2009,1009.8,31.6,25.1,27.4,88.0,96.0,73.0,W,8,W,26,33.3,,6.0
11/1/2009,1009.0,31.2,24.3,27.5,88.0,98.0,76.0,WNW,14,NW,31,83.6,,6.0
11/2/2009,1009.4,27.6,25.4,26.7,86.0,94.0,80.0,NNW,11,W,33,1.7,,8.0
11/3/2009,1009.1,32.3,25.5,27.7,84.0,94.0,72.0,W,5,WSW,17,1.2,,7.0
11/4/2009,1008.7,31.5,26.2,28.7,81.0,91.0,71.0,W,9,W,18,1.7,,7.0
11/5/2009,1008.5,29.6,25.6,27.1,86.0,93.0,82.0,W,12,W,30,9.6,,7.0
11/6/2009,1007.1,30.2,25.6,28.2,83.0,94.0,76.0,W,14,WSW,30,4.7,,7.0
11/7/2009,1006.8,30.8,25.9,27.8,85.0,97.0,73.0,W,16,WSW,36,37.1,,7.0
11/8/2009,1006.9,30.1,25.6,28.2,82.0,93.0,74.0,WSW,17,WSW,41,14.5,,7.0
11/9/2009,1006.4,30.8,25.7,28.5,81.0,92.0,73.0,W,18,W,43,12.5,,7.0
11/10/2009,1005.8,29.3,25.0,27.1,87.0,97.0,79.0,W,18,W,42,42.1,,8.0
11/11/2009,1005.8,29.8,23.9,26.7,89.0,97.0,78.0,W,19,W,43,27.7,,8.0
11/12/2009,1008.2,30.9,24.3,27.9,83.0,92.0,70.0,WNW,11,WNW,41,1.4,,7.0
11/13/2009,1009.3,31.9,27.6,28.9,78.0,87.0,71.0,NW,7,NW,13,0.0,,6.0
11/14/2009,1009.0,32.8,26.5,29.2,77.0,83.0,69.0,NW,6,WSW,14,0.0,,7.0
11/15/2009,1008.7,30.6,26.0,28.1,77.0,81.0,69.0,W,7,WSW,14,0.0,,7.0
11/16/2009,1009.8,31.4,23.0,27.7,78.0,93.0,65.0,W,4,WSW,10,0.0,,4.0
11/17/2009,1011.1,30.8,24.4,27.5,77.0,94.0,65.0,SW,4,S,11,0.0,,2.0
11/18/2009,1012.1,31.4,23.5,27.9,75.0,89.0,65.0,W,4,W,11,0.0,,2.0
11/19/2009,1013.2,31.1,26.2,27.7,73.0,86.0,62.0,W,3,WSW,8,0.0,,3.0
11/20/2009,1013.8,31.0,25.7,28.2,73.0,85.0,64.0,W,4,SW,10,0.0,,5.0
11/21/2009,1013.4,31.2,26.4,28.6,69.0,77.0,63.0,W,7,W,15,0.0,,3.0
11/22/2009,1012.4,31.8,26.3,28.9,74.0,84.0,65.0,W,7,W,16,0.05,,4.0
11/23/2009,1012.6,31.7,24.1,27.7,81.0,96.0,73.0,WSW,8,W,23,50.7,,4.0
11/24/2009,1012.8,31.0,26.4,28.5,76.0,80.0,71.0,W,9,W,16,0.0,,2.0
11/25/2009,1012.5,31.2,25.6,28.8,77.0,84.0,69.0,WNW,10,W,16,0.8,,2.0
11/26/2009,1011.8,29.7,23.9,26.6,89.0,94.0,82.0,W,6,W,18,9.4,,6.0
11/27/2009,1011.6,30.1,23.0,27.2,84.0,100.0,71.0,NNE,3,NE,15,35.4,,5.0
11/28/2009,1012.3,28.8,23.4,26.1,88.0,98.0,74.0,VRB,2,NNE,11,0.0,,5.0
11/29/2009,1011.9,30.8,23.4,27.1,84.0,98.0,71.0,VRB,1,WSW,7,0.0,,2.0
11/30/2009,1011.8,31.2,25.0,27.9,80.0,93.0,66.0,N,3,N,11,2.0,,3.0
12/1/2009,1011.6,30.7,24.7,27.9,85.0,97.0,72.0,NNE,3,N,10,3.3,,5.0
12/2/2009,1011.3,30.4,24.6,27.5,85.0,97.0,76.0,S,4,ESE,13,3.1,,5.0
12/3/2009,1011.9,30.8,23.8,27.6,84.0,92.0,75.0,SSW,4,SSW,20,5.5,,5.0
12/4/2009,1011.6,31.8,26.4,28.7,77.0,90.0,68.0,WSW,5,W,14,0.05,,2.0
12/5/2009,1011.1,32.1,25.0,28.7,80.0,89.0,72.0,WNW,5,WNW,12,1.7,,4.0
12/6/2009,1010.5,30.6,24.0,27.7,84.0,97.0,72.0,VRB,2,WSW,14,1.0,,4.0
12/7/2009,1010.3,31.0,25.4,28.3,81.0,93.0,73.0,NNE,3,NNW,9,0.0,,3.0
12/8/2009,1009.7,31.2,25.1,28.6,80.0,92.0,72.0,NNE,4,NNE,11,0.05,,3.0
12/9/2009,1009.4,30.9,25.0,28.1,82.0,91.0,71.0,NNE,4,NNE,14,0.4,,5.0
12/10/2009,1008.4,31.7,26.2,28.8,77.0,91.0,71.0,NNE,8,NNE,15,0.0,,6.0
12/11/2009,1008.3,31.9,23.9,28.3,76.0,91.0,64.0,NNE,6,NNE,15,0.0,,3.0
12/12/2009,1009.1,31.1,24.6,28.0,80.0,93.0,68.0,NE,3,NE,13,0.0,,5.0
12/13/2009,1010.0,30.7,25.1,28.1,79.0,93.0,69.0,NE,3,NNE,10,0.0,,6.0
12/14/2009,1010.8,31.3,25.6,28.6,77.0,87.0,67.0,N,3,NW,18,0.05,,6.0
12/15/2009,1012.0,30.2,25.2,27.9,81.0,87.0,77.0,SSW,4,SW,15,0.0,,7.0
12/16/2009,1011.9,32.4,26.3,28.6,79.0,87.0,67.0,W,3,WSW,8,0.05,,6.0
12/17/2009,1012.0,32.1,25.6,28.8,77.0,86.0,67.0,NNW,4,NNW,11,0.0,,4.0
12/18/2009,1011.8,31.6,27.2,29.0,78.0,86.0,70.0,NE,5,NNE,13,0.0,,5.0
12/19/2009,1011.7,31.3,24.1,29.0,78.0,93.0,68.0,ENE,7,ENE,27,8.3,,3.0
12/20/2009,1011.5,29.9,23.7,26.2,91.0,97.0,82.0,NE,8,NE,27,51.4,,7.0
12/21/2009,1010.7,30.1,22.5,26.5,90.0,100.0,79.0,E,6,NE,28,44.3,,7.0
12/22/2009,1010.4,29.5,25.0,27.2,85.0,100.0,78.0,ENE,5,NE,14,0.0,,5.0
12/23/2009,1010.1,30.9,25.6,28.5,81.0,89.0,73.0,ENE,7,E,19,0.05,,3.0
12/24/2009,1010.0,31.2,23.5,27.6,86.0,100.0,74.0,E,6,S,23,78.1,,6.0
12/25/2009,1010.7,28.0,23.3,24.8,96.0,99.0,90.0,NNE,3,W,17,25.2,,8.0
12/26/2009,1010.2,30.1,24.0,27.3,86.0,95.0,80.0,E,4,E,11,0.0,,7.0
12/27/2009,1010.3,31.0,24.4,27.4,86.0,97.0,75.0,W,4,WSW,25,10.6,,7.0
12/28/2009,1010.0,30.3,23.6,27.1,84.0,93.0,71.0,W,7,SW,28,2.1,,7.0
12/29/2009,1010.1,30.3,22.9,26.5,88.0,96.0,78.0,W,9,W,32,14.0,,7.0
12/30/2009,1010.0,31.6,24.8,28.5,82.0,89.0,75.0,W,6,W,29,3.5,,7.0
12/31/2009,1009.9,32.0,25.0,28.2,84.0,95.0,74.0,NW,5,WNW,16,0.0,,7.0
1/1/2010,1010.5,30.8,25.4,28.0,80.0,92.0,72.0,N,4,N,13,0.0,,7.0
1/2/2010,1011.5,30.9,25.9,28.4,77.0,83.0,67.0,NE,7,NNE,13,0.0,,4.0
1/3/2010,1012.1,31.0,25.4,28.5,79.0,87.0,72.0,NNE,6,NE,14,0.0,,4.0
1/4/2010,1011.4,30.9,26.1,28.4,78.0,85.0,69.0,NW,4,NNW,9,0.0,,4.0
1/5/2010,1009.6,32.5,24.0,29.2,79.0,86.0,70.0,WNW,6,WNW,13,12.4,,3.0
1/6/2010,1009.3,30.2,25.3,27.7,78.0,93.0,67.0,NNE,5,N,25,0.0,,3.0
1/7/2010,1010.0,30.8,25.2,28.1,74.0,81.0,66.0,NNE,7,NNE,16,0.0,,2.0
1/8/2010,1010.2,30.9,25.7,28.1,75.0,83.0,64.0,NNE,7,NNE,19,0.0,,3.0
1/9/2010,1010.3,30.9,25.0,28.1,78.0,89.0,70.0,NNE,6,NE,15,0.0,,2.0
1/10/2010,1011.8,30.9,23.5,27.6,82.0,95.0,71.0,N,3,NE,10,0.0,,4.0
1/11/2010,1012.6,31.0,26.5,28.3,79.0,97.0,71.0,ESE,3,E,7,0.0,,2.0
1/12/2010,1013.4,31.4,23.9,28.3,79.0,93.0,67.0,VRB,2,ESE,9,0.0,,2.0
1/13/2010,1013.4,31.0,26.0,28.3,79.0,94.0,69.0,NE,5,NE,13,0.0,,2.0
1/14/2010,1013.3,31.1,26.6,28.8,76.0,80.0,68.0,ENE,6,NE,14,0.0,,2.0
1/15/2010,1013.8,30.8,24.5,28.3,78.0,92.0,67.0,ENE,5,NE,19,10.8,,3.0
1/16/2010,1014.7,30.3,23.9,27.6,83.0,94.0,73.0,NE,6,NE,23,1.9,,6.0
1/17/2010,1015.4,29.4,24.0,27.4,82.0,91.0,76.0,NE,9,NE,23,0.4,,7.0
1/18/2010,1014.3,29.8,24.0,26.8,84.0,94.0,73.0,NNE,7,NE,24,1.3,,7.0
1/19/2010,1012.7,30.8,25.0,27.9,82.0,93.0,73.0,NE,8,NNE,18,0.3,,6.0
1/20/2010,1013.0,30.1,25.5,27.8,81.0,89.0,76.0,NE,9,E,19,0.1,,7.0
1/21/2010,1012.1,30.6,25.4,28.6,76.0,82.0,71.0,NE,10,NE,19,0.1,,3.0
1/22/2010,1012.0,31.2,25.4,28.5,78.0,88.0,69.0,NE,9,NE,19,0.1,,3.0
1/23/2010,1012.1,31.2,26.1,28.6,74.0,81.0,66.0,NNE,9,NNE,18,0.0,,4.0
1/24/2010,1011.3,31.0,26.6,28.6,73.0,80.0,66.0,NE,9,NE,17,0.0,,6.0
1/25/2010,1011.6,31.2,26.1,28.6,71.0,78.0,66.0,NE,8,NE,16,0.0,,3.0
1/26/2010,1011.8,30.8,26.4,28.4,74.0,80.0,69.0,NE,8,NE,14,0.0,,2.0
1/27/2010,1011.6,30.9,26.6,28.8,75.0,81.0,68.0,NE,9,NE,15,0.0,,7.0
1/28/2010,1011.7,31.5,23.6,28.6,79.0,96.0,69.0,NE,9,NE,21,20.5,,4.0
1/29/2010,1011.7,31.0,24.4,28.1,80.0,93.0,75.0,NNE,11,NNE,26,8.3,,7.0
1/30/2010,1011.9,31.2,24.1,28.3,80.0,92.0,67.0,NE,10,NE,21,12.2,,7.0
1/31/2010,1013.1,29.4,23.6,26.4,89.0,100.0,83.0,NE,7,ESE,25,67.6,,7.0
2/1/2010,1011.8,30.4,26.1,28.4,80.0,85.0,75.0,NE,8,NE,15,0.0,,4.0
2/2/2010,1011.1,31.1,24.2,28.3,82.0,96.0,74.0,NE,7,NNE,21,21.0,,5.0
2/3/2010,1010.9,31.3,26.4,28.7,75.0,95.0,63.0,NE,10,NE,19,0.0,,5.0
2/4/2010,1011.3,31.2,26.8,29.0,79.0,87.0,69.0,NNE,8,NE,15,0.0,,3.0
2/5/2010,1011.4,31.2,26.2,28.5,81.0,86.0,74.0,NNE,7,N,16,0.0,,5.0
2/6/2010,1011.8,31.6,26.5,29.0,75.0,83.0,67.0,NE,10,NE,18,0.0,,3.0
2/7/2010,1011.5,31.1,26.4,28.8,77.0,84.0,77.0,NE,9,NE,16,0.0,,2.0
2/8/2010,1010.8,31.4,25.5,29.0,71.0,83.0,66.0,NNE,9,NNE,19,0.0,,5.0
2/9/2010,1010.3,31.0,25.5,28.6,77.0,84.0,69.0,NNE,5,NNE,14,0.0,,6.0
2/10/2010,1011.0,31.2,26.6,28.9,78.0,86.0,69.0,NW,5,WNW,14,0.05,,5.0
2/11/2010,1012.1,31.1,26.2,28.3,78.0,89.0,69.0,N,7,NE,22,0.1,,7.0
2/12/2010,1011.4,31.0,22.8,28.7,78.0,88.0,69.0,NE,6,NE,14,9.0,,6.0
2/13/2010,1011.6,29.8,23.1,26.4,88.0,95.0,81.0,NE,5,E,16,0.9,,7.0
2/14/2010,1010.0,32.0,26.2,28.6,79.0,86.0,68.0,NE,6,NNE,15,0.0,,6.0
2/15/2010,1009.7,31.2,24.5,28.9,82.0,88.0,72.0,NE,6,NNE,12,0.3,,2.0
2/16/2010,1010.5,31.6,26.2,28.6,76.0,91.0,69.0,NNE,8,NE,16,0.0,,2.0
2/17/2010,1011.9,32.2,23.1,28.3,82.0,98.0,72.0,NNE,6,NNW,22,16.8,,6.0
2/18/2010,1013.0,29.7,21.5,26.0,85.0,97.0,75.0,N,6,N,16,3.6,,7.0
2/19/2010,1012.5,30.8,25.9,28.6,78.0,87.0,68.0,NE,5,NNE,14,0.0,,3.0
2/20/2010,1012.0,31.3,27.0,28.9,81.0,87.0,72.0,NE,7,NE,15,0.0,,5.0
2/21/2010,1011.6,31.7,26.8,29.1,80.0,87.0,70.0,NE,7,NE,15,0.0,,2.0
2/22/2010,1011.6,32.2,27.1,29.2,77.0,86.0,69.0,NE,8,NNE,16,0.0,,3.0
2/23/2010,1011.3,31.8,26.8,29.2,76.0,82.0,70.0,NE,7,NNE,14,0.0,,4.0
2/24/2010,1010.5,31.5,26.2,29.1,75.0,80.0,68.0,NE,6,NE,13,0.0,,4.0
2/25/2010,1010.5,31.4,25.7,28.9,72.0,79.0,63.0,NE,5,NE,11,0.0,,3.0
2/26/2010,1010.7,32.0,25.5,28.8,76.0,84.0,68.0,NE,5,NE,13,0.0,,2.0
2/27/2010,1011.1,31.9,25.4,28.8,76.0,84.0,67.0,NNE,4,NNE,13,0.0,,2.0
2/28/2010,1011.6,32.1,25.8,28.9,72.0,84.0,63.0,NNE,5,NE,14,0.0,,2.0
3/1/2010,1011.9,32.0,26.6,29.3,71.0,80.0,61.0,NE,7,NE,14,0.0,,2.0
3/2/2010,1011.2,31.8,26.1,29.3,75.0,84.0,65.0,NE,6,NNE,14,0.0,,6.0
3/3/2010,1011.0,32.3,24.7,29.0,73.0,85.0,67.0,NNE,6,NNE,14,0.0,,6.0
3/4/2010,1011.9,31.6,22.6,28.1,75.0,89.0,63.0,N,4,NNW,10,0.0,,2.0
3/5/2010,1012.4,31.8,24.0,27.8,76.0,92.0,61.0,VRB,2,S,9,0.0,,1.0
3/6/2010,1013.5,32.3,26.8,29.2,73.0,89.0,65.0,WNW,4,NNW,11,0.0,,4.0
3/7/2010,1012.5,32.8,26.9,29.5,74.0,82.0,67.0,NW,8,NW,16,0.0,,2.0
3/8/2010,1012.4,32.9,26.9,29.4,75.0,81.0,67.0,NW,8,NW,15,0.0,,3.0
3/9/2010,1012.0,32.9,25.9,29.5,76.0,88.0,66.0,NW,6,NW,13,0.0,,2.0
3/10/2010,1011.6,32.2,26.6,29.4,75.0,85.0,66.0,NNE,6,NNE,15,0.0,,2.0
3/11/2010,1012.4,31.9,24.2,29.4,74.0,87.0,65.0,NE,8,E,27,0.3,,4.0
3/12/2010,1012.7,31.4,25.3,29.1,79.0,91.0,70.0,E,7,E,24,8.5,,6.0
3/13/2010,1012.2,31.5,24.4,28.2,81.0,93.0,66.0,E,5,ENE,22,2.5,,7.0
3/14/2010,1011.2,31.4,26.2,28.9,79.0,90.0,69.0,NE,4,ENE,11,0.5,,3.0
3/15/2010,1011.4,31.6,24.5,28.9,80.0,95.0,70.0,E,3,E,8,1.0,,3.0
3/16/2010,1011.3,32.8,24.3,28.1,85.0,96.0,69.0,W,3,WNW,12,46.0,,4.0
3/17/2010,1012.2,32.1,23.6,29.1,79.0,92.0,67.0,NNW,4,NNE,16,28.2,,5.0
3/18/2010,1012.4,30.5,24.0,28.0,82.0,95.0,75.0,NNE,5,SSE,18,0.1,,7.0
3/19/2010,1011.3,32.0,27.1,29.5,74.0,83.0,65.0,NE,5,NE,13,0.0,,3.0
3/20/2010,1010.8,32.2,26.5,29.7,76.0,82.0,69.0,NE,5,NE,13,0.0,,3.0
3/21/2010,1009.9,32.2,24.7,28.9,78.0,90.0,65.0,NNE,4,NE,11,0.0,,5.0
3/22/2010,1008.5,32.2,27.2,29.4,79.0,93.0,70.0,NW,5,NW,12,0.0,,4.0
3/23/2010,1007.7,33.2,26.1,29.9,77.0,86.0,69.0,W,6,WNW,19,0.9,,3.0
3/24/2010,1008.2,33.0,27.4,30.0,77.0,87.0,71.0,NW,5,NNW,11,0.0,,3.0
3/25/2010,1008.8,32.3,27.1,29.5,74.0,80.0,68.0,NNW,5,NNW,11,0.0,,4.0
3/26/2010,1009.9,33.2,25.9,29.9,75.0,94.0,64.0,NW,4,SSW,16,0.5,,5.0
3/27/2010,1010.2,33.0,25.8,29.6,77.0,87.0,68.0,WNW,3,NNW,9,0.0,,6.0
3/28/2010,1010.5,32.9,25.4,29.4,77.0,89.0,64.0,VRB,2,NNW,7,0.0,,5.0
3/29/2010,1011.3,32.4,26.0,29.4,77.0,89.0,69.0,NNE,3,NNE,12,0.0,,3.0
3/30/2010,1012.2,33.0,24.0,29.3,81.0,97.0,70.0,NNW,3,W,15,47.2,,6.0
3/31/2010,1012.4,32.9,24.6,28.8,81.0,97.0,71.0,W,4,ENE,19,0.05,,7.0
4/1/2010,1011.2,33.3,27.8,30.2,77.0,83.0,66.0,WNW,6,W,16,0.0,,5.0
4/2/2010,1010.5,32.9,25.2,30.1,72.0,79.0,65.0,W,8,W,15,8.9,,5.0
4/3/2010,1011.0,31.8,25.3,28.7,80.0,92.0,73.0,W,5,W,20,2.8,,4.0
4/4/2010,1010.9,32.3,28.1,30.1,74.0,80.0,67.0,WSW,7,WSW,14,0.0,,2.0
4/5/2010,1010.2,33.5,26.9,29.6,76.0,81.0,65.0,W,5,W,14,0.0,,5.0
4/6/2010,1009.9,33.1,26.4,29.7,75.0,93.0,68.0,WNW,5,NW,14,3.8,,4.0
4/7/2010,1010.4,32.7,26.1,29.6,77.0,87.0,68.0,NW,3,NW,7,0.3,,4.0
4/8/2010,1011.5,33.2,27.6,29.9,77.0,95.0,69.0,W,3,WSW,7,0.0,,3.0
4/9/2010,1010.1,33.0,27.3,30.2,76.0,86.0,69.0,NNW,5,WSW,11,0.0,,2.0
4/10/2010,1008.9,32.8,26.7,29.9,78.0,89.0,70.0,N,3,NE,11,0.05,,4.0
4/11/2010,1008.9,31.7,25.5,28.7,84.0,94.0,74.0,SSW,3,SE,20,5.5,,7.0
4/12/2010,1009.8,31.8,24.4,28.4,87.0,97.0,75.0,SSW,4,S,16,88.8,,7.0
4/13/2010,1010.5,30.2,24.3,27.7,87.0,96.0,78.0,SW,9,SW,27,1.5,,7.0
4/14/2010,1010.0,32.6,26.0,29.4,82.0,91.0,70.0,SW,3,W,11,14.7,,6.0
4/15/2010,1010.6,32.9,27.6,30.2,77.0,84.0,66.0,SW,5,SW,11,0.0,,3.0
4/16/2010,1010.8,32.6,27.6,30.2,77.0,86.0,69.0,SW,5,SW,12,0.05,,3.0
4/17/2010,1011.3,33.2,27.4,30.1,78.0,85.0,67.0,SW,4,WSW,13,0.05,,3.0
4/18/2010,1011.2,32.9,27.9,30.3,77.0,85.0,69.0,SW,5,SW,14,0.0,,3.0
4/19/2010,1010.5,33.2,26.8,29.8,79.0,85.0,71.0,WSW,6,SSW,16,0.8,,5.0
4/20/2010,1010.0,32.7,25.1,29.7,80.0,90.0,68.0,SW,8,SW,25,1.1,,4.0
4/21/2010,1010.1,32.3,27.5,29.6,78.0,91.0,66.0,SSW,8,S,21,0.05,,7.0
4/22/2010,1010.2,32.9,26.3,29.3,81.0,87.0,71.0,SSW,6,WNW,21,0.0,,6.0
4/23/2010,1010.7,32.1,24.9,28.2,87.0,97.0,70.0,S,5,WSW,21,17.1,,5.0
4/24/2010,1010.3,33.4,27.8,30.2,79.0,86.0,72.0,WSW,6,WSW,17,0.0,,4.0
4/25/2010,1010.2,32.4,24.1,30.0,78.0,92.0,71.0,WSW,6,SW,24,8.3,,3.0
4/26/2010,1011.6,32.8,27.0,30.0,79.0,92.0,71.0,SW,5,S,12,0.0,,3.0
4/27/2010,1012.0,32.3,25.6,29.5,81.0,93.0,71.0,VRB,2,S,8,0.0,,4.0
4/28/2010,1010.4,33.2,26.4,29.9,76.0,93.0,68.0,VRB,2,W,7,0.0,,2.0
4/29/2010,1009.7,33.0,27.1,29.9,76.0,86.0,66.0,S,3,S,12,1.6,,3.0
4/30/2010,1009.3,32.5,27.9,30.1,75.0,80.0,70.0,SSE,5,SSE,11,0.0,,3.0
5/1/2010,1009.3,32.8,26.5,30.0,77.0,90.0,67.0,NE,3,NE,8,0.0,,6.0
5/2/2010,1009.2,32.4,26.4,29.7,77.0,91.0,70.0,NE,3,WNW,12,0.05,,7.0
5/3/2010,1008.4,34.1,27.1,30.2,76.0,87.0,65.0,VRB,1,W,5,0.0,,3.0
5/4/2010,1007.3,33.2,27.3,30.2,77.0,89.0,71.0,SSW,6,S,19,0.05,,6.0
5/5/2010,1007.2,32.9,26.6,30.0,80.0,91.0,74.0,WSW,6,W,22,2.2,,6.0
5/6/2010,1007.2,32.9,25.5,29.7,81.0,90.0,74.0,WSW,9,WSW,23,5.4,,7.0
5/7/2010,1007.7,32.5,24.1,28.4,86.0,94.0,75.0,WSW,8,SW,24,27.5,,7.0
5/8/2010,1007.8,31.8,26.0,29.4,81.0,94.0,74.0,SW,11,SSW,27,2.3,,7.0
5/9/2010,1007.8,30.1,25.6,28.8,83.0,89.0,77.0,SW,7,WSW,21,14.5,,7.0
5/10/2010,1007.4,31.8,23.7,28.4,87.0,97.0,74.0,WSW,9,SW,28,27.1,,7.0
5/11/2010,1008.0,32.4,24.3,28.8,85.0,98.0,75.0,W,13,W,33,39.9,,7.0
5/12/2010,1009.2,31.7,27.8,28.7,83.0,93.0,73.0,WSW,15,WSW,34,0.05,,7.0
5/13/2010,1009.5,32.4,24.3,29.0,83.0,94.0,76.0,WSW,12,WSW,32,23.0,,7.0
5/14/2010,1009.1,31.2,25.6,28.6,81.0,94.0,74.0,WSW,13,WSW,31,0.2,,7.0
5/15/2010,1008.1,31.9,25.0,29.5,81.0,90.0,76.0,SSW,7,SW,17,8.0,,6.0
5/16/2010,1008.9,30.2,23.9,27.5,86.0,97.0,78.0,WSW,7,WSW,26,14.7,,7.0
5/17/2010,1009.1,32.1,24.5,29.5,78.0,85.0,71.0,S,5,S,14,3.6,,5.0
5/18/2010,1009.1,31.1,24.0,28.2,85.0,94.0,77.0,SSW,9,WSW,29,7.7,,7.0
5/19/2010,1009.0,30.8,23.4,28.1,84.0,100.0,73.0,S,9,SSW,35,26.3,,7.0
5/20/2010,1010.2,30.8,23.0,28.0,86.0,97.0,75.0,S,6,W,31,29.6,,7.0
5/21/2010,1010.2,31.8,26.4,28.9,81.0,92.0,75.0,S,7,S,16,2.8,,7.0
5/22/2010,1009.9,30.8,27.2,29.2,78.0,86.0,74.0,S,9,S,15,0.0,,7.0
5/23/2010,1009.7,31.1,26.5,29.0,79.0,88.0,72.0,S,6,SSE,15,0.0,,7.0
5/24/2010,1010.3,31.7,26.9,29.4,78.0,82.0,71.0,SSE,6,SSE,14,0.05,,5.0
5/25/2010,1010.7,32.2,26.5,29.0,77.0,83.0,68.0,S,6,S,14,0.0,,6.0
5/26/2010,1010.8,31.9,26.7,29.2,78.0,86.0,69.0,S,5,S,12,0.0,,4.0
5/27/2010,1010.2,32.0,27.4,29.4,78.0,85.0,72.0,SSE,5,SSE,12,0.0,,2.0
5/28/2010,1010.6,32.0,27.7,29.7,77.0,81.0,72.0,SSE,5,SSE,13,0.0,,3.0
5/29/2010,1010.8,31.9,27.3,29.5,75.0,80.0,70.0,SSE,6,SSE,14,0.0,,5.0
5/30/2010,1010.8,32.1,26.0,29.2,79.0,92.0,68.0,S,4,SSE,12,0.0,,7.0
5/31/2010,1010.7,32.6,26.5,29.2,78.0,87.0,69.0,VRB,2,SSW,7,0.0,,7.0
6/1/2010,1010.6,32.6,25.5,29.1,78.0,90.0,69.0,S,3,SSE,7,0.0,,5.0
6/2/2010,1011.7,32.7,25.4,29.0,78.0,90.0,67.0,S,3,S,11,0.05,,3.0
6/3/2010,1012.6,34.6,27.2,29.8,76.0,92.0,64.0,VRB,2,SSW,10,0.0,,2.0
6/4/2010,1013.4,32.8,23.6,28.4,83.0,97.0,70.0,SSW,5,W,23,23.4,,7.0
6/5/2010,1012.8,31.5,26.4,29.0,80.0,95.0,71.0,SW,6,WSW,15,3.9,,7.0
6/6/2010,1011.6,31.8,27.4,29.4,77.0,83.0,71.0,SW,7,SW,16,0.05,,7.0
6/7/2010,1011.5,32.8,26.9,29.6,78.0,86.0,72.0,WSW,6,SSW,14,0.05,,7.0
6/8/2010,1010.9,32.1,25.5,29.4,80.0,85.0,74.0,SSW,6,SW,16,8.2,,7.0
6/9/2010,1009.7,31.8,26.2,29.2,80.0,90.0,72.0,SSW,8,SW,23,0.5,,7.0
6/10/2010,1009.4,31.5,25.4,29.0,78.0,87.0,70.0,S,8,S,16,0.2,,7.0
6/11/2010,1008.4,31.7,25.5,29.0,80.0,90.0,70.0,S,9,S,19,1.1,,7.0
6/12/2010,1008.3,31.9,26.5,29.2,77.0,85.0,70.0,S,9,S,15,0.05,,7.0
6/13/2010,1009.5,30.8,25.4,28.8,78.0,82.0,71.0,S,6,S,15,0.0,,7.0
6/14/2010,1010.4,32.3,23.9,28.2,80.0,93.0,67.0,VRB,1,SSW,8,0.0,,5.0
6/15/2010,1010.6,32.1,24.6,28.3,77.0,94.0,59.0,VRB,1,WNW,6,0.0,,3.0
6/16/2010,1010.8,31.6,24.6,28.9,74.0,87.0,65.0,VRB,2,SE,7,0.0,,2.0
6/17/2010,1010.8,31.5,27.4,29.3,73.0,89.0,65.0,E,3,N,8,0.0,,3.0
6/18/2010,1010.7,32.2,27.2,29.7,74.0,82.0,66.0,E,4,E,10,0.0,,3.0
6/19/2010,1010.1,32.0,24.4,28.8,75.0,88.0,64.0,VRB,2,ESE,9,0.0,,5.0
6/20/2010,1010.7,32.9,26.0,29.1,74.0,92.0,59.0,VRB,2,ENE,6,0.0,,4.0
6/21/2010,1010.8,33.0,26.2,29.5,77.0,88.0,66.0,SW,4,WNW,13,0.05,,4.0
6/22/2010,1011.0,32.2,24.7,29.2,79.0,85.0,70.0,S,5,W,19,2.5,,6.0
6/23/2010,1011.3,31.9,25.4,28.6,79.0,90.0,72.0,WSW,5,W,15,0.0,,7.0
6/24/2010,1009.7,31.2,26.9,29.0,79.0,85.0,71.0,SSW,5,S,13,0.0,,7.0
6/25/2010,1008.2,31.1,23.6,29.1,78.0,85.0,72.0,SW,6,SW,15,20.8,,7.0
6/26/2010,1008.7,31.4,24.8,28.4,83.0,96.0,72.0,W,8,SW,29,2.5,,7.0
6/27/2010,1009.1,32.1,24.5,29.1,81.0,92.0,73.0,SW,6,S,23,1.9,,7.0
6/28/2010,1009.8,31.8,24.1,27.7,86.0,97.0,76.0,SW,5,W,22,14.0,,7.0
6/29/2010,1010.6,29.9,23.0,27.8,83.0,93.0,77.0,SW,6,NW,26,10.6,,7.0
6/30/2010,1010.0,31.8,23.5,29.1,80.0,84.0,74.0,S,7,S,14,16.4,,7.0
7/1/2010,1009.5,31.8,26.6,29.0,80.0,95.0,72.0,SSW,6,SSW,19,0.0,,5.0
7/2/2010,1009.2,32.1,26.6,29.0,77.0,83.0,68.0,SSW,5,SSW,11,0.0,,7.0
7/3/2010,1009.3,31.5,27.0,28.9,77.0,84.0,70.0,S,5,S,12,0.0,,4.0
7/4/2010,1008.6,31.5,26.2,29.0,80.0,88.0,74.0,SSE,4,SSE,12,0.0,,3.0
7/5/2010,1009.3,31.1,23.0,28.0,84.0,96.0,72.0,VRB,2,WSW,14,19.3,,7.0
7/6/2010,1009.7,30.9,20.9,26.3,92.0,97.0,87.0,W,6,WSW,26,41.8,,7.0
7/7/2010,1010.9,28.2,21.9,25.9,89.0,96.0,81.0,WSW,5,WSW,28,17.8,,7.0
7/8/2010,1010.9,29.6,23.1,27.7,84.0,94.0,76.0,WNW,6,NW,21,20.4,,7.0
7/9/2010,1010.2,30.2,22.1,26.3,90.0,99.0,78.0,WSW,9,WSW,32,87.3,,7.0
7/10/2010,1011.4,27.8,22.4,25.3,91.0,98.0,82.0,W,11,WNW,23,30.9,,7.0
7/11/2010,1011.3,30.9,25.1,28.3,79.0,86.0,74.0,NW,6,WNW,14,0.0,,7.0
7/12/2010,1012.0,29.9,25.4,27.7,81.0,90.0,72.0,S,5,S,14,0.4,,7.0
7/13/2010,1011.5,31.0,24.4,27.4,82.0,90.0,75.0,S,6,SSE,23,4.5,,7.0
7/14/2010,1010.8,31.0,26.1,28.6,78.0,84.0,72.0,S,5,SSE,10,0.0,,6.0
7/15/2010,1010.0,31.2,27.0,28.9,76.0,84.0,70.0,WSW,6,WSW,15,0.0,,6.0
7/16/2010,1009.5,31.9,24.6,28.8,77.0,87.0,69.0,WSW,9,W,23,0.7,,6.0
7/17/2010,1009.8,31.5,23.0,28.6,81.0,90.0,71.0,SW,8,WSW,28,6.2,,5.0
7/18/2010,1010.5,30.8,23.8,27.8,85.0,96.0,73.0,SSW,3,SW,24,9.0,,7.0
7/19/2010,1009.8,30.8,22.6,27.7,84.0,96.0,73.0,S,4,W,35,12.3,,7.0
7/20/2010,1009.0,31.5,26.0,28.6,80.0,89.0,73.0,SW,5,WSW,12,0.6,,7.0
7/21/2010,1009.2,33.6,24.7,29.5,79.0,93.0,70.0,W,4,W,10,0.0,,4.0
7/22/2010,1009.6,32.3,25.0,28.2,81.0,93.0,72.0,VRB,2,NE,9,0.0,,5.0
7/23/2010,1010.2,31.6,25.7,28.5,80.0,93.0,68.0,NNE,3,NW,12,0.05,,4.0
7/24/2010,1009.8,33.1,25.4,28.8,78.0,89.0,69.0,VRB,2,WNW,7,0.0,,6.0
7/25/2010,1009.0,31.2,25.0,28.3,83.0,93.0,74.0,VRB,2,SW,6,0.05,,6.0
7/26/2010,1009.8,32.9,25.0,29.1,79.0,95.0,69.0,WSW,3,SSW,10,1.7,,6.0
7/27/2010,1010.4,31.9,22.7,26.8,85.0,98.0,73.0,W,5,W,31,25.4,,7.0
7/28/2010,1009.3,30.4,25.2,27.9,84.0,94.0,75.0,SSE,3,SE,11,4.6,,7.0
7/29/2010,1008.9,32.0,27.1,28.7,81.0,95.0,71.0,S,3,S,9,0.05,,6.0
7/30/2010,1009.9,31.8,24.7,28.7,82.0,91.0,72.0,VRB,2,SSE,11,0.3,,6.0
7/31/2010,1010.8,32.2,25.0,28.2,83.0,95.0,72.0,VRB,1,S,10,0.05,,5.0
8/1/2010,1011.3,32.2,24.1,28.8,79.0,90.0,70.0,W,3,SW,15,0.5,,4.0
8/2/2010,1011.4,30.9,24.0,27.2,86.0,94.0,80.0,WSW,3,NW,13,7.4,,6.0
8/3/2010,1010.5,31.5,24.5,28.3,82.0,90.0,73.0,WSW,5,WSW,17,0.9,,7.0
8/4/2010,1009.5,32.1,23.3,28.7,83.0,93.0,72.0,W,5,WNW,17,7.0,,7.0
8/5/2010,1010.5,32.6,22.5,28.1,84.0,93.0,73.0,WNW,7,W,24,13.6,,7.0
8/6/2010,1011.4,32.8,26.6,29.4,79.0,85.0,71.0,WNW,5,W,19,1.3,,6.0
8/7/2010,1011.0,32.4,25.0,29.1,79.0,91.0,69.0,VRB,1,W,5,0.0,,4.0
8/8/2010,1010.1,32.1,24.0,28.6,83.0,94.0,72.0,VRB,2,S,12,15.6,,6.0
8/9/2010,1010.5,30.1,23.6,27.2,87.0,96.0,80.0,W,4,N,20,6.2,,7.0
8/10/2010,1010.4,30.4,22.9,26.9,87.0,99.0,78.0,WNW,9,W,30,30.2,,7.0
8/11/2010,1010.5,32.9,26.4,28.9,82.0,89.0,74.0,W,8,W,16,0.05,,7.0
8/12/2010,1009.7,32.7,27.1,29.4,78.0,82.0,70.0,W,7,W,15,0.0,,7.0
8/13/2010,1009.5,31.3,23.5,29.0,82.0,88.0,69.0,W,9,W,28,0.9,,7.0
8/14/2010,1010.1,29.8,24.1,27.6,82.0,94.0,74.0,WSW,8,WSW,27,7.0,,7.0
8/15/2010,1011.1,30.2,23.5,27.8,84.0,93.0,72.0,W,8,W,31,9.7,,7.0
8/16/2010,1011.5,29.2,24.6,27.3,85.0,93.0,77.0,W,5,W,25,0.05,,7.0
8/17/2010,1010.6,31.2,26.6,28.6,82.0,92.0,74.0,SW,4,WSW,9,0.05,,7.0
8/18/2010,1009.6,32.3,26.5,29.2,79.0,85.0,70.0,W,5,W,10,0.0,,5.0
8/19/2010,1009.8,32.0,26.6,29.2,79.0,85.0,69.0,WNW,5,NW,9,0.6,,5.0
8/20/2010,1010.4,32.5,26.7,29.1,80.0,87.0,72.0,WNW,5,W,11,0.1,,7.0
8/21/2010,1010.3,32.2,26.6,29.1,78.0,84.0,70.0,W,6,W,11,0.0,,7.0
8/22/2010,1009.5,32.5,26.8,29.3,78.0,84.0,72.0,WNW,8,W,14,0.0,,5.0
8/23/2010,1009.3,32.9,27.1,29.7,79.0,84.0,71.0,WNW,9,WNW,15,0.0,,5.0
8/24/2010,1008.9,31.9,24.9,29.4,80.0,89.0,70.0,W,10,W,19,2.7,,6.0
8/25/2010,1009.5,31.5,25.8,28.3,84.0,90.0,79.0,SW,6,SW,18,1.5,,7.0
8/26/2010,1010.1,31.5,26.4,28.7,83.0,91.0,74.0,SW,4,SW,10,3.8,,7.0
8/27/2010,1010.0,31.4,25.6,28.7,82.0,90.0,73.0,SW,3,SW,7,0.05,,6.0
8/28/2010,1010.3,30.8,22.9,28.0,83.0,94.0,74.0,S,5,W,30,7.1,,7.0
8/29/2010,1011.5,31.1,23.3,26.8,88.0,97.0,79.0,W,6,W,30,5.4,,7.0
8/30/2010,1011.3,29.9,24.6,27.8,81.0,88.0,75.0,S,4,S,11,0.0,,7.0
8/31/2010,1010.5,30.8,24.0,28.1,81.0,91.0,72.0,VRB,2,SSE,8,0.0,,7.0
9/1/2010,1011.1,31.4,24.4,28.0,82.0,96.0,69.0,VRB,1,S,6,0.0,,5.0
9/2/2010,1011.9,32.6,26.6,29.3,77.0,89.0,69.0,W,4,WNW,10,0.0,,6.0
9/3/2010,1011.0,32.9,26.3,29.5,76.0,82.0,69.0,W,4,WNW,9,0.0,,6.0
9/4/2010,1010.5,32.2,26.5,29.1,73.0,80.0,66.0,SSE,3,S,8,0.0,,5.0
9/5/2010,1011.3,31.8,26.6,29.1,74.0,80.0,68.0,SSE,4,SE,9,0.0,,5.0
9/6/2010,1011.1,31.7,26.1,29.1,75.0,82.0,67.0,S,4,S,11,0.0,,2.0
9/7/2010,1010.2,32.0,26.5,29.3,75.0,82.0,66.0,SW,4,SSW,9,0.0,,2.0
9/8/2010,1010.5,32.2,24.6,29.2,74.0,84.0,65.0,WSW,3,WSW,9,0.0,,3.0
9/9/2010,1010.7,32.2,26.2,29.2,76.0,90.0,65.0,VRB,2,S,7,0.3,,5.0
9/10/2010,1009.8,31.6,25.5,28.8,79.0,87.0,72.0,SSE,3,S,10,0.0,,6.0
9/11/2010,1009.7,32.7,26.4,29.5,76.0,89.0,63.0,VRB,2,NW,10,0.0,,6.0
9/12/2010,1010.7,33.0,27.0,29.9,74.0,82.0,65.0,W,4,W,13,0.0,,6.0
9/13/2010,1010.4,32.6,24.0,29.2,77.0,91.0,67.0,W,4,W,13,1.3,,6.0
9/14/2010,1009.9,32.6,25.2,29.2,76.0,90.0,66.0,WSW,5,W,19,0.1,,6.0
9/15/2010,1010.2,30.0,22.5,27.4,84.0,94.0,80.0,SW,5,SW,19,9.6,,7.0
9/16/2010,1010.7,29.5,23.5,27.3,80.0,93.0,72.0,WSW,6,W,24,0.1,,7.0
9/17/2010,1010.1,29.9,24.1,28.1,79.0,93.0,73.0,WSW,9,SSW,20,15.3,,7.0
9/18/2010,1009.3,29.6,22.1,26.3,88.0,97.0,81.0,W,7,W,36,44.4,,7.0
9/19/2010,1008.7,30.7,24.5,27.5,82.0,93.0,73.0,WSW,8,W,39,7.2,,7.0
9/20/2010,1009.1,31.3,22.4,27.2,86.0,96.0,74.0,W,7,SSW,25,22.9,,7.0
9/21/2010,1010.6,28.6,24.0,26.9,85.0,96.0,79.0,W,6,W,12,0.6,,7.0
9/22/2010,1010.7,31.7,23.0,27.7,84.0,96.0,72.0,SW,4,WSW,16,36.7,,7.0
9/23/2010,1011.1,29.8,23.0,26.6,85.0,93.0,73.0,SW,7,SW,27,12.0,,7.0
9/24/2010,1010.0,30.2,23.5,28.0,81.0,95.0,77.0,SW,8,SW,20,5.1,,5.0
9/25/2010,1010.1,30.2,25.4,28.2,82.0,92.0,77.0,W,10,WSW,22,0.4,,6.0
9/26/2010,1009.5,31.6,23.2,28.7,83.0,91.0,76.0,W,10,W,27,15.3,,7.0
9/27/2010,1009.9,30.3,24.0,28.1,85.0,95.0,79.0,WSW,9,WSW,31,4.8,,7.0
9/28/2010,1009.3,30.8,25.7,28.7,80.0,89.0,75.0,WSW,11,W,30,0.05,,7.0
9/29/2010,1009.8,29.8,23.0,27.8,85.0,92.0,79.0,W,10,W,28,16.0,,7.0
9/30/2010,1008.4,30.4,23.9,27.7,85.0,98.0,76.0,WSW,12,WSW,28,7.8,,7.0
10/1/2010,1008.1,29.7,23.0,26.1,90.0,97.0,77.0,SW,10,W,28,51.3,,7.0
10/2/2010,1007.9,29.8,24.5,27.7,82.0,93.0,71.0,WSW,12,WSW,30,6.6,,7.0
10/3/2010,1008.8,29.8,23.8,27.8,85.0,90.0,80.0,WSW,11,SSW,32,8.2,,7.0
10/4/2010,1009.2,31.0,26.1,28.9,82.0,88.0,76.0,WSW,12,W,21,2.3,,7.0
10/5/2010,1009.3,30.5,26.6,28.7,81.0,88.0,75.0,WSW,10,WSW,17,0.0,,3.0
10/6/2010,1009.3,30.7,26.7,28.7,80.0,84.0,76.0,WSW,9,WSW,17,0.0,,6.0
10/7/2010,1009.4,31.2,26.9,28.9,80.0,84.0,74.0,WSW,10,WSW,19,0.0,,5.0
10/8/2010,1010.1,31.1,26.8,29.1,79.0,84.0,73.0,W,13,WSW,21,0.05,,3.0
10/9/2010,1010.2,31.6,26.6,29.1,80.0,85.0,73.0,W,11,WSW,18,0.0,,4.0
10/10/2010,1010.7,32.1,26.4,29.1,78.0,85.0,71.0,W,6,WSW,13,0.0,,6.0
10/11/2010,1012.1,31.9,25.4,28.7,79.0,84.0,71.0,S,4,WSW,6,0.0,,7.0
10/12/2010,1012.7,31.1,23.5,27.7,81.0,93.0,68.0,VRB,2,S,7,0.0,,6.0
10/13/2010,1011.9,31.2,23.9,27.6,82.0,95.0,70.0,VRB,1,S,7,0.0,,3.0
10/14/2010,1011.1,31.3,26.6,28.6,77.0,94.0,69.0,SW,4,SW,10,0.0,,5.0
10/15/2010,1011.0,31.2,26.3,29.0,74.0,80.0,68.0,WSW,7,WSW,14,0.4,,2.0
10/16/2010,1010.3,31.8,25.0,29.3,75.0,82.0,67.0,W,10,W,17,0.05,,2.0
10/17/2010,1010.5,31.3,26.4,28.7,78.0,86.0,70.0,WSW,11,WSW,23,0.05,,4.0
10/18/2010,1011.0,32.2,24.9,28.7,77.0,89.0,65.0,W,8,WSW,14,4.6,,5.0
10/19/2010,1011.4,30.8,25.8,28.5,77.0,84.0,69.0,W,9,W,20,0.05,,4.0
10/20/2010,1011.2,31.4,26.3,28.8,78.0,86.0,69.0,W,8,WNW,18,0.05,,2.0
10/21/2010,1010.3,32.3,26.6,29.1,76.0,82.0,70.0,W,8,W,14,0.0,,2.0
10/22/2010,1010.0,32.3,24.5,29.1,77.0,88.0,68.0,W,7,W,22,0.4,,4.0
10/23/2010,1010.4,32.5,26.5,29.3,77.0,85.0,66.0,W,6,W,12,0.05,,3.0
10/24/2010,1010.7,32.2,26.4,29.0,76.0,83.0,67.0,W,7,W,12,0.0,,6.0
10/25/2010,1010.9,32.6,25.8,29.0,73.0,81.0,66.0,W,5,W,12,0.0,,3.0
10/26/2010,1011.5,32.0,26.1,28.7,71.0,78.0,62.0,WSW,5,WSW,10,0.0,,3.0
10/27/2010,1011.8,31.9,26.5,29.0,73.0,79.0,66.0,W,8,W,14,0.0,,4.0
10/28/2010,1011.3,30.2,26.0,28.3,77.0,82.0,73.0,W,8,W,14,0.0,,6.0
10/29/2010,1010.5,31.9,26.1,28.9,73.0,81.0,65.0,W,8,W,14,0.0,,3.0
10/30/2010,1011.3,31.5,26.8,29.1,73.0,81.0,65.0,WSW,9,WSW,16,0.0,,6.0
10/31/2010,1011.0,31.3,26.4,29.0,73.0,80.0,67.0,WSW,12,W,22,0.05,,5.0
11/1/2010,1009.6,31.4,26.4,28.9,75.0,84.0,68.0,WSW,11,WSW,20,0.0,,7.0
11/2/2010,1009.3,32.1,25.9,28.9,76.0,81.0,68.0,W,8,WSW,18,0.05,,4.0
11/3/2010,1011.2,32.2,26.0,28.9,74.0,81.0,65.0,W,5,W,9,0.0,,2.0
11/4/2010,1011.6,31.9,26.3,28.9,73.0,83.0,65.0,SW,5,WSW,9,0.0,,3.0
11/5/2010,1011.3,31.8,25.2,28.6,78.0,87.0,67.0,SW,8,SW,21,2.7,,4.0
11/6/2010,1010.2,30.5,24.8,28.5,79.0,86.0,74.0,WSW,11,WSW,24,1.3,,5.0
11/7/2010,1009.1,30.2,23.4,27.7,81.0,91.0,72.0,WSW,10,WSW,29,7.5,,7.0
11/8/2010,1009.9,31.6,26.5,28.9,76.0,82.0,69.0,SSW,8,SW,16,0.05,,6.0
11/9/2010,1012.4,32.0,26.2,28.9,74.0,81.0,65.0,SSW,7,SSW,14,0.0,,5.0
11/10/2010,1013.8,31.3,26.4,28.6,75.0,82.0,68.0,SSW,5,S,12,0.05,,7.0
11/11/2010,1012.4,32.3,26.4,28.9,75.0,82.0,68.0,WSW,6,WSW,13,0.0,,5.0
11/12/2010,1009.9,31.2,25.3,28.5,77.0,89.0,65.0,WSW,6,NW,14,0.0,,3.0
11/13/2010,1009.4,32.0,23.0,28.1,80.0,97.0,67.0,W,6,WSW,17,26.6,,4.0
11/14/2010,1011.8,29.4,23.4,27.0,85.0,96.0,74.0,WSW,7,WSW,18,1.7,,7.0
11/15/2010,1012.3,30.9,22.8,27.1,84.0,94.0,79.0,W,8,WNW,24,10.2,,7.0
11/16/2010,1010.5,31.5,25.2,28.0,79.0,90.0,66.0,W,7,WSW,21,0.05,,7.0
11/17/2010,1009.7,31.8,26.3,28.8,77.0,87.0,69.0,WSW,8,W,14,0.0,,6.0
11/18/2010,1010.7,31.9,25.0,28.5,78.0,87.0,69.0,WSW,4,W,10,0.1,,6.0
11/19/2010,1010.0,31.6,24.6,28.2,81.0,90.0,72.0,W,6,W,21,0.05,,6.0
11/20/2010,1009.3,29.3,21.8,27.0,84.0,94.0,77.0,WSW,7,WSW,24,14.2,,7.0
11/21/2010,1008.5,31.5,24.0,27.9,82.0,92.0,72.0,W,7,W,23,4.8,,7.0
11/22/2010,1008.4,30.8,22.9,28.0,81.0,93.0,72.0,WSW,6,W,24,12.0,,7.0
11/23/2010,1008.6,31.3,24.6,28.0,84.0,92.0,73.0,W,8,W,22,7.1,,7.0
11/24/2010,1010.0,31.5,26.1,28.2,83.0,92.0,74.0,W,6,WNW,20,3.7,,7.0
11/25/2010,1010.2,32.0,24.4,28.9,78.0,87.0,69.0,W,7,W,19,0.1,,5.0
11/26/2010,1010.0,29.4,21.8,26.7,85.0,90.0,74.0,WSW,10,WSW,27,9.1,,7.0
11/27/2010,1009.2,31.2,24.8,28.5,80.0,85.0,74.0,W,11,WSW,23,0.1,,6.0
11/28/2010,1009.1,30.2,23.9,28.2,81.0,92.0,71.0,WSW,11,WSW,23,2.0,,6.0
11/29/2010,1008.4,31.8,26.1,28.7,77.0,85.0,72.0,WSW,10,W,17,0.0,,4.0
11/30/2010,1007.9,31.8,25.9,28.7,76.0,81.0,70.0,WSW,7,SW,15,1.2,,5.0
12/1/2010,1007.9,31.9,23.6,28.6,80.0,88.0,67.0,W,8,W,23,6.6,,7.0
12/2/2010,1008.3,31.8,24.2,28.5,81.0,91.0,73.0,W,7,W,22,1.6,,7.0
12/3/2010,1008.3,31.9,26.6,28.8,80.0,89.0,75.0,W,9,WSW,16,0.05,,6.0
12/4/2010,1007.4,30.6,26.0,28.6,78.0,83.0,72.0,WSW,9,WSW,20,0.0,,6.0
12/5/2010,1006.3,30.9,26.4,28.6,78.0,82.0,71.0,SW,9,SW,18,0.0,,6.0
12/6/2010,1006.6,31.3,25.3,28.6,78.0,85.0,69.0,SSW,8,SSW,19,2.0,,3.0
12/7/2010,1007.4,31.0,23.1,28.4,76.0,82.0,68.0,S,10,S,18,17.9,,3.0
12/8/2010,1009.3,29.7,23.3,27.0,85.0,98.0,75.0,WSW,9,W,32,10.4,,7.0
12/9/2010,1010.2,30.9,26.1,28.3,78.0,88.0,71.0,SW,7,SW,14,0.0,,6.0
12/10/2010,1010.6,30.6,26.0,28.3,75.0,79.0,71.0,WSW,8,WSW,15,0.0,,4.0
12/11/2010,1009.7,31.2,26.1,28.5,76.0,83.0,69.0,W,11,W,18,0.0,,3.0
12/12/2010,1008.7,31.8,24.8,28.4,78.0,84.0,67.0,W,8,WSW,21,0.4,,4.0
12/13/2010,1009.7,32.2,22.6,28.1,82.0,97.0,69.0,WNW,5,NW,21,24.2,,3.0
12/14/2010,1010.2,29.4,23.7,26.7,85.0,94.0,80.0,NW,5,WNW,15,0.1,,5.0
12/15/2010,1009.4,31.5,24.9,28.1,73.0,84.0,65.0,WNW,6,W,12,0.0,,2.0
12/16/2010,1009.8,30.2,24.6,27.6,71.0,78.0,64.0,WNW,5,WNW,11,0.0,,2.0
12/17/2010,1009.9,29.5,23.6,27.4,75.0,82.0,69.0,NW,4,NW,10,0.0,,2.0
12/18/2010,1009.7,29.8,22.1,26.8,77.0,93.0,64.0,NNW,3,NNW,9,0.0,,2.0
12/19/2010,1009.7,30.0,25.6,27.4,79.0,92.0,71.0,SE,3,ENE,8,0.0,,2.0
12/20/2010,1010.1,30.5,25.6,28.0,80.0,86.0,72.0,SE,4,SE,12,0.05,,3.0
12/21/2010,1009.7,30.5,24.9,27.8,81.0,88.0,72.0,VRB,2,SSE,7,0.05,,5.0
12/22/2010,1009.1,31.9,24.5,27.9,82.0,89.0,71.0,WSW,4,WNW,16,0.3,,6.0
12/23/2010,1009.5,30.7,23.9,27.7,82.0,96.0,74.0,SW,4,SW,11,6.3,,7.0
12/24/2010,1009.6,31.6,23.6,28.2,77.0,85.0,67.0,W,3,SW,7,0.0,,4.0
12/25/2010,1009.8,31.4,23.5,28.1,77.0,90.0,67.0,WSW,4,WSW,13,4.9,,4.0
12/26/2010,1010.2,31.1,24.6,27.5,84.0,90.0,75.0,W,6,SW,18,8.0,,7.0
12/27/2010,1009.7,31.1,23.4,27.9,80.0,90.0,70.0,WNW,3,NW,9,0.0,,4.0
12/28/2010,1009.2,30.1,25.2,27.5,79.0,90.0,65.0,NNE,3,NNE,9,0.0,,3.0
12/29/2010,1009.6,30.8,25.0,27.9,77.0,84.0,68.0,NNE,5,NNE,13,0.0,,5.0
12/30/2010,1009.6,30.6,25.8,28.1,78.0,84.0,70.0,W,4,W,12,0.0,,5.0
12/31/2010,1010.0,32.2,25.1,27.8,80.0,92.0,69.0,W,9,W,23,5.0,,6.0
1/1/2011,1009.1,31.0,26.1,28.5,78.0,85.0,72.0,W,8,W,15,0.0,,6.0
1/2/2011,1009.0,30.5,26.0,28.3,76.0,82.0,71.0,NW,7,WNW,15,0.0,,3.0
1/3/2011,1009.5,30.9,25.6,28.3,75.0,80.0,70.0,NW,5,NW,12,0.0,,3.0
1/4/2011,1009.2,30.5,25.2,28.0,75.0,80.0,69.0,NNW,5,NW,11,0.0,,3.0
1/5/2011,1008.7,30.3,25.5,28.0,72.0,79.0,67.0,NNW,4,NW,10,0.0,,3.0
1/6/2011,1009.4,32.0,25.0,28.4,75.0,84.0,66.0,WNW,4,WNW,12,0.05,,3.0
1/7/2011,1009.3,31.5,25.5,28.3,75.0,84.0,65.0,W,4,W,9,0.0,,2.0
1/8/2011,1009.0,31.9,25.0,28.4,74.0,81.0,66.0,W,5,W,12,0.0,,2.0
1/9/2011,1009.6,31.8,25.4,28.3,76.0,83.0,66.0,SW,4,W,9,0.0,,5.0
1/10/2011,1010.0,31.6,25.5,28.5,75.0,84.0,66.0,SSW,4,SW,8,0.0,,3.0
1/11/2011,1010.1,30.9,25.7,28.0,77.0,83.0,69.0,WSW,5,WSW,10,0.0,,6.0
1/12/2011,1009.6,32.2,25.6,28.4,75.0,83.0,65.0,W,4,SW,9,0.0,,5.0
1/13/2011,1009.7,32.5,24.3,28.8,77.0,87.0,68.0,W,4,W,11,0.6,,4.0
1/14/2011,1009.8,31.0,24.9,27.9,77.0,90.0,66.0,N,4,N,11,0.0,,6.0
1/15/2011,1010.7,30.9,26.0,28.4,76.0,85.0,65.0,N,4,NW,13,0.05,,5.0
1/16/2011,1010.3,31.3,26.2,28.7,76.0,83.0,70.0,NW,4,NW,11,0.0,,6.0
1/17/2011,1010.0,30.8,25.1,28.2,79.0,86.0,72.0,NNW,4,N,9,0.0,,3.0
1/18/2011,1009.7,30.9,26.0,28.1,76.0,84.0,69.0,NE,6,NNE,12,0.0,,2.0
1/19/2011,1008.8,30.5,26.4,28.3,76.0,80.0,71.0,NE,8,NE,17,0.0,,2.0
1/20/2011,1009.6,30.6,25.5,28.2,76.0,81.0,69.0,NE,8,NE,15,0.0,,3.0
1/21/2011,1010.2,30.9,24.5,27.7,71.0,81.0,64.0,NNE,7,NNE,15,0.0,,2.0
1/22/2011,1011.1,30.3,24.9,27.6,70.0,79.0,61.0,NNE,6,NNE,13,0.0,,3.0
1/23/2011,1011.3,30.2,25.4,27.9,72.0,79.0,63.0,NE,8,NE,17,0.05,,3.0
1/24/2011,1010.9,30.1,25.0,27.9,74.0,80.0,67.0,NE,8,NE,14,0.0,,2.0
1/25/2011,1010.5,30.2,25.5,27.9,76.0,81.0,70.0,NE,8,NE,13,0.0,,5.0
1/26/2011,1010.8,30.6,24.9,28.0,80.0,89.0,72.0,NE,8,NE,17,0.3,,5.0
1/27/2011,1011.8,30.4,23.4,27.6,84.0,94.0,75.0,NE,6,NE,19,9.3,,5.0
1/28/2011,1011.0,29.5,24.8,27.1,84.0,93.0,79.0,NE,5,NE,13,0.0,,7.0
1/29/2011,1009.8,31.2,25.4,28.1,78.0,89.0,71.0,NNE,7,NNE,16,0.0,,6.0
1/30/2011,1010.2,30.9,25.0,27.8,81.0,91.0,71.0,NNE,6,NNE,14,1.2,,6.0
1/31/2011,1010.9,29.0,23.4,26.6,86.0,96.0,79.0,N,3,E,17,20.2,,7.0
2/1/2011,1011.1,30.1,24.6,27.6,82.0,92.0,69.0,N,4,NNW,13,0.0,,7.0
2/2/2011,1010.7,30.4,23.0,27.5,82.0,92.0,68.0,N,3,N,13,0.0,,4.0
2/3/2011,1011.8,30.2,24.6,27.2,80.0,97.0,62.0,VRB,2,ENE,9,0.0,,5.0
2/4/2011,1011.2,31.8,25.1,28.1,77.0,86.0,70.0,NW,5,NW,11,0.0,,3.0
2/5/2011,1009.9,29.9,22.3,27.1,76.0,88.0,67.0,NNW,4,NW,12,0.0,,2.0
2/6/2011,1010.3,30.2,21.2,26.2,81.0,96.0,67.0,VRB,1,NNW,5,0.0,,2.0
2/7/2011,1010.0,30.1,20.6,26.1,79.0,96.0,68.0,VRB,1,NW,6,0.0,,3.0
2/8/2011,1008.1,29.9,22.8,26.1,81.0,95.0,68.0,VRB,1,NW,8,0.0,,5.0
2/9/2011,1007.7,30.6,25.1,27.7,79.0,91.0,70.0,NW,3,NW,7,0.0,,2.0
2/10/2011,1009.2,30.1,24.1,27.3,78.0,86.0,67.0,NW,3,NW,9,0.0,,6.0
2/11/2011,1009.6,30.3,24.8,27.6,77.0,85.0,71.0,NE,6,NE,18,0.0,,5.0
2/12/2011,1009.0,30.1,25.0,27.6,78.0,89.0,68.0,NNE,8,NNE,17,0.0,,4.0
2/13/2011,1008.5,30.6,24.5,27.9,80.0,85.0,71.0,NE,6,NE,15,0.0,,3.0
2/14/2011,1009.4,30.1,22.0,26.8,79.0,91.0,69.0,VRB,2,NNE,10,0.0,,2.0
2/15/2011,1010.6,30.2,24.0,26.9,75.0,90.0,65.0,VRB,2,N,7,0.0,,2.0
2/16/2011,1011.0,30.3,23.2,26.9,75.0,85.0,65.0,E,4,NNE,13,0.0,,4.0
2/17/2011,1011.2,30.2,23.7,27.2,76.0,86.0,66.0,NE,3,ENE,9,0.0,,2.0
2/18/2011,1011.2,30.4,22.4,27.0,77.0,92.0,67.0,VRB,1,ENE,5,0.0,,2.0
2/19/2011,1012.1,30.5,21.6,26.5,77.0,91.0,66.0,VRB,1,NE,5,0.0,,2.0
2/20/2011,1012.5,30.5,23.6,26.9,74.0,90.0,61.0,VRB,1,NNW,7,0.0,,4.0
2/21/2011,1011.5,30.8,25.5,27.9,76.0,83.0,68.0,N,3,N,8,0.0,,4.0
2/22/2011,1010.7,31.7,25.0,28.2,78.0,92.0,69.0,WNW,5,WNW,14,5.5,,6.0
2/23/2011,1011.8,30.5,25.1,28.1,80.0,86.0,69.0,NW,4,NNW,14,1.3,,7.0
2/24/2011,1011.4,32.1,24.6,28.5,77.0,83.0,70.0,WNW,4,WNW,12,0.0,,6.0
2/25/2011,1009.9,30.9,23.0,27.8,77.0,92.0,66.0,NNE,3,NNE,12,0.0,,3.0
2/26/2011,1009.8,31.1,23.0,27.2,81.0,93.0,71.0,VRB,2,WNW,7,0.0,,2.0
2/27/2011,1010.8,31.0,23.5,28.1,77.0,93.0,68.0,VRB,2,NW,9,0.0,,3.0
2/28/2011,1010.6,31.5,24.5,28.1,79.0,90.0,67.0,VRB,2,WNW,8,0.05,,2.0
3/1/2011,1009.6,31.8,25.2,28.5,77.0,91.0,60.0,N,5,NE,16,1.6,,3.0
3/2/2011,1009.1,31.2,25.4,28.7,77.0,86.0,68.0,N,6,NE,14,5.6,,4.0
3/3/2011,1009.6,31.4,26.4,28.8,76.0,82.0,70.0,N,6,NNE,15,0.0,,5.0
3/4/2011,1009.2,30.3,26.2,28.4,78.0,83.0,72.0,NNW,5,NW,14,0.0,,6.0
3/5/2011,1009.7,31.8,23.4,28.3,79.0,93.0,70.0,N,4,W,13,6.3,,5.0
3/6/2011,1010.9,30.9,25.4,28.3,80.0,94.0,74.0,NE,4,NE,13,0.3,,4.0
3/7/2011,1012.0,31.1,25.0,28.2,80.0,86.0,70.0,ESE,3,SSE,12,0.3,,6.0
3/8/2011,1011.7,29.0,21.9,26.0,87.0,99.0,75.0,VRB,2,NE,15,5.4,,5.0
3/9/2011,1011.2,30.9,23.6,27.7,80.0,98.0,67.0,VRB,1,S,6,0.0,,2.0
3/10/2011,1010.8,32.7,26.2,28.9,77.0,95.0,67.0,NNW,3,W,10,0.0,,5.0
3/11/2011,1009.7,31.5,25.6,28.9,71.0,78.0,65.0,NW,4,NW,12,0.0,,3.0
3/12/2011,1009.4,31.4,24.6,28.3,71.0,82.0,62.0,NNW,3,NW,11,0.0,,2.0
3/13/2011,1010.2,32.8,26.6,29.1,72.0,79.0,64.0,WNW,5,WNW,13,0.0,,2.0
3/14/2011,1009.5,32.5,26.5,29.3,75.0,82.0,66.0,WNW,5,WNW,12,0.05,,4.0
3/15/2011,1008.4,32.3,26.0,29.0,75.0,82.0,68.0,WNW,5,WNW,12,0.0,,4.0
3/16/2011,1007.6,31.9,25.5,28.8,73.0,82.0,64.0,WNW,3,WNW,8,0.0,,2.0
3/17/2011,1008.5,32.2,24.0,28.6,74.0,84.0,65.0,NW,3,NW,9,0.0,,2.0
3/18/2011,1008.0,31.9,23.6,28.1,75.0,90.0,60.0,NNE,4,NNE,11,0.0,,4.0
3/19/2011,1008.1,31.4,26.1,28.6,76.0,92.0,66.0,NE,4,NE,10,0.0,,3.0
3/20/2011,1009.0,31.3,26.9,29.1,74.0,81.0,69.0,E,3,E,9,0.0,,4.0
3/21/2011,1010.0,31.9,24.3,28.8,75.0,86.0,66.0,VRB,2,E,9,0.0,,2.0
3/22/2011,1010.6,32.1,23.5,28.1,76.0,90.0,60.0,VRB,2,NW,7,0.0,,2.0
3/23/2011,1010.9,32.8,25.0,28.5,74.0,91.0,62.0,VRB,2,SW,8,0.0,,2.0
3/24/2011,1011.2,33.3,26.8,29.8,71.0,78.0,61.0,W,4,W,8,0.0,,2.0
3/25/2011,1011.2,33.6,26.7,30.0,72.0,80.0,62.0,W,4,W,11,0.0,,5.0
3/26/2011,1011.1,33.6,26.4,30.0,72.0,80.0,64.0,WNW,4,WNW,9,0.0,,5.0
3/27/2011,1011.3,33.7,27.2,30.0,72.0,79.0,61.0,W,5,W,12,0.0,,2.0
3/28/2011,1011.4,33.7,27.0,30.1,71.0,79.0,63.0,W,7,W,15,0.0,,2.0
3/29/2011,1012.1,33.9,26.5,30.0,72.0,81.0,62.0,W,5,W,12,0.05,,2.0
3/30/2011,1012.0,33.0,25.0,29.6,71.0,81.0,61.0,WSW,3,WSW,10,0.0,,2.0
3/31/2011,1011.5,32.8,24.4,29.2,72.0,82.0,63.0,VRB,2,SW,6,0.0,,2.0
4/1/2011,1011.6,33.0,26.4,29.2,71.0,85.0,63.0,W,3,W,6,0.0,,2.0
4/2/2011,1012.0,33.1,26.9,29.6,70.0,77.0,61.0,W,3,SW,8,0.0,,2.0
4/3/2011,1011.9,33.8,26.9,30.0,72.0,78.0,62.0,W,5,W,11,0.0,,3.0
4/4/2011,1011.4,33.9,26.5,30.0,71.0,78.0,62.0,W,5,W,10,0.0,,2.0
4/5/2011,1011.2,33.4,24.2,29.3,72.0,83.0,62.0,W,3,WNW,9,0.0,,2.0
4/6/2011,1010.8,33.1,26.0,29.2,72.0,88.0,56.0,VRB,2,S,7,0.0,,1.0
4/7/2011,1011.0,33.7,23.5,28.5,78.0,97.0,61.0,S,3,S,18,26.3,,3.0
4/8/2011,1011.4,31.6,26.0,28.6,78.0,95.0,67.0,NNW,3,SE,11,0.05,,4.0
4/9/2011,1012.1,32.8,24.5,29.0,75.0,87.0,65.0,NW,3,NW,9,0.0,,2.0
4/10/2011,1011.7,32.1,24.0,28.5,76.0,91.0,65.0,VRB,2,NW,8,0.0,,2.0
4/11/2011,1010.8,32.9,25.8,29.1,77.0,90.0,66.0,VRB,2,SSW,9,0.0,,3.0
4/12/2011,1010.8,32.0,24.8,28.8,76.0,84.0,68.0,VRB,2,WSW,9,0.0,,3.0
4/13/2011,1010.7,31.9,24.9,28.6,75.0,87.0,61.0,S,3,SSW,10,0.0,,2.0
4/14/2011,1010.1,33.2,27.4,29.7,74.0,86.0,63.0,WSW,4,WNW,11,0.0,,4.0
4/15/2011,1009.5,33.9,25.4,30.2,74.0,85.0,64.0,W,6,W,18,0.0,,3.0
4/16/2011,1010.1,34.2,24.8,30.2,75.0,82.0,65.0,W,4,S,21,0.2,,3.0
4/17/2011,1010.8,32.0,24.5,27.8,85.0,92.0,73.0,WSW,4,S,15,18.0,,7.0
4/18/2011,1009.9,29.9,25.8,27.6,84.0,93.0,78.0,SSW,6,SSW,20,1.0,,7.0
4/19/2011,1009.0,31.7,24.9,28.8,78.0,86.0,70.0,SW,7,SW,20,1.1,,7.0
4/20/2011,1008.9,32.1,25.1,28.7,81.0,90.0,70.0,SW,6,SW,18,1.6,,6.0
4/21/2011,1009.2,29.7,23.0,26.8,90.0,97.0,81.0,SW,7,SW,22,37.7,,7.0
4/22/2011,1009.1,29.4,21.9,27.4,87.0,97.0,77.0,SW,9,SW,23,5.4,,7.0
4/23/2011,1008.7,30.1,24.5,28.7,81.0,86.0,77.0,SSW,5,WSW,15,1.8,,7.0
4/24/2011,1008.7,31.9,25.0,29.1,80.0,90.0,70.0,WSW,9,WSW,23,2.9,,7.0
4/25/2011,1008.7,32.1,24.7,29.0,81.0,94.0,71.0,WSW,12,W,27,1.6,,7.0
4/26/2011,1009.1,32.2,27.4,29.2,80.0,87.0,72.0,WSW,11,W,20,0.9,,7.0
4/27/2011,1008.9,32.8,27.1,29.9,76.0,85.0,68.0,W,9,W,20,0.0,,4.0
4/28/2011,1008.8,31.4,27.0,29.1,77.0,83.0,69.0,W,9,WSW,21,0.05,,6.0
4/29/2011,1009.3,33.2,26.8,29.7,73.0,78.0,65.0,W,7,W,16,0.0,,3.0
4/30/2011,1010.1,32.1,26.4,29.2,72.0,78.0,63.0,WSW,5,WSW,13,0.0,,3.0
5/1/2011,1010.7,32.2,24.0,29.3,76.0,88.0,65.0,SW,5,SSW,15,2.7,,6.0
5/2/2011,1010.6,32.1,26.0,29.2,79.0,88.0,71.0,WSW,7,WSW,21,0.0,,5.0
5/3/2011,1010.7,32.6,27.3,29.7,77.0,83.0,68.0,WSW,8,W,15,0.0,,3.0
5/4/2011,1011.2,32.9,27.4,29.8,75.0,82.0,68.0,WSW,8,WSW,14,0.0,,3.0
5/5/2011,1011.5,32.8,27.2,29.9,78.0,86.0,72.0,WSW,8,WSW,15,0.05,,6.0
5/6/2011,1011.3,33.0,25.0,29.5,82.0,87.0,73.0,WSW,9,SW,23,4.2,,6.0
5/7/2011,1010.8,33.0,23.8,29.1,84.0,94.0,73.0,WSW,9,W,25,33.9,,7.0
5/8/2011,1010.5,30.3,23.6,27.6,88.0,94.0,83.0,SW,6,W,25,6.4,,7.0
5/9/2011,1010.6,31.9,24.9,28.7,83.0,88.0,72.0,S,6,SW,23,9.5,,5.0
5/10/2011,1010.1,29.2,23.6,27.2,88.0,97.0,78.0,S,5,SE,16,10.7,,7.0
5/11/2011,1010.2,30.0,23.1,26.5,91.0,97.0,82.0,S,5,W,18,47.8,,7.0
5/12/2011,1009.8,30.9,24.9,28.3,80.0,89.0,73.0,S,4,S,9,0.05,,5.0
5/13/2011,1010.2,32.1,21.9,27.6,87.0,97.0,72.0,SW,5,WSW,22,31.6,,6.0
5/14/2011,1010.0,31.1,25.2,28.6,79.0,87.0,75.0,SSW,5,W,17,7.1,,6.0
5/15/2011,1010.7,31.1,22.5,28.3,85.0,92.0,76.0,SSW,4,W,14,0.4,,6.0
5/16/2011,1010.6,31.2,25.3,28.8,79.0,86.0,74.0,S,4,S,11,0.05,,4.0
5/17/2011,1011.0,31.5,25.1,28.9,79.0,85.0,72.0,SSE,3,S,10,0.0,,3.0
5/18/2011,1010.7,33.0,25.0,29.6,79.0,90.0,70.0,W,3,WNW,8,0.0,,5.0
5/19/2011,1010.7,33.4,25.1,29.5,79.0,88.0,66.0,W,4,WSW,16,0.2,,5.0
5/20/2011,1010.0,33.4,26.9,29.2,79.0,91.0,66.0,SW,3,SW,11,0.0,,5.0
5/21/2011,1009.7,31.9,25.1,28.5,84.0,94.0,73.0,SW,5,W,16,5.4,,7.0
5/22/2011,1009.9,32.5,25.2,28.5,84.0,93.0,70.0,W,3,W,14,0.1,,7.0
5/23/2011,1010.3,32.2,24.5,28.8,83.0,92.0,75.0,W,9,WSW,25,9.2,,6.0
5/24/2011,1010.0,31.0,24.1,28.6,83.0,89.0,78.0,SW,8,SW,23,6.1,,7.0
5/25/2011,1009.9,29.9,23.4,26.9,87.0,96.0,76.0,SW,10,W,29,34.3,,7.0
5/26/2011,1010.4,31.1,26.5,28.7,79.0,85.0,72.0,SW,7,SW,19,0.0,,7.0
5/27/2011,1010.9,31.0,24.5,28.5,81.0,92.0,73.0,SW,7,WSW,27,2.2,,7.0
5/28/2011,1010.5,31.4,23.5,28.0,86.0,96.0,79.0,S,4,SW,25,1.9,,7.0
5/29/2011,1010.8,31.2,26.2,28.6,84.0,97.0,75.0,S,4,S,11,0.0,,4.0
5/30/2011,1011.1,32.4,26.5,29.1,78.0,82.0,71.0,SSW,6,S,13,0.0,,6.0
5/31/2011,1010.3,31.8,26.9,29.2,75.0,82.0,70.0,SSW,8,SW,16,0.0,,4.0
6/1/2011,1010.3,31.8,26.9,29.3,75.0,79.0,69.0,SSW,8,SSW,18,0.05,,6.0
6/2/2011,1010.6,31.9,27.0,29.1,75.0,80.0,68.0,S,8,SSW,16,0.0,,7.0
6/3/2011,1010.5,31.5,25.9,28.8,75.0,80.0,69.0,S,8,S,15,0.0,,5.0
6/4/2011,1010.0,31.4,26.6,28.8,76.0,81.0,67.0,WSW,5,SW,10,0.0,,4.0
6/5/2011,1010.0,32.1,27.0,29.3,76.0,82.0,70.0,WSW,5,WSW,12,0.05,,3.0
6/6/2011,1010.1,32.0,26.6,29.2,76.0,82.0,67.0,WSW,5,W,11,0.05,,4.0
6/7/2011,1010.2,33.2,26.9,29.6,76.0,84.0,66.0,W,5,W,8,0.0,,3.0
6/8/2011,1010.2,33.4,26.8,29.7,77.0,82.0,69.0,WSW,5,WSW,11,0.05,,3.0
6/9/2011,1009.9,32.6,26.4,29.2,76.0,83.0,68.0,SW,4,SW,10,0.0,,2.0
6/10/2011,1009.6,31.8,26.8,29.1,77.0,84.0,70.0,SSE,5,SSE,13,0.05,,2.0
6/11/2011,1009.5,31.8,25.7,29.4,77.0,83.0,71.0,SE,5,SE,12,3.1,,4.0
6/12/2011,1010.7,32.0,25.5,28.4,84.0,90.0,78.0,SSE,4,S,14,0.0,,5.0
6/13/2011,1011.8,31.3,24.8,28.7,81.0,92.0,73.0,SSE,5,WSW,31,0.5,,4.0
6/14/2011,1012.4,31.1,26.2,28.8,78.0,87.0,71.0,S,4,S,12,0.05,,7.0
6/15/2011,1012.4,31.2,26.1,28.8,81.0,87.0,71.0,S,4,S,12,0.0,,7.0
6/16/2011,1011.9,32.5,26.4,29.1,78.0,86.0,68.0,S,5,S,10,0.0,,4.0
6/17/2011,1011.1,31.9,26.7,29.2,76.0,84.0,69.0,SW,5,SW,13,0.0,,3.0
6/18/2011,1010.4,33.3,26.7,29.7,75.0,81.0,65.0,W,5,W,13,0.0,,4.0
6/19/2011,1009.4,33.4,27.2,29.8,76.0,83.0,68.0,W,6,W,18,0.0,,2.0
6/20/2011,1010.2,32.9,26.9,29.6,79.0,85.0,71.0,W,7,W,15,0.05,,5.0
6/21/2011,1010.4,32.2,24.4,28.6,82.0,90.0,73.0,WSW,6,W,19,12.8,,7.0
6/22/2011,1009.1,32.8,23.5,28.9,81.0,92.0,71.0,W,7,W,19,18.3,,6.0
6/23/2011,1009.3,31.1,22.0,26.5,89.0,97.0,82.0,W,8,W,24,11.8,,7.0
6/24/2011,1009.4,31.3,22.4,28.8,80.0,86.0,74.0,WSW,7,NW,27,10.1,,6.0
6/25/2011,1009.3,30.7,24.5,28.5,82.0,95.0,74.0,WSW,5,W,19,0.05,,7.0
6/26/2011,1009.7,31.9,23.0,28.6,83.0,92.0,74.0,WSW,6,WSW,36,16.2,,7.0
6/27/2011,1009.6,31.5,25.4,29.0,80.0,85.0,74.0,W,8,WSW,30,0.5,,7.0
6/28/2011,1009.1,32.9,25.5,29.0,82.0,88.0,74.0,W,8,NW,20,2.7,,7.0
6/29/2011,1009.4,32.5,26.0,29.1,80.0,87.0,72.0,W,8,W,17,0.0,,7.0
6/30/2011,1009.8,33.1,27.1,29.6,77.0,82.0,70.0,W,9,W,14,0.0,,5.0
7/1/2011,1009.8,33.1,27.0,29.6,78.0,84.0,70.0,W,8,W,15,0.0,,3.0
7/2/2011,1009.8,32.9,26.8,29.5,77.0,82.0,70.0,W,7,W,14,0.0,,2.0
7/3/2011,1009.8,33.1,26.6,29.2,78.0,84.0,69.0,W,5,W,12,0.0,,3.0
7/4/2011,1010.1,32.3,26.7,28.9,77.0,82.0,70.0,WSW,5,W,10,0.0,,5.0
7/5/2011,1009.3,32.1,25.2,29.1,79.0,88.0,70.0,WSW,8,W,25,1.5,,6.0
7/6/2011,1008.3,30.3,24.0,27.8,87.0,96.0,80.0,W,11,W,30,31.6,,7.0
7/7/2011,1010.1,29.7,23.6,27.8,82.0,93.0,69.0,WSW,13,W,35,0.7,,7.0
7/8/2011,1011.9,31.9,24.0,27.9,82.0,91.0,71.0,W,4,W,13,1.2,,7.0
7/9/2011,1011.9,33.0,26.5,29.3,80.0,87.0,71.0,W,4,W,11,0.0,,6.0
7/10/2011,1011.7,32.3,26.8,29.1,77.0,84.0,72.0,WSW,6,WSW,12,0.0,,6.0
7/11/2011,1010.7,31.1,26.6,28.9,75.0,80.0,68.0,SW,6,WSW,13,0.0,,6.0
7/12/2011,1009.2,30.4,27.6,28.7,77.0,82.0,69.0,WSW,6,SW,13,0.0,,7.0
7/13/2011,1009.2,31.5,24.9,28.9,76.0,84.0,70.0,SW,7,SSW,23,1.8,,7.0
7/14/2011,1010.0,30.9,26.1,28.5,77.0,83.0,72.0,SSW,6,S,14,0.0,,6.0
7/15/2011,1009.2,31.5,26.9,28.9,78.0,85.0,71.0,SSE,7,SSE,15,0.05,,4.0
7/16/2011,1008.6,31.4,26.1,28.9,80.0,88.0,73.0,SSE,8,SSE,18,1.7,,6.0
7/17/2011,1007.8,31.2,27.2,29.2,79.0,85.0,74.0,SSE,7,SSE,15,0.0,,7.0
7/18/2011,1008.9,31.1,23.9,27.4,85.0,100.0,75.0,NW,4,WSW,23,12.8,,7.0
7/19/2011,1010.0,31.5,21.7,28.0,83.0,97.0,75.0,WNW,7,W,36,37.4,,7.0
7/20/2011,1010.5,31.1,23.9,27.6,81.0,95.0,72.0,WNW,3,W,15,0.05,,7.0
7/21/2011,1010.6,30.8,26.4,28.3,80.0,96.0,73.0,ESE,3,ESE,11,0.0,,6.0
7/22/2011,1009.9,31.4,26.4,28.8,78.0,84.0,70.0,ESE,3,SE,9,0.0,,6.0
7/23/2011,1009.0,30.9,24.5,28.2,81.0,88.0,75.0,VRB,2,SE,8,0.0,,7.0
7/24/2011,1008.5,31.9,25.2,28.5,80.0,92.0,72.0,VRB,2,S,9,0.0,,5.0
7/25/2011,1009.5,31.8,25.9,28.6,80.0,89.0,73.0,SW,3,SW,12,1.2,,6.0
7/26/2011,1010.2,30.9,26.9,28.8,80.0,87.0,74.0,S,5,S,11,0.0,,7.0
7/27/2011,1010.2,31.2,25.0,28.1,82.0,87.0,74.0,S,4,SE,12,0.05,,7.0
7/28/2011,1010.3,29.3,23.4,27.5,83.0,90.0,79.0,SSE,5,SE,13,1.9,,7.0
7/29/2011,1009.9,31.6,26.4,28.8,78.0,84.0,70.0,SE,5,SE,13,0.05,,4.0
7/30/2011,1009.2,31.3,25.5,28.8,77.0,83.0,69.0,SE,4,SE,12,0.0,,5.0
7/31/2011,1009.3,32.1,25.2,28.5,79.0,89.0,66.0,VRB,1,SE,7,0.0,,6.0
8/1/2011,1010.0,32.8,25.1,28.8,78.0,90.0,66.0,S,4,SW,17,4.1,,7.0
8/2/2011,1010.4,31.2,26.6,28.7,77.0,83.0,70.0,SSE,6,SE,14,0.0,,6.0
8/3/2011,1010.7,31.2,27.0,29.0,76.0,81.0,71.0,SSE,6,SSE,18,0.0,,6.0
8/4/2011,1010.1,31.1,27.1,29.1,77.0,81.0,72.0,SE,6,SE,17,0.0,,4.0
8/5/2011,1010.9,31.8,21.1,27.6,82.0,98.0,72.0,SSE,7,W,30,27.2,,6.0
8/6/2011,1009.9,30.7,25.2,27.9,77.0,95.0,68.0,VRB,2,SSE,9,0.0,,7.0
8/7/2011,1009.5,31.2,26.6,28.8,77.0,87.0,71.0,SSE,3,SE,9,0.0,,3.0
8/8/2011,1009.6,31.2,26.0,28.8,79.0,85.0,70.0,S,4,S,13,0.0,,4.0
8/9/2011,1009.8,31.0,22.9,28.0,84.0,100.0,75.0,ESE,6,W,35,21.0,,7.0
8/10/2011,1010.3,30.5,25.4,27.6,80.0,93.0,71.0,W,7,W,26,0.05,,7.0
8/11/2011,1010.0,31.5,24.4,28.5,80.0,89.0,71.0,SW,5,W,31,0.3,,7.0
8/12/2011,1008.4,32.5,25.6,28.9,80.0,90.0,69.0,WSW,5,SW,13,0.7,,7.0
8/13/2011,1008.1,31.3,25.7,28.5,81.0,88.0,72.0,SSW,5,S,10,0.05,,7.0
8/14/2011,1010.0,30.8,25.2,28.4,80.0,89.0,73.0,S,4,S,9,0.0,,6.0
8/15/2011,1010.8,31.2,25.7,28.8,78.0,84.0,70.0,S,4,S,11,0.05,,6.0
8/16/2011,1010.0,31.6,23.9,28.2,81.0,93.0,70.0,S,5,S,13,5.9,,7.0
8/17/2011,1010.3,30.0,22.9,26.6,85.0,96.0,74.0,WSW,5,WSW,31,13.2,,7.0
8/18/2011,1009.6,31.1,25.2,28.4,80.0,90.0,72.0,SW,5,SW,14,5.5,,6.0
8/19/2011,1009.6,31.5,24.6,28.4,82.0,92.0,72.0,WSW,4,WNW,22,4.6,,7.0
8/20/2011,1009.6,31.7,23.1,29.2,78.0,87.0,72.0,WSW,6,SW,16,20.3,,6.0
8/21/2011,1010.2,32.1,22.6,27.6,82.0,97.0,73.0,WNW,8,WNW,36,9.2,,7.0
8/22/2011,1010.7,32.1,23.4,28.4,82.0,97.0,72.0,WNW,3,NW,12,4.9,,7.0
8/23/2011,1011.1,31.4,22.6,27.6,84.0,98.0,71.0,VRB,2,W,15,0.9,,6.0
8/24/2011,1010.5,30.8,23.8,28.0,80.0,92.0,73.0,NW,3,NE,14,5.1,,6.0
8/25/2011,1010.6,30.0,20.6,27.8,82.0,93.0,71.0,NE,4,WSW,19,1.5,,7.0
8/26/2011,1011.7,31.0,23.9,28.0,82.0,96.0,69.0,E,3,E,11,0.0,,4.0
8/27/2011,1012.1,31.2,26.3,28.5,76.0,96.0,69.0,SW,3,S,10,0.0,,6.0
8/28/2011,1010.8,31.2,25.8,28.8,76.0,84.0,68.0,S,6,S,15,0.0,,5.0
8/29/2011,1010.4,30.9,26.5,28.6,76.0,81.0,70.0,SSE,4,SSE,11,0.0,,5.0
8/30/2011,1009.9,31.1,26.8,28.9,77.0,82.0,72.0,SE,5,S,14,0.0,,4.0
8/31/2011,1009.4,31.2,25.8,28.6,79.0,84.0,72.0,SSE,5,S,19,0.05,,7.0
9/1/2011,1009.0,31.5,26.1,28.9,80.0,86.0,71.0,SSE,6,S,15,0.1,,6.0
9/2/2011,1009.1,31.2,27.4,28.9,81.0,85.0,76.0,SSE,5,SE,14,0.0,,7.0
9/3/2011,1009.2,31.8,26.6,29.3,81.0,86.0,76.0,E,5,E,11,0.0,,5.0
9/4/2011,1010.0,31.8,23.9,29.1,81.0,95.0,74.0,E,5,NNE,14,2.9,,5.0
9/5/2011,1010.7,31.1,26.8,28.8,79.0,86.0,73.0,ENE,3,NE,10,0.0,,3.0
9/6/2011,1010.7,31.8,26.5,29.3,78.0,85.0,70.0,SE,5,SSE,13,0.05,,5.0
9/7/2011,1010.6,30.3,25.7,28.5,81.0,91.0,74.0,S,3,SSE,14,0.0,,7.0
9/8/2011,1010.9,31.3,24.4,28.6,81.0,93.0,71.0,S,3,SW,12,4.7,,7.0
9/9/2011,1012.0,29.7,21.7,26.3,85.0,96.0,75.0,SSW,5,WNW,23,60.0,,7.0
9/10/2011,1011.6,31.9,21.9,27.5,78.0,99.0,61.0,SW,3,SW,24,14.5,,7.0
9/11/2011,1010.7,30.2,21.8,26.9,84.0,98.0,75.0,S,7,WNW,38,60.9,,7.0
9/12/2011,1010.4,30.1,22.4,26.2,87.0,98.0,71.0,W,9,W,38,21.8,,7.0
9/13/2011,1009.9,30.3,22.0,27.7,84.0,91.0,76.0,WSW,4,W,31,5.9,,7.0
9/14/2011,1010.1,32.2,23.1,28.8,80.0,90.0,72.0,WSW,5,WNW,19,7.8,,6.0
9/15/2011,1010.7,31.1,23.3,27.5,85.0,96.0,72.0,VRB,1,S,6,0.0,,6.0
9/16/2011,1011.0,31.0,23.5,27.9,81.0,96.0,70.0,VRB,2,ESE,9,0.0,,5.0
9/17/2011,1011.0,31.1,23.5,28.0,78.0,93.0,68.0,VRB,2,ESE,9,0.0,,6.0
9/18/2011,1011.9,31.1,23.4,27.5,79.0,93.0,66.0,VRB,1,ENE,8,0.0,,5.0
9/19/2011,1013.1,31.0,26.2,28.4,74.0,92.0,65.0,S,3,S,11,0.0,,2.0
9/20/2011,1013.3,31.8,27.1,29.2,75.0,83.0,67.0,S,5,S,13,0.0,,6.0
9/21/2011,1012.1,32.2,26.1,29.2,77.0,86.0,67.0,WSW,6,WSW,16,0.4,,7.0
9/22/2011,1010.9,33.0,24.3,29.3,80.0,93.0,70.0,WNW,6,WNW,24,17.5,,7.0
9/23/2011,1010.9,29.1,21.9,26.6,88.0,95.0,82.0,WNW,5,WSW,22,4.8,,7.0
9/24/2011,1011.4,32.8,26.1,29.4,76.0,85.0,68.0,W,4,W,10,0.0,,5.0
9/25/2011,1012.1,32.6,24.0,29.5,75.0,84.0,69.0,W,5,WNW,19,0.8,,6.0
9/26/2011,1012.2,33.2,22.2,27.9,82.0,98.0,67.0,WNW,5,SW,32,54.2,,6.0
9/27/2011,1011.4,32.2,24.5,28.6,79.0,86.0,72.0,W,7,WSW,24,1.7,,6.0
9/28/2011,1011.4,30.1,22.4,27.6,83.0,95.0,75.0,WSW,11,W,29,15.5,,7.0
9/29/2011,1010.8,32.6,24.6,28.9,80.0,89.0,72.0,W,7,W,23,0.05,,7.0
9/30/2011,1011.0,32.2,26.0,29.2,78.0,84.0,71.0,WNW,5,W,13,2.0,,7.0
10/1/2011,1011.0,32.9,27.1,29.6,77.0,84.0,69.0,W,6,W,13,0.0,,4.0
10/2/2011,1011.1,32.8,26.9,29.7,75.0,82.0,67.0,W,6,W,13,0.05,,5.0
10/3/2011,1011.4,32.6,26.7,29.0,76.0,80.0,67.0,W,6,W,12,0.0,,7.0
10/4/2011,1011.0,32.6,26.1,29.4,73.0,80.0,65.0,W,5,W,11,0.0,,6.0
10/5/2011,1011.6,31.8,25.1,28.5,75.0,84.0,66.0,VRB,2,WSW,7,0.05,,4.0
10/6/2011,1013.0,32.8,26.6,29.2,74.0,78.0,66.0,W,5,W,11,0.0,,3.0
10/7/2011,1012.9,31.8,24.7,28.8,74.0,84.0,65.0,WSW,3,SW,9,0.0,,3.0
10/8/2011,1012.5,32.3,26.4,29.1,71.0,79.0,62.0,W,4,W,10,0.0,,1.0
10/9/2011,1012.3,32.8,26.7,29.5,71.0,78.0,64.0,W,5,W,9,0.0,,2.0
10/10/2011,1012.3,32.8,27.0,29.6,71.0,80.0,62.0,W,5,WSW,11,0.0,,3.0
10/11/2011,1012.2,32.9,24.1,29.0,77.0,94.0,65.0,WSW,4,SW,13,3.2,,5.0
10/12/2011,1010.9,32.6,27.1,29.4,76.0,86.0,67.0,W,7,W,18,0.5,,4.0
10/13/2011,1009.8,32.3,25.5,28.8,79.0,90.0,67.0,WSW,4,W,23,1.0,,5.0
10/14/2011,1009.8,32.2,23.6,27.8,84.0,94.0,70.0,SW,6,SW,28,9.3,,5.0
10/15/2011,1009.3,31.5,23.5,28.6,80.0,93.0,70.0,WSW,5,W,18,10.0,,5.0
10/16/2011,1009.4,30.6,23.4,27.8,82.0,93.0,73.0,W,6,S,15,0.2,,7.0
10/17/2011,1009.3,32.5,24.8,29.0,77.0,87.0,68.0,W,3,S,14,0.0,,6.0
10/18/2011,1009.8,31.1,23.6,28.5,79.0,88.0,74.0,WSW,6,WSW,19,6.0,,4.0
10/19/2011,1009.5,29.2,23.0,26.8,85.0,95.0,75.0,WSW,6,S,23,4.9,,7.0
10/20/2011,1009.0,32.1,23.0,28.4,81.0,97.0,71.0,WSW,6,S,23,30.6,,6.0
10/21/2011,1008.7,30.2,23.9,27.1,87.0,98.0,76.0,SW,7,WSW,20,26.4,,7.0
10/22/2011,1008.7,29.0,21.2,27.3,84.0,92.0,81.0,SW,8,SW,27,0.4,,7.0
10/23/2011,1009.0,31.2,23.2,27.6,83.0,99.0,67.0,SSW,6,W,27,65.8,,6.0
10/24/2011,1008.8,31.5,25.3,28.1,80.0,89.0,73.0,W,4,SSE,13,0.05,,7.0
10/25/2011,1007.5,31.2,25.0,28.4,80.0,93.0,72.0,SSW,7,SW,24,2.1,,7.0
10/26/2011,1008.2,31.2,22.2,26.6,87.0,98.0,75.0,SW,9,SSW,27,50.6,,7.0
10/27/2011,1008.6,29.7,25.1,27.8,85.0,90.0,79.0,WNW,3,WSW,14,1.1,,7.0
10/28/2011,1009.0,31.5,25.5,28.2,81.0,90.0,67.0,W,3,W,17,0.05,,7.0
10/29/2011,1008.4,32.4,25.9,28.9,78.0,82.0,71.0,W,5,WSW,12,0.0,,7.0
10/30/2011,1008.1,30.3,25.7,28.0,83.0,87.0,76.0,WNW,4,NNE,13,0.1,,7.0
10/31/2011,1009.0,31.2,22.7,27.8,85.0,93.0,75.0,VRB,2,WSW,24,26.7,,7.0
11/1/2011,1009.5,29.1,23.6,27.5,84.0,95.0,77.0,S,5,W,20,1.1,,7.0
11/2/2011,1009.2,31.8,26.3,29.1,77.0,85.0,67.0,S,6,S,15,0.05,,7.0
11/3/2011,1009.7,31.1,24.4,28.5,80.0,87.0,74.0,SSW,5,S,23,0.4,,6.0
11/4/2011,1010.0,32.1,26.2,29.4,76.0,86.0,65.0,SW,5,S,13,0.4,,3.0
11/5/2011,1010.6,31.7,25.1,29.0,74.0,84.0,66.0,S,5,S,13,0.0,,2.0
11/6/2011,1010.9,31.6,24.4,28.1,80.0,92.0,70.0,VRB,2,S,9,0.0,,2.0
11/7/2011,1011.2,32.3,25.5,28.8,78.0,93.0,66.0,VRB,2,SE,8,0.05,,4.0
11/8/2011,1011.0,31.5,26.3,29.0,78.0,90.0,71.0,NNW,4,NW,18,2.4,,4.0
11/9/2011,1010.8,31.8,23.7,27.2,84.0,97.0,69.0,VRB,2,NE,15,7.2,,6.0
11/10/2011,1010.6,31.2,23.8,27.8,79.0,97.0,68.0,VRB,2,ENE,9,0.0,,5.0
11/11/2011,1010.9,31.8,24.2,27.9,79.0,92.0,64.0,VRB,1,NNE,6,0.0,,3.0
11/12/2011,1011.0,32.0,23.4,27.5,84.0,97.0,65.0,VRB,2,SSW,17,21.3,,4.0
11/13/2011,1010.5,30.9,24.0,27.4,83.0,94.0,70.0,VRB,2,SW,13,0.0,,5.0
11/14/2011,1010.1,31.1,25.6,28.4,77.0,92.0,67.0,NE,3,NE,14,0.0,,3.0
11/15/2011,1010.1,31.4,25.0,29.4,75.0,84.0,70.0,NE,5,ENE,14,0.4,,4.0
11/16/2011,1009.9,31.2,24.4,28.5,80.0,88.0,70.0,NE,5,NE,17,6.5,,6.0
11/17/2011,1009.7,31.6,24.4,27.7,84.0,93.0,73.0,ENE,4,NE,13,7.5,,7.0
11/18/2011,1009.8,30.1,23.3,26.2,89.0,98.0,74.0,ESE,3,N,14,16.5,,7.0
11/19/2011,1009.0,30.8,26.0,28.5,80.0,89.0,74.0,E,3,ENE,10,2.2,,3.0
11/20/2011,1009.7,31.4,24.5,28.5,81.0,92.0,73.0,SSE,3,SE,12,0.05,,5.0
11/21/2011,1009.6,30.7,24.4,28.0,84.0,90.0,77.0,NNE,3,NE,11,10.0,,7.0
11/22/2011,1008.9,29.9,24.4,27.5,87.0,96.0,76.0,VRB,2,N,13,6.1,,6.0
11/23/2011,1009.3,29.7,24.1,25.8,93.0,98.0,88.0,WSW,11,WSW,30,33.9,,8.0
11/24/2011,1008.6,29.0,22.0,27.5,82.0,91.0,77.0,W,7,NNW,22,7.8,,8.0
11/25/2011,1007.6,30.4,23.5,27.7,84.0,98.0,75.0,WSW,6,WSW,29,4.6,,7.0
11/26/2011,1007.1,30.8,24.2,27.7,84.0,97.0,75.0,SW,10,SW,29,7.2,,7.0
11/27/2011,1008.8,29.6,20.0,26.7,85.0,96.0,69.0,SW,15,SW,33,21.2,,7.0
11/28/2011,1008.7,29.9,23.8,27.8,83.0,94.0,73.0,SW,10,WSW,31,8.6,,7.0
11/29/2011,1008.9,31.1,22.5,28.4,83.0,89.0,75.0,WSW,6,SW,22,0.0,,7.0
11/30/2011,1009.5,31.8,25.9,28.7,82.0,90.0,73.0,NW,3,WNW,9,0.0,,7.0
12/1/2011,1009.8,31.2,24.3,28.4,81.0,93.0,70.0,NNE,3,SSW,16,0.6,,6.0
12/2/2011,1009.6,30.0,24.2,27.2,85.0,94.0,75.0,VRB,2,S,9,0.0,,5.0
12/3/2011,1008.7,32.1,26.4,28.9,76.0,93.0,67.0,W,3,WSW,9,0.05,,4.0
12/4/2011,1009.0,32.7,24.5,28.8,78.0,88.0,71.0,W,4,WNW,22,6.1,,3.0
12/5/2011,1009.8,30.8,23.1,27.5,85.0,94.0,73.0,VRB,2,NW,15,15.6,,5.0
12/6/2011,1009.4,30.7,24.5,27.9,82.0,94.0,71.0,VRB,2,NW,7,0.0,,3.0
12/7/2011,1009.0,31.2,25.0,28.1,80.0,92.0,69.0,NE,3,NNE,15,0.0,,5.0
12/8/2011,1008.9,28.8,23.5,26.3,89.0,98.0,80.0,SSW,4,S,16,28.0,,7.0
12/9/2011,1009.4,27.8,21.7,25.6,92.0,98.0,84.0,WSW,7,WSW,22,50.3,,7.0
12/10/2011,1009.3,30.3,25.0,27.6,83.0,97.0,73.0,SW,3,S,11,0.05,,4.0
12/11/2011,1009.7,31.5,25.5,28.7,79.0,87.0,70.0,SW,5,S,17,1.9,,3.0
12/12/2011,1009.6,31.6,24.5,28.6,80.0,93.0,72.0,SW,3,SSW,9,0.0,,3.0
12/13/2011,1010.4,30.9,23.6,26.9,86.0,94.0,74.0,WNW,4,W,19,3.6,,6.0
12/14/2011,1010.5,32.2,23.6,28.8,80.0,90.0,70.0,W,6,W,16,4.6,,5.0
12/15/2011,1010.5,30.1,24.5,27.2,86.0,95.0,72.0,N,3,WNW,18,14.0,,5.0
12/16/2011,1010.4,30.2,23.1,26.9,86.0,93.0,77.0,W,5,WSW,23,22.8,,7.0
12/17/2011,1009.8,30.3,25.2,27.8,82.0,95.0,73.0,NNE,5,N,15,0.1,,7.0
12/18/2011,1010.1,30.6,26.0,28.2,82.0,87.0,75.0,N,5,NE,12,1.2,,6.0
12/19/2011,1010.1,30.6,26.1,28.4,80.0,83.0,74.0,NNW,6,N,15,0.0,,4.0
12/20/2011,1009.5,30.9,24.6,28.2,80.0,88.0,74.0,NW,7,N,23,0.05,,6.0
12/21/2011,1010.6,28.9,21.7,25.6,91.0,98.0,84.0,W,7,W,27,45.6,,7.0
12/22/2011,1010.4,27.9,22.0,25.4,93.0,98.0,80.0,W,4,W,24,23.6,,7.0
12/23/2011,1009.4,31.3,24.5,27.6,84.0,98.0,73.0,W,3,WNW,10,0.05,,6.0
12/24/2011,1008.9,30.1,24.5,27.5,82.0,90.0,74.0,NNE,4,NE,12,0.0,,6.0
12/25/2011,1009.8,30.2,24.4,27.6,79.0,89.0,73.0,NNE,3,NE,11,0.0,,6.0
12/26/2011,1011.0,31.7,24.9,28.1,77.0,86.0,66.0,W,3,WNW,7,0.0,,6.0
12/27/2011,1011.1,32.0,25.9,28.4,77.0,84.0,67.0,W,4,W,9,0.0,,6.0
12/28/2011,1011.0,32.5,26.3,29.0,76.0,83.0,67.0,W,6,W,15,0.0,,4.0
12/29/2011,1010.8,31.0,26.4,28.5,78.0,81.0,74.0,WNW,7,W,15,0.0,,6.0
12/30/2011,1010.7,32.1,26.2,28.8,74.0,81.0,68.0,WNW,9,W,18,0.0,,4.0
12/31/2011,1011.1,32.7,26.1,29.0,71.0,79.0,65.0,WNW,8,WNW,14,0.0,,4.0
1/1/2012,1010.8,32.2,26.1,28.9,70.0,76.0,61.0,W,6,W,12,0.0,,2.0
1/2/2012,1010.7,32.2,24.5,28.3,70.0,82.0,61.0,W,4,W,12,0.0,,2.0
1/3/2012,1010.6,30.1,23.9,27.3,79.0,88.0,70.0,N,3,NNW,9,0.0,,2.0
1/4/2012,1011.3,29.9,25.5,27.6,75.0,88.0,67.0,NE,5,NE,15,0.0,,2.0
1/5/2012,1012.1,30.5,23.5,27.5,78.0,93.0,65.0,VRB,2,ESE,9,0.0,,1.0
1/6/2012,1012.6,30.2,23.7,27.5,81.0,91.0,73.0,NE,3,NNE,12,0.1,,5.0
1/7/2012,1013.1,31.0,26.1,28.2,78.0,91.0,69.0,E,4,ENE,10,0.0,,3.0
1/8/2012,1012.7,30.3,25.4,28.0,77.0,83.0,71.0,NE,5,NE,11,0.0,,2.0
1/9/2012,1012.4,30.2,22.4,27.5,76.0,89.0,67.0,NE,4,NE,11,0.0,,2.0
1/10/2012,1012.3,30.2,22.8,26.7,79.0,93.0,68.0,VRB,2,ENE,8,0.0,,2.0
1/11/2012,1012.2,30.6,23.4,27.1,80.0,92.0,68.0,VRB,1,ENE,7,0.0,,2.0
1/12/2012,1011.6,30.5,23.3,27.6,80.0,94.0,68.0,ENE,3,W,15,26.0,,4.0
1/13/2012,1011.1,30.1,22.2,27.4,82.0,97.0,68.0,NNE,7,NNE,18,7.0,,6.0
1/14/2012,1010.5,31.0,25.5,28.4,75.0,82.0,70.0,NNE,9,NNE,19,0.0,,4.0
1/15/2012,1009.7,30.6,25.9,28.1,75.0,80.0,68.0,N,7,NNE,17,0.05,,6.0
1/16/2012,1008.9,30.8,24.6,27.8,73.0,77.0,66.0,NNE,8,NNE,15,0.0,,6.0
1/17/2012,1008.9,30.2,24.0,27.4,72.0,80.0,65.0,NE,6,NE,15,0.0,,6.0
1/18/2012,1009.0,30.2,24.9,27.5,72.0,81.0,65.0,NE,5,NE,12,0.0,,5.0
1/19/2012,1009.5,30.0,24.2,27.3,75.0,82.0,68.0,NE,4,NE,10,0.0,,3.0
1/20/2012,1010.3,30.1,23.2,27.0,77.0,86.0,69.0,NNE,5,NNE,13,0.0,,3.0
1/21/2012,1010.7,30.4,24.0,27.4,73.0,83.0,64.0,N,5,NNE,14,0.0,,2.0
1/22/2012,1011.1,30.2,24.0,27.4,73.0,83.0,65.0,NNE,6,NNE,14,0.0,,6.0
1/23/2012,1011.2,30.5,25.3,27.8,74.0,82.0,65.0,NNE,7,NNE,16,0.05,,5.0
1/24/2012,1010.4,30.6,22.8,27.6,74.0,85.0,64.0,NNE,6,NNE,15,0.0,,5.0
1/25/2012,1011.0,31.1,25.4,27.5,75.0,91.0,65.0,N,3,N,12,0.0,,6.0
1/26/2012,1010.9,31.0,23.8,27.6,74.0,81.0,66.0,NNE,5,N,14,0.0,,4.0
1/27/2012,1011.0,30.2,23.4,27.0,74.0,83.0,66.0,NNE,3,N,10,0.0,,6.0
1/28/2012,1010.2,30.5,25.5,27.6,72.0,82.0,64.0,N,5,NE,12,0.0,,5.0
1/29/2012,1010.2,30.8,25.5,28.0,74.0,79.0,66.0,NNE,6,NNE,13,0.0,,6.0
1/30/2012,1010.9,30.9,24.6,28.0,72.0,84.0,66.0,NNE,5,NNE,13,0.0,,7.0
1/31/2012,1011.2,30.9,25.4,28.1,73.0,80.0,64.0,NNE,6,NNE,14,0.0,,6.0
2/1/2012,1010.9,31.2,26.1,28.4,73.0,80.0,63.0,NNE,8,NNE,18,0.0,,5.0
2/2/2012,1011.0,31.2,25.7,28.4,69.0,77.0,60.0,NNE,10,NNE,23,0.0,,5.0
2/3/2012,1011.2,31.2,23.2,28.1,76.0,88.0,62.0,N,5,NNE,14,0.0,,5.0
2/4/2012,1011.6,31.8,26.0,28.1,79.0,94.0,69.0,VRB,2,WNW,7,0.05,,7.0
2/5/2012,1011.5,32.3,24.1,28.1,77.0,85.0,68.0,NNE,3,NNE,11,0.05,,5.0
2/6/2012,1010.5,31.1,25.0,28.4,79.0,88.0,71.0,NE,5,NE,14,1.2,,5.0
2/7/2012,1009.8,31.6,23.3,28.4,79.0,94.0,69.0,N,6,NNE,19,28.7,,4.0
2/8/2012,1009.2,30.7,20.4,27.5,86.0,99.0,73.0,NE,4,N,19,5.3,,5.0
2/9/2012,1009.2,31.2,23.0,27.2,88.0,97.0,73.0,S,3,SSE,24,47.8,,7.0
2/10/2012,1010.0,30.0,23.4,26.7,87.0,98.0,73.0,SW,3,SE,15,0.6,,7.0
2/11/2012,1010.0,30.9,23.5,26.9,86.0,96.0,70.0,VRB,2,SE,14,7.3,,6.0
2/12/2012,1010.5,31.0,22.8,26.9,85.0,98.0,72.0,NE,3,NE,19,18.9,,6.0
2/13/2012,1011.2,30.9,23.0,27.6,82.0,98.0,72.0,NE,3,NE,20,32.1,,4.0
2/14/2012,1011.7,30.5,22.9,27.3,85.0,96.0,71.0,VRB,1,NE,8,16.2,,7.0
2/15/2012,1010.4,29.0,22.0,26.9,88.0,97.0,80.0,N,5,NE,17,2.4,,7.0
2/16/2012,1009.3,30.8,22.6,26.9,88.0,99.0,78.0,NNE,5,NNE,21,77.1,,7.0
2/17/2012,1009.2,31.0,23.0,28.0,82.0,94.0,73.0,NNE,4,N,15,19.7,,7.0
2/18/2012,1009.8,31.2,23.6,28.2,83.0,97.0,73.0,NNE,7,NNE,21,5.0,,6.0
2/19/2012,1009.8,31.4,26.0,28.5,76.0,83.0,67.0,NNE,9,NNE,19,0.05,,6.0
2/20/2012,1009.9,30.9,25.5,28.1,76.0,81.0,70.0,N,4,NNE,12,0.05,,7.0
2/21/2012,1008.3,30.8,25.4,28.6,80.0,87.0,74.0,N,4,NNE,13,3.9,,7.0
2/22/2012,1009.1,31.0,24.0,27.8,77.0,88.0,65.0,NNE,4,NNE,13,0.0,,7.0
2/23/2012,1008.4,31.2,26.2,28.3,69.0,84.0,62.0,NNE,7,NNE,19,0.0,,7.0
2/24/2012,1007.5,31.2,26.2,28.4,71.0,82.0,59.0,NE,6,NNE,14,0.0,,3.0
2/25/2012,1006.4,31.1,26.1,28.8,76.0,81.0,70.0,NE,6,NE,12,0.0,,3.0
2/26/2012,1006.6,31.1,25.5,28.6,75.0,86.0,66.0,NNE,5,NNE,14,0.05,,6.0
2/27/2012,1007.6,30.8,24.9,28.1,81.0,93.0,69.0,NE,4,NE,12,0.0,,7.0
2/28/2012,1007.9,32.2,26.4,28.6,81.0,94.0,74.0,WNW,3,WNW,11,3.5,,7.0
2/29/2012,1007.6,31.5,25.5,28.6,80.0,90.0,69.0,N,4,NNE,13,0.0,,3.0
3/1/2012,1008.2,31.2,24.9,28.5,80.0,90.0,70.0,NE,3,NE,11,0.0,,2.0
3/2/2012,1007.8,31.8,26.3,28.7,78.0,92.0,68.0,NE,3,NNE,13,0.0,,4.0
3/3/2012,1008.6,31.7,26.9,29.2,77.0,82.0,70.0,NNW,4,NNW,11,0.0,,5.0
3/4/2012,1009.2,31.3,24.4,28.8,77.0,92.0,68.0,N,4,WNW,11,0.0,,4.0
3/5/2012,1009.4,31.3,26.0,28.3,79.0,93.0,69.0,VRB,2,NE,9,0.0,,7.0
3/6/2012,1009.2,32.6,26.1,29.1,77.0,85.0,69.0,WNW,5,NW,10,0.0,,6.0
3/7/2012,1008.9,32.4,26.6,29.2,74.0,86.0,67.0,W,6,W,14,0.0,,5.0
3/8/2012,1009.2,32.4,26.7,29.3,74.0,79.0,65.0,WNW,6,WNW,13,0.0,,5.0
3/9/2012,1008.4,32.5,26.8,29.3,74.0,81.0,66.0,WNW,7,NW,17,0.0,,6.0
3/10/2012,1008.0,31.8,26.4,28.9,72.0,80.0,65.0,WNW,9,WNW,19,0.0,,6.0
3/11/2012,1009.5,32.2,25.9,28.4,68.0,73.0,59.0,WNW,7,W,18,0.0,,7.0
3/12/2012,1010.6,32.4,24.2,28.8,65.0,71.0,60.0,WNW,5,W,12,0.0,,5.0
3/13/2012,1011.2,31.2,24.0,28.0,73.0,89.0,62.0,VRB,2,WNW,8,0.0,,7.0
3/14/2012,1011.5,32.8,24.0,28.6,79.0,92.0,66.0,W,3,W,23,5.3,,5.0
3/15/2012,1011.8,30.2,24.4,27.5,85.0,94.0,74.0,VRB,2,NNE,18,1.5,,6.0
3/16/2012,1011.7,32.2,23.3,28.4,80.0,93.0,64.0,VRB,1,SE,11,33.0,,6.0
3/17/2012,1011.5,31.9,23.5,28.2,82.0,97.0,69.0,VRB,2,SSW,13,0.1,,4.0
3/18/2012,1011.9,31.8,26.6,28.9,78.0,94.0,65.0,NW,3,NNW,9,0.0,,2.0
3/19/2012,1012.2,32.1,25.8,29.1,76.0,86.0,69.0,NW,3,WNW,9,0.0,,2.0
3/20/2012,1011.5,32.1,24.8,28.6,78.0,89.0,67.0,VRB,2,NW,8,0.0,,2.0
3/21/2012,1011.1,32.3,27.4,29.5,73.0,81.0,67.0,WSW,5,W,12,0.0,,2.0
3/22/2012,1011.4,32.7,27.1,29.7,72.0,78.0,64.0,W,6,W,14,0.0,,2.0
3/23/2012,1011.5,32.9,27.4,29.7,73.0,79.0,66.0,W,6,W,11,0.0,,2.0
3/24/2012,1011.0,32.7,27.2,29.6,75.0,80.0,67.0,W,4,W,10,0.0,,2.0
3/25/2012,1011.3,32.0,23.4,27.3,86.0,98.0,75.0,WSW,4,WNW,17,46.8,,6.0
3/26/2012,1011.9,30.1,21.7,26.9,79.0,97.0,67.0,S,4,WSW,18,1.7,,7.0
3/27/2012,1012.2,32.0,24.1,28.3,75.0,91.0,64.0,NW,3,NW,9,0.0,,3.0
3/28/2012,1013.2,31.7,23.5,27.8,78.0,92.0,65.0,VRB,2,NNE,8,0.0,,2.0
3/29/2012,1013.7,32.2,27.0,28.9,75.0,93.0,63.0,WSW,3,WSW,8,0.0,,2.0
3/30/2012,1012.3,33.1,27.4,29.9,74.0,79.0,66.0,W,5,W,11,0.0,,2.0
3/31/2012,1011.8,33.2,27.1,29.9,74.0,80.0,67.0,W,5,W,12,0.0,,2.0
4/1/2012,1011.3,33.2,27.4,29.8,77.0,86.0,67.0,W,4,WSW,12,0.0,,2.0
4/2/2012,1012.4,31.9,25.9,28.8,81.0,90.0,72.0,SSW,4,S,13,9.2,,3.0
4/3/2012,1013.5,31.9,24.9,28.6,80.0,97.0,69.0,SW,3,W,16,16.2,,3.0
4/4/2012,1013.2,31.7,24.6,28.2,82.0,93.0,71.0,VRB,2,W,13,0.9,,4.0
4/5/2012,1011.4,32.2,24.6,28.4,80.0,93.0,67.0,VRB,1,E,7,0.0,,2.0
4/6/2012,1010.6,33.0,27.8,29.4,76.0,93.0,64.0,W,3,W,8,0.0,,2.0
4/7/2012,1009.6,33.4,25.1,29.9,75.0,87.0,67.0,W,5,SW,21,1.9,,4.0
4/8/2012,1009.9,33.1,25.7,29.8,74.0,85.0,66.0,WSW,4,S,14,0.0,,5.0
4/9/2012,1010.9,32.0,26.5,29.3,76.0,83.0,65.0,SSW,5,S,13,0.4,,3.0
4/10/2012,1010.6,31.7,25.3,29.0,78.0,89.0,70.0,S,3,SSE,11,0.0,,5.0
4/11/2012,1009.7,32.4,25.2,28.2,84.0,98.0,68.0,VRB,2,S,23,31.1,,4.0
4/12/2012,1009.4,32.4,27.7,29.4,78.0,94.0,69.0,WSW,3,N,13,0.0,,3.0
4/13/2012,1008.7,33.6,24.7,29.6,79.0,97.0,67.0,VRB,2,WSW,14,11.9,,4.0
4/14/2012,1009.8,32.2,26.2,28.5,81.0,92.0,75.0,SSW,5,WSW,14,0.2,,7.0
4/15/2012,1010.1,30.2,25.7,27.3,88.0,95.0,78.0,VRB,2,NNW,9,3.4,,7.0
4/16/2012,1009.8,31.2,24.6,27.9,84.0,96.0,71.0,S,4,WNW,23,7.7,,7.0
4/17/2012,1008.7,32.8,27.8,29.6,74.0,87.0,64.0,W,3,W,9,0.0,,6.0
4/18/2012,1009.1,32.6,27.7,29.9,74.0,79.0,71.0,SW,7,WSW,16,0.05,,6.0
4/19/2012,1009.1,33.1,28.4,29.9,73.0,83.0,65.0,WSW,5,SW,13,0.0,,3.0
4/20/2012,1010.2,33.4,28.5,29.8,79.0,87.0,70.0,WSW,6,WSW,14,0.1,,5.0
4/21/2012,1009.5,32.8,26.4,29.6,81.0,94.0,71.0,W,8,W,26,22.0,,5.0
4/22/2012,1008.5,31.8,27.2,29.6,80.0,85.0,73.0,WSW,11,SW,23,1.8,,6.0
4/23/2012,1008.1,32.2,24.6,29.2,82.0,98.0,71.0,WSW,11,W,35,28.6,,6.0
4/24/2012,1009.6,30.9,26.1,28.7,82.0,92.0,76.0,WSW,13,WSW,30,0.7,,7.0
4/25/2012,1009.6,33.2,27.8,29.7,79.0,84.0,73.0,W,10,W,23,0.05,,7.0
4/26/2012,1010.1,32.5,27.6,29.3,80.0,88.0,70.0,W,9,SW,23,1.5,,7.0
4/27/2012,1010.4,31.8,27.6,29.5,79.0,83.0,73.0,WSW,7,WSW,20,0.05,,6.0
4/28/2012,1009.6,33.1,28.4,29.9,79.0,84.0,71.0,W,8,W,16,0.05,,5.0
4/29/2012,1009.3,32.5,28.1,29.6,75.0,81.0,69.0,WSW,8,W,15,0.0,,4.0
4/30/2012,1009.2,33.0,27.8,29.8,75.0,81.0,68.0,W,7,W,16,0.0,,4.0
5/1/2012,1010.1,32.9,24.8,29.5,71.0,80.0,65.0,WNW,4,WNW,10,0.0,,4.0
5/2/2012,1011.1,32.3,24.1,28.1,75.0,89.0,62.0,VRB,2,WNW,9,0.0,,1.0
5/3/2012,1010.5,32.0,25.6,28.3,78.0,91.0,68.0,SSW,3,SSW,7,0.0,,2.0
5/4/2012,1009.7,32.8,27.5,29.5,74.0,85.0,67.0,SW,4,SW,10,0.05,,2.0
5/5/2012,1010.3,32.2,28.2,29.6,75.0,82.0,68.0,WSW,6,WSW,12,0.0,,2.0
5/6/2012,1010.4,33.5,28.0,29.9,74.0,80.0,66.0,W,6,W,11,0.0,,3.0
5/7/2012,1009.6,33.9,28.0,30.0,74.0,81.0,66.0,W,5,W,12,0.0,,2.0
5/8/2012,1009.5,33.2,26.1,29.8,76.0,92.0,68.0,W,3,WSW,8,0.5,,2.0
5/9/2012,1011.1,35.2,28.0,29.7,77.0,93.0,67.0,W,3,S,8,0.1,,3.0
5/10/2012,1011.6,33.8,27.9,30.1,75.0,85.0,67.0,W,4,WNW,12,0.0,,2.0
5/11/2012,1010.6,33.3,28.5,30.3,74.0,80.0,66.0,W,5,W,11,0.05,,3.0
5/12/2012,1009.7,33.8,27.9,30.1,75.0,84.0,64.0,W,5,SSW,13,0.4,,5.0
5/13/2012,1009.4,33.8,27.9,30.2,74.0,83.0,64.0,W,5,W,12,0.0,,3.0
5/14/2012,1010.0,33.7,27.4,29.9,73.0,80.0,66.0,W,4,W,9,0.0,,4.0
5/15/2012,1011.2,33.4,27.2,29.7,74.0,86.0,63.0,VRB,2,S,9,0.0,,3.0
5/16/2012,1009.3,32.8,26.4,29.0,81.0,91.0,72.0,SSW,3,S,13,6.3,,4.0
5/17/2012,1008.6,32.2,26.3,28.4,85.0,95.0,74.0,S,3,SSW,19,0.8,,6.0
5/18/2012,1009.6,32.2,25.6,29.0,82.0,93.0,73.0,WSW,4,WSW,18,25.5,,6.0
5/19/2012,1011.0,31.5,25.3,27.3,87.0,98.0,78.0,WSW,10,WSW,32,15.2,,7.0
5/20/2012,1010.5,29.3,23.9,27.4,86.0,95.0,79.0,SW,9,SW,24,24.2,,7.0
5/21/2012,1010.6,31.5,24.0,27.8,84.0,95.0,73.0,SW,7,WSW,25,19.7,,7.0
5/22/2012,1011.2,31.2,24.2,27.5,88.0,97.0,77.0,SSW,5,W,20,18.4,,7.0
5/23/2012,1011.3,31.9,24.5,28.9,82.0,93.0,76.0,SSW,5,SW,13,16.1,,7.0
5/24/2012,1011.0,30.2,24.5,26.8,90.0,98.0,82.0,SSW,6,S,22,26.6,,7.0
5/25/2012,1010.7,30.3,25.8,27.7,82.0,97.0,75.0,SSW,8,SSW,20,0.7,,7.0
5/26/2012,1010.9,31.9,24.5,28.5,81.0,95.0,70.0,SSW,8,SW,20,33.9,,7.0
5/27/2012,1010.5,30.1,24.4,28.0,85.0,97.0,72.0,WSW,10,W,32,8.7,,7.0
5/28/2012,1010.5,30.9,24.0,28.6,82.0,90.0,77.0,WSW,8,W,28,14.8,,7.0
5/29/2012,1011.3,30.8,24.6,27.3,87.0,93.0,76.0,WSW,8,WSW,33,18.6,,7.0
5/30/2012,1010.4,32.8,26.3,29.0,83.0,88.0,77.0,W,7,WSW,23,0.5,,7.0
5/31/2012,1010.0,29.9,24.9,28.4,81.0,94.0,72.0,W,8,W,32,6.4,,7.0
6/1/2012,1009.2,32.0,25.6,29.0,83.0,95.0,74.0,S,3,S,12,0.0,,5.0
6/2/2012,1009.5,32.3,25.3,29.1,82.0,96.0,70.0,W,4,W,31,3.4,,6.0
6/3/2012,1009.4,33.2,26.0,29.3,83.0,88.0,74.0,W,8,W,28,5.1,,7.0
6/4/2012,1010.3,33.2,27.6,29.6,82.0,91.0,72.0,W,4,W,10,0.0,,7.0
6/5/2012,1010.1,31.1,27.0,29.1,82.0,87.0,75.0,WSW,6,SW,23,1.0,,7.0
6/6/2012,1009.0,31.5,26.9,29.5,77.0,84.0,69.0,WSW,7,WSW,28,1.5,,7.0
6/7/2012,1009.3,31.9,28.5,29.6,77.0,83.0,71.0,WSW,10,WSW,18,0.0,,4.0
6/8/2012,1010.8,32.1,28.4,29.6,79.0,85.0,72.0,W,9,WSW,16,0.0,,6.0
6/9/2012,1011.2,33.0,28.2,29.7,79.0,86.0,71.0,W,8,W,15,0.0,,7.0
6/10/2012,1010.5,32.2,28.1,29.5,77.0,83.0,70.0,W,6,W,11,0.0,,7.0
6/11/2012,1009.6,33.0,28.1,29.8,75.0,81.0,69.0,WSW,6,W,13,0.0,,4.0
6/12/2012,1009.1,32.1,24.6,29.4,74.0,81.0,67.0,WSW,4,SW,9,4.8,,5.0
6/13/2012,1009.7,30.9,26.4,27.9,81.0,89.0,71.0,SW,4,W,31,0.05,,6.0
6/14/2012,1010.3,30.8,24.9,27.9,85.0,94.0,76.0,VRB,2,W,17,0.0,,6.0
6/15/2012,1010.3,32.0,26.3,28.5,80.0,97.0,72.0,VRB,2,S,8,0.0,,3.0
6/16/2012,1010.7,32.2,27.7,29.4,74.0,83.0,68.0,WSW,5,WSW,12,0.0,,4.0
6/17/2012,1011.3,33.0,27.8,29.4,73.0,80.0,65.0,WSW,4,WSW,9,0.0,,6.0
6/18/2012,1012.5,32.2,27.3,29.1,75.0,82.0,67.0,WSW,4,SW,8,0.0,,7.0
6/19/2012,1012.7,31.7,24.3,28.3,78.0,92.0,67.0,SSW,3,SSW,9,0.0,,6.0
6/20/2012,1011.4,30.9,24.7,27.9,78.0,92.0,67.0,S,3,SSE,9,0.0,,5.0
6/21/2012,1011.2,31.2,25.6,28.1,77.0,90.0,66.0,VRB,2,SSE,8,0.0,,5.0
6/22/2012,1010.9,32.3,24.9,28.4,75.0,87.0,61.0,SSE,3,SSE,10,0.0,,6.0
6/23/2012,1010.2,31.5,28.0,28.9,74.0,91.0,67.0,S,4,SSW,10,0.0,,5.0
6/24/2012,1009.5,31.9,26.5,29.4,73.0,80.0,66.0,S,4,S,11,0.2,,6.0
6/25/2012,1011.0,31.0,26.6,28.3,80.0,87.0,72.0,VRB,2,NNW,11,0.0,,6.0
6/26/2012,1011.3,31.7,26.8,28.8,75.0,88.0,63.0,S,3,SSE,19,0.0,,6.0
6/27/2012,1011.6,33.0,25.4,28.5,77.0,85.0,63.0,ESE,3,W,21,0.05,,6.0
6/28/2012,1011.2,31.9,25.9,28.7,74.0,89.0,65.0,SW,3,SW,13,0.0,,6.0
6/29/2012,1010.1,33.5,24.4,28.7,79.0,97.0,65.0,W,4,WSW,22,5.2,,7.0
6/30/2012,1009.2,32.8,26.5,29.0,77.0,95.0,68.0,W,3,W,7,0.0,,7.0
7/1/2012,1008.5,32.1,26.6,28.8,77.0,89.0,70.0,SW,3,W,10,0.05,,7.0
7/2/2012,1008.6,31.8,25.1,28.2,79.0,89.0,71.0,SW,5,WSW,31,8.8,,7.0
7/3/2012,1008.1,31.8,24.5,28.6,79.0,91.0,69.0,SSW,4,W,17,2.8,,6.0
7/4/2012,1007.7,31.6,23.9,27.5,83.0,92.0,71.0,VRB,2,W,24,13.3,,7.0
7/5/2012,1008.6,31.8,24.4,27.9,80.0,96.0,67.0,VRB,2,SW,19,0.05,,6.0
7/6/2012,1008.9,31.6,25.3,28.0,79.0,92.0,69.0,VRB,2,SW,5,0.0,,6.0
7/7/2012,1008.0,32.2,25.0,28.4,78.0,95.0,59.0,VRB,1,SW,21,1.7,,6.0
7/8/2012,1008.4,31.4,23.0,27.4,83.0,99.0,72.0,W,6,W,43,64.7,,7.0
7/9/2012,1008.1,31.0,23.9,27.7,79.0,97.0,66.0,WNW,6,WSW,47,3.4,,7.0
7/10/2012,1008.8,30.4,25.6,27.7,82.0,99.0,71.0,W,7,SW,41,2.4,,7.0
7/11/2012,1008.6,32.7,28.6,29.4,82.0,97.0,73.0,W,8,WNW,20,0.6,,6.0
7/12/2012,1009.2,31.0,28.1,29.2,81.0,83.0,78.0,WNW,10,WNW,19,0.05,,7.0
7/13/2012,1009.3,32.6,28.0,29.3,78.0,82.0,71.0,WNW,8,WNW,15,0.0,,7.0
7/14/2012,1009.2,33.1,27.6,29.5,76.0,81.0,68.0,W,8,W,15,0.0,,4.0
7/15/2012,1009.3,33.0,27.8,29.7,76.0,80.0,69.0,WNW,7,WNW,15,0.0,,6.0
7/16/2012,1010.3,33.1,27.6,29.7,75.0,80.0,68.0,NW,6,WNW,14,0.0,,5.0
7/17/2012,1011.6,33.8,28.0,29.8,74.0,79.0,65.0,NW,5,NW,11,0.0,,3.0
7/18/2012,1012.4,33.2,26.2,29.5,74.0,83.0,64.0,NW,3,NW,9,0.0,,3.0
7/19/2012,1011.9,32.9,26.9,29.2,74.0,84.0,64.0,VRB,2,W,9,0.0,,6.0
7/20/2012,1011.1,33.2,27.4,29.6,74.0,79.0,65.0,W,5,W,12,0.3,,5.0
7/21/2012,1011.3,30.7,24.5,27.8,83.0,95.0,73.0,WSW,8,W,31,29.8,,7.0
7/22/2012,1010.7,32.7,27.6,29.4,78.0,83.0,71.0,W,7,W,14,0.2,,5.0
7/23/2012,1010.5,33.1,27.6,29.6,78.0,84.0,70.0,W,6,W,11,0.0,,6.0
7/24/2012,1009.6,33.0,25.1,29.3,79.0,86.0,69.0,W,4,NW,20,5.6,,6.0
7/25/2012,1010.3,33.5,27.9,29.7,75.0,82.0,66.0,W,5,W,12,0.0,,2.0
7/26/2012,1010.2,33.1,28.1,29.8,76.0,82.0,67.0,W,5,W,11,0.05,,3.0
7/27/2012,1009.5,33.0,27.4,29.7,74.0,83.0,66.0,WNW,4,WNW,10,0.0,,2.0
7/28/2012,1010.3,33.0,25.4,29.4,73.0,81.0,64.0,WNW,3,WNW,8,0.0,,4.0
7/29/2012,1011.4,32.0,24.9,28.3,77.0,89.0,64.0,VRB,1,S,8,0.0,,5.0
7/30/2012,1011.8,32.6,26.0,28.6,76.0,90.0,63.0,VRB,1,ESE,5,0.0,,5.0
7/31/2012,1011.6,31.6,26.3,28.9,75.0,82.0,66.0,VRB,2,SE,7,0.0,,6.0
8/1/2012,1011.7,31.2,27.2,28.5,78.0,83.0,68.0,ESE,3,S,13,0.0,,6.0
8/2/2012,1012.1,31.6,27.0,29.0,76.0,84.0,68.0,SSE,3,SSE,11,0.0,,6.0
8/3/2012,1011.4,31.2,24.9,29.0,77.0,85.0,70.0,SSE,3,SSE,15,6.1,,7.0
8/4/2012,1010.7,31.2,27.6,28.8,78.0,86.0,72.0,S,5,SSE,16,0.0,,7.0
8/5/2012,1010.9,31.3,27.4,29.1,77.0,85.0,71.0,S,5,S,13,0.05,,7.0
8/6/2012,1010.8,31.8,28.1,29.4,74.0,80.0,68.0,SE,5,SSE,11,0.0,,3.0
8/7/2012,1010.8,31.6,28.2,29.5,73.0,79.0,65.0,SE,5,ESE,13,0.0,,4.0
8/8/2012,1011.2,32.0,26.8,29.3,75.0,84.0,68.0,SSE,4,SSE,13,0.05,,6.0
8/9/2012,1010.8,31.7,27.6,29.2,77.0,88.0,70.0,S,6,S,14,0.0,,6.0
8/10/2012,1010.3,32.2,28.6,29.7,75.0,81.0,68.0,S,9,S,17,0.05,,3.0
8/11/2012,1010.9,31.5,22.0,27.9,82.0,99.0,73.0,SSE,6,WSW,30,29.2,,7.0
8/12/2012,1010.6,30.6,26.3,28.1,78.0,86.0,72.0,ESE,3,ESE,12,0.0,,5.0
8/13/2012,1010.4,31.0,24.6,28.5,79.0,93.0,73.0,NE,4,SSW,23,2.7,,6.0
8/14/2012,1011.0,32.2,26.3,28.6,77.0,92.0,63.0,VRB,2,W,13,0.05,,4.0
8/15/2012,1011.1,32.6,22.6,29.1,76.0,97.0,64.0,WSW,4,S,21,47.1,,6.0
8/16/2012,1011.2,30.5,25.2,26.6,87.0,98.0,77.0,WNW,6,S,20,10.4,,7.0
8/17/2012,1010.8,30.7,24.6,26.9,85.0,96.0,72.0,W,9,W,27,17.6,,7.0
8/18/2012,1011.2,31.3,24.0,27.1,82.0,98.0,71.0,W,8,W,29,36.9,,7.0
8/19/2012,1010.0,31.3,27.4,28.7,79.0,86.0,72.0,W,7,W,18,0.05,,6.0
8/20/2012,1009.4,31.9,25.2,29.1,78.0,87.0,68.0,WSW,5,W,15,2.0,,6.0
8/21/2012,1010.1,30.5,24.6,27.5,83.0,94.0,75.0,W,6,W,29,3.8,,7.0
8/22/2012,1010.0,31.8,26.2,28.6,81.0,90.0,70.0,NW,4,NW,15,0.2,,7.0
8/23/2012,1010.4,31.0,25.6,28.0,84.0,93.0,75.0,VRB,2,W,15,0.4,,7.0
8/24/2012,1011.2,32.5,26.7,28.1,82.0,95.0,67.0,WNW,6,WNW,21,1.2,,6.0
8/25/2012,1011.8,32.1,27.6,28.8,75.0,83.0,65.0,WSW,4,W,12,0.0,,7.0
8/26/2012,1011.7,32.3,26.9,29.1,76.0,87.0,69.0,WSW,3,WSW,7,0.2,,6.0
8/27/2012,1011.7,31.8,25.5,29.1,75.0,85.0,69.0,SW,4,SSW,9,0.0,,6.0
8/28/2012,1011.7,31.5,27.4,28.5,76.0,89.0,69.0,SSE,3,SSE,11,0.0,,7.0
8/29/2012,1011.4,31.3,27.9,29.0,76.0,81.0,69.0,SSE,5,SSE,14,0.0,,7.0
8/30/2012,1010.5,31.6,28.2,29.2,80.0,85.0,72.0,SE,5,SSE,12,0.05,,7.0
8/31/2012,1009.6,31.9,27.3,29.3,80.0,88.0,71.0,SE,5,SE,12,0.0,,6.0
9/1/2012,1009.2,31.9,24.5,28.9,83.0,97.0,77.0,E,7,NW,27,23.4,,6.0
9/2/2012,1010.3,30.2,24.9,26.9,86.0,93.0,80.0,W,6,W,29,1.8,,7.0
9/3/2012,1010.2,31.6,22.6,27.4,82.0,99.0,68.0,S,3,W,31,38.0,,7.0
9/4/2012,1010.0,30.9,27.0,28.2,82.0,88.0,74.0,E,3,SSW,9,0.0,,7.0
9/5/2012,1010.1,30.9,27.8,28.9,78.0,85.0,74.0,E,4,E,9,0.0,,2.0
9/6/2012,1011.0,31.2,27.8,29.2,77.0,83.0,72.0,ESE,4,ESE,10,0.0,,2.0
9/7/2012,1011.1,31.5,25.5,28.7,79.0,91.0,72.0,ESE,3,ESE,9,0.05,,5.0
9/8/2012,1011.2,33.1,25.6,28.7,78.0,92.0,66.0,WNW,6,WNW,31,0.2,,7.0
9/9/2012,1011.7,32.8,23.6,27.6,85.0,96.0,69.0,WSW,6,SW,33,22.9,,7.0
9/10/2012,1011.9,31.0,26.0,27.9,82.0,93.0,67.0,WSW,3,SSW,20,0.05,,7.0
9/11/2012,1011.9,32.0,25.3,28.6,78.0,91.0,70.0,SSW,3,SSW,6,0.0,,5.0
9/12/2012,1011.9,31.2,27.2,28.7,78.0,92.0,68.0,S,4,S,13,0.0,,6.0
9/13/2012,1012.1,31.1,25.5,28.8,75.0,87.0,67.0,S,4,S,14,0.0,,6.0
9/14/2012,1011.9,31.9,27.4,29.0,76.0,91.0,67.0,SSW,3,SSW,9,0.05,,6.0
9/15/2012,1011.1,32.0,26.0,29.0,76.0,90.0,67.0,SSW,4,W,13,0.6,,6.0
9/16/2012,1011.0,33.0,28.0,29.8,76.0,83.0,68.0,W,4,SW,14,0.05,,7.0
9/17/2012,1011.3,31.6,26.9,29.3,77.0,81.0,70.0,WSW,8,W,27,0.7,,7.0
9/18/2012,1011.1,30.6,23.5,27.2,87.0,97.0,74.0,WSW,7,W,29,32.9,,7.0
9/19/2012,1010.2,28.6,23.6,26.6,88.0,98.0,82.0,W,7,WNW,26,9.0,,7.0
9/20/2012,1010.5,29.8,24.1,26.2,92.0,98.0,84.0,N,3,WSW,19,76.5,,7.0
9/21/2012,1011.0,30.6,24.6,27.0,86.0,97.0,74.0,WSW,9,WSW,32,10.0,,7.0
9/22/2012,1011.5,31.8,25.8,28.4,78.0,89.0,71.0,W,6,WSW,18,0.05,,7.0
9/23/2012,1012.2,29.7,24.4,27.2,84.0,97.0,72.0,W,5,SW,27,5.7,,7.0
9/24/2012,1011.4,30.8,27.6,28.4,79.0,97.0,71.0,WSW,5,S,13,0.0,,7.0
9/25/2012,1011.8,31.2,27.4,28.7,79.0,85.0,70.0,WSW,5,WSW,15,0.05,,7.0
9/26/2012,1012.8,32.3,27.4,29.3,76.0,83.0,69.0,WSW,4,WSW,8,0.0,,3.0
9/27/2012,1012.9,32.4,27.9,29.4,75.0,81.0,69.0,WSW,5,W,13,0.0,,3.0
9/28/2012,1012.2,32.5,26.9,29.6,76.0,87.0,67.0,W,8,WNW,15,1.7,,5.0
9/29/2012,1011.5,32.3,26.8,29.2,80.0,84.0,72.0,W,9,W,21,5.4,,3.0
9/30/2012,1011.2,32.0,26.6,29.4,78.0,88.0,71.0,WSW,10,W,26,6.2,,3.0
10/1/2012,1011.3,32.5,27.9,29.5,77.0,85.0,70.0,W,9,W,20,0.6,,3.0
10/2/2012,1012.0,32.8,25.6,28.7,78.0,86.0,69.0,W,8,WSW,31,0.5,,6.0
10/3/2012,1011.8,31.9,25.5,28.1,81.0,89.0,73.0,W,7,W,26,2.5,,6.0
10/4/2012,1011.2,32.4,25.6,28.6,80.0,93.0,68.0,W,4,W,16,0.1,,6.0
10/5/2012,1011.9,31.0,26.1,27.9,82.0,92.0,74.0,W,3,WSW,18,0.05,,4.0
10/6/2012,1012.2,31.2,27.2,28.9,78.0,88.0,69.0,SW,5,WSW,14,0.05,,2.0
10/7/2012,1011.5,31.8,25.0,28.9,80.0,87.0,71.0,WSW,7,WSW,18,1.3,,6.0
10/8/2012,1010.9,29.9,24.6,26.8,86.0,96.0,78.0,W,8,S,23,10.9,,7.0
10/9/2012,1010.0,31.3,24.2,28.3,82.0,89.0,74.0,WSW,9,SW,26,16.8,,7.0
10/10/2012,1010.3,29.9,23.6,26.8,87.0,96.0,75.0,W,13,W,33,31.8,,7.0
10/11/2012,1010.3,31.9,24.8,28.5,82.0,95.0,73.0,W,10,W,26,10.7,,7.0
10/12/2012,1010.4,31.8,26.6,28.7,81.0,92.0,70.0,W,8,W,23,2.3,,6.0
10/13/2012,1010.5,31.2,25.8,28.8,77.0,89.0,66.0,NW,3,NW,11,1.9,,6.0
10/14/2012,1011.2,32.0,25.7,28.4,80.0,92.0,68.0,SSW,3,SSE,15,0.05,,3.0
10/15/2012,1012.7,31.0,23.2,27.7,80.0,95.0,71.0,SSE,5,SSE,18,12.1,,5.0
10/16/2012,1012.8,30.8,26.0,28.0,80.0,92.0,71.0,S,7,SSE,18,3.4,,7.0
10/17/2012,1011.7,30.3,24.0,27.9,81.0,89.0,72.0,S,3,S,13,5.0,,6.0
10/18/2012,1010.7,30.1,24.6,26.6,87.0,96.0,72.0,VRB,2,S,14,7.8,,7.0
10/19/2012,1010.4,31.7,27.1,28.8,78.0,89.0,69.0,S,4,WNW,14,0.0,,6.0
10/20/2012,1010.2,32.0,25.5,28.3,81.0,94.0,69.0,WSW,6,WSW,18,2.2,,6.0
10/21/2012,1009.9,31.4,25.5,28.1,82.0,92.0,69.0,SW,7,SW,20,9.2,,6.0
10/22/2012,1009.7,30.4,25.1,27.1,86.0,97.0,77.0,SSW,9,SW,26,31.2,,7.0
10/23/2012,1009.7,30.4,26.9,28.1,80.0,87.0,70.0,W,7,W,16,0.0,,7.0
10/24/2012,1009.8,30.9,23.8,26.6,88.0,99.0,73.0,WSW,7,W,22,119.3,,8.0
10/25/2012,1008.9,32.6,24.8,28.1,85.0,96.0,71.0,WSW,4,WNW,14,26.6,,6.0
10/26/2012,1008.6,29.0,24.4,26.7,89.0,96.0,83.0,SW,6,WSW,19,17.1,,7.0
10/27/2012,1009.0,30.6,23.9,26.1,89.0,97.0,75.0,SW,9,SW,31,61.6,,7.0
10/28/2012,1009.2,29.1,24.8,27.1,83.0,93.0,77.0,WSW,14,SW,33,4.1,,7.0
10/29/2012,1008.6,29.0,24.3,27.6,82.0,92.0,75.0,SW,11,SW,37,40.6,,7.0
10/30/2012,1008.3,28.2,24.5,25.9,88.0,99.0,78.0,SW,14,W,39,83.7,,7.0
10/31/2012,1008.6,30.7,24.6,27.8,83.0,95.0,75.0,SSW,11,SW,33,7.0,,7.0
11/1/2012,1009.7,28.8,24.6,26.6,88.0,97.0,83.0,WSW,7,WSW,27,32.4,,7.0
11/2/2012,1010.2,30.9,25.1,28.0,83.0,94.0,72.0,WSW,6,WSW,22,8.4,,7.0
11/3/2012,1010.7,32.1,26.1,28.7,83.0,89.0,74.0,W,6,WNW,20,0.4,,7.0
11/4/2012,1010.8,30.8,24.0,26.0,90.0,99.0,74.0,W,11,W,29,90.8,,7.0
11/5/2012,1009.7,31.1,24.9,28.3,81.0,88.0,72.0,W,8,WNW,22,7.5,,6.0
11/6/2012,1010.6,29.1,25.9,27.2,83.0,92.0,75.0,WNW,5,NW,18,0.0,,7.0
11/7/2012,1010.4,30.9,23.0,27.7,81.0,88.0,72.0,W,7,SW,22,17.6,,7.0
11/8/2012,1010.3,32.2,25.2,27.6,85.0,95.0,65.0,W,4,W,21,0.2,,7.0
11/9/2012,1010.7,31.5,25.1,28.7,78.0,96.0,68.0,VRB,2,S,9,0.1,,7.0
11/10/2012,1011.9,31.9,26.2,28.5,80.0,89.0,70.0,W,5,W,22,0.0,,6.0
11/11/2012,1011.6,31.5,24.2,28.7,80.0,92.0,72.0,WSW,6,W,30,11.7,,4.0
11/12/2012,1012.1,30.8,27.2,28.5,80.0,84.0,72.0,W,6,WNW,15,0.0,,6.0
11/13/2012,1011.5,32.1,27.4,29.0,78.0,85.0,69.0,W,8,W,18,0.0,,3.0
11/14/2012,1009.8,32.2,24.7,29.0,80.0,88.0,71.0,W,6,W,14,15.4,,4.0
11/15/2012,1010.5,30.8,24.8,27.6,85.0,95.0,75.0,WSW,4,SSW,14,34.4,,5.0
11/16/2012,1011.5,29.7,25.0,27.1,88.0,97.0,79.0,W,6,SSW,14,2.0,,7.0
11/17/2012,1011.1,32.1,23.8,27.6,85.0,97.0,72.0,WNW,3,WNW,15,10.6,,5.0
11/18/2012,1010.3,30.7,25.4,27.4,87.0,94.0,74.0,SW,4,SW,15,13.7,,5.0
11/19/2012,1010.1,31.2,26.7,28.5,81.0,91.0,73.0,SSW,6,SW,17,0.8,,4.0
11/20/2012,1010.2,31.5,27.7,28.8,81.0,86.0,74.0,S,6,S,13,0.2,,4.0
11/21/2012,1010.3,31.9,27.2,29.0,81.0,87.0,73.0,SSW,6,SW,13,0.0,,6.0
11/22/2012,1010.3,31.9,27.2,28.8,82.0,87.0,73.0,W,4,W,13,0.0,,4.0
11/23/2012,1010.5,32.4,24.7,29.0,81.0,90.0,71.0,W,4,W,18,21.1,,5.0
11/24/2012,1010.4,31.0,27.3,28.5,80.0,89.0,72.0,WNW,3,W,14,0.0,,6.0
11/25/2012,1010.6,32.1,25.2,28.7,81.0,94.0,70.0,VRB,1,WNW,5,0.0,,3.0
11/26/2012,1010.7,31.9,24.5,28.5,80.0,95.0,69.0,SW,3,S,14,20.7,,4.0
11/27/2012,1011.0,30.0,24.7,26.9,88.0,98.0,82.0,VRB,2,SSW,14,5.2,,7.0
11/28/2012,1010.5,31.8,24.4,28.5,81.0,96.0,70.0,W,4,WNW,21,11.1,,6.0
11/29/2012,1011.4,30.4,24.1,26.3,90.0,96.0,81.0,SW,5,SW,18,17.0,,7.0
11/30/2012,1010.8,31.8,26.9,28.4,80.0,86.0,71.0,WNW,6,WNW,15,0.0,,7.0
12/1/2012,1010.7,32.3,24.6,28.7,78.0,92.0,69.0,W,4,WNW,23,5.3,,3.0
12/2/2012,1010.6,31.7,25.6,28.2,81.0,94.0,68.0,VRB,1,S,5,0.0,,5.0
12/3/2012,1009.8,31.2,25.5,28.1,79.0,89.0,70.0,VRB,1,WSW,7,0.0,,4.0
12/4/2012,1008.6,32.0,26.6,28.8,78.0,85.0,69.0,SW,3,SW,11,0.0,,5.0
12/5/2012,1008.9,31.4,25.3,28.6,79.0,93.0,69.0,VRB,2,N,8,0.0,,5.0
12/6/2012,1009.8,31.7,26.3,28.4,79.0,93.0,70.0,VRB,2,NE,15,0.0,,4.0
12/7/2012,1010.3,32.3,28.1,29.2,76.0,82.0,67.0,SW,6,SW,16,0.0,,4.0
12/8/2012,1010.8,31.3,25.6,28.4,79.0,85.0,72.0,WNW,7,WSW,22,2.1,,7.0
12/9/2012,1010.2,31.2,25.1,27.5,82.0,96.0,72.0,WNW,3,W,11,10.5,,7.0
12/10/2012,1009.7,31.3,26.6,28.0,81.0,97.0,72.0,VRB,2,NNW,11,2.2,,4.0
12/11/2012,1010.4,31.6,24.5,27.8,81.0,97.0,68.0,E,4,SE,17,21.4,,5.0
12/12/2012,1010.8,30.9,24.5,27.8,81.0,93.0,68.0,VRB,2,E,10,0.0,,4.0
12/13/2012,1011.7,31.4,26.9,28.2,80.0,95.0,68.0,NE,3,NE,11,0.0,,6.0
12/14/2012,1012.4,31.2,25.1,28.3,78.0,88.0,70.0,NE,4,NE,11,0.0,,4.0
12/15/2012,1011.5,30.8,26.5,28.3,72.0,81.0,63.0,NE,7,NE,15,0.0,,6.0
12/16/2012,1010.4,31.3,22.6,28.0,81.0,97.0,70.0,NNE,8,NE,27,66.7,,6.0
12/17/2012,1009.7,30.9,25.9,27.5,84.0,96.0,76.0,NNE,8,NNE,23,0.9,,7.0
12/18/2012,1009.7,28.3,24.2,26.7,86.0,95.0,80.0,NNE,7,NE,24,16.0,,7.0
12/19/2012,1008.3,31.1,26.0,27.1,87.0,97.0,76.0,W,7,WNW,23,1.2,,6.0
12/20/2012,1007.8,31.9,24.2,28.0,82.0,97.0,70.0,WSW,3,W,10,23.0,,5.0
12/21/2012,1008.8,31.0,24.9,27.1,87.0,99.0,72.0,VRB,2,S,21,0.0,,5.0
12/22/2012,1009.7,30.4,26.6,27.8,84.0,97.0,77.0,NNE,4,ENE,11,0.5,,7.0
12/23/2012,1009.5,30.6,25.0,28.2,82.0,88.0,73.0,N,6,N,15,0.6,,7.0
12/24/2012,1009.4,28.8,25.4,26.9,88.0,94.0,82.0,N,4,N,13,4.1,,7.0
12/25/2012,1008.8,30.1,24.1,27.8,82.0,94.0,75.0,NW,5,NW,15,4.2,,7.0
12/26/2012,1008.8,30.2,24.6,27.2,86.0,97.0,77.0,W,3,W,8,14.3,,7.0
12/27/2012,1008.4,29.1,24.6,27.2,86.0,97.0,78.0,WNW,8,SW,24,0.3,,7.0
12/28/2012,1007.9,31.3,27.1,28.3,82.0,86.0,79.0,NW,5,NW,13,0.0,,7.0
12/29/2012,1008.4,32.1,26.4,28.8,77.0,87.0,64.0,WNW,4,W,10,0.0,,7.0
12/30/2012,1009.3,31.8,26.6,28.6,80.0,86.0,75.0,NNW,3,NNW,8,0.0,,7.0
12/31/2012,1009.1,31.5,25.9,28.4,78.0,89.0,65.0,VRB,2,NE,7,0.0,,4.0
1/1/2013,1010.6,30.4,23.8,27.5,84.0,93.0,75.0,VRB,2,NE,10,0.0,,5.0
1/2/2013,1012.0,31.5,26.2,28.1,78.0,95.0,64.0,VRB,1,S,6,0.0,,2.0
1/3/2013,1012.1,32.2,27.2,28.9,78.0,86.0,69.0,WNW,5,NW,13,0.0,,2.0
1/4/2013,1011.1,30.4,27.2,28.5,79.0,86.0,73.0,NW,6,NW,14,0.0,,4.0
1/5/2013,1010.1,32.5,27.1,28.8,78.0,85.0,69.0,WNW,6,WNW,13,0.0,,5.0
1/6/2013,1010.3,32.1,25.7,28.8,80.0,87.0,74.0,NW,5,NNW,22,0.05,,6.0
1/7/2013,1011.6,32.0,27.1,28.7,80.0,90.0,70.0,WSW,4,SSW,14,0.0,,6.0
1/8/2013,1011.8,32.2,26.7,29.0,80.0,87.0,71.0,WSW,6,W,17,0.05,,6.0
1/9/2013,1011.6,32.1,27.4,29.0,78.0,85.0,71.0,NW,6,NW,17,0.0,,3.0
1/10/2013,1011.3,30.9,24.8,28.3,81.0,93.0,72.0,NNW,4,NNW,13,0.0,,3.0
1/11/2013,1012.2,30.9,25.5,28.1,80.0,94.0,71.0,VRB,2,NNE,8,0.0,,2.0
1/12/2013,1012.5,30.9,26.6,28.4,77.0,92.0,71.0,N,3,N,9,0.0,,4.0
1/13/2013,1011.4,30.9,26.4,28.2,77.0,84.0,69.0,NNE,5,NNE,14,0.0,,2.0
1/14/2013,1011.0,31.1,26.6,28.1,73.0,82.0,66.0,NNE,7,NNE,15,0.0,,3.0
1/15/2013,1011.4,30.9,26.8,28.3,71.0,80.0,61.0,NNE,9,NNE,18,0.0,,2.0
1/16/2013,1011.9,30.1,27.0,28.1,75.0,81.0,69.0,NE,8,NE,17,0.05,,2.0
1/17/2013,1012.2,30.3,26.6,28.3,79.0,86.0,72.0,NE,7,ENE,15,0.0,,2.0
1/18/2013,1012.5,30.4,24.2,28.1,79.0,88.0,73.0,NE,8,NE,15,4.5,,3.0
1/19/2013,1012.7,30.2,26.5,27.8,80.0,94.0,73.0,NNE,7,NNE,15,0.0,,4.0
1/20/2013,1012.4,30.8,25.9,28.0,78.0,85.0,72.0,NNE,6,NNE,17,0.0,,2.0
1/21/2013,1012.6,30.9,24.9,27.9,75.0,87.0,65.0,NNE,7,NNE,17,4.7,,3.0
1/22/2013,1013.1,30.9,25.6,27.8,79.0,93.0,71.0,NNE,8,NE,18,0.0,,4.0
1/23/2013,1013.0,30.6,25.9,27.7,76.0,87.0,64.0,NNE,6,NE,16,0.0,,3.0
1/24/2013,1012.3,31.1,26.5,28.4,77.0,84.0,67.0,NE,7,NE,15,0.0,,2.0
1/25/2013,1012.3,30.8,27.1,28.3,79.0,86.0,70.0,NE,6,NE,12,0.0,,2.0
1/26/2013,1012.8,31.2,26.7,28.5,77.0,84.0,67.0,NE,8,NE,16,0.0,,3.0
1/27/2013,1012.6,31.0,27.5,28.5,75.0,84.0,66.0,NE,8,NNE,15,0.0,,3.0
1/28/2013,1012.3,31.1,26.4,28.6,80.0,86.0,74.0,NE,7,NE,14,1.2,,3.0
1/29/2013,1011.9,31.1,26.4,28.4,78.0,90.0,70.0,NNE,8,NE,15,0.0,,2.0
1/30/2013,1011.8,30.8,26.3,28.4,74.0,80.0,67.0,NE,10,NNE,20,0.0,,4.0
1/31/2013,1011.6,30.3,27.4,28.4,75.0,81.0,68.0,NE,10,NE,21,0.0,,2.0
2/1/2013,1011.5,30.9,26.7,28.4,77.0,81.0,71.0,NE,10,NE,21,0.0,,3.0
2/2/2013,1011.6,31.0,27.0,28.4,78.0,85.0,71.0,NNE,8,NNE,16,0.0,,5.0
2/3/2013,1012.1,31.0,26.5,28.2,76.0,84.0,67.0,N,5,NNE,15,0.0,,4.0
2/4/2013,1013.1,30.8,25.2,28.1,76.0,83.0,68.0,NNE,4,NW,10,0.0,,5.0
2/5/2013,1013.5,30.9,24.5,27.9,77.0,89.0,67.0,ENE,4,NE,11,0.0,,4.0
2/6/2013,1013.1,30.7,24.6,27.6,79.0,91.0,68.0,NNE,3,NNE,11,0.0,,6.0
2/7/2013,1011.9,31.2,24.9,27.5,81.0,93.0,69.0,VRB,2,ENE,7,0.0,,4.0
2/8/2013,1010.8,30.8,24.1,27.6,79.0,93.0,68.0,NNW,3,NNW,9,0.0,,5.0
2/9/2013,1010.1,30.6,26.2,27.9,79.0,92.0,70.0,NNE,3,NNE,11,0.0,,4.0
2/10/2013,1009.3,31.6,25.6,28.5,78.0,87.0,69.0,NNE,4,NE,13,0.05,,3.0
2/11/2013,1009.2,32.1,25.4,28.5,79.0,90.0,67.0,NNE,4,NE,26,1.0,,4.0
2/12/2013,1008.1,31.4,25.3,28.4,80.0,92.0,72.0,NE,7,NE,21,4.7,,6.0
2/13/2013,1008.1,30.9,25.1,27.7,86.0,97.0,74.0,NE,6,NE,20,31.7,,7.0
2/14/2013,1009.3,28.4,23.6,25.5,89.0,98.0,74.0,E,3,E,17,21.1,,8.0
2/15/2013,1009.8,31.2,25.1,28.4,84.0,96.0,76.0,SE,3,SSE,11,9.0,,6.0
2/16/2013,1009.6,30.9,27.0,28.1,83.0,91.0,75.0,SE,3,SSE,12,0.0,,6.0
2/17/2013,1009.9,30.3,24.2,26.1,90.0,97.0,77.0,WSW,5,SW,23,21.9,,6.0
2/18/2013,1009.8,30.4,26.5,27.7,84.0,98.0,75.0,SSW,3,SW,16,1.6,,7.0
2/19/2013,1010.3,31.3,25.1,27.9,84.0,95.0,70.0,VRB,1,WSW,5,0.8,,4.0
2/20/2013,1010.9,31.2,25.1,28.1,82.0,95.0,72.0,VRB,2,ENE,11,0.05,,3.0
2/21/2013,1011.9,31.3,26.8,28.5,78.0,93.0,69.0,NNE,3,N,8,0.0,,2.0
2/22/2013,1012.7,31.5,26.5,28.6,75.0,83.0,65.0,NNE,6,NNE,16,0.05,,4.0
2/23/2013,1012.9,30.8,26.6,28.3,74.0,83.0,62.0,NNE,8,NNE,16,0.0,,5.0
2/24/2013,1012.7,31.0,26.3,28.3,74.0,83.0,63.0,N,6,NNE,14,0.0,,4.0
2/25/2013,1012.7,31.2,25.7,28.1,79.0,86.0,70.0,NNE,5,NE,13,0.0,,3.0
2/26/2013,1013.0,31.1,26.6,28.3,75.0,84.0,64.0,N,5,N,12,0.0,,2.0
2/27/2013,1012.4,30.9,26.2,28.4,72.0,81.0,64.0,N,5,N,14,0.0,,2.0
2/28/2013,1011.3,31.2,26.9,28.3,72.0,79.0,63.0,N,5,N,15,0.0,,2.0
3/1/2013,1011.1,31.2,26.9,28.6,72.0,78.0,66.0,N,5,NNW,12,0.0,,4.0
3/2/2013,1011.8,31.1,27.1,28.7,74.0,78.0,69.0,NW,4,NW,11,0.0,,4.0
3/3/2013,1011.5,32.0,24.8,28.5,76.0,85.0,71.0,N,4,NW,10,0.0,,3.0
3/4/2013,1011.0,31.8,25.0,28.2,75.0,88.0,68.0,N,4,NNW,10,0.0,,5.0
3/5/2013,1010.3,32.2,27.3,28.8,79.0,89.0,69.0,NW,4,N,9,0.9,,2.0
3/6/2013,1010.3,32.3,26.8,29.2,83.0,90.0,74.0,WNW,3,W,9,1.0,,6.0
3/7/2013,1011.0,31.7,25.3,29.0,83.0,94.0,73.0,ENE,3,E,19,4.9,,4.0
3/8/2013,1012.4,30.6,25.2,28.0,82.0,92.0,76.0,E,4,E,15,1.0,,6.0
3/9/2013,1011.4,31.9,27.6,29.1,81.0,88.0,72.0,NE,4,ENE,10,0.05,,4.0
3/10/2013,1010.1,31.9,26.3,29.6,78.0,87.0,72.0,ENE,4,ENE,10,5.1,,3.0
3/11/2013,1011.4,32.0,27.8,29.3,78.0,93.0,71.0,ENE,3,ENE,9,0.05,,2.0
3/12/2013,1011.6,31.6,26.8,29.4,75.0,82.0,68.0,NE,3,NE,11,0.0,,3.0
3/13/2013,1011.7,31.8,26.0,28.9,79.0,90.0,69.0,VRB,2,ESE,9,0.0,,6.0
3/14/2013,1011.1,32.1,27.5,29.3,79.0,92.0,68.0,N,3,N,11,0.05,,5.0
3/15/2013,1011.5,32.3,24.5,29.5,76.0,89.0,66.0,N,4,NNE,11,37.1,,6.0
3/16/2013,1012.5,30.2,24.1,26.9,87.0,97.0,75.0,VRB,2,SE,16,15.5,,7.0
3/17/2013,1011.3,31.1,25.2,27.8,84.0,97.0,79.0,VRB,2,SSE,14,0.5,,6.0
3/18/2013,1009.8,32.2,25.8,28.5,80.0,95.0,65.0,VRB,1,WSW,13,0.2,,4.0
3/19/2013,1010.1,31.0,25.0,27.3,89.0,97.0,74.0,VRB,2,SE,11,2.8,,6.0
3/20/2013,1010.5,31.6,26.7,29.1,76.0,97.0,66.0,NNE,3,NE,9,0.0,,2.0
3/21/2013,1009.7,32.2,26.6,29.2,76.0,86.0,66.0,NNE,3,NNE,12,0.0,,3.0
3/22/2013,1008.8,32.6,26.1,29.4,73.0,86.0,66.0,NW,3,NW,9,0.0,,2.0
3/23/2013,1009.4,32.2,26.5,29.0,75.0,86.0,65.0,VRB,2,NW,8,0.0,,3.0
3/24/2013,1010.3,32.4,26.0,29.0,78.0,96.0,66.0,VRB,2,SSE,18,4.9,,4.0
3/25/2013,1010.1,32.7,24.6,28.5,82.0,94.0,70.0,WSW,4,ENE,16,2.1,,6.0
3/26/2013,1009.9,32.2,26.0,28.6,79.0,92.0,66.0,WNW,3,NNW,13,0.05,,7.0
3/27/2013,1010.4,33.3,25.1,28.1,85.0,95.0,74.0,WNW,3,WNW,23,6.3,,7.0
3/28/2013,1010.5,33.6,27.2,29.8,77.0,87.0,68.0,WSW,5,W,22,0.0,,7.0
3/29/2013,1011.0,32.0,24.8,27.1,88.0,97.0,78.0,WSW,10,W,27,53.1,,7.0
3/30/2013,1010.0,31.4,27.5,29.0,81.0,88.0,76.0,W,8,W,17,0.0,,7.0
3/31/2013,1010.1,33.5,27.8,30.0,79.0,84.0,71.0,W,6,W,14,0.0,,7.0
4/1/2013,1010.8,32.9,28.0,29.9,78.0,83.0,70.0,WNW,5,W,12,1.2,,6.0
4/2/2013,1010.3,31.9,28.2,29.6,78.0,84.0,74.0,NW,6,NW,14,0.0,,6.0
4/3/2013,1011.5,31.8,26.8,29.1,81.0,89.0,75.0,SW,7,SW,23,0.4,,7.0
4/4/2013,1009.9,33.0,27.5,29.3,79.0,86.0,68.0,W,3,W,11,0.0,,6.0
4/5/2013,1009.9,32.9,27.9,29.7,77.0,84.0,68.0,W,3,W,8,0.0,,5.0
4/6/2013,1008.8,33.0,28.0,29.9,76.0,82.0,70.0,WNW,6,WNW,14,0.0,,3.0
4/7/2013,1008.5,33.2,28.1,30.0,77.0,82.0,71.0,WNW,5,WNW,11,0.0,,2.0
4/8/2013,1008.8,32.9,27.9,29.9,76.0,85.0,67.0,NW,4,NW,10,0.0,,3.0
4/9/2013,1009.8,33.1,26.4,29.7,76.0,89.0,67.0,VRB,2,S,14,0.05,,4.0
4/10/2013,1009.5,32.8,26.2,29.4,79.0,89.0,68.0,SSW,6,SSW,15,4.8,,5.0
4/11/2013,1008.8,32.1,27.9,29.1,81.0,89.0,74.0,SSW,3,SSW,20,0.0,,5.0
4/12/2013,1009.8,32.4,25.3,29.5,77.0,84.0,68.0,W,3,W,8,0.0,,4.0
4/13/2013,1011.1,33.2,27.7,29.6,73.0,90.0,62.0,W,4,W,8,0.0,,3.0
4/14/2013,1011.1,32.9,27.0,30.0,73.0,79.0,67.0,WNW,6,WNW,14,0.2,,6.0
4/15/2013,1011.0,33.1,26.9,30.1,76.0,84.0,69.0,W,6,SW,20,0.4,,7.0
4/16/2013,1009.7,33.7,28.5,30.4,76.0,82.0,67.0,W,6,W,13,0.0,,2.0
4/17/2013,1008.8,33.7,28.6,30.3,76.0,82.0,69.0,W,6,W,13,0.0,,2.0
4/18/2013,1009.0,34.3,28.2,30.3,76.0,83.0,68.0,W,5,W,13,0.0,,3.0
4/19/2013,1008.7,33.5,26.5,30.0,76.0,86.0,67.0,W,6,W,20,4.5,,3.0
4/20/2013,1009.0,33.8,28.4,30.4,76.0,81.0,69.0,W,6,W,14,0.0,,3.0
4/21/2013,1008.8,33.3,26.5,30.0,76.0,87.0,67.0,WNW,3,WNW,9,0.0,,2.0
4/22/2013,1009.4,32.2,26.6,29.3,76.0,88.0,67.0,NNW,3,NE,9,0.0,,3.0
4/23/2013,1010.9,31.2,26.5,28.3,83.0,93.0,71.0,VRB,2,NNE,13,6.2,,5.0
4/24/2013,1011.2,32.1,25.2,28.6,80.0,90.0,70.0,VRB,2,NE,13,0.0,,3.0
4/25/2013,1011.2,32.3,27.2,29.0,78.0,93.0,67.0,VRB,1,NW,7,0.0,,2.0
4/26/2013,1010.8,33.9,25.6,30.1,74.0,88.0,65.0,VRB,2,E,9,5.1,,3.0
4/27/2013,1010.7,32.9,24.4,28.4,83.0,95.0,73.0,W,3,NNW,13,8.3,,5.0
4/28/2013,1010.0,32.8,25.1,28.7,79.0,90.0,69.0,WSW,6,S,33,2.4,,7.0
4/29/2013,1009.0,33.2,29.1,30.3,78.0,85.0,72.0,W,8,WSW,20,0.05,,5.0
4/30/2013,1008.6,33.0,27.8,30.1,80.0,88.0,71.0,W,8,W,23,0.05,,6.0
5/1/2013,1008.9,31.1,24.6,28.3,86.0,95.0,79.0,W,9,SW,25,20.6,,8.0
5/2/2013,1007.5,31.7,23.7,28.3,84.0,94.0,69.0,SW,11,WSW,35,77.0,,7.0
5/3/2013,1008.8,30.4,23.5,26.4,90.0,97.0,81.0,W,12,SW,31,19.7,,8.0
5/4/2013,1008.4,30.4,24.2,28.1,85.0,98.0,76.0,SW,13,W,36,37.7,,7.0
5/5/2013,1010.1,29.6,24.9,27.7,81.0,96.0,76.0,WSW,12,WSW,28,0.05,,7.0
5/6/2013,1009.7,31.3,24.2,28.2,81.0,97.0,74.0,WSW,7,NW,27,21.6,,7.0
5/7/2013,1010.3,29.7,24.9,27.1,88.0,97.0,81.0,WSW,5,W,23,25.1,,7.0
5/8/2013,1010.6,31.0,25.8,28.2,86.0,92.0,78.0,WSW,7,WSW,23,10.4,,7.0
5/9/2013,1010.4,31.9,28.3,29.2,83.0,86.0,78.0,WSW,8,WSW,16,0.05,,7.0
5/10/2013,1010.3,31.2,25.1,28.7,85.0,92.0,78.0,W,8,SW,24,18.7,,7.0
5/11/2013,1009.2,30.6,25.1,28.2,86.0,93.0,78.0,WSW,13,WSW,37,7.2,,7.0
5/12/2013,1010.5,30.4,24.3,27.1,88.0,97.0,74.0,SW,14,WSW,37,48.3,,7.0
5/13/2013,1010.1,30.5,24.2,27.6,84.0,96.0,77.0,SW,14,WSW,41,25.9,,7.0
5/14/2013,1009.3,29.1,23.9,27.5,85.0,97.0,75.0,WSW,10,W,32,43.1,,7.0
5/15/2013,1009.0,30.2,23.6,27.4,87.0,93.0,78.0,W,10,WSW,25,6.1,,7.0
5/16/2013,1008.9,31.2,27.7,29.0,81.0,85.0,73.0,WSW,8,W,18,0.0,,6.0
5/17/2013,1009.9,31.2,27.9,29.2,79.0,85.0,73.0,WSW,7,WSW,17,0.0,,3.0
5/18/2013,1009.8,31.9,27.9,29.3,80.0,86.0,73.0,WSW,7,WSW,14,0.0,,5.0
5/19/2013,1009.5,33.0,26.7,29.3,81.0,90.0,73.0,W,6,W,13,0.05,,4.0
5/20/2013,1010.2,32.8,26.9,29.0,80.0,89.0,71.0,SSW,5,SSW,21,2.8,,7.0
5/21/2013,1011.2,32.1,25.0,28.7,81.0,93.0,73.0,SSW,6,W,17,8.9,,7.0
5/22/2013,1011.9,31.2,24.5,27.8,84.0,96.0,71.0,SSW,7,SW,25,4.7,,6.0
5/23/2013,1011.7,31.9,27.4,28.7,79.0,88.0,72.0,SW,6,SW,14,1.8,,5.0
5/24/2013,1011.5,32.0,27.6,29.3,78.0,89.0,70.0,SSW,7,SW,14,0.05,,5.0
5/25/2013,1011.5,31.5,26.6,29.0,79.0,86.0,75.0,SSW,5,S,17,2.7,,6.0
5/26/2013,1011.1,31.8,27.6,29.3,76.0,82.0,70.0,S,7,S,15,0.0,,5.0
5/27/2013,1011.1,31.8,26.4,29.0,76.0,82.0,68.0,S,5,S,13,0.0,,3.0
5/28/2013,1011.3,31.8,27.9,29.2,74.0,80.0,68.0,WSW,4,WSW,12,0.0,,3.0
5/29/2013,1010.7,32.7,27.5,29.4,74.0,81.0,67.0,SW,5,SSW,13,0.0,,2.0
5/30/2013,1009.8,32.1,27.6,29.4,77.0,89.0,70.0,SSW,6,S,14,4.1,,3.0
5/31/2013,1009.7,32.0,26.7,29.2,80.0,87.0,70.0,SSW,6,SW,17,0.0,,7.0
6/1/2013,1009.5,32.0,26.4,29.0,78.0,87.0,70.0,WSW,8,SSW,22,0.6,,7.0
6/2/2013,1009.2,32.0,27.2,29.3,74.0,82.0,67.0,SW,5,SW,13,0.05,,6.0
6/3/2013,1008.5,32.3,25.8,29.0,73.0,82.0,62.0,SSW,5,S,14,0.0,,6.0
6/4/2013,1009.2,31.3,25.6,28.3,81.0,91.0,71.0,VRB,2,ESE,8,0.0,,6.0
6/5/2013,1010.1,30.6,25.7,27.9,82.0,92.0,72.0,W,8,WSW,25,0.1,,7.0
6/6/2013,1009.9,31.9,25.6,28.5,82.0,92.0,73.0,W,10,W,28,9.3,,7.0
6/7/2013,1010.4,29.2,25.6,26.9,83.0,95.0,71.0,SSW,12,W,37,12.8,,7.0
6/8/2013,1010.7,29.7,25.1,27.4,84.0,95.0,75.0,SSW,4,W,23,7.9,,7.0
6/9/2013,1010.5,29.9,24.9,27.4,86.0,94.0,75.0,SW,4,SSW,15,1.5,,7.0
6/10/2013,1010.2,32.6,26.9,29.0,80.0,89.0,71.0,WSW,3,SW,8,0.05,,3.0
6/11/2013,1009.8,31.8,27.1,29.0,81.0,89.0,74.0,WSW,7,SW,18,5.2,,5.0
6/12/2013,1008.6,30.4,26.6,28.7,81.0,94.0,74.0,SW,7,SSW,17,2.0,,7.0
6/13/2013,1007.6,31.0,25.1,28.4,83.0,98.0,75.0,SW,5,SSW,18,30.0,,6.0
6/14/2013,1007.9,30.6,27.4,28.4,81.0,89.0,75.0,SSW,8,S,16,0.0,,7.0
6/15/2013,1008.7,31.0,27.2,28.5,74.0,79.0,66.0,SSW,7,SSW,15,0.0,,7.0
6/16/2013,1009.1,31.2,27.2,28.7,74.0,80.0,64.0,S,7,SSW,14,0.0,,7.0
6/17/2013,1009.2,31.9,26.8,28.6,77.0,83.0,69.0,SSW,5,S,12,0.0,,6.0
6/18/2013,1008.8,31.4,27.6,28.9,76.0,83.0,69.0,WSW,4,WSW,10,0.05,,7.0
6/19/2013,1010.1,31.8,25.1,28.6,78.0,97.0,68.0,SW,4,SW,13,4.9,,6.0
6/20/2013,1010.9,31.9,26.9,28.3,78.0,97.0,69.0,SSW,4,S,9,0.0,,5.0
6/21/2013,1011.0,31.8,27.0,28.8,75.0,81.0,69.0,SW,5,SSW,11,0.0,,6.0
6/22/2013,1010.8,31.6,26.2,28.8,79.0,90.0,71.0,SW,5,SW,11,1.1,,7.0
6/23/2013,1010.3,31.1,26.6,28.6,80.0,88.0,73.0,SW,5,WSW,13,0.05,,7.0
6/24/2013,1010.3,31.9,25.6,28.7,78.0,91.0,70.0,SSW,4,S,10,0.0,,5.0
6/25/2013,1011.4,31.2,24.3,28.6,80.0,96.0,72.0,SE,4,SE,18,8.8,,5.0
6/26/2013,1011.6,31.0,27.5,28.7,80.0,97.0,68.0,SE,4,SE,13,0.0,,4.0
6/27/2013,1011.2,31.1,27.5,28.9,79.0,83.0,74.0,SE,4,SE,10,0.0,,4.0
6/28/2013,1010.7,32.0,27.6,29.1,79.0,83.0,73.0,ESE,4,SE,12,0.1,,3.0
6/29/2013,1011.3,31.6,28.1,29.2,78.0,82.0,73.0,SSE,5,SSE,14,0.0,,6.0
6/30/2013,1011.5,30.7,27.1,28.8,79.0,83.0,76.0,SSE,5,SSE,14,0.0,,7.0
7/1/2013,1010.4,31.9,27.5,29.1,76.0,84.0,69.0,SW,4,W,11,0.05,,6.0
7/2/2013,1010.6,32.3,26.4,29.0,74.0,82.0,65.0,W,4,W,11,0.0,,7.0
7/3/2013,1010.2,32.1,25.9,28.6,75.0,85.0,64.0,VRB,2,SSE,8,0.0,,4.0
7/4/2013,1009.0,31.1,25.4,28.5,77.0,85.0,68.0,SSE,3,S,11,0.4,,5.0
7/5/2013,1009.2,29.6,25.2,27.3,84.0,93.0,73.0,S,5,NW,29,3.4,,7.0
7/6/2013,1010.6,28.2,23.1,25.5,91.0,97.0,84.0,W,5,WSW,23,48.5,,8.0
7/7/2013,1011.1,30.5,25.3,27.5,80.0,87.0,74.0,WSW,4,WSW,11,0.1,,7.0
7/8/2013,1010.6,31.5,26.5,28.5,77.0,87.0,70.0,SSW,7,SW,14,0.0,,7.0
7/9/2013,1009.2,32.7,27.3,28.8,75.0,80.0,68.0,SW,6,SSW,13,0.05,,7.0
7/10/2013,1008.6,31.8,27.6,28.9,77.0,82.0,72.0,W,6,SW,13,0.05,,6.0
7/11/2013,1009.3,32.6,27.2,29.2,77.0,82.0,69.0,W,5,W,12,0.0,,7.0
7/12/2013,1010.1,33.2,27.3,29.3,76.0,82.0,67.0,WNW,4,WNW,8,0.0,,5.0
7/13/2013,1010.0,31.2,25.9,28.8,72.0,80.0,66.0,NW,4,NW,11,0.0,,6.0
7/14/2013,1010.1,31.2,24.6,27.7,82.0,92.0,68.0,W,5,W,31,3.3,,6.0
7/15/2013,1010.9,31.3,24.7,27.7,82.0,95.0,70.0,VRB,2,WSW,18,0.05,,6.0
7/16/2013,1011.0,30.3,27.5,28.4,77.0,91.0,71.0,ESE,4,ESE,9,0.0,,5.0
7/17/2013,1010.7,31.0,26.9,28.8,77.0,82.0,71.0,SE,4,SE,10,0.05,,7.0
7/18/2013,1010.0,31.8,24.9,28.3,80.0,92.0,70.0,VRB,2,SE,8,0.0,,5.0
7/19/2013,1009.4,31.0,27.1,28.3,79.0,93.0,72.0,SSE,3,SE,9,0.0,,5.0
7/20/2013,1009.7,31.2,27.5,28.8,79.0,85.0,72.0,SE,5,SSE,17,0.05,,6.0
7/21/2013,1009.2,31.2,26.6,28.7,76.0,83.0,73.0,S,6,SSE,14,0.05,,7.0
7/22/2013,1009.0,31.0,27.1,28.6,74.0,83.0,67.0,S,7,S,14,0.0,,6.0
7/23/2013,1010.0,30.3,27.5,28.5,74.0,80.0,69.0,SSE,5,SSE,12,0.0,,7.0
7/24/2013,1010.6,31.9,25.6,28.7,76.0,89.0,68.0,SSE,4,SSE,15,0.3,,6.0
7/25/2013,1010.5,30.8,27.6,28.7,77.0,85.0,71.0,SE,5,ESE,14,0.05,,7.0
7/26/2013,1009.5,31.0,24.9,28.4,78.0,87.0,70.0,S,5,S,20,0.05,,7.0
7/27/2013,1010.4,31.2,27.4,28.5,78.0,92.0,70.0,E,3,ESE,13,0.0,,5.0
7/28/2013,1012.6,32.1,24.0,28.2,81.0,96.0,71.0,ESE,4,W,23,18.8,,6.0
7/29/2013,1012.2,31.3,25.4,27.9,81.0,95.0,70.0,VRB,2,S,8,0.0,,6.0
7/30/2013,1011.0,30.9,27.1,28.4,80.0,90.0,72.0,S,4,S,13,0.0,,7.0
7/31/2013,1010.0,31.7,26.4,28.7,78.0,87.0,71.0,SSW,5,SSW,10,0.0,,6.0
8/1/2013,1010.1,31.7,25.0,28.4,77.0,86.0,69.0,S,4,S,11,0.0,,4.0
8/2/2013,1010.4,31.0,24.3,27.6,80.0,92.0,71.0,WSW,4,WSW,29,4.6,,6.0
8/3/2013,1011.0,30.9,23.6,27.2,84.0,96.0,75.0,S,6,W,42,14.7,,7.0
8/4/2013,1010.9,31.1,23.5,27.5,80.0,97.0,70.0,SW,7,WNW,35,17.2,,7.0
8/5/2013,1011.3,31.0,25.6,28.0,81.0,87.0,72.0,SW,5,SSW,15,1.3,,7.0
8/6/2013,1011.4,30.9,24.5,27.6,81.0,92.0,73.0,VRB,2,WSW,21,1.9,,7.0
8/7/2013,1011.8,31.1,27.1,28.6,79.0,87.0,73.0,WSW,3,S,8,0.05,,7.0
8/8/2013,1011.7,31.2,26.7,28.5,78.0,84.0,71.0,SW,4,WSW,14,1.3,,7.0
8/9/2013,1011.6,32.1,27.5,29.0,73.0,81.0,67.0,WSW,4,W,9,0.0,,5.0
8/10/2013,1011.3,32.2,27.3,29.0,73.0,79.0,65.0,SW,4,WSW,9,0.0,,5.0
8/11/2013,1011.3,31.2,26.7,28.8,73.0,81.0,66.0,W,4,W,8,0.0,,5.0
8/12/2013,1010.5,31.5,26.7,28.5,75.0,81.0,66.0,W,5,W,11,0.0,,6.0
8/13/2013,1009.6,30.7,25.1,27.7,78.0,84.0,70.0,SW,6,SW,19,6.0,,6.0
8/14/2013,1009.4,30.2,26.0,28.1,79.0,83.0,73.0,SW,6,WSW,23,3.2,,7.0
8/15/2013,1010.9,31.5,25.1,28.1,78.0,88.0,66.0,VRB,2,WSW,8,0.0,,7.0
8/16/2013,1010.5,30.8,25.2,27.9,76.0,92.0,67.0,S,4,S,13,0.0,,4.0
8/17/2013,1011.1,30.5,24.6,28.2,75.0,87.0,68.0,S,4,S,11,0.0,,3.0
8/18/2013,1011.3,30.9,25.6,28.1,77.0,88.0,69.0,ESE,3,SSE,10,0.0,,3.0
8/19/2013,1011.7,31.0,25.9,28.3,77.0,86.0,70.0,S,4,SSE,13,0.0,,2.0
8/20/2013,1011.3,31.2,26.6,28.4,75.0,83.0,65.0,S,5,S,14,0.0,,2.0
8/21/2013,1010.9,32.2,27.4,28.9,74.0,83.0,64.0,S,3,SW,8,0.0,,3.0
8/22/2013,1010.7,32.9,25.6,28.7,78.0,90.0,68.0,VRB,2,SW,11,0.05,,7.0
8/23/2013,1011.2,31.0,24.6,26.6,87.0,97.0,76.0,WNW,6,NW,28,37.2,,7.0
8/24/2013,1011.3,29.7,23.9,26.6,86.0,95.0,75.0,W,8,WSW,25,13.8,,7.0
8/25/2013,1010.3,32.0,23.8,28.3,80.0,88.0,70.0,W,9,WSW,28,9.8,,7.0
8/26/2013,1010.1,30.8,26.0,27.9,82.0,91.0,74.0,W,7,WSW,18,0.05,,7.0
8/27/2013,1010.6,31.7,23.9,27.3,86.0,97.0,72.0,WNW,10,W,30,28.1,,7.0
8/28/2013,1012.2,27.3,23.5,25.8,89.0,98.0,80.0,W,11,WNW,28,77.5,,7.0
8/29/2013,1011.5,29.2,24.6,27.1,84.0,94.0,76.0,NW,12,WNW,31,25.5,,7.0
8/30/2013,1010.3,29.8,24.6,27.8,83.0,89.0,77.0,WNW,11,WNW,34,2.1,,7.0
8/31/2013,1009.8,29.8,25.3,28.0,84.0,88.0,76.0,WNW,7,WNW,21,4.4,,7.0
9/1/2013,1010.8,32.5,26.6,28.6,82.0,95.0,72.0,WNW,3,W,14,0.7,,7.0
9/2/2013,1011.9,31.5,25.2,28.1,82.0,92.0,69.0,VRB,2,NW,9,0.0,,7.0
9/3/2013,1012.3,30.7,26.5,28.2,80.0,92.0,73.0,S,6,S,13,0.0,,6.0
9/4/2013,1012.5,30.9,24.1,28.4,77.0,85.0,69.0,S,6,S,14,8.9,,5.0
9/5/2013,1012.1,30.8,24.5,28.0,80.0,96.0,72.0,SW,5,SSW,24,6.1,,6.0
9/6/2013,1011.9,32.2,24.4,27.6,83.0,95.0,69.0,WSW,6,SW,24,16.6,,7.0
9/7/2013,1012.0,29.1,23.7,25.9,90.0,97.0,82.0,W,8,ESE,24,79.4,,7.0
9/8/2013,1012.2,31.2,23.5,27.6,84.0,91.0,75.0,W,8,WSW,31,12.9,,6.0
9/9/2013,1012.3,31.2,25.0,28.3,81.0,90.0,71.0,W,8,WNW,28,8.1,,6.0
9/10/2013,1011.4,30.9,25.1,27.7,82.0,91.0,70.0,SW,3,W,22,1.2,,7.0
9/11/2013,1010.7,30.9,26.3,28.1,79.0,88.0,71.0,S,10,S,20,1.2,,6.0
9/12/2013,1011.1,31.2,26.9,28.3,75.0,81.0,67.0,S,11,S,18,0.05,,6.0
9/13/2013,1011.4,31.6,27.1,28.5,75.0,81.0,67.0,SSW,8,S,14,0.0,,6.0
9/14/2013,1010.9,30.9,27.2,28.8,76.0,82.0,70.0,WSW,8,WSW,16,0.05,,5.0
9/15/2013,1009.9,31.4,27.8,29.1,78.0,84.0,72.0,WSW,7,WSW,16,0.0,,5.0
9/16/2013,1009.5,31.3,26.7,29.2,79.0,86.0,72.0,WSW,5,WSW,13,0.5,,3.0
9/17/2013,1009.5,32.9,26.6,28.9,81.0,90.0,71.0,W,6,WNW,27,1.7,,6.0
9/18/2013,1009.6,33.2,27.3,29.5,80.0,88.0,70.0,W,6,W,13,0.05,,7.0
9/19/2013,1009.6,32.8,27.7,29.7,79.0,85.0,70.0,W,7,W,14,0.0,,6.0
9/20/2013,1009.5,32.8,27.5,29.6,78.0,85.0,71.0,W,7,W,14,0.05,,6.0
9/21/2013,1009.7,32.7,27.4,29.5,77.0,85.0,69.0,WNW,6,WNW,13,0.05,,5.0
9/22/2013,1009.7,32.8,27.6,29.5,76.0,82.0,69.0,NW,5,NW,11,0.05,,4.0
9/23/2013,1009.6,31.4,27.6,29.1,76.0,82.0,71.0,NW,4,NW,10,0.05,,4.0
9/24/2013,1010.5,32.1,27.6,29.1,76.0,82.0,69.0,NNE,4,NW,11,0.05,,6.0
9/25/2013,1011.9,32.2,26.1,29.0,76.0,86.0,69.0,NW,4,NW,11,0.0,,5.0
9/26/2013,1012.7,31.8,24.9,28.0,81.0,93.0,69.0,VRB,2,W,16,0.05,,4.0
9/27/2013,1012.6,31.0,26.0,28.3,79.0,95.0,69.0,VRB,2,E,8,0.0,,5.0
9/28/2013,1012.2,31.2,27.4,28.8,78.0,88.0,71.0,S,5,S,12,0.05,,3.0
9/29/2013,1010.5,32.4,27.6,29.2,75.0,84.0,66.0,SSW,6,SSW,13,0.05,,3.0
9/30/2013,1009.8,32.4,28.0,29.5,74.0,79.0,66.0,SW,7,SSW,14,0.0,,4.0
10/1/2013,1010.4,32.1,26.1,29.5,75.0,82.0,68.0,SW,8,WSW,18,3.5,,5.0
10/2/2013,1011.5,32.0,24.9,28.3,82.0,95.0,68.0,SW,7,W,25,31.9,,7.0
10/3/2013,1012.0,31.1,26.6,28.1,81.0,91.0,73.0,SSW,7,SW,16,0.3,,7.0
10/4/2013,1012.0,31.2,25.1,28.5,79.0,94.0,69.0,S,7,SW,18,3.5,,7.0
10/5/2013,1011.7,30.7,24.1,27.2,86.0,93.0,77.0,SW,5,WSW,24,12.6,,7.0
10/6/2013,1011.8,29.2,23.6,27.0,85.0,96.0,74.0,SW,5,WNW,23,32.5,,7.0
10/7/2013,1012.9,28.8,24.4,27.0,84.0,95.0,78.0,W,5,WNW,17,1.7,,7.0
10/8/2013,1013.24,31.5,26.1,28.5,78.0,90.0,70.0,SW,4,WSW,15,0.0,,6.0
10/9/2013,1013.0,31.8,26.6,28.3,78.0,86.0,69.0,W,4,W,14,0.6,,5.0
10/10/2013,1013.2,31.8,24.1,28.8,77.0,84.0,69.0,SW,6,WSW,25,4.5,,6.0
10/11/2013,1012.9,30.6,24.8,27.5,83.0,92.0,71.0,SW,5,SSW,16,1.3,,7.0
10/12/2013,1011.3,31.1,24.5,27.3,84.0,93.0,74.0,SSW,5,WSW,26,15.4,,7.0
10/13/2013,1011.0,30.9,25.9,27.7,85.0,95.0,76.0,VRB,2,SSW,10,3.1,,7.0
10/14/2013,1011.5,31.8,23.7,28.2,83.0,95.0,72.0,W,6,W,27,30.6,,6.0
10/15/2013,1012.0,29.5,24.4,26.8,87.0,96.0,74.0,WSW,7,W,27,13.4,,7.0
10/16/2013,1011.5,29.8,24.6,27.3,83.0,93.0,77.0,WSW,11,W,32,11.1,,7.0
10/17/2013,1011.3,30.8,25.7,27.8,84.0,90.0,79.0,SSW,8,SSW,23,3.1,,7.0
10/18/2013,1011.7,30.9,26.4,28.6,80.0,89.0,69.0,SSW,7,SW,18,0.1,,7.0
10/19/2013,1012.3,30.9,24.2,28.5,80.0,89.0,74.0,SSW,7,SSW,17,4.0,,7.0
10/20/2013,1011.5,29.8,23.7,27.2,85.0,96.0,76.0,SSW,7,SSW,27,16.8,,7.0
10/21/2013,1010.0,30.8,25.5,27.9,82.0,97.0,75.0,SSW,6,SSW,19,2.3,,7.0
10/22/2013,1009.8,31.3,26.2,28.8,79.0,91.0,72.0,SSW,7,WSW,25,0.05,,4.0
10/23/2013,1009.7,31.2,26.1,28.9,78.0,84.0,70.0,WSW,9,W,23,3.9,,3.0
10/24/2013,1009.9,31.3,24.4,27.8,83.0,95.0,73.0,W,13,W,35,15.2,,5.0
10/25/2013,1010.0,30.9,25.9,28.3,80.0,86.0,74.0,W,10,WSW,25,0.6,,6.0
10/26/2013,1010.6,32.2,23.9,28.9,80.0,88.0,73.0,WSW,6,SW,19,16.2,,3.0
10/27/2013,1012.0,31.4,24.0,26.8,89.0,99.0,74.0,SW,7,WSW,21,25.2,,7.0
10/28/2013,1012.5,31.0,25.2,28.4,80.0,89.0,72.0,W,6,WSW,21,0.3,,5.0
10/29/2013,1012.9,29.9,24.1,27.2,85.0,97.0,76.0,W,9,WSW,29,23.0,,7.0
10/30/2013,1012.5,30.6,26.4,27.7,80.0,97.0,71.0,WSW,5,WNW,14,0.0,,7.0
10/31/2013,1012.1,31.0,23.9,28.0,82.0,94.0,72.0,VRB,2,WSW,12,31.1,,7.0
11/1/2013,1011.3,31.0,24.5,28.1,81.0,97.0,73.0,WNW,3,NW,15,0.7,,5.0
11/2/2013,1010.8,30.4,26.5,27.5,85.0,93.0,77.0,SSW,3,SSW,13,5.3,,6.0
11/3/2013,1010.8,31.9,25.6,28.0,83.0,93.0,72.0,W,3,NNE,12,0.1,,6.0
11/4/2013,1011.0,30.7,24.1,26.9,86.0,93.0,76.0,VRB,1,NNW,10,0.7,,5.0
11/5/2013,1011.0,30.8,25.4,27.9,80.0,94.0,70.0,S,3,SW,20,0.3,,6.0
11/6/2013,1011.3,30.0,24.8,26.7,86.0,94.0,77.0,W,5,WSW,19,12.9,,6.0
11/7/2013,1010.6,31.0,24.5,27.8,83.0,90.0,75.0,NW,4,NW,17,5.2,,5.0
11/8/2013,1009.9,31.5,25.0,27.9,81.0,92.0,70.0,NNE,4,N,15,0.0,,6.0
11/9/2013,1009.4,30.9,26.4,28.4,80.0,90.0,72.0,NE,4,SE,13,0.0,,5.0
11/10/2013,1009.7,31.1,24.1,27.3,86.0,99.0,73.0,S,5,SSE,18,76.7,,6.0
11/11/2013,1009.8,29.4,23.6,25.6,94.0,100.0,87.0,SW,3,SW,20,26.5,,7.0
11/12/2013,1009.9,28.4,24.4,27.1,83.0,93.0,76.0,SSW,7,SSW,24,1.2,,7.0
11/13/2013,1010.1,32.0,26.5,28.5,79.0,90.0,68.0,SSW,5,SSW,14,0.05,,7.0
11/14/2013,1010.0,29.8,26.0,28.1,81.0,89.0,73.0,WSW,8,W,25,2.1,,7.0
11/15/2013,1009.6,31.2,24.1,28.6,81.0,94.0,74.0,WSW,6,W,21,15.1,,7.0
11/16/2013,1009.5,29.5,25.2,27.2,89.0,96.0,83.0,W,5,WNW,16,3.0,,7.0
11/17/2013,1010.0,30.1,24.6,27.5,85.0,93.0,75.0,VRB,2,SSE,9,0.0,,6.0
11/18/2013,1010.9,31.2,25.4,27.9,80.0,95.0,62.0,VRB,2,SSE,10,1.3,,4.0
11/19/2013,1011.2,30.4,24.5,26.9,87.0,97.0,74.0,VRB,2,SSE,10,1.2,,4.0
11/20/2013,1009.6,31.2,24.5,28.3,80.0,98.0,63.0,VRB,2,NNE,8,11.8,,3.0
11/21/2013,1008.5,31.5,24.7,28.2,77.0,90.0,64.0,VRB,2,NNW,8,0.0,,5.0
11/22/2013,1009.2,32.0,25.1,28.6,76.0,89.0,67.0,VRB,2,W,6,0.0,,2.0
11/23/2013,1010.4,31.1,26.9,28.3,79.0,90.0,69.0,SSW,4,SSW,14,0.3,,3.0
11/24/2013,1010.9,32.0,26.8,29.0,77.0,86.0,67.0,WSW,4,SW,13,1.5,,2.0
11/25/2013,1010.4,32.2,25.0,28.7,80.0,93.0,69.0,W,6,W,20,7.7,,5.0
11/26/2013,1010.3,31.8,23.0,28.0,82.0,96.0,70.0,W,8,W,24,16.7,,6.0
11/27/2013,1010.6,32.1,25.6,28.2,80.0,89.0,69.0,W,7,W,23,0.4,,7.0
11/28/2013,1011.1,32.9,24.6,27.8,87.0,97.0,71.0,WNW,4,SW,19,25.1,,7.0
11/29/2013,1011.0,29.7,25.8,27.7,84.0,91.0,76.0,SW,3,W,17,0.3,,7.0
11/30/2013,1010.9,33.0,24.4,29.2,78.0,87.0,68.0,W,4,WNW,14,3.0,,7.0
12/1/2013,1012.0,29.7,24.9,26.5,89.0,96.0,84.0,W,4,SW,16,16.7,,7.0
12/2/2013,1011.0,32.3,26.1,29.1,80.0,89.0,69.0,WNW,5,NE,14,0.05,,7.0
12/3/2013,1009.8,29.8,24.6,26.7,89.0,94.0,78.0,VRB,1,E,20,0.05,,7.0
12/4/2013,1009.5,31.1,25.0,28.1,82.0,93.0,70.0,VRB,2,NW,13,0.9,,6.0
12/5/2013,1009.5,30.8,24.2,27.2,85.0,99.0,72.0,SSW,3,SSW,23,23.7,,7.0
12/6/2013,1008.9,31.5,24.8,28.0,83.0,93.0,74.0,W,8,W,25,14.2,,7.0
12/7/2013,1009.6,29.3,24.6,26.8,88.0,95.0,83.0,W,10,WSW,29,26.4,,7.0
12/8/2013,1009.7,30.2,23.6,27.1,84.0,94.0,74.0,W,12,W,32,26.0,,7.0
12/9/2013,1008.5,29.4,24.4,26.7,88.0,95.0,80.0,WSW,14,SW,39,33.6,,7.0
12/10/2013,1009.0,28.0,24.2,25.9,92.0,97.0,83.0,W,10,WNW,32,37.0,,8.0
12/11/2013,1008.8,30.8,26.6,28.0,81.0,88.0,74.0,NW,7,NW,23,0.05,,7.0
12/12/2013,1008.3,31.7,27.0,28.6,75.0,81.0,68.0,NW,9,WNW,20,0.4,,7.0
12/13/2013,1009.3,31.9,26.9,28.7,72.0,80.0,63.0,NW,7,WNW,16,0.0,,7.0
12/14/2013,1010.2,32.8,27.3,29.1,75.0,82.0,66.0,WNW,7,WNW,16,0.0,,7.0
12/15/2013,1010.9,32.4,27.5,29.2,75.0,82.0,65.0,WNW,8,WNW,15,0.0,,7.0
12/16/2013,1010.8,33.0,27.1,29.2,74.0,83.0,66.0,WNW,6,WNW,15,0.05,,6.0
12/17/2013,1009.3,30.8,24.7,27.5,83.0,98.0,71.0,NE,4,NE,18,24.3,,7.0
12/18/2013,1009.1,30.5,26.4,28.2,74.0,81.0,68.0,NE,7,NNE,15,0.0,,5.0
12/19/2013,1010.3,30.3,25.5,27.4,84.0,93.0,73.0,E,4,E,13,0.05,,7.0
12/20/2013,1011.2,30.9,25.0,27.3,85.0,93.0,73.0,E,3,SW,11,5.5,,5.0
12/21/2013,1011.3,30.9,25.4,28.2,83.0,90.0,72.0,NE,5,ENE,16,4.9,,6.0
12/22/2013,1011.0,30.2,24.1,27.8,85.0,96.0,78.0,NE,7,NE,17,25.1,,7.0
12/23/2013,1010.8,30.0,24.4,27.4,84.0,97.0,79.0,NE,12,NE,24,9.3,,7.0
12/24/2013,1012.4,30.2,25.4,27.7,84.0,95.0,74.0,ENE,5,NE,18,0.4,,7.0
12/25/2013,1013.7,30.1,23.4,25.9,91.0,100.0,77.0,NE,7,NNE,18,95.2,,8.0
12/26/2013,1013.0,29.2,23.5,25.8,91.0,98.0,80.0,NE,3,N,16,32.8,,7.0
12/27/2013,1012.7,29.9,24.6,26.5,85.0,98.0,73.0,NE,5,NE,13,0.2,,6.0
12/28/2013,1012.4,30.3,25.0,27.7,77.0,85.0,68.0,NE,5,NE,13,0.05,,5.0
12/29/2013,1011.4,30.2,25.0,27.7,79.0,91.0,74.0,NE,6,NE,14,0.6,,6.0
12/30/2013,1011.5,30.3,23.6,26.9,83.0,98.0,71.0,NE,7,N,22,20.6,,7.0
12/31/2013,1011.1,30.2,26.5,27.6,80.0,92.0,72.0,NE,7,NE,15,0.0,,5.0
1/1/2014,1011.3,30.3,26.6,28.0,78.0,84.0,72.0,NE,8,NE,15,0.0,,5.0
1/2/2014,1011.7,30.5,26.4,28.0,80.0,86.0,72.0,NE,8,NE,14,0.05,,6.0
1/3/2014,1012.3,30.9,25.8,27.9,78.0,85.0,72.0,NE,8,NNE,16,0.0,,6.0
1/4/2014,1011.6,30.3,25.5,27.8,78.0,86.0,67.0,NNE,5,NE,12,0.0,,3.0
1/5/2014,1011.0,30.6,23.2,27.2,80.0,94.0,69.0,NE,4,NE,13,0.0,,4.0
1/6/2014,1010.5,30.2,24.1,26.8,80.0,96.0,67.0,NE,3,NNE,10,0.0,,4.0
1/7/2014,1010.7,29.9,25.4,27.1,78.0,90.0,66.0,NE,5,NE,11,0.0,,1.0
1/8/2014,1011.0,30.2,25.9,27.8,80.0,86.0,72.0,NE,6,NE,13,0.0,,2.0
1/9/2014,1011.1,30.8,26.6,28.1,80.0,88.0,70.0,NE,5,NE,14,0.0,,3.0
1/10/2014,1011.5,30.7,25.5,28.3,78.0,85.0,73.0,ENE,6,NE,13,0.05,,3.0
1/11/2014,1012.5,30.5,24.8,27.5,81.0,91.0,70.0,NE,5,NE,16,0.2,,5.0
1/12/2014,1013.0,30.3,24.9,27.8,81.0,92.0,73.0,ENE,4,NE,12,0.05,,2.0
1/13/2014,1012.3,30.9,26.7,28.2,80.0,89.0,71.0,NE,5,NE,13,0.05,,2.0
1/14/2014,1011.8,30.9,27.1,28.4,79.0,86.0,72.0,ENE,6,NE,13,0.05,,4.0
1/15/2014,1012.7,30.8,26.2,28.4,79.0,87.0,72.0,E,5,ESE,16,2.3,,5.0
1/16/2014,1013.5,30.8,24.2,27.3,84.0,94.0,73.0,ESE,3,E,16,6.5,,6.0
1/17/2014,1013.2,30.2,24.6,26.6,87.0,97.0,74.0,NNE,3,NNE,17,23.9,,6.0
1/18/2014,1013.7,30.9,23.0,26.8,84.0,97.0,69.0,NNE,5,N,18,33.0,,7.0
1/19/2014,1014.0,30.1,26.0,27.8,79.0,88.0,74.0,NE,6,NE,15,0.05,,7.0
1/20/2014,1014.1,30.9,26.4,28.2,75.0,83.0,69.0,NE,6,NE,14,0.0,,3.0
1/21/2014,1012.7,30.3,26.8,28.1,74.0,81.0,67.0,ENE,8,NE,17,0.0,,5.0
1/22/2014,1012.8,30.8,26.4,28.2,77.0,84.0,71.0,NE,7,NE,13,0.0,,3.0
1/23/2014,1012.4,30.6,26.3,28.1,79.0,84.0,73.0,NE,7,NE,14,0.0,,3.0
1/24/2014,1011.3,30.7,26.4,28.0,76.0,81.0,69.0,NNE,6,NNE,14,0.0,,3.0
1/25/2014,1010.6,30.7,26.5,28.4,74.0,81.0,66.0,NE,8,NNE,15,0.0,,2.0
1/26/2014,1010.5,31.0,26.6,28.3,72.0,79.0,65.0,NE,10,NE,19,0.0,,2.0
1/27/2014,1010.6,30.9,26.8,28.3,74.0,80.0,66.0,ENE,7,NE,15,0.0,,3.0
1/28/2014,1011.2,30.9,24.8,28.2,76.0,85.0,68.0,NE,5,NE,14,9.8,,6.0
1/29/2014,1011.9,29.4,26.1,27.6,81.0,91.0,76.0,NNE,5,NE,23,0.0,,7.0
1/30/2014,1011.8,30.9,26.9,28.3,76.0,84.0,68.0,NNE,7,NE,15,0.0,,3.0
1/31/2014,1011.3,31.1,27.0,28.4,75.0,82.0,65.0,NE,8,NE,20,0.0,,3.0
2/1/2014,1010.8,31.3,27.6,28.8,78.0,83.0,71.0,NE,8,ENE,17,0.0,,4.0
2/2/2014,1009.6,30.9,26.8,28.7,80.0,84.0,72.0,ENE,9,ENE,20,0.05,,3.0
2/3/2014,1009.2,30.4,27.1,28.5,78.0,85.0,71.0,ENE,8,ENE,20,0.05,,3.0
2/4/2014,1008.9,30.7,26.1,28.4,75.0,82.0,68.0,NE,6,NE,14,0.0,,4.0
2/5/2014,1008.6,31.7,26.5,28.4,75.0,86.0,61.0,NNE,5,NE,14,0.0,,4.0
2/6/2014,1008.4,31.0,26.0,28.1,73.0,83.0,65.0,NE,7,NNE,17,0.0,,3.0
2/7/2014,1008.7,30.9,26.3,28.0,69.0,77.0,64.0,NE,11,NE,21,0.0,,4.0
2/8/2014,1008.6,30.4,24.6,27.8,66.0,74.0,59.0,NE,9,NE,20,0.0,,2.0
2/9/2014,1009.2,30.5,25.6,27.7,66.0,75.0,58.0,NE,7,NE,15,0.0,,2.0
2/10/2014,1009.1,30.7,25.9,27.7,67.0,78.0,55.0,NNE,8,NNE,20,0.0,,2.0
2/11/2014,1008.4,30.6,24.4,27.5,71.0,81.0,64.0,NE,6,NNE,14,0.0,,4.0
2/12/2014,1009.1,30.1,24.4,27.5,70.0,77.0,62.0,NE,4,ENE,10,0.0,,2.0
2/13/2014,1010.6,30.4,26.4,28.2,72.0,79.0,64.0,ENE,5,NE,11,0.0,,4.0
2/14/2014,1010.6,30.8,24.7,27.8,77.0,90.0,68.0,NE,4,ENE,9,0.0,,6.0
2/15/2014,1009.7,31.2,24.5,28.0,78.0,91.0,68.0,VRB,2,E,9,0.0,,4.0
2/16/2014,1010.6,31.1,25.5,28.1,76.0,92.0,65.0,VRB,2,NNE,7,0.0,,2.0
2/17/2014,1011.0,31.0,25.9,28.4,76.0,89.0,66.0,ENE,4,ENE,10,0.0,,2.0
2/18/2014,1012.3,31.5,26.4,28.5,77.0,87.0,66.0,NE,5,NE,13,0.0,,2.0
2/19/2014,1011.7,31.3,25.8,28.5,78.0,95.0,69.0,NE,4,ENE,12,5.5,,5.0
2/20/2014,1012.0,30.9,27.1,28.5,80.0,91.0,71.0,VRB,2,S,13,0.1,,6.0
2/21/2014,1012.0,31.2,26.0,28.8,77.0,84.0,69.0,NE,4,NE,12,0.05,,4.0
2/22/2014,1011.8,31.7,27.5,28.9,76.0,88.0,70.0,NNE,6,NE,14,0.05,,3.0
2/23/2014,1011.5,31.9,27.4,28.9,76.0,82.0,69.0,NE,7,NNE,14,0.0,,4.0
2/24/2014,1010.6,31.0,26.5,29.0,77.0,81.0,72.0,ENE,9,ENE,17,1.3,,6.0
2/25/2014,1011.0,30.0,24.1,27.5,86.0,97.0,79.0,ENE,8,ENE,26,27.6,,7.0
2/26/2014,1011.4,30.1,24.7,28.4,80.0,85.0,73.0,ENE,7,ENE,19,4.6,,7.0
2/27/2014,1012.3,29.7,23.7,25.5,92.0,98.0,84.0,ENE,3,ENE,17,25.6,,7.0
2/28/2014,1011.3,30.9,27.0,28.4,80.0,90.0,71.0,NE,5,NNE,13,0.05,,4.0
3/1/2014,1010.9,31.7,27.3,28.85416667,77.0,85.0,69.0,NNE,5,NNE,13,0.0,,3.0
3/2/2014,1010.7,31.7,24.8,28.25416667,82.0,94.0,70.0,NNE,3,N,16,4.1,,6.0
3/3/2014,1010.7,31.2,27.4,28.73333333,79.0,87.0,72.0,NE,5,NE,14,0.5,,6.0
3/4/2014,1010.8,30.7,25.4,28.49166667,80.0,90.0,73.0,E,4,ENE,16,5.4,,6.0
3/5/2014,1011.0,31.2,24.6,28.18333333,82.0,94.0,73.0,E,4,E,23,21.7,,5.0
3/6/2014,1011.0,31.5,26.5,28.6625,81.0,91.0,74.0,E,3,E,14,1.0,,6.0
3/7/2014,1011.4,30.2,24.5,27.24166667,86.0,97.0,77.0,ENE,6,NE,24,46.8,,7.0
3/8/2014,1011.6,31.0,27.0,28.26666667,80.0,87.0,72.0,E,5,NE,16,0.0,,5.0
3/9/2014,1011.3,31.0,26.5,28.31666667,80.0,90.0,74.0,ENE,5,ENE,13,1.4,,5.0
3/10/2014,1010.8,31.2,27.6,28.98333333,74.0,83.0,68.0,ENE,8,ENE,17,0.0,,4.0
3/11/2014,1010.6,31.5,23.6,28.12083333,81.0,97.0,69.0,NE,6,ENE,21,16.2,,6.0
3/12/2014,1010.5,29.3,26.0,28.125,82.0,91.0,72.0,ENE,10,ENE,23,11.1,,7.0
3/13/2014,1010.4,31.2,27.5,28.91666667,76.0,84.0,70.0,NE,10,ENE,21,0.0,,6.0
3/14/2014,1011.4,30.9,24.6,28.0375,80.0,96.0,73.0,NE,6,NE,22,7.5,,6.0
3/15/2014,1012.3,30.9,27.1,28.10416667,78.0,97.0,72.0,NE,6,NNE,14,0.0,,6.0
3/16/2014,1012.7,31.5,27.6,28.8125,74.0,82.0,67.0,NE,7,NE,18,0.0,,5.0
3/17/2014,1012.0,31.3,23.7,28.74166667,80.0,96.0,71.0,ENE,4,NNE,22,18.3,,4.0
3/18/2014,1011.7,31.4,26.4,28.45833333,84.0,93.0,75.0,NE,6,NE,23,1.8,,6.0
3/19/2014,1011.1,30.7,27.2,28.59166667,80.0,87.0,71.0,E,3,E,10,0.0,,5.0
3/20/2014,1010.7,31.6,26.2,28.75833333,80.0,92.0,72.0,VRB,2,ENE,9,0.05,,5.0
3/21/2014,1009.9,31.7,26.6,28.37083333,82.0,94.0,69.0,NW,2,N,12,0.05,,6.0
3/22/2014,1008.9,32.1,27.3,29.20416667,78.0,87.0,71.0,NNW,3,NNW,9,0.0,,4.0
3/23/2014,1009.8,31.2,26.4,29.00833333,79.0,86.0,74.0,N,3,N,9,0.0,,4.0
3/24/2014,1010.3,31.6,26.0,28.1375,81.0,95.0,72.0,NE,5,NE,17,3.2,,6.0
3/25/2014,1008.5,31.2,27.7,29.24583333,74.0,80.0,69.0,ENE,9,ENE,19,0.0,,3.0
3/26/2014,1008.8,31.8,28.3,29.43333333,75.0,83.0,69.0,ENE,7,ENE,16,0.0,,3.0
3/27/2014,1009.9,31.9,26.6,29.45416667,78.0,84.0,73.0,NE,6,NE,14,2.8,,4.0
3/28/2014,1010.2,30.7,27.4,28.725,79.0,91.0,71.0,NE,6,NE,19,0.0,,5.0
3/29/2014,1009.3,31.9,26.3,29.37916667,79.0,86.0,72.0,ENE,4,NE,14,0.1,,4.0
3/30/2014,1010.2,31.2,25.8,28.58333333,81.0,90.0,71.0,VRB,1,SSE,8,0.0,,5.0
3/31/2014,1010.7,32.9,24.9,28.6375,80.0,94.0,69.0,NW,3,NW,19,0.1,,6.0
4/1/2014,1010.1,32.9,27.8,29.23333333,78.0,95.0,69.0,WNW,5,WNW,14,0.0,,7.0
4/2/2014,1009.4,33.4,28.0,29.65416667,76.0,82.0,68.0,W,6,NW,15,0.0,,6.0
4/3/2014,1009.5,33.3,28.1,29.85416667,78.0,83.0,71.0,WNW,7,W,15,0.0,,6.0
4/4/2014,1010.4,32.9,27.3,29.7625,75.0,82.0,68.0,WNW,4,WNW,13,0.0,,6.0
4/5/2014,1010.8,32.7,26.6,29.32916667,74.0,82.0,66.0,VRB,2,WNW,7,0.5,,6.0
4/6/2014,1011.7,32.1,26.5,28.75833333,80.0,90.0,69.0,VRB,1,SSE,15,0.1,,5.0
4/7/2014,1012.2,31.5,26.1,28.725,76.0,87.0,67.0,VRB,3,S,13,0.0,,3.0
4/8/2014,1012.6,31.8,27.2,28.87083333,71.0,80.0,65.0,SSW,3,S,11,0.0,,3.0
4/9/2014,1012.4,32.7,28.1,29.46666667,70.0,74.0,62.0,W,4,W,10,0.0,,3.0
4/10/2014,1012.9,33.2,27.9,29.84583333,71.0,82.0,61.0,W,4,W,10,0.0,,2.0
4/11/2014,1012.1,33.3,28.0,30.0,75.0,81.0,67.0,W,5,WNW,13,0.05,,2.0
4/12/2014,1011.0,33.4,27.5,29.8625,75.0,83.0,66.0,W,4,WNW,11,0.0,,2.0
4/13/2014,1011.2,33.0,27.6,29.75,73.0,80.0,66.0,W,3,W,8,0.0,,2.0
4/14/2014,1012.0,33.7,27.4,29.72916667,72.0,80.0,66.0,WSW,3,WSW,10,0.0,,2.0
4/15/2014,1011.9,32.7,27.6,29.54583333,74.0,81.0,64.0,W,3,SW,10,0.0,,2.0
4/16/2014,1011.2,33.4,28.1,29.8375,74.0,81.0,65.0,W,3,WSW,9,0.05,,2.0
4/17/2014,1010.6,33.9,27.3,29.80833333,76.0,86.0,62.0,W,4,W,13,0.4,,2.0
4/18/2014,1011.8,33.9,28.0,29.7375,78.0,85.0,69.0,W,6,WNW,21,1.1,,3.0
4/19/2014,1011.0,33.6,28.0,30.125,75.0,82.0,66.0,WNW,5,WNW,15,0.2,,2.0
4/20/2014,1009.7,34.1,28.6,30.2375,77.0,83.0,69.0,W,4,W,11,0.0,,2.0
4/21/2014,1009.8,33.5,26.0,29.3875,80.0,92.0,68.0,WSW,4,WSW,18,9.0,,3.0
4/22/2014,1011.5,31.0,25.6,27.99166667,83.0,93.0,75.0,SSW,4,SSW,14,1.4,,7.0
4/23/2014,1011.2,32.2,28.3,29.52916667,77.0,84.0,67.0,WSW,5,WSW,14,0.0,,4.0
4/24/2014,1010.5,32.9,27.4,29.88333333,75.0,83.0,67.0,W,4,W,11,0.05,,2.0
4/25/2014,1010.3,33.9,28.4,30.125,77.0,85.0,69.0,W,6,W,15,0.05,,3.0
4/26/2014,1010.0,33.9,28.2,30.275,78.0,87.0,70.0,W,5,WSW,15,0.0,,2.0
4/27/2014,1010.4,34.0,28.1,30.52083333,77.0,86.0,69.0,W,4,W,11,0.0,,5.0
4/28/2014,1010.1,33.0,28.1,30.19583333,80.0,87.0,72.0,WSW,5,W,18,0.6,,5.0
4/29/2014,1009.8,33.1,25.0,29.22083333,83.0,96.0,73.0,WSW,6,SSW,23,46.3,,7.0
4/30/2014,1010.1,31.9,26.4,29.15416667,80.0,92.0,71.0,W,6,WSW,21,2.6,,7.0
5/1/2014,1009.9,33.2,25.6,28.62916667,84.0,93.0,72.0,W,7,WSW,21,16.4,,7.0
5/2/2014,1009.3,33.1,25.0,29.5125,81.0,98.0,73.0,WSW,6,W,22,45.8,,5.0
5/3/2014,1008.9,32.1,25.2,28.77916667,85.0,98.0,74.0,WSW,8,WSW,25,10.5,,6.0
5/4/2014,1008.4,30.3,26.4,28.24583333,85.0,93.0,77.0,WSW,11,WSW,28,3.1,,7.0
5/5/2014,1009.2,31.8,24.7,28.46666667,84.0,97.0,76.0,W,10,W,30,24.1,,7.0
5/6/2014,1009.1,31.4,25.7,28.81666667,85.0,94.0,76.0,SW,8,SW,21,33.9,,7.0
5/7/2014,1009.3,29.8,24.7,27.475,88.0,97.0,80.0,SSW,7,W,26,42.7,,7.0
5/8/2014,1009.5,32.2,27.1,28.975,82.0,89.0,72.0,SSW,6,S,22,0.0,,5.0
5/9/2014,1009.7,32.4,26.6,28.9875,84.0,92.0,75.0,SW,5,SW,17,2.0,,4.0
5/10/2014,1010.0,32.8,26.5,28.7875,84.0,94.0,74.0,W,6,W,15,3.9,,5.0
5/11/2014,1011.1,33.1,26.5,29.375,84.0,92.0,74.0,W,3,WSW,16,1.8,,4.0
5/12/2014,1011.3,33.3,26.2,29.09583333,82.0,94.0,72.0,VRB,1,W,7,0.0,,5.0
5/13/2014,1011.4,33.4,27.1,29.31666667,80.0,93.0,68.0,VRB,1,SSW,7,0.0,,6.0
5/14/2014,1011.1,32.9,25.4,29.39708333,81.0,95.0,72.0,SW,5,W,22,1.7,,5.0
5/15/2014,1010.5,32.0,24.4,28.375,83.0,96.0,74.0,WSW,8,S,23,8.3,,6.0
5/16/2014,1010.3,31.9,26.9,28.9875,78.0,88.0,70.0,WSW,6,SW,22,0.05,,4.0
5/17/2014,1010.4,32.9,26.4,29.74583333,77.0,83.0,71.0,WSW,4,WSW,10,1.6,,2.0
5/18/2014,1010.4,32.5,26.4,28.89166667,82.0,94.0,73.0,W,5,WNW,19,3.1,,3.0
5/19/2014,1010.5,31.7,27.1,28.98333333,83.0,90.0,75.0,WSW,5,W,19,0.05,,3.0
5/20/2014,1010.4,31.8,21.4,28.10833333,86.0,98.0,80.0,SW,8,SW,27,51.0,,6.0
5/21/2014,1010.6,31.9,23.5,27.37916667,87.0,99.0,76.0,WSW,6,S,34,1.7,,6.0
5/22/2014,1009.6,32.0,26.9,29.6,81.0,90.0,73.0,WSW,6,SW,14,0.4,,3.0
5/23/2014,1009.7,31.2,24.6,28.25833333,84.0,98.0,78.0,WSW,10,SW,26,25.5,,6.0
5/24/2014,1010.1,29.3,24.0,26.81666667,90.0,99.0,81.0,WSW,10,WSW,34,49.6,,7.0
5/25/2014,1010.0,29.2,25.5,27.57083333,86.0,99.0,78.0,W,7,SW,23,2.6,,7.0
5/26/2014,1009.5,32.0,28.4,29.3875,81.0,89.0,78.0,W,7,WSW,16,0.05,,4.0
5/27/2014,1009.7,32.6,27.4,29.44583333,82.0,89.0,76.0,W,4,W,13,0.05,,6.0
5/28/2014,1010.7,32.2,26.3,28.85833333,81.0,94.0,73.0,SW,7,S,24,0.05,,5.0
5/29/2014,1010.8,32.5,26.4,29.09166667,79.0,87.0,68.0,SSW,5,WSW,18,1.6,,5.0
5/30/2014,1010.4,32.2,26.9,28.89583333,83.0,94.0,73.0,SW,6,SW,17,0.05,,5.0
5/31/2014,1008.9,31.9,25.0,28.7875,81.0,97.0,70.0,SSW,5,WSW,14,5.8,,5.0
6/1/2014,1008.829167,31.4,24.1,27.7375,87.0,98.0,76.0,SW,6,SSW,21,32.1,,5.0
6/2/2014,1009.4125,31.4,25.6,27.97916667,82.0,97.0,71.0,SW,9,WSW,30,0.4,,7.0
6/3/2014,1008.158333,32.2,27.3,29.16666667,83.0,92.0,74.0,SW,7,SW,17,0.6,,5.0
6/4/2014,1007.208333,32.5,26.4,29.47916667,80.0,91.0,72.0,SW,5,SSW,13,0.7,,3.0
6/5/2014,1007.054167,32.3,27.0,28.95416667,83.0,94.0,75.0,SSW,5,SW,15,7.4,,5.0
6/6/2014,1007.095833,32.3,28.1,29.59166667,79.0,85.0,71.0,SW,4,SW,13,0.0,,6.0
6/7/2014,1006.725,32.2,25.7,29.475,80.0,88.0,72.0,W,6,W,27,0.6,,6.0
6/8/2014,1005.983333,33.6,25.5,29.725,82.0,91.0,73.0,W,6,SW,15,0.2,,6.0
6/9/2014,1006.804167,32.0,25.8,29.06666667,83.0,92.0,77.0,WSW,5,SW,30,0.0,,7.0
6/10/2014,1008.4875,33.2,27.6,29.81666667,83.0,89.0,73.0,WSW,4,WSW,13,0.7,,6.0
6/11/2014,1009.1375,32.8,28.0,29.65833333,78.0,89.0,72.0,SW,3,S,11,0.0,,4.0
6/12/2014,1009.05,32.6,27.7,29.42916667,78.0,83.0,69.0,VRB,2,SW,7,0.0,,6.0
6/13/2014,1009.029167,33.3,27.4,29.74583333,76.0,84.0,67.0,NW,3,WNW,10,0.0,,7.0
6/14/2014,1010.25,32.1,26.6,28.625,82.0,90.0,74.0,W,5,SW,19,2.6,,6.0
6/15/2014,1010.633333,33.2,25.8,29.4,81.0,92.0,73.0,W,4,WNW,26,1.2,,6.0
6/16/2014,1010.658333,32.1,27.1,28.94166667,81.0,90.0,71.0,W,7,WNW,26,0.4,,6.0
6/17/2014,1010.616667,33.3,28.4,30.0125,79.0,86.0,72.0,W,5,W,11,0.0,,6.0
6/18/2014,1010.416667,32.2,27.5,29.40416667,79.0,87.0,72.0,SW,4,SW,10,0.0,,6.0
6/19/2014,1010.170833,32.6,28.1,29.70833333,80.0,87.0,74.0,SW,4,SW,11,0.05,,5.0
6/20/2014,1011.004167,32.8,28.1,29.6625,79.0,87.0,72.0,SW,5,SW,12,0.05,,4.0
6/21/2014,1012.654167,33.1,28.4,29.91666667,79.0,85.0,73.0,W,5,W,12,0.0,,3.0
6/22/2014,1013.454167,32.9,28.2,29.775,76.0,83.0,70.0,W,6,W,15,0.0,,2.0
6/23/2014,1012.441667,33.2,28.4,29.875,73.0,79.0,66.0,W,8,W,16,0.0,,4.0
6/24/2014,1010.975,33.0,28.4,29.94583333,75.0,83.0,68.0,W,8,WNW,16,0.0,,6.0
6/25/2014,1010.875,33.6,27.3,29.925,77.0,86.0,69.0,W,7,W,15,2.9,,6.0
6/26/2014,1011.495833,33.7,25.1,29.77916667,78.0,93.0,70.0,W,4,W,20,3.1,,5.0
6/27/2014,1012.029167,33.4,26.5,29.4375,78.0,97.0,69.0,W,4,W,19,0.05,,6.0
6/28/2014,1012.116667,33.6,27.1,29.5375,75.0,84.0,64.0,W,4,WSW,13,0.2,,5.0
6/29/2014,1011.775,31.3,24.9,27.8,84.0,96.0,74.0,W,4,W,20,31.2,,6.0
6/30/2014,1011.604167,32.7,24.8,27.61666667,84.0,98.0,73.0,W,6,WNW,28,11.3,,7.0
7/1/2014,1012.4875,31.2,24.0,27.675,82.0,96.0,74.0,WNW,6,W,31,11.4,,6.0
7/2/2014,1012.029167,33.0,28.2,29.7375,77.0,94.0,71.0,WNW,7,WNW,22,0.05,,6.0
7/3/2014,1010.645833,31.2,25.1,28.6875,80.0,86.0,75.0,W,11,WSW,32,14.6,,6.0
7/4/2014,1009.7625,32.4,28.4,29.625,77.0,82.0,72.0,W,10,W,19,0.05,,3.0
7/5/2014,1010.529167,32.7,28.3,29.60416667,76.0,80.0,70.0,W,8,W,18,0.0,,6.0
7/6/2014,1011.6,31.9,27.9,29.3625,73.0,80.0,68.0,WSW,5,WSW,13,0.0,,6.0
7/7/2014,1011.6,32.0,27.9,29.2125,74.0,82.0,69.0,WSW,4,WSW,11,0.0,,5.0
7/8/2014,1010.970833,32.0,24.1,29.0625,76.0,96.0,71.0,WSW,4,WSW,10,34.5,,4.0
7/9/2014,1011.741667,31.0,24.4,26.98333333,87.0,99.0,77.0,W,7,NW,31,9.6,,7.0
7/10/2014,1012.466667,30.5,27.4,28.3875,79.0,84.0,73.0,SW,4,W,12,0.05,,7.0
7/11/2014,1012.979167,31.9,27.4,29.0125,74.0,80.0,66.0,WSW,5,W,13,0.05,,6.0
7/12/2014,1011.558333,32.3,27.6,29.1125,74.0,79.0,70.0,W,6,W,14,0.05,,5.0
7/13/2014,1010.745833,32.0,26.3,29.05,78.0,91.0,72.0,W,8,WSW,25,1.5,,5.0
7/14/2014,1010.1875,32.1,27.5,29.19166667,78.0,85.0,71.0,SW,6,SW,15,0.05,,6.0
7/15/2014,1010.383333,31.9,27.4,29.03333333,76.0,82.0,70.0,WSW,5,SW,13,0.0,,6.0
7/16/2014,1010.45,32.3,25.6,28.925,76.0,84.0,69.0,W,3,WSW,7,0.0,,4.0
7/17/2014,1010.25,31.6,26.2,28.49583333,78.0,89.0,69.0,VRB,1,S,8,0.05,,3.0
7/18/2014,1010.8625,31.8,27.4,28.9375,79.0,91.0,71.0,SSW,3,S,13,0.0,,3.0
7/19/2014,1011.558333,32.4,26.5,29.30416667,75.0,82.0,67.0,SW,3,S,11,0.0,,5.0
7/20/2014,1011.745833,32.2,27.5,29.22083333,78.0,86.0,72.0,SW,4,SW,14,0.0,,6.0
7/21/2014,1011.116667,32.4,26.1,29.32916667,78.0,89.0,70.0,SSW,5,SSW,13,0.05,,6.0
7/22/2014,1011.220833,31.9,25.5,28.90416667,81.0,94.0,71.0,S,3,S,13,0.0,,2.0
7/23/2014,1011.1125,32.1,26.1,28.75833333,79.0,95.0,68.0,VRB,2,S,9,0.0,,3.0
7/24/2014,1011.45,32.5,25.4,28.725,79.0,96.0,69.0,VRB,2,SW,13,5.3,,5.0
7/25/2014,1011.9875,31.9,26.1,28.1625,81.0,97.0,72.0,S,4,SSE,13,4.9,,6.0
7/26/2014,1013.320833,30.9,26.7,28.425,78.0,86.0,70.0,S,6,S,18,0.0,,7.0
7/27/2014,1013.383333,32.2,27.8,29.22083333,72.0,77.0,65.0,SW,5,S,14,0.2,,5.0
7/28/2014,1012.216667,31.8,27.6,29.2375,72.0,82.0,66.0,WSW,6,SW,15,0.0,,4.0
7/29/2014,1011.775,32.0,27.4,29.32916667,71.0,78.0,64.0,WSW,5,WSW,13,0.0,,2.0
7/30/2014,1011.745833,32.2,27.4,29.1375,74.0,80.0,67.0,S,3,SSW,11,0.0,,6.0
7/31/2014,1011.379167,32.6,25.1,29.04583333,76.0,94.0,66.0,S,4,SSW,14,7.3,,4.0
8/1/2014,1010.9,32.1,27.6,29.23333333,75.0,84.0,69.0,SSW,7,SSW,14,0.0,,5.0
8/2/2014,1011.433333,32.2,23.8,28.63333333,78.0,93.0,67.0,SSW,6,WSW,26,12.4,,6.0
8/3/2014,1011.245833,31.1,23.6,27.07916667,83.0,98.0,72.0,SSW,6,SW,26,18.1,,7.0
8/4/2014,1010.216667,32.2,27.8,29.09583333,77.0,87.0,70.0,SW,7,SW,14,0.05,,7.0
8/5/2014,1010.566667,32.0,26.4,28.99166667,76.0,82.0,67.0,WSW,4,WSW,14,0.05,,6.0
8/6/2014,1010.645833,32.8,26.5,28.57916667,81.0,88.0,71.0,VRB,3,NW,12,0.05,,6.0
8/7/2014,1010.233333,32.8,25.6,28.84583333,78.0,89.0,67.0,VRB,1,NW,5,0.0,,6.0
8/8/2014,1010.454167,32.0,25.1,28.15416667,80.0,96.0,66.0,VRB,1,ENE,9,2.5,,6.0
8/9/2014,1011.595833,31.3,23.4,27.475,82.0,98.0,68.0,ENE,3,NE,20,12.9,,7.0
8/10/2014,1012.329167,30.2,25.2,27.31666667,83.0,94.0,74.0,VRB,1,E,7,2.4,,6.0
8/11/2014,1011.6375,31.1,24.6,27.40833333,85.0,98.0,72.0,VRB,1,N,11,2.6,,7.0
8/12/2014,1011.2875,31.8,25.6,28.4625,81.0,99.0,71.0,VRB,2,SSE,12,0.0,,6.0
8/13/2014,1012.058333,32.1,26.1,28.78333333,77.0,93.0,69.0,SW,3,WNW,15,1.1,,6.0
8/14/2014,1012.958333,31.1,25.9,27.80833333,80.0,89.0,73.0,SSW,3,SSW,14,0.0,,7.0
8/15/2014,1012.979167,31.1,26.4,28.5,78.0,86.0,70.0,SSW,2,S,8,0.05,,6.0
8/16/2014,1012.3625,32.2,27.1,28.7875,76.0,86.0,66.0,S,3,S,9,0.0,,6.0
8/17/2014,1011.704167,31.7,24.7,28.2875,77.0,89.0,67.0,VRB,1,S,9,0.0,,6.0
8/18/2014,1012.6,32.1,23.9,27.75833333,81.0,95.0,66.0,WNW,4,W,24,24.6,,7.0
8/19/2014,1012.479167,28.0,24.1,25.50416667,91.0,97.0,81.0,WNW,8,WNW,30,40.6,,7.0
8/20/2014,1011.225,29.2,23.4,26.2125,87.0,97.0,75.0,W,13,W,31,56.5,,7.0
8/21/2014,1010.145833,27.8,23.8,25.7375,91.0,98.0,83.0,W,11,W,31,39.5,,7.0
8/22/2014,1009.404167,31.1,27.0,28.45416667,78.0,87.0,71.0,WSW,7,SW,19,0.05,,7.0
8/23/2014,1010.095833,31.5,27.4,28.925,77.0,85.0,71.0,WSW,5,WSW,14,0.05,,4.0
8/24/2014,1010.629167,32.5,24.8,28.58333333,80.0,95.0,70.0,VRB,2,W,8,0.05,,3.0
8/25/2014,1011.6,31.1,27.2,28.225,80.0,95.0,72.0,E,2,E,8,0.0,,2.0
8/26/2014,1011.791667,31.5,25.2,28.3375,78.0,94.0,66.0,S,2,S,9,0.0,,3.0
8/27/2014,1010.745833,31.8,27.0,28.45416667,80.0,95.0,73.0,SSW,3,S,12,0.0,,4.0
8/28/2014,1010.179167,31.9,26.5,28.97083333,79.0,90.0,70.0,SW,4,SW,13,0.3,,4.0
8/29/2014,1009.820833,31.9,27.1,29.3,77.0,85.0,70.0,WSW,5,WSW,12,0.2,,5.0
8/30/2014,1009.970833,31.8,27.6,28.94166667,80.0,86.0,73.0,SW,5,SW,15,0.0,,6.0
8/31/2014,1010.016667,31.9,27.3,29.05416667,77.0,84.0,68.0,WSW,6,WSW,14,0.05,,4.0
9/1/2014,1009.504167,32.0,27.4,29.2,77.0,83.0,68.0,S,7,S,18,0.05,,4.0
9/2/2014,1010.133333,31.4,27.7,29.05,76.0,82.0,72.0,S,7,S,15,0.0,,2.0
9/3/2014,1011.308333,31.5,27.3,28.76666667,76.0,83.0,71.0,SSE,5,S,15,0.0,,6.0
9/4/2014,1012.0375,31.8,27.5,28.925,77.0,84.0,71.0,SSE,3,SSE,10,0.0,,6.0
9/5/2014,1012.108333,31.6,25.0,27.925,79.0,92.0,71.0,SSE,3,NW,20,0.0,,6.0
9/6/2014,1012.016667,31.2,26.0,27.84166667,81.0,92.0,68.0,S,5,SSW,15,0.05,,6.0
9/7/2014,1013.045833,30.2,26.1,27.25416667,83.0,89.0,77.0,SSW,5,S,20,0.5,,7.0
9/8/2014,1013.516667,32.0,27.2,28.39583333,80.0,90.0,70.0,WSW,4,WSW,12,0.2,,6.0
9/9/2014,1012.7625,32.2,25.6,28.875,78.0,87.0,70.0,WSW,4,W,17,0.05,,6.0
9/10/2014,1012.745833,30.3,23.2,27.48333333,84.0,95.0,78.0,VRB,3,WNW,24,13.2,,7.0
9/11/2014,1012.983333,31.2,24.8,27.62916667,84.0,94.0,74.0,W,3,W,16,1.0,,6.0
9/12/2014,1013.5125,32.0,26.5,28.3125,82.0,93.0,71.0,VRB,2,NNW,9,0.05,,7.0
9/13/2014,1012.904167,32.0,24.9,27.49583333,85.0,96.0,69.0,VRB,1,W,15,1.7,,6.0
9/14/2014,1012.358333,31.9,25.9,28.62083333,80.0,97.0,73.0,WSW,3,W,11,0.05,,5.0
9/15/2014,1011.479167,32.2,24.0,28.5,81.0,97.0,71.0,WSW,4,W,20,15.4,,4.0
9/16/2014,1010.779167,30.3,23.7,25.94166667,91.0,99.0,84.0,W,7,WSW,26,39.7,,7.0
9/17/2014,1011.195833,28.2,23.4,26.20833333,87.0,98.0,77.0,W,7,WSW,28,27.3,,7.0
9/18/2014,1011.733333,31.3,27.1,28.375,80.0,86.0,72.0,SW,4,WSW,10,0.0,,6.0
9/19/2014,1012.2375,31.1,25.7,28.32083333,83.0,92.0,75.0,W,5,WNW,17,4.1,,6.0
9/20/2014,1011.095833,29.1,24.1,26.75416667,89.0,98.0,82.0,WNW,7,WNW,24,34.2,,7.0
9/21/2014,1011.45,30.0,25.4,27.13333333,88.0,93.0,81.0,SW,4,NW,15,1.0,,6.0
9/22/2014,1011.65,31.1,27.2,28.30833333,83.0,90.0,74.0,WSW,4,WSW,11,0.1,,6.0
9/23/2014,1011.016667,32.0,27.4,28.99583333,80.0,86.0,75.0,W,5,W,15,0.05,,6.0
9/24/2014,1010.945833,32.2,27.1,29.04583333,79.0,85.0,72.0,WNW,4,W,12,1.2,,6.0
9/25/2014,1011.179167,32.3,23.1,27.92083333,84.0,96.0,72.0,W,3,W,25,10.7,,6.0
9/26/2014,1011.629167,31.2,24.6,27.94583333,82.0,93.0,74.0,WNW,6,W,28,7.6,,6.0
9/27/2014,1011.554167,32.2,23.6,27.35833333,84.0,96.0,73.0,SW,5,W,27,10.0,,7.0
9/28/2014,1011.116667,31.4,25.0,28.07083333,84.0,94.0,74.0,SW,5,SW,29,13.5,,5.0
9/29/2014,1011.195833,28.2,24.1,26.35,87.0,97.0,74.0,WSW,11,WSW,27,35.2,,7.0
9/30/2014,1011.0375,30.8,24.3,26.90833333,84.0,96.0,74.0,W,9,WSW,31,5.5,,7.0
10/1/2014,1011.25,29.9,26.2,27.35416667,79.0,91.0,72.0,SW,7,SW,25,0.05,,6.0
10/2/2014,1011.654167,32.0,24.6,27.64166667,83.0,96.0,72.0,W,3,W,20,4.5,,7.0
10/3/2014,1011.6625,30.8,27.2,28.3,80.0,87.0,75.0,W,5,SW,14,0.0,,7.0
10/4/2014,1012.366667,32.1,24.9,28.68333333,80.0,96.0,69.0,VRB,2,SW,13,8.0,,4.0
10/5/2014,1013.120833,30.3,26.7,27.8875,81.0,97.0,75.0,S,3,S,15,0.05,,3.0
10/6/2014,1012.654167,31.4,27.3,28.78333333,76.0,82.0,69.0,SSW,6,S,13,0.0,,2.0
10/7/2014,1011.266667,31.4,27.6,28.90416667,76.0,83.0,67.0,SW,7,WSW,15,0.0,,2.0
10/8/2014,1010.970833,31.3,26.5,29.17083333,77.0,89.0,71.0,WSW,6,WSW,14,1.6,,2.0
10/9/2014,1015.091667,31.4,26.0,28.7,81.0,89.0,73.0,WSW,6,W,22,2.7,,4.0
10/10/2014,1010.841667,31.8,26.4,28.79583333,82.0,95.0,73.0,WSW,6,WSW,17,1.9,,4.0
10/11/2014,1010.679167,31.8,25.3,28.325,83.0,94.0,72.0,W,7,W,23,13.2,,6.0
10/12/2014,1010.55,31.2,24.9,27.58333333,86.0,95.0,76.0,WSW,5,W,22,8.7,,7.0
10/13/2014,1010.308333,30.9,24.6,27.80416667,85.0,97.0,77.0,W,7,W,23,31.3,,7.0
10/14/2014,1010.004167,30.7,26.8,27.9875,84.0,90.0,78.0,WSW,5,WSW,14,0.0,,6.0
10/15/2014,1011.216667,30.2,26.5,27.84583333,81.0,87.0,67.0,W,6,W,20,0.0,,6.0
10/16/2014,1011.3375,31.5,25.5,28.17916667,82.0,89.0,73.0,WSW,5,WSW,19,0.4,,7.0
10/17/2014,1011.620833,31.0,26.2,28.42916667,79.0,90.0,72.0,SSW,6,SSW,15,1.8,,6.0
10/18/2014,1011.233333,31.3,23.8,27.6375,84.0,99.0,71.0,SSW,5,SSW,16,5.0,,6.0
10/19/2014,1010.345833,30.8,26.8,28.20833333,81.0,97.0,75.0,SSW,4,S,12,0.0,,5.0
10/20/2014,1010.208333,31.5,26.6,28.55833333,81.0,90.0,71.0,S,5,SSW,17,0.2,,4.0
10/21/2014,1011.1125,31.8,26.8,28.21666667,82.0,92.0,72.0,SSW,7,SW,24,3.1,,6.0
10/22/2014,1011.691667,31.3,24.2,27.97083333,82.0,96.0,72.0,SSW,6,SW,24,7.8,,5.0
10/23/2014,1011.529167,30.3,24.6,27.2875,85.0,93.0,78.0,WNW,6,W,25,0.9,,6.0
10/24/2014,1010.575,32.8,25.0,28.48333333,81.0,94.0,72.0,WNW,4,W,23,7.1,,5.0
10/25/2014,1011.154167,32.2,27.2,29.03333333,78.0,96.0,71.0,NW,3,NNW,11,0.0,,3.0
10/26/2014,1012.395833,31.9,27.2,28.9875,75.0,82.0,68.0,NW,3,NW,8,0.0,,3.0
10/27/2014,1012.383333,32.1,27.1,28.95,74.0,81.0,67.0,NW,3,W,9,0.0,,2.0
10/28/2014,1012.041667,32.0,25.7,28.74583333,75.0,87.0,68.0,VRB,2,WSW,9,0.0,,6.0
10/29/2014,1011.716667,32.0,27.7,29.2125,75.0,80.0,67.0,W,4,W,10,0.05,,6.0
10/30/2014,1011.6,31.8,27.1,28.7125,73.0,79.0,69.0,WSW,4,WSW,11,0.3,,6.0
10/31/2014,1010.970833,31.9,27.9,29.1375,73.0,80.0,66.0,WSW,5,WSW,14,0.0,,5.0
11/1/2014,1011.9375,31.8,27.5,29.03333333,73.0,79.0,66.0,WSW,6,WSW,15,0.0,,6.0
11/2/2014,1012.279167,32.8,27.4,29.35,75.0,82.0,68.0,W,4,W,8,0.0,,4.0
11/3/2014,1013.029167,32.2,25.4,29.1125,76.0,86.0,68.0,WSW,4,WSW,16,0.5,,2.0
11/4/2014,1013.825,30.8,24.6,27.5125,84.0,92.0,76.0,SW,6,SW,23,9.9,,6.0
11/5/2014,1013.6875,31.2,25.0,27.88333333,83.0,95.0,72.0,W,8,W,23,2.0,,6.0
11/6/2014,1012.4125,31.3,25.7,28.50833333,81.0,89.0,72.0,W,7,WSW,21,2.2,,6.0
11/7/2014,1011.633333,32.0,23.4,28.9375,79.0,90.0,73.0,WSW,7,W,27,3.0,,5.0
11/8/2014,1012.4375,29.2,24.7,26.89583333,85.0,96.0,79.0,WSW,9,SW,27,6.6,,7.0
11/9/2014,1012.004167,30.5,24.2,26.83333333,86.0,95.0,78.0,W,11,W,33,32.0,,7.0
11/10/2014,1011.6125,27.8,24.4,26.30833333,88.0,97.0,82.0,W,9,WNW,34,11.2,,6.0
11/11/2014,1010.370833,31.6,26.6,28.83333333,80.0,87.0,72.0,WNW,7,WNW,18,0.0,,2.0
11/12/2014,1009.883333,32.7,27.1,28.875,79.0,89.0,71.0,NW,5,WNW,18,0.2,,4.0
11/13/2014,1010.204167,32.2,25.2,28.65,80.0,93.0,71.0,VRB,2,W,9,0.0,,5.0
11/14/2014,1011.145833,32.2,24.6,28.08333333,82.0,97.0,69.0,VRB,1,S,8,0.0,,3.0
11/15/2014,1010.470833,31.5,24.5,27.20416667,86.0,98.0,69.0,VRB,0,E,12,0.7,,4.0
11/16/2014,1010.045833,30.8,25.2,27.37916667,85.0,98.0,72.0,VRB,2,ENE,9,0.0,,5.0
11/17/2014,1010.241667,31.6,24.2,27.13333333,87.0,97.0,73.0,VRB,2,NNW,13,22.7,,6.0
11/18/2014,1011.179167,31.4,23.1,27.2625,86.0,100.0,72.0,VRB,2,N,17,21.9,,6.0
11/19/2014,1010.520833,30.9,24.5,27.65,85.0,97.0,74.0,ENE,3,E,19,4.6,,6.0
11/20/2014,1010.05,30.6,25.6,27.78333333,84.0,99.0,72.0,VRB,2,NE,10,1.9,,5.0
11/21/2014,1010.570833,31.1,25.4,27.275,88.0,95.0,75.0,W,5,WNW,20,13.5,,7.0
11/22/2014,1011.245833,31.8,24.1,26.66666667,88.0,98.0,74.0,WNW,8,SW,28,42.2,,7.0
11/23/2014,1011.075,28.9,23.1,25.84583333,91.0,98.0,83.0,W,9,WSW,32,76.3,,7.0
11/24/2014,1010.441667,31.8,26.8,28.64166667,81.0,89.0,73.0,WNW,6,WNW,14,0.05,,6.0
11/25/2014,1009.654167,30.9,25.6,28.19583333,79.0,86.0,73.0,NNE,5,NNE,15,0.3,,6.0
11/26/2014,1008.583333,31.1,25.6,27.6625,83.0,96.0,71.0,VRB,1,ENE,7,0.05,,7.0
11/27/2014,1009.6375,29.4,23.8,25.925,91.0,100.0,79.0,VRB,1,NNE,13,36.3,,7.0
11/28/2014,1010.620833,30.9,26.1,27.50416667,85.0,97.0,75.0,SW,4,SW,15,0.4,,7.0
11/29/2014,1010.475,30.9,26.1,27.77916667,83.0,90.0,74.0,W,7,SW,34,0.1,,6.0
11/30/2014,1009.695833,32.2,26.5,28.925,80.0,88.0,72.0,NW,3,WNW,8,0.0,,2.0
12/1/2014,1009.983333,32.2,27.3,28.96666667,79.0,90.0,72.0,W,3,WSW,9,0.0,,1.0
12/2/2014,1011.183333,32.8,26.9,29.175,79.0,90.0,71.0,W,5,W,18,1.2,,3.0
12/3/2014,1011.158333,33.0,26.8,29.00416667,80.0,88.0,72.0,NW,4,W,12,0.5,,3.0
12/4/2014,1011.808333,31.9,26.7,28.49166667,79.0,89.0,69.0,WNW,2,W,11,0.6,,3.0
12/5/2014,1011.395833,32.8,26.5,28.73333333,81.0,89.0,69.0,W,3,WNW,17,0.05,,5.0
12/6/2014,1011.066667,31.6,26.2,28.22916667,82.0,92.0,72.0,ENE,3,N,10,4.4,,5.0
12/7/2014,1010.604167,31.0,25.0,28.07916667,81.0,92.0,67.0,NE,2,NE,9,0.0,,2.0
12/8/2014,1011.45,31.3,25.2,28.33333333,82.0,94.0,72.0,N,3,NNW,13,3.8,,3.0
12/9/2014,1011.895833,31.1,24.6,28.45,82.0,94.0,75.0,WNW,5,NW,20,8.2,,4.0
12/10/2014,1012.091667,29.9,23.6,26.45,89.0,99.0,82.0,W,5,W,16,48.7,,7.0
12/11/2014,1011.433333,31.2,25.0,27.95416667,84.0,98.0,74.0,W,7,W,23,13.5,,6.0
12/12/2014,1011.3875,31.6,25.1,27.975,84.0,93.0,78.0,WNW,6,W,23,2.1,,6.0
12/13/2014,1011.966667,32.0,24.5,28.17916667,84.0,98.0,73.0,NW,5,W,23,25.6,,3.0
12/14/2014,1012.395833,30.1,25.2,27.22083333,84.0,92.0,76.0,WNW,4,W,19,2.1,,5.0
12/15/2014,1011.645833,32.2,23.5,28.54583333,79.0,91.0,72.0,WNW,3,W,18,3.9,,3.0
12/16/2014,1011.25,32.5,27.2,28.99166667,79.0,86.0,71.0,N,3,N,11,0.0,,5.0
12/17/2014,1010.445833,31.7,23.9,28.25416667,83.0,97.0,76.0,NW,4,WNW,20,31.4,,4.0
12/18/2014,1011.104167,29.8,23.9,27.0125,87.0,97.0,80.0,NW,5,NNE,21,11.2,,6.0
12/19/2014,1012.016667,31.4,24.5,27.45416667,86.0,98.0,74.0,WSW,5,NW,18,30.6,,6.0
12/20/2014,1011.4375,30.7,25.6,27.52083333,83.0,96.0,77.0,W,5,WSW,21,0.1,,7.0
12/21/2014,1010.320833,31.7,25.7,28.77916667,79.0,87.0,73.0,W,7,W,22,0.05,,5.0
12/22/2014,1010.2875,30.5,26.1,27.5875,85.0,93.0,76.0,W,7,W,23,3.9,,7.0
12/23/2014,1011.108333,30.3,22.6,25.85416667,93.0,99.0,82.0,W,4,W,22,79.1,,7.0
12/24/2014,1012.6875,28.8,23.2,26.825,87.0,97.0,83.0,W,5,WSW,23,16.2,,7.0
12/25/2014,1012.083333,31.2,25.7,28.32083333,83.0,90.0,74.0,W,6,WNW,18,0.9,,6.0
12/26/2014,1010.720833,30.9,25.2,28.17916667,81.0,85.0,76.0,W,7,WNW,22,3.6,,6.0
12/27/2014,1010.545833,31.0,26.4,28.36666667,82.0,91.0,73.0,WSW,6,W,17,0.05,,6.0
12/28/2014,1011.1125,32.3,27.2,28.90416667,82.0,90.0,73.0,W,5,W,13,0.0,,6.0
12/29/2014,1010.270833,32.2,26.7,29.03333333,81.0,88.0,72.0,W,6,W,14,1.2,,4.0
12/30/2014,1009.0875,32.2,27.2,28.9375,79.0,90.0,72.0,WNW,7,WNW,17,0.0,,3.0
12/31/2014,1009.608333,32.4,26.6,28.975,78.0,86.0,70.0,NW,3,WNW,14,0.0,,3.0
1/1/2015,1010.375,31.1,26.0,28.425,79.0,86.0,71.0,NNW,3,N,9,0.05,,4.0
1/2/2015,1012.120833,30.5,23.2,27.25,82.0,99.0,72.0,N,4,SSW,19,21.8,,7.0
1/3/2015,1012.525,30.3,25.2,27.275,79.0,88.0,71.0,NNE,3,NNE,9,0.0,,6.0
1/4/2015,1012.266667,30.2,24.0,26.95833333,80.0,92.0,72.0,NE,4,NE,13,0.0,,2.0
1/5/2015,1011.95,30.0,22.1,26.39166667,80.0,96.0,69.0,VRB,2,N,8,0.0,,1.0
1/6/2015,1012.9,29.7,22.9,26.02083333,82.0,96.0,68.0,VRB,1,E,8,0.0,,1.0
1/7/2015,1013.1375,30.8,25.2,27.47083333,77.0,96.0,67.0,VRB,1,NW,6,0.0,,1.0
1/8/2015,1013.304167,31.7,24.3,28.0,75.0,86.0,69.0,NW,3,NW,9,0.0,,1.0
1/9/2015,1013.329167,31.2,23.9,27.44583333,74.0,91.0,62.0,VRB,1,NNW,7,0.0,,1.0
1/10/2015,1012.5625,30.6,27.0,28.1375,74.0,83.0,67.0,NE,5,ENE,14,0.0,,1.0
1/11/2015,1012.175,30.3,26.4,28.2875,75.0,82.0,70.0,ENE,8,ENE,18,0.0,,1.0
1/12/2015,1012.125,30.5,26.4,28.03333333,75.0,82.0,68.0,NE,8,NE,15,0.05,,2.0
1/13/2015,1011.583333,30.2,26.4,27.8875,77.0,83.0,69.0,NE,7,NE,15,0.0,,2.0
1/14/2015,1011.691667,30.2,26.2,27.8125,76.0,83.0,70.0,NE,7,NE,14,0.0,,2.0
1/15/2015,1011.575,30.0,26.6,27.84583333,76.0,81.0,70.0,ENE,6,ENE,15,0.0,,1.0
1/16/2015,1011.704167,30.3,26.6,27.96666667,77.0,83.0,72.0,ENE,6,ENE,14,0.0,,1.0
1/17/2015,1012.3,30.3,26.6,28.17916667,78.0,84.0,70.0,ENE,6,NE,14,0.0,,2.0
1/18/2015,1012.1875,31.1,26.8,28.1375,79.0,86.0,71.0,NE,7,NE,15,0.0,,1.0
1/19/2015,1012.470833,30.8,26.9,28.325,81.0,87.0,73.0,NE,6,ENE,15,0.0,,2.0
1/20/2015,1013.266667,30.4,26.3,28.19583333,81.0,86.0,75.0,NE,8,NE,18,0.0,,3.0
1/21/2015,1015.05,30.8,26.8,28.19583333,78.0,86.0,70.0,NE,8,NE,16,0.0,,2.0
1/22/2015,1014.633333,30.9,26.0,28.075,76.0,86.0,69.0,NE,8,NE,17,0.0,,2.0
1/23/2015,1012.520833,30.9,26.5,27.81666667,73.0,82.0,65.0,NE,7,NE,17,0.0,,3.0
1/24/2015,1012.516667,30.6,25.7,27.90833333,76.0,85.0,69.0,ENE,5,NE,14,0.0,,2.0
1/25/2015,1012.733333,31.1,27.4,28.25,80.0,86.0,72.0,NE,7,NE,17,0.0,,3.0
1/26/2015,1012.179167,31.0,26.8,28.32083333,78.0,84.0,73.0,NE,9,NE,18,0.05,,3.0
1/27/2015,1010.75,30.8,26.8,28.16666667,78.0,87.0,69.0,NE,7,NE,17,0.0,,5.0
1/28/2015,1009.945833,31.2,25.1,27.98333333,81.0,97.0,70.0,NE,5,NE,14,2.9,,6.0
1/29/2015,1011.6375,29.2,24.6,26.20833333,90.0,96.0,83.0,SE,3,NE,14,7.8,,7.0
1/30/2015,1012.2125,30.1,27.0,27.8875,84.0,92.0,78.0,ENE,8,ENE,16,0.0,,6.0
1/31/2015,1012.758333,31.1,26.8,28.45416667,81.0,88.0,75.0,ENE,6,ENE,14,0.4,,3.0
2/1/2015,1012.445833,31.0,23.6,27.47083333,83.0,92.0,75.0,NE,5,S,15,6.9,,4.0
2/2/2015,1012.783333,31.2,27.4,28.7,76.0,87.0,70.0,NE,9,NE,19,0.0,,3.0
2/3/2015,1013.520833,31.4,27.1,28.56666667,79.0,85.0,73.0,NE,9,NE,18,0.05,,3.0
2/4/2015,1013.270833,30.3,25.6,28.17083333,80.0,86.0,72.0,ENE,9,ENE,21,1.8,,5.0
2/5/2015,1012.2,30.9,26.2,28.35833333,79.0,88.0,69.0,ENE,7,ENE,19,0.05,,4.0
2/6/2015,1012.895833,30.0,25.5,27.34583333,84.0,93.0,76.0,ENE,4,NE,20,0.5,,6.0
2/7/2015,1012.633333,30.9,22.7,28.20833333,79.0,97.0,68.0,NNE,4,NNE,14,11.9,,5.0
2/8/2015,1011.775,29.6,23.2,26.32083333,89.0,97.0,80.0,NE,3,N,19,4.6,,6.0
2/9/2015,1011.783333,31.6,26.0,28.4875,78.0,86.0,69.0,NE,6,NE,14,0.05,,4.0
2/10/2015,1011.616667,31.2,27.2,28.3875,80.0,88.0,73.0,NE,5,NNE,14,0.05,,3.0
2/11/2015,1011.525,31.8,25.1,28.80416667,80.0,86.0,73.0,NE,8,NNE,20,3.4,,3.0
2/12/2015,1011.325,31.4,24.6,28.4125,81.0,93.0,71.0,NNE,6,NE,17,13.1,,3.0
2/13/2015,1011.891667,30.8,25.9,27.70833333,84.0,98.0,76.0,NNE,3,NE,11,0.4,,6.0
2/14/2015,1010.945833,30.0,27.1,28.25,81.0,86.0,78.0,NE,5,NNE,15,0.0,,6.0
2/15/2015,1011.275,31.7,26.0,28.54583333,78.0,85.0,74.0,NNE,5,NNE,14,0.0,,4.0
2/16/2015,1012.579167,31.1,26.3,28.49166667,74.0,83.0,65.0,N,4,N,14,0.0,,2.0
2/17/2015,1012.520833,31.1,22.4,27.46666667,77.0,89.0,68.0,N,3,N,11,0.0,,4.0
2/18/2015,1012.183333,30.5,22.6,26.40416667,75.0,92.0,64.0,NNE,2,N,12,0.0,,5.0
2/19/2015,1011.254167,30.3,25.7,27.49583333,68.0,89.0,59.0,NNE,5,NNE,15,0.0,,3.0
2/20/2015,1010.879167,31.0,25.9,27.91666667,66.0,72.0,58.0,NE,7,NNE,17,0.0,,2.0
2/21/2015,1010.916667,31.0,25.1,28.19166667,67.0,79.0,58.0,NE,8,NE,17,0.0,,5.0
2/22/2015,1011.229167,31.2,27.0,28.37083333,74.0,84.0,65.0,NE,7,NE,16,0.05,,2.0
2/23/2015,1011.570833,32.0,27.0,28.70416667,75.0,81.0,67.0,NE,8,NNE,16,0.0,,2.0
2/24/2015,1010.595833,31.2,26.1,28.32083333,76.0,86.0,68.0,NE,5,NE,15,0.0,,2.0
2/25/2015,1009.808333,31.2,27.0,28.56666667,75.0,80.0,68.0,ENE,4,NE,13,0.0,,1.0
2/26/2015,1010.0,31.4,24.9,28.27916667,76.0,87.0,68.0,ESE,2,ESE,10,0.0,,2.0
2/27/2015,1010.716667,31.0,25.0,28.32083333,74.0,92.0,66.0,VRB,2,E,8,0.0,,5.0
2/28/2015,1010.579167,31.6,25.3,27.9,73.0,85.0,64.0,VRB,1,E,7,0.0,,3.0
3/1/2015,1010.883333,31.2,23.9,28.275,74.0,91.0,65.0,ESE,2,SE,9,0.0,,2.0
3/2/2015,1012.341667,32.5,24.8,28.09166667,74.0,91.0,64.0,VRB,1,NE,8,0.0,,2.0
3/3/2015,1012.2,31.9,25.4,28.1,77.0,90.0,65.0,VRB,1,NW,9,0.0,,3.0
3/4/2015,1011.504167,32.2,24.7,28.25833333,78.0,92.0,65.0,VRB,1,E,7,0.0,,3.0
3/5/2015,1011.508333,31.9,25.2,28.75416667,77.0,92.0,69.0,NE,3,ENE,8,0.0,,3.0
3/6/2015,1012.966667,31.9,26.0,28.64166667,79.0,90.0,69.0,VRB,1,NE,7,1.4,,3.0
3/7/2015,1012.458333,31.9,25.8,28.68333333,81.0,95.0,70.0,NE,3,NE,11,0.2,,4.0
3/8/2015,1012.941667,32.1,27.4,29.21666667,75.0,84.0,68.0,ENE,4,ENE,11,0.0,,2.0
3/9/2015,1013.816667,31.9,26.0,28.7875,73.0,84.0,66.0,E,2,ENE,10,0.0,,2.0
3/10/2015,1013.2375,31.7,25.1,28.52083333,73.0,88.0,63.0,NE,3,NE,11,0.0,,1.0
3/11/2015,1012.0875,31.9,27.1,29.00416667,72.0,83.0,65.0,NE,6,NE,13,0.05,,2.0
3/12/2015,1012.241667,32.3,24.1,28.67083333,74.0,88.0,63.0,NNE,4,NE,14,0.0,,2.0
3/13/2015,1012.6,32.9,25.5,29.075,78.0,93.0,67.0,VRB,2,S,10,2.6,,3.0
3/14/2015,1012.875,32.0,25.4,28.4125,81.0,97.0,71.0,W,3,NE,14,5.2,,5.0
3/15/2015,1012.270833,32.0,26.6,29.00416667,78.0,98.0,67.0,SSE,2,S,9,2.4,,2.0
3/16/2015,1013.183333,30.5,25.4,27.32083333,85.0,97.0,79.0,E,3,ENE,22,4.3,,6.0
3/17/2015,1012.0875,31.9,24.6,28.65833333,79.0,89.0,71.0,ESE,2,E,13,1.6,,2.0
3/18/2015,1012.008333,32.5,25.6,28.44166667,81.0,97.0,68.0,VRB,1,NW,7,0.0,,2.0
3/19/2015,1011.470833,32.9,27.2,29.39166667,76.0,89.0,68.0,VRB,2,NW,9,0.0,,3.0
3/20/2015,1011.995833,32.4,25.4,28.3375,83.0,98.0,74.0,NE,2,N,17,17.5,,5.0
3/21/2015,1012.625,31.9,25.1,29.23333333,76.0,85.0,69.0,NE,6,ENE,23,2.6,,3.0
3/22/2015,1012.216667,31.6,27.5,29.24166667,71.0,77.0,65.0,ENE,5,NE,15,0.0,,5.0
3/23/2015,1011.304167,31.9,24.6,28.525,74.0,91.0,65.0,NE,3,NE,12,0.0,,2.0
3/24/2015,1010.5,31.9,26.0,28.92083333,73.0,88.0,64.0,NE,4,NNE,12,0.0,,1.0
3/25/2015,1010.941667,31.9,25.2,28.58333333,74.0,88.0,64.0,ENE,2,NE,10,0.0,,2.0
3/26/2015,1011.795833,31.9,26.6,28.875,76.0,85.0,66.0,NNE,3,NE,10,0.0,,2.0
3/27/2015,1012.204167,32.2,27.5,29.22916667,77.0,87.0,67.0,NNE,4,NE,14,0.05,,3.0
3/28/2015,1010.504167,32.2,27.2,29.425,79.0,88.0,71.0,NE,5,NE,14,0.0,,6.0
3/29/2015,1009.870833,32.1,26.3,29.2,82.0,93.0,70.0,NE,4,NE,15,2.6,,4.0
3/30/2015,1010.1125,32.0,27.1,29.0125,82.0,93.0,73.0,ENE,4,NE,11,0.0,,6.0
3/31/2015,1010.425,32.2,27.1,29.44166667,80.0,89.0,69.0,NE,3,N,9,0.05,,5.0
4/1/2015,1010.520833,31.9,28.4,29.40416667,79.0,90.0,74.0,E,3,SE,13,0.0,,6.0
4/2/2015,1009.8625,32.2,26.5,29.55416667,78.0,91.0,70.0,VRB,2,SE,9,0.05,,4.0
4/3/2015,1008.741667,33.9,25.6,28.37916667,86.0,98.0,69.0,VRB,1,ENE,14,21.5,,5.0
4/4/2015,1007.391667,33.1,26.0,29.09583333,81.0,93.0,69.0,VRB,1,NW,7,0.0,,5.0
4/5/2015,1008.05,33.5,26.4,29.05416667,83.0,97.0,69.0,VRB,1,E,8,11.1,,4.0
4/6/2015,1008.670833,32.8,26.6,29.80416667,77.0,85.0,71.0,W,3,SW,13,2.62,,6.0
4/7/2015,1009.833333,30.2,24.5,26.9125,86.0,97.0,75.0,WNW,5,SSW,18,22.1,,7.0
4/8/2015,1010.0625,32.8,25.4,28.77916667,79.0,93.0,63.0,VRB,0,WNW,5,0.0,,5.0
4/9/2015,1010.116667,33.9,26.4,29.125,79.0,96.0,61.0,VRB,0,ESE,7,0.0,,4.0
4/10/2015,1011.058333,32.4,28.5,29.79166667,73.0,89.0,65.0,VRB,2,E,7,0.0,,1.0
4/11/2015,1011.579167,32.2,28.2,29.85833333,75.0,81.0,69.0,VRB,2,SE,8,0.0,,2.0
4/12/2015,1013.229167,33.1,26.0,29.68333333,73.0,85.0,64.0,S,2,S,8,0.0,,2.0
4/13/2015,1012.233333,33.3,27.2,29.7375,73.0,89.0,65.0,W,2,W,8,0.0,,1.0
4/14/2015,1010.8,33.3,28.0,29.99166667,71.0,78.0,64.0,W,2,W,8,0.0,,2.0
4/15/2015,1011.066667,33.6,25.7,30.0125,71.0,86.0,64.0,W,2,W,8,0.0,,1.0
4/16/2015,1012.383333,33.6,28.5,29.8875,72.0,89.0,62.0,W,2,W,9,0.0,,2.0
4/17/2015,1011.191667,33.9,27.9,30.32916667,74.0,83.0,67.0,W,7,WNW,22,0.05,,2.0
4/18/2015,1009.495833,34.0,25.0,29.9375,78.0,91.0,68.0,WNW,6,WNW,28,3.4,,6.0
4/19/2015,1009.735,31.8,28.4,28.99583333,80.0,85.0,73.0,W,6,W,21,0.0,,6.0
4/20/2015,1010.583333,33.4,28.3,30.17916667,76.0,83.0,68.0,W,4,W,12,0.0,,6.0
4/21/2015,1011.3,31.9,24.1,27.6875,84.0,97.0,74.0,WSW,5,SW,21,15.7,,7.0
4/22/2015,1010.7625,33.0,26.0,30.04166667,77.0,84.0,71.0,W,4,W,19,0.2,,6.0
4/23/2015,1011.308333,33.8,28.4,30.10833333,78.0,91.0,70.0,WNW,4,WNW,11,0.05,,3.0
4/24/2015,1011.525,33.4,26.0,29.8,78.0,87.0,69.0,W,5,W,23,1.2,,5.0
4/25/2015,1010.4875,33.8,27.1,30.12083333,76.0,96.0,65.0,WNW,4,W,14,4.2,,3.0
4/26/2015,1010.045833,33.2,27.9,29.92916667,75.0,83.0,67.0,SSW,3,SW,8,0.0,,2.0
4/27/2015,1010.983333,32.9,26.1,29.44166667,78.0,92.0,68.0,SW,3,SW,10,0.0,,2.0
4/28/2015,1011.166667,33.7,26.3,29.92083333,77.0,97.0,67.0,VRB,2,W,10,0.8,,4.0
4/29/2015,1011.375,33.9,24.1,28.8625,82.0,96.0,67.0,W,3,SW,22,32.3,,5.0
4/30/2015,1012.3875,32.0,26.4,28.62916667,81.0,93.0,72.0,WSW,3,SSW,18,0.3,,6.0
5/1/2015,1011.616667,33.2,28.3,29.82916667,77.0,87.0,68.0,SW,3,WSW,12,1.2,,4.0
5/2/2015,1011.258333,33.1,28.2,29.92916667,78.0,85.0,70.0,WSW,5,WSW,15,0.05,,5.0
5/3/2015,1010.441667,32.7,27.9,30.01666667,79.0,88.0,71.0,WSW,5,SW,14,0.6,,4.0
5/4/2015,1010.5375,32.8,26.9,29.27916667,82.0,90.0,72.0,SSW,5,SW,17,1.8,,5.0
5/5/2015,1009.525,32.6,27.5,29.53333333,79.0,88.0,72.0,SSW,5,SW,17,0.05,,5.0
5/6/2015,1009.591667,31.2,25.3,27.6875,85.0,96.0,74.0,SSW,5,SE,19,9.7,,6.0
5/7/2015,1010.525,32.8,25.4,28.49166667,82.0,95.0,70.0,W,5,W,25,13.8,,5.0
5/8/2015,1010.0375,32.6,27.8,29.85416667,78.0,90.0,72.0,WSW,6,WSW,17,1.9,,4.0
5/9/2015,1009.1375,32.2,25.4,28.58333333,84.0,97.0,71.0,WSW,10,WNW,39,26.3,,6.0
5/10/2015,1009.545833,30.2,24.4,27.425,89.0,97.0,78.0,W,11,W,27,51.3,,7.0
5/11/2015,1010.0125,32.0,25.6,28.90833333,83.0,94.0,76.0,W,11,W,38,13.3,,6.0
5/12/2015,1009.6875,32.3,27.1,30.13333333,80.0,88.0,75.0,W,10,W,22,1.0,,6.0
5/13/2015,1009.4,31.9,29.0,29.6875,79.0,89.0,75.0,W,7,WSW,19,0.05,,6.0
5/14/2015,1009.766667,32.9,28.4,30.13333333,78.0,83.0,71.0,W,7,W,15,0.0,,4.0
5/15/2015,1010.408333,33.2,28.8,30.15,75.0,83.0,68.0,W,5,W,14,0.0,,1.0
5/16/2015,1009.3875,32.9,26.6,29.78333333,81.0,91.0,73.0,SW,7,SW,23,2.8,,3.0
5/17/2015,1009.1,32.5,26.7,29.37916667,83.0,91.0,75.0,SW,9,WSW,25,2.0,,3.0
5/18/2015,1009.808333,32.1,28.5,29.8125,81.0,86.0,74.0,WSW,8,WSW,23,0.05,,5.0
5/19/2015,1010.4875,32.3,25.5,29.61666667,81.0,98.0,71.0,WSW,6,WSW,23,28.6,,6.0
5/20/2015,1011.6625,31.8,25.9,28.05833333,85.0,97.0,77.0,SSW,6,SW,21,3.4,,7.0
5/21/2015,1012.1125,32.7,28.4,29.7875,79.0,87.0,72.0,SW,5,SW,13,0.0,,3.0
5/22/2015,1011.658333,32.1,27.1,29.48333333,81.0,91.0,75.0,S,5,S,14,0.6,,4.0
5/23/2015,1011.675,32.4,27.2,29.62083333,79.0,89.0,71.0,SSW,6,S,19,2.4,,6.0
5/24/2015,1011.9625,32.8,27.9,29.68333333,79.0,89.0,69.0,SSW,5,SSW,18,0.0,,5.0
5/25/2015,1011.5,33.0,24.0,29.73333333,79.0,96.0,70.0,SSW,5,SSW,18,44.6,,5.0
5/26/2015,1012.391667,30.7,25.9,28.01666667,83.0,98.0,69.0,W,7,WSW,25,1.1,,7.0
5/27/2015,1010.4,33.1,27.6,29.60833333,80.0,86.0,73.0,W,5,W,17,3.2,,5.0
5/28/2015,1009.991667,32.0,26.2,29.3375,80.0,86.0,69.0,W,7,SW,19,3.9,,6.0
5/29/2015,1010.175,32.4,28.5,29.6125,80.0,94.0,71.0,W,8,W,22,0.0,,3.0
5/30/2015,1010.254167,33.1,27.2,30.0875,78.0,85.0,72.0,W,6,SW,21,1.0,,2.0
5/31/2015,1009.491667,32.5,26.3,29.47083333,79.0,90.0,69.0,SSW,7,SSW,28,0.5,,5.0
6/1/2015,1008.820833,31.6,26.5,29.55,78.0,92.0,70.0,SSW,8,SSW,21,1.9,,5.0
6/2/2015,1009.108333,32.9,27.6,29.60416667,80.0,88.0,74.0,SW,4,SSW,14,0.7,,5.0
6/3/2015,1008.425,32.9,25.2,28.72083333,84.0,98.0,71.0,SW,8,W,27,35.6,,6.0
6/4/2015,1008.979167,30.9,26.3,28.2875,81.0,91.0,77.0,W,11,WSW,28,4.5,,6.0
6/5/2015,1009.541667,33.2,26.9,29.075,79.0,90.0,68.0,W,4,W,25,0.0,,6.0
6/6/2015,1009.391667,32.3,28.3,29.61666667,79.0,86.0,73.0,SSW,3,SSW,9,0.0,,6.0
6/7/2015,1009.5375,33.2,28.4,29.92083333,76.0,83.0,69.0,SSW,5,SSW,13,0.0,,2.0
6/8/2015,1010.283333,32.4,26.2,29.6,76.0,88.0,68.0,SSW,4,S,12,0.0,,5.0
6/9/2015,1010.420833,32.0,26.0,29.23333333,79.0,93.0,70.0,VRB,1,SSE,9,0.0,,5.0
6/10/2015,1009.879167,32.2,25.8,28.675,79.0,93.0,66.0,VRB,1,E,7,0.0,,2.0
6/11/2015,1010.129167,32.9,25.7,28.77083333,78.0,92.0,64.0,VRB,2,S,9,0.0,,2.0
6/12/2015,1010.45,32.6,28.4,29.35416667,75.0,92.0,67.0,VRB,1,SW,7,0.0,,5.0
6/13/2015,1009.925,32.9,28.3,29.89166667,73.0,79.0,67.0,WSW,3,SW,9,0.0,,3.0
6/14/2015,1009.729167,32.5,28.2,29.51666667,74.0,80.0,67.0,SW,3,SSW,9,0.0,,3.0
6/15/2015,1009.595833,33.5,28.5,29.9625,73.0,78.0,66.0,WSW,4,SW,9,0.0,,1.0
6/16/2015,1009.5,33.0,27.8,29.84166667,72.0,80.0,64.0,SW,4,SW,11,0.0,,5.0
6/17/2015,1008.1125,32.6,28.4,29.82083333,74.0,81.0,67.0,S,4,S,13,0.0,,6.0
6/18/2015,1008.629167,32.7,25.2,29.49166667,78.0,92.0,68.0,SSW,5,S,25,2.1,,6.0
6/19/2015,1009.2,32.7,26.6,29.21666667,79.0,92.0,69.0,SSW,4,SW,12,1.8,,6.0
6/20/2015,1009.091667,33.1,24.9,28.96666667,81.0,95.0,69.0,S,2,SW,14,3.4,,5.0
6/21/2015,1009.758333,30.6,25.7,28.29166667,82.0,96.0,73.0,S,2,WNW,21,0.3,,6.0
6/22/2015,1010.016667,32.4,27.4,29.47083333,79.0,91.0,70.0,VRB,1,SE,12,0.0,,2.0
6/23/2015,1010.733333,32.1,28.5,30.0,77.0,85.0,71.0,E,3,E,8,0.0,,5.0
6/24/2015,1011.941667,32.8,28.6,30.1375,78.0,84.0,70.0,E,3,E,9,0.0,,4.0
6/25/2015,1011.4625,32.9,26.6,29.78333333,79.0,92.0,72.0,VRB,2,ESE,8,2.0,,3.0
6/26/2015,1011.275,32.2,25.5,29.55,81.0,98.0,75.0,SW,7,WSW,28,2.5,,6.0
6/27/2015,1012.191667,33.0,28.8,30.31666667,76.0,81.0,68.0,SW,6,WSW,16,0.4,,6.0
6/28/2015,1013.1875,33.1,26.1,28.99166667,81.0,98.0,69.0,SSW,6,SW,23,5.5,,7.0
6/29/2015,1013.3625,33.1,27.6,29.65416667,75.0,81.0,69.0,SSW,5,SW,13,0.05,,6.0
6/30/2015,1012.870833,32.8,26.8,29.7875,75.0,81.0,69.0,SW,5,SW,13,0.0,,3.0
7/1/2015,1012.9125,33.0,27.6,29.7875,74.0,85.0,66.0,SW,3,SW,9,0.0,,2.0
7/2/2015,1013.629167,33.2,27.4,29.85,77.0,88.0,68.0,SW,4,SW,14,4.7,,2.0
7/3/2015,1013.991667,32.2,26.8,28.4,83.0,91.0,76.0,W,6,W,25,20.3,,5.0
7/4/2015,1013.816667,32.5,26.6,29.54583333,78.0,88.0,70.0,W,6,W,22,4.2,,3.0
7/5/2015,1012.633333,32.8,25.7,29.47916667,78.0,87.0,70.0,W,7,W,23,1.0,,4.0
7/6/2015,1012.0375,31.0,25.3,27.58333333,84.0,95.0,71.0,WSW,8,SW,24,23.1,,6.0
7/7/2015,1010.983333,31.9,27.3,29.33333333,76.0,83.0,68.0,WSW,6,W,18,2.4,,6.0
7/8/2015,1011.995833,32.2,27.9,29.6375,76.0,82.0,71.0,SSW,5,SW,11,0.05,,4.0
7/9/2015,1012.258333,32.3,27.1,29.49166667,76.0,82.0,70.0,SSW,4,SSW,10,0.0,,4.0
7/10/2015,1011.295833,32.1,27.8,29.30416667,76.0,87.0,68.0,SSW,4,SSW,14,0.0,,2.0
7/11/2015,1010.983333,31.8,25.5,28.47916667,81.0,94.0,71.0,VRB,2,SSE,10,0.0,,6.0
7/12/2015,1010.7125,31.5,25.7,28.34583333,83.0,94.0,72.0,VRB,1,ENE,7,0.0,,6.0
7/13/2015,1010.695833,32.4,25.6,28.53333333,82.0,93.0,72.0,NW,3,WNW,22,11.8,,6.0
7/14/2015,1010.058333,33.8,25.4,29.07916667,83.0,93.0,70.0,WNW,5,W,26,13.2,,6.0
7/15/2015,1010.1875,29.8,24.5,26.9875,89.0,97.0,84.0,WNW,6,W,27,36.7,,7.0
7/16/2015,1009.458333,31.8,24.1,26.74583333,90.0,99.0,77.0,W,3,W,24,66.1,,7.0
7/17/2015,1009.6625,32.9,25.0,28.25416667,84.0,98.0,69.0,VRB,2,W,18,4.3,,7.0
7/18/2015,1010.158333,31.7,26.4,27.86666667,84.0,98.0,76.0,S,3,W,15,0.0,,7.0
7/19/2015,1010.479167,32.3,26.3,29.025,79.0,90.0,71.0,SSW,3,SSW,9,0.0,,5.0
7/20/2015,1009.866667,33.2,26.4,29.3625,77.0,92.0,66.0,VRB,1,WSW,7,0.0,,6.0
7/21/2015,1010.191667,32.3,24.1,28.99166667,79.0,89.0,71.0,SW,3,NW,23,21.8,,6.0
7/22/2015,1010.8,30.9,24.4,27.475,86.0,97.0,76.0,VRB,1,W,12,0.0,,7.0
7/23/2015,1011.429167,30.2,25.6,27.7125,86.0,94.0,78.0,NW,4,NW,23,10.4,,7.0
7/24/2015,1012.1625,33.5,24.8,29.12916667,82.0,97.0,71.0,VRB,2,N,9,5.9,,7.0
7/25/2015,1012.129167,31.9,25.0,27.5375,87.0,97.0,73.0,VRB,1,WNW,17,5.1,,7.0
7/26/2015,1011.925,31.1,26.2,28.6,81.0,97.0,72.0,VRB,1,E,8,0.0,,5.0
7/27/2015,1011.75,31.2,26.0,28.46666667,79.0,90.0,69.0,VRB,2,ENE,8,0.0,,6.0
7/28/2015,1012.520833,31.8,26.8,28.94583333,77.0,84.0,69.0,ENE,3,ENE,10,0.0,,5.0
7/29/2015,1012.2625,31.2,27.6,29.0375,74.0,82.0,70.0,SE,3,SE,11,0.0,,6.0
7/30/2015,1012.025,31.5,26.3,29.10833333,75.0,86.0,66.0,SE,2,SE,9,0.0,,2.0
7/31/2015,1011.933333,31.9,24.6,28.425,76.0,90.0,63.0,VRB,1,SE,7,0.0,,2.0
8/1/2015,1013.016667,32.9,25.4,28.01666667,78.0,92.0,62.0,VRB,0,S,5,0.0,,5.0
8/2/2015,1013.508333,32.8,27.4,29.35,73.0,90.0,62.0,VRB,2,SW,8,0.0,,2.0
8/3/2015,1012.866667,32.6,26.6,29.18333333,75.0,87.0,65.0,SSW,3,SW,13,0.0,,3.0
8/4/2015,1012.495833,31.9,26.7,29.2625,74.0,81.0,68.0,SSW,5,SSW,13,0.0,,6.0
8/5/2015,1012.025,32.4,26.6,28.75,78.0,86.0,67.0,SSW,4,SSW,15,3.7,,6.0
8/6/2015,1011.1625,32.1,24.9,28.75833333,79.0,92.0,71.0,SW,4,W,22,10.8,,5.0
8/7/2015,1011.195833,32.5,25.2,28.725,81.0,93.0,73.0,WSW,6,WSW,20,8.9,,6.0
8/8/2015,1011.841667,31.0,24.8,27.0875,85.0,97.0,75.0,W,10,W,24,13.1,,7.0
8/9/2015,1010.204167,31.9,25.1,28.99166667,78.0,93.0,69.0,W,7,W,22,2.4,,6.0
8/10/2015,1010.6125,30.8,24.1,26.16666667,90.0,99.0,83.0,W,6,W,24,119.8,,7.0
8/11/2015,1011.975,29.8,23.6,26.90416667,87.0,95.0,81.0,SSW,6,SW,24,6.5,,7.0
8/12/2015,1011.820833,31.7,24.8,27.63333333,79.0,97.0,67.0,W,7,NW,31,22.5,,7.0
8/13/2015,1011.216667,32.1,24.5,27.9125,84.0,98.0,73.0,W,8,WNW,28,58.7,,6.0
8/14/2015,1011.1,31.1,27.0,28.40833333,81.0,88.0,73.0,WSW,5,WSW,15,0.0,,6.0
8/15/2015,1011.6,32.9,27.6,29.27083333,79.0,87.0,72.0,WSW,3,WSW,9,0.0,,5.0
8/16/2015,1011.5875,32.9,25.7,29.57916667,77.0,90.0,69.0,W,3,WSW,16,1.4,,6.0
8/17/2015,1010.9625,31.8,24.8,27.1125,88.0,97.0,75.0,W,7,NW,25,17.5,,7.0
8/18/2015,1010.533333,30.0,26.4,27.97916667,81.0,93.0,74.0,NW,5,NW,14,0.5,,7.0
8/19/2015,1012.320833,32.0,26.2,28.65,82.0,94.0,73.0,WNW,5,W,16,1.7,,6.0
8/20/2015,1012.783333,32.5,25.2,28.70416667,81.0,93.0,70.0,WSW,3,WSW,17,2.2,,5.0
8/21/2015,1012.7625,32.0,27.5,28.77916667,79.0,88.0,72.0,W,4,WSW,11,0.0,,5.0
8/22/2015,1012.108333,31.4,24.6,27.89166667,84.0,95.0,71.0,VRB,1,N,15,45.4,,6.0
8/23/2015,1012.604167,31.8,26.0,27.8875,82.0,97.0,71.0,VRB,2,S,10,0.0,,5.0
8/24/2015,1012.6875,32.2,27.0,29.175,76.0,92.0,68.0,VRB,2,W,7,0.0,,4.0
8/25/2015,1011.920833,32.4,26.4,29.25,77.0,93.0,67.0,VRB,2,W,13,0.3,,4.0
8/26/2015,1010.945833,32.0,24.8,28.6,82.0,96.0,72.0,SW,3,SW,16,31.7,,5.0
8/27/2015,1011.8,30.0,24.6,26.06666667,90.0,97.0,82.0,W,4,W,21,10.9,,7.0
8/28/2015,1011.795833,31.0,26.4,28.3125,81.0,89.0,73.0,W,5,WSW,22,0.3,,6.0
8/29/2015,1011.3875,31.8,24.9,28.41666667,80.0,90.0,71.0,WSW,5,WSW,22,5.5,,6.0
8/30/2015,1011.866667,29.9,26.8,27.7375,83.0,92.0,78.0,W,5,SW,16,0.6,,7.0
8/31/2015,1012.1875,31.1,23.9,27.45,86.0,98.0,74.0,W,6,WSW,27,40.6,,7.0
9/1/2015,1011.658333,31.2,24.9,27.97916667,84.0,94.0,76.0,W,8,W,24,7.0,,7.0
9/2/2015,1010.4125,32.0,24.4,29.2,80.0,89.0,71.0,W,6,WNW,19,24.1,,6.0
9/3/2015,1011.595833,29.8,25.6,26.7375,91.0,97.0,80.0,W,3,W,16,13.4,,7.0
9/4/2015,1012.433333,32.2,26.1,28.55833333,81.0,93.0,71.0,VRB,2,NW,10,0.05,,6.0
9/5/2015,1013.158333,32.0,26.4,28.64166667,82.0,93.0,71.0,VRB,1,NE,9,0.0,,6.0
9/6/2015,1013.1,31.2,27.4,28.89583333,80.0,91.0,72.0,VRB,2,E,6,0.0,,6.0
9/7/2015,1013.116667,31.1,26.9,28.19166667,82.0,87.0,77.0,S,5,S,16,0.05,,6.0
9/8/2015,1012.454167,31.2,27.6,28.8875,78.0,87.0,71.0,S,5,SSE,13,0.0,,6.0
9/9/2015,1012.591667,31.2,27.9,29.06666667,76.0,82.0,72.0,SSE,4,SSE,12,0.0,,2.0
9/10/2015,1012.441667,31.2,26.9,28.95833333,75.0,82.0,67.0,SSE,4,S,13,0.0,,3.0
9/11/2015,1012.325,32.7,26.3,29.09583333,78.0,92.0,67.0,VRB,2,SSW,11,0.4,,6.0
9/12/2015,1012.183333,32.0,25.1,28.87916667,79.0,90.0,70.0,SW,3,SW,9,2.2,,4.0
9/13/2015,1013.0,32.8,24.9,28.9625,81.0,98.0,70.0,WNW,2,WNW,13,16.5,,4.0
9/14/2015,1013.095833,31.4,24.2,27.44583333,86.0,96.0,79.0,W,7,W,22,18.5,,6.0
9/15/2015,1012.533333,28.6,23.4,26.40416667,87.0,100.0,78.0,WSW,7,SSW,30,51.8,,7.0
9/16/2015,1010.4125,31.8,26.9,29.07916667,79.0,93.0,71.0,W,5,W,21,4.8,,5.0
9/17/2015,1010.275,32.4,24.6,27.825,86.0,99.0,76.0,W,6,WNW,32,60.8,,7.0
9/18/2015,1010.6875,30.3,25.1,27.27916667,87.0,95.0,77.0,W,9,W,31,27.2,,7.0
9/19/2015,1010.845833,31.5,24.9,27.89166667,84.0,95.0,74.0,W,8,WNW,31,7.8,,7.0
9/20/2015,1010.229167,31.2,25.0,28.28333333,82.0,93.0,74.0,W,9,W,34,7.2,,7.0
9/21/2015,1010.145833,29.8,25.6,27.4375,90.0,98.0,82.0,W,4,WNW,22,11.3,,7.0
9/22/2015,1010.55,30.9,26.2,28.3625,86.0,94.0,80.0,W,6,W,23,7.1,,6.0
9/23/2015,1011.808333,32.5,24.5,28.7625,83.0,97.0,73.0,WNW,6,W,23,32.2,,6.0
9/24/2015,1011.4875,30.6,24.5,28.31666667,82.0,94.0,74.0,W,8,W,22,9.6,,4.0
9/25/2015,1010.8875,30.2,25.1,27.56666667,87.0,97.0,78.0,WNW,5,NW,23,0.05,,7.0
9/26/2015,1010.6,31.2,26.1,28.43333333,86.0,95.0,78.0,WNW,5,WNW,24,9.3,,6.0
9/27/2015,1010.408333,32.1,27.6,29.42916667,80.0,87.0,73.0,WNW,5,WNW,13,0.05,,4.0
9/28/2015,1009.758333,32.3,26.4,29.1375,80.0,89.0,72.0,W,5,W,22,6.8,,4.0
9/29/2015,1009.633333,31.2,25.1,27.95,83.0,95.0,74.0,WSW,5,WSW,22,3.8,,6.0
9/30/2015,1010.520833,31.2,26.8,28.75,80.0,86.0,72.0,WSW,5,WSW,15,0.3,,7.0
10/1/2015,1011.4125,31.5,26.7,28.71666667,81.0,91.0,74.0,SW,3,SSW,19,2.0,,5.0
10/2/2015,1012.8375,31.4,26.8,29.1625,79.0,84.0,74.0,S,4,SSE,12,0.0,,3.0
10/3/2015,1013.829167,31.2,25.1,28.40833333,77.0,89.0,66.0,S,3,S,13,0.0,,2.0
10/4/2015,1014.195833,32.0,27.1,29.05416667,75.0,89.0,67.0,WSW,3,SW,19,0.0,,3.0
10/5/2015,1012.679167,32.4,27.4,29.61666667,75.0,85.0,67.0,W,3,WSW,9,0.0,,4.0
10/6/2015,1011.4625,32.2,26.1,29.1625,76.0,90.0,67.0,SW,3,WSW,9,0.0,,4.0
10/7/2015,1011.591667,31.7,27.6,29.1125,76.0,85.0,68.0,S,3,S,9,0.0,,2.0
10/8/2015,1012.341667,32.1,24.6,28.32083333,80.0,95.0,69.0,SSW,5,W,22,5.0,,5.0
10/9/2015,1011.591667,31.4,27.6,29.15,76.0,92.0,68.0,S,4,S,13,0.0,,6.0
10/10/2015,1012.208333,32.0,25.2,28.47916667,81.0,98.0,66.0,VRB,2,NW,13,17.0,,6.0
10/11/2015,1012.3875,31.8,24.5,29.00833333,79.0,92.0,71.0,VRB,2,E,8,52.3,,5.0
10/12/2015,1012.9,30.1,25.4,27.17916667,87.0,97.0,79.0,SW,3,SSW,12,1.0,,7.0
10/13/2015,1012.0375,31.5,24.5,27.61666667,87.0,98.0,73.0,SW,5,SW,17,64.1,,6.0
10/14/2015,1011.983333,30.8,24.2,27.22083333,87.0,98.0,74.0,W,7,W,24,54.7,,7.0
10/15/2015,1011.108333,30.8,25.2,27.4875,86.0,97.0,75.0,VRB,2,S,14,0.05,,7.0
10/16/2015,1011.520833,31.1,25.5,28.125,84.0,97.0,73.0,VRB,1,SSE,8,0.05,,2.0
10/17/2015,1011.775,32.1,25.0,28.85416667,79.0,97.0,69.0,VRB,1,WSW,14,31.1,,3.0
10/18/2015,1012.5875,31.0,24.8,27.65416667,86.0,95.0,76.0,VRB,3,WSW,19,9.9,,6.0
10/19/2015,1011.895833,32.7,24.4,28.59583333,83.0,99.0,71.0,W,6,NW,22,34.4,,7.0
10/20/2015,1010.095833,31.4,26.4,28.29583333,84.0,95.0,75.0,W,5,WNW,17,0.8,,7.0
10/21/2015,1010.254167,29.2,24.6,26.82083333,89.0,99.0,84.0,WSW,5,SW,20,53.8,,6.0
10/22/2015,1010.920833,31.2,24.1,26.5,91.0,98.0,77.0,W,8,W,30,70.0,,7.0
10/23/2015,1010.829167,28.5,26.4,27.2,86.0,94.0,82.0,WSW,8,WSW,21,0.2,,7.0
10/24/2015,1011.1875,29.8,24.1,27.10833333,86.0,97.0,81.0,SSW,9,S,32,16.4,,7.0
10/25/2015,1010.479167,32.0,24.3,28.53333333,82.0,97.0,74.0,SSW,7,WSW,23,22.1,,7.0
10/26/2015,1011.7,29.7,24.8,26.54166667,90.0,97.0,81.0,W,3,WSW,20,10.1,,6.0
10/27/2015,1011.379167,31.4,24.6,28.29166667,82.0,96.0,75.0,VRB,4,WSW,30,7.1,,7.0
10/28/2015,1011.1375,32.1,26.5,28.3625,80.0,88.0,69.0,WNW,4,W,18,4.9,,7.0
10/29/2015,1010.5375,31.8,25.1,28.5625,81.0,94.0,71.0,VRB,1,NW,7,0.0,,5.0
10/30/2015,1010.345833,32.1,27.0,29.00416667,80.0,95.0,73.0,VRB,2,NNW,8,0.0,,3.0
10/31/2015,1011.129167,31.2,24.8,27.71666667,85.0,97.0,75.0,NW,3,SW,20,4.5,,7.0
11/1/2015,1011.570833,29.5,24.4,27.18333333,86.0,97.0,76.0,SSW,4,ESE,15,14.1,,7.0
11/2/2015,1011.7125,31.0,25.3,27.48333333,86.0,97.0,71.0,SSE,3,S,20,3.4,,7.0
11/3/2015,1011.6,30.8,25.1,27.97916667,86.0,97.0,78.0,VRB,1,ESE,9,0.0,,6.0
11/4/2015,1011.85,29.9,26.0,27.55,85.0,98.0,75.0,VRB,2,E,11,0.0,,6.0
11/5/2015,1011.1875,31.2,24.6,27.94166667,85.0,98.0,71.0,VRB,2,E,17,17.3,,5.0
11/6/2015,1010.75,30.2,25.3,27.99166667,84.0,96.0,78.0,WNW,3,WNW,15,3.8,,6.0
11/7/2015,1011.65,29.2,24.7,26.24583333,90.0,98.0,82.0,W,10,W,27,14.6,,7.0
11/8/2015,1011.429167,31.9,25.1,28.19583333,83.0,94.0,74.0,W,7,W,25,12.1,,7.0
11/9/2015,1011.070833,28.8,24.8,26.94166667,87.0,98.0,81.0,WSW,7,W,24,8.8,,7.0
11/10/2015,1009.933333,31.5,25.4,28.12083333,84.0,95.0,77.0,WSW,5,WSW,22,16.8,,7.0
11/11/2015,1010.470833,30.7,23.7,26.975,88.0,99.0,76.0,WSW,9,WSW,32,84.5,,7.0
11/12/2015,1012.329167,29.1,24.9,26.65833333,85.0,95.0,74.0,WSW,10,WSW,24,6.7,,7.0
11/13/2015,1012.15,33.0,24.5,27.4375,86.0,95.0,73.0,W,4,W,20,23.5,,7.0
11/14/2015,1010.033333,31.3,27.9,28.775,82.0,96.0,75.0,WSW,5,WSW,13,0.0,,6.0
11/15/2015,1009.333333,31.9,24.3,28.6375,83.0,98.0,76.0,WSW,5,SSW,20,22.0,,6.0
11/16/2015,1009.558333,31.9,27.0,28.53333333,83.0,92.0,74.0,SW,5,SW,15,4.7,,5.0
11/17/2015,1009.379167,31.9,25.0,28.85416667,81.0,93.0,73.0,WSW,4,WSW,14,4.3,,5.0
11/18/2015,1009.841667,31.7,26.2,28.35,84.0,93.0,74.0,SW,8,SW,21,2.2,,7.0
11/19/2015,1009.254167,31.6,27.4,29.25833333,80.0,89.0,74.0,W,6,SW,24,0.9,,6.0
11/20/2015,1008.9625,32.9,25.3,28.8625,83.0,97.0,70.0,VRB,1,NNE,10,1.0,,5.0
11/21/2015,1008.379167,31.5,27.2,28.7125,81.0,97.0,76.0,NE,3,NE,10,0.05,,2.0
11/22/2015,1008.8375,31.4,27.0,29.175,79.0,90.0,73.0,E,3,NE,10,0.0,,3.0
11/23/2015,1010.041667,31.9,25.4,29.075,79.0,91.0,71.0,VRB,2,SSE,15,8.2,,4.0
11/24/2015,1009.983333,31.5,24.8,28.48333333,84.0,97.0,75.0,E,5,SE,28,28.4,,4.0
11/25/2015,1010.533333,30.8,25.5,28.36666667,82.0,98.0,75.0,SSW,6,S,17,0.5,,4.0
11/26/2015,1010.791667,31.5,24.9,27.49166667,85.0,97.0,71.0,WSW,3,S,21,4.7,,6.0
11/27/2015,1010.745833,29.9,26.1,27.525,85.0,95.0,76.0,W,6,WSW,20,4.5,,7.0
11/28/2015,1011.341667,32.2,25.4,29.05833333,80.0,85.0,76.0,WNW,7,NW,23,3.1,,6.0
11/29/2015,1012.408333,31.1,25.1,27.59583333,87.0,95.0,82.0,VRB,3,W,21,11.5,,6.0
11/30/2015,1011.9625,30.8,27.2,28.04166667,85.0,93.0,79.0,W,7,W,17,0.3,,5.0
12/1/2015,1011.641667,32.9,25.6,28.55,83.0,97.0,70.0,SW,6,SW,22,7.6,,7.0
12/2/2015,1011.541667,30.9,25.6,28.2625,84.0,94.0,77.0,W,9,W,25,10.7,,6.0
12/3/2015,1011.145833,30.8,26.4,28.77916667,83.0,88.0,78.0,W,10,W,23,0.6,,6.0
12/4/2015,1009.945833,31.8,25.7,28.44583333,85.0,93.0,73.0,W,10,WNW,28,5.3,,5.0
12/5/2015,1009.591667,32.1,26.1,28.2625,86.0,94.0,79.0,WNW,7,WNW,22,3.5,,7.0
12/6/2015,1009.754167,31.3,25.0,28.7,84.0,92.0,78.0,W,8,WNW,25,9.7,,6.0
12/7/2015,1010.633333,31.8,27.2,28.69583333,84.0,98.0,77.0,W,8,WNW,29,0.7,,6.0
12/8/2015,1010.920833,32.4,27.9,29.57916667,82.0,88.0,75.0,NW,7,WNW,18,0.0,,3.0
12/9/2015,1011.395833,32.8,27.2,29.39583333,81.0,89.0,73.0,W,2,W,15,0.1,,4.0
12/10/2015,1011.516667,33.0,26.0,29.54583333,79.0,89.0,71.0,W,3,W,10,6.3,,2.0
12/11/2015,1010.670833,31.3,25.8,27.9375,87.0,97.0,76.0,VRB,1,NW,14,6.4,,4.0
12/12/2015,1010.379167,32.2,27.2,29.15833333,79.0,99.0,73.0,W,4,W,11,0.0,,2.0
12/13/2015,1011.0875,32.8,25.6,29.2125,76.0,90.0,67.0,VRB,2,WNW,7,0.0,,3.0
12/14/2015,1011.358333,32.2,26.9,28.71666667,80.0,92.0,71.0,VRB,1,NW,6,0.0,,5.0
12/15/2015,1011.529167,32.2,27.9,29.19166667,79.0,90.0,71.0,VRB,2,NW,10,0.0,,3.0
12/16/2015,1011.325,32.8,27.0,29.47083333,77.0,86.0,69.0,NW,4,NW,12,0.0,,4.0
12/17/2015,1011.633333,32.2,23.5,27.4125,87.0,100.0,72.0,VRB,2,WNW,23,93.5,,5.0
12/18/2015,1012.245833,30.8,27.2,27.85416667,81.0,95.0,73.0,WNW,4,W,14,0.05,,6.0
12/19/2015,1013.291667,32.2,27.5,29.08333333,79.0,87.0,70.0,VRB,3,WNW,13,0.0,,4.0
12/20/2015,1013.166667,31.5,24.8,28.25416667,82.0,95.0,72.0,VRB,2,NE,9,0.0,,4.0
12/21/2015,1012.854167,31.8,26.4,28.6375,77.0,95.0,68.0,VRB,2,NNE,13,0.3,,3.0
12/22/2015,1013.329167,31.2,26.0,28.81666667,79.0,88.0,72.0,ENE,6,NE,18,2.4,,6.0
12/23/2015,1013.2375,32.1,23.8,28.525,78.0,100.0,68.0,NNE,6,NNE,18,50.4,,6.0
12/24/2015,1012.904167,31.1,26.5,27.97083333,79.0,98.0,70.0,NNE,4,SSW,15,0.0,,5.0
12/25/2015,1011.858333,31.8,27.6,28.875,71.0,79.0,64.0,NNE,6,NE,16,0.0,,2.0
12/26/2015,1011.916667,32.0,27.6,28.96666667,73.0,80.0,65.0,NE,7,NE,15,0.0,,2.0
12/27/2015,1012.370833,31.3,27.1,29.14583333,78.0,91.0,71.0,ENE,6,ENE,16,0.05,,3.0
12/28/2015,1013.1,32.0,26.8,28.8875,84.0,91.0,74.0,ENE,6,ENE,23,18.4,,5.0
12/29/2015,1012.266667,31.6,27.6,29.10416667,82.0,89.0,77.0,ENE,5,E,13,0.0,,5.0
12/30/2015,1011.2,31.8,26.6,28.99583333,83.0,97.0,74.0,ENE,5,NE,18,9.5,,3.0
12/31/2015,1011.6875,31.8,26.5,29.09166667,82.0,88.0,76.0,ENE,6,E,22,5.1,,4.0
1/1/2016,1013.0,31.2,26.6,28.80833333,83.0,91.0,75.0,ENE,8,E,22,3.4,,4.0
1/2/2016,1013.8,31.5,25.9,28.42083333,83.0,94.0,72.0,NE,7,NE,21,17.0,,6.0
1/3/2016,1012.6,31.3,25.4,28.54166667,84.0,99.0,77.0,NE,9,ENE,25,15.2,,6.0
1/4/2016,1013.1,31.1,27.6,29.1375,81.0,88.0,74.0,NE,9,ENE,18,0.0,,5.0
1/5/2016,1012.2,32.1,25.7,28.675,84.0,96.0,78.0,NE,7,NE,18,13.3,,6.0
1/6/2016,1012.0,31.3,25.4,28.49583333,84.0,97.0,75.0,ENE,7,NE,23,8.7,,6.0
1/7/2016,1013.3,30.3,26.1,28.01666667,85.0,94.0,78.0,ENE,5,ENE,19,1.1,,5.0
1/8/2016,1012.9,31.2,25.1,27.9,86.0,96.0,77.0,ENE,7,E,22,10.7,,6.0
1/9/2016,1011.9,31.0,24.6,28.01666667,85.0,97.0,76.0,NE,6,NE,21,22.2,,7.0
1/10/2016,1012.4,31.1,26.9,27.96666667,86.0,99.0,78.0,E,5,E,23,0.3,,6.0
1/11/2016,1012.2,31.0,24.8,27.95,86.0,95.0,78.0,NE,8,ENE,23,44.5,,6.0
1/12/2016,1012.6,28.8,24.7,26.05833333,89.0,97.0,83.0,VRB,4,W,23,3.3,,7.0
1/13/2016,1011.6,31.0,27.5,28.425,81.0,86.0,72.0,NE,4,NE,13,0.05,,6.0
1/14/2016,1011.1,31.4,27.6,28.87083333,77.0,85.0,66.0,NE,8,NE,15,0.0,,4.0
1/15/2016,1010.9,31.2,27.1,28.65416667,73.0,80.0,66.0,NE,8,NE,17,0.0,,4.0
1/16/2016,1011.2,31.1,26.3,28.32916667,75.0,83.0,67.0,NE,6,NE,15,0.0,,2.0
1/17/2016,1010.4,30.9,26.1,28.35833333,76.0,84.0,69.0,NE,5,NE,14,0.0,,4.0
1/18/2016,1010.2,31.0,27.4,28.70833333,75.0,81.0,69.0,ENE,5,NE,11,0.0,,2.0
1/19/2016,1010.1,31.2,27.6,28.97916667,76.0,82.0,70.0,ENE,5,NE,12,0.0,,3.0
1/20/2016,1010.9,31.1,26.6,29.025,78.0,88.0,70.0,NE,5,NE,14,0.0,,3.0
1/21/2016,1011.4,31.6,27.5,29.00833333,78.0,88.0,70.0,NE,5,NE,14,0.0,,6.0
1/22/2016,1011.8,31.7,27.9,29.275,79.0,85.0,73.0,NE,8,NE,18,0.0,,5.0
1/23/2016,1011.8,31.5,28.4,29.3625,79.0,85.0,72.0,ENE,6,ENE,15,0.0,,2.0
1/24/2016,1012.1,31.7,26.5,28.9375,83.0,92.0,75.0,NE,7,NNE,19,1.9,,4.0
1/25/2016,1011.7,32.0,24.6,28.2875,87.0,99.0,78.0,E,5,ENE,19,47.5,,5.0
1/26/2016,1012.6,29.2,23.6,25.90833333,92.0,98.0,86.0,VRB,2,ENE,23,41.5,,7.0
1/27/2016,1012.2,31.0,27.7,28.26666667,84.0,95.0,75.0,NE,3,NE,13,0.05,,7.0
1/28/2016,1012.5,31.3,27.4,28.98333333,78.0,82.0,71.0,NE,7,NE,17,0.0,,6.0
1/29/2016,1012.6,32.0,27.2,29.03333333,71.0,81.0,61.0,NNE,7,NNE,18,0.0,,3.0
1/30/2016,1012.0,31.9,27.2,28.98333333,69.0,75.0,63.0,NE,9,NE,22,0.0,,4.0
1/31/2016,1011.4,31.2,27.6,28.925,69.0,79.0,62.0,NE,7,NE,18,0.0,,2.0
2/1/2016,1011.6,31.7,26.6,29.27083333,79.0,87.0,72.0,ENE,5,ENE,13,0.05,,4.0
2/2/2016,1012.3,29.9,25.0,26.75833333,85.0,95.0,78.0,NNE,6,NE,20,5.8,,6.0
2/3/2016,1011.5,31.7,27.0,28.6875,74.0,84.0,69.0,NNE,8,NNE,19,0.0,,6.0
2/4/2016,1012.0,31.5,26.2,28.5625,64.0,72.0,58.0,NNE,8,NE,23,0.0,,5.0
2/5/2016,1011.5,31.3,26.6,28.48333333,69.0,81.0,60.0,NE,5,NNE,13,0.0,,6.0
2/6/2016,1011.4,32.0,25.6,28.36666667,77.0,89.0,69.0,NE,3,NE,11,0.0,,3.0
2/7/2016,1011.9,31.9,26.6,28.73333333,78.0,90.0,69.0,NNE,4,NNE,13,0.0,,6.0
2/8/2016,1011.8,31.8,26.3,29.00833333,76.0,85.0,70.0,NE,5,NE,11,0.0,,5.0
2/9/2016,1011.9,31.8,26.6,28.69166667,79.0,89.0,71.0,NNE,3,NE,11,0.0,,6.0
2/10/2016,1011.7,32.2,26.4,28.97916667,79.0,87.0,69.0,NNE,3,NNE,12,0.0,,5.0
2/11/2016,1011.3,32.1,26.2,29.10416667,77.0,87.0,69.0,NNE,4,N,15,0.0,,4.0
2/12/2016,1011.2,31.9,27.0,29.025,79.0,90.0,72.0,N,3,N,12,0.0,,2.0
2/13/2016,1011.2,32.2,25.6,29.19166667,76.0,82.0,70.0,NNE,4,NE,9,0.0,,4.0
2/14/2016,1011.4,31.9,27.1,29.09583333,77.0,93.0,70.0,N,4,N,14,0.0,,4.0
2/15/2016,1011.9,32.1,26.9,29.21666667,75.0,83.0,66.0,NNE,5,NNE,16,0.0,,2.0
2/16/2016,1011.3,32.0,27.5,29.31666667,77.0,85.0,69.0,NNE,6,NE,15,0.05,,2.0
2/17/2016,1010.5,32.2,25.2,29.56666667,75.0,85.0,68.0,NNE,7,NNE,18,15.7,,6.0
2/18/2016,1011.2,30.1,25.6,27.87083333,86.0,98.0,77.0,ENE,6,ENE,20,4.5,,7.0
2/19/2016,1012.0,30.8,24.9,28.4125,84.0,95.0,79.0,E,7,E,22,9.6,,6.0
2/20/2016,1012.7,31.0,24.9,27.95,86.0,96.0,77.0,SSE,3,S,23,10.3,,6.0
2/21/2016,1012.8,30.9,25.4,28.275,84.0,97.0,74.0,ENE,2,ENE,8,0.2,,5.0
2/22/2016,1013.0,31.4,28.3,28.94166667,81.0,97.0,72.0,NE,4,NE,11,0.0,,4.0
2/23/2016,1012.0,32.0,26.1,29.35416667,80.0,96.0,71.0,E,3,E,12,3.3,,3.0
2/24/2016,1011.3,30.8,25.4,27.45416667,89.0,98.0,83.0,VRB,3,NE,17,34.1,,6.0
2/25/2016,1011.8,28.9,25.6,26.90416667,90.0,97.0,81.0,NE,5,NE,17,13.6,,7.0
2/26/2016,1012.4,30.3,24.4,26.87916667,89.0,98.0,82.0,ENE,4,NE,26,54.0,,6.0
2/27/2016,1012.8,30.9,24.9,28.425,83.0,92.0,73.0,E,6,E,24,0.1,,6.0
2/28/2016,1014.1,31.2,24.3,28.00416667,86.0,98.0,76.0,ENE,4,NE,23,27.1,,6.0
2/29/2016,1013.1,31.8,26.0,29.15,81.0,97.0,73.0,ENE,6,E,21,23.0,,4.0
3/1/2016,1011.6,32.1,27.9,29.45,80.0,90.0,76.0,ENE,6,ENE,16,1.9,,3.0
3/2/2016,1011.5,32.0,27.6,29.6875,79.0,84.0,73.0,NE,7,NE,16,0.05,,4.0
3/3/2016,1012.5,30.4,26.2,28.15416667,83.0,91.0,76.0,NE,7,NE,20,2.2,,7.0
3/4/2016,1011.5,32.1,28.2,29.7375,79.0,84.0,74.0,ENE,6,ENE,14,0.0,,5.0
3/5/2016,1010.9,32.1,27.7,29.4875,79.0,86.0,72.0,NE,5,NE,14,0.0,,2.0
3/6/2016,1010.1,32.2,27.5,29.60416667,77.0,83.0,70.0,NE,5,NE,13,0.0,,2.0
3/7/2016,1010.3,32.7,26.6,29.40833333,78.0,87.0,70.0,NNE,4,NE,13,0.0,,2.0
3/8/2016,1010.3,32.0,27.4,29.01666667,80.0,90.0,72.0,VRB,2,NNE,10,0.0,,2.0
3/9/2016,1010.5,32.2,28.9,29.79583333,77.0,84.0,72.0,ENE,6,NE,13,0.0,,3.0
3/10/2016,1011.2,32.1,28.9,30.075,79.0,86.0,72.0,ENE,6,ENE,14,0.05,,3.0
3/11/2016,1011.9,32.9,26.3,30.04583333,80.0,85.0,75.0,NE,4,ENE,11,3.9,,5.0
3/12/2016,1012.5,31.1,26.4,28.51666667,83.0,93.0,73.0,VRB,3,S,16,0.1,,6.0
3/13/2016,1012.3,32.5,26.5,29.25833333,82.0,96.0,73.0,VRB,1,N,9,1.3,,4.0
3/14/2016,1011.9,32.4,26.1,29.09583333,82.0,97.0,71.0,VRB,2,NE,10,0.0,,2.0
3/15/2016,1012.0,33.4,27.5,29.94166667,79.0,94.0,71.0,WNW,2,W,9,0.2,,4.0
3/16/2016,1011.3,32.9,27.0,29.9125,77.0,88.0,69.0,VRB,1,N,8,0.0,,4.0
3/17/2016,1011.0,33.4,28.6,30.04583333,78.0,90.0,72.0,NNE,3,NE,11,0.05,,3.0
3/18/2016,1011.0,32.8,26.8,29.70833333,75.0,84.0,65.0,NNE,5,NNE,14,0.0,,2.0
3/19/2016,1012.1,33.1,27.1,29.94166667,76.0,88.0,69.0,VRB,2,NW,8,0.0,,4.0
3/20/2016,1011.7,32.8,26.5,29.62916667,78.0,87.0,70.0,VRB,2,NNW,10,0.0,,3.0
3/21/2016,1011.4,33.5,26.0,29.37916667,78.0,89.0,67.0,VRB,1,WNW,9,0.0,,3.0
3/22/2016,1010.7,33.9,26.8,30.1625,72.0,84.0,64.0,VRB,2,W,7,0.0,,2.0
3/23/2016,1011.1,32.9,24.8,28.74166667,74.0,88.0,60.0,VRB,1,SW,7,0.0,,1.0
3/24/2016,1012.3,33.2,25.7,29.30416667,74.0,89.0,61.0,VRB,1,W,6,0.0,,1.0
3/25/2016,1012.9,32.9,25.9,29.46666667,75.0,89.0,65.0,VRB,2,WNW,8,0.0,,1.0
3/26/2016,1012.9,32.2,24.8,28.72083333,74.0,89.0,61.0,VRB,2,NW,8,0.0,,1.0
3/27/2016,1012.4,32.4,25.0,28.4625,75.0,89.0,62.0,VRB,1,NW,8,0.0,,1.0
3/28/2016,1011.8,32.7,26.1,29.12916667,76.0,91.0,65.0,VRB,1,NNE,8,0.0,,2.0
3/29/2016,1011.6,32.9,26.4,29.425,81.0,93.0,69.0,VRB,2,NNE,17,4.4,,3.0
3/30/2016,1012.0,32.9,29.0,29.86666667,79.0,97.0,72.0,VRB,2,E,9,3.4,,2.0
3/31/2016,1010.7,33.0,25.9,29.8375,79.0,92.0,72.0,E,3,E,14,8.8,,3.0
4/1/2016,1009.8,32.8,27.4,29.68333333,79.0,98.0,67.0,VRB,2,WNW,14,3.2,,3.0
4/2/2016,1010.6,32.8,26.6,30.05416667,79.0,90.0,71.0,VRB,2,NNE,10,13.1,,2.0
4/3/2016,1011.9,33.0,27.2,29.31666667,83.0,93.0,71.0,VRB,1,NNE,13,11.2,,3.0
4/4/2016,1010.9,33.7,24.5,29.64583333,82.0,99.0,65.0,VRB,3,N,19,44.8,,5.0
4/5/2016,1011.0,32.7,25.6,28.25833333,86.0,93.0,79.0,SW,4,SW,23,9.8,,7.0
4/6/2016,1010.6,33.5,28.5,30.45,75.0,83.0,67.0,W,4,W,13,0.0,,4.0
4/7/2016,1010.1,33.8,27.3,30.11666667,78.0,90.0,68.0,VRB,1,WNW,8,0.0,,4.0
4/8/2016,1009.7,32.6,28.7,30.1875,76.0,88.0,69.0,S,3,SSE,15,0.0,,3.0
4/9/2016,1011.2,32.8,25.1,28.71666667,84.0,97.0,75.0,VRB,3,SSW,12,32.5,,6.0
4/10/2016,1012.0,32.2,25.7,29.4125,83.0,89.0,76.0,WSW,4,WSW,19,16.0,,6.0
4/11/2016,1011.5,33.8,28.7,30.775,78.0,85.0,71.0,WSW,4,WSW,13,0.1,,4.0
4/12/2016,1010.6,33.6,29.1,30.225,80.0,84.0,74.0,SW,5,SW,17,0.05,,5.0
4/13/2016,1008.5,33.8,29.1,30.7125,78.0,85.0,72.0,WSW,4,WSW,13,0.1,,3.0
4/14/2016,1008.8,34.5,28.9,30.61666667,79.0,86.0,65.0,VRB,2,S,10,0.05,,5.0
4/15/2016,1009.9,33.6,27.5,30.00416667,81.0,90.0,72.0,S,5,S,22,3.0,,4.0
4/16/2016,1009.9,32.5,24.3,28.35833333,85.0,100.0,75.0,S,6,WSW,23,27.8,,7.0
4/17/2016,1009.4,31.8,27.8,29.50416667,80.0,91.0,71.0,SSW,5,SSW,17,0.0,,6.0
4/18/2016,1009.3,33.8,26.1,29.41666667,82.0,96.0,70.0,SW,3,W,18,34.4,,7.0
4/19/2016,1009.7,33.5,27.4,30.37083333,78.0,94.0,69.0,SW,2,WSW,13,0.05,,5.0
4/20/2016,1011.2,33.5,25.3,28.77916667,85.0,98.0,72.0,SW,4,WSW,16,42.4,,7.0
4/21/2016,1011.4,32.5,25.5,28.61666667,84.0,92.0,73.0,WSW,6,SSW,23,10.7,,7.0
4/22/2016,1011.2,32.9,25.6,28.28333333,85.0,96.0,76.0,W,9,W,26,37.3,,7.0
4/23/2016,1009.5,32.8,28.8,29.81666667,79.0,84.0,74.0,SW,6,SW,15,0.0,,6.0
4/24/2016,1008.3,33.0,29.2,30.24166667,79.0,85.0,73.0,SW,6,WSW,15,0.0,,3.0
4/25/2016,1008.9,32.9,26.2,29.71666667,82.0,98.0,74.0,SW,5,W,26,21.9,,4.0
4/26/2016,1009.6,33.5,27.4,30.22083333,81.0,91.0,73.0,WSW,4,W,13,2.0,,5.0
4/27/2016,1009.0,33.8,28.5,30.46666667,79.0,85.0,71.0,W,3,W,9,0.0,,3.0
4/28/2016,1008.8,33.9,26.5,30.24583333,79.0,92.0,66.0,VRB,1,WSW,7,0.0,,2.0
4/29/2016,1009.3,33.2,27.7,29.62083333,80.0,92.0,66.0,VRB,1,ESE,8,0.0,,2.0
4/30/2016,1009.7,32.8,26.3,29.03333333,84.0,95.0,74.0,VRB,2,NW,14,7.3,,3.0
5/1/2016,1009.4,32.4,25.7,29.0375,83.0,98.0,72.0,VRB,1,SE,8,30.8,,3.0
5/2/2016,1009.7,33.2,27.3,29.72083333,80.0,98.0,68.0,VRB,2,SSE,13,0.0,,2.0
5/3/2016,1009.6,33.5,25.8,29.39166667,83.0,97.0,72.0,S,3,W,15,47.1,,5.0
5/4/2016,1009.6,31.9,26.7,29.2125,83.0,94.0,73.0,SSW,6,SSW,19,9.5,,6.0
5/5/2016,1010.1,30.9,25.3,27.87916667,84.0,97.0,78.0,SSW,7,SSW,23,41.0,,7.0
5/6/2016,1009.7,32.0,27.4,29.96666667,78.0,86.0,74.0,SW,7,SW,23,0.7,,3.0
5/7/2016,1009.8,32.7,27.0,29.77916667,80.0,92.0,72.0,SW,6,SW,20,0.8,,6.0
5/8/2016,1009.9,32.2,27.2,29.90833333,80.0,87.0,74.0,SW,9,WSW,24,3.2,,6.0
5/9/2016,1009.9,31.1,27.4,28.58333333,84.0,92.0,78.0,SSW,5,W,21,3.4,,6.0
5/10/2016,1009.4,32.8,27.4,29.3625,82.0,91.0,72.0,SSW,7,SSW,20,1.0,,6.0
5/11/2016,1009.1,32.2,25.0,27.64583333,88.0,100.0,76.0,S,5,WNW,17,60.2,,7.0
5/12/2016,1008.6,32.2,27.4,29.4125,82.0,89.0,73.0,SW,7,SW,20,4.9,,6.0
5/13/2016,1009.0,31.3,27.6,29.69583333,81.0,88.0,78.0,SW,9,SW,21,0.6,,6.0
5/14/2016,1010.1,32.8,27.1,29.65833333,83.0,93.0,77.0,SSW,6,SSW,22,5.3,,6.0
5/15/2016,1009.4,32.6,25.5,29.8375,83.0,94.0,76.0,SW,9,W,30,28.7,,7.0
5/16/2016,1008.5,30.9,24.3,27.75,89.0,96.0,83.0,SW,9,SW,37,37.3,,7.0
5/17/2016,1007.8,30.1,24.5,27.47083333,90.0,97.0,83.0,SSW,10,SSW,32,84.5,,7.0
5/18/2016,1009.1,29.7,23.8,25.90416667,92.0,98.0,83.0,S,8,SSW,27,107.4,,7.0
5/19/2016,1009.6,29.1,24.9,27.6125,87.0,94.0,83.0,WSW,8,SSW,37,8.4,,7.0
5/20/2016,1009.4,32.3,26.0,29.51666667,82.0,93.0,75.0,WSW,6,W,28,0.7,,7.0
5/21/2016,1010.5,32.9,28.5,30.15833333,83.0,92.0,77.0,WSW,7,W,21,1.6,,6.0
5/22/2016,1011.9,33.2,25.9,30.12916667,83.0,88.0,77.0,SW,5,SW,17,4.3,,6.0
5/23/2016,1012.4,32.4,25.4,29.15,84.0,93.0,79.0,SSW,5,WSW,28,27.8,,6.0
5/24/2016,1012.0,32.2,26.9,29.87916667,81.0,88.0,76.0,SW,6,WSW,18,2.0,,7.0
5/25/2016,1010.9,32.6,28.2,30.06666667,79.0,84.0,74.0,SW,6,SW,14,0.05,,4.0
5/26/2016,1011.0,32.2,26.2,29.7,81.0,93.0,74.0,SW,5,SW,23,4.0,,6.0
5/27/2016,1012.1,32.5,28.5,30.04583333,80.0,86.0,76.0,SW,6,SW,15,0.05,,5.0
5/28/2016,1011.8,32.4,27.2,29.98333333,76.0,84.0,71.0,SSW,6,S,15,0.1,,5.0
5/29/2016,1011.0,32.5,28.3,29.72083333,76.0,88.0,70.0,SW,4,WSW,12,0.0,,3.0
5/30/2016,1010.7,32.5,28.6,29.97916667,78.0,85.0,71.0,SW,5,SW,13,0.3,,2.0
5/31/2016,1011.5,32.9,28.6,30.12083333,75.0,81.0,70.0,SW,5,SW,14,0.0,,2.0
6/1/2016,1011.7,32.9,26.6,29.83333333,77.0,93.0,69.0,SW,4,W,20,1.4,,3.0
6/2/2016,1010.9,32.7,28.5,30.2375,78.0,86.0,72.0,WSW,5,WSW,14,0.05,,2.0
6/3/2016,1010.6,32.7,28.7,30.1125,76.0,85.0,67.0,SW,5,SW,14,0.0,,2.0
6/4/2016,1010.5,32.8,28.4,30.04166667,75.0,81.0,71.0,SW,5,SW,12,0.0,,3.0
6/5/2016,1010.7,32.9,28.2,29.825,74.0,83.0,68.0,SSW,5,SW,15,0.0,,3.0
6/6/2016,1010.8,32.3,26.8,29.94166667,75.0,85.0,68.0,SSW,5,SSW,18,1.0,,2.0
6/7/2016,1011.3,32.4,27.4,29.92916667,79.0,91.0,72.0,SW,5,SW,19,4.6,,2.0
6/8/2016,1011.4,32.5,26.9,29.875,79.0,87.0,74.0,SW,5,SW,22,0.05,,5.0
6/9/2016,1011.8,33.0,28.4,29.97083333,76.0,86.0,70.0,SW,5,WSW,17,0.05,,6.0
6/10/2016,1012.4,32.7,28.0,29.95833333,76.0,83.0,72.0,SW,5,SW,14,0.0,,4.0
6/11/2016,1012.6,33.1,28.4,30.13333333,75.0,85.0,69.0,SW,4,SW,13,0.05,,2.0
6/12/2016,1012.7,32.6,28.5,30.06666667,74.0,80.0,68.0,SSW,5,S,13,0.0,,3.0
6/13/2016,1012.7,31.9,27.4,29.64166667,76.0,81.0,72.0,SSW,5,SW,20,0.05,,7.0
6/14/2016,1012.2,31.4,26.6,29.5,77.0,83.0,71.0,SW,7,SW,17,2.8,,7.0
6/15/2016,1011.3,30.5,26.5,29.04166667,78.0,88.0,74.0,SW,7,SW,27,5.5,,6.0
6/16/2016,1009.9,32.3,28.6,29.75833333,76.0,83.0,71.0,SW,5,SW,23,0.0,,6.0
6/17/2016,1009.7,32.2,24.9,29.20833333,76.0,85.0,67.0,SSW,6,WSW,28,4.0,,6.0
6/18/2016,1009.9,32.1,26.8,29.48333333,80.0,85.0,74.0,SW,6,W,18,0.05,,7.0
6/19/2016,1010.0,33.0,25.4,28.88333333,81.0,91.0,72.0,SW,6,WSW,27,7.1,,6.0
6/20/2016,1009.3,31.9,28.1,29.22083333,80.0,86.0,76.0,SSW,7,S,15,0.05,,7.0
6/21/2016,1009.2,32.2,25.3,29.02083333,80.0,96.0,72.0,S,4,S,13,2.9,,7.0
6/22/2016,1010.2,31.2,28.3,29.04583333,81.0,91.0,76.0,S,5,S,14,0.2,,7.0
6/23/2016,1010.3,33.0,28.4,29.725,79.0,84.0,73.0,SW,6,SSW,17,0.7,,6.0
6/24/2016,1009.6,32.4,28.5,29.72916667,78.0,83.0,72.0,SW,5,W,14,0.05,,6.0
6/25/2016,1010.2,33.0,27.2,29.8,79.0,90.0,71.0,WSW,6,WSW,14,3.2,,6.0
6/26/2016,1010.6,33.1,26.8,29.2125,82.0,89.0,73.0,VRB,2,W,17,5.1,,7.0
6/27/2016,1009.9,32.0,27.5,29.475,78.0,84.0,72.0,SSW,4,WSW,13,0.05,,6.0
6/28/2016,1010.2,32.0,27.2,29.18333333,76.0,84.0,69.0,S,3,SSE,9,0.0,,7.0
6/29/2016,1010.4,31.2,24.9,28.87916667,80.0,93.0,71.0,SSE,2,SE,10,9.2,,6.0
6/30/2016,1010.1,31.9,26.4,28.62916667,80.0,98.0,71.0,VRB,2,SE,7,0.0,,6.0
7/1/2016,1009.5,33.1,27.4,29.36666667,80.0,91.0,72.0,VRB,2,SSW,13,3.2,,6.0
7/2/2016,1009.6,31.5,25.1,27.79166667,87.0,97.0,77.0,W,4,W,29,24.5,,7.0
7/3/2016,1009.6,31.2,24.2,27.90833333,89.0,97.0,75.0,SSW,6,WSW,40,31.4,,7.0
7/4/2016,1010.0,32.0,26.2,28.7625,79.0,88.0,68.0,WSW,5,WSW,24,2.4,,6.0
7/5/2016,1010.6,32.2,25.9,28.28333333,84.0,94.0,78.0,WSW,4,WSW,23,6.2,,7.0
7/6/2016,1010.0,32.8,23.9,29.32916667,79.0,97.0,68.0,W,3,SW,22,18.1,,5.0
7/7/2016,1011.1,32.1,26.1,27.36666667,85.0,93.0,74.0,W,5,WSW,19,3.0,,6.0
7/8/2016,1011.2,32.0,27.4,29.525,78.0,85.0,72.0,SSW,5,WSW,15,0.1,,6.0
7/9/2016,1011.2,30.6,24.0,28.51666667,82.0,93.0,78.0,WSW,7,SW,35,14.1,,7.0
7/10/2016,1010.6,30.4,25.6,28.26666667,83.0,89.0,74.0,SW,6,SW,23,11.9,,6.0
7/11/2016,1010.1,31.4,26.9,29.21666667,80.0,90.0,71.0,SSW,7,SSW,25,0.3,,5.0
7/12/2016,1010.3,32.0,26.0,29.11666667,78.0,87.0,68.0,SW,7,S,20,2.0,,7.0
7/13/2016,1009.8,32.3,27.6,29.35416667,78.0,82.0,71.0,WSW,9,WSW,28,1.4,,6.0
7/14/2016,1009.0,31.2,25.7,28.84166667,79.0,85.0,74.0,WSW,10,WSW,24,1.2,,7.0
7/15/2016,1009.4,30.8,24.4,28.5375,80.0,91.0,75.0,W,9,W,32,3.6,,6.0
7/16/2016,1011.1,31.3,24.5,27.63333333,84.0,93.0,78.0,WNW,5,WSW,19,5.3,,7.0
7/17/2016,1012.4,31.2,25.0,28.06666667,83.0,97.0,72.0,VRB,1,WNW,6,0.0,,7.0
7/18/2016,1012.4,31.0,24.6,27.62083333,82.0,94.0,71.0,VRB,0,NE,6,0.0,,7.0
7/19/2016,1011.6,32.8,27.4,28.67916667,78.0,92.0,70.0,NNW,3,NNW,13,0.5,,5.0
7/20/2016,1011.3,32.8,27.0,29.13333333,76.0,90.0,66.0,NNW,5,NNW,17,0.2,,6.0
7/21/2016,1011.0,31.2,25.2,27.97083333,84.0,95.0,73.0,NW,8,WNW,23,11.1,,6.0
7/22/2016,1010.9,30.8,24.3,27.37083333,86.0,98.0,77.0,W,6,SSW,25,32.2,,7.0
7/23/2016,1010.1,31.4,25.9,28.47916667,82.0,93.0,73.0,WSW,3,WSW,12,0.3,,7.0
7/24/2016,1009.6,32.2,24.5,28.12916667,80.0,92.0,69.0,VRB,2,SW,8,0.0,,6.0
7/25/2016,1009.7,30.9,25.1,27.8,79.0,93.0,69.0,VRB,2,SSW,8,0.0,,6.0
7/26/2016,1009.7,31.1,26.1,28.22083333,76.0,91.0,68.0,SW,4,WSW,19,0.5,,7.0
7/27/2016,1009.9,31.5,24.0,28.3875,77.0,94.0,68.0,WSW,3,W,17,6.4,,6.0
7/28/2016,1010.5,31.2,23.9,27.45,84.0,95.0,72.0,W,4,WNW,26,19.8,,7.0
7/29/2016,1010.8,29.8,24.5,26.42916667,86.0,97.0,76.0,NW,5,W,24,13.9,,7.0
7/30/2016,1011.2,29.3,24.5,26.5375,85.0,93.0,74.0,VRB,2,WNW,10,1.2,,7.0
7/31/2016,1012.1,32.2,25.6,28.04166667,81.0,96.0,66.0,VRB,0,SSE,6,0.0,,6.0
8/1/2016,1011.304167,32.5,27.5,29.07083333,78.0,84.0,71.0,W,4,W,12,0.0,,7.0
8/2/2016,1010.154167,31.7,27.7,29.10416667,76.0,84.0,70.0,WSW,5,WSW,14,0.0,,7.0
8/3/2016,1009.229167,31.8,25.4,28.57916667,80.0,95.0,71.0,WSW,5,SW,22,5.9,,7.0
8/4/2016,1009.504167,31.4,27.4,28.9125,80.0,90.0,71.0,WSW,4,W,12,0.05,,7.0
8/5/2016,1010.2625,33.2,26.6,29.51666667,80.0,89.0,72.0,W,6,W,18,3.4,,5.0
8/6/2016,1010.604167,32.2,27.5,29.27916667,81.0,92.0,73.0,W,6,NW,14,1.0,,6.0
8/7/2016,1011.483333,32.3,28.0,29.35833333,81.0,88.0,75.0,W,5,W,15,0.8,,6.0
8/8/2016,1012.2,32.8,26.9,29.425,78.0,84.0,71.0,WSW,4,WSW,14,0.0,,6.0
8/9/2016,1012.141667,31.3,27.9,28.97083333,80.0,84.0,75.0,WSW,3,W,10,0.0,,7.0
8/10/2016,1012.591667,32.2,25.9,29.32916667,77.0,87.0,69.0,WSW,4,SW,10,0.05,,5.0
8/11/2016,1013.120833,32.0,27.0,28.725,80.0,92.0,68.0,S,3,SSE,13,0.2,,6.0
8/12/2016,1013.258333,31.5,25.9,28.55416667,79.0,89.0,71.0,SSW,3,W,18,0.2,,7.0
8/13/2016,1012.683333,31.7,27.2,28.6375,79.0,89.0,71.0,SSW,4,SSW,11,0.0,,7.0
8/14/2016,1012.420833,32.0,27.1,28.8875,79.0,86.0,71.0,SSW,5,SSW,13,0.4,,6.0
8/15/2016,1012.125,32.1,25.9,28.89166667,77.0,91.0,69.0,SW,4,SW,11,0.0,,6.0
8/16/2016,1011.5375,32.1,24.4,28.20833333,82.0,96.0,68.0,SW,4,W,22,30.8,,7.0
8/17/2016,1010.170833,31.2,24.3,27.55416667,85.0,95.0,75.0,W,5,W,22,5.1,,7.0
8/18/2016,1010.1375,32.0,26.0,28.53333333,81.0,87.0,73.0,W,3,WSW,16,0.05,,7.0
8/19/2016,1010.141667,31.5,24.6,28.5125,81.0,88.0,75.0,SW,4,SSW,15,3.1,,7.0
8/20/2016,1010.379167,29.7,24.1,26.72083333,87.0,95.0,78.0,VRB,4,W,27,9.7,,7.0
8/21/2016,1011.033333,28.8,25.5,27.00416667,87.0,92.0,84.0,W,8,W,28,4.9,,7.0
8/22/2016,1012.075,30.9,23.9,26.89583333,86.0,95.0,74.0,WSW,6,W,26,30.1,,7.0
8/23/2016,1011.3,30.6,25.7,28.13333333,82.0,89.0,76.0,W,6,WSW,18,3.6,,6.0
8/24/2016,1011.154167,31.3,27.5,29.0875,75.0,80.0,70.0,W,5,W,15,0.0,,6.0
8/25/2016,1011.225,31.8,27.4,29.15,77.0,84.0,71.0,WSW,4,WSW,11,0.05,,4.0
8/26/2016,1011.383333,31.5,26.4,28.975,77.0,87.0,70.0,SSW,6,SSW,19,2.6,,5.0
8/27/2016,1011.658333,30.8,24.4,26.34166667,90.0,97.0,82.0,W,6,SW,23,91.6,,7.0
8/28/2016,1012.004167,29.7,24.1,26.03333333,89.0,98.0,78.0,W,11,WSW,31,38.0,,7.0
8/29/2016,1011.291667,27.9,23.9,26.3,88.0,95.0,81.0,W,9,WSW,28,39.8,,7.0
8/30/2016,1010.758333,27.9,24.1,26.05,90.0,98.0,81.0,W,8,W,28,48.8,,7.0
8/31/2016,1012.116667,27.0,23.7,25.1875,93.0,97.0,87.0,W,10,W,29,70.5,,7.0
9/1/2016,1012.920833,28.0,24.6,25.82083333,87.0,98.0,82.0,W,9,WSW,29,7.5,,7.0
9/2/2016,1012.654167,29.8,24.9,27.27916667,81.0,92.0,73.0,W,5,WNW,27,1.3,,7.0
9/3/2016,1012.6625,31.9,24.4,28.1375,81.0,89.0,72.0,W,3,W,22,10.0,,7.0
9/4/2016,1013.8125,31.4,24.2,27.6125,83.0,94.0,74.0,W,4,WNW,17,2.5,,7.0
9/5/2016,1014.6,30.2,23.8,26.425,86.0,97.0,75.0,W,4,WSW,18,29.9,,7.0
9/6/2016,1014.233333,31.0,24.1,26.80833333,88.0,97.0,76.0,W,5,W,21,11.3,,7.0
9/7/2016,1012.8125,31.9,26.6,28.23333333,80.0,96.0,68.0,VRB,2,W,8,0.2,,6.0
9/8/2016,1012.425,31.4,25.0,28.1375,79.0,90.0,69.0,VRB,1,WNW,5,0.05,,6.0
9/9/2016,1013.170833,31.0,27.4,28.3,77.0,92.0,70.0,VRB,2,W,10,0.0,,5.0
9/10/2016,1012.9375,31.6,24.0,28.625,78.0,84.0,71.0,W,5,WSW,17,3.8,,6.0
9/11/2016,1015.575,31.9,26.9,28.89166667,77.0,85.0,70.0,W,5,W,21,0.0,,4.0
9/12/2016,1011.066667,32.0,27.6,29.09583333,77.0,83.0,71.0,W,4,W,12,0.05,,6.0
9/13/2016,1011.175,32.3,26.9,29.33333333,78.0,86.0,72.0,W,6,W,15,2.2,,5.0
9/14/2016,1011.304167,32.3,27.7,29.15416667,80.0,87.0,73.0,W,6,W,15,0.05,,6.0
9/15/2016,1011.2,32.3,27.5,29.3625,77.0,82.0,71.0,W,5,W,15,0.05,,5.0
9/16/2016,1011.291667,31.5,26.8,28.91666667,77.0,86.0,69.0,SW,4,SSW,13,0.0,,3.0
9/17/2016,1011.170833,31.9,24.5,28.6875,79.0,93.0,68.0,W,6,SSW,23,10.3,,6.0
9/18/2016,1012.195833,31.8,26.6,28.31666667,81.0,89.0,70.0,W,7,WSW,30,0.5,,7.0
9/19/2016,1012.1125,32.4,27.6,29.29583333,78.0,83.0,72.0,W,7,W,17,0.05,,5.0
9/20/2016,1011.7375,32.1,27.4,29.14583333,77.0,84.0,70.0,W,6,W,15,0.05,,5.0
9/21/2016,1012.158333,32.8,25.6,29.38333333,78.0,85.0,69.0,WNW,5,W,17,16.4,,5.0
9/22/2016,1012.058333,31.2,26.2,28.3375,81.0,90.0,72.0,W,5,WNW,22,2.6,,6.0
9/23/2016,1010.770833,32.2,27.6,29.3625,75.0,82.0,66.0,WNW,5,WNW,17,0.05,,4.0
9/24/2016,1009.891667,32.0,27.1,29.42083333,75.0,81.0,70.0,WNW,6,WNW,15,0.0,,6.0
9/25/2016,1010.3625,32.1,27.9,29.51666667,76.0,84.0,69.0,WNW,6,WNW,17,0.0,,4.0
9/26/2016,1011.333333,32.7,27.8,29.50833333,76.0,83.0,71.0,WNW,6,WNW,14,0.0,,7.0
9/27/2016,1011.729167,32.2,27.4,29.19166667,77.0,83.0,70.0,WNW,6,WNW,15,0.0,,4.0
9/28/2016,1011.4375,32.2,27.6,29.37083333,77.0,83.0,71.0,W,6,WNW,14,0.05,,2.0
9/29/2016,1011.179167,32.3,27.6,29.40416667,76.0,83.0,70.0,W,6,W,15,0.0,,4.0
9/30/2016,1010.408333,32.0,27.4,29.12083333,77.0,84.0,70.0,W,6,W,14,0.0,,7.0
10/1/2016,1010.9,32.2,26.1,28.82583333,77.0,90.0,67.0,W,2,W,9,4.5,,6.0
10/2/2016,1011.266667,32.2,27.4,28.9875,75.0,84.0,69.0,VRB,2,WSW,7,0.0,,5.0
10/3/2016,1011.266667,32.3,27.5,29.19583333,74.0,80.0,68.0,WSW,2,W,9,0.05,,6.0
10/4/2016,1011.716667,32.2,27.6,29.32916667,74.0,83.0,68.0,WSW,4,W,11,0.0,,6.0
10/5/2016,1011.670833,32.2,27.4,29.22083333,74.0,81.0,67.0,W,5,W,13,0.0,,6.0
10/6/2016,1011.970833,32.8,27.2,29.16666667,74.0,80.0,66.0,W,4,W,9,0.0,,4.0
10/7/2016,1012.4625,32.4,24.6,29.17916667,74.0,91.0,64.0,W,4,SW,21,0.1,,4.0
10/8/2016,1013.0375,30.6,23.1,27.17916667,80.0,98.0,61.0,SW,5,SSW,23,14.4,,6.0
10/9/2016,1013.245833,31.2,24.4,27.50833333,83.0,98.0,73.0,W,3,SW,14,26.0,,7.0
10/10/2016,1012.445833,32.0,26.0,28.7125,79.0,97.0,71.0,W,3,WSW,20,0.0,,5.0
10/11/2016,1012.116667,32.3,26.2,29.1625,79.0,86.0,70.0,WSW,5,WSW,22,3.3,,4.0
10/12/2016,1011.579167,31.0,23.0,28.2,80.0,97.0,70.0,WSW,9,SW,27,17.0,,5.0
10/13/2016,1011.320833,31.0,27.7,28.475,77.0,89.0,72.0,W,11,WSW,29,0.0,,6.0
10/14/2016,1011.333333,32.1,24.6,28.05416667,82.0,93.0,70.0,W,7,W,26,19.6,,6.0
10/15/2016,1011.55,30.3,25.4,27.66666667,82.0,92.0,73.0,WSW,6,WSW,26,7.1,,7.0
10/16/2016,1011.475,28.5,24.3,27.22083333,84.0,94.0,79.0,W,9,W,26,9.0,,7.0
10/17/2016,1011.3875,28.9,24.2,27.05416667,85.0,92.0,76.0,WSW,9,WSW,29,21.6,,7.0
10/18/2016,1011.2,28.5,24.0,26.3625,88.0,100.0,82.0,W,8,W,27,36.1,,7.0
10/19/2016,1010.733333,28.5,24.4,26.3875,88.0,97.0,81.0,W,11,WSW,31,35.1,,7.0
10/20/2016,1011.0375,27.2,22.0,25.03333333,91.0,98.0,82.0,WSW,12,W,33,89.3,,7.0
10/21/2016,1011.720833,29.8,23.6,26.48333333,83.0,95.0,71.0,W,8,WSW,28,7.2,,7.0
10/22/2016,1012.1625,30.9,22.8,27.225,81.0,94.0,65.0,W,4,W,20,10.0,,6.0
10/23/2016,1012.5875,30.8,23.5,26.94583333,84.0,96.0,74.0,WSW,6,W,30,16.2,,6.0
10/24/2016,1011.704167,31.4,22.9,27.52083333,84.0,99.0,70.0,WSW,3,SSW,22,40.9,,6.0
10/25/2016,1010.9625,30.9,24.9,27.50416667,83.0,98.0,72.0,SW,5,WSW,23,0.9,,5.0
10/26/2016,1010.916667,31.2,25.7,28.45833333,78.0,86.0,72.0,SW,5,SSW,14,0.5,,3.0
10/27/2016,1011.558333,31.2,24.6,27.63333333,84.0,93.0,72.0,SW,4,W,22,10.9,,4.0
10/28/2016,1011.9875,31.2,25.0,27.9625,80.0,92.0,71.0,SW,6,SW,23,9.2,,6.0
10/29/2016,1011.566667,31.2,24.0,28.14166667,81.0,97.0,72.0,SW,6,W,23,10.9,,4.0
10/30/2016,1011.954167,30.9,27.1,28.66666667,78.0,85.0,71.0,WSW,6,WSW,14,0.0,,3.0
10/31/2016,1012.591667,32.0,25.1,28.93333333,77.0,89.0,68.0,WSW,4,SSW,21,2.9,,6.0
11/1/2016,1012.204167,32.1,26.0,28.39583333,79.0,91.0,70.0,W,4,SW,22,0.3,,6.0
11/2/2016,1011.275,31.7,27.1,28.72083333,79.0,86.0,72.0,W,5,WSW,14,0.05,,3.0
11/3/2016,1011.825,32.0,24.5,28.41666667,82.0,96.0,69.0,WSW,5,SW,25,13.0,,4.0
11/4/2016,1011.508333,30.0,24.9,26.65,90.0,98.0,74.0,SW,10,W,28,70.1,,7.0
11/5/2016,1012.045833,27.9,24.6,26.06666667,89.0,97.0,83.0,WSW,13,WSW,32,33.2,,7.0
11/6/2016,1012.745833,30.1,25.8,27.47916667,82.0,90.0,74.0,WSW,11,WSW,26,1.7,,7.0
11/7/2016,1012.166667,30.3,24.1,26.87916667,85.0,95.0,77.0,W,8,W,28,26.5,,6.0
11/8/2016,1012.520833,29.6,23.5,26.01666667,87.0,98.0,77.0,NW,3,NNW,15,31.4,,7.0
11/9/2016,1012.4875,30.2,24.4,26.95833333,85.0,98.0,73.0,VRB,1,WSW,23,2.2,,6.0
11/10/2016,1011.404167,31.8,24.5,27.8,80.0,92.0,68.0,VRB,1,NW,6,0.0,,2.0
11/11/2016,1011.041667,30.9,24.1,27.02916667,81.0,96.0,67.0,VRB,1,ENE,6,0.0,,3.0
11/12/2016,1011.5625,30.9,24.6,27.325,82.0,96.0,72.0,VRB,1,ESE,6,0.0,,3.0
11/13/2016,1012.204167,30.9,25.4,27.7125,80.0,92.0,70.0,VRB,1,E,7,0.0,,2.0
11/14/2016,1012.041667,32.0,26.6,28.8875,74.0,82.0,67.0,SSW,2,SW,8,0.0,,2.0
11/15/2016,1011.1125,31.9,26.4,28.92916667,75.0,85.0,66.0,WSW,4,S,13,0.9,,2.0
11/16/2016,1010.4,31.2,25.9,27.90833333,82.0,93.0,71.0,SW,5,WSW,16,2.0,,5.0
11/17/2016,1010.525,29.1,25.1,26.75,87.0,98.0,81.0,W,4,W,15,26.8,,6.0
11/18/2016,1009.9625,31.1,24.7,27.37916667,86.0,97.0,76.0,WSW,6,W,20,24.1,,6.0
11/19/2016,1010.316667,28.6,24.5,26.20416667,89.0,97.0,84.0,SW,8,SSW,21,10.6,,7.0
11/20/2016,1010.225,29.9,23.9,26.04583333,92.0,98.0,80.0,SW,6,WSW,22,32.1,,7.0
11/21/2016,1010.758333,26.8,23.9,25.35,92.0,97.0,88.0,SSW,3,WNW,14,9.4,,7.0
11/22/2016,1010.141667,31.5,25.8,27.9,84.0,96.0,76.0,W,4,W,18,4.3,,6.0
11/23/2016,1010.3125,29.8,24.8,26.75416667,89.0,97.0,83.0,W,7,W,22,26.2,,7.0
11/24/2016,1009.8375,31.0,24.6,27.35,89.0,98.0,77.0,W,5,W,20,30.2,,6.0
11/25/2016,1010.579167,30.0,23.6,26.55,89.0,98.0,82.0,W,7,W,24,49.8,,7.0
11/26/2016,1011.4125,29.2,25.0,26.9125,86.0,97.0,83.0,W,6,WSW,19,1.5,,7.0
11/27/2016,1011.1875,31.1,27.2,28.50833333,80.0,86.0,72.0,WSW,5,WSW,15,0.0,,6.0
11/28/2016,1011.516667,31.3,27.0,28.7125,80.0,91.0,72.0,SW,4,SW,11,1.1,,6.0
11/29/2016,1012.404167,32.1,27.5,29.0,79.0,86.0,72.0,WSW,4,WSW,10,0.0,,3.0
11/30/2016,1012.554167,31.8,25.6,28.4875,83.0,90.0,73.0,WSW,5,WSW,18,0.05,,2.0
12/1/2016,1011.858333,32.2,25.1,28.45,82.0,95.0,73.0,W,3,WNW,15,5.4,,3.0
12/2/2016,1011.954167,32.1,25.0,28.39166667,81.0,91.0,71.0,W,4,WSW,16,8.3,,5.0
12/3/2016,1012.558333,30.6,23.8,26.81666667,86.0,96.0,74.0,SW,4,W,20,30.8,,6.0
12/4/2016,1013.0625,28.8,24.0,26.0,89.0,97.0,80.0,W,5,SW,22,15.4,,7.0
12/5/2016,1012.058333,31.6,25.8,27.59583333,83.0,97.0,74.0,VRB,3,SW,10,0.1,,4.0
12/6/2016,1011.325,31.3,25.2,28.19583333,78.0,91.0,68.0,VRB,1,NW,7,0.0,,1.0
12/7/2016,1012.05,32.2,27.2,28.84166667,76.0,84.0,66.0,WSW,3,SW,9,0.0,,4.0
12/8/2016,1012.325,31.8,27.6,29.04166667,75.0,82.0,67.0,W,5,WSW,13,0.05,,3.0
12/9/2016,1011.408333,31.2,25.7,28.75416667,78.0,88.0,70.0,W,9,W,26,7.7,,5.0
12/10/2016,1011.104167,31.2,27.5,29.05291667,75.0,82.0,68.0,W,10,W,20,0.0,,3.0
12/11/2016,1010.870833,31.1,27.4,28.975,76.0,84.0,69.0,W,8,WSW,20,0.05,,3.0
12/12/2016,1010.854167,31.1,27.5,28.89166667,77.0,85.0,70.0,WSW,8,WSW,17,0.05,,2.0
12/13/2016,1010.275,30.9,24.7,28.35416667,78.0,92.0,68.0,SW,11,SW,26,5.5,,5.0
12/14/2016,1010.779167,30.2,24.3,26.98333333,86.0,96.0,74.0,W,9,W,25,20.8,,6.0
12/15/2016,1011.7875,28.9,24.6,25.90416667,87.0,95.0,77.0,WNW,4,WSW,20,5.8,,6.0
12/16/2016,1012.35,30.3,26.4,28.20833333,77.0,89.0,69.0,NNW,3,NNW,9,0.0,,3.0
12/17/2016,1012.558333,30.7,26.6,28.23333333,75.0,84.0,68.0,N,4,N,13,0.0,,1.0
12/18/2016,1012.3375,31.0,25.9,28.17083333,77.0,86.0,65.0,N,4,N,10,0.0,,1.0
12/19/2016,1011.883333,31.0,24.8,28.03333333,77.0,87.0,68.0,NNE,3,N,12,0.0,,2.0
12/20/2016,1011.425,30.9,26.3,28.125,75.0,91.0,65.0,VRB,3,NE,10,0.0,,1.0
12/21/2016,1012.341667,30.4,23.8,27.36666667,78.0,94.0,66.0,VRB,1,S,8,0.0,,1.0
12/22/2016,1012.604167,31.1,25.1,27.57083333,81.0,96.0,70.0,VRB,1,S,11,0.05,,2.0
12/23/2016,1011.420833,31.5,24.6,28.19166667,79.0,92.0,68.0,VRB,1,NW,6,0.0,,2.0
12/24/2016,1010.179167,30.6,25.3,27.67166667,81.0,93.0,70.0,VRB,1,NE,7,1.2,,3.0
12/25/2016,1010.679167,31.0,26.4,28.3,75.0,82.0,66.0,NE,4,NE,9,0.0,,2.0
12/26/2016,1010.7375,30.9,27.0,28.35,74.0,82.0,65.0,N,5,N,14,0.0,,2.0
12/27/2016,1010.108333,31.0,26.6,28.30416667,76.0,84.0,67.0,N,4,N,15,0.0,,2.0
12/28/2016,1009.675,32.2,25.2,28.80833333,79.0,90.0,70.0,WNW,4,NNW,19,2.4,,5.0
12/29/2016,1010.408333,29.9,23.3,25.67083333,92.0,97.0,85.0,VRB,3,N,16,40.1,,7.0
12/30/2016,1011.091667,29.1,24.1,26.11666667,89.0,98.0,78.0,NE,4,N,15,16.5,,7.0
12/31/2016,1012.004167,27.7,23.3,25.27916667,88.0,97.0,78.0,N,6,N,22,20.9,,7.0
1/1/2017,1012.1,30.7,24.8,26.9375,83.0,92.0,67.0,VRB,2,NNW,8,0.0,,5.0
1/2/2017,1012.5,30.2,26.4,27.85,80.0,93.0,69.0,NNW,3,NNE,10,0.0,,3.0
1/3/2017,1012.7,30.3,25.4,27.9,77.0,88.0,72.0,NNW,3,N,11,0.0,,3.0
1/4/2017,1012.1,30.1,24.9,27.6625,78.0,86.0,73.0,NNW,3,NNW,11,0.0,,4.0
1/5/2017,1011.5,30.4,24.1,27.34583333,75.0,89.0,70.0,NNW,3,NNW,11,0.0,,1.0
1/6/2017,1011.6,31.0,24.0,27.05416667,77.0,89.0,66.0,VRB,2,NNW,11,0.0,,2.0
1/7/2017,1009.8,30.3,25.6,27.5125,78.0,91.0,73.0,VRB,2,NW,8,0.0,,1.0
1/8/2017,1009.4,30.4,24.6,27.525,80.0,93.0,74.0,VRB,2,NW,8,0.0,,1.0
1/9/2017,1010.0,30.7,26.2,27.59166667,81.0,92.0,75.0,NNE,3,N,10,0.0,,2.0
1/10/2017,1011.4,30.5,25.4,27.96666667,76.0,86.0,70.0,NNW,3,NW,11,0.0,,2.0
1/11/2017,1010.9,30.4,26.6,28.00833333,74.0,78.0,75.0,NNW,4,NNW,13,0.0,,3.0
1/12/2017,1010.6,30.2,25.1,27.59583333,77.0,87.0,72.0,NNW,3,N,11,0.0,,4.0
1/13/2017,1010.1,30.1,25.6,27.3,73.0,80.0,68.0,NNE,4,NNE,13,0.05,,2.0
1/14/2017,1011.1,30.1,26.6,27.8875,72.0,79.0,66.0,NE,6,NE,14,0.0,,3.0
1/15/2017,1012.4,30.4,25.9,27.9875,73.0,84.0,67.0,NE,5,NE,14,0.0,,1.0
1/16/2017,1012.3,30.4,26.2,27.79166667,78.0,86.0,68.0,VRB,3,NE,11,0.0,,3.0
1/17/2017,1012.2,31.2,25.5,27.86666667,76.0,87.0,72.0,NNE,5,NNE,14,5.7,,2.0
1/18/2017,1012.1,30.8,25.7,28.1625,76.0,84.0,78.0,NE,9,NE,19,0.05,,4.0
1/19/2017,1012.0,30.5,27.1,28.1625,72.0,79.0,75.0,NE,8,NE,19,0.0,,2.0
1/20/2017,1011.7,31.0,26.1,28.2,75.0,83.0,75.0,NE,7,NE,15,0.0,,2.0
1/21/2017,1012.8,30.9,24.5,27.54583333,81.0,96.0,73.0,NNE,3,NNE,12,0.0,,2.0
1/22/2017,1013.5,31.2,25.1,28.24583333,80.0,93.0,74.0,NW,2,NW,8,0.0,,3.0
1/23/2017,1012.8,30.7,26.5,27.9125,81.0,92.0,73.0,VRB,2,N,7,0.0,,2.0
1/24/2017,1011.9,31.0,27.0,28.5125,79.0,86.0,72.0,NE,6,NNE,15,0.05,,3.0
1/25/2017,1011.7,31.2,27.1,28.58,79.0,88.0,70.0,NNE,5,NNE,15,0.05,,2.0
1/26/2017,1011.7,32.4,26.8,28.89583333,83.0,92.0,73.0,W,5,W,13,0.6,,6.0
1/27/2017,1011.7,31.5,24.1,27.79166667,86.0,98.0,76.0,W,5,WNW,19,56.7,,7.0
1/28/2017,1011.5,29.7,24.6,26.50416667,89.0,97.0,70.0,VRB,2,NNW,12,10.5,,7.0
1/29/2017,1011.6,32.0,25.4,28.09583333,84.0,97.0,71.0,VRB,1,WSW,6,0.0,,5.0
1/30/2017,1011.6,31.4,24.5,27.475,86.0,95.0,71.0,NE,3,NNE,10,4.5,,6.0
1/31/2017,1011.4,30.6,26.9,28.0125,80.0,98.0,72.0,NE,3,E,8,0.0,,4.0
2/1/2017,1012.2,31.0,27.2,28.68333333,79.0,86.0,72.0,ENE,3,ENE,9,0.0,,2.0
2/2/2017,1012.8,31.0,27.0,28.57916667,76.0,85.0,72.0,NE,6,NE,14,0.0,,2.0
2/3/2017,1012.2,31.1,26.4,28.34583333,66.0,75.0,61.0,NNE,9,NNE,21,0.0,,1.0
2/4/2017,1012.5,31.0,25.6,27.78333333,66.0,77.0,57.0,NNE,5,NNE,14,0.0,,5.0
2/5/2017,1012.5,30.2,23.8,27.6875,70.0,81.0,64.0,NE,5,NE,12,0.0,,2.0
2/6/2017,1013.0,30.3,23.4,27.35833333,75.0,90.0,66.0,VRB,2,NE,9,0.0,,1.0
2/7/2017,1012.1,30.1,23.6,27.21666667,74.0,91.0,67.0,NE,3,NE,11,0.0,,1.0
2/8/2017,1012.5,30.3,25.5,27.68333333,75.0,87.0,68.0,NE,4,NE,11,0.0,,1.0
2/9/2017,1011.9,30.5,24.6,27.725,72.0,82.0,66.0,NNE,4,NE,12,0.0,,1.0
2/10/2017,1011.3,30.2,24.8,27.6125,72.0,82.0,63.0,NNE,4,NE,12,0.0,,1.0
2/11/2017,1011.3,30.9,26.7,27.96666667,72.0,83.0,65.0,NE,5,NNE,13,0.0,,2.0
2/12/2017,1012.0,31.3,26.8,28.55833333,70.0,77.0,62.0,NE,9,NNE,18,0.0,,1.0
2/13/2017,1012.5,30.9,24.7,28.19166667,74.0,90.0,64.0,NE,9,ENE,21,0.05,,3.0
2/14/2017,1013.5,30.8,27.5,28.6875,75.0,84.0,63.0,NE,8,NE,18,0.0,,2.0
2/15/2017,1012.8,31.2,26.6,28.9375,79.0,85.0,71.0,NE,7,NE,16,0.7,,2.0
2/16/2017,1011.0,31.0,27.9,28.92083333,78.0,87.0,72.0,NE,11,NE,20,0.1,,3.0
2/17/2017,1010.4,31.1,27.6,28.94166667,75.0,83.0,71.0,NE,11,NE,21,0.0,,3.0
2/18/2017,1012.5,31.0,25.6,28.22916667,80.0,92.0,73.0,NE,7,NNE,17,0.05,,7.0
2/19/2017,1012.9,29.1,24.1,26.85416667,87.0,97.0,79.0,NE,2,NNE,15,6.1,,7.0
2/20/2017,1012.2,30.5,24.9,26.9375,85.0,96.0,75.0,WNW,3,W,17,3.0,,7.0
2/21/2017,1011.1,30.1,24.5,27.2,85.0,93.0,77.0,VRB,2,ENE,18,14.9,,6.0
2/22/2017,1011.2,31.8,25.6,28.38333333,77.0,86.0,69.0,NW,3,WNW,9,0.0,,5.0
2/23/2017,1011.8,32.1,26.6,28.64583333,77.0,84.0,70.0,WNW,4,NNW,12,0.0,,6.0
2/24/2017,1012.0,31.0,25.8,28.225,78.0,94.0,70.0,NW,3,NE,12,6.6,,6.0
2/25/2017,1011.6,31.3,25.1,27.8,81.0,93.0,71.0,VRB,1,NW,7,0.05,,6.0
2/26/2017,1009.8,32.0,26.7,28.42083333,80.0,93.0,71.0,VRB,3,NNE,12,0.1,,5.0
2/27/2017,1009.6,31.3,26.7,28.62083333,79.0,87.0,74.0,NNE,5,NNE,13,0.0,,5.0
2/28/2017,1009.9,31.8,26.2,28.65416667,79.0,86.0,72.0,NNE,3,N,15,0.05,,5.0
3/1/2017,1009.7,30.2,24.7,27.34583333,82.0,87.0,77.0,NNE,4,N,15,0.05,,7.0
3/2/2017,1008.0,31.6,26.1,27.72916667,82.0,92.0,71.0,VRB,2,NNW,11,0.0,,5.0
3/3/2017,1007.4,32.2,27.2,28.79583333,79.0,86.0,71.0,VRB,3,SW,16,1.3,,5.0
3/4/2017,1008.6,32.4,25.2,29.2875,78.0,93.0,68.0,SW,5,SW,19,11.8,,4.0
3/5/2017,1008.9,32.9,27.4,29.38833333,79.0,90.0,73.0,W,4,WSW,12,0.05,,3.0
3/6/2017,1008.8,32.1,26.7,29.10416667,77.0,84.0,69.0,W,3,WSW,11,0.0,,2.0
3/7/2017,1008.8,32.0,23.5,28.50416667,77.0,93.0,67.0,VRB,2,W,7,0.0,,4.0
3/8/2017,1008.5,32.0,24.8,27.88333333,79.0,96.0,66.0,VRB,1,SSE,6,0.0,,2.0
3/9/2017,1008.5,32.1,26.4,28.54166667,81.0,94.0,71.0,VRB,1,E,5,0.0,,2.0
3/10/2017,1009.5,32.3,25.9,29.17916667,78.0,91.0,70.0,VRB,2,NW,8,0.0,,2.0
3/11/2017,1010.8,32.7,26.5,29.4375,76.0,88.0,69.0,VRB,1,NW,7,0.0,,2.0
3/12/2017,1011.0,32.9,25.7,29.22916667,78.0,93.0,67.0,VRB,1,SSW,7,0.2,,2.0
3/13/2017,1010.8,31.9,27.3,29.00416667,78.0,95.0,69.0,S,3,S,11,0.0,,5.0
3/14/2017,1010.3,31.2,24.3,27.29583333,87.0,97.0,72.0,VRB,3,ENE,18,28.9,,7.0
3/15/2017,1012.0,26.9,22.9,25.06666667,90.0,98.0,83.0,W,4,SW,25,29.3,,6.0
3/16/2017,1010.9,31.4,24.1,27.40833333,81.0,98.0,69.0,VRB,1,NW,6,0.0,,3.0
3/17/2017,1011.4,31.8,25.1,27.9375,80.0,94.0,67.0,VRB,1,W,8,1.1,,3.0
3/18/2017,1012.6,32.0,26.6,28.55,80.0,91.0,70.0,VRB,1,NNW,10,7.2,,4.0
3/19/2017,1013.0,33.1,26.5,29.625,77.0,91.0,69.0,VRB,2,WSW,8,1.7,,5.0
3/20/2017,1011.9,32.6,25.5,28.9375,80.0,92.0,70.0,VRB,1,SW,6,0.0,,2.0
3/21/2017,1011.6,32.1,26.4,28.80833333,79.0,93.0,70.0,NNE,3,NNE,10,0.0,,2.0
3/22/2017,1011.3,32.2,26.1,28.925,77.0,86.0,67.0,VRB,2,N,9,0.0,,2.0
3/23/2017,1010.9,31.8,27.1,29.11666667,73.0,86.0,66.0,NE,3,NE,10,0.0,,1.0
3/24/2017,1010.8,31.9,25.8,28.7875,74.0,88.0,66.0,NE,3,NE,9,0.0,,1.0
3/25/2017,1011.4,32.6,25.5,28.88333333,76.0,89.0,66.0,VRB,1,NW,7,0.0,,1.0
3/26/2017,1011.9,32.8,28.0,29.58333333,65.0,73.0,55.0,VRB,2,NW,7,0.0,,1.0
3/27/2017,1012.4,33.0,27.5,29.61666667,73.0,87.0,65.0,WSW,4,WNW,13,0.0,,2.0
3/28/2017,1012.2,33.5,27.7,29.76666667,77.0,84.0,68.0,W,4,WNW,12,0.2,,3.0
3/29/2017,1011.9,33.3,27.5,29.84583333,73.0,82.0,64.0,W,3,W,8,0.0,,2.0
3/30/2017,1011.5,33.0,27.6,29.65416667,74.0,84.0,64.0,W,2,WNW,8,0.0,,1.0
3/31/2017,1012.5,33.5,27.0,29.39583333,74.0,84.0,64.0,VRB,2,W,9,0.0,,2.0
4/1/2017,1012.0,33.3,27.9,30.12083333,74.0,82.0,66.0,W,4,W,13,2.7,,5.0
4/2/2017,1011.9,32.8,28.4,29.7875,73.0,85.0,67.0,W,5,W,13,0.0,,6.0
4/3/2017,1011.7,32.8,28.1,29.86666667,69.0,78.0,60.0,SW,4,SW,11,0.0,,2.0
4/4/2017,1012.1,32.8,28.5,30.05,72.0,81.0,65.0,SW,5,WSW,13,0.0,,3.0
4/5/2017,1011.3,32.4,24.8,29.72916667,77.0,90.0,69.0,WSW,6,WSW,21,13.3,,3.0
4/6/2017,1011.1,31.9,26.7,28.375,80.0,93.0,72.0,W,6,W,27,0.5,,5.0
4/7/2017,1010.2,32.9,28.3,29.82916667,77.0,84.0,72.0,W,5,WSW,13,0.0,,2.0
4/8/2017,1010.1,33.2,28.4,30.12083333,78.0,85.0,71.0,W,5,W,13,0.0,,2.0
4/9/2017,1010.4,33.0,26.9,29.6875,78.0,83.0,72.0,W,5,W,14,0.1,,6.0
4/10/2017,1009.8,32.8,25.8,29.925,78.0,85.0,72.0,WSW,5,W,15,4.0,,5.0
4/11/2017,1009.9,32.0,26.8,29.07916667,80.0,90.0,73.0,SW,6,W,20,0.05,,6.0
4/12/2017,1010.2,32.2,28.5,29.79583333,79.0,85.0,73.0,WSW,5,WSW,14,0.3,,4.0
4/13/2017,1010.4,32.1,28.3,30.05,79.0,86.0,72.0,WSW,7,SW,17,0.05,,6.0
4/14/2017,1010.4,30.9,26.5,29.07083333,82.0,88.0,75.0,WSW,6,W,17,2.1,,6.0
4/15/2017,1009.4,32.1,27.5,29.7125,80.0,86.0,70.0,SW,5,SW,15,0.05,,3.0
4/16/2017,1010.0,32.8,28.9,30.03333333,80.0,86.0,74.0,WSW,5,SW,13,0.0,,3.0
4/17/2017,1010.5,32.9,28.4,30.1875,79.0,85.0,73.0,WSW,4,WSW,12,0.0,,2.0
4/18/2017,1010.5,33.6,28.6,30.25833333,80.0,85.0,73.0,W,4,W,20,3.2,,2.0
4/19/2017,1010.7,32.8,28.1,30.04583333,78.0,85.0,72.0,WSW,4,SW,10,0.0,,4.0
4/20/2017,1010.8,32.6,28.4,29.93333333,76.0,82.0,69.0,SSW,5,S,14,0.0,,2.0
4/21/2017,1010.9,32.9,28.0,30.06666667,73.0,83.0,65.0,SSW,6,S,14,0.0,,2.0
4/22/2017,1010.8,33.0,27.6,29.90833333,75.0,83.0,66.0,SW,3,S,14,0.0,,1.0
4/23/2017,1011.2,33.1,28.4,30.0875,74.0,83.0,65.0,SW,3,SW,10,0.0,,1.0
4/24/2017,1011.5,33.1,28.4,30.1625,74.0,78.0,67.0,SW,4,SW,11,0.0,,2.0
4/25/2017,1011.2,33.5,28.5,30.25416667,77.0,85.0,69.0,W,4,W,13,0.0,,3.0
4/26/2017,1011.5,33.9,28.5,30.225,76.0,84.0,67.0,W,4,W,11,0.0,,2.0
4/27/2017,1011.6,33.0,28.6,30.25416667,75.0,83.0,68.0,WSW,4,SW,11,0.0,,4.0
4/28/2017,1010.9,33.6,28.1,30.175,78.0,86.0,69.0,W,4,WNW,12,0.05,,6.0
4/29/2017,1010.9,33.0,28.6,30.00416667,78.0,83.0,71.0,W,5,W,15,0.0,,6.0
4/30/2017,1010.3,33.2,25.6,29.425,78.0,93.0,66.0,WNW,2,WNW,11,0.0,,6.0
5/1/2017,1010.9,32.7,26.5,29.3625,76.0,92.0,66.0,VRB,2,WSW,8,0.0,,7.0
5/2/2017,1011.6,33.6,26.9,29.69583333,77.0,96.0,66.0,VRB,2,S,13,1.5,,5.0
5/3/2017,1011.2,33.0,27.0,29.35833333,80.0,88.0,71.0,SW,4,SSW,13,0.0,,5.0
5/4/2017,1011.1,33.8,25.3,29.62083333,81.0,98.0,67.0,VRB,2,S,12,20.3,,5.0
5/5/2017,1011.4,32.1,27.1,29.06666667,80.0,97.0,71.0,S,5,SSW,15,0.05,,5.0
5/6/2017,1011.9,32.9,24.6,28.76666667,82.0,93.0,69.0,S,4,S,16,19.3,,5.0
5/7/2017,1011.5,32.1,25.6,28.55416667,81.0,97.0,71.0,VRB,3,SSE,19,1.6,,6.0
5/8/2017,1011.1,33.2,27.4,29.525,79.0,95.0,69.0,W,3,W,15,0.0,,4.0
5/9/2017,1010.4,33.4,28.1,29.96666667,77.0,85.0,70.0,W,5,W,14,0.05,,5.0
5/10/2017,1010.2,33.0,27.9,30.21666667,77.0,86.0,71.0,W,5,WSW,16,0.5,,2.0
5/11/2017,1009.9,33.2,29.1,30.30833333,78.0,85.0,72.0,W,5,WSW,12,0.05,,3.0
5/12/2017,1009.4,33.3,28.6,30.525,77.0,84.0,70.0,WSW,4,WSW,14,0.5,,6.0
5/13/2017,1009.7,31.8,25.5,28.48333333,83.0,95.0,76.0,SW,5,SW,22,1.4,,7.0
5/14/2017,1010.1,32.3,25.5,28.64166667,83.0,94.0,75.0,SW,7,S,20,19.7,,6.0
5/15/2017,1009.5,32.8,25.4,29.14166667,81.0,94.0,73.0,WSW,7,WSW,26,18.3,,6.0
5/16/2017,1009.8,30.8,25.2,27.44583333,88.0,96.0,78.0,WSW,9,WSW,26,18.0,,7.0
5/17/2017,1010.0,31.1,25.6,28.175,82.0,90.0,77.0,WSW,13,WSW,32,7.7,,7.0
5/18/2017,1012.1,29.0,25.1,27.11666667,85.0,97.0,77.0,W,4,S,17,5.0,,7.0
5/19/2017,1011.7,32.1,26.1,28.975,80.0,90.0,71.0,SSW,4,S,14,0.9,,6.0
5/20/2017,1010.9,31.2,25.2,28.39583333,81.0,95.0,72.0,W,8,SW,27,13.1,,7.0
5/21/2017,1009.7,30.8,27.0,28.725,81.0,91.0,74.0,WSW,9,WSW,27,2.8,,7.0
5/22/2017,1010.0,31.6,24.3,28.52916667,83.0,98.0,73.0,SW,8,WNW,31,22.2,,6.0
5/23/2017,1010.2,30.6,25.2,27.8,88.0,96.0,79.0,SW,4,W,22,19.5,,6.0
5/24/2017,1010.0,32.1,24.5,28.47916667,84.0,97.0,73.0,SSW,6,SSW,24,54.2,,6.0
5/25/2017,1010.7,30.7,24.7,27.3125,87.0,97.0,75.0,SSW,7,W,28,8.9,,7.0
5/26/2017,1010.2,31.9,25.5,28.8125,81.0,91.0,73.0,SSW,6,W,23,4.4,,6.0
5/27/2017,1010.2,31.8,26.9,29.37916667,80.0,98.0,71.0,SW,8,W,18,1.5,,6.0
5/28/2017,1010.0,31.9,28.5,29.47916667,79.0,86.0,72.0,WSW,7,WSW,17,0.0,,6.0
5/29/2017,1010.8,31.4,27.1,29.0875,82.0,88.0,77.0,SW,7,SW,18,0.05,,7.0
5/30/2017,1010.5,32.3,27.0,29.4375,80.0,90.0,73.0,SW,7,SW,18,0.1,,6.0
5/31/2017,1009.7,32.7,25.0,28.47916667,84.0,96.0,75.0,SW,9,W,31,21.9,,7.0
6/1/2017,1009.2,31.2,26.0,28.79583333,82.0,93.0,75.0,SSW,8,W,29,5.6,,7.0
6/2/2017,1009.7,32.0,27.8,29.225,78.0,85.0,72.0,SSW,7,SSW,18,0.0,,7.0
6/3/2017,1010.4,32.0,25.6,29.07083333,81.0,93.0,72.0,SSW,4,S,12,0.0,,4.0
6/4/2017,1010.9,32.2,27.4,29.15833333,81.0,96.0,73.0,SSW,4,SW,10,0.05,,2.0
6/5/2017,1011.0,32.0,27.6,29.3125,77.0,87.0,68.0,SSW,4,SW,10,0.0,,2.0
6/6/2017,1011.4,32.1,25.6,28.825,79.0,92.0,69.0,SSW,3,SSW,9,0.0,,3.0
6/7/2017,1011.6,31.8,27.2,28.97916667,74.0,84.0,69.0,WSW,3,WSW,10,0.0,,4.0
6/8/2017,1011.0,32.2,27.4,28.725,74.0,79.0,68.0,W,3,WSW,9,0.0,,5.0
6/9/2017,1011.1,31.8,27.7,28.93333333,74.0,80.0,68.0,WSW,5,WSW,13,0.0,,4.0
6/10/2017,1011.1,31.9,27.0,29.0375,72.0,79.0,65.0,WSW,4,SW,12,0.0,,4.0
6/11/2017,1010.4,31.9,26.1,28.74166667,74.0,83.0,69.0,WSW,3,SW,8,0.0,,6.0
6/12/2017,1009.8,32.2,24.5,28.10833333,78.0,92.0,67.0,VRB,2,SW,8,0.0,,5.0
6/13/2017,1009.8,31.1,26.8,28.24583333,78.0,94.0,70.0,VRB,2,SSE,8,0.0,,1.0
6/14/2017,1010.5,31.5,25.6,28.95,76.0,90.0,66.0,E,3,E,8,0.0,,1.0
6/15/2017,1010.8,31.8,26.3,28.78333333,78.0,90.0,69.0,VRB,2,ESE,9,0.0,,1.0
6/16/2017,1010.7,32.9,25.6,29.00833333,78.0,90.0,68.0,VRB,2,SSW,9,0.0,,3.0
6/17/2017,1010.2,32.3,26.5,28.8875,79.0,90.0,69.0,VRB,2,S,9,0.0,,4.0
6/18/2017,1010.2,32.1,26.6,29.45833333,75.0,83.0,67.0,SW,4,SW,10,0.0,,2.0
6/19/2017,1010.0,32.5,27.4,29.5875,75.0,83.0,67.0,SSW,5,S,12,0.0,,2.0
6/20/2017,1010.1,32.5,26.5,29.5625,78.0,91.0,70.0,SW,4,SW,12,0.2,,3.0
6/21/2017,1010.9,32.8,25.9,29.11666667,79.0,93.0,68.0,SW,2,WSW,18,0.0,,3.0
6/22/2017,1011.4,31.7,24.4,28.82916667,79.0,97.0,70.0,S,3,W,17,10.1,,3.0
6/23/2017,1011.5,32.0,24.9,27.95416667,83.0,97.0,71.0,VRB,3,SW,17,0.3,,5.0
6/24/2017,1010.2,32.5,26.5,28.63333333,81.0,94.0,72.0,VRB,3,S,11,1.0,,5.0
6/25/2017,1009.7,32.7,23.8,28.875,79.0,97.0,68.0,S,6,NW,18,35.1,,6.0
6/26/2017,1010.5,32.2,23.1,29.09583333,79.0,96.0,67.0,S,7,S,30,16.6,,6.0
6/27/2017,1010.9,31.9,25.0,28.54166667,78.0,98.0,70.0,S,7,SSW,24,0.05,,6.0
6/28/2017,1010.3,32.6,27.6,29.53333333,74.0,81.0,67.0,SW,4,SW,13,0.0,,5.0
6/29/2017,1009.8,32.7,27.4,29.5125,75.0,81.0,70.0,W,3,W,8,0.0,,3.0
6/30/2017,1009.1,33.0,24.2,29.475,77.0,97.0,67.0,W,4,WNW,15,8.0,,3.0
7/1/2017,1009.6,33.0,23.5,27.72083333,87.0,98.0,74.0,WNW,6,W,26,62.0,,7.0
7/2/2017,1010.5,30.2,23.6,27.24583333,84.0,96.0,77.0,W,8,W,41,4.4,,6.0
7/3/2017,1010.7,33.2,28.1,29.8625,76.0,84.0,68.0,WNW,4,WNW,13,0.0,,3.0
7/4/2017,1011.3,32.8,26.3,28.97583333,79.0,89.0,71.0,W,5,SW,26,0.1,,4.0
7/5/2017,1012.2,33.4,24.9,28.9,79.0,89.0,69.0,W,5,SW,27,4.3,,6.0
7/6/2017,1011.4,32.3,27.6,29.15416667,78.0,85.0,72.0,W,4,W,12,0.05,,6.0
7/7/2017,1011.5,32.9,27.1,29.15416667,81.0,87.0,74.0,W,4,WSW,14,0.05,,6.0
7/8/2017,1011.6,31.0,24.4,28.15833333,82.0,95.0,74.0,VRB,2,W,24,5.4,,7.0
7/9/2017,1011.9,32.0,24.6,27.82916667,83.0,96.0,71.0,VRB,1,W,7,0.0,,6.0
7/10/2017,1012.0,31.3,25.6,28.37083333,80.0,96.0,68.0,VRB,2,S,10,0.0,,5.0
7/11/2017,1011.5,33.0,28.1,29.5875,77.0,84.0,69.0,W,4,WNW,14,0.0,,2.0
7/12/2017,1011.0,33.0,28.2,29.80416667,75.0,80.0,69.0,WNW,6,WNW,15,0.0,,2.0
7/13/2017,1011.3,32.9,28.0,29.9,75.0,80.0,69.0,NW,5,WNW,14,0.0,,5.0
7/14/2017,1011.5,33.1,27.4,29.93333333,76.0,85.0,69.0,WNW,3,NW,11,0.0,,5.0
7/15/2017,1011.4,32.8,25.1,28.8625,80.0,93.0,72.0,VRB,1,W,8,0.0,,6.0
7/16/2017,1010.5,32.8,25.6,29.45416667,76.0,86.0,69.0,VRB,1,W,6,0.05,,4.0
7/17/2017,1010.4,33.0,26.1,29.02916667,77.0,90.0,66.0,VRB,2,SW,7,0.0,,6.0
7/18/2017,1010.7,31.8,26.3,28.75416667,75.0,88.0,66.0,SSW,3,WSW,12,0.0,,6.0
7/19/2017,1009.9,31.1,27.6,28.84583333,78.0,85.0,71.0,SE,3,SE,9,0.0,,5.0
7/20/2017,1009.2,32.0,24.1,29.32916667,80.0,97.0,73.0,ESE,4,NE,18,1.9,,6.0
7/21/2017,1010.2,32.8,26.2,28.4125,82.0,95.0,72.0,VRB,2,ENE,10,0.0,,6.0
7/22/2017,1010.5,31.8,25.5,28.9625,81.0,92.0,74.0,VRB,2,NNE,7,0.0,,6.0
7/23/2017,1010.4,32.5,25.4,28.82916667,79.0,93.0,67.0,VRB,1,ESE,7,0.0,,5.0
7/24/2017,1010.0,33.0,26.1,29.55416667,78.0,94.0,69.0,VRB,1,N,9,1.1,,4.0
7/25/2017,1009.6,33.3,28.1,29.69166667,81.0,94.0,72.0,WNW,2,NW,9,0.05,,4.0
7/26/2017,1010.3,33.4,26.1,30.02083333,77.0,86.0,68.0,VRB,2,S,10,0.0,,6.0
7/27/2017,1011.3,32.0,24.2,28.02083333,84.0,97.0,72.0,VRB,2,W,29,33.8,,7.0
7/28/2017,1011.7,31.2,26.4,28.2875,79.0,89.0,71.0,W,5,W,23,0.05,,7.0
7/29/2017,1011.7,33.8,26.4,29.5,79.0,92.0,69.0,W,2,W,10,0.0,,7.0
7/30/2017,1011.3,33.1,27.1,29.6875,78.0,86.0,70.0,SW,2,SW,7,0.05,,6.0
7/31/2017,1011.7,31.9,25.0,28.59166667,81.0,93.0,72.0,VRB,1,SSW,10,0.05,,5.0
8/1/2017,1012.4,32.2,25.1,28.40434783,80.0,96.0,67.0,VRB,2,S,9,0.0,,4.0
8/2/2017,1012.5,32.6,27.0,29.12916667,79.0,93.0,69.0,SSW,3,SSW,13,0.9,,5.0
8/3/2017,1011.7,32.0,24.9,29.43333333,79.0,85.0,72.0,W,6,WSW,16,3.1,,6.0
8/4/2017,1010.2,33.2,27.0,29.20833333,80.0,88.0,73.0,W,5,W,24,0.2,,6.0
8/5/2017,1009.5,32.3,25.5,29.3875,78.0,92.0,70.0,WSW,3,SW,12,0.0,,4.0
8/6/2017,1009.3,33.1,22.8,29.57083333,77.0,92.0,66.0,VRB,3,SW,31,16.3,,6.0
8/7/2017,1009.8,32.1,24.9,28.6125,81.0,98.0,73.0,W,6,SSW,24,13.0,,6.0
8/8/2017,1010.1,29.8,24.3,28.10833333,83.0,99.0,74.0,WNW,6,WNW,35,12.7,,7.0
8/9/2017,1010.8,29.1,23.1,27.13333333,84.0,97.0,75.0,WSW,11,W,38,16.4,,7.0
8/10/2017,1010.7,31.2,25.4,27.675,81.0,89.0,70.0,W,7,WNW,23,6.4,,6.0
8/11/2017,1011.2,32.4,25.8,28.49166667,83.0,90.0,75.0,W,4,W,18,0.05,,6.0
8/12/2017,1011.4,33.1,27.3,29.5375,79.0,87.0,72.0,W,4,W,11,0.05,,6.0
8/13/2017,1011.8,32.4,26.2,29.375,76.0,84.0,68.0,VRB,2,NW,8,0.0,,3.0
8/14/2017,1012.2,32.9,24.9,28.7,79.0,92.0,66.0,VRB,1,WNW,6,0.0,,3.0
8/15/2017,1011.5,32.0,26.1,28.55416667,76.0,87.0,67.0,VRB,2,S,9,0.0,,5.0
8/16/2017,1010.7,32.0,27.0,29.425,75.0,87.0,68.0,SW,4,SW,11,0.5,,3.0
8/17/2017,1009.4,32.1,24.7,29.15416667,80.0,88.0,72.0,SSW,7,SSW,25,4.1,,3.0
8/18/2017,1009.5,31.2,24.5,27.2875,86.0,97.0,78.0,SW,6,W,32,9.0,,6.0
8/19/2017,1009.6,31.5,27.8,29.4125,80.0,89.0,75.0,SW,6,SW,16,0.0,,6.0
8/20/2017,1009.1,32.4,27.9,29.53333333,80.0,85.0,75.0,WSW,5,WSW,14,0.0,,5.0
8/21/2017,1008.2,32.2,25.6,29.40416667,79.0,90.0,73.0,SW,3,SW,10,0.0,,5.0
8/22/2017,1008.6,31.6,25.0,28.34583333,82.0,93.0,74.0,VRB,1,NNW,19,0.05,,6.0
8/23/2017,1009.3,32.2,26.4,28.77916667,81.0,89.0,73.0,VRB,2,NW,7,0.0,,6.0
8/24/2017,1009.8,32.8,26.3,29.4,79.0,90.0,72.0,WNW,3,W,14,0.05,,5.0
8/25/2017,1009.3,33.2,28.2,30.05,77.0,83.0,70.0,W,3,NNW,11,0.0,,4.0
8/26/2017,1008.6,32.6,24.4,28.99166667,81.0,91.0,73.0,SW,5,WSW,23,6.0,,6.0
8/27/2017,1008.6,31.3,25.1,28.31666667,84.0,93.0,76.0,SSW,6,W,30,0.2,,6.0
8/28/2017,1008.3,32.2,27.0,29.62083333,79.0,87.0,70.0,S,8,S,16,1.3,,5.0
8/29/2017,1008.3,32.4,27.4,29.62083333,78.0,87.0,71.0,SW,6,SSW,16,0.0,,5.0
8/30/2017,1009.4,32.9,24.8,29.0875,81.0,94.0,71.0,SSW,4,W,17,1.6,,5.0
8/31/2017,1010.0,32.9,23.9,29.23333333,82.0,99.0,72.0,NW,6,WNW,32,40.4,,5.0
9/1/2017,1011.1,31.8,22.5,26.825,84.0,94.0,73.0,WSW,9,W,36,27.4,,7.0
9/2/2017,1010.6,28.8,24.5,27.57916667,86.0,100.0,79.0,WNW,4,NNW,25,0.4,,7.0
9/3/2017,1010.6,29.4,24.5,27.65416667,87.0,94.0,82.0,NW,4,SW,25,13.1,,7.0
9/4/2017,1011.5,31.7,24.6,27.59583333,85.0,95.0,76.0,SSW,4,SW,20,9.2,,7.0
9/5/2017,1011.9,29.9,23.8,26.76666667,85.0,96.0,75.0,W,6,W,34,14.0,,7.0
9/6/2017,1011.5,29.0,24.2,26.70833333,85.0,96.0,80.0,W,11,SSW,33,21.7,,7.0
9/7/2017,1010.4,31.3,23.7,27.80833333,83.0,96.0,72.0,WSW,7,W,28,33.6,,6.0
9/8/2017,1010.3,31.0,25.5,28.06666667,83.0,96.0,77.0,SSW,6,W,23,5.0,,5.0
9/9/2017,1009.4,31.0,24.4,27.78333333,84.0,93.0,71.0,SW,6,W,24,15.2,,6.0
9/10/2017,1008.6,31.1,24.4,27.09583333,87.0,97.0,75.0,W,5,W,26,25.4,,6.0
9/11/2017,1009.3,31.0,25.1,27.64166667,85.0,95.0,76.0,WSW,10,W,28,6.6,,6.0
9/12/2017,1010.2,31.0,24.1,27.60416667,82.0,92.0,73.0,W,11,SW,30,13.1,,7.0
9/13/2017,1010.8,31.2,27.2,28.4875,80.0,92.0,71.0,W,8,W,28,0.5,,7.0
9/14/2017,1010.9,32.0,26.0,28.875,80.0,92.0,69.0,SSW,4,S,15,0.1,,5.0
9/15/2017,1010.9,31.9,25.5,28.8,79.0,90.0,71.0,SW,3,SSW,16,2.6,,5.0
9/16/2017,1011.8,31.8,27.0,28.87916667,77.0,85.0,68.0,SSW,6,SW,20,0.3,,4.0
9/17/2017,1012.9,31.8,27.0,29.15833333,77.0,87.0,69.0,S,6,S,15,0.0,,6.0
9/18/2017,1012.8,32.1,26.6,29.375,76.0,85.0,67.0,SSW,4,SSW,14,0.0,,6.0
9/19/2017,1012.4,32.0,27.6,29.22916667,79.0,88.0,68.0,WSW,5,SW,17,2.8,,5.0
9/20/2017,1011.5,32.5,26.4,29.39166667,79.0,93.0,72.0,W,4,SW,14,3.0,,5.0
9/21/2017,1010.7,32.5,23.6,28.16666667,81.0,93.0,70.0,WSW,4,W,29,16.6,,5.0
9/22/2017,1010.5,32.5,26.4,29.20416667,79.0,90.0,70.0,NW,5,WNW,21,2.5,,4.0
9/23/2017,1011.6,31.7,26.0,28.89583333,79.0,93.0,71.0,NNW,2,NNW,11,0.05,,6.0
9/24/2017,1011.8,32.1,26.0,28.4375,82.0,94.0,68.0,VRB,1,WNW,12,2.8,,6.0
9/25/2017,1010.5,32.8,26.6,29.48333333,78.0,85.0,69.0,WNW,3,WNW,8,0.0,,6.0
9/26/2017,1010.5,33.1,25.6,29.75,75.0,83.0,68.0,W,3,W,8,1.1,,3.0
9/27/2017,1011.1,32.6,27.9,29.4375,76.0,89.0,70.0,SW,4,W,20,0.05,,3.0
9/28/2017,1010.9,32.0,27.0,29.66666667,75.0,81.0,68.0,WSW,5,WSW,13,0.05,,3.0
9/29/2017,1010.7,32.1,28.0,29.62916667,75.0,82.0,69.0,WSW,5,WSW,20,0.0,,3.0
9/30/2017,1011.3,32.3,28.0,29.7875,73.0,79.0,67.0,SW,6,SW,13,0.0,,2.0
10/1/2017,1011.1,32.2,26.2,29.84583333,73.0,82.0,66.0,SW,7,SW,18,1.2,,2.0
10/2/2017,1010.2,31.5,24.1,28.00416667,81.0,93.0,72.0,WSW,10,WSW,31,14.3,,6.0
10/3/2017,1010.2,30.1,24.2,27.55,82.0,97.0,76.0,WSW,11,WSW,32,10.9,,7.0
10/4/2017,1010.0,31.5,24.6,29.04583333,79.0,88.0,73.0,WSW,9,W,20,0.9,,6.0
10/5/2017,1009.5,31.5,25.2,28.41666667,82.0,92.0,74.0,WSW,9,WSW,24,13.0,,6.0
10/6/2017,1009.2,32.2,25.2,28.98333333,79.0,87.0,72.0,W,10,W,25,10.5,,5.0
10/7/2017,1009.6,31.2,24.9,28.89166667,81.0,89.0,76.0,W,9,W,32,8.7,,6.0
10/8/2017,1008.9,31.8,26.1,29.13333333,80.0,89.0,74.0,WSW,9,WSW,23,1.3,,5.0
10/9/2017,1008.0,31.0,24.2,28.4,81.0,89.0,77.0,WSW,7,WSW,22,10.2,,6.0
10/10/2017,1007.8,30.2,24.4,27.16666667,86.0,94.0,79.0,SW,7,WSW,30,2.7,,6.0
10/11/2017,1008.3,31.6,28.2,29.24166667,80.0,85.0,74.0,WSW,7,WSW,21,0.0,,6.0
10/12/2017,1009.0,31.9,27.9,29.55833333,79.0,85.0,72.0,WSW,5,WSW,15,0.0,,3.0
10/13/2017,1009.1,32.0,27.2,29.54166667,77.0,84.0,71.0,WSW,5,WSW,12,0.0,,3.0
10/14/2017,1010.0,32.0,27.9,29.56666667,76.0,84.0,70.0,WSW,6,WSW,15,0.0,,4.0
10/15/2017,1010.7,32.2,27.3,29.4125,79.0,84.0,71.0,WSW,6,W,18,0.05,,7.0
10/16/2017,1010.5,33.0,28.1,29.775,76.0,82.0,69.0,W,8,W,17,0.0,,5.0
10/17/2017,1010.0,32.9,28.0,29.74583333,78.0,85.0,71.0,W,8,W,19,0.0,,6.0
10/18/2017,1009.5,32.8,27.9,29.775,76.0,82.0,69.0,W,7,W,17,0.0,,4.0
10/19/2017,1010.2,32.5,28.0,29.69166667,77.0,82.0,70.0,WSW,7,WSW,19,0.0,,3.0
10/20/2017,1011.1,32.5,26.6,29.35416667,79.0,90.0,70.0,SSW,6,S,17,0.7,,3.0
10/21/2017,1011.9,31.8,24.9,28.4625,80.0,96.0,72.0,S,8,WSW,25,7.3,,3.0
10/22/2017,1011.5,32.2,26.0,29.25833333,78.0,85.0,69.0,SSW,5,SSW,17,8.4,,3.0
10/23/2017,1011.5,32.1,25.5,28.95833333,81.0,93.0,70.0,VRB,3,WSW,14,0.0,,4.0
10/24/2017,1012.1,32.9,25.6,29.29583333,80.0,95.0,70.0,VRB,2,W,11,0.2,,2.0
10/25/2017,1012.4,32.1,25.7,28.79166667,81.0,95.0,71.0,VRB,1,S,9,0.0,,2.0
10/26/2017,1012.4,31.2,27.3,28.88333333,77.0,89.0,70.0,SSE,3,SSE,11,0.0,,2.0
10/27/2017,1010.9,31.6,25.3,28.40416667,81.0,97.0,72.0,SSE,3,SE,10,3.4,,2.0
10/28/2017,1011.2,31.2,26.1,28.12916667,82.0,92.0,73.0,VRB,2,SW,14,0.1,,3.0
10/29/2017,1011.8,31.7,26.8,28.57916667,79.0,88.0,72.0,SW,4,WSW,13,0.0,,3.0
10/30/2017,1011.1,33.1,25.0,28.4625,79.0,93.0,67.0,W,4,WSW,23,3.0,,4.0
10/31/2017,1010.4,31.3,25.6,28.2625,81.0,93.0,75.0,WSW,6,SW,23,4.4,,6.0
11/1/2017,1010.8,31.2,24.2,27.40833333,85.0,95.0,75.0,W,9,W,27,8.7,,6.0
11/2/2017,1009.5,32.4,25.4,28.675,82.0,94.0,72.0,W,8,W,23,7.3,,6.0
11/3/2017,1008.3,32.1,24.7,28.17916667,84.0,98.0,77.0,W,5,W,28,28.8,,7.0
11/4/2017,1008.2,33.1,24.0,29.025,81.0,91.0,75.0,W,5,W,18,19.8,,6.0
11/5/2017,1009.3,30.8,22.5,27.04583333,87.0,100.0,77.0,W,4,W,22,56.2,,7.0
11/6/2017,1010.2,27.8,24.5,25.66666667,91.0,99.0,81.0,WSW,6,SW,20,10.9,,7.0
11/7/2017,1010.4,32.0,24.1,27.92916667,83.0,96.0,70.0,W,4,W,13,9.6,,7.0
11/8/2017,1010.8,31.7,24.4,27.66666667,85.0,97.0,71.0,VRB,2,W,14,21.3,,6.0
11/9/2017,1009.9,29.3,24.6,27.05,88.0,97.0,80.0,W,6,W,23,19.8,,7.0
11/10/2017,1010.1,28.8,24.7,26.6875,88.0,95.0,80.0,WSW,3,W,15,3.8,,6.0
11/11/2017,1009.7,32.0,24.7,27.1375,89.0,97.0,75.0,VRB,2,SW,14,10.6,,5.0
11/12/2017,1009.2,31.7,26.4,28.60833333,81.0,91.0,73.0,SSW,4,SSW,12,0.0,,3.0
11/13/2017,1008.7,31.9,24.4,28.86666667,80.0,93.0,71.0,SW,7,SSW,23,28.4,,3.0
11/14/2017,1009.0,30.0,24.5,26.8375,88.0,97.0,84.0,WSW,9,W,32,14.4,,6.0
11/15/2017,1009.3,29.7,23.4,26.05833333,92.0,98.0,83.0,VRB,2,W,24,43.2,,7.0
11/16/2017,1009.9,30.2,25.0,26.53333333,90.0,97.0,79.0,W,5,W,21,11.3,,7.0
11/17/2017,1009.0,32.4,24.6,28.57083333,82.0,98.0,71.0,W,4,W,19,45.1,,6.0
11/18/2017,1009.6,32.0,25.5,27.8875,83.0,97.0,68.0,VRB,1,NNW,12,0.0,,5.0
11/19/2017,1010.5,32.8,26.5,29.15,78.0,90.0,72.0,W,3,W,11,5.1,,4.0
11/20/2017,1010.7,32.8,27.4,29.275,78.0,87.0,69.0,W,4,WSW,18,0.05,,6.0
11/21/2017,1009.9,32.9,27.5,29.60833333,78.0,85.0,70.0,W,3,W,9,0.0,,6.0
11/22/2017,1009.2,33.0,24.1,27.975,85.0,97.0,73.0,W,3,W,17,4.7,,7.0
11/23/2017,1009.9,29.9,24.4,27.6,85.0,97.0,81.0,WSW,4,W,14,5.4,,7.0
11/24/2017,1011.1,31.2,24.1,26.59583333,88.0,94.0,76.0,VRB,3,N,15,7.0,,7.0
11/25/2017,1011.7,31.2,24.8,27.97916667,84.0,96.0,76.0,VRB,1,NNE,10,0.2,,6.0
11/26/2017,1011.9,32.0,24.0,27.73333333,83.0,97.0,71.0,VRB,2,S,13,5.6,,7.0
11/27/2017,1010.7,31.0,25.3,27.61666667,84.0,97.0,77.0,WSW,5,WSW,22,4.9,,7.0
11/28/2017,1010.5,30.2,24.0,26.7875,88.0,100.0,77.0,W,6,W,24,87.4,,7.0
11/29/2017,1010.6,29.0,24.9,27.39583333,85.0,89.0,80.0,SW,8,WSW,21,11.3,,7.0
11/30/2017,1009.0,28.3,23.8,27.14166667,86.0,97.0,79.0,SW,12,SW,37,60.3,,7.0
12/1/2017,1008.5,31.0,27.1,28.725,79.0,86.0,73.0,SW,12,SW,23,0.1,,6.0
12/2/2017,1009.6,31.2,25.1,28.50833333,81.0,90.0,75.0,SW,9,SW,23,8.7,,6.0
12/3/2017,1010.2,31.1,25.1,27.94583333,84.0,97.0,74.0,WSW,8,SW,25,8.7,,6.0
12/4/2017,1010.4,28.9,24.3,26.05416667,93.0,97.0,88.0,W,5,WNW,25,38.4,,7.0
12/5/2017,1010.0,30.4,24.4,27.12916667,86.0,97.0,79.0,WNW,5,WSW,32,16.9,,6.0
12/6/2017,1010.0,31.7,26.4,28.275,79.0,86.0,74.0,WNW,4,W,17,1.6,,4.0
12/7/2017,1010.0,31.8,25.8,28.59166667,78.0,91.0,72.0,NW,3,NW,9,0.0,,3.0
12/8/2017,1010.5,31.8,24.3,28.3875,76.0,92.0,69.0,VRB,2,WNW,8,0.0,,1.0
12/9/2017,1011.0,30.9,24.0,27.31666667,80.0,92.0,72.0,VRB,2,N,7,0.0,,2.0
12/10/2017,1012.0,31.4,23.0,27.18333333,80.0,92.0,69.0,VRB,0,NW,6,0.0,,2.0
12/11/2017,1012.9,30.8,23.8,26.97083333,78.0,94.0,65.0,VRB,1,S,7,0.0,,1.0
12/12/2017,1012.9,30.8,24.0,27.625,79.0,93.0,70.0,VRB,1,SE,10,0.0,,1.0
12/13/2017,1012.6,32.0,25.4,28.17916667,78.0,94.0,69.0,VRB,1,SSW,5,0.0,,1.0
12/14/2017,1012.1,31.8,25.0,28.32083333,77.0,90.0,68.0,VRB,2,NNW,9,0.0,,1.0
12/15/2017,1012.0,32.5,24.0,27.31666667,87.0,100.0,73.0,VRB,2,NE,18,40.2,,5.0
12/16/2017,1012.0,30.5,24.4,27.57916667,85.0,97.0,76.0,E,5,ENE,19,16.3,,6.0
12/17/2017,1012.4,28.9,24.4,26.32916667,90.0,97.0,80.0,VRB,2,W,12,16.6,,7.0
12/18/2017,1013.0,28.9,23.5,26.40416667,87.0,98.0,77.0,NE,4,NW,18,11.2,,7.0
12/19/2017,1011.7,31.2,26.3,28.57916667,75.0,86.0,61.0,NNE,7,NNE,19,0.0,,4.0
12/20/2017,1012.4,31.0,25.5,28.28333333,79.0,91.0,71.0,NE,4,NNE,13,0.05,,3.0
12/21/2017,1012.2,31.1,25.6,28.33333333,81.0,90.0,74.0,N,3,NE,11,0.0,,2.0
12/22/2017,1011.2,31.2,25.4,27.94583333,84.0,95.0,75.0,NE,4,NNE,18,13.2,,3.0
12/23/2017,1009.9,31.0,23.2,26.70833333,88.0,100.0,76.0,VRB,3,SSE,15,128.7,,6.0
12/24/2017,1010.0,27.3,23.8,26.4375,88.0,100.0,81.0,NE,7,NE,18,10.0,,6.0
12/25/2017,1010.3,31.0,26.9,28.69583333,77.0,84.0,72.0,NNE,6,NNE,16,0.0,,6.0
12/26/2017,1010.3,31.4,27.4,28.78333333,79.0,85.0,70.0,NNE,6,NNE,15,0.0,,5.0
12/27/2017,1009.7,31.5,27.0,28.94166667,80.0,85.0,72.0,NNE,8,NE,16,0.0,,6.0
12/28/2017,1009.4,29.7,22.9,28.1875,83.0,93.0,80.0,NE,7,NE,18,40.5,,7.0
12/29/2017,1010.8,28.8,25.0,26.15416667,89.0,99.0,84.0,NE,5,NE,14,0.7,,7.0
12/30/2017,1010.5,30.3,24.9,28.06666667,80.0,90.0,72.0,NE,7,NNE,19,9.1,,7.0
12/31/2017,1010.1,28.3,22.9,24.6375,95.0,100.0,86.0,VRB,3,NE,18,119.6,,7.0
1/1/2018,1009.170833,30.6,25.6,27.89583333,82.0,93.0,74.0,E,3,NE,9,0.0,,4.0
1/2/2018,1008.804167,31.0,25.6,28.49166667,77.0,86.0,69.0,ESE,2,SSE,8,0.0,,3.0
1/3/2018,1010.320833,29.6,23.5,26.22083333,84.0,97.0,74.0,VRB,3,W,25,16.1,,6.0
1/4/2018,1010.666667,30.4,25.8,27.8,81.0,92.0,76.0,NNE,3,NNE,12,0.05,,3.0
1/5/2018,1009.695833,30.8,23.9,27.8875,77.0,90.0,68.0,NE,4,NE,12,0.0,,2.0
1/6/2018,1010.104167,30.8,25.6,27.74166667,76.0,92.0,66.0,VRB,3,NNE,10,0.0,,3.0
1/7/2018,1010.108333,30.4,25.9,28.14166667,70.0,84.0,66.0,N,4,N,13,0.0,,5.0
1/8/2018,1010.791667,30.8,25.9,27.99166667,70.0,79.0,62.0,N,5,N,13,0.0,,5.0
1/9/2018,1011.641667,31.1,26.4,28.3125,72.0,79.0,65.0,NNE,6,NE,15,0.0,,6.0
1/10/2018,1012.458333,31.1,26.5,28.3625,71.0,78.0,66.0,NE,6,NE,13,0.0,,3.0
1/11/2018,1012.270833,31.0,24.8,27.97083333,75.0,82.0,68.0,NE,4,ENE,12,0.0,,5.0
1/12/2018,1011.908333,30.8,24.7,27.81666667,73.0,83.0,65.0,VRB,2,ENE,8,0.0,,6.0
1/13/2018,1011.170833,31.0,23.1,27.30833333,76.0,89.0,65.0,VRB,2,ENE,8,0.0,,3.0
1/14/2018,1011.183333,30.5,26.5,27.725,78.0,93.0,70.0,VRB,2,E,8,0.0,,5.0
1/15/2018,1010.475,31.1,27.0,28.59166667,79.0,87.0,73.0,ENE,6,ENE,23,1.2,,5.0
1/16/2018,1010.5375,31.1,26.3,28.69583333,76.0,83.0,72.0,NE,7,NE,16,0.2,,6.0
1/17/2018,1010.258333,31.1,26.7,28.47083333,78.0,83.0,73.0,NE,7,NNE,15,0.0,,6.0
1/18/2018,1010.3125,31.8,27.0,28.7625,75.0,82.0,67.0,NE,9,NE,16,0.0,,5.0
1/19/2018,1010.745833,31.0,26.4,28.3875,73.0,78.0,67.0,NE,8,NNE,16,0.0,,6.0
1/20/2018,1010.583333,31.1,26.4,28.25833333,74.0,82.0,66.0,NNE,7,NNE,16,0.0,,6.0
1/21/2018,1009.9625,31.0,25.4,28.05833333,75.0,85.0,66.0,NNE,5,NE,14,0.0,,6.0
1/22/2018,1009.858333,31.0,26.1,28.05833333,77.0,87.0,70.0,VRB,2,NE,8,0.05,,6.0
1/23/2018,1009.6625,29.3,24.6,27.2,83.0,92.0,76.0,VRB,3,NW,17,8.2,,6.0
1/24/2018,1009.095833,31.8,25.2,28.5625,75.0,87.0,65.0,W,5,W,20,0.7,,3.0
1/25/2018,1008.854167,32.0,25.0,28.44166667,79.0,90.0,70.0,W,4,WSW,20,6.9,,3.0
1/26/2018,1009.720833,31.7,24.0,27.7125,78.0,93.0,67.0,VRB,1,N,7,0.0,,4.0
1/27/2018,1010.241667,31.8,25.6,27.73333333,77.0,96.0,68.0,VRB,2,NW,13,0.0,,4.0
1/28/2018,1010.1375,31.8,26.9,28.49166667,75.0,84.0,69.0,WNW,4,WNW,13,0.0,,4.0
1/29/2018,1010.883333,31.8,24.1,28.40833333,75.0,89.0,64.0,NW,3,ENE,13,1.7,,3.0
1/30/2018,1010.891667,30.8,25.9,27.94166667,79.0,92.0,68.0,NNE,3,NNE,10,0.0,,2.0
1/31/2018,1010.941667,31.2,26.4,28.1375,82.0,90.0,75.0,NNE,4,NNE,15,2.4,,6.0
2/1/2018,1011.125,31.3,26.7,28.44166667,78.0,89.0,67.0,NNE,5,NNE,13,0.0,,6.0
2/2/2018,1010.258333,31.4,26.6,28.52083333,75.0,85.0,64.0,NNE,6,NNE,17,0.05,,3.0
2/3/2018,1010.241667,30.0,24.0,27.90833333,79.0,95.0,72.0,NNE,6,NE,18,25.9,,6.0
2/4/2018,1010.258333,30.9,23.4,27.69166667,85.0,97.0,75.0,NNE,7,NE,23,64.2,,6.0
2/5/2018,1012.15,28.9,23.4,24.7375,94.0,99.0,84.0,VRB,3,NNE,17,26.1,,6.0
2/6/2018,1011.9875,30.1,23.8,27.69166667,83.0,97.0,68.0,SE,3,SE,11,2.4,,3.0
2/7/2018,1012.05,30.8,23.9,27.28333333,84.0,100.0,68.0,VRB,2,NE,15,9.9,,4.0
2/8/2018,1011.083333,30.4,24.5,27.19166667,84.0,98.0,72.0,VRB,2,NE,17,6.6,,2.0
2/9/2018,1011.154167,31.2,26.5,28.2125,81.0,93.0,75.0,NW,3,NW,8,0.0,,2.0
2/10/2018,1011.8375,30.9,24.8,28.1,81.0,96.0,72.0,N,3,N,11,0.0,,2.0
2/11/2018,1012.025,31.0,25.6,28.27916667,82.0,93.0,75.0,NE,3,E,9,0.05,,3.0
2/12/2018,1013.504167,31.1,25.1,27.76666667,83.0,93.0,73.0,VRB,1,NNE,12,0.2,,4.0
2/13/2018,1014.479167,31.2,26.6,28.49166667,79.0,89.0,71.0,NNW,4,NE,16,0.0,,2.0
2/14/2018,1013.533333,31.8,27.3,28.875,76.0,86.0,66.0,NNE,8,NE,17,0.0,,4.0
2/15/2018,1013.395833,31.3,24.9,28.875,78.0,95.0,71.0,NE,9,ENE,23,5.3,,6.0
2/16/2018,1012.945833,29.2,25.6,27.85416667,83.0,93.0,79.0,NE,7,NE,22,3.5,,6.0
2/17/2018,1010.945833,31.0,24.0,27.20833333,85.0,97.0,77.0,NE,4,E,19,42.3,,7.0
2/18/2018,1010.308333,31.1,26.1,28.32916667,76.0,85.0,67.0,NE,4,NE,13,0.0,,7.0
2/19/2018,1009.679167,31.1,27.2,28.82916667,74.0,83.0,67.0,NE,6,NNE,14,0.0,,2.0
2/20/2018,1009.808333,31.9,26.2,28.60416667,71.0,80.0,63.0,NNE,7,NNE,18,0.0,,3.0
2/21/2018,1009.6,31.1,24.0,28.0125,73.0,87.0,66.0,NNE,5,NNE,15,0.0,,6.0
2/22/2018,1008.916667,31.0,26.1,27.95416667,73.0,92.0,64.0,NNE,6,NNE,16,0.0,,5.0
2/23/2018,1009.208333,31.1,25.3,28.2,71.0,85.0,62.0,NE,5,NE,16,0.0,,3.0
2/24/2018,1009.845833,31.3,25.3,28.47916667,81.0,93.0,72.0,NE,5,NE,21,1.9,,3.0
2/25/2018,1009.825,29.8,24.2,27.08333333,87.0,97.0,82.0,E,3,NE,19,19.5,,5.0
2/26/2018,1010.220833,28.8,25.0,26.57083333,86.0,96.0,78.0,NNE,5,NNE,20,6.1,,5.0
2/27/2018,1009.108333,31.1,27.2,28.65416667,81.0,87.0,72.0,NE,5,ENE,16,0.05,,2.0
2/28/2018,1009.0125,31.4,27.1,28.95,79.0,86.0,72.0,ENE,4,NNE,14,0.0,,2.0
3/1/2018,1008.7375,31.7,23.7,27.76666667,85.0,97.0,73.0,NNE,4,NNE,19,20.8,,5.0
3/2/2018,1008.716667,31.5,24.7,29.04583333,80.0,86.0,75.0,NE,7,SE,22,25.7,,6.0
3/3/2018,1009.308333,30.2,24.7,26.8375,86.0,96.0,77.0,NNE,3,E,19,0.8,,7.0
3/4/2018,1009.129167,31.5,25.5,28.29583333,80.0,94.0,71.0,VRB,1,ENE,9,0.0,,4.0
3/5/2018,1009.379167,31.8,25.8,28.84166667,80.0,89.0,73.0,N,3,NE,13,0.5,,3.0
3/6/2018,1009.8875,31.6,25.4,28.275,82.0,96.0,72.0,N,4,NNE,15,2.9,,5.0
3/7/2018,1009.979167,32.0,24.9,28.6125,81.0,96.0,74.0,NW,4,N,20,18.2,,7.0
3/8/2018,1010.145833,31.0,27.7,28.97083333,81.0,87.0,75.0,NW,4,WNW,12,0.0,,7.0
3/9/2018,1009.658333,32.4,27.4,29.49166667,78.0,87.0,71.0,NNW,4,NW,15,0.0,,6.0
3/10/2018,1009.245833,31.9,26.1,29.04166667,79.0,89.0,66.0,N,4,NW,20,1.9,,6.0
3/11/2018,1009.5,31.2,23.9,27.9,83.0,98.0,71.0,NNE,3,NE,22,42.6,,7.0
3/12/2018,1009.6875,31.3,24.0,27.7125,84.0,98.0,73.0,NNE,4,NE,14,3.3,,7.0
3/13/2018,1009.379167,32.7,26.3,28.93333333,83.0,97.0,71.0,VRB,1,WNW,12,0.05,,5.0
3/14/2018,1009.65,31.6,27.4,28.77916667,81.0,90.0,71.0,S,5,S,14,0.05,,6.0
3/15/2018,1009.945833,32.1,24.6,28.8375,79.0,95.0,70.0,SSW,3,SSW,9,0.0,,4.0
3/16/2018,1008.908333,32.4,27.6,29.00833333,78.0,96.0,67.0,VRB,1,NW,7,0.05,,2.0
3/17/2018,1009.295833,32.0,27.4,29.36666667,76.0,82.0,71.0,NNW,4,N,12,0.0,,2.0
3/18/2018,1010.220833,32.1,26.1,28.89583333,79.0,90.0,69.0,N,3,NNE,10,0.05,,2.0
3/19/2018,1010.895833,32.1,28.1,29.3,79.0,89.0,72.0,NE,6,NE,16,0.05,,3.0
3/20/2018,1010.975,31.9,27.4,29.575,77.0,83.0,73.0,E,5,E,19,0.8,,2.0
3/21/2018,1011.391667,32.0,25.6,29.18333333,77.0,90.0,69.0,VRB,3,SE,12,0.05,,4.0
3/22/2018,1010.516667,32.9,28.0,29.48333333,78.0,93.0,69.0,W,3,WNW,9,0.0,,3.0
3/23/2018,1010.0375,32.9,27.7,29.77916667,76.0,84.0,68.0,WNW,4,WNW,11,0.0,,3.0
3/24/2018,1010.3875,33.4,28.1,30.10416667,76.0,85.0,68.0,WNW,2,WNW,7,0.0,,6.0
3/25/2018,1011.241667,32.3,25.4,29.02083333,77.0,91.0,69.0,VRB,2,NW,8,0.0,,5.0
3/26/2018,1011.5,32.0,24.2,28.77083333,74.0,92.0,63.0,VRB,2,S,14,4.8,,3.0
3/27/2018,1011.116667,31.8,26.2,28.57083333,77.0,95.0,65.0,VRB,1,S,7,0.05,,5.0
3/28/2018,1010.8625,32.5,25.6,28.92083333,80.0,92.0,68.0,VRB,1,NNE,11,0.05,,5.0
3/29/2018,1010.954167,33.0,27.1,29.45416667,77.0,93.0,65.0,VRB,1,S,8,0.0,,1.0
3/30/2018,1010.779167,33.8,28.9,30.525,72.0,80.0,65.0,WSW,3,WSW,12,0.0,,2.0
3/31/2018,1010.141667,33.1,26.4,29.47916667,77.0,83.0,72.0,W,3,W,16,0.05,,6.0
4/1/2018,1009.65,33.2,28.3,30.10833333,74.0,82.0,66.0,S,4,S,18,0.0,,6.0
4/2/2018,1010.079167,32.7,27.1,29.6375,76.0,88.0,67.0,S,5,S,13,0.05,,4.0
4/3/2018,1009.254167,33.2,26.2,29.29583333,77.0,89.0,66.0,VRB,1,S,7,0.05,,2.0
4/4/2018,1008.0625,33.3,28.4,30.12916667,73.0,87.0,64.0,VRB,1,WSW,6,0.05,,2.0
4/5/2018,1007.604167,33.9,26.0,29.8375,76.0,92.0,65.0,VRB,2,W,19,6.1,,3.0
4/6/2018,1008.85,32.8,25.6,28.51541667,78.0,87.0,72.0,S,3,SSE,13,0.0,,5.0
4/7/2018,1008.995833,33.2,26.0,29.45833333,76.0,92.0,63.0,VRB,1,SW,9,0.0,,6.0
4/8/2018,1008.9875,32.9,25.0,29.525,77.0,93.0,68.0,VRB,2,WNW,13,1.8,,3.0
4/9/2018,1009.0375,32.0,25.6,28.39583333,83.0,98.0,71.0,VRB,0,NNW,7,6.2,,6.0
4/10/2018,1008.308333,32.4,25.4,29.2875,79.0,98.0,70.0,SSE,3,S,17,8.9,,3.0
4/11/2018,1008.8,32.0,25.6,27.77083333,86.0,97.0,69.0,VRB,2,W,15,18.0,,6.0
4/12/2018,1009.1,32.2,25.4,28.4375,84.0,96.0,77.0,W,6,WSW,18,18.6,,7.0
4/13/2018,1009.35,30.2,26.2,27.77916667,84.0,95.0,74.0,N,3,N,18,0.7,,7.0
4/14/2018,1009.054167,32.2,23.8,28.24166667,83.0,98.0,72.0,WSW,3,NNE,15,37.6,,7.0
4/15/2018,1009.304167,32.0,24.1,28.36666667,84.0,98.0,77.0,VRB,2,NNW,18,1.2,,7.0
4/16/2018,1010.0625,32.2,26.3,28.9125,83.0,92.0,72.0,VRB,2,NNW,10,0.05,,7.0
4/17/2018,1010.933333,31.2,26.9,28.8125,82.0,91.0,73.0,S,4,WSW,12,0.3,,6.0
4/18/2018,1011.45,30.9,24.4,26.775,88.0,97.0,76.0,SW,6,WNW,26,65.0,,7.0
4/19/2018,1010.233333,29.2,25.3,27.19083333,86.0,95.0,81.0,SSW,5,S,25,8.1,,7.0
4/20/2018,1009.825,30.0,26.4,27.96666667,83.0,87.0,76.0,WSW,7,SW,23,0.4,,7.0
4/21/2018,1010.2125,32.1,25.6,28.35833333,84.0,95.0,70.0,WSW,3,W,17,6.6,,7.0
4/22/2018,1009.516667,31.8,26.6,29.10416667,80.0,92.0,72.0,SW,5,WSW,15,1.1,,5.0
4/23/2018,1010.070833,32.2,28.1,29.6375,78.0,85.0,71.0,WSW,5,WSW,13,0.0,,6.0
4/24/2018,1010.491667,33.2,28.7,30.24583333,79.0,86.0,74.0,W,5,WSW,12,0.0,,5.0
4/25/2018,1009.645833,33.0,28.0,30.12916667,80.0,86.0,75.0,W,5,W,13,0.0,,3.0
4/26/2018,1008.825,33.6,28.9,30.4625,80.0,87.0,74.0,W,4,WNW,12,0.0,,5.0
4/27/2018,1009.225,32.9,24.7,29.65833333,82.0,93.0,75.0,WSW,5,W,22,39.9,,6.0
4/28/2018,1010.575,30.7,23.1,26.92083333,90.0,100.0,83.0,VRB,3,NE,25,50.6,,7.0
4/29/2018,1009.775,30.1,25.9,27.97083333,86.0,91.0,78.0,WSW,4,S,15,0.2,,7.0
4/30/2018,1009.666667,31.9,27.0,28.9375,83.0,90.0,77.0,SW,5,SW,19,4.3,,6.0
5/1/2018,1010.316667,32.1,26.9,29.44166667,81.0,91.0,75.0,SW,5,SW,21,0.8,,7.0
5/2/2018,1010.133333,32.7,28.1,29.89583333,79.0,86.0,72.0,WSW,6,WSW,18,0.05,,6.0
5/3/2018,1009.575,33.1,25.8,29.54166667,81.0,93.0,72.0,WSW,5,WSW,21,5.8,,6.0
5/4/2018,1010.233333,31.0,23.1,27.525,86.0,99.0,75.0,SW,5,NW,25,35.9,,7.0
5/5/2018,1010.8,31.8,25.9,28.84166667,81.0,90.0,72.0,WSW,5,SW,17,0.4,,6.0
5/6/2018,1010.954167,31.8,26.8,29.1125,81.0,91.0,76.0,WSW,5,WSW,14,1.1,,6.0
5/7/2018,1009.883333,32.3,27.7,29.5125,81.0,87.0,73.0,WSW,3,WSW,11,1.2,,6.0
5/8/2018,1009.6875,33.1,25.0,28.075,87.0,98.0,72.0,WNW,4,W,23,60.2,,6.0
5/9/2018,1010.1,32.5,26.8,28.775,80.0,90.0,69.0,WSW,4,WSW,16,0.1,,6.0
5/10/2018,1010.804167,32.3,24.2,28.74583333,82.0,100.0,69.0,S,5,SW,23,128.1,,5.0
5/11/2018,1010.341667,29.7,24.6,27.34166667,86.0,99.0,77.0,SSW,6,SSW,18,11.4,,7.0
5/12/2018,1009.625,31.0,25.5,28.27083333,84.0,93.0,74.0,S,3,S,13,0.0,,6.0
5/13/2018,1009.625,30.9,25.4,28.1375,83.0,93.0,75.0,VRB,2,W,13,0.1,,6.0
5/14/2018,1009.570833,32.9,24.4,28.4125,84.0,100.0,72.0,VRB,2,NNE,15,12.5,,6.0
5/15/2018,1008.616667,32.3,27.0,28.64583333,84.0,97.0,74.0,VRB,2,WSW,13,3.9,,4.0
5/16/2018,1008.370833,30.9,23.9,27.50833333,87.0,98.0,79.0,SSW,4,WNW,21,74.9,,6.0
5/17/2018,1008.758333,30.1,26.2,27.75833333,85.0,96.0,77.0,S,4,SSW,18,3.2,,7.0
5/18/2018,1007.8625,32.2,25.3,29.0125,80.0,92.0,71.0,SW,7,SSW,22,8.6,,6.0
5/19/2018,1008.433333,30.4,24.6,26.90833333,88.0,97.0,83.0,SSW,11,SW,30,15.5,,7.0
5/20/2018,1008.833333,31.6,26.3,27.92083333,81.0,92.0,71.0,SSW,8,WSW,28,0.8,,7.0
5/21/2018,1009.104167,31.6,24.8,27.6,89.0,97.0,75.0,VRB,2,SW,18,42.6,,6.0
5/22/2018,1009.2375,32.0,23.9,28.40416667,83.0,98.0,75.0,SW,5,NNW,15,31.1,,6.0
5/23/2018,1009.341667,30.3,24.6,28.22916667,82.0,96.0,78.0,W,9,W,30,18.2,,7.0
5/24/2018,1009.695833,29.8,23.5,26.89583333,87.0,100.0,78.0,WNW,7,W,35,88.9,,7.0
5/25/2018,1008.595833,32.1,25.4,28.3625,86.0,95.0,79.0,W,5,WSW,23,11.0,,7.0
5/26/2018,1008.741667,31.2,24.1,28.5875,85.0,96.0,79.0,WSW,6,W,24,49.7,,7.0
5/27/2018,1009.191667,31.0,25.3,28.3,85.0,100.0,78.0,SW,8,SW,22,0.8,,7.0
5/28/2018,1009.375,31.8,28.5,29.60833333,81.0,87.0,76.0,WSW,9,WSW,20,0.0,,6.0
5/29/2018,1009.15,32.0,28.4,29.69166667,80.0,85.0,74.0,W,10,W,21,0.0,,5.0
5/30/2018,1009.1375,32.2,28.1,29.5875,81.0,87.0,77.0,WSW,7,W,18,1.1,,7.0
5/31/2018,1009.479167,31.6,26.5,29.46666667,80.0,87.0,71.0,WSW,7,SW,23,0.7,,6.0
6/1/2018,1009.745833,31.7,27.9,29.32916667,80.0,88.0,75.0,SW,7,SW,20,0.05,,5.0
6/2/2018,1009.758333,31.9,26.8,29.3625,82.0,92.0,74.0,WSW,6,W,20,2.2,,6.0
6/3/2018,1009.429167,32.0,25.4,29.2,79.0,96.0,71.0,SW,6,SW,17,6.3,,6.0
6/4/2018,1008.529167,30.9,27.5,28.54583333,81.0,89.0,74.0,SW,6,SW,19,0.1,,7.0
6/5/2018,1009.470833,30.5,25.7,28.85,81.0,88.0,75.0,SSW,4,S,11,17.0,,7.0
6/6/2018,1012.5375,30.2,24.5,26.525,85.0,96.0,68.0,W,7,WNW,30,10.4,,7.0
6/7/2018,1012.158333,31.1,27.3,28.50416667,81.0,88.0,71.0,S,5,WNW,17,0.05,,7.0
6/8/2018,1011.1,32.1,27.1,29.1875,79.0,88.0,72.0,SSW,6,SSW,15,0.05,,5.0
6/9/2018,1010.433333,32.0,27.5,29.42916667,79.0,85.0,72.0,WSW,4,WSW,10,0.0,,5.0
6/10/2018,1010.979167,32.2,25.4,28.95416667,83.0,95.0,72.0,SW,3,SW,9,6.0,,6.0
6/11/2018,1011.345833,32.1,26.6,28.55416667,83.0,96.0,70.0,S,3,SSW,16,4.6,,5.0
6/12/2018,1010.958333,31.1,24.9,28.45,81.0,89.0,71.0,SSE,6,SE,18,6.1,,6.0
6/13/2018,1011.0875,29.8,25.6,27.47916667,83.0,95.0,69.0,VRB,2,NW,17,0.05,,7.0
6/14/2018,1010.954167,32.0,26.5,28.67083333,82.0,91.0,71.0,ESE,3,SE,13,0.2,,6.0
6/15/2018,1011.725,30.8,24.1,27.35416667,88.0,96.0,79.0,VRB,2,NNE,14,13.1,,7.0
6/16/2018,1012.604167,30.1,24.6,26.92083333,87.0,97.0,79.0,SW,2,NW,12,0.05,,7.0
6/17/2018,1012.325,31.1,24.8,27.07916667,87.0,97.0,73.0,VRB,1,WNW,13,3.3,,7.0
6/18/2018,1011.466667,31.5,26.8,28.875,78.0,88.0,72.0,VRB,2,SSE,10,0.0,,5.0
6/19/2018,1010.483333,31.8,27.0,28.7875,79.0,86.0,70.0,ESE,4,SSE,15,0.0,,5.0
6/20/2018,1011.516667,29.5,24.5,26.82083333,86.0,97.0,80.0,S,5,SSW,15,21.5,,7.0
6/21/2018,1011.333333,31.5,25.5,28.3875,80.0,93.0,68.0,SW,4,WNW,19,6.9,,6.0
6/22/2018,1010.875,31.5,25.6,28.925,78.0,89.0,71.0,SW,4,SSW,12,0.0,,5.0
6/23/2018,1010.529167,32.1,26.6,28.97916667,77.0,87.0,70.0,WSW,3,WSW,7,0.0,,3.0
6/24/2018,1011.183333,32.0,23.6,28.3875,81.0,97.0,69.0,S,4,SW,35,29.5,,4.0
6/25/2018,1010.329167,32.1,26.4,28.4,76.0,92.0,65.0,W,4,W,14,0.1,,6.0
6/26/2018,1009.954167,32.8,27.2,29.19166667,76.0,82.0,69.0,WSW,5,SSW,23,0.0,,5.0
6/27/2018,1009.15,30.8,25.0,27.725,82.0,88.0,73.0,SSW,5,WSW,32,9.2,,6.0
6/28/2018,1008.9625,31.5,27.6,28.8,78.0,85.0,69.0,SW,5,SW,15,0.0,,6.0
6/29/2018,1008.216667,32.6,26.8,29.17083333,76.0,84.0,68.0,WSW,4,SW,10,0.0,,6.0
6/30/2018,1009.329167,32.7,26.5,29.15416667,77.0,90.0,68.0,VRB,2,SW,7,0.0,,4.0
7/1/2018,1009.858333,32.6,25.0,29.08333333,78.0,93.0,64.0,VRB,1,W,7,0.0,,2.0
7/2/2018,1009.975,32.7,24.7,28.2,80.0,95.0,65.0,VRB,1,NNW,6,0.0,,4.0
7/3/2018,1010.566667,31.1,24.6,27.90833333,79.0,93.0,68.0,VRB,1,SSE,8,0.0,,3.0
7/4/2018,1011.191667,31.3,26.1,28.45,78.0,93.0,69.0,VRB,1,ESE,7,0.0,,2.0
7/5/2018,1010.754167,31.8,25.0,28.22083333,80.0,91.0,71.0,VRB,1,ESE,8,0.0,,4.0
7/6/2018,1010.733333,31.3,24.4,27.72916667,84.0,98.0,70.0,VRB,3,NE,15,19.7,,6.0
7/7/2018,1010.725,29.7,25.1,27.35833333,83.0,93.0,73.0,W,10,W,28,6.4,,7.0
7/8/2018,1010.433333,32.5,27.5,29.44583333,77.0,83.0,69.0,W,4,W,10,0.0,,6.0
7/9/2018,1010.966667,32.0,27.3,29.1875,77.0,85.0,70.0,SW,4,SSW,11,0.05,,3.0
7/10/2018,1011.020833,31.0,27.6,28.87083333,77.0,82.0,72.0,VRB,3,SSE,10,0.0,,6.0
7/11/2018,1011.025,30.9,23.6,28.02916667,82.0,99.0,71.0,VRB,2,S,17,24.9,,6.0
7/12/2018,1010.358333,31.8,25.4,28.3875,81.0,93.0,72.0,E,3,SW,17,6.2,,7.0
7/13/2018,1009.945833,31.2,26.4,28.5,79.0,88.0,69.0,S,4,S,13,0.05,,5.0
7/14/2018,1009.258333,31.2,27.5,28.94583333,79.0,87.0,70.0,SSE,4,SE,12,0.3,,6.0
7/15/2018,1009.158333,31.5,24.8,27.7625,83.0,98.0,76.0,VRB,3,WNW,29,4.7,,7.0
7/16/2018,1009.404167,30.0,25.5,27.34583333,89.0,97.0,79.0,VRB,2,SW,12,14.4,,7.0
7/17/2018,1009.5875,32.2,25.8,29.1125,81.0,94.0,72.0,VRB,2,W,10,1.9,,7.0
7/18/2018,1009.758333,31.3,24.9,28.39583333,84.0,91.0,77.0,W,7,SW,27,26.9,,7.0
7/19/2018,1010.708333,32.1,24.5,27.86666667,87.0,97.0,75.0,W,4,WSW,25,27.1,,7.0
7/20/2018,1010.995833,29.9,24.3,26.85,89.0,98.0,83.0,W,3,W,18,16.8,,7.0
7/21/2018,1011.475,30.9,23.8,27.41666667,87.0,99.0,73.0,W,3,WNW,26,72.4,,7.0
7/22/2018,1010.670833,29.4,24.4,26.62916667,90.0,99.0,84.0,WNW,8,WNW,25,12.8,,7.0
7/23/2018,1010.6125,30.0,25.1,27.0,87.0,95.0,76.0,W,12,W,26,17.8,,7.0
7/24/2018,1011.8125,30.0,26.6,28.05,80.0,89.0,74.0,W,8,W,19,0.2,,7.0
7/25/2018,1011.6625,31.2,25.3,28.9,78.0,85.0,72.0,W,7,WSW,25,1.2,,6.0
7/26/2018,1011.545833,31.2,27.6,29.04166667,77.0,82.0,70.0,W,10,W,21,0.0,,6.0
7/27/2018,1011.683333,30.9,27.8,29.0125,74.0,80.0,69.0,W,10,W,22,0.0,,5.0
7/28/2018,1011.283333,31.2,27.6,29.15,76.0,82.0,69.0,W,8,WNW,16,0.0,,5.0
7/29/2018,1010.895833,31.2,27.1,28.80416667,74.0,81.0,68.0,W,5,W,13,0.0,,5.0
7/30/2018,1011.358333,31.6,25.6,28.09166667,76.0,88.0,67.0,S,3,S,9,0.0,,6.0
7/31/2018,1011.708333,30.8,27.1,28.49583333,75.0,82.0,70.0,SSE,4,SSE,10,0.0,,6.0
8/1/2018,1011.770833,30.9,27.5,28.69166667,78.0,82.0,72.0,SE,3,SSW,11,0.0,,6.0
8/2/2018,1012.204167,31.3,27.5,29.02916667,79.0,83.0,73.0,SE,4,SE,11,0.0,,6.0
8/3/2018,1012.4625,31.0,24.6,28.46666667,79.0,92.0,72.0,VRB,2,ESE,10,0.0,,6.0
8/4/2018,1012.804167,31.2,24.9,27.88333333,81.0,92.0,71.0,VRB,1,S,9,0.0,,6.0
8/5/2018,1013.520833,31.8,27.6,28.9375,76.0,92.0,67.0,SW,4,SSW,13,0.0,,3.0
8/6/2018,1012.270833,32.0,27.3,29.125,74.0,82.0,66.0,SSW,6,SSW,15,0.0,,5.0
8/7/2018,1010.770833,31.8,27.4,29.09166667,74.0,80.0,66.0,SSW,7,SSW,15,0.0,,6.0
8/8/2018,1010.583333,32.1,26.9,29.25833333,75.0,81.0,66.0,SW,6,SW,14,0.0,,6.0
8/9/2018,1012.104167,32.4,24.5,28.7875,77.0,92.0,67.0,WSW,3,WSW,8,0.0,,5.0
8/10/2018,1013.195833,32.0,25.6,28.42083333,79.0,95.0,69.0,SW,3,SW,14,0.0,,5.0
8/11/2018,1012.520833,32.2,27.1,28.71666667,76.0,89.0,69.0,SSW,4,SSW,12,0.05,,6.0
8/12/2018,1011.170833,31.7,25.8,28.95,77.0,91.0,68.0,S,7,S,21,3.0,,6.0
8/13/2018,1010.720833,31.8,25.4,28.86666667,80.0,91.0,70.0,S,9,S,24,8.6,,6.0
8/14/2018,1010.875,29.9,23.1,27.45833333,81.0,96.0,73.0,S,9,W,32,7.5,,7.0
8/15/2018,1010.991667,31.2,27.5,28.8,80.0,86.0,72.0,S,7,S,15,0.0,,7.0
8/16/2018,1010.916667,31.5,27.4,29.0375,80.0,86.0,75.0,S,6,SSW,13,0.0,,7.0
8/17/2018,1009.583333,32.1,25.9,28.8875,79.0,88.0,72.0,S,7,S,19,1.4,,7.0
8/18/2018,1010.204167,30.1,23.9,27.32083333,83.0,92.0,78.0,SSW,7,WSW,24,12.1,,7.0
8/19/2018,1010.5625,31.1,26.2,28.59166667,78.0,87.0,71.0,SW,5,SW,20,1.1,,7.0
8/20/2018,1011.091667,31.5,27.3,28.84583333,78.0,83.0,71.0,SSW,5,S,12,0.0,,7.0
8/21/2018,1010.870833,32.0,26.0,28.67083333,79.0,92.0,69.0,SSW,3,SSW,9,0.3,,7.0
8/22/2018,1010.833333,31.6,27.6,29.05416667,76.0,91.0,69.0,NW,4,WNW,11,0.0,,5.0
8/23/2018,1011.15,31.5,27.5,29.22916667,76.0,81.0,71.0,NW,6,WNW,14,0.0,,3.0
8/24/2018,1010.983333,31.3,24.9,28.7875,76.0,92.0,67.0,WNW,3,WNW,10,0.0,,5.0
8/25/2018,1010.570833,32.6,27.1,28.89583333,76.0,91.0,67.0,VRB,2,W,9,0.05,,6.0
8/26/2018,1009.658333,31.5,27.8,28.9375,78.0,83.0,71.0,W,3,WNW,8,0.3,,7.0
8/27/2018,1009.883333,31.4,28.0,29.17083333,77.0,83.0,71.0,WNW,3,NW,10,0.0,,5.0
8/28/2018,1010.491667,32.1,26.7,29.25416667,79.0,88.0,71.0,NW,2,NW,7,0.0,,6.0
8/29/2018,1011.020833,31.9,26.1,28.87916667,78.0,88.0,69.0,VRB,2,NNW,6,0.0,,6.0
8/30/2018,1011.1875,32.0,25.3,29.19583333,77.0,84.0,70.0,NNW,3,WSW,12,0.0,,6.0
8/31/2018,1011.7625,32.4,25.2,29.00416667,76.0,89.0,66.0,VRB,2,W,7,0.0,,5.0
9/1/2018,1012.029167,31.9,25.6,28.5,76.0,91.0,64.0,VRB,1,NW,5,0.0,,3.0
9/2/2018,1011.891667,31.8,27.5,29.1125,72.0,84.0,65.0,VRB,1,NNW,6,0.0,,1.0
9/3/2018,1011.775,32.2,25.9,29.22083333,75.0,90.0,66.0,VRB,1,SSW,12,4.1,,3.0
9/4/2018,1012.233333,32.0,24.6,28.2875,80.0,94.0,68.0,VRB,1,N,9,0.0,,5.0
9/5/2018,1012.175,32.0,25.6,28.55416667,77.0,93.0,67.0,VRB,2,W,14,0.0,,4.0
9/6/2018,1012.279167,32.2,21.2,27.39166667,80.0,91.0,67.0,SSW,5,W,25,34.1,,6.0
9/7/2018,1011.9875,30.3,27.0,27.94583333,78.0,86.0,72.0,SW,6,SSW,21,0.0,,6.0
9/8/2018,1010.795833,32.0,26.3,29.04583333,77.0,90.0,70.0,W,5,W,16,3.1,,3.0
9/9/2018,1011.245833,32.5,24.4,28.9375,78.0,92.0,66.0,WSW,4,SW,18,15.7,,4.0
9/10/2018,1012.6,30.9,23.6,27.10416667,85.0,97.0,73.0,SSW,4,SSW,17,25.5,,6.0
9/11/2018,1012.670833,31.2,27.5,28.44166667,78.0,89.0,66.0,W,5,W,12,0.0,,3.0
9/12/2018,1011.333333,31.1,27.6,29.12916667,75.0,80.0,71.0,WNW,5,WNW,12,0.0,,4.0
9/13/2018,1010.666667,31.8,27.3,29.29583333,76.0,84.0,69.0,W,4,W,12,0.05,,5.0
9/14/2018,1011.333333,32.2,22.4,28.5375,80.0,99.0,66.0,W,4,WNW,26,36.2,,6.0
9/15/2018,1011.608333,30.7,24.9,27.4375,83.0,98.0,71.0,WNW,6,WSW,21,3.6,,7.0
9/16/2018,1011.3375,30.2,26.3,28.1125,76.0,91.0,67.0,WSW,6,W,18,0.3,,7.0
9/17/2018,1010.804167,31.8,26.2,28.52083333,81.0,91.0,72.0,WSW,7,WSW,23,1.3,,7.0
9/18/2018,1011.120833,31.9,24.5,27.68333333,85.0,97.0,75.0,SW,4,WSW,18,20.1,,7.0
9/19/2018,1010.620833,30.9,25.2,27.5375,84.0,94.0,74.0,WSW,7,WSW,19,10.8,,7.0
9/20/2018,1010.120833,30.2,23.9,27.6,84.0,97.0,72.0,WSW,7,WSW,23,15.6,,7.0
9/21/2018,1010.8375,29.0,24.7,26.93333333,86.0,91.0,80.0,W,6,WSW,26,4.4,,7.0
9/22/2018,1011.9875,29.1,25.1,27.14166667,86.0,96.0,76.0,VRB,3,WSW,19,0.6,,7.0
9/23/2018,1012.604167,32.3,25.1,28.34583333,80.0,92.0,65.0,SW,4,WSW,17,0.2,,7.0
9/24/2018,1012.2875,31.8,24.5,28.52916667,79.0,89.0,70.0,WSW,5,S,19,0.5,,6.0
9/25/2018,1011.25,31.9,25.9,28.32083333,80.0,88.0,71.0,W,5,SW,15,0.5,,5.0
9/26/2018,1010.166667,32.0,24.1,28.2,83.0,94.0,72.0,W,6,WSW,18,19.5,,5.0
9/27/2018,1009.9625,30.8,24.2,27.42916667,85.0,98.0,76.0,W,10,W,27,53.5,,7.0
9/28/2018,1010.5125,29.6,25.5,27.175,84.0,97.0,80.0,W,13,W,35,3.7,,7.0
9/29/2018,1010.341667,31.9,25.1,28.4375,81.0,90.0,72.0,WSW,7,WSW,20,3.5,,6.0
9/30/2018,1010.145833,31.2,23.6,27.8375,85.0,100.0,73.0,WSW,7,WSW,25,53.2,,6.0
10/1/2018,1010.308333,29.2,24.6,27.34166667,84.0,93.0,78.0,W,11,SW,30,6.6,,7.0
10/2/2018,1009.891667,30.0,24.4,27.46666667,83.0,91.0,74.0,WSW,10,WSW,29,3.1,,6.0
10/3/2018,1009.479167,31.1,24.3,28.36666667,83.0,93.0,75.0,W,9,W,27,9.1,,5.0
10/4/2018,1009.1,30.8,25.8,28.48333333,81.0,87.0,74.0,W,12,W,32,4.2,,7.0
10/5/2018,1009.4375,31.1,23.4,28.0625,83.0,96.0,76.0,W,12,WSW,32,22.5,,7.0
10/6/2018,1009.179167,29.3,25.1,27.70833333,85.0,92.0,78.0,WSW,9,WSW,27,9.1,,7.0
10/7/2018,1008.7875,31.0,24.9,28.50833333,82.0,90.0,76.0,WSW,7,SW,32,0.1,,7.0
10/8/2018,1009.104167,29.9,25.6,28.1375,83.0,89.0,75.0,W,9,WSW,35,0.2,,6.0
10/9/2018,1009.354167,31.4,24.9,28.7875,81.0,88.0,76.0,W,8,WNW,28,1.4,,6.0
10/10/2018,1009.891667,31.5,27.5,28.85416667,81.0,89.0,75.0,WNW,7,W,14,0.05,,6.0
10/11/2018,1010.841667,31.0,27.0,28.70833333,79.0,86.0,72.0,WNW,5,WNW,14,0.0,,6.0
10/12/2018,1011.341667,32.2,26.4,28.88333333,77.0,86.0,68.0,W,3,S,7,0.0,,5.0
10/13/2018,1012.283333,31.0,25.9,28.475,78.0,88.0,72.0,S,4,S,15,0.05,,6.0
10/14/2018,1012.820833,31.5,23.7,27.87916667,80.0,95.0,68.0,VRB,2,S,10,0.0,,2.0
10/15/2018,1012.7625,31.1,23.9,27.07083333,83.0,95.0,71.0,VRB,0,NE,6,0.0,,2.0
10/16/2018,1013.058333,32.0,27.0,28.74166667,76.0,96.0,66.0,VRB,2,S,7,0.0,,2.0
10/17/2018,1012.516667,31.8,26.2,28.675,77.0,86.0,68.0,VRB,1,NW,6,0.0,,4.0
10/18/2018,1011.391667,31.3,24.6,28.20833333,76.0,91.0,63.0,VRB,2,NW,7,0.0,,1.0
10/19/2018,1011.620833,31.0,24.5,28.075,76.0,92.0,65.0,VRB,2,NE,10,0.0,,3.0
10/20/2018,1012.308333,31.2,25.2,28.19583333,79.0,93.0,71.0,VRB,1,ENE,9,0.0,,2.0
10/21/2018,1013.116667,31.8,23.4,27.35,81.0,97.0,70.0,SSW,3,SW,23,26.8,,6.0
10/22/2018,1012.683333,32.0,25.8,28.375,81.0,98.0,70.0,WSW,4,WSW,22,2.4,,7.0
10/23/2018,1012.666667,33.0,25.7,28.62916667,81.0,93.0,71.0,W,6,WNW,17,0.1,,6.0
10/24/2018,1012.05,31.0,24.9,28.22916667,82.0,95.0,72.0,SW,6,SW,23,32.4,,6.0
10/25/2018,1011.808333,31.2,24.9,28.06666667,82.0,95.0,75.0,WSW,4,WSW,17,5.0,,5.0
10/26/2018,1012.225,31.0,24.0,27.39166667,85.0,97.0,69.0,SW,4,W,22,17.3,,6.0
10/27/2018,1012.283333,30.2,24.2,27.14166667,86.0,97.0,75.0,SW,6,SW,22,22.5,,6.0
10/28/2018,1011.85,29.0,24.6,26.45833333,88.0,97.0,82.0,WSW,9,SSW,26,22.6,,7.0
10/29/2018,1010.375,30.4,24.0,27.95,82.0,95.0,73.0,SW,8,WSW,23,18.8,,7.0
10/30/2018,1010.845833,29.1,24.1,26.26666667,89.0,96.0,84.0,WSW,9,WSW,24,20.3,,7.0
10/31/2018,1010.629167,30.0,24.1,26.99583333,87.0,97.0,77.0,SW,8,WSW,25,26.4,,7.0
11/1/2018,1009.825,31.0,24.6,27.44583333,86.0,94.0,75.0,W,8,W,24,10.6,,6.0
11/2/2018,1009.991667,29.0,26.0,26.9875,88.0,99.0,84.0,SW,2,SSW,7,0.05,,7.0
11/3/2018,1010.175,30.9,24.6,28.17916667,80.0,93.0,71.0,VRB,1,NW,6,0.0,,5.0
11/4/2018,1010.716667,31.1,24.5,28.14583333,79.0,92.0,68.0,VRB,1,WNW,6,0.0,,4.0
11/5/2018,1010.820833,31.9,25.8,28.20833333,78.0,93.0,66.0,VRB,1,SSW,7,0.0,,6.0
11/6/2018,1011.541667,32.0,24.9,28.25416667,78.0,94.0,66.0,VRB,1,S,6,0.0,,6.0
11/7/2018,1011.733333,32.0,25.4,28.31666667,79.0,96.0,64.0,VRB,1,NE,9,0.0,,4.0
11/8/2018,1011.1625,32.5,24.4,28.05,82.0,97.0,68.0,W,4,SW,25,20.0,,7.0
11/9/2018,1010.25,31.4,24.8,28.0625,81.0,92.0,71.0,W,10,WSW,23,18.0,,7.0
11/10/2018,1011.579167,28.8,23.7,26.69166667,87.0,97.0,78.0,W,8,W,26,24.4,,7.0
11/11/2018,1012.375,30.2,26.4,28.14583333,80.0,92.0,74.0,W,7,W,19,0.2,,7.0
11/12/2018,1011.916667,31.3,25.4,28.20833333,82.0,90.0,74.0,WSW,6,WSW,23,6.5,,6.0
11/13/2018,1010.416667,30.9,24.9,28.35833333,81.0,92.0,74.0,W,8,W,23,7.3,,6.0
11/14/2018,1010.4375,30.8,27.2,28.41666667,79.0,83.0,75.0,W,5,W,17,0.0,,5.0
11/15/2018,1010.6625,32.1,27.0,28.9875,77.0,86.0,70.0,W,4,W,11,0.0,,3.0
11/16/2018,1011.0625,32.0,27.6,29.05,77.0,84.0,71.0,W,5,W,12,0.0,,2.0
11/17/2018,1011.025,32.0,26.0,28.7125,80.0,90.0,69.0,WSW,5,W,18,4.4,,3.0
11/18/2018,1011.2875,31.5,25.4,28.89583333,79.0,87.0,71.0,WSW,4,SW,13,0.05,,3.0
11/19/2018,1012.066667,31.8,26.6,28.61666667,80.0,92.0,70.0,SW,3,SSW,13,0.2,,2.0
11/20/2018,1012.370833,32.4,26.7,29.27916667,78.0,87.0,69.0,WSW,3,SW,13,2.2,,2.0
11/21/2018,1011.85,31.2,25.5,28.9875,78.0,87.0,69.0,W,3,W,13,0.05,,2.0
11/22/2018,1011.654167,31.3,26.0,28.37083333,81.0,92.0,70.0,VRB,1,NNW,8,0.0,,2.0
11/23/2018,1012.666667,30.9,26.9,28.72916667,79.0,87.0,72.0,SSE,4,SSE,13,0.5,,3.0
11/24/2018,1013.641667,31.3,25.4,28.4625,81.0,93.0,73.0,SSE,3,S,16,0.0,,3.0
11/25/2018,1012.866667,31.2,27.1,28.59583333,79.0,87.0,71.0,NNW,3,NNW,8,0.0,,2.0
11/26/2018,1011.3375,31.9,26.9,28.57083333,79.0,86.0,69.0,NNE,4,NE,20,0.4,,3.0
11/27/2018,1010.770833,30.2,25.1,27.62083333,85.0,92.0,79.0,NNE,4,ENE,16,5.9,,6.0
11/28/2018,1011.25,30.2,24.7,27.0875,87.0,95.0,78.0,S,3,S,22,7.2,,6.0
11/29/2018,1012.25,29.0,24.5,26.5125,91.0,100.0,82.0,VRB,2,NW,14,31.9,,7.0
11/30/2018,1012.208333,30.9,26.9,27.82083333,82.0,98.0,73.0,VRB,2,NNE,10,0.0,,5.0
12/1/2018,1009.795833,31.8,26.6,28.90833333,79.0,85.0,74.0,ENE,5,NE,18,1.8,,2.0
12/2/2018,1008.5125,31.1,24.9,28.82083333,80.0,90.0,72.0,NE,7,NNE,19,6.4,,3.0
12/3/2018,1009.695833,29.8,23.7,25.86666667,90.0,99.0,83.0,NE,3,E,22,37.8,,7.0
12/4/2018,1010.566667,30.9,25.4,27.72916667,85.0,98.0,73.0,ENE,1,ENE,8,0.0,,6.0
12/5/2018,1010.458333,31.2,25.4,27.65416667,85.0,94.0,77.0,VRB,3,S,11,0.8,,6.0
12/6/2018,1009.6,30.9,24.7,28.14166667,82.0,95.0,74.0,NNW,2,NE,10,0.0,,6.0
12/7/2018,1010.283333,31.9,23.2,28.3625,81.0,95.0,68.0,VRB,1,NNE,20,3.4,,6.0
12/8/2018,1010.766667,30.0,26.2,27.48333333,84.0,95.0,76.0,NNE,5,N,13,0.2,,7.0
12/9/2018,1010.8125,31.9,27.0,28.90416667,78.0,87.0,69.0,NNE,5,NNE,14,0.0,,7.0
12/10/2018,1011.025,30.8,25.9,28.55,78.0,84.0,70.0,NNE,5,N,15,0.0,,7.0
12/11/2018,1012.075,30.7,27.6,28.55833333,80.0,88.0,74.0,NW,4,NW,11,0.0,,7.0
12/12/2018,1013.2375,32.5,27.4,28.89583333,78.0,85.0,70.0,W,5,SSW,15,0.0,,7.0
12/13/2018,1012.708333,31.1,27.6,28.98333333,79.0,85.0,74.0,WNW,4,WNW,11,0.0,,6.0
12/14/2018,1012.5,31.0,24.0,28.25833333,81.0,94.0,72.0,NW,3,W,18,7.9,,7.0
12/15/2018,1011.920833,30.1,23.8,27.41666667,83.0,92.0,75.0,VRB,1,WNW,19,5.2,,6.0
12/16/2018,1011.825,31.1,27.7,28.65833333,75.0,92.0,69.0,WNW,3,W,11,0.0,,6.0
12/17/2018,1012.2,30.9,27.0,28.625,75.0,81.0,69.0,WNW,5,WNW,12,0.0,,6.0
12/18/2018,1011.966667,31.0,26.1,28.25416667,75.0,84.0,71.0,NNW,4,NNW,11,0.0,,6.0
12/19/2018,1012.075,31.2,26.8,28.29166667,74.0,80.0,68.0,NNE,4,NNE,13,0.0,,3.0
12/20/2018,1011.858333,31.0,26.9,28.55833333,73.0,81.0,66.0,E,3,E,8,0.0,,2.0
12/21/2018,1011.5375,31.0,24.3,28.21666667,76.0,92.0,69.0,E,3,ENE,9,0.0,,2.0
12/22/2018,1011.470833,30.8,22.7,27.0625,78.0,92.0,68.0,VRB,2,NE,10,0.0,,2.0
12/23/2018,1011.641667,31.0,24.3,27.2,80.0,95.0,64.0,VRB,1,ENE,7,0.0,,1.0
12/24/2018,1011.858333,32.2,25.1,28.04583333,81.0,96.0,68.0,VRB,0,W,6,0.0,,2.0
12/25/2018,1011.9875,31.7,25.3,27.8875,83.0,93.0,71.0,VRB,1,NW,11,0.05,,3.0
12/26/2018,1012.4625,31.7,25.4,28.2125,81.0,92.0,70.0,VRB,2,E,14,20.3,,3.0
12/27/2018,1011.445833,31.3,25.4,28.60416667,79.0,93.0,71.0,WNW,4,NNW,16,6.7,,3.0
12/28/2018,1010.925,32.1,24.0,28.25416667,81.0,96.0,68.0,VRB,2,NNE,14,3.6,,4.0
12/29/2018,1011.891667,31.2,25.9,28.32916667,81.0,95.0,71.0,E,4,E,17,2.4,,4.0
12/30/2018,1013.358333,29.8,23.8,26.69583333,85.0,100.0,79.0,E,5,ENE,21,88.4,,7.0
12/31/2018,1013.725,29.8,25.2,27.96666667,82.0,100.0,73.0,NE,7,E,26,9.1,,6.0
1/1/2019,1013.579167,31.1,24.5,28.70833333,79.0,91.0,70.0,NE,9,NE,21,1.7,,6.0
1/2/2019,1013.55,29.9,24.7,27.69166667,85.0,99.0,75.0,NE,8,E,21,37.2,,7.0
1/3/2019,1013.6125,30.8,27.4,28.59583333,80.0,87.0,72.0,NE,10,NE,20,0.5,,7.0
1/4/2019,1013.395833,30.0,26.9,28.05,76.0,82.0,72.0,NE,10,NE,19,0.05,,6.0
1/5/2019,1012.591667,30.9,26.5,28.25,74.0,80.0,68.0,NNE,7,NNE,18,0.0,,6.0
1/6/2019,1011.404167,31.0,26.8,28.32083333,74.0,82.0,67.0,NE,7,NNE,16,0.0,,3.0
1/7/2019,1011.2375,30.8,26.0,27.8875,70.0,77.0,65.0,NNE,7,NE,15,0.0,,4.0
1/8/2019,1010.9,30.8,27.0,28.18333333,70.0,79.0,65.0,NE,10,NNE,19,0.0,,1.0
1/9/2019,1010.641667,31.0,27.1,28.58333333,78.0,84.0,69.0,NE,10,NE,19,0.05,,4.0
1/10/2019,1011.2,31.0,23.0,28.00833333,81.0,100.0,70.0,NNE,8,NNE,19,58.4,,5.0
1/11/2019,1012.45,29.4,24.0,26.40833333,85.0,99.0,79.0,NNE,4,ENE,13,0.05,,6.0
1/12/2019,1012.041667,30.9,27.1,28.44583333,78.0,83.0,72.0,NE,7,NE,14,0.0,,4.0
1/13/2019,1011.841667,30.9,26.5,28.45,77.0,84.0,68.0,NE,8,NE,15,0.0,,3.0
1/14/2019,1011.3125,30.2,26.4,28.03333333,82.0,90.0,77.0,NE,7,NE,17,0.4,,4.0
1/15/2019,1011.3625,30.8,26.2,28.325,82.0,93.0,74.0,NE,7,NE,18,5.5,,4.0
1/16/2019,1011.458333,28.8,26.1,27.4125,85.0,93.0,79.0,NE,7,ENE,21,0.9,,6.0
1/17/2019,1010.8625,31.0,26.2,27.9625,79.0,89.0,70.0,NNE,8,NE,19,0.05,,6.0
1/18/2019,1011.704167,30.0,26.3,27.75,75.0,83.0,71.0,NNE,5,NNE,14,0.0,,7.0
1/19/2019,1012.395833,30.1,25.9,27.5375,73.0,80.0,66.0,NNE,6,NNE,16,0.0,,6.0
1/20/2019,1013.129167,30.1,24.3,27.33333333,70.0,77.0,62.0,NNE,7,NE,14,0.0,,6.0
1/21/2019,1013.133333,29.8,24.8,26.8875,73.0,85.0,63.0,NNE,5,NNE,13,0.0,,6.0
1/22/2019,1012.758333,30.1,25.7,27.47083333,72.0,84.0,65.0,NNE,5,NNE,14,0.0,,3.0
1/23/2019,1012.8625,30.0,24.6,27.33333333,74.0,84.0,67.0,N,5,N,13,0.0,,3.0
1/24/2019,1013.2,30.0,24.2,27.4875,73.0,84.0,66.0,N,5,NNE,13,0.0,,3.0
1/25/2019,1012.779167,30.2,25.6,27.30416667,77.0,87.0,70.0,NE,4,NE,11,0.0,,2.0
1/26/2019,1012.9875,30.3,24.9,27.71666667,78.0,87.0,69.0,NE,4,NE,10,0.0,,4.0
1/27/2019,1013.125,30.2,24.8,27.48333333,80.0,90.0,71.0,NNE,3,N,10,0.0,,2.0
1/28/2019,1012.958333,30.8,25.5,27.50416667,78.0,88.0,66.0,NNE,4,NNE,10,0.0,,2.0
1/29/2019,1012.504167,30.8,26.5,28.0125,78.0,86.0,70.0,NNE,6,NNE,14,0.05,,3.0
1/30/2019,1012.229167,30.2,26.3,27.81666667,81.0,84.0,74.0,NNE,9,NNW,23,0.05,,6.0
1/31/2019,1012.008333,31.8,26.4,28.49583333,77.0,86.0,68.0,NNE,8,NNE,16,0.0,,4.0
2/1/2019,1011.7875,31.7,26.6,28.575,76.0,87.0,69.0,NE,7,NNE,17,0.05,,3.0
2/2/2019,1011.545833,31.6,26.9,28.4875,76.0,82.0,69.0,NNE,6,NNE,17,0.0,,6.0
2/3/2019,1011.95,31.2,27.5,28.82083333,75.0,82.0,66.0,NE,9,NE,18,0.0,,6.0
2/4/2019,1013.1125,31.9,27.8,29.24583333,79.0,85.0,75.0,NE,8,NE,16,0.0,,2.0
2/5/2019,1012.966667,31.5,24.7,28.60416667,82.0,93.0,74.0,NE,6,NNE,16,2.4,,4.0
2/6/2019,1011.5,30.9,26.9,28.60416667,80.0,87.0,74.0,E,5,NE,15,0.05,,3.0
2/7/2019,1012.233333,31.6,24.1,28.1125,83.0,99.0,70.0,E,3,NE,13,40.6,,5.0
2/8/2019,1013.141667,30.0,24.8,27.00416667,87.0,98.0,77.0,VRB,1,SSW,9,0.8,,5.0
2/9/2019,1012.954167,31.9,27.3,28.98333333,78.0,88.0,68.0,S,4,S,17,0.0,,3.0
2/10/2019,1012.954167,31.5,26.9,28.74583333,80.0,88.0,69.0,NNE,3,NNW,8,0.0,,4.0
2/11/2019,1012.058333,31.8,27.5,29.18333333,77.0,87.0,70.0,NNE,8,NE,20,0.0,,2.0
2/12/2019,1012.391667,31.6,28.0,29.45833333,76.0,82.0,71.0,NE,10,NE,18,0.05,,2.0
2/13/2019,1013.133333,30.9,26.1,28.08333333,83.0,91.0,74.0,NE,9,NE,23,2.9,,6.0
2/14/2019,1012.158333,31.9,26.4,28.525,83.0,92.0,75.0,ENE,7,E,21,9.6,,6.0
2/15/2019,1012.979167,31.2,26.8,28.775,81.0,88.0,75.0,NE,7,NE,16,0.7,,5.0
2/16/2019,1013.325,31.4,27.0,29.15416667,79.0,88.0,74.0,ENE,4,ENE,11,0.0,,5.0
2/17/2019,1011.7375,31.9,25.6,28.5875,82.0,95.0,72.0,NE,3,NE,14,10.6,,4.0
2/18/2019,1010.841667,30.9,26.1,28.2625,82.0,93.0,73.0,VRB,1,NW,9,0.05,,5.0
2/19/2019,1010.904167,31.6,28.0,29.20833333,78.0,93.0,72.0,NE,4,NE,12,0.0,,3.0
2/20/2019,1012.2875,31.8,28.1,29.35416667,76.0,82.0,73.0,NE,8,NE,18,0.7,,2.0
2/21/2019,1013.116667,31.8,27.1,29.17916667,73.0,81.0,65.0,NE,9,NE,18,0.0,,2.0
2/22/2019,1011.441667,31.7,27.4,29.06666667,76.0,85.0,70.0,NE,9,NNE,18,0.0,,5.0
2/23/2019,1009.679167,31.2,27.4,29.04166667,79.0,83.0,75.0,NE,8,NE,17,0.05,,5.0
2/24/2019,1009.670833,30.9,27.0,28.72916667,74.0,81.0,67.0,NE,9,NE,19,0.0,,6.0
2/25/2019,1009.695833,31.2,26.4,28.60833333,77.0,94.0,67.0,NE,5,W,13,8.9,,5.0
2/26/2019,1010.829167,29.8,23.8,26.1125,92.0,99.0,84.0,W,5,WSW,18,127.4,,7.0
2/27/2019,1010.3,30.6,24.4,27.57916667,84.0,95.0,75.0,W,3,SW,16,0.0,,7.0
2/28/2019,1010.020833,30.8,27.2,28.34166667,80.0,96.0,74.0,NW,4,NW,13,0.0,,5.0
3/1/2019,1009.416667,30.9,24.8,27.90833333,77.0,87.0,70.0,NNW,5,NW,13,0.0,,3.0
3/2/2019,1010.308333,30.8,25.5,28.00833333,77.0,89.0,67.0,VRB,3,N,12,0.0,,6.0
3/3/2019,1010.075,31.2,27.6,28.77916667,77.0,86.0,71.0,N,4,NNE,12,0.0,,7.0
3/4/2019,1009.975,30.2,26.6,28.54166667,80.0,87.0,73.0,N,4,N,12,0.1,,7.0
3/5/2019,1010.7625,31.6,26.4,28.89166667,83.0,90.0,75.0,VRB,2,E,9,0.1,,5.0
3/6/2019,1010.916667,31.4,25.2,28.41666667,82.0,95.0,72.0,NW,2,NW,8,0.0,,2.0
3/7/2019,1010.4875,32.0,24.7,28.39166667,80.0,95.0,69.0,VRB,3,N,11,0.0,,2.0
3/8/2019,1011.804167,31.9,26.3,28.775,76.0,92.0,69.0,VRB,1,WNW,6,0.0,,2.0
3/9/2019,1012.783333,31.7,25.1,28.79166667,75.0,86.0,64.0,VRB,2,WNW,8,0.0,,3.0
3/10/2019,1012.491667,31.4,24.7,28.72083333,75.0,91.0,66.0,NE,2,NE,9,0.0,,5.0
3/11/2019,1013.091667,31.8,27.6,28.8875,76.0,93.0,67.0,NW,3,NW,8,0.0,,4.0
3/12/2019,1012.629167,31.9,25.5,28.975,75.0,90.0,69.0,NW,4,NNW,11,0.0,,3.0
3/13/2019,1012.745833,32.5,25.3,29.2875,74.0,88.0,66.0,N,3,NW,9,0.0,,2.0
3/14/2019,1012.379167,32.1,25.6,29.06666667,78.0,95.0,69.0,NE,3,NE,9,0.7,,2.0
3/15/2019,1011.6125,32.2,23.3,28.75416667,82.0,99.0,71.0,VRB,2,N,19,43.4,,4.0
3/16/2019,1012.133333,31.0,25.2,27.39166667,86.0,97.0,74.0,VRB,2,S,9,5.5,,5.0
3/17/2019,1011.829167,31.1,24.9,27.49166667,88.0,97.0,74.0,VRB,1,NNW,12,1.5,,5.0
3/18/2019,1011.408333,32.0,27.0,28.9125,80.0,97.0,70.0,NNE,3,NNE,14,2.8,,2.0
3/19/2019,1010.058333,32.2,26.6,29.47083333,77.0,85.0,69.0,NE,4,ENE,15,0.7,,3.0
3/20/2019,1010.283333,32.2,27.2,29.625,78.0,88.0,70.0,NE,3,NE,13,0.9,,3.0
3/21/2019,1011.041667,32.1,27.0,29.4375,78.0,85.0,74.0,NE,5,NE,19,3.7,,3.0
3/22/2019,1011.675,32.1,27.6,29.75833333,77.0,88.0,70.0,ENE,4,ENE,13,0.8,,2.0
3/23/2019,1011.4,32.1,27.5,29.42083333,79.0,88.0,71.0,VRB,2,ENE,9,0.0,,1.0
3/24/2019,1009.791667,32.6,28.4,29.89166667,77.0,86.0,72.0,NE,5,NE,12,0.0,,2.0
3/25/2019,1009.854167,31.9,27.1,29.59583333,76.0,81.0,72.0,NE,5,NE,14,0.0,,4.0
3/26/2019,1011.708333,32.1,26.5,29.6375,69.0,80.0,64.0,NE,7,NE,14,0.0,,2.0
3/27/2019,1013.225,32.1,25.2,28.04583333,79.0,93.0,65.0,VRB,2,E,13,0.1,,5.0
3/28/2019,1012.329167,32.1,25.0,28.50416667,81.0,96.0,67.0,NNE,2,N,12,0.05,,4.0
3/29/2019,1011.508333,31.6,24.4,28.07916667,80.0,97.0,68.0,VRB,3,NNW,11,0.0,,1.0
3/30/2019,1011.6625,32.1,25.3,28.55,76.0,94.0,65.0,VRB,1,W,6,0.0,,3.0
3/31/2019,1011.85,33.1,25.1,29.66666667,73.0,85.0,65.0,VRB,1,W,6,0.0,,2.0
4/1/2019,1011.704167,32.3,27.6,29.04583333,76.0,90.0,63.0,VRB,1,W,7,0.0,,2.0
4/2/2019,1010.879167,32.5,24.8,28.89583333,74.0,88.0,63.0,VRB,2,WNW,9,0.0,,2.0
4/3/2019,1010.9125,32.1,23.8,27.71666667,78.0,92.0,63.0,VRB,1,NNW,8,0.0,,4.0
4/4/2019,1011.691667,31.8,26.4,28.875,74.0,93.0,63.0,VRB,2,ENE,8,0.0,,2.0
4/5/2019,1011.854167,32.0,25.8,28.74583333,77.0,90.0,67.0,VRB,1,E,8,0.0,,2.0
4/6/2019,1011.6125,33.3,27.2,29.68333333,74.0,90.0,63.0,VRB,1,NW,6,0.0,,6.0
4/7/2019,1010.75,33.4,27.2,29.8875,77.0,90.0,67.0,VRB,1,W,7,0.9,,3.0
4/8/2019,1010.266667,33.1,25.0,28.8625,81.0,93.0,68.0,VRB,2,S,11,3.1,,3.0
4/9/2019,1010.620833,33.2,26.5,29.37916667,77.0,95.0,64.0,VRB,1,S,8,0.2,,2.0
4/10/2019,1010.916667,33.1,25.5,29.89583333,76.0,94.0,66.0,VRB,2,S,17,2.7,,2.0
4/11/2019,1010.520833,32.6,27.1,29.55,78.0,95.0,68.0,VRB,3,SSW,18,0.0,,3.0
4/12/2019,1009.925,33.1,28.9,30.325,77.0,88.0,69.0,W,2,W,11,0.0,,2.0
4/13/2019,1009.979167,33.5,27.4,29.86666667,77.0,88.0,68.0,W,3,WNW,17,4.5,,5.0
4/14/2019,1010.145833,33.0,27.2,30.07083333,72.0,84.0,64.0,VRB,2,NW,7,0.0,,2.0
4/15/2019,1010.520833,33.6,23.6,30.1875,76.0,91.0,66.0,W,2,SSW,15,48.3,,4.0
4/16/2019,1010.625,32.7,24.5,28.97916667,82.0,98.0,70.0,W,5,S,24,0.8,,6.0
4/17/2019,1010.733333,32.5,26.8,29.59166667,80.0,94.0,72.0,VRB,3,W,9,0.05,,7.0
4/18/2019,1010.75,32.6,27.9,29.0125,80.0,93.0,70.0,WSW,4,WSW,25,1.6,,7.0
4/19/2019,1009.845833,32.8,24.7,29.30416667,79.0,92.0,70.0,SW,3,SSW,21,29.2,,7.0
4/20/2019,1008.566667,31.2,26.1,28.5375,83.0,97.0,75.0,W,8,W,24,5.6,,7.0
4/21/2019,1007.9875,32.3,29.1,30.125,77.0,81.0,71.0,W,8,W,17,0.0,,7.0
4/22/2019,1008.320833,32.2,27.6,29.875,79.0,91.0,72.0,W,7,W,21,3.3,,6.0
4/23/2019,1009.233333,32.8,29.2,30.27916667,79.0,85.0,75.0,WNW,7,WNW,16,0.0,,6.0
4/24/2019,1010.095833,32.8,29.1,30.40416667,76.0,80.0,72.0,WNW,7,W,15,0.0,,6.0
4/25/2019,1009.9625,32.8,28.4,30.47916667,78.0,86.0,70.0,W,7,W,16,0.05,,5.0
4/26/2019,1009.275,32.8,28.1,30.2125,80.0,86.0,75.0,W,5,W,16,0.0,,7.0
4/27/2019,1008.875,33.2,29.0,30.35,77.0,86.0,69.0,SW,3,SW,11,0.0,,6.0
4/28/2019,1009.291667,33.1,28.9,30.41666667,75.0,82.0,69.0,SW,7,SW,17,0.0,,7.0
4/29/2019,1010.133333,33.0,27.9,30.2875,77.0,84.0,68.0,SW,7,SW,18,0.5,,7.0
4/30/2019,1010.129167,32.9,29.1,30.34583333,78.0,84.0,72.0,SW,8,SW,17,0.0,,6.0
5/1/2019,1009.479167,32.8,29.3,30.53333333,77.0,83.0,68.0,WSW,6,SW,14,0.0,,6.0
5/2/2019,1009.704167,33.0,26.7,30.62916667,78.0,84.0,72.0,SW,7,WSW,15,1.8,,6.0
5/3/2019,1010.9875,32.8,28.0,30.09166667,80.0,86.0,72.0,SW,6,SW,19,1.0,,7.0
5/4/2019,1011.9875,31.2,25.5,28.59166667,87.0,97.0,79.0,SW,4,WSW,16,20.2,,7.0
5/5/2019,1012.275,32.6,26.1,29.1375,83.0,94.0,72.0,VRB,2,NW,11,0.0,,3.0
5/6/2019,1010.875,32.4,27.2,29.375,80.0,96.0,73.0,VRB,1,ESE,6,0.0,,2.0
5/7/2019,1011.491667,32.6,27.2,29.4,80.0,89.0,71.0,SSW,4,SW,13,0.0,,3.0
5/8/2019,1011.504167,33.0,26.9,29.625,77.0,88.0,66.0,VRB,3,SSW,16,0.4,,3.0
5/9/2019,1010.4,33.3,28.5,30.22083333,76.0,84.0,68.0,W,3,W,8,0.0,,2.0
5/10/2019,1010.7375,33.2,26.5,29.62083333,76.0,89.0,64.0,VRB,1,WNW,6,0.0,,2.0
5/11/2019,1011.2875,33.6,25.7,29.40833333,77.0,90.0,64.0,VRB,1,SSE,5,0.0,,1.0
5/12/2019,1010.504167,33.3,26.5,29.275,79.0,92.0,64.0,VRB,0,S,6,0.0,,2.0
5/13/2019,1010.0125,33.6,28.8,30.15833333,76.0,91.0,67.0,W,2,W,8,0.05,,2.0
5/14/2019,1010.429167,33.9,27.4,30.275,77.0,87.0,69.0,WSW,3,WSW,16,0.1,,3.0
5/15/2019,1011.229167,33.1,25.7,29.34166667,80.0,96.0,70.0,SW,4,WSW,19,20.4,,3.0
5/16/2019,1011.779167,32.4,28.9,29.81666667,77.0,90.0,70.0,WSW,4,SW,11,0.0,,3.0
5/17/2019,1011.258333,33.8,24.0,30.05416667,76.0,87.0,68.0,WSW,5,NW,22,16.8,,5.0
5/18/2019,1010.35,32.2,25.7,28.625,82.0,94.0,67.0,SW,4,W,15,8.2,,6.0
5/19/2019,1010.316667,32.6,25.8,29.00416667,80.0,92.0,70.0,SW,6,WSW,19,7.6,,5.0
5/20/2019,1010.479167,31.5,27.8,29.25833333,79.0,83.0,72.0,WSW,6,W,23,0.05,,6.0
5/21/2019,1010.691667,31.3,25.7,28.775,81.0,90.0,75.0,WSW,7,WSW,21,4.0,,6.0
5/22/2019,1010.220833,32.6,24.9,28.74166667,81.0,96.0,70.0,WSW,7,SSW,23,18.9,,6.0
5/23/2019,1010.675,31.1,27.0,29.05,80.0,89.0,75.0,SW,7,S,24,0.6,,7.0
5/24/2019,1010.908333,32.1,25.1,28.60416667,83.0,97.0,70.0,SW,6,WNW,26,22.5,,7.0
5/25/2019,1009.908333,33.2,26.7,29.09166667,81.0,91.0,68.0,WSW,5,SW,16,3.4,,6.0
5/26/2019,1008.783333,31.9,24.9,29.075,81.0,95.0,73.0,WSW,8,SW,21,36.9,,6.0
5/27/2019,1009.120833,30.1,25.1,26.60833333,90.0,98.0,84.0,W,7,W,21,28.0,,7.0
5/28/2019,1008.525,31.1,27.0,28.86666667,82.0,94.0,71.0,WSW,7,W,22,0.1,,6.0
5/29/2019,1008.7625,31.5,25.9,28.89166667,81.0,91.0,73.0,WSW,6,W,27,14.0,,7.0
5/30/2019,1008.570833,31.2,22.9,26.5,92.0,100.0,77.0,SW,6,WSW,27,187.2,,7.0
5/31/2019,1008.841667,29.8,26.1,27.5625,85.0,98.0,76.0,SW,6,SW,20,0.4,,7.0
6/1/2019,1009.1,31.3,28.0,29.33333333,80.0,85.0,76.0,S,6,S,18,0.4,,6.0
6/2/2019,1008.8,32.0,27.6,29.55833333,81.0,89.0,73.0,S,5,S,14,1.5,,6.0
6/3/2019,1009.3,30.2,24.9,27.2,88.0,96.0,82.0,S,11,WSW,36,14.0,,6.0
6/4/2019,1009.4,30.9,24.7,28.02916667,82.0,95.0,74.0,W,9,WSW,34,6.3,,6.0
6/5/2019,1008.8,32.2,27.6,29.22083333,81.0,88.0,74.0,W,7,W,20,0.3,,6.0
6/6/2019,1009.7,32.1,25.6,29.19583333,83.0,91.0,76.0,WSW,5,W,26,12.5,,6.0
6/7/2019,1010.3,32.1,25.9,29.51666667,80.0,91.0,71.0,SW,6,SW,17,0.9,,6.0
6/8/2019,1009.7,32.2,24.0,29.77083333,77.0,85.0,70.0,SSW,8,W,17,9.2,,6.0
6/9/2019,1009.7,31.3,25.4,28.65,82.0,97.0,73.0,SSW,8,W,33,0.0,,6.0
6/10/2019,1009.1,32.0,25.1,29.05,80.0,89.0,72.0,S,6,SSW,22,3.3,,6.0
6/11/2019,1009.5,31.5,25.2,28.4375,82.0,97.0,72.0,SSE,3,SW,12,15.0,,6.0
6/12/2019,1009.9,31.9,26.2,29.03333333,82.0,95.0,73.0,VRB,2,SE,7,0.0,,6.0
6/13/2019,1010.2,31.9,27.9,29.15833333,80.0,95.0,72.0,VRB,2,SSE,7,0.0,,6.0
6/14/2019,1009.9,32.1,28.3,29.72083333,79.0,86.0,73.0,ESE,3,ESE,9,0.0,,5.0
6/15/2019,1010.3,31.8,26.4,28.975,83.0,94.0,74.0,VRB,1,NNE,10,0.0,,6.0
6/16/2019,1010.9,32.0,25.6,28.52083333,84.0,95.0,74.0,VRB,1,NE,6,0.0,,6.0
6/17/2019,1011.3,33.0,27.1,29.52916667,79.0,95.0,67.0,VRB,2,N,12,1.4,,6.0
6/18/2019,1010.9,31.8,24.5,28.22083333,82.0,96.0,74.0,W,7,W,36,5.2,,7.0
6/19/2019,1010.3,31.8,24.8,28.35,81.0,97.0,72.0,SW,7,W,27,4.8,,7.0
6/20/2019,1010.5,32.1,25.9,28.95833333,83.0,94.0,74.0,VRB,2,SSW,12,0.0,,6.0
6/21/2019,1009.9,32.9,25.6,29.75416667,78.0,95.0,71.0,WSW,3,S,13,11.1,,4.0
6/22/2019,1009.3,31.9,26.1,28.8125,81.0,95.0,70.0,SW,3,WSW,19,0.05,,6.0
6/23/2019,1008.8,33.2,25.5,29.70416667,76.0,87.0,69.0,W,5,W,32,1.2,,5.0
6/24/2019,1009.6,33.0,27.6,30.225,75.0,80.0,69.0,W,5,W,12,0.0,,4.0
6/25/2019,1010.8,31.8,26.0,28.93333333,81.0,93.0,72.0,VRB,2,SW,11,0.0,,6.0
6/26/2019,1010.6,32.1,27.2,29.29166667,79.0,95.0,69.0,VRB,1,SE,6,0.0,,6.0
6/27/2019,1010.4,32.9,25.1,28.72083333,82.0,95.0,67.0,VRB,3,NW,19,1.8,,6.0
6/28/2019,1010.6,31.0,23.1,27.74166667,84.0,98.0,73.0,NW,5,NW,33,60.9,,6.0
6/29/2019,1010.6,31.9,25.6,28.0125,79.0,97.0,69.0,W,6,W,32,9.6,,6.0
6/30/2019,1009.6,32.2,27.1,29.46666667,77.0,83.0,72.0,WNW,5,NW,14,0.0,,6.0
7/1/2019,1009.895833,32.5,24.9,28.82083333,80.0,94.0,69.0,VRB,0,WNW,5,0.0,,6.0
7/2/2019,1010.0,31.2,27.4,28.9625,75.0,93.0,69.0,SE,3,SE,10,0.0,,6.0
7/3/2019,1009.975,31.8,28.2,29.60833333,77.0,83.0,72.0,ESE,4,ESE,11,0.0,,6.0
7/4/2019,1010.041667,32.0,28.3,29.68333333,78.0,84.0,73.0,ESE,4,E,10,0.0,,5.0
7/5/2019,1009.483333,32.0,27.4,29.65416667,78.0,85.0,72.0,SE,3,SE,12,0.0,,5.0
7/6/2019,1009.4625,31.8,27.2,29.25833333,77.0,85.0,71.0,SSE,2,SSE,8,0.0,,6.0
7/7/2019,1010.375,32.2,28.3,29.52916667,76.0,83.0,70.0,SE,3,SE,9,0.0,,3.0
7/8/2019,1010.729167,31.8,28.5,29.79166667,76.0,81.0,70.0,SE,4,SE,10,0.0,,2.0
7/9/2019,1010.004167,31.9,28.6,29.8375,77.0,82.0,73.0,SE,4,SE,13,0.0,,2.0
7/10/2019,1009.829167,32.0,28.2,29.15416667,80.0,84.0,72.0,ESE,3,E,11,0.0,,6.0
7/11/2019,1010.679167,32.1,28.3,29.92083333,76.0,83.0,71.0,E,4,E,9,0.0,,6.0
7/12/2019,1011.529167,32.0,28.6,29.9625,75.0,80.0,70.0,ESE,4,ESE,11,0.05,,2.0
7/13/2019,1011.675,32.4,28.1,29.6625,77.0,83.0,71.0,ESE,4,ESE,13,0.05,,3.0
7/14/2019,1011.241667,32.0,24.8,28.9,78.0,94.0,68.0,VRB,3,SSW,20,4.0,,2.0
7/15/2019,1010.9375,32.9,23.6,28.24583333,82.0,98.0,67.0,W,6,WNW,25,85.5,,5.0
7/16/2019,1011.145833,29.5,24.0,27.11666667,82.0,97.0,68.0,W,6,W,36,7.2,,7.0
7/17/2019,1010.604167,29.8,24.9,27.23333333,85.0,97.0,77.0,W,6,W,24,7.1,,7.0
7/18/2019,1009.720833,30.8,23.6,27.47916667,83.0,96.0,75.0,WSW,8,W,34,26.8,,7.0
7/19/2019,1008.266667,31.6,27.2,28.87083333,77.0,94.0,71.0,WSW,8,SSW,22,0.2,,7.0
7/20/2019,1008.229167,31.8,28.2,29.57083333,76.0,80.0,71.0,SW,8,SW,22,0.05,,6.0
7/21/2019,1007.654167,31.9,28.3,29.74166667,77.0,83.0,71.0,WSW,6,WSW,14,0.0,,6.0
7/22/2019,1007.783333,32.4,28.3,29.80833333,78.0,86.0,71.0,W,5,W,13,0.0,,6.0
7/23/2019,1008.608333,32.4,25.6,29.72083333,76.0,89.0,69.0,WNW,4,WNW,11,0.05,,5.0
7/24/2019,1010.154167,32.2,25.2,28.725,78.0,93.0,62.0,VRB,0,W,6,0.0,,3.0
7/25/2019,1011.454167,32.3,25.1,28.4,78.0,93.0,65.0,VRB,1,ESE,6,0.0,,3.0
7/26/2019,1010.329167,31.9,24.7,28.125,80.0,93.0,71.0,VRB,1,E,5,0.0,,5.0
7/27/2019,1010.633333,32.8,24.9,28.35833333,78.0,94.0,61.0,VRB,0,NE,5,0.0,,2.0
7/28/2019,1010.779167,32.5,24.8,28.17916667,78.0,93.0,64.0,VRB,1,NE,5,0.0,,1.0
7/29/2019,1010.425,31.6,24.9,28.19583333,78.0,93.0,65.0,VRB,2,E,6,0.0,,6.0
7/30/2019,1011.025,32.2,27.3,29.04166667,74.0,90.0,64.0,NE,3,NE,10,0.0,,2.0
7/31/2019,1011.866667,32.0,28.1,29.43333333,72.0,80.0,64.0,VRB,2,NE,8,0.0,,4.0
8/1/2019,1011.816667,32.0,28.6,29.67916667,74.0,80.0,69.0,ESE,4,SE,11,0.0,,5.0
8/2/2019,1011.4625,32.0,28.8,29.94166667,75.0,80.0,70.0,SE,5,SE,15,0.0,,6.0
8/3/2019,1011.283333,32.1,28.8,29.97916667,77.0,81.0,69.0,SSE,6,SSE,14,0.0,,3.0
8/4/2019,1010.925,32.2,28.4,29.9,77.0,81.0,72.0,SSE,6,SE,14,0.0,,5.0
8/5/2019,1010.4375,32.2,28.2,29.8375,76.0,81.0,72.0,SSE,5,SSE,13,0.0,,6.0
8/6/2019,1010.379167,31.8,27.6,29.32083333,78.0,85.0,72.0,SSE,4,SSE,13,0.0,,7.0
8/7/2019,1010.391667,32.1,28.5,29.81666667,76.0,81.0,69.0,S,7,S,15,0.05,,6.0
8/8/2019,1009.916667,31.8,27.1,29.35,79.0,90.0,73.0,SSE,6,S,16,0.2,,7.0
8/9/2019,1010.0,32.0,28.0,29.69166667,76.0,83.0,69.0,S,5,S,17,0.0,,6.0
8/10/2019,1009.6875,32.0,24.8,29.3625,79.0,93.0,72.0,ESE,4,SW,32,12.1,,6.0
8/11/2019,1009.616667,31.5,25.2,28.975,72.0,88.0,64.0,W,6,W,36,3.9,,7.0
8/12/2019,1010.133333,32.8,24.5,28.50416667,79.0,96.0,66.0,WSW,6,WSW,26,36.3,,6.0
8/13/2019,1010.841667,31.9,26.4,28.17083333,83.0,92.0,75.0,WNW,4,W,20,11.8,,7.0
8/14/2019,1011.604167,32.3,25.6,28.775,82.0,94.0,72.0,VRB,1,SSW,6,0.0,,6.0
8/15/2019,1011.4625,32.1,25.5,28.94166667,79.0,93.0,68.0,VRB,1,NW,7,0.0,,6.0
8/16/2019,1010.591667,32.3,26.1,28.475,83.0,93.0,70.0,VRB,1,NW,14,0.6,,6.0
8/17/2019,1009.920833,32.0,27.6,29.09583333,78.0,94.0,70.0,NE,3,NE,10,0.05,,6.0
8/18/2019,1010.933333,31.8,23.2,28.16666667,79.0,97.0,68.0,NE,5,NW,28,20.8,,6.0
8/19/2019,1012.1375,31.9,23.8,27.1625,84.0,96.0,69.0,W,4,NW,28,8.2,,6.0
8/20/2019,1011.958333,31.7,27.4,28.75,78.0,96.0,69.0,SSW,3,SSW,11,0.05,,6.0
8/21/2019,1011.808333,32.4,27.6,29.62083333,75.0,82.0,68.0,SW,5,S,14,0.0,,6.0
8/22/2019,1011.9375,32.9,27.6,29.59583333,73.0,83.0,66.0,SW,3,WSW,12,0.3,,6.0
8/23/2019,1012.366667,31.8,27.2,29.17916667,73.0,80.0,66.0,SSW,4,S,12,0.0,,6.0
8/24/2019,1012.166667,31.2,26.0,28.65833333,74.0,82.0,67.0,SSW,3,S,7,0.05,,7.0
8/25/2019,1011.808333,30.6,27.5,28.60416667,76.0,86.0,70.0,S,4,S,12,0.05,,6.0
8/26/2019,1011.370833,31.8,27.2,29.2,77.0,84.0,67.0,S,6,SW,14,0.0,,7.0
8/27/2019,1010.9375,31.5,23.1,28.72916667,79.0,90.0,72.0,SSE,4,W,25,17.2,,6.0
8/28/2019,1011.041667,30.4,24.5,27.825,82.0,97.0,75.0,SE,4,W,26,19.9,,7.0
8/29/2019,1011.683333,30.2,24.9,26.90416667,84.0,93.0,74.0,W,4,W,26,3.0,,7.0
8/30/2019,1009.991667,32.4,26.3,28.975,76.0,89.0,65.0,SSW,4,SW,12,0.0,,7.0
8/31/2019,1009.220833,31.1,28.2,29.13333333,75.0,88.0,68.0,SSE,4,S,11,0.0,,6.0
9/1/2019,1010.0625,31.7,28.4,29.51666667,75.0,80.0,69.0,SSE,5,SSE,12,0.0,,6.0
9/2/2019,1010.75,31.9,27.9,29.25833333,77.0,80.0,73.0,SE,3,SSE,11,0.0,,7.0
9/3/2019,1010.695833,31.9,28.1,29.30416667,76.0,81.0,71.0,ESE,4,ESE,10,0.0,,6.0
9/4/2019,1010.191667,31.8,28.5,29.63333333,75.0,81.0,69.0,ESE,4,ESE,11,0.0,,5.0
9/5/2019,1010.029167,32.1,25.1,29.05833333,81.0,93.0,72.0,ESE,5,S,18,25.5,,6.0
9/6/2019,1010.145833,29.8,25.6,27.24583333,86.0,95.0,79.0,VRB,3,WNW,19,6.4,,7.0
9/7/2019,1010.879167,30.3,24.1,27.27916667,86.0,97.0,75.0,VRB,1,N,19,28.9,,7.0
9/8/2019,1011.3625,32.0,27.1,28.76666667,80.0,97.0,72.0,W,3,W,26,1.8,,6.0
9/9/2019,1010.7625,31.8,27.1,29.15416667,77.0,87.0,71.0,W,4,W,15,1.6,,6.0
9/10/2019,1010.733333,32.4,25.6,29.24166667,77.0,92.0,68.0,VRB,2,W,8,0.0,,3.0
9/11/2019,1011.833333,31.8,27.0,28.89583333,78.0,93.0,72.0,VRB,2,SSE,9,0.0,,5.0
9/12/2019,1012.316667,32.1,26.5,29.18333333,77.0,86.0,70.0,VRB,2,E,10,0.0,,6.0
9/13/2019,1012.716667,31.7,25.5,28.74166667,79.0,92.0,70.0,NE,3,NNW,22,6.1,,6.0
9/14/2019,1012.204167,31.9,27.5,29.31666667,76.0,82.0,69.0,VRB,3,ENE,10,0.0,,6.0
9/15/2019,1011.7375,31.2,27.4,29.0875,79.0,90.0,73.0,SSE,3,SE,14,0.1,,6.0
9/16/2019,1010.854167,30.9,25.8,28.0125,81.0,90.0,74.0,VRB,2,S,12,1.9,,7.0
9/17/2019,1010.304167,31.7,25.6,28.53333333,79.0,93.0,70.0,VRB,1,S,12,0.05,,6.0
9/18/2019,1010.8125,31.1,24.0,27.8375,83.0,93.0,72.0,SSE,3,SSW,16,20.5,,5.0
9/19/2019,1010.695833,30.3,24.4,27.50833333,86.0,97.0,74.0,SSW,4,SSE,18,36.7,,6.0
9/20/2019,1010.591667,29.6,24.6,26.7,88.0,98.0,78.0,WSW,5,WSW,23,17.4,,7.0
9/21/2019,1010.283333,28.2,24.4,26.20416667,88.0,96.0,79.0,SW,7,SW,26,13.0,,7.0
9/22/2019,1010.945833,30.8,24.3,27.19166667,85.0,99.0,72.0,SW,7,W,26,54.0,,7.0
9/23/2019,1010.9625,30.0,24.9,28.0125,82.0,92.0,74.0,SW,5,SSW,20,13.3,,7.0
9/24/2019,1011.179167,29.1,23.1,25.7625,90.0,98.0,82.0,W,8,W,28,43.4,,7.0
9/25/2019,1011.729167,29.3,25.1,27.83333333,82.0,95.0,77.0,SSE,3,S,10,0.1,,7.0
9/26/2019,1012.325,31.0,25.2,28.71666667,79.0,93.0,70.0,E,5,ESE,20,1.0,,7.0
9/27/2019,1012.679167,31.5,24.6,28.2625,80.0,94.0,72.0,E,6,E,25,17.8,,7.0
9/28/2019,1012.4375,31.9,23.6,27.20416667,84.0,97.0,71.0,VRB,4,NNW,22,24.2,,6.0
9/29/2019,1012.1,29.8,26.5,27.625,80.0,90.0,73.0,E,4,NE,13,0.05,,7.0
9/30/2019,1012.116667,31.2,24.6,27.175,84.0,96.0,70.0,SSE,3,ESE,18,17.1,,7.0
10/1/2019,1011.275,29.9,26.9,27.82083333,79.0,92.0,71.0,E,6,E,19,0.3,,7.0
10/2/2019,1011.116667,30.8,25.6,28.34166667,81.0,92.0,76.0,E,5,ESE,19,8.9,,6.0
10/3/2019,1012.175,31.0,23.6,26.92916667,86.0,99.0,73.0,VRB,3,SSE,19,32.6,,7.0
10/4/2019,1011.558333,30.8,24.7,27.55833333,84.0,95.0,74.0,VRB,2,SE,11,2.2,,6.0
10/5/2019,1011.370833,30.8,25.4,27.2,84.0,92.0,74.0,SW,3,W,11,0.05,,7.0
10/6/2019,1011.129167,30.2,24.8,27.3375,84.0,93.0,73.0,SE,4,ESE,19,14.1,,6.0
10/7/2019,1011.475,30.7,24.8,27.45,81.0,89.0,75.0,ESE,3,ESE,24,0.6,,7.0
10/8/2019,1011.1625,31.1,26.6,28.57083333,75.0,83.0,71.0,ESE,3,ESE,9,0.0,,5.0
10/9/2019,1010.741667,31.0,25.9,28.4375,75.0,88.0,65.0,VRB,2,S,11,0.0,,2.0
10/10/2019,1010.866667,30.4,25.2,26.96666667,87.0,96.0,76.0,VRB,2,SSE,10,4.1,,6.0
10/11/2019,1010.308333,31.2,24.9,27.34166667,85.0,96.0,72.0,E,3,SE,14,5.4,,6.0
10/12/2019,1010.479167,30.5,25.3,27.23333333,86.0,94.0,73.0,S,3,SW,14,2.6,,7.0
10/13/2019,1010.233333,30.9,27.1,28.575,79.0,90.0,72.0,NE,5,NE,12,0.0,,5.0
10/14/2019,1010.433333,31.8,25.4,28.77083333,78.0,95.0,69.0,NE,3,NE,11,4.1,,4.0
10/15/2019,1010.220833,30.8,26.1,27.7625,84.0,96.0,73.0,VRB,2,WSW,11,2.6,,6.0
10/16/2019,1010.2375,30.1,25.1,26.8875,88.0,96.0,79.0,VRB,2,E,12,6.6,,7.0
10/17/2019,1009.966667,30.8,26.3,27.925,82.0,90.0,74.0,VRB,3,ESE,11,1.2,,7.0
10/18/2019,1009.991667,30.3,26.2,28.09583333,79.0,89.0,73.0,ESE,3,ESE,13,0.5,,6.0
10/19/2019,1010.5125,30.9,24.6,28.15833333,81.0,91.0,74.0,ESE,3,SSW,18,5.2,,7.0
10/20/2019,1010.8875,30.7,25.2,27.15416667,87.0,98.0,73.0,SSW,3,SSW,18,8.4,,7.0
10/21/2019,1010.1625,30.9,27.1,28.34583333,79.0,86.0,73.0,SSE,4,SSE,13,0.0,,7.0
10/22/2019,1009.829167,31.0,27.5,28.66666667,76.0,86.0,69.0,SE,4,SE,12,0.0,,6.0
10/23/2019,1009.833333,31.5,26.6,29.00416667,77.0,85.0,71.0,SSE,4,SE,14,0.05,,6.0
10/24/2019,1011.033333,29.3,24.9,27.18333333,84.0,95.0,81.0,SE,5,SE,20,6.4,,7.0
10/25/2019,1010.9,29.2,25.1,27.325,83.0,92.0,77.0,E,4,ESE,16,2.8,,7.0
10/26/2019,1010.325,31.2,26.8,28.42083333,80.0,88.0,72.0,E,4,SE,13,1.1,,7.0
10/27/2019,1009.6625,31.0,27.0,28.5875,78.0,85.0,70.0,NE,4,E,14,0.3,,6.0
10/28/2019,1009.625,31.1,24.7,27.67916667,84.0,96.0,72.0,ENE,3,NE,20,5.8,,6.0
10/29/2019,1010.166667,28.8,24.6,26.37083333,89.0,95.0,83.0,VRB,2,N,15,6.2,,6.0
10/30/2019,1010.279167,30.9,25.2,28.0625,80.0,90.0,70.0,S,5,S,20,1.3,,7.0
10/31/2019,1010.783333,30.2,23.8,27.10416667,86.0,97.0,74.0,VRB,2,ESE,16,29.5,,7.0
11/1/2019,1010.504167,30.8,25.5,27.47916667,85.0,98.0,74.0,VRB,2,ENE,9,2.4,,6.0
11/2/2019,1011.379167,31.1,25.3,27.60833333,83.0,93.0,72.0,VRB,1,NW,12,0.0,,6.0
11/3/2019,1012.8875,30.7,24.0,27.52083333,85.0,96.0,74.0,VRB,2,NW,14,27.4,,6.0
11/4/2019,1012.995833,30.0,24.7,26.8,88.0,96.0,82.0,VRB,1,W,10,0.0,,7.0
11/5/2019,1012.05,31.1,24.5,27.60416667,83.0,97.0,70.0,W,4,WSW,17,22.0,,6.0
11/6/2019,1010.8375,30.1,25.9,27.70833333,83.0,94.0,75.0,SW,4,SW,15,2.6,,7.0
11/7/2019,1014.766667,31.1,24.8,26.97916667,86.0,95.0,73.0,SW,5,SSW,20,6.5,,7.0
11/8/2019,1011.691667,30.9,24.8,27.24583333,87.0,97.0,74.0,SW,6,S,22,14.5,,6.0
11/9/2019,1011.070833,29.4,24.3,25.99166667,92.0,98.0,83.0,VRB,2,S,13,20.7,,6.0
11/10/2019,1010.4375,31.3,26.6,28.44583333,80.0,90.0,73.0,S,4,S,11,0.0,,5.0
11/11/2019,1009.9375,31.1,26.8,28.7625,75.0,83.0,68.0,SSE,4,S,9,1.9,,3.0
11/12/2019,1009.904167,31.2,25.9,28.54583333,80.0,93.0,71.0,E,4,ESE,15,0.05,,3.0
11/13/2019,1009.666667,31.1,26.2,28.6125,81.0,87.0,75.0,E,6,E,23,2.7,,5.0
11/14/2019,1010.029167,31.9,27.4,28.92916667,77.0,87.0,70.0,E,4,ENE,15,0.0,,6.0
11/15/2019,1010.420833,31.7,23.8,27.80416667,84.0,100.0,71.0,ESE,3,E,14,150.5,,6.0
11/16/2019,1011.075,30.0,23.9,26.04166667,89.0,97.0,84.0,E,4,SE,21,13.9,,7.0
11/17/2019,1010.0375,30.9,27.5,29.05,78.0,84.0,74.0,E,6,E,16,0.0,,3.0
11/18/2019,1010.458333,31.6,27.1,29.27916667,77.0,86.0,72.0,ESE,4,ESE,13,0.05,,4.0
11/19/2019,1009.970833,31.7,25.5,29.20833333,77.0,87.0,72.0,ESE,4,ESE,14,3.5,,4.0
11/20/2019,1009.775,29.8,24.4,26.87916667,86.0,97.0,78.0,SE,4,NE,24,34.5,,7.0
11/21/2019,1010.241667,30.9,26.9,28.49166667,80.0,88.0,74.0,ESE,4,ESE,13,0.0,,4.0
11/22/2019,1010.7125,31.6,25.2,28.85,77.0,86.0,70.0,NE,3,E,15,2.8,,4.0
11/23/2019,1010.425,31.3,26.2,28.82083333,79.0,89.0,72.0,E,4,E,13,0.1,,4.0
11/24/2019,1009.645833,31.8,25.6,28.8875,80.0,91.0,73.0,ESE,4,E,19,3.2,,3.0
11/25/2019,1008.525,31.0,27.4,28.91666667,81.0,91.0,75.0,E,5,E,13,0.2,,4.0
11/26/2019,1007.9,30.9,24.9,26.80833333,92.0,98.0,82.0,NNE,4,E,23,44.4,,6.0
11/27/2019,1008.320833,30.7,26.1,27.83333333,86.0,95.0,80.0,E,4,E,17,13.7,,6.0
11/28/2019,1009.091667,30.3,24.8,27.15,89.0,98.0,78.0,VRB,2,ENE,17,60.9,,7.0
11/29/2019,1010.020833,28.9,24.8,26.02083333,92.0,98.0,89.0,SSW,5,S,18,27.8,,7.0
11/30/2019,1010.6,27.2,24.6,25.66666667,94.0,98.0,88.0,VRB,2,S,14,19.7,,7.0
12/1/2019,1010.416667,30.9,27.3,28.20833333,81.0,91.0,71.0,ENE,5,S,12,2.4,,7.0
12/2/2019,1009.5875,31.4,26.2,28.67916667,82.0,90.0,75.0,NE,7,ESE,15,0.05,,6.0
12/3/2019,1009.3,32.0,25.1,28.2,83.0,97.0,70.0,NE,3,E,15,7.7,,6.0
12/4/2019,1010.495833,30.9,27.2,28.225,83.0,97.0,75.0,ENE,1,NE,14,0.1,,7.0
12/5/2019,1010.691667,31.2,27.0,28.60416667,79.0,85.0,72.0,VRB,3,N,14,0.2,,6.0
12/6/2019,1010.3875,31.0,24.6,28.59166667,81.0,90.0,75.0,NNW,2,ENE,19,9.3,,6.0
12/7/2019,1010.2,31.1,26.9,28.82083333,81.0,89.0,73.0,VRB,1,ENE,14,4.5,,4.0
12/8/2019,1010.566667,32.0,27.6,29.42916667,79.0,83.0,75.0,NNE,5,NE,17,0.0,,3.0
12/9/2019,1010.608333,31.0,25.4,28.025,86.0,96.0,76.0,NNE,5,ENE,19,20.8,,6.0
12/10/2019,1010.029167,30.8,26.0,27.87083333,86.0,94.0,77.0,NNE,5,ENE,14,0.05,,7.0
12/11/2019,1009.933333,30.9,25.7,27.34583333,85.0,92.0,73.0,NW,4,NW,13,6.1,,7.0
12/12/2019,1010.054167,31.1,25.0,27.975,80.0,93.0,67.0,W,5,NNE,17,12.4,,6.0
12/13/2019,1011.5875,29.8,24.4,25.8875,90.0,97.0,77.0,WNW,4,NNE,15,9.7,,7.0
12/14/2019,1011.745833,30.1,24.7,27.75,83.0,92.0,75.0,NW,3,NNE,12,5.0,,7.0
12/15/2019,1010.8625,30.3,24.6,26.91666667,86.0,96.0,75.0,VRB,1,SSE,16,12.3,,7.0
12/16/2019,1010.395833,28.9,24.2,25.97083333,90.0,98.0,78.0,WNW,3,ENE,19,32.4,,7.0
12/17/2019,1009.916667,31.2,25.2,28.47083333,80.0,92.0,71.0,WNW,5,ENE,24,0.1,,6.0
12/18/2019,1009.675,30.9,25.5,28.45416667,81.0,94.0,75.0,NNW,4,E,23,7.9,,6.0
12/19/2019,1009.6875,31.8,24.0,28.1,83.0,96.0,73.0,NNE,4,SSE,19,15.5,,7.0
12/20/2019,1009.645833,29.9,25.7,26.65416667,88.0,98.0,77.0,E,3,SSW,22,9.5,,6.0
12/21/2019,1009.366667,30.6,26.4,28.1,84.0,92.0,78.0,E,3,NE,17,3.3,,7.0
12/22/2019,1010.0,30.2,23.6,26.48333333,92.0,100.0,83.0,VRB,2,W,26,125.8,,7.0
12/23/2019,1010.966667,29.9,24.5,27.1875,86.0,96.0,78.0,VRB,1,W,19,15.9,,7.0
12/24/2019,1011.475,30.1,26.0,27.51666667,84.0,94.0,77.0,VRB,0,NW,14,0.0,,6.0
12/25/2019,1011.5875,31.5,25.5,28.28333333,83.0,95.0,72.0,VRB,1,SSE,14,4.0,,5.0
12/26/2019,1010.954167,30.3,27.7,28.26666667,82.0,93.0,77.0,VRB,2,ENE,14,0.0,,6.0
12/27/2019,1009.745833,31.0,25.1,28.725,77.0,83.0,72.0,WNW,4,NE,16,6.4,,3.0
12/28/2019,1010.308333,31.2,27.4,28.54583333,79.0,94.0,70.0,VRB,2,NNE,18,0.05,,6.0
12/29/2019,1010.104167,31.1,26.6,28.75416667,81.0,90.0,77.0,E,4,NE,19,0.5,,5.0
12/30/2019,1011.191667,29.7,26.0,27.52083333,86.0,96.0,80.0,E,5,NE,18,5.8,,7.0
12/31/2019,1011.8,31.2,27.3,28.70833333,80.0,87.0,70.0,NE,7,E,14,0.0,,3.0
1/1/2020,1012.4,30.9,27.0,28.67083333,77.0,85.0,71.0,ENE,5,ENE,13,0.0,,2.0
1/2/2020,1012.8,31.2,24.8,28.64583333,79.0,98.0,71.0,NE,5,ENE,23,11.6,,2.0
1/3/2020,1012.0,31.0,25.0,28.21666667,84.0,95.0,74.0,VRB,2,NE,7,0.0,,5.0
1/4/2020,1011.0,31.3,26.0,28.04583333,84.0,95.0,72.0,VRB,2,S,12,0.0,,3.0
1/5/2020,1010.4,31.3,27.1,28.7125,81.0,91.0,65.0,NE,4,NE,16,0.0,,3.0
1/6/2020,1011.0,31.3,28.1,29.25416667,79.0,87.0,72.0,NE,8,NE,20,0.05,,2.0
1/7/2020,1011.1,31.8,27.4,29.18333333,78.0,84.0,73.0,NE,8,ENE,17,0.05,,4.0
1/8/2020,1011.3,31.8,27.6,29.03333333,78.0,85.0,71.0,NNE,6,ENE,16,0.0,,5.0
1/9/2020,1011.0,31.8,27.5,28.8375,77.0,82.0,71.0,NNE,8,NE,22,0.0,,5.0
1/10/2020,1011.0,31.1,27.4,28.875,74.0,81.0,67.0,NE,8,NE,15,0.0,,5.0
1/11/2020,1010.4,31.8,27.5,28.85,75.0,81.0,69.0,NE,10,NNE,19,0.0,,5.0
1/12/2020,1010.6,32.0,25.8,28.87083333,80.0,94.0,70.0,NNE,6,NE,18,3.8,,6.0
1/13/2020,1010.9,30.0,26.6,27.7625,81.0,90.0,72.0,N,5,N,14,1.5,,6.0
1/14/2020,1010.3,31.0,26.3,28.3375,73.0,84.0,66.0,N,5,NE,15,0.0,,6.0
1/15/2020,1010.8,31.0,26.8,28.4375,72.0,80.0,66.0,NNE,5,NNE,13,0.0,,7.0
1/16/2020,1010.8,31.1,27.2,28.55416667,71.0,77.0,66.0,NE,8,NE,15,0.0,,4.0
1/17/2020,1010.4,31.1,27.5,28.63333333,74.0,79.0,66.0,NE,8,NE,15,0.0,,2.0
1/18/2020,1010.0,31.0,27.6,29.00833333,78.0,86.0,72.0,NE,7,ENE,15,0.0,,6.0
1/19/2020,1010.9,31.8,27.6,29.14583333,82.0,87.0,77.0,NE,6,NE,14,0.0,,5.0
1/20/2020,1011.6,31.2,26.4,28.95,81.0,89.0,76.0,NE,7,NE,14,0.5,,5.0
1/21/2020,1011.5,31.2,28.1,29.0625,82.0,90.0,78.0,NE,9,NE,19,0.05,,5.0
1/22/2020,1010.6,31.1,28.1,29.12083333,83.0,88.0,77.0,NE,10,NE,22,0.0,,6.0
1/23/2020,1010.1,30.9,26.9,28.6375,86.0,93.0,79.0,ENE,9,NE,23,0.6,,7.0
1/24/2020,1010.7,31.8,28.0,29.31666667,83.0,89.0,79.0,NE,8,ENE,20,0.0,,4.0
1/25/2020,1011.7,32.0,27.5,29.12083333,80.0,88.0,72.0,NNE,6,NE,15,0.0,,6.0
1/26/2020,1011.7,32.0,26.1,28.725,77.0,85.0,68.0,NNE,5,NNE,17,0.0,,6.0
1/27/2020,1011.7,31.8,25.6,28.15,77.0,89.0,70.0,NNE,4,N,15,0.0,,6.0
1/28/2020,1012.3,31.3,26.8,28.39583333,73.0,84.0,64.0,NNE,6,NNE,15,0.0,,6.0
1/29/2020,1012.2,31.1,26.8,28.28333333,72.0,81.0,65.0,NE,7,NE,15,0.0,,6.0
1/30/2020,1011.6,31.6,26.5,28.45833333,72.0,79.0,67.0,NE,6,NE,14,0.0,,3.0
1/31/2020,1010.5,31.4,26.3,28.325,74.0,82.0,66.0,NNE,6,NNE,18,0.05,,2.0
2/1/2020,1011.3,31.2,27.3,28.99166667,70.0,77.0,64.0,NE,6,NE,14,0.0,,3.0
2/2/2020,1012.6,31.0,26.1,28.6625,73.0,81.0,66.0,NE,6,ENE,16,0.05,,3.0
2/3/2020,1012.3,31.2,27.5,28.70833333,74.0,84.0,66.0,NE,7,NNE,14,0.0,,3.0
2/4/2020,1011.2,31.2,27.1,28.89583333,75.0,81.0,69.0,NE,6,NE,14,0.0,,3.0
2/5/2020,1011.6,31.2,27.4,28.98333333,76.0,83.0,68.0,NE,7,NE,15,0.0,,5.0
2/6/2020,1011.8,31.8,26.9,29.09166667,78.0,83.0,70.0,NE,7,NE,15,0.0,,4.0
2/7/2020,1013.0,31.9,25.9,28.66666667,79.0,91.0,71.0,NNE,4,NE,13,0.0,,5.0
2/8/2020,1012.7,31.3,27.4,28.87083333,77.0,86.0,68.0,NE,5,NE,11,0.0,,6.0
2/9/2020,1011.8,31.5,27.7,29.0125,76.0,84.0,71.0,NE,5,NNE,13,0.0,,6.0
2/10/2020,1010.6,31.6,27.5,29.14583333,74.0,80.0,70.0,NE,9,NE,20,0.0,,5.0
2/11/2020,1010.6,31.1,27.8,29.21666667,74.0,80.0,68.0,NE,11,NE,25,0.05,,4.0
2/12/2020,1012.5,32.2,27.3,29.19583333,77.0,88.0,68.0,NE,7,NE,18,0.0,,6.0
2/13/2020,1012.2,32.1,26.4,29.0375,80.0,88.0,72.0,NE,8,NE,23,1.1,,6.0
2/14/2020,1011.4,31.6,27.4,29.02083333,79.0,87.0,73.0,NE,5,NE,13,0.05,,6.0
2/15/2020,1011.7,31.9,27.8,28.925,79.0,87.0,65.0,NNE,4,NNE,13,0.05,,5.0
2/16/2020,1011.6,31.7,26.8,29.39583333,79.0,84.0,72.0,NE,6,NE,17,1.7,,3.0
2/17/2020,1011.9,31.8,24.9,28.925,81.0,92.0,70.0,NE,6,NE,23,8.5,,5.0
2/18/2020,1012.1,30.0,25.1,27.76666667,83.0,97.0,76.0,NE,6,NNE,19,3.7,,6.0
2/19/2020,1011.0,31.8,27.7,28.8875,76.0,89.0,68.0,NNE,9,NE,18,0.0,,4.0
2/20/2020,1010.4,31.6,26.3,28.93333333,77.0,86.0,71.0,NE,10,NE,23,2.6,,5.0
2/21/2020,1011.5,31.9,24.7,28.36666667,84.0,98.0,73.0,NE,7,ENE,27,57.6,,6.0
2/22/2020,1012.9,29.1,24.3,26.43333333,91.0,97.0,85.0,NNE,5,ENE,23,46.9,,7.0
2/23/2020,1011.2,31.2,27.1,29.14583333,81.0,87.0,75.0,NE,9,NE,23,1.3,,5.0
2/24/2020,1010.1,31.1,27.9,29.35,79.0,83.0,73.0,NE,9,NE,18,0.05,,5.0
2/25/2020,1009.5,31.7,28.0,29.35,79.0,85.0,72.0,NE,9,NE,16,0.0,,2.0
2/26/2020,1010.0,31.6,27.7,29.20833333,78.0,86.0,72.0,NE,7,NNE,15,0.0,,6.0
2/27/2020,1009.8,32.1,27.6,29.16666667,79.0,86.0,74.0,NNE,6,NNE,16,0.0,,4.0
2/28/2020,1009.6,31.8,26.6,28.78333333,78.0,90.0,70.0,N,4,NNE,14,0.0,,5.0
2/29/2020,1009.7,31.1,27.6,28.92916667,78.0,86.0,73.0,NE,6,NE,17,0.0,,5.0
3/1/2020,1010.3,31.8,27.9,29.26666667,78.0,84.0,71.0,NE,5,NE,14,0.0,,3.0
3/2/2020,1010.8,31.9,25.6,29.45,78.0,85.0,73.0,ENE,4,ENE,12,0.0,,4.0
3/3/2020,1011.6,32.1,26.4,28.89166667,80.0,92.0,71.0,VRB,2,NNW,9,0.0,,3.0
3/4/2020,1011.3,31.3,26.8,29.14166667,78.0,87.0,72.0,NW,4,NNW,13,0.0,,3.0
3/5/2020,1011.0,31.8,25.5,28.50416667,81.0,94.0,71.0,VRB,1,NW,6,0.0,,6.0
3/6/2020,1011.5,31.9,25.0,28.38333333,77.0,91.0,67.0,VRB,1,SSW,6,0.0,,6.0
3/7/2020,1011.4,32.2,26.9,29.21666667,73.0,89.0,65.0,VRB,2,NE,6,0.0,,2.0
3/8/2020,1010.5,32.0,26.9,29.125,75.0,84.0,66.0,VRB,3,NNE,9,0.0,,3.0
3/9/2020,1009.6,32.3,27.4,29.23333333,76.0,84.0,69.0,NNE,5,NNE,14,0.0,,3.0
3/10/2020,1010.1,32.1,27.9,29.28333333,77.0,82.0,70.0,NNE,5,NE,14,0.0,,2.0
3/11/2020,1011.3,32.2,27.8,29.5375,75.0,81.0,67.0,NE,4,NE,12,0.0,,4.0
3/12/2020,1011.4,32.0,27.5,29.37083333,73.0,80.0,68.0,NE,5,NE,15,0.0,,2.0
3/13/2020,1010.9,32.1,27.6,29.62083333,76.0,83.0,71.0,E,4,NE,12,0.0,,2.0
3/14/2020,1010.3,31.9,24.9,28.82083333,79.0,91.0,70.0,VRB,2,ENE,8,0.0,,2.0
3/15/2020,1010.5,32.1,24.7,28.4,80.0,94.0,68.0,VRB,1,ENE,7,0.0,,3.0
3/16/2020,1010.8,32.1,27.6,29.31666667,78.0,94.0,67.0,NE,4,NE,13,0.05,,3.0
3/17/2020,1011.0,32.1,28.9,30.09583333,77.0,84.0,72.0,NE,8,NE,20,0.0,,4.0
3/18/2020,1011.0,32.7,28.0,30.1625,77.0,82.0,70.0,E,5,E,14,0.0,,3.0
3/19/2020,1011.7,32.0,26.5,28.66666667,82.0,92.0,69.0,E,2,SE,15,1.6,,6.0
3/20/2020,1011.9,31.2,25.6,28.3375,85.0,95.0,75.0,VRB,2,NNE,8,0.0,,6.0
3/21/2020,1011.7,32.1,26.2,29.10833333,80.0,94.0,70.0,ENE,3,E,13,6.8,,5.0
3/22/2020,1011.0,32.1,26.8,28.95833333,82.0,92.0,72.0,VRB,1,SSE,9,0.05,,3.0
3/23/2020,1010.3,32.4,26.0,29.29583333,77.0,89.0,70.0,NNE,4,NNE,14,0.0,,4.0
3/24/2020,1009.4,32.1,24.4,28.6625,78.0,91.0,68.0,NNE,3,NE,11,0.0,,2.0
3/25/2020,1009.2,31.8,27.2,28.81666667,76.0,93.0,69.0,VRB,2,E,9,0.0,,3.0
3/26/2020,1009.4,32.2,28.2,29.875,71.0,79.0,66.0,ENE,6,NE,14,0.0,,2.0
3/27/2020,1011.0,32.1,27.6,29.73333333,72.0,78.0,66.0,NE,6,NE,13,0.0,,6.0
3/28/2020,1010.6,32.2,25.2,28.87083333,76.0,88.0,68.0,NE,4,NE,13,0.0,,5.0
3/29/2020,1010.2,32.0,26.4,28.975,77.0,89.0,70.0,NE,3,E,7,0.0,,6.0
3/30/2020,1010.4,31.8,25.4,28.99583333,74.0,85.0,67.0,NNE,3,NNW,8,0.0,,3.0
3/31/2020,1010.5,32.1,25.1,28.75,78.0,91.0,67.0,NNE,3,N,11,0.0,,6.0
4/1/2020,1009.9,31.8,24.9,28.25833333,84.0,98.0,71.0,VRB,2,WNW,14,25.0,,6.0
4/2/2020,1009.1,32.2,26.7,29.0875,80.0,98.0,70.0,VRB,3,NNE,9,0.0,,2.0
4/3/2020,1009.6,32.5,27.1,29.5,76.0,86.0,69.0,NNE,5,NNE,13,0.0,,4.0
4/4/2020,1010.9,32.0,25.1,29.16666667,75.0,95.0,67.0,N,4,ENE,27,15.1,,6.0
4/5/2020,1012.2,31.6,28.6,29.30416667,80.0,94.0,73.0,VRB,2,ENE,9,0.0,,3.0
4/6/2020,1011.9,32.4,25.2,29.80416667,79.0,92.0,72.0,VRB,2,ENE,10,0.0,,3.0
4/7/2020,1011.9,33.2,28.4,29.8,79.0,93.0,70.0,VRB,2,W,7,0.05,,2.0
4/8/2020,1012.2,31.9,28.1,30.0625,76.0,83.0,70.0,W,2,WNW,8,0.0,,3.0
4/9/2020,1011.5,32.9,25.6,29.4,77.0,91.0,65.0,VRB,2,W,8,0.0,,1.0
4/10/2020,1010.9,33.0,26.4,29.34166667,79.0,92.0,68.0,VRB,1,W,7,0.0,,1.0
4/11/2020,1011.7,32.9,26.9,29.78333333,75.0,92.0,68.0,SW,3,S,10,0.05,,4.0
4/12/2020,1011.0,33.6,27.8,30.22916667,72.0,87.0,65.0,VRB,1,W,7,0.0,,2.0
4/13/2020,1009.5,32.8,26.5,29.81875,78.0,92.0,69.0,VRB,1,NNW,8,0.05,,4.0
4/14/2020,1010.5,32.4,25.5,28.79583333,85.0,98.0,71.0,VRB,1,SE,15,4.8,,4.0
4/15/2020,1011.1,33.0,26.2,28.8375,83.0,92.0,71.0,VRB,1,NNW,11,1.2,,6.0
4/16/2020,1010.2,32.0,26.2,28.14166667,86.0,96.0,73.0,VRB,1,S,23,10.7,,6.0
4/17/2020,1009.7,32.7,27.6,29.875,79.0,95.0,71.0,SE,3,ESE,11,0.9,,6.0
4/18/2020,1009.5,32.6,26.9,29.46666667,79.0,93.0,72.0,SE,4,SE,18,12.5,,5.0
4/19/2020,1009.0,32.3,27.4,30.29166667,73.0,80.0,69.0,E,4,E,11,0.0,,3.0
4/20/2020,1009.1,32.9,27.4,29.79166667,80.0,95.0,71.0,VRB,2,ESE,14,0.6,,5.0
4/21/2020,1010.4,32.3,25.0,28.36666667,86.0,98.0,73.0,SSE,3,E,23,46.2,,7.0
4/22/2020,1010.7,32.6,24.0,28.28333333,84.0,100.0,73.0,WSW,4,WNW,16,38.2,,6.0
4/23/2020,1010.9,31.1,25.2,27.84166667,84.0,96.0,73.0,WSW,5,W,28,20.8,,7.0
4/24/2020,1010.6,30.6,28.3,28.84583333,78.0,83.0,74.0,S,5,E,15,0.05,,7.0
4/25/2020,1010.0,33.6,28.4,30.33333333,76.0,83.0,68.0,W,3,W,14,0.05,,6.0
4/26/2020,1011.0,33.2,29.2,30.5875,76.0,85.0,67.0,W,2,W,9,0.0,,5.0
4/27/2020,1011.5,33.4,28.5,30.3875,78.0,86.0,72.0,W,5,W,16,0.05,,5.0
4/28/2020,1011.6,32.2,23.9,27.30833333,89.0,97.0,82.0,SW,5,SW,26,64.3,,7.0
4/29/2020,1010.7,32.8,28.8,30.00416667,80.0,87.0,75.0,WSW,4,WSW,11,0.0,,4.0
4/30/2020,1011.4,33.0,29.0,30.5375,78.0,84.0,70.0,WSW,4,WSW,11,0.0,,6.0
5/1/2020,1010.7,33.2,29.4,30.62083333,79.0,84.0,72.0,W,5,W,14,0.0,,5.0
5/2/2020,1009.4,33.1,25.4,30.30833333,80.0,91.0,75.0,W,6,W,21,11.0,,3.0
5/3/2020,1010.1,32.2,26.2,28.91666667,84.0,95.0,74.0,W,6,W,23,2.4,,6.0
5/4/2020,1010.4,32.1,26.4,29.77083333,81.0,93.0,75.0,W,5,W,26,12.7,,7.0
5/5/2020,1011.1,30.7,25.8,28.225,86.0,95.0,79.0,SW,5,WSW,20,4.4,,7.0
5/6/2020,1010.1,32.3,27.0,29.61666667,81.0,92.0,76.0,SW,4,SW,13,4.5,,5.0
5/7/2020,1009.9,32.2,26.5,29.58333333,82.0,90.0,73.0,SW,6,SW,24,1.1,,6.0
5/8/2020,1009.4,32.9,28.6,30.22916667,81.0,86.0,75.0,W,6,W,19,1.5,,6.0
5/9/2020,1009.4,33.2,28.2,30.37083333,80.0,88.0,73.0,W,5,W,16,0.05,,4.0
5/10/2020,1009.5,32.4,28.0,30.12083333,80.0,88.0,73.0,WSW,6,WSW,19,0.8,,6.0
5/11/2020,1009.1,32.5,25.5,28.8375,85.0,98.0,75.0,W,7,W,28,32.3,,6.0
5/12/2020,1008.9,31.4,25.6,28.87083333,86.0,95.0,76.0,W,4,W,21,15.0,,7.0
5/13/2020,1008.2,33.4,27.4,29.925,82.0,92.0,73.0,VRB,2,SSW,13,0.05,,6.0
5/14/2020,1008.9,32.7,25.2,28.06666667,88.0,97.0,77.0,WSW,10,WSW,31,41.5,,7.0
5/15/2020,1008.6,30.1,28.0,28.87916667,81.0,90.0,76.0,W,12,W,26,0.2,,7.0
5/16/2020,1008.6,32.4,24.6,29.97083333,79.0,96.0,72.0,W,9,W,38,6.3,,7.0
5/17/2020,1008.6,31.8,25.2,28.8625,85.0,98.0,77.0,W,12,W,42,23.3,,7.0
5/18/2020,1009.7,30.2,25.0,27.46666667,87.0,96.0,79.0,W,16,W,49,24.0,,7.0
5/19/2020,1008.5,32.1,28.9,30.025,82.0,87.0,77.0,W,8,W,20,0.0,,7.0
5/20/2020,1009.4,32.2,24.6,29.97083333,81.0,88.0,74.0,SW,6,WSW,45,11.8,,6.0
5/21/2020,1009.9,31.9,25.4,29.40833333,82.0,96.0,77.0,WSW,8,W,36,4.6,,7.0
5/22/2020,1009.9,32.4,27.9,30.01666667,80.0,90.0,75.0,W,10,W,24,0.3,,7.0
5/23/2020,1010.1,31.8,26.6,29.64166667,81.0,88.0,77.0,W,11,W,27,2.0,,7.0
5/24/2020,1010.7,31.3,26.0,28.69583333,85.0,95.0,80.0,W,9,W,39,6.9,,6.0
5/25/2020,1011.3,31.2,26.8,28.90416667,84.0,88.0,80.0,WSW,7,W,27,11.7,,7.0
5/26/2020,1011.5,32.3,26.6,29.50833333,80.0,87.0,73.0,SW,4,SW,15,0.0,,6.0
5/27/2020,1011.3,32.0,27.1,29.525,80.0,85.0,75.0,S,5,S,10,1.9,,6.0
5/28/2020,1011.1,32.0,24.7,28.08333333,86.0,95.0,74.0,SSW,6,WSW,27,21.3,,7.0
5/29/2020,1010.8,30.8,25.8,28.23333333,86.0,93.0,80.0,W,9,SW,25,9.9,,7.0
5/30/2020,1010.8,32.2,25.1,28.43333333,86.0,98.0,75.0,SW,4,S,17,45.0,,6.0
5/31/2020,1011.2,31.8,28.0,29.525,78.0,88.0,73.0,SSE,6,S,13,0.05,,3.0
6/1/2020,1011.6,32.0,27.4,29.51666667,76.0,82.0,71.0,S,6,S,14,0.0,,3.0
6/2/2020,1011.3,32.1,27.5,29.50416667,73.0,82.0,65.0,SSW,4,SW,12,0.0,,4.0
6/3/2020,1010.9,32.1,27.6,29.46666667,76.0,82.0,68.0,S,5,S,11,0.0,,5.0
6/4/2020,1011.1,32.2,28.1,29.8375,75.0,82.0,67.0,S,5,S,12,0.0,,3.0
6/5/2020,1011.0,32.6,24.6,29.80833333,76.0,90.0,71.0,S,6,SW,27,3.8,,2.0
6/6/2020,1011.0,32.1,24.7,28.8375,82.0,95.0,73.0,S,6,WSW,38,12.4,,5.0
6/7/2020,1009.9,31.0,26.1,28.45416667,81.0,90.0,75.0,SSW,6,SW,25,0.3,,7.0
6/8/2020,1009.4,32.0,26.2,28.89583333,83.0,93.0,73.0,SSW,3,WSW,22,0.1,,7.0
6/9/2020,1009.4,32.0,25.6,29.16666667,82.0,93.0,72.0,W,4,SW,13,6.6,,7.0
6/10/2020,1009.3,31.2,27.2,29.025,81.0,89.0,76.0,WSW,6,WSW,26,0.5,,6.0
6/11/2020,1008.3,32.4,26.9,29.24583333,82.0,89.0,72.0,SW,6,WSW,24,1.4,,6.0
6/12/2020,1007.4,32.1,27.5,29.79583333,78.0,86.0,73.0,WSW,5,WSW,19,0.05,,6.0
6/13/2020,1008.9,31.8,23.8,27.49583333,84.0,99.0,76.0,W,8,W,29,36.0,,6.0
6/14/2020,1009.2,32.2,24.0,29.27916667,81.0,91.0,73.0,W,5,W,18,6.4,,6.0
6/15/2020,1009.4,31.8,26.1,28.90833333,82.0,94.0,73.0,W,9,W,36,5.1,,6.0
6/16/2020,1008.8,33.0,24.5,29.075,84.0,99.0,76.0,W,6,W,35,14.4,,6.0
6/17/2020,1009.0,32.0,27.2,29.15,82.0,86.0,78.0,W,5,NW,22,0.0,,6.0
6/18/2020,1010.2,32.1,25.4,29.15833333,79.0,89.0,70.0,VRB,3,WSW,28,0.3,,5.0
6/19/2020,1010.3,33.3,26.2,28.95833333,79.0,94.0,68.0,VRB,2,W,9,0.0,,6.0
6/20/2020,1010.5,32.2,27.0,29.2,82.0,95.0,75.0,SSW,3,SW,12,0.05,,6.0
6/21/2020,1009.4,32.1,28.3,29.64583333,78.0,89.0,72.0,WSW,4,SW,13,0.05,,5.0
6/22/2020,1008.1,33.0,28.3,29.85833333,78.0,83.0,72.0,W,3,W,10,0.0,,5.0
6/23/2020,1008.4,33.0,29.0,30.38333333,80.0,84.0,72.0,W,6,W,16,0.05,,6.0
6/24/2020,1008.4,32.8,29.0,30.4,78.0,84.0,73.0,W,7,W,15,0.0,,6.0
6/25/2020,1007.7,33.1,26.4,30.325,79.0,86.0,73.0,W,6,W,25,1.1,,6.0
6/26/2020,1007.9,32.6,24.5,29.7875,79.0,92.0,71.0,WSW,5,WNW,33,4.3,,6.0
6/27/2020,1008.3,32.1,27.5,29.74583333,80.0,85.0,76.0,W,4,WSW,11,0.0,,6.0
6/28/2020,1008.4,32.8,28.8,30.2,79.0,84.0,75.0,W,4,W,13,0.05,,3.0
6/29/2020,1008.4,33.0,27.1,30.15833333,78.0,85.0,71.0,W,2,W,11,0.0,,5.0
6/30/2020,1008.1,33.1,26.9,29.6625,78.0,88.0,66.0,VRB,1,WSW,5,0.0,,4.0
7/1/2020,1008.2,32.2,26.1,29.5125,79.0,95.0,68.0,VRB,1,SE,7,1.5,,4.0
7/2/2020,1008.5,32.8,26.2,29.05833333,80.0,95.0,70.0,VRB,1,S,7,0.0,,2.0
7/3/2020,1009.0,32.5,28.0,29.625,76.0,87.0,71.0,VRB,2,SE,8,0.0,,6.0
7/4/2020,1008.8,32.1,29.0,29.91666667,76.0,80.0,72.0,E,4,E,11,0.0,,6.0
7/5/2020,1008.4,32.3,24.1,29.25,80.0,98.0,73.0,ESE,5,N,25,18.2,,6.0
7/6/2020,1008.8,31.2,27.1,28.8125,80.0,85.0,75.0,S,4,SSW,14,0.0,,7.0
7/7/2020,1008.8,31.8,28.6,29.61666667,77.0,92.0,69.0,SE,3,SSE,13,0.0,,6.0
7/8/2020,1008.9,32.0,27.2,29.50416667,80.0,89.0,73.0,VRB,2,S,9,0.0,,6.0
7/9/2020,1008.8,31.9,26.9,29.225,80.0,87.0,72.0,S,3,SW,10,0.0,,6.0
7/10/2020,1009.3,32.2,27.8,29.45,78.0,87.0,68.0,S,4,SSE,18,0.0,,7.0
7/11/2020,1008.8,32.1,27.6,29.73333333,77.0,85.0,71.0,SSE,4,SSE,12,0.0,,5.0
7/12/2020,1008.2,31.9,26.4,29.07916667,79.0,90.0,70.0,VRB,1,SE,8,0.05,,7.0
7/13/2020,1007.8,30.2,23.9,27.96666667,82.0,100.0,76.0,NNW,6,NW,31,19.7,,7.0
7/14/2020,1008.0,32.8,25.9,29.2875,80.0,95.0,71.0,VRB,2,NNW,13,0.0,,4.0
7/15/2020,1008.5,32.7,26.4,29.225,80.0,94.0,70.0,VRB,1,WSW,5,0.0,,6.0
7/16/2020,1007.3,33.2,26.4,29.05,82.0,92.0,68.0,VRB,0,S,5,0.0,,7.0
7/17/2020,1006.9,32.1,24.5,28.15833333,85.0,95.0,71.0,VRB,2,NE,15,30.6,,7.0
7/18/2020,1007.7,29.8,24.3,27.48333333,84.0,100.0,74.0,WNW,10,W,38,41.6,,7.0
7/19/2020,1008.1,28.9,23.9,27.42083333,86.0,98.0,75.0,NW,11,NW,31,8.5,,7.0
7/20/2020,1007.5,31.2,28.6,29.4125,79.0,83.0,76.0,WNW,8,WNW,20,0.4,,7.0
7/21/2020,1008.4,31.8,25.9,28.7125,78.0,91.0,71.0,NW,7,W,27,3.9,,7.0
7/22/2020,1008.8,31.2,27.0,28.71666667,79.0,88.0,69.0,WNW,7,NW,32,1.4,,7.0
7/23/2020,1009.2,31.9,25.5,28.48333333,80.0,91.0,73.0,W,5,S,20,0.05,,7.0
7/24/2020,1009.7,31.8,25.2,28.51666667,81.0,92.0,70.0,W,4,WNW,21,0.05,,7.0
7/25/2020,1010.9,30.9,23.3,26.51666667,83.0,93.0,72.0,VRB,4,WSW,34,13.1,,7.0
7/26/2020,1010.8,30.4,25.1,27.8375,78.0,95.0,53.0,VRB,3,SW,31,2.9,,6.0
7/27/2020,1009.9,31.3,25.8,28.88333333,78.0,86.0,72.0,W,5,SSW,14,11.5,,7.0
7/28/2020,1009.4,31.2,25.4,28.125,84.0,95.0,76.0,W,5,W,20,11.0,,7.0
7/29/2020,1009.1,32.1,26.0,29.19583333,81.0,88.0,76.0,W,8,W,30,0.6,,6.0
7/30/2020,1009.1,31.7,22.8,29.06666667,81.0,98.0,71.0,WSW,8,W,30,9.1,,7.0
7/31/2020,1009.6,30.1,26.1,28.17083333,81.0,86.0,76.0,W,6,W,23,1.2,,7.0
8/1/2020,1010.3,32.0,23.6,27.74166667,84.0,92.0,72.0,SSW,5,W,30,14.0,,7.0
8/2/2020,1010.2,31.6,27.4,28.8625,84.0,93.0,78.0,S,5,S,14,0.2,,6.0
8/3/2020,1009.3,31.6,27.5,29.19583333,80.0,86.0,76.0,S,6,S,12,0.0,,7.0
8/4/2020,1007.8,31.7,27.4,29.1375,81.0,87.0,74.0,S,4,S,11,0.9,,6.0
8/5/2020,1007.6,31.2,24.0,27.25416667,87.0,94.0,79.0,S,6,WSW,39,11.8,,7.0
8/6/2020,1008.3,30.3,27.1,28.6,79.0,84.0,73.0,S,7,S,18,0.05,,7.0
8/7/2020,1009.5,31.4,28.1,29.37916667,78.0,85.0,73.0,S,6,S,13,0.0,,6.0
8/8/2020,1009.4,31.2,27.8,29.10416667,81.0,85.0,74.0,S,5,SSE,11,0.05,,6.0
8/9/2020,1009.6,32.0,27.9,29.15,82.0,88.0,73.0,SSW,4,SSW,13,0.5,,7.0
8/10/2020,1009.9,31.5,26.7,28.83333333,83.0,87.0,77.0,SSW,6,W,20,4.0,,7.0
8/11/2020,1011.0,31.3,26.3,28.825,82.0,96.0,74.0,S,3,SSW,9,1.7,,6.0
8/12/2020,1011.4,32.2,25.6,28.7375,82.0,94.0,72.0,VRB,2,S,8,0.05,,3.0
8/13/2020,1009.8,32.2,25.1,28.45833333,80.0,95.0,67.0,VRB,1,W,6,0.0,,3.0
8/14/2020,1008.9,32.4,25.1,28.925,75.0,91.0,65.0,VRB,1,W,6,0.0,,3.0
8/15/2020,1009.0,32.0,25.9,28.67916667,79.0,93.0,68.0,VRB,1,ESE,5,0.0,,5.0
8/16/2020,1009.0,31.7,25.9,28.89583333,80.0,93.0,73.0,VRB,2,E,7,0.0,,6.0
8/17/2020,1008.8,32.0,26.2,29.15416667,79.0,92.0,70.0,VRB,2,ENE,7,0.0,,3.0
8/18/2020,1008.6,32.1,27.6,29.49583333,76.0,89.0,70.0,VRB,2,ENE,8,0.0,,2.0
8/19/2020,1008.3,32.3,25.5,28.88333333,78.0,89.0,70.0,VRB,2,NE,10,0.0,,2.0
8/20/2020,1008.9,31.9,25.0,28.45416667,78.0,90.0,67.0,VRB,1,WNW,6,0.0,,5.0
8/21/2020,1009.9,31.9,27.8,29.12083333,75.0,94.0,69.0,ESE,2,ESE,10,0.0,,3.0
8/22/2020,1010.2,32.2,28.1,29.875,74.0,83.0,67.0,E,3,E,10,0.0,,2.0
8/23/2020,1010.1,32.2,25.4,29.01666667,80.0,94.0,72.0,ESE,2,SE,13,0.05,,4.0
8/24/2020,1010.4,31.3,25.2,28.08333333,84.0,96.0,68.0,VRB,1,NNW,17,1.7,,5.0
8/25/2020,1010.9,32.2,25.1,28.25416667,83.0,97.0,68.0,W,5,W,26,23.1,,5.0
8/26/2020,1011.3,30.1,27.0,28.67083333,77.0,85.0,72.0,NW,4,WNW,14,0.1,,7.0
8/27/2020,1010.5,32.0,25.6,29.45833333,74.0,81.0,70.0,WNW,5,W,19,1.7,,6.0
8/28/2020,1010.4,30.8,26.4,28.30416667,78.0,87.0,72.0,VRB,3,W,14,0.05,,7.0
8/29/2020,1009.9,32.0,26.6,28.73333333,79.0,89.0,68.0,S,3,S,13,0.2,,7.0
8/30/2020,1010.1,31.1,24.0,27.64583333,82.0,94.0,71.0,S,3,NW,19,22.6,,7.0
8/31/2020,1010.3,31.0,26.4,28.2125,81.0,96.0,74.0,SW,4,SW,14,31.2,,7.0
9/1/2020,1010.9,30.1,24.4,27.50833333,83.0,97.0,74.0,SW,5,W,22,31.2,,7.0
9/2/2020,1010.5,31.1,24.5,26.92083333,84.0,95.0,72.0,WSW,8,SSW,27,25.0,,7.0
9/3/2020,1009.6,31.0,25.6,28.85,77.0,89.0,72.0,WSW,9,WSW,20,11.3,,7.0
9/4/2020,1008.6,30.5,24.6,27.73333333,85.0,93.0,78.0,WSW,8,SSW,40,24.1,,7.0
9/5/2020,1009.1,28.3,23.8,26.09166667,90.0,98.0,85.0,WSW,12,SW,39,55.6,,7.0
9/6/2020,1008.8,31.0,27.1,28.33333333,79.0,89.0,70.0,SW,8,SW,26,0.05,,7.0
9/7/2020,1009.9,32.2,28.2,29.28333333,80.0,85.0,72.0,W,6,W,15,0.05,,7.0
9/8/2020,1010.5,32.0,27.4,29.48333333,80.0,89.0,73.0,W,7,W,16,0.0,,7.0
9/9/2020,1010.1,31.9,24.9,29.40416667,80.0,85.0,73.0,W,5,W,15,12.7,,6.0
9/10/2020,1010.0,30.3,24.1,26.92916667,86.0,98.0,80.0,SSW,7,SSW,20,1.8,,7.0
9/11/2020,1009.7,31.9,27.4,29.07916667,77.0,83.0,70.0,S,10,S,20,0.0,,7.0
9/12/2020,1010.9,31.3,27.1,28.8625,79.0,85.0,71.0,S,7,S,14,0.05,,5.0
9/13/2020,1011.2,31.0,26.7,28.54166667,80.0,88.0,72.0,S,5,S,13,0.05,,6.0
9/14/2020,1010.7,32.0,27.1,28.95833333,78.0,87.0,70.0,SW,3,S,9,0.2,,6.0
9/15/2020,1010.5,32.0,27.5,29.00416667,80.0,85.0,73.0,SSW,4,SSW,13,0.05,,5.0
9/16/2020,1010.5,31.1,27.7,28.94166667,79.0,89.0,73.0,S,5,S,14,0.5,,6.0
9/17/2020,1011.3,30.5,23.7,27.375,83.0,96.0,75.0,S,5,SW,20,34.9,,7.0
9/18/2020,1010.4,31.6,27.2,28.97916667,82.0,87.0,76.0,SW,4,SW,15,0.0,,7.0
9/19/2020,1009.4,32.0,27.3,29.19166667,79.0,89.0,73.0,SSW,5,SSW,14,0.0,,6.0
9/20/2020,1009.2,31.1,24.9,28.45833333,81.0,98.0,74.0,SSE,4,SSE,19,7.4,,6.0
9/21/2020,1009.6,30.9,24.2,28.0375,83.0,95.0,71.0,SSE,7,SW,35,3.9,,6.0
9/22/2020,1009.8,31.9,25.6,28.4375,77.0,92.0,69.0,S,5,S,12,0.05,,7.0
9/23/2020,1010.5,32.0,26.9,29.17916667,77.0,85.0,67.0,VRB,2,W,13,0.0,,6.0
9/24/2020,1011.5,32.0,27.9,29.28333333,78.0,86.0,71.0,WNW,3,W,13,0.0,,6.0
9/25/2020,1011.3,31.8,27.8,29.2,77.0,83.0,72.0,WNW,3,WNW,11,0.0,,6.0
9/26/2020,1010.8,32.0,26.6,29.39166667,77.0,83.0,71.0,WNW,3,WNW,8,0.0,,5.0
9/27/2020,1010.7,31.2,24.8,28.0125,83.0,93.0,73.0,VRB,1,NNW,7,0.0,,6.0
9/28/2020,1010.9,31.5,24.8,28.6125,79.0,96.0,71.0,S,3,SSE,13,26.0,,6.0
9/29/2020,1010.3,31.9,23.6,28.35416667,83.0,95.0,74.0,S,5,S,25,9.7,,7.0
9/30/2020,1010.0,30.9,23.9,28.14583333,84.0,97.0,75.0,S,3,SSW,18,17.7,,7.0
10/1/2020,1010.3,31.0,25.0,27.42916667,85.0,98.0,75.0,VRB,2,W,20,0.0,,7.0
10/2/2020,1010.9,31.2,26.5,28.27083333,83.0,92.0,74.0,WSW,5,S,19,8.7,,7.0
10/3/2020,1011.9,29.2,22.2,25.72083333,90.0,96.0,79.0,SW,7,SSW,24,81.9,,7.0
10/4/2020,1011.1,31.0,25.0,28.20416667,82.0,95.0,74.0,W,4,WSW,17,16.6,,7.0
10/5/2020,1010.5,30.5,24.2,27.99583333,85.0,96.0,77.0,W,7,WNW,29,17.9,,7.0
10/6/2020,1010.9,29.9,24.6,27.125,86.0,98.0,76.0,W,6,WSW,22,25.3,,7.0
10/7/2020,1010.5,32.1,25.6,28.38333333,83.0,96.0,73.0,W,3,W,14,0.05,,6.0
10/8/2020,1010.8,31.1,26.1,28.45416667,83.0,95.0,77.0,W,5,SSW,19,2.6,,6.0
10/9/2020,1010.5,31.7,26.0,28.69583333,82.0,92.0,75.0,WSW,5,WSW,15,0.7,,7.0
10/10/2020,1010.6,30.7,24.1,27.94583333,84.0,97.0,76.0,SW,7,WSW,29,9.1,,7.0
10/11/2020,1009.3,31.9,26.5,29.13333333,80.0,88.0,73.0,SW,8,SW,20,0.3,,6.0
10/12/2020,1008.6,30.4,27.2,28.6125,81.0,86.0,76.0,SW,10,SW,23,2.1,,6.0
10/13/2020,1009.1,31.3,26.7,28.9375,77.0,91.0,70.0,SSW,9,SW,24,5.8,,7.0
10/14/2020,1009.6,31.8,25.1,28.65416667,80.0,94.0,71.0,SW,7,W,29,10.2,,7.0
10/15/2020,1008.9,31.7,23.9,28.44166667,81.0,91.0,72.0,WSW,9,W,42,8.3,,6.0
10/16/2020,1008.2,30.8,25.4,28.43333333,84.0,92.0,78.0,W,10,W,29,11.3,,7.0
10/17/2020,1008.6,30.8,25.0,28.64583333,83.0,92.0,78.0,W,10,W,35,3.0,,7.0
10/18/2020,1009.4,30.9,27.4,28.9625,81.0,86.0,75.0,W,10,W,35,0.1,,6.0
10/19/2020,1009.3,31.8,25.7,29.275,79.0,86.0,73.0,W,7,W,18,0.05,,6.0
10/20/2020,1009.8,32.3,25.4,29.25416667,79.0,94.0,73.0,WSW,5,WSW,22,0.7,,6.0
10/21/2020,1009.9,32.0,25.1,29.00833333,82.0,91.0,75.0,SW,5,SW,19,10.0,,5.0
10/22/2020,1009.8,31.9,28.2,29.22916667,79.0,94.0,73.0,SW,6,SW,24,0.0,,5.0
10/23/2020,1009.8,31.9,28.2,29.50416667,78.0,83.0,74.0,WSW,6,WSW,16,0.0,,5.0
10/24/2020,1010.2,31.9,25.8,29.40416667,80.0,92.0,73.0,WSW,5,WSW,14,10.0,,6.0
10/25/2020,1010.9,32.5,27.9,29.34166667,81.0,92.0,74.0,WSW,5,WSW,13,0.0,,6.0
10/26/2020,1010.8,32.2,27.7,29.37916667,78.0,84.0,72.0,W,4,W,11,0.0,,3.0
10/27/2020,1010.7,32.2,27.8,29.525,77.0,83.0,71.0,W,4,W,12,0.0,,2.0
10/28/2020,1011.4,32.5,24.9,28.5,82.0,89.0,72.0,WSW,4,WSW,25,6.0,,5.0
10/29/2020,1011.1,31.8,26.6,29.0875,81.0,91.0,73.0,W,6,W,17,3.2,,5.0
10/30/2020,1010.9,31.8,26.0,29.04583333,81.0,88.0,73.0,W,6,W,18,7.1,,5.0
10/31/2020,1011.2,31.9,25.9,28.97916667,81.0,89.0,76.0,VRB,2,W,11,0.05,,3.0
11/1/2020,1011.6,32.6,25.2,28.86666667,81.0,92.0,72.0,SW,3,SW,16,9.7,,5.0
11/2/2020,1012.1,31.9,26.0,28.35,84.0,95.0,76.0,W,4,WSW,15,4.8,,7.0
11/3/2020,1012.0,30.2,25.1,27.91666667,84.0,90.0,80.0,SW,3,SW,13,0.0,,6.0
11/4/2020,1010.9,31.9,25.6,28.625,81.0,94.0,71.0,VRB,2,S,8,0.0,,5.0
11/5/2020,1011.1,32.8,25.5,28.9625,81.0,94.0,72.0,VRB,1,SW,7,0.0,,3.0
11/6/2020,1011.2,32.2,25.2,28.25416667,82.0,94.0,71.0,VRB,1,NNW,9,0.0,,5.0
11/7/2020,1011.8,32.0,26.5,28.7125,80.0,94.0,70.0,VRB,1,SSW,10,0.2,,4.0
11/8/2020,1012.0,31.8,23.3,28.925,80.0,88.0,73.0,S,5,NW,21,29.3,,7.0
11/9/2020,1011.4,29.9,24.5,26.6875,89.0,99.0,79.0,W,5,N,37,9.3,,7.0
11/10/2020,1009.6,31.2,24.1,28.0125,84.0,97.0,77.0,W,3,NE,23,31.7,,7.0
11/11/2020,1009.8,31.9,25.4,28.1875,84.0,96.0,73.0,VRB,1,W,9,0.0,,6.0
11/12/2020,1010.4,31.7,24.6,27.1625,87.0,98.0,73.0,E,2,E,13,9.5,,6.0
11/13/2020,1009.5,29.6,25.6,27.10833333,87.0,98.0,81.0,VRB,2,NW,11,7.4,,6.0
11/14/2020,1008.0,31.0,26.3,28.44166667,83.0,94.0,78.0,WNW,7,WNW,18,2.2,,6.0
11/15/2020,1007.7,30.4,25.7,27.90416667,86.0,95.0,80.0,WNW,5,NW,19,6.3,,7.0
11/16/2020,1008.5,28.9,25.0,26.4125,90.0,98.0,81.0,WSW,10,W,27,34.3,,7.0
11/17/2020,1008.5,30.2,23.0,27.47083333,82.0,98.0,71.0,WSW,10,W,30,50.0,,7.0
11/18/2020,1009.1,30.9,26.7,28.59166667,81.0,87.0,78.0,WSW,7,SW,31,0.05,,7.0
11/19/2020,1009.7,32.5,26.2,29.02083333,80.0,91.0,72.0,VRB,2,WSW,10,0.0,,6.0
11/20/2020,1010.3,31.2,27.6,29.02083333,77.0,88.0,71.0,VRB,2,WNW,7,0.0,,6.0
11/21/2020,1010.8,31.2,26.3,29.25,78.0,82.0,73.0,NW,4,NW,11,0.0,,6.0
11/22/2020,1011.5,31.3,25.6,28.92083333,76.0,90.0,68.0,NW,3,NW,11,0.0,,4.0
11/23/2020,1011.5,31.5,25.8,28.54583333,80.0,93.0,70.0,VRB,3,WNW,15,1.3,,6.0
11/24/2020,1010.5,31.9,25.1,28.025,82.0,98.0,68.0,VRB,3,WNW,20,3.7,,7.0
11/25/2020,1009.7,32.1,27.9,29.26666667,78.0,87.0,71.0,WSW,5,SW,17,0.05,,4.0
11/26/2020,1010.4,32.0,28.0,29.425,76.0,82.0,70.0,SW,8,SW,17,0.0,,6.0
11/27/2020,1011.2,31.9,27.3,29.23333333,77.0,89.0,70.0,WSW,5,WSW,15,1.5,,5.0
11/28/2020,1011.0,32.2,24.9,28.98333333,78.0,91.0,72.0,W,3,W,11,0.05,,5.0
11/29/2020,1010.5,31.2,24.7,28.0375,80.0,92.0,73.0,VRB,2,NE,7,0.0,,5.0
11/30/2020,1011.2,31.8,24.6,27.98333333,80.0,92.0,70.0,VRB,1,NE,7,0.0,,2.0
12/1/2020,1011.2,31.9,27.2,28.93333333,78.0,92.0,71.0,VRB,1,W,10,0.05,,5.0
12/2/2020,1010.8,31.9,25.1,28.79166667,81.0,92.0,70.0,W,4,W,22,14.7,,7.0
12/3/2020,1009.9,31.9,28.1,29.54166667,78.0,83.0,73.0,W,8,W,18,0.0,,5.0
12/4/2020,1009.3,32.2,28.0,29.45,79.0,85.0,73.0,WSW,8,WSW,19,0.0,,6.0
12/5/2020,1009.3,32.3,24.4,28.87916667,81.0,98.0,72.0,W,8,W,24,26.7,,6.0
12/6/2020,1010.3,29.3,25.2,27.10416667,87.0,97.0,82.0,WSW,8,WSW,28,7.8,,7.0
12/7/2020,1010.8,32.5,27.0,29.525,80.0,89.0,72.0,W,5,WSW,14,0.0,,6.0
12/8/2020,1011.3,31.9,24.6,28.7125,79.0,87.0,72.0,SW,3,SW,14,0.0,,6.0
12/9/2020,1010.9,31.8,25.3,28.41666667,80.0,95.0,72.0,VRB,2,SSW,6,0.0,,3.0
12/10/2020,1011.6,31.8,27.4,28.675,79.0,89.0,71.0,VRB,2,WNW,10,0.0,,6.0
12/11/2020,1011.6,27.9,27.9,29.1,74.0,81.0,67.0,W,4,WSW,13,0.0,,5.0
12/12/2020,1011.2,31.9,27.0,29.14166667,74.0,82.0,67.0,W,6,W,16,0.05,,6.0
12/13/2020,1010.4,31.8,27.0,28.875,78.0,84.0,75.0,W,7,WNW,18,1.1,,7.0
12/14/2020,1010.4,32.1,27.5,29.0875,76.0,84.0,72.0,W,6,WNW,15,2.0,,6.0
12/15/2020,1011.1,32.8,24.8,29.05416667,75.0,89.0,65.0,WSW,4,W,11,1.6,,6.0
12/16/2020,1011.4,30.2,24.4,26.75416667,86.0,95.0,76.0,VRB,1,S,10,2.5,,5.0
12/17/2020,1011.3,32.2,24.5,28.07083333,82.0,95.0,70.0,VRB,2,SSW,13,1.0,,3.0
12/18/2020,1010.5,31.7,26.6,28.59583333,79.0,98.0,70.0,VRB,2,NNE,10,0.0,,5.0
12/19/2020,1010.3,31.8,27.3,29.14166667,78.0,82.0,73.0,ENE,4,ENE,11,0.0,,3.0
12/20/2020,1010.5,31.9,26.5,28.5,80.0,89.0,71.0,E,3,NNE,14,0.05,,6.0
12/21/2020,1010.2,31.5,24.5,27.025,86.0,98.0,73.0,SSW,4,SSW,23,31.8,,7.0
12/22/2020,1009.9,31.5,26.1,28.325,81.0,91.0,74.0,SSW,7,SSW,21,1.5,,6.0
12/23/2020,1009.5,31.9,25.6,28.675,78.0,93.0,71.0,SW,6,SW,17,3.5,,6.0
12/24/2020,1009.0,31.8,24.3,27.68333333,83.0,96.0,71.0,VRB,1,S,8,0.0,,7.0
12/25/2020,1009.7,31.3,24.0,27.57083333,83.0,96.0,71.0,VRB,2,ENE,9,0.0,,3.0
12/26/2020,1010.5,31.0,25.9,27.775,85.0,97.0,74.0,VRB,1,ESE,7,2.1,,3.0
12/27/2020,1010.0,31.1,24.4,28.38333333,79.0,89.0,73.0,NNE,4,NE,13,0.0,,2.0
12/28/2020,1010.0,31.2,27.4,28.55,79.0,93.0,71.0,WNW,3,NNW,16,0.0,,4.0
12/29/2020,1009.2,31.8,26.8,28.84166667,78.0,89.0,71.0,NW,3,NW,9,0.0,,5.0
12/30/2020,1008.5,31.2,25.6,28.56666667,81.0,90.0,73.0,VRB,3,NNW,19,5.5,,3.0
12/31/2020,1009.2,30.0,22.5,26.59166667,90.0,97.0,80.0,VRB,2,NNE,14,40.4,,6.0
1/1/2021,1009.5,28.8,23.4,26.1,89.0,100.0,83.0,NNE,3,SW,29,0.5,,7.0
1/2/2021,1009.2,30.6,25.1,27.4,87.0,95.0,76.0,NE,4,NNE,20,6.1,,6.0
1/3/2021,1008.5,31.2,25.2,28.0,85.0,98.0,75.0,ENE,3,NE,18,4.0,,7.0
1/4/2021,1008.9,30.6,25.4,27.8,87.0,98.0,78.0,NE,3,NE,11,2.9,,6.0
1/5/2021,1009.9,29.1,26.0,26.9,89.0,95.0,82.0,SW,6,WSW,22,14.9,,7.0
1/6/2021,1009.2,31.9,26.5,28.7,81.0,92.0,71.0,W,3,W,14,1.0,,7.0
1/7/2021,1008.0,31.2,27.4,28.6,82.0,88.0,75.0,W,3,W,15,0.0,,6.0
1/8/2021,1007.8,30.9,26.7,28.5,83.0,97.0,77.0,WNW,6,WNW,19,1.4,,7.0
1/9/2021,1008.7,31.5,27.4,28.8,79.0,84.0,72.0,W,3,NW,9,0.0,,6.0
1/10/2021,1009.3,32.7,27.9,29.1,74.0,82.0,68.0,W,4,W,13,0.0,,7.0
1/11/2021,1009.9,32.0,27.4,28.9,74.0,81.0,67.0,W,6,W,15,0.0,,7.0
1/12/2021,1009.6,30.9,25.8,28.5,80.0,95.0,74.0,W,9,WNW,29,4.9,,7.0
1/13/2021,1009.0,31.1,27.4,28.9,78.0,87.0,72.0,W,10,W,23,0.05,,7.0
1/14/2021,1008.9,31.8,27.6,29.0,80.0,89.0,73.0,W,8,W,21,0.0,,7.0
1/15/2021,1008.8,32.2,27.6,29.2,76.0,84.0,70.0,W,6,W,17,0.0,,7.0
1/16/2021,1008.4,31.8,27.2,29.0,75.0,81.0,69.0,SW,5,SW,16,0.05,,5.0
1/17/2021,1009.2,32.1,25.9,28.3,80.0,91.0,68.0,VRB,2,SW,8,0.1,,6.0
1/18/2021,1009.7,31.0,24.8,28.0,79.0,91.0,70.0,VRB,3,SW,12,0.05,,5.0
1/19/2021,1010.4,31.1,26.0,28.0,79.0,90.0,71.0,VRB,1,S,8,0.0,,6.0
1/20/2021,1011.0,31.5,26.8,28.6,80.0,89.0,71.0,N,3,N,11,0.0,,5.0
1/21/2021,1011.2,31.3,27.2,28.9,78.0,85.0,70.0,NW,3,N,11,0.0,,4.0
1/22/2021,1010.7,31.2,25.4,28.4,81.0,95.0,71.0,VRB,2,WNW,9,0.0,,4.0
1/23/2021,1010.8,31.2,27.1,28.4,81.0,94.0,73.0,VRB,1,ENE,11,0.0,,6.0
1/24/2021,1011.0,31.0,27.1,28.9,78.0,85.0,73.0,NE,5,E,14,0.0,,4.0
1/25/2021,1011.1,31.3,27.2,28.7,78.0,85.0,72.0,NE,6,NE,15,0.0,,7.0
1/26/2021,1010.8,31.0,23.9,27.3,83.0,95.0,72.0,NE,5,WSW,31,0.6,,7.0
1/27/2021,1010.6,31.3,26.6,28.1,74.0,96.0,65.0,NNE,6,N,19,0.0,,7.0
1/28/2021,1011.3,31.1,27.0,28.5,71.0,82.0,59.0,N,6,N,17,0.0,,6.0
1/29/2021,1011.5,30.0,26.2,27.5,82.0,92.0,77.0,N,4,N,12,1.3,,7.0
1/30/2021,1010.8,31.1,26.8,28.6,78.0,85.0,71.0,N,5,N,13,0.8,,7.0
1/31/2021,1011.1,31.7,26.1,28.8,80.0,89.0,73.0,NE,6,NE,15,0.0,,7.0
2/1/2021,1011.7,31.8,26.7,28.8,80.0,91.0,73.0,NE,6,NE,15,0.6,,5.0
2/2/2021,1011.9,31.5,25.0,28.5,82.0,97.0,74.0,NE,6,NE,18,2.4,,7.0
2/3/2021,1011.7,30.9,24.7,27.7,86.0,97.0,78.0,N,4,NNE,18,12.3,,7.0
2/4/2021,1011.9,29.6,24.6,26.9,88.0,98.0,79.0,NNE,6,NE,19,11.6,,7.0
2/5/2021,1011.3,31.2,25.8,28.6,77.0,83.0,72.0,NNE,7,NNE,16,0.0,,7.0
2/6/2021,1010.6,31.4,26.9,28.5,76.0,85.0,67.0,NNE,6,NE,15,0.0,,3.0
2/7/2021,1010.2,31.7,26.9,28.7,73.0,82.0,67.0,NNE,6,NNE,17,0.0,,3.0
2/8/2021,1010.3,31.0,26.6,28.7,81.0,88.0,76.0,NE,9,NE,22,0.2,,5.0
2/9/2021,1010.2,31.9,27.0,29.0,78.0,88.0,74.0,NNE,9,NE,20,0.0,,3.0
2/10/2021,1009.9,31.2,27.1,28.8,75.0,81.0,69.0,NE,7,N,19,0.05,,5.0
2/11/2021,1009.8,31.1,26.6,28.5,75.0,82.0,70.0,NNE,7,NNE,15,0.0,,4.0
2/12/2021,1010.7,31.0,26.3,28.3,74.0,81.0,68.0,NE,5,NE,12,0.0,,3.0
2/13/2021,1011.6,31.2,27.1,28.6,76.0,84.0,71.0,NE,6,NNE,15,0.0,,3.0
2/14/2021,1011.8,31.2,27.0,28.8,78.0,86.0,73.0,NNE,5,NE,13,0.0,,6.0
2/15/2021,1010.9,31.9,27.2,28.7,78.0,86.0,72.0,N,5,N,14,0.05,,6.0
2/16/2021,1010.8,29.8,25.0,27.0,85.0,92.0,75.0,VRB,3,WSW,13,0.05,,7.0
2/17/2021,1010.0,31.8,26.0,28.5,81.0,93.0,71.0,NE,4,E,19,2.8,,7.0
2/18/2021,1010.7,30.7,27.4,28.8,81.0,89.0,76.0,NE,5,NE,13,0.0,,5.0
2/19/2021,1010.8,31.7,27.3,29.0,77.0,86.0,72.0,NNE,6,NNE,15,0.0,,3.0
2/20/2021,1010.1,31.7,27.0,28.9,77.0,85.0,71.0,NNE,7,NNE,16,0.0,,3.0
2/21/2021,1011.0,31.2,26.2,28.7,77.0,85.0,69.0,N,4,N,14,0.0,,3.0
2/22/2021,1011.5,31.3,26.8,28.6,78.0,87.0,72.0,N,5,N,13,0.0,,7.0
2/23/2021,1010.6,31.8,27.2,29.4,78.0,87.0,71.0,NNE,6,NNE,16,0.0,,5.0
2/24/2021,1010.4,31.8,25.9,29.0,80.0,91.0,73.0,NE,4,NE,11,0.0,,7.0
2/25/2021,1010.9,32.0,25.9,28.8,81.0,93.0,74.0,N,4,NNW,13,0.05,,7.0
2/26/2021,1010.3,31.4,26.0,28.7,77.0,86.0,71.0,N,4,NE,14,0.0,,6.0
2/27/2021,1009.0,31.0,24.2,28.1,82.0,96.0,72.0,VRB,2,NNW,12,0.0,,6.0
2/28/2021,1009.9,31.2,27.6,28.7,78.0,96.0,71.0,VRB,2,WSW,12,0.0,,7.0
3/1/2021,1012.0,32.8,26.5,28.9,75.0,86.0,67.0,W,3,WSW,10,0.0,,7.0
3/2/2021,1011.1,31.9,25.4,28.6,78.0,86.0,71.0,NNE,4,NE,13,0.0,,5.0
3/3/2021,1010.5,31.5,27.5,28.6,71.0,87.0,62.0,NNE,6,NNE,14,0.0,,3.0
3/4/2021,1010.2,31.5,27.7,29.2,72.0,78.0,67.0,ENE,5,ENE,12,0.0,,3.0
3/5/2021,1011.7,31.8,27.5,29.5,74.0,80.0,68.0,ENE,4,ENE,11,0.0,,4.0
3/6/2021,1011.8,32.0,27.6,29.3,78.0,82.0,72.0,NE,6,NE,14,0.0,,5.0
3/7/2021,1010.9,31.8,27.1,29.1,77.0,84.0,67.0,NE,5,NE,12,0.05,,3.0
3/8/2021,1010.8,31.9,25.6,29.1,78.0,95.0,69.0,NE,3,SSE,14,2.9,,4.0
3/9/2021,1011.4,31.0,25.6,27.9,83.0,94.0,73.0,VRB,3,NE,14,1.1,,7.0
3/10/2021,1011.8,30.2,23.9,27.8,84.0,93.0,78.0,VRB,2,E,19,1.8,,7.0
3/11/2021,1012.1,30.8,24.9,27.6,81.0,95.0,67.0,N,5,E,19,0.5,,7.0
3/12/2021,1011.8,31.2,24.8,28.9,77.0,88.0,70.0,ENE,4,NNW,21,7.7,,3.0
3/13/2021,1011.0,30.8,24.8,28.4,81.0,96.0,72.0,E,4,SSE,16,1.6,,7.0
3/14/2021,1010.4,29.8,24.0,26.5,89.0,98.0,83.0,VRB,3,SE,22,46.9,,7.0
3/15/2021,1009.9,31.3,24.8,28.4,81.0,92.0,75.0,VRB,2,ENE,9,0.5,,6.0
3/16/2021,1010.5,30.3,24.6,27.2,86.0,94.0,76.0,VRB,2,N,12,2.0,,7.0
3/17/2021,1009.6,31.6,26.6,28.4,80.0,96.0,72.0,VRB,2,NE,8,0.0,,7.0
3/18/2021,1009.9,32.2,25.5,29.2,78.0,89.0,70.0,VRB,2,NNE,15,3.1,,5.0
3/19/2021,1010.3,32.0,25.0,27.6,82.0,94.0,69.0,VRB,3,W,19,3.6,,7.0
3/20/2021,1009.2,32.0,27.0,28.7,80.0,96.0,69.0,VRB,2,SW,9,0.2,,7.0
3/21/2021,1008.9,32.3,27.5,29.6,78.0,87.0,71.0,W,2,SW,9,0.0,,6.0
3/22/2021,1009.8,32.1,27.5,29.5,77.0,83.0,72.0,VRB,2,WNW,9,0.0,,5.0
3/23/2021,1010.2,32.2,25.8,29.3,76.0,83.0,67.0,VRB,1,W,12,0.3,,7.0
3/24/2021,1010.1,29.8,25.0,27.0,87.0,94.0,75.0,VRB,2,NNE,17,0.9,,7.0
3/25/2021,1008.8,31.2,27.2,28.7,80.0,97.0,73.0,NE,4,NE,12,0.0,,7.0
3/26/2021,1008.5,31.9,24.1,27.7,85.0,98.0,71.0,NE,4,E,30,49.2,,6.0
3/27/2021,1008.9,29.8,25.1,27.1,89.0,98.0,79.0,VRB,1,WSW,8,4.1,,7.0
3/28/2021,1008.6,30.9,24.0,27.9,86.0,99.0,77.0,S,5,S,27,46.1,,7.0
3/29/2021,1009.4,28.2,23.4,26.8,87.0,100.0,78.0,WSW,9,SSW,40,34.1,,8.0
3/30/2021,1007.7,31.9,27.0,29.3,79.0,89.0,72.0,SW,7,SW,25,0.7,,7.0
3/31/2021,1008.0,31.8,23.9,28.5,87.0,98.0,79.0,WSW,9,W,38,81.0,,7.0
4/1/2021,1009.5,30.2,27.0,28.5,85.0,98.0,79.0,WSW,7,SW,33,6.0,,7.0
4/2/2021,1009.5,31.5,27.6,29.5,83.0,90.0,78.0,WSW,7,WSW,19,0.0,,7.0
4/3/2021,1009.8,31.9,26.8,29.5,82.0,87.0,75.0,W,7,W,20,3.7,,6.0
4/4/2021,1010.1,32.0,27.1,29.4,82.0,89.0,77.0,WNW,7,W,22,3.7,,7.0
4/5/2021,1010.0,31.9,27.8,29.7,79.0,86.0,74.0,WNW,6,W,14,0.0,,3.0
4/6/2021,1010.7,32.0,27.3,29.2,76.0,84.0,69.0,W,3,W,10,0.0,,7.0
4/7/2021,1011.5,32.6,27.8,29.5,77.0,84.0,70.0,W,3,W,10,0.0,,5.0
4/8/2021,1010.1,32.5,27.8,29.6,76.0,82.0,70.0,W,4,W,11,0.0,,3.0
4/9/2021,1009.5,32.8,26.6,29.6,74.0,86.0,68.0,WSW,4,WSW,18,2.1,,3.0
4/10/2021,1010.6,32.4,26.0,29.4,77.0,95.0,70.0,SW,5,SW,15,0.6,,4.0
4/11/2021,1011.4,32.2,27.3,29.4,77.0,94.0,70.0,SW,4,SSW,10,0.0,,3.0
4/12/2021,1011.8,33.0,27.9,29.8,76.0,83.0,69.0,WSW,3,SW,9,0.0,,2.0
4/13/2021,1011.2,32.8,26.9,29.8,75.0,88.0,68.0,W,2,SSW,11,3.3,,2.0
4/14/2021,1011.0,32.5,26.1,29.2,75.0,85.0,67.0,SW,2,SW,8,0.0,,2.0
4/15/2021,1011.0,32.2,27.6,29.2,72.0,83.0,64.0,SW,3,SW,9,0.0,,2.0
4/16/2021,1011.0,32.6,25.2,29.0,75.0,88.0,65.0,SW,2,WSW,11,0.0,,5.0
4/17/2021,1012.2,32.1,27.0,28.9,74.0,91.0,66.0,S,5,S,13,0.0,,2.0
4/18/2021,1012.9,31.7,27.1,28.9,72.0,79.0,66.0,SSE,4,SSE,14,0.0,,4.0
4/19/2021,1011.1,31.9,25.0,28.6,74.0,87.0,66.0,S,4,S,12,0.0,,2.0
4/20/2021,1010.7,32.2,27.4,29.2,73.0,86.0,63.0,SW,3,SW,10,0.0,,2.0
4/21/2021,1011.8,32.9,27.0,29.4,71.0,79.0,65.0,SSW,4,SW,10,0.0,,3.0
4/22/2021,1012.0,32.4,27.8,29.6,71.0,79.0,65.0,SW,5,SW,13,0.0,,3.0
4/23/2021,1011.4,32.2,27.6,29.5,72.0,78.0,66.0,WSW,5,SW,12,0.0,,3.0
4/24/2021,1010.4,32.9,26.8,29.4,73.0,86.0,66.0,SW,3,WSW,9,0.0,,3.0
4/25/2021,1010.2,32.8,26.6,29.3,73.0,86.0,65.0,WSW,3,W,9,0.0,,2.0
4/26/2021,1010.0,32.6,25.6,29.5,73.0,83.0,66.0,WSW,3,SW,8,0.0,,2.0
4/27/2021,1010.8,33.0,26.4,29.0,77.0,89.0,67.0,VRB,2,S,9,0.0,,4.0
4/28/2021,1011.3,31.9,27.4,29.2,74.0,85.0,67.0,S,4,S,11,0.0,,7.0
4/29/2021,1010.1,32.3,26.5,29.3,77.0,89.0,70.0,S,3,S,12,1.3,,4.0
4/30/2021,1009.0,32.5,25.5,28.8,80.0,92.0,69.0,VRB,1,SW,12,0.05,,2.0
5/1/2021,1008.9,33.1,25.8,28.9,78.0,94.0,66.0,VRB,1,ESE,8,0.0,,4.0
5/2/2021,1008.8,31.9,26.5,28.4,83.0,90.0,71.0,VRB,2,NW,14,17.3,,7.0
5/3/2021,1009.0,31.0,25.0,27.8,86.0,98.0,77.0,SSW,5,W,21,41.7,,7.0
5/4/2021,1008.1,32.2,25.6,29.1,82.0,95.0,73.0,VRB,2,S,9,8.1,,7.0
5/5/2021,1008.3,33.1,26.5,29.6,80.0,97.0,71.0,VRB,2,W,15,0.3,,6.0
5/6/2021,1009.2,32.2,25.2,27.9,88.0,100.0,75.0,SW,4,SW,17,52.9,,7.0
5/7/2021,1009.5,32.9,25.1,28.0,88.0,99.0,73.0,VRB,2,W,21,53.1,,6.0
5/8/2021,1008.2,32.8,26.2,29.2,82.0,96.0,69.0,VRB,0,ESE,12,2.2,,5.0
5/9/2021,1007.6,32.1,26.1,29.0,83.0,96.0,75.0,VRB,2,S,13,27.4,,6.0
5/10/2021,1008.4,30.3,25.0,27.8,89.0,97.0,79.0,SW,5,SW,23,9.8,,7.0
5/11/2021,1009.0,28.2,25.8,27.5,87.0,95.0,80.0,SW,8,W,28,11.7,,7.0
5/12/2021,1008.7,29.0,25.1,27.1,88.0,96.0,82.0,W,11,SW,30,9.4,,7.0
5/13/2021,1007.9,30.2,23.9,27.4,88.0,100.0,80.0,W,4,WSW,26,59.0,,7.0
5/14/2021,1006.9,30.4,25.6,28.0,86.0,96.0,79.0,SW,8,W,28,10.6,,7.0
5/15/2021,1007.4,30.0,27.0,28.3,82.0,92.0,74.0,SW,8,SSW,21,0.1,,7.0
5/16/2021,1007.5,32.9,28.6,29.8,81.0,84.0,74.0,W,4,WSW,18,2.5,,7.0
5/17/2021,1008.7,33.1,28.4,30.1,79.0,83.0,71.0,W,3,W,10,0.2,,5.0
5/18/2021,1009.0,32.7,28.4,30.1,77.0,84.0,72.0,WSW,3,WSW,9,0.0,,2.0
5/19/2021,1009.4,33.2,28.8,30.2,76.0,83.0,70.0,W,4,WSW,12,0.0,,3.0
5/20/2021,1010.5,33.1,27.8,30.1,77.0,90.0,71.0,W,4,W,14,5.1,,7.0
5/21/2021,1010.7,32.7,27.9,29.8,78.0,88.0,71.0,WSW,4,WSW,13,0.0,,6.0
5/22/2021,1010.0,32.6,27.5,30.0,77.0,85.0,71.0,WSW,5,WSW,13,0.1,,6.0
5/23/2021,1010.8,32.5,28.1,30.0,79.0,87.0,73.0,SW,6,SW,17,0.3,,7.0
5/24/2021,1011.8,32.4,28.4,30.0,77.0,83.0,72.0,SW,8,SW,18,0.0,,7.0
5/25/2021,1011.8,31.9,28.8,29.8,75.0,80.0,68.0,SW,11,SW,23,0.05,,7.0
5/26/2021,1011.2,31.4,28.2,29.8,74.0,80.0,70.0,WSW,11,SW,23,0.0,,7.0
5/27/2021,1011.2,32.5,28.5,30.0,75.0,81.0,68.0,WSW,11,W,24,0.0,,7.0
5/28/2021,1011.4,32.4,25.6,29.4,78.0,92.0,71.0,W,10,W,32,12.0,,7.0
5/29/2021,1011.7,31.2,24.8,28.2,80.0,92.0,67.0,W,10,W,32,16.8,,7.0
5/30/2021,1011.1,31.4,24.5,28.6,81.0,99.0,67.0,W,10,W,35,36.6,,7.0
5/31/2021,1010.0,32.1,27.8,29.4,77.0,85.0,69.0,W,9,W,22,0.8,,4.0
6/1/2021,1009.5,32.1,26.9,29.6,75.0,79.0,70.0,W,8,W,17,0.0,,3.0
6/2/2021,1009.8,32.0,27.9,29.6,74.0,81.0,68.0,W,8,W,17,0.0,,4.0
6/3/2021,1010.9,32.0,28.4,29.6,74.0,83.0,67.0,W,8,W,18,0.05,,7.0
6/4/2021,1011.5,32.0,28.4,29.7,74.0,80.0,67.0,W,8,W,19,0.0,,7.0
6/5/2021,1011.1,32.0,28.4,29.6,77.0,82.0,72.0,W,7,WSW,18,0.05,,7.0
6/6/2021,1011.2,32.6,27.9,29.5,80.0,85.0,73.0,WSW,6,SW,19,0.9,,7.0
6/7/2021,1011.5,31.8,28.1,29.5,76.0,84.0,70.0,WSW,7,WSW,20,0.3,,6.0
6/8/2021,1011.5,32.2,28.0,29.4,76.0,84.0,70.0,W,6,W,17,0.5,,4.0
6/9/2021,1010.7,33.1,26.6,29.6,77.0,82.0,70.0,W,5,W,27,5.0,,4.0
6/10/2021,1009.8,32.5,27.0,29.4,79.0,89.0,70.0,W,5,W,19,0.1,,5.0
6/11/2021,1010.1,32.1,28.0,29.6,77.0,83.0,70.0,SW,5,WSW,14,0.0,,7.0
6/12/2021,1010.5,32.0,27.6,29.6,76.0,82.0,67.0,SW,6,SSW,13,0.05,,3.0
6/13/2021,1010.8,32.1,27.8,29.4,75.0,82.0,68.0,WSW,4,W,12,0.0,,2.0
6/14/2021,1010.2,32.1,25.8,29.2,78.0,89.0,70.0,SW,3,SW,9,0.0,,5.0
6/15/2021,1009.8,32.8,28.0,29.4,75.0,89.0,68.0,WSW,3,W,12,0.0,,2.0
6/16/2021,1010.6,32.3,26.0,29.4,78.0,96.0,70.0,WSW,4,S,16,12.4,,3.0
6/17/2021,1011.0,32.1,26.9,29.2,80.0,89.0,73.0,SSW,4,SW,12,0.0,,6.0
6/18/2021,1011.5,32.5,27.8,29.5,77.0,87.0,70.0,SW,3,SW,9,3.7,,4.0
6/19/2021,1012.3,32.7,28.4,29.7,79.0,86.0,71.0,W,5,W,13,0.0,,6.0
6/20/2021,1012.6,31.9,28.0,29.6,74.0,83.0,67.0,WNW,6,W,14,0.0,,3.0
6/21/2021,1012.0,32.0,28.4,29.6,76.0,82.0,70.0,WNW,5,WNW,13,0.05,,7.0
6/22/2021,1011.4,32.5,25.4,29.5,76.0,88.0,69.0,WNW,6,W,21,0.6,,6.0
6/23/2021,1012.1,32.1,22.5,27.9,83.0,100.0,77.0,WSW,5,WSW,26,22.3,,7.0
6/24/2021,1011.8,31.7,26.1,28.9,78.0,88.0,73.0,W,4,WSW,18,0.05,,7.0
6/25/2021,1011.0,31.6,25.9,28.1,81.0,91.0,72.0,WSW,3,W,22,2.4,,7.0
6/26/2021,1010.9,32.3,27.1,29.5,77.0,85.0,71.0,SW,5,SSW,15,0.0,,7.0
6/27/2021,1011.6,31.9,23.7,29.3,75.0,84.0,68.0,SW,4,W,15,1.2,,7.0
6/28/2021,1010.6,32.0,25.8,28.7,77.0,94.0,63.0,W,3,NW,25,0.6,,5.0
6/29/2021,1010.1,33.0,24.4,28.6,82.0,97.0,69.0,WSW,3,WNW,20,6.8,,7.0
6/30/2021,1010.2,32.2,26.9,29.5,79.0,88.0,73.0,W,5,W,24,7.4,,6.0
7/1/2021,1010.3,32.6,28.4,29.6,77.0,83.0,71.0,W,5,W,15,0.0,,6.0
7/2/2021,1010.3,32.8,23.2,29.7,76.0,83.0,70.0,W,6,W,22,29.4,,7.0
7/3/2021,1010.6,30.7,23.1,26.9,85.0,98.0,78.0,W,9,WSW,35,20.5,,7.0
7/4/2021,1010.2,32.3,28.3,29.6,78.0,85.0,72.0,WNW,6,W,19,0.0,,7.0
7/5/2021,1009.1,32.0,27.0,29.5,79.0,85.0,75.0,WNW,9,WNW,21,0.0,,7.0
7/6/2021,1008.5,32.2,23.6,29.1,80.0,93.0,71.0,WNW,8,WNW,37,7.2,,7.0
7/7/2021,1009.2,31.2,27.5,29.3,79.0,84.0,72.0,WNW,8,WNW,19,0.0,,7.0
7/8/2021,1010.1,31.8,23.7,28.9,81.0,93.0,73.0,WNW,8,W,39,10.1,,7.0
7/9/2021,1009.5,31.8,26.2,28.8,82.0,86.0,74.0,W,8,W,32,6.0,,7.0
7/10/2021,1009.6,31.8,26.1,28.6,81.0,89.0,74.0,W,6,W,27,5.3,,7.0
7/11/2021,1009.5,32.0,27.0,29.1,79.0,87.0,74.0,W,5,WNW,19,0.05,,7.0
7/12/2021,1008.9,32.0,26.4,28.8,82.0,92.0,73.0,WSW,3,SSW,13,0.3,,7.0
7/13/2021,1008.8,32.0,26.2,28.6,82.0,93.0,72.0,VRB,2,SSW,10,0.05,,6.0
7/14/2021,1008.4,31.3,25.5,28.5,83.0,96.0,72.0,VRB,1,E,12,3.2,,6.0
7/15/2021,1008.4,31.9,27.5,29.1,80.0,95.0,71.0,VRB,3,N,10,0.0,,4.0
7/16/2021,1009.4,32.5,26.4,29.3,77.0,85.0,70.0,NNE,5,NNE,12,0.0,,3.0
7/17/2021,1010.3,32.4,27.9,29.5,76.0,84.0,68.0,VRB,3,W,10,0.05,,4.0
7/18/2021,1010.9,32.8,27.8,29.6,76.0,83.0,68.0,W,2,WSW,9,0.5,,4.0
7/19/2021,1011.4,33.0,26.7,29.6,77.0,85.0,68.0,VRB,2,WNW,8,0.0,,7.0
7/20/2021,1012.5,32.9,25.5,29.7,76.0,90.0,70.0,VRB,2,W,24,4.5,,7.0
7/21/2021,1012.3,31.1,25.8,28.3,82.0,91.0,74.0,SSW,4,W,24,4.7,,7.0
7/22/2021,1011.1,31.8,24.9,28.5,82.0,95.0,73.0,S,6,S,17,12.9,,7.0
7/23/2021,1010.0,31.2,25.6,28.4,82.0,91.0,74.0,S,7,SSE,21,0.05,,7.0
7/24/2021,1010.5,31.4,26.1,28.3,81.0,92.0,72.0,VRB,2,S,9,0.0,,7.0
7/25/2021,1011.5,31.1,24.8,27.3,86.0,98.0,76.0,NW,4,W,26,40.8,,7.0
7/26/2021,1011.6,31.8,25.3,28.6,81.0,91.0,74.0,W,3,SSW,18,4.9,,7.0
7/27/2021,1011.2,31.3,25.3,28.2,83.0,93.0,77.0,W,4,W,29,7.5,,7.0
7/28/2021,1011.5,30.2,26.9,28.0,82.0,89.0,77.0,SW,3,WSW,12,0.0,,7.0
7/29/2021,1012.1,32.4,24.7,28.4,81.0,95.0,69.0,SW,3,WNW,18,1.7,,7.0
7/30/2021,1012.6,32.2,25.1,28.1,85.0,97.0,71.0,VRB,1,WNW,10,16.7,,7.0
7/31/2021,1013.0,32.0,24.8,27.9,85.0,96.0,73.0,VRB,1,NE,14,6.7,,7.0
8/1/2021,1012.3,31.4,24.8,27.7,84.0,96.0,72.0,VRB,1,S,14,0.1,,7.0
8/2/2021,1012.7,29.6,25.1,27.6,84.0,94.0,78.0,VRB,2,S,12,0.0,,7.0
8/3/2021,1013.5,31.1,26.5,28.2,81.0,94.0,74.0,VRB,2,S,15,0.0,,7.0
8/4/2021,1013.8,31.0,26.5,28.8,79.0,85.0,73.0,SSE,3,SSE,11,0.0,,7.0
8/5/2021,1012.2,31.0,23.7,27.9,84.0,98.0,77.0,VRB,4,W,30,31.6,,7.0
8/6/2021,1011.4,29.8,24.2,27.0,87.0,100.0,82.0,W,7,W,33,39.6,,7.0
8/7/2021,1011.5,30.2,23.8,27.8,84.0,93.0,73.0,W,7,WNW,30,16.1,,7.0
8/8/2021,1011.9,30.8,24.8,27.9,84.0,97.0,79.0,W,3,SW,26,0.05,,7.0
8/9/2021,1012.4,32.3,27.4,29.3,78.0,85.0,70.0,W,3,W,11,0.2,,7.0
8/10/2021,1011.6,32.2,26.2,29.3,79.0,87.0,72.0,W,5,WNW,19,0.5,,6.0
8/11/2021,1012.4,31.1,24.3,27.8,82.0,92.0,74.0,WNW,9,WSW,32,6.2,,7.0
8/12/2021,1012.3,31.5,24.3,29.1,79.0,94.0,74.0,WNW,8,WSW,24,11.1,,7.0
8/13/2021,1011.5,31.2,25.9,28.5,79.0,86.0,75.0,W,9,W,29,0.5,,7.0
8/14/2021,1010.2,31.1,25.0,29.0,77.0,82.0,72.0,W,10,W,33,2.6,,7.0
8/15/2021,1010.6,31.6,27.9,29.2,76.0,80.0,73.0,W,7,W,21,0.0,,7.0
8/16/2021,1011.6,31.5,27.7,29.3,76.0,85.0,71.0,WNW,5,WNW,14,0.2,,7.0
8/17/2021,1012.3,32.7,26.9,29.3,78.0,86.0,71.0,W,5,SW,12,0.05,,7.0
8/18/2021,1011.1,31.6,26.8,28.8,77.0,85.0,70.0,SSW,5,W,20,0.2,,4.0
8/19/2021,1009.6,31.8,27.4,29.0,75.0,83.0,68.0,WSW,3,SW,12,0.0,,4.0
8/20/2021,1009.8,32.4,27.6,29.4,75.0,81.0,68.0,W,4,SW,11,0.0,,3.0
8/21/2021,1010.5,32.3,27.5,29.3,78.0,82.0,72.0,W,5,W,12,0.05,,5.0
8/22/2021,1010.5,32.6,27.5,29.4,75.0,85.0,68.0,SW,4,W,11,0.0,,6.0
8/23/2021,1010.4,31.9,26.9,29.0,77.0,83.0,70.0,SSW,5,SSW,15,0.5,,7.0
8/24/2021,1010.4,31.5,27.3,28.8,79.0,86.0,68.0,SW,8,SSW,18,0.05,,6.0
8/25/2021,1010.2,29.9,25.4,27.6,83.0,96.0,79.0,W,6,W,24,2.0,,7.0
8/26/2021,1009.7,32.4,24.9,28.8,79.0,92.0,69.0,W,5,SW,17,9.9,,6.0
8/27/2021,1009.5,31.2,26.9,28.7,80.0,92.0,73.0,SW,5,SSW,14,0.1,,7.0
8/28/2021,1008.6,32.0,27.1,29.2,76.0,83.0,69.0,SSW,9,SSW,19,0.05,,7.0
8/29/2021,1008.3,31.9,26.8,28.7,79.0,89.0,67.0,SW,6,SSW,16,1.2,,7.0
8/30/2021,1009.0,32.3,27.6,29.2,78.0,87.0,71.0,WSW,4,WSW,11,0.0,,6.0
8/31/2021,1010.0,33.0,27.7,29.5,74.0,82.0,65.0,W,4,W,11,0.0,,5.0
9/1/2021,1010.9,32.4,27.4,29.3,71.0,78.0,65.0,WSW,3,WSW,12,0.0,,4.0
9/2/2021,1010.4,33.0,27.1,29.5,74.0,81.0,66.0,W,3,W,9,0.0,,6.0
9/3/2021,1010.2,32.9,27.6,29.6,73.0,82.0,65.0,SW,3,W,13,0.0,,6.0
9/4/2021,1010.7,32.7,27.5,29.6,74.0,80.0,64.0,WSW,4,W,10,0.0,,5.0
9/5/2021,1011.0,32.6,27.6,29.5,75.0,89.0,66.0,WSW,4,WSW,14,0.1,,5.0
9/6/2021,1011.1,32.1,27.8,29.5,76.0,84.0,70.0,WSW,5,WSW,12,0.6,,7.0
9/7/2021,1011.2,32.9,27.8,29.7,74.0,82.0,67.0,SW,6,SW,14,0.05,,7.0
9/8/2021,1011.2,33.1,24.6,28.9,77.0,93.0,65.0,VRB,2,WSW,10,0.0,,7.0
9/9/2021,1011.7,32.0,26.3,28.5,76.0,91.0,65.0,VRB,1,N,6,0.0,,4.0
9/10/2021,1011.8,32.1,24.8,28.8,77.0,92.0,67.0,NW,3,NW,13,0.0,,3.0
9/11/2021,1011.4,32.9,25.6,29.0,75.0,94.0,64.0,VRB,1,W,8,0.0,,6.0
9/12/2021,1010.8,32.6,25.5,29.2,73.0,88.0,64.0,S,2,SW,8,0.0,,4.0
9/13/2021,1009.9,32.0,28.2,29.1,79.0,91.0,72.0,SSE,4,S,12,0.0,,2.0
9/14/2021,1009.8,31.9,24.5,29.1,79.0,91.0,71.0,SSE,4,WNW,18,20.5,,5.0
9/15/2021,1011.0,30.3,24.5,26.3,87.0,98.0,81.0,W,7,W,34,26.2,,7.0
9/16/2021,1009.5,32.0,24.9,28.8,77.0,94.0,68.0,W,3,WSW,30,1.4,,7.0
9/17/2021,1009.4,32.2,28.4,29.6,77.0,86.0,72.0,W,4,WNW,10,0.0,,7.0
9/18/2021,1010.1,32.0,26.6,29.5,77.0,88.0,70.0,WNW,4,WNW,12,0.0,,6.0
9/19/2021,1011.0,32.0,26.8,29.1,79.0,89.0,70.0,NW,2,NW,8,0.0,,5.0
9/20/2021,1011.1,32.1,28.2,29.6,75.0,83.0,66.0,WSW,2,WSW,10,0.0,,2.0
9/21/2021,1010.2,32.9,28.3,30.2,76.0,82.0,67.0,W,6,WNW,17,0.05,,3.0
9/22/2021,1009.4,31.9,25.1,29.3,79.0,94.0,73.0,WNW,8,SW,31,21.9,,7.0
9/23/2021,1009.7,30.2,26.5,28.4,82.0,94.0,75.0,W,10,W,24,3.4,,7.0
9/24/2021,1010.7,29.8,24.0,26.5,87.0,94.0,79.0,W,5,W,35,29.4,,7.0
9/25/2021,1009.6,31.9,25.8,29.1,80.0,87.0,75.0,W,7,WSW,20,0.05,,7.0
9/26/2021,1009.6,31.0,23.8,27.9,82.0,92.0,77.0,W,10,W,35,16.3,,7.0
9/27/2021,1009.1,31.2,28.0,29.0,79.0,89.0,74.0,SW,10,SSW,21,0.05,,7.0
9/28/2021,1009.7,31.4,27.6,29.0,79.0,85.0,72.0,SW,7,SW,16,0.0,,6.0
9/29/2021,1010.0,31.9,27.5,29.4,76.0,83.0,70.0,SW,3,SW,10,0.0,,4.0
9/30/2021,1010.3,32.3,26.5,29.4,76.0,82.0,69.0,VRB,2,WSW,7,0.0,,6.0
10/1/2021,1009.9,32.7,27.9,29.4,75.0,82.0,69.0,W,3,W,10,0.05,,6.0
10/2/2021,1009.2,32.1,28.2,29.6,76.0,82.0,70.0,W,5,W,14,0.0,,7.0
10/3/2021,1009.0,32.8,28.5,29.9,77.0,84.0,69.0,W,7,W,16,0.0,,4.0
10/4/2021,1008.7,32.3,25.7,29.7,79.0,91.0,72.0,W,8,W,28,1.4,,6.0
10/5/2021,1008.9,32.8,28.3,29.9,79.0,85.0,75.0,W,9,W,19,0.05,,7.0
10/6/2021,1008.7,32.5,28.1,29.8,77.0,83.0,72.0,W,6,W,17,0.0,,7.0
10/7/2021,1009.1,32.9,27.8,29.8,77.0,85.0,68.0,W,3,W,9,0.0,,7.0
10/8/2021,1010.2,31.9,27.5,29.6,74.0,85.0,69.0,SSW,6,SW,13,0.0,,6.0
10/9/2021,1011.0,32.1,27.9,29.6,74.0,82.0,67.0,SW,5,SW,13,0.0,,7.0
10/10/2021,1010.9,32.3,28.1,29.5,78.0,86.0,73.0,SW,7,SW,15,0.05,,7.0
10/11/2021,1009.9,32.0,28.2,29.7,74.0,80.0,69.0,SW,8,SW,17,0.0,,7.0
10/12/2021,1009.4,31.9,28.1,29.5,76.0,85.0,68.0,WSW,6,WSW,16,0.05,,5.0
10/13/2021,1009.2,32.8,26.0,29.7,77.0,86.0,70.0,W,7,W,34,4.7,,6.0
10/14/2021,1008.1,32.0,27.5,29.3,78.0,88.0,70.0,W,12,W,33,4.2,,7.0
10/15/2021,1006.3,32.1,27.8,29.9,78.0,84.0,72.0,W,12,W,30,1.3,,7.0
10/16/2021,1007.2,31.7,28.1,29.6,76.0,87.0,70.0,WSW,13,WSW,28,0.0,,7.0
10/17/2021,1008.8,32.0,27.7,29.5,76.0,83.0,68.0,SW,11,SW,21,0.0,,6.0
10/18/2021,1010.8,32.3,24.0,28.8,78.0,95.0,66.0,SW,6,NW,26,10.1,,7.0
10/19/2021,1011.9,32.0,27.6,29.1,80.0,91.0,72.0,WNW,6,NW,17,2.8,,6.0
10/20/2021,1012.6,31.5,25.0,28.4,82.0,98.0,73.0,NW,6,SSW,25,21.8,,6.0
10/21/2021,1012.6,31.1,27.5,28.8,78.0,86.0,73.0,W,4,WNW,11,0.0,,6.0
10/22/2021,1013.0,32.3,27.9,29.3,75.0,82.0,70.0,WSW,4,SW,13,0.4,,4.0
10/23/2021,1013.8,31.8,23.5,27.3,82.0,99.0,70.0,SW,7,WSW,30,74.3,,6.0
10/24/2021,1012.9,32.2,28.1,29.2,79.0,86.0,71.0,W,5,W,15,0.05,,7.0
10/25/2021,1011.7,32.0,25.2,29.2,78.0,88.0,71.0,WSW,8,WSW,25,10.6,,7.0
10/26/2021,1010.6,30.8,24.9,28.1,85.0,96.0,77.0,W,7,W,24,15.5,,7.0
10/27/2021,1010.7,31.2,25.8,27.7,84.0,92.0,77.0,W,4,W,22,9.0,,7.0
10/28/2021,1010.3,32.1,25.6,28.7,82.0,94.0,73.0,W,4,W,18,2.7,,5.0
10/29/2021,1011.2,32.1,24.9,27.8,85.0,98.0,73.0,W,3,SW,17,22.3,,7.0
10/30/2021,1011.2,31.9,27.8,29.3,79.0,85.0,74.0,W,6,W,18,0.2,,4.0
10/31/2021,1011.6,31.2,26.5,28.5,80.0,87.0,73.0,W,10,WSW,27,0.6,,6.0
11/1/2021,1010.2,31.8,26.2,29.3,78.0,89.0,73.0,W,8,W,28,6.9,,6.0
11/2/2021,1009.8,31.5,26.2,29.0,80.0,89.0,74.0,WSW,9,W,28,3.6,,6.0
11/3/2021,1010.6,29.0,25.6,27.8,83.0,91.0,80.0,W,8,WSW,27,3.6,,7.0
11/4/2021,1010.7,32.1,28.0,29.4,77.0,83.0,70.0,SW,7,WSW,19,0.05,,7.0
11/5/2021,1010.6,31.2,24.1,29.2,75.0,83.0,67.0,WSW,7,SW,24,2.6,,7.0
11/6/2021,1010.2,30.1,26.6,27.8,78.0,87.0,69.0,SW,8,SW,27,0.6,,7.0
11/7/2021,1009.6,31.7,27.8,29.2,75.0,83.0,67.0,SW,8,SW,19,0.0,,6.0
11/8/2021,1009.8,32.1,28.0,29.2,76.0,83.0,67.0,W,6,WSW,15,0.0,,6.0
11/9/2021,1010.4,31.7,27.9,29.0,77.0,84.0,72.0,W,8,W,18,0.05,,5.0
11/10/2021,1009.7,31.7,23.6,28.5,80.0,98.0,69.0,W,9,W,33,30.6,,6.0
11/11/2021,1009.0,31.6,27.4,29.3,77.0,84.0,69.0,WSW,10,W,23,0.2,,5.0
11/12/2021,1009.4,31.6,26.7,29.0,79.0,90.0,73.0,WSW,8,WSW,20,0.05,,4.0
11/13/2021,1010.6,31.6,25.0,28.5,82.0,94.0,74.0,SW,7,SW,27,7.1,,5.0
11/14/2021,1010.8,30.9,25.6,28.4,81.0,92.0,76.0,WSW,7,W,25,4.0,,7.0
11/15/2021,1009.3,31.7,27.9,28.9,78.0,84.0,73.0,WSW,8,WSW,22,0.05,,4.0
11/16/2021,1009.0,32.0,27.7,29.1,74.0,79.0,67.0,WSW,8,WSW,21,0.0,,6.0
11/17/2021,1009.4,32.2,26.8,28.7,80.0,88.0,72.0,W,8,W,24,1.2,,7.0
11/18/2021,1008.9,31.8,27.8,29.0,79.0,85.0,73.0,W,9,W,21,0.0,,6.0
11/19/2021,1007.8,32.0,27.4,29.3,78.0,83.0,72.0,W,9,W,21,0.05,,3.0
11/20/2021,1008.4,30.7,24.7,28.0,84.0,94.0,76.0,W,8,W,30,10.5,,7.0
11/21/2021,1009.9,28.1,24.5,26.8,87.0,96.0,84.0,W,8,W,34,14.8,,7.0
11/22/2021,1009.4,31.5,25.9,28.4,83.0,94.0,75.0,WNW,9,W,26,2.4,,7.0
11/23/2021,1010.2,30.5,27.3,28.4,79.0,83.0,73.0,WNW,10,WNW,22,0.05,,7.0
11/24/2021,1010.3,30.9,27.2,28.5,78.0,84.0,73.0,W,10,W,21,0.0,,7.0
11/25/2021,1010.4,31.2,26.7,28.5,76.0,82.0,69.0,W,6,W,18,0.0,,6.0
11/26/2021,1010.3,31.9,27.2,28.7,77.0,82.0,70.0,W,5,W,15,0.0,,4.0
11/27/2021,1010.4,32.1,27.2,28.8,76.0,82.0,69.0,W,6,WSW,16,0.0,,6.0
11/28/2021,1010.3,31.8,27.6,28.8,74.0,79.0,70.0,WSW,7,WSW,19,0.0,,6.0
11/29/2021,1010.3,31.0,27.3,28.9,76.0,81.0,70.0,WSW,8,WSW,19,0.0,,5.0
11/30/2021,1010.4,31.4,26.4,28.7,79.0,88.0,72.0,WSW,4,WSW,13,0.05,,3.0
12/1/2021,1010.4,32.0,25.2,28.9,80.0,92.0,70.0,W,3,W,13,3.9,,4.0
12/2/2021,1010.8,31.7,24.5,28.4,84.0,93.0,75.0,W,4,NW,20,16.3,,5.0
12/3/2021,1011.7,32.1,27.2,28.5,83.0,97.0,73.0,WSW,3,W,17,0.05,,6.0
12/4/2021,1012.1,31.9,24.3,28.3,84.0,98.0,73.0,W,4,SW,20,34.4,,5.0
12/5/2021,1012.0,29.7,25.5,27.2,87.0,94.0,81.0,W,9,W,23,5.6,,7.0
12/6/2021,1011.5,31.0,24.5,27.5,86.0,96.0,76.0,W,6,WSW,27,18.7,,6.0
12/7/2021,1010.7,30.8,26.9,28.5,81.0,88.0,75.0,NW,4,WNW,11,0.0,,3.0
12/8/2021,1011.0,30.9,25.6,28.2,84.0,94.0,77.0,NNW,3,NW,15,1.6,,6.0
12/9/2021,1011.6,31.1,25.2,28.5,83.0,94.0,76.0,WNW,4,NNE,16,7.5,,6.0
12/10/2021,1011.1,30.8,24.0,27.4,87.0,98.0,76.0,NNE,6,ENE,26,15.2,,6.0
12/11/2021,1011.6,29.4,25.4,26.9,88.0,97.0,82.0,VRB,3,NNE,11,1.8,,7.0
12/12/2021,1011.5,30.1,24.0,26.4,90.0,99.0,79.0,VRB,2,NE,15,19.8,,7.0
12/13/2021,1010.5,30.9,24.2,27.5,84.0,96.0,73.0,VRB,2,SSW,12,11.1,,7.0
12/14/2021,1010.5,30.9,25.9,27.6,85.0,98.0,75.0,VRB,1,SE,9,0.4,,6.0
12/15/2021,1011.1,30.9,25.7,28.3,81.0,90.0,74.0,VRB,3,SE,11,0.0,,5.0
12/16/2021,1011.9,31.0,25.8,28.7,79.0,90.0,74.0,VRB,3,NE,11,0.1,,3.0
12/17/2021,1012.0,31.2,25.7,28.6,80.0,92.0,72.0,NE,3,ENE,14,1.0,,3.0
12/18/2021,1011.4,31.6,24.8,28.4,83.0,94.0,73.0,VRB,3,NNE,18,31.2,,6.0
12/19/2021,1012.2,29.8,24.9,27.1,88.0,100.0,83.0,VRB,2,ESE,15,1.2,,7.0
12/20/2021,1012.5,30.6,24.5,26.8,90.0,98.0,78.0,SE,3,SSE,15,12.9,,7.0
12/21/2021,1012.9,30.6,23.0,27.2,87.0,98.0,75.0,VRB,3,NE,20,25.5,,7.0
12/22/2021,1012.3,28.4,24.0,26.6,88.0,100.0,82.0,E,3,SSE,16,0.3,,7.0
12/23/2021,1011.3,30.9,25.4,28.3,80.0,90.0,72.0,VRB,2,E,7,0.0,,3.0
12/24/2021,1011.3,31.1,25.5,28.2,81.0,94.0,72.0,NE,3,NE,17,4.1,,4.0
12/25/2021,1011.8,31.0,26.0,28.3,76.0,84.0,70.0,NNE,7,NNE,17,0.0,,5.0
12/26/2021,1013.0,30.8,26.5,28.1,71.0,81.0,62.0,NNE,7,NNE,20,0.0,,2.0
12/27/2021,1012.3,30.9,26.9,28.4,74.0,81.0,68.0,NE,8,NE,15,0.0,,3.0
12/28/2021,1011.3,30.5,26.5,28.5,77.0,81.0,73.0,NE,7,NE,18,0.05,,3.0
12/29/2021,1010.8,31.6,26.6,28.6,76.0,80.0,72.0,NNE,7,NNE,20,0.05,,3.0
12/30/2021,1011.8,31.1,27.3,28.6,76.0,82.0,71.0,NNE,8,NE,17,0.0,,4.0
12/31/2021,1012.1,30.9,27.0,28.6,78.0,86.0,73.0,ENE,5,NE,15,0.0,,4.0
1/1/2022,1011.9,31.1,27.5,28.8,80.0,85.0,72.0,NE,6,NE,14,0.0,,3.0
1/2/2022,1011.0,30.9,24.9,28.2,83.0,96.0,75.0,NE,6,E,20,7.7,,5.0
1/3/2022,1011.4,30.6,24.9,27.6,87.0,97.0,78.0,E,4,E,17,12.6,,6.0
1/4/2022,1012.6,29.5,23.0,25.4,93.0,100.0,85.0,VRB,3,WSW,25,47.1,,7.0
1/5/2022,1011.7,30.6,24.8,27.4,84.0,96.0,75.0,VRB,3,NNW,11,0.0,,5.0
1/6/2022,1011.5,30.8,24.0,27.8,83.0,94.0,74.0,NNE,5,NNE,23,9.3,,4.0
1/7/2022,1012.2,31.3,26.6,28.6,82.0,89.0,74.0,NE,6,NE,15,0.0,,3.0
1/8/2022,1012.0,31.3,26.1,28.5,80.0,87.0,72.0,VRB,3,N,11,0.0,,3.0
1/9/2022,1011.4,31.4,27.0,28.7,78.0,86.0,67.0,NNE,6,NNE,14,0.05,,6.0
1/10/2022,1010.8,31.6,26.6,28.7,76.0,82.0,70.0,NNE,8,NNE,19,0.0,,4.0
1/11/2022,1011.4,31.2,26.8,28.7,77.0,86.0,69.0,N,6,N,14,0.0,,5.0
1/12/2022,1011.7,31.2,26.6,28.4,80.0,86.0,72.0,NNE,5,N,11,0.0,,4.0
1/13/2022,1010.7,30.8,25.4,28.1,83.0,92.0,76.0,NE,4,NNE,11,0.0,,5.0
1/14/2022,1010.5,31.1,26.1,28.2,81.0,93.0,73.0,NE,4,NE,11,0.0,,2.0
1/15/2022,1010.4,31.4,27.0,28.7,80.0,86.0,72.0,NNE,6,NE,14,0.0,,3.0
1/16/2022,1011.5,31.9,26.3,28.8,81.0,90.0,71.0,NNE,5,NNE,15,0.0,,6.0
1/17/2022,1012.0,31.4,27.8,28.8,81.0,90.0,75.0,NE,9,NE,23,0.0,,7.0
1/18/2022,1011.1,32.1,26.9,29.0,79.0,88.0,70.0,NE,10,NNE,20,0.3,,7.0
1/19/2022,1011.0,31.9,26.4,28.9,80.0,88.0,72.0,NE,7,NE,20,0.0,,7.0
1/20/2022,1010.8,31.1,25.4,28.2,81.0,92.0,68.0,NNE,6,NNE,14,0.1,,7.0
1/21/2022,1011.8,29.6,24.5,26.6,87.0,98.0,80.0,NNE,4,N,18,5.4,,7.0
1/22/2022,1010.6,31.0,27.0,28.4,77.0,81.0,71.0,NW,5,NNW,14,0.0,,7.0
1/23/2022,1010.4,30.8,27.1,28.4,74.0,79.0,67.0,NNW,6,NNW,13,0.0,,7.0
1/24/2022,1009.6,31.0,26.3,28.5,74.0,81.0,67.0,NNW,5,NNW,12,0.0,,5.0
1/25/2022,1009.4,31.0,26.5,28.6,71.0,76.0,66.0,NNW,6,NW,16,0.0,,6.0
1/26/2022,1009.6,31.0,27.4,28.6,69.0,74.0,60.0,N,6,N,16,0.05,,7.0
1/27/2022,1009.0,31.2,25.1,28.6,69.0,73.0,62.0,NNW,6,NNW,15,0.0,,7.0
1/28/2022,1009.4,30.8,27.3,28.3,68.0,82.0,61.0,E,4,NE,8,0.0,,7.0
1/29/2022,1010.6,31.4,27.7,29.1,72.0,80.0,63.0,E,5,E,13,0.0,,6.0
1/30/2022,1009.9,31.2,27.8,29.0,75.0,79.0,71.0,NE,7,NE,16,0.0,,3.0
1/31/2022,1009.7,31.3,27.8,29.1,77.0,82.0,71.0,NE,7,NE,15,0.0,,5.0
2/1/2022,1009.5,31.9,28.1,29.4,78.0,83.0,72.0,E,6,E,15,0.0,,3.0
2/2/2022,1010.8,31.8,26.7,29.2,79.0,86.0,73.0,E,5,E,14,0.2,,5.0
2/3/2022,1011.1,30.9,24.8,27.9,81.0,94.0,73.0,VRB,3,NE,11,0.0,,4.0
2/4/2022,1009.8,31.4,25.6,28.7,77.0,88.0,68.0,NNW,4,N,10,0.0,,5.0
2/5/2022,1009.9,31.6,25.7,28.4,80.0,89.0,71.0,NNW,5,NNW,15,0.0,,3.0
2/6/2022,1012.1,31.6,26.7,28.6,75.0,83.0,68.0,NNE,5,NNE,14,0.0,,2.0
2/7/2022,1012.2,31.2,27.0,28.8,74.0,80.0,65.0,NNE,6,NNW,14,0.0,,6.0
2/8/2022,1010.8,31.6,27.1,28.8,76.0,82.0,71.0,N,6,NNW,15,0.0,,7.0
2/9/2022,1010.8,31.8,27.1,29.0,78.0,83.0,72.0,NW,5,NNW,14,0.05,,7.0
2/10/2022,1009.9,31.6,26.1,28.6,79.0,88.0,72.0,WNW,4,W,10,0.05,,7.0
2/11/2022,1009.7,30.9,24.8,27.2,85.0,96.0,71.0,VRB,2,S,12,4.2,,7.0
2/12/2022,1009.5,31.0,27.4,28.5,77.0,88.0,70.0,VRB,3,W,9,0.0,,7.0
2/13/2022,1008.6,31.6,27.1,29.0,79.0,85.0,72.0,NW,5,N,14,0.0,,7.0
2/14/2022,1009.1,31.9,26.4,28.7,80.0,90.0,70.0,N,5,N,14,0.0,,7.0
2/15/2022,1008.9,31.7,27.4,29.0,78.0,88.0,70.0,N,5,NNE,16,0.0,,7.0
2/16/2022,1007.4,31.6,26.0,28.9,77.0,82.0,72.0,NW,6,WNW,14,0.0,,7.0
2/17/2022,1006.6,31.0,24.5,28.5,75.0,89.0,67.0,NW,5,NW,12,0.0,,7.0
2/18/2022,1008.0,30.9,27.0,28.3,75.0,84.0,69.0,NE,6,NE,17,0.0,,7.0
2/19/2022,1009.6,31.2,27.4,28.9,75.0,80.0,69.0,ENE,5,NE,14,0.0,,7.0
2/20/2022,1010.0,31.5,26.1,28.7,75.0,84.0,68.0,E,4,E,12,0.0,,7.0
2/21/2022,1009.7,31.6,25.6,28.4,77.0,88.0,68.0,VRB,3,NE,11,0.0,,3.0
2/22/2022,1010.8,31.0,27.1,28.3,75.0,85.0,67.0,NE,4,NE,12,0.0,,2.0
2/23/2022,1011.8,31.8,27.6,29.1,73.0,79.0,66.0,E,6,NE,11,0.0,,2.0
2/24/2022,1012.3,31.9,27.1,29.3,75.0,83.0,69.0,NE,5,NNE,13,0.0,,2.0
2/25/2022,1011.4,32.0,27.9,29.3,78.0,84.0,72.0,NE,8,NE,16,0.0,,2.0
2/26/2022,1011.3,32.0,27.0,29.4,79.0,87.0,73.0,NE,8,NE,22,1.3,,3.0
2/27/2022,1011.7,32.0,26.0,29.4,80.0,86.0,73.0,NE,6,E,22,0.8,,3.0
2/28/2022,1011.4,32.0,27.5,29.4,76.0,83.0,71.0,NE,7,NE,14,0.0,,3.0
3/1/2022,1011.0,31.9,26.4,29.2,74.0,81.0,67.0,N,7,NNE,16,0.0,,2.0
3/2/2022,1010.1,31.8,26.2,28.9,72.0,81.0,66.0,N,7,N,20,0.0,,5.0
3/3/2022,1010.1,31.8,25.6,28.9,78.0,89.0,71.0,NE,4,NE,13,0.05,,5.0
3/4/2022,1010.9,32.1,26.6,28.5,79.0,93.0,71.0,NNE,4,NNE,14,0.0,,4.0
3/5/2022,1010.1,31.9,25.6,28.7,77.0,89.0,67.0,NE,4,NE,11,0.0,,5.0
3/6/2022,1010.0,32.0,26.0,28.5,79.0,88.0,71.0,VRB,3,NNW,11,0.0,,6.0
3/7/2022,1009.6,31.8,26.9,28.9,76.0,84.0,67.0,NE,4,NE,10,0.0,,6.0
3/8/2022,1009.8,31.5,25.6,28.6,77.0,87.0,68.0,NE,5,NE,14,0.0,,4.0
3/9/2022,1009.6,31.6,24.4,28.3,79.0,92.0,70.0,VRB,3,NE,12,0.0,,3.0
3/10/2022,1009.7,31.8,26.0,28.3,80.0,94.0,69.0,VRB,1,NW,14,0.05,,3.0
3/11/2022,1009.1,31.6,25.1,28.1,84.0,95.0,74.0,VRB,1,NE,9,5.0,,5.0
3/12/2022,1008.7,31.0,25.6,27.9,81.0,96.0,71.0,NNW,3,NNW,11,9.2,,5.0
3/13/2022,1009.0,31.3,25.7,28.4,80.0,92.0,70.0,NNE,3,NE,13,0.0,,3.0
3/14/2022,1009.5,32.1,28.1,29.3,79.0,93.0,69.0,VRB,3,WSW,11,0.05,,5.0
3/15/2022,1009.9,32.5,26.9,29.3,80.0,89.0,73.0,W,5,S,14,0.2,,7.0
3/16/2022,1009.3,32.6,28.0,29.7,80.0,88.0,71.0,WSW,5,SW,14,0.0,,6.0
3/17/2022,1008.8,33.0,28.2,29.8,79.0,85.0,71.0,WSW,5,WSW,13,0.0,,5.0
3/18/2022,1009.1,32.8,27.9,29.9,77.0,84.0,70.0,SW,7,SW,15,0.0,,5.0
3/19/2022,1009.5,31.9,24.2,29.1,80.0,95.0,73.0,WSW,9,W,34,12.5,,6.0
3/20/2022,1009.4,32.1,28.1,29.5,80.0,87.0,68.0,W,6,SW,15,0.05,,7.0
3/21/2022,1009.5,32.8,28.3,30.0,79.0,85.0,73.0,W,7,W,17,0.0,,7.0
3/22/2022,1009.3,32.2,28.0,29.6,77.0,84.0,70.0,W,7,WNW,16,0.0,,6.0
3/23/2022,1008.8,32.5,28.0,29.7,74.0,80.0,68.0,W,5,W,13,0.0,,2.0
3/24/2022,1008.8,33.0,28.0,29.7,72.0,80.0,65.0,W,5,W,13,0.0,,3.0
3/25/2022,1009.6,32.2,26.2,29.5,73.0,80.0,66.0,NW,5,W,12,0.0,,2.0
3/26/2022,1011.1,31.8,24.0,28.3,75.0,90.0,65.0,VRB,3,NNW,10,0.0,,2.0
3/27/2022,1010.8,30.8,25.4,28.2,76.0,90.0,69.0,NE,4,NE,13,0.0,,2.0
3/28/2022,1011.0,32.2,26.0,28.4,75.0,87.0,65.0,VRB,2,SE,9,0.0,,1.0
3/29/2022,1010.4,32.4,27.1,29.0,77.0,92.0,65.0,SSW,4,NW,12,0.0,,5.0
3/30/2022,1010.1,32.3,27.0,29.3,75.0,83.0,69.0,S,4,S,11,0.0,,4.0
3/31/2022,1010.1,32.1,27.2,29.2,77.0,87.0,67.0,SSW,3,SSW,9,0.05,,3.0
4/1/2022,1011.0,32.0,26.4,29.1,79.0,89.0,69.0,SSW,4,S,13,2.4,,3.0
4/2/2022,1011.2,32.7,26.0,29.1,79.0,93.0,68.0,SSW,3,SSW,10,0.05,,2.0
4/3/2022,1010.0,32.8,25.0,28.7,79.0,91.0,65.0,VRB,1,S,6,0.0,,2.0
4/4/2022,1011.1,32.0,25.3,28.5,77.0,93.0,67.0,VRB,2,SSE,8,0.0,,1.0
4/5/2022,1012.2,32.0,24.8,28.9,77.0,88.0,67.0,VRB,2,SSE,11,0.0,,2.0
4/6/2022,1012.2,32.3,25.6,28.8,78.0,88.0,67.0,VRB,1,ESE,8,0.0,,2.0
4/7/2022,1011.3,32.7,26.3,29.1,78.0,91.0,65.0,VRB,1,SSE,7,0.0,,2.0
4/8/2022,1010.7,32.4,27.8,29.6,75.0,83.0,68.0,S,6,S,13,0.0,,2.0
4/9/2022,1010.3,32.4,28.6,29.9,71.0,77.0,63.0,WSW,6,WSW,14,0.0,,3.0
4/10/2022,1009.8,32.6,28.5,30.1,73.0,79.0,67.0,WSW,6,WSW,13,0.0,,2.0
4/11/2022,1008.9,33.4,28.9,30.3,74.0,78.0,68.0,WSW,5,WSW,13,0.0,,3.0
4/12/2022,1007.8,32.9,28.9,30.1,76.0,82.0,68.0,SW,6,W,18,0.3,,3.0
4/13/2022,1007.7,32.8,28.2,30.1,77.0,84.0,66.0,WSW,6,WSW,16,0.0,,5.0
4/14/2022,1008.2,33.1,26.6,30.2,75.0,89.0,64.0,WSW,3,SW,11,0.0,,5.0
4/15/2022,1008.2,33.0,28.1,29.9,77.0,92.0,67.0,VRB,2,S,7,0.0,,4.0
4/16/2022,1007.5,32.3,28.4,29.8,77.0,82.0,71.0,SE,4,SE,14,0.0,,4.0
4/17/2022,1009.0,32.6,28.0,29.8,75.0,82.0,68.0,S,6,S,14,0.0,,3.0
4/18/2022,1010.5,32.2,27.6,29.6,73.0,80.0,66.0,S,5,S,12,0.0,,3.0
4/19/2022,1011.2,33.2,28.6,30.3,72.0,80.0,63.0,W,3,WSW,9,0.0,,3.0
4/20/2022,1009.1,33.2,28.8,30.5,73.0,80.0,67.0,W,4,W,12,0.0,,4.0
4/21/2022,1008.6,33.1,27.7,30.6,75.0,85.0,66.0,SW,6,SW,14,0.0,,5.0
4/22/2022,1009.1,32.2,26.6,29.9,79.0,85.0,73.0,WSW,5,W,13,0.05,,7.0
4/23/2022,1009.1,32.2,28.5,29.9,79.0,85.0,73.0,WSW,5,W,13,0.05,,7.0
4/24/2022,1008.1,33.8,27.5,30.5,76.0,84.0,68.0,W,3,W,9,0.0,,6.0
4/25/2022,1008.1,33.6,27.3,30.2,75.0,82.0,67.0,VRB,2,W,8,0.0,,4.0
4/26/2022,1008.3,32.8,26.1,29.7,80.0,93.0,71.0,VRB,2,NW,8,0.0,,4.0
4/27/2022,1008.0,33.2,29.0,30.1,77.0,92.0,67.0,VRB,3,S,11,0.0,,4.0
4/28/2022,1009.4,32.8,26.2,29.0,82.0,96.0,74.0,S,5,SSW,22,15.8,,7.0
4/29/2022,1010.0,32.9,28.7,30.2,77.0,84.0,68.0,WSW,5,WSW,13,0.0,,6.0
4/30/2022,1009.3,33.2,29.4,30.5,74.0,81.0,70.0,WSW,8,WSW,21,0.0,,7.0
5/1/2022,1008.9,33.0,27.1,30.2,77.0,84.0,69.0,W,9,W,22,2.1,,7.0
5/2/2022,1008.3,33.2,26.9,30.0,79.0,88.0,71.0,W,9,W,29,6.0,,7.0
5/3/2022,1009.4,30.8,24.2,27.8,86.0,98.0,77.0,W,8,NW,27,18.9,,7.0
5/4/2022,1010.0,31.8,26.8,28.8,83.0,92.0,78.0,W,8,W,23,10.5,,7.0
5/5/2022,1009.9,31.6,25.6,28.7,83.0,92.0,75.0,W,7,WNW,31,5.5,,7.0
5/6/2022,1008.8,32.7,28.7,29.8,81.0,88.0,74.0,W,6,W,16,0.0,,6.0
5/7/2022,1008.5,32.8,27.9,29.7,82.0,88.0,76.0,WSW,7,W,21,4.8,,7.0
5/8/2022,1007.3,32.8,26.7,30.0,83.0,91.0,76.0,WSW,8,W,27,5.4,,7.0
5/9/2022,1008.2,30.8,25.5,27.8,88.0,95.0,81.0,W,12,W,33,19.2,,7.0
5/10/2022,1008.4,31.9,28.8,29.9,80.0,84.0,75.0,WSW,12,WSW,27,0.05,,7.0
5/11/2022,1008.9,31.9,28.6,29.7,81.0,87.0,75.0,SW,9,SW,19,0.05,,7.0
5/12/2022,1009.0,32.2,28.4,29.7,80.0,85.0,75.0,SW,10,SW,22,0.4,,7.0
5/13/2022,1008.7,32.2,24.7,29.8,76.0,81.0,69.0,SSW,9,W,33,9.2,,7.0
5/14/2022,1010.3,31.0,27.9,28.5,83.0,96.0,72.0,WSW,8,WSW,25,2.2,,7.0
5/15/2022,1010.2,31.8,28.6,29.7,78.0,83.0,73.0,WSW,8,WSW,17,0.0,,7.0
5/16/2022,1009.6,31.9,28.8,29.8,76.0,82.0,71.0,WSW,11,WSW,22,0.0,,7.0
5/17/2022,1009.3,31.8,25.8,29.5,80.0,87.0,74.0,WSW,11,WNW,29,2.2,,7.0
5/18/2022,1010.5,32.2,24.1,28.4,83.0,96.0,73.0,SW,8,W,29,26.7,,7.0
5/19/2022,1010.7,32.0,28.2,29.5,82.0,89.0,74.0,SSW,7,S,17,3.3,,7.0
5/20/2022,1010.9,32.2,27.8,29.7,78.0,84.0,72.0,SSW,7,SSW,14,0.0,,3.0
5/21/2022,1010.1,32.2,28.1,29.6,77.0,84.0,68.0,SW,5,SW,12,0.0,,6.0
5/22/2022,1008.8,33.0,28.2,29.9,78.0,85.0,71.0,W,5,W,12,0.0,,4.0
5/23/2022,1008.6,33.2,28.4,30.1,78.0,84.0,70.0,W,5,W,12,0.0,,3.0
5/24/2022,1010.5,33.0,25.1,29.5,80.0,93.0,73.0,VRB,3,WSW,10,0.0,,7.0
5/25/2022,1011.2,32.6,25.2,29.0,79.0,92.0,67.0,VRB,1,W,6,0.0,,4.0
5/26/2022,1011.9,32.6,27.8,29.3,76.0,92.0,67.0,WSW,4,WSW,10,0.0,,3.0
5/27/2022,1010.9,32.1,28.2,29.7,75.0,84.0,66.0,SSW,6,SSW,13,0.05,,2.0
5/28/2022,1010.6,32.4,28.3,29.8,75.0,82.0,66.0,SSW,7,S,14,0.0,,4.0
5/29/2022,1010.1,32.3,26.4,29.6,76.0,83.0,69.0,S,7,S,18,3.0,,7.0
5/30/2022,1010.0,30.6,24.8,29.0,78.0,83.0,74.0,SW,7,W,20,12.6,,7.0
5/31/2022,1009.8,31.9,26.0,28.8,81.0,95.0,73.0,W,7,W,26,0.8,,7.0
6/1/2022,1009.6,32.1,26.8,29.5,79.0,86.0,73.0,WSW,6,WSW,26,0.0,,6.0
6/2/2022,1009.6,33.0,28.4,30.1,76.0,82.0,69.0,W,6,W,14,0.0,,6.0
6/3/2022,1009.5,33.0,28.3,30.0,77.0,83.0,70.0,W,7,W,17,0.05,,5.0
6/4/2022,1009.2,32.9,27.9,30.0,77.0,85.0,69.0,W,5,W,13,1.4,,5.0
6/5/2022,1009.1,33.1,27.9,30.0,78.0,87.0,70.0,W,4,W,13,0.5,,5.0
6/6/2022,1009.4,32.8,27.9,29.7,76.0,84.0,68.0,WSW,3,W,10,0.0,,7.0
6/7/2022,1009.7,32.1,26.8,29.0,78.0,86.0,68.0,VRB,2,WSW,9,0.0,,7.0
6/8/2022,1009.9,32.8,27.9,29.7,75.0,83.0,67.0,VRB,2,W,10,0.0,,7.0
6/9/2022,1009.8,33.0,26.2,29.5,77.0,88.0,67.0,W,3,W,9,0.0,,6.0
6/10/2022,1010.4,33.0,28.2,29.7,74.0,86.0,66.0,SSW,5,SSW,14,0.0,,5.0
6/11/2022,1010.3,32.8,25.1,29.6,76.0,95.0,68.0,WSW,5,SW,22,5.0,,7.0
6/12/2022,1010.2,32.2,27.4,29.0,81.0,89.0,68.0,WSW,3,W,23,0.05,,7.0
6/13/2022,1010.3,33.0,26.7,29.5,77.0,89.0,67.0,VRB,2,W,10,0.0,,7.0
6/14/2022,1009.7,33.4,28.0,29.9,73.0,88.0,65.0,VRB,2,S,8,0.0,,5.0
6/15/2022,1009.5,33.4,28.4,30.1,74.0,79.0,67.0,W,4,W,12,0.0,,6.0
6/16/2022,1009.3,32.1,27.3,29.5,78.0,82.0,71.0,W,5,W,24,0.1,,7.0
6/17/2022,1009.3,32.9,27.6,29.8,80.0,85.0,74.0,W,3,W,12,0.0,,7.0
6/18/2022,1009.0,32.4,25.0,29.0,82.0,93.0,68.0,VRB,2,WSW,13,0.05,,7.0
6/19/2022,1009.3,33.0,28.0,29.4,77.0,96.0,68.0,VRB,1,WNW,6,0.0,,7.0
6/20/2022,1009.2,33.1,28.2,30.0,75.0,82.0,66.0,W,4,W,11,0.05,,6.0
6/21/2022,1008.9,32.9,24.5,29.4,77.0,91.0,67.0,W,6,W,27,6.6,,7.0
6/22/2022,1009.7,31.9,26.4,28.6,79.0,91.0,67.0,VRB,2,NW,9,0.0,,7.0
6/23/2022,1010.5,32.6,24.1,28.8,78.0,94.0,65.0,VRB,2,NNW,19,8.7,,5.0
6/24/2022,1010.6,31.0,24.7,27.3,85.0,95.0,78.0,SSW,4,W,20,11.3,,7.0
6/25/2022,1009.3,31.0,24.3,28.2,82.0,99.0,73.0,W,7,W,32,36.4,,7.0
6/26/2022,1009.4,30.9,26.8,28.4,82.0,92.0,74.0,W,5,W,20,0.2,,7.0
6/27/2022,1010.0,32.1,26.2,28.7,81.0,90.0,72.0,WSW,6,WSW,25,1.9,,7.0
6/28/2022,1009.5,32.2,27.2,29.4,77.0,85.0,67.0,VRB,2,SW,7,0.05,,6.0
6/29/2022,1008.5,31.5,26.3,28.8,81.0,91.0,71.0,S,3,S,12,0.0,,6.0
6/30/2022,1008.4,30.3,26.3,28.2,82.0,89.0,75.0,VRB,3,SSW,19,0.05,,7.0
7/1/2022,1008.9,30.8,24.5,27.5,88.0,98.0,78.0,W,7,WSW,34,59.2,,7.0
7/2/2022,1008.3,29.7,26.8,28.1,82.0,94.0,71.0,W,5,W,18,0.1,,7.0
7/3/2022,1008.2,31.5,27.9,28.8,83.0,88.0,75.0,VRB,3,WSW,9,2.1,,7.0
7/4/2022,1007.9,31.2,26.2,29.1,84.0,92.0,77.0,WNW,3,NW,9,0.05,,7.0
7/5/2022,1007.6,31.8,23.9,28.6,84.0,96.0,72.0,VRB,3,WNW,15,14.1,,7.0
7/6/2022,1008.4,30.2,25.1,27.8,88.0,98.0,79.0,VRB,2,SSE,31,1.7,,7.0
7/7/2022,1009.7,30.0,26.6,28.1,88.0,95.0,81.0,VRB,3,E,9,0.3,,7.0
7/8/2022,1009.8,31.5,27.4,28.8,85.0,95.0,78.0,W,3,WNW,15,1.5,,7.0
7/9/2022,1009.3,31.8,25.5,29.1,81.0,84.0,74.0,W,6,W,17,1.1,,6.0
7/10/2022,1010.4,31.2,26.3,28.4,82.0,93.0,74.0,SW,3,W,15,0.2,,7.0
7/11/2022,1012.1,31.7,25.5,28.8,80.0,90.0,71.0,VRB,2,WNW,5,0.0,,6.0
7/12/2022,1012.1,31.2,27.8,28.8,81.0,94.0,72.0,SSE,4,SSE,14,0.0,,5.0
7/13/2022,1009.9,31.0,27.8,29.1,80.0,85.0,75.0,S,7,SSE,16,0.0,,5.0
7/14/2022,1008.5,31.6,27.9,29.3,78.0,83.0,72.0,S,8,S,14,0.0,,3.0
7/15/2022,1008.4,31.3,27.4,29.2,79.0,85.0,74.0,SSE,5,SSE,15,0.05,,6.0
7/16/2022,1008.4,31.4,24.1,29.4,81.0,86.0,75.0,SE,6,SE,13,27.8,,6.0
7/17/2022,1009.7,30.2,25.0,27.1,87.0,97.0,80.0,WSW,10,NW,33,8.9,,7.0
7/18/2022,1009.2,30.2,25.5,28.3,80.0,88.0,71.0,W,7,W,28,2.3,,7.0
7/19/2022,1010.3,29.0,24.4,25.9,91.0,97.0,87.0,W,5,W,27,14.8,,7.0
7/20/2022,1010.6,29.1,23.0,26.3,88.0,97.0,79.0,W,5,NNW,36,30.0,,7.0
7/21/2022,1010.9,31.0,22.6,26.8,84.0,97.0,72.0,WNW,8,WNW,33,27.0,,7.0
7/22/2022,1011.3,29.9,24.6,27.3,85.0,97.0,75.0,W,7,W,38,1.3,,7.0
7/23/2022,1010.6,29.6,26.5,27.7,85.0,91.0,79.0,W,5,W,16,0.8,,7.0
7/24/2022,1009.5,32.2,27.3,29.1,78.0,85.0,71.0,W,4,WSW,10,0.0,,7.0
7/25/2022,1010.1,31.4,27.0,28.9,78.0,86.0,72.0,NW,6,NW,24,0.0,,7.0
7/26/2022,1009.9,31.1,24.1,28.5,80.0,94.0,73.0,NW,11,W,33,14.3,,6.0
7/27/2022,1010.2,30.2,25.5,27.0,86.0,95.0,82.0,WNW,7,W,25,0.1,,7.0
7/28/2022,1009.8,31.0,27.0,29.0,78.0,86.0,73.0,WNW,8,WNW,20,0.1,,7.0
7/29/2022,1009.9,31.7,25.5,28.4,83.0,94.0,74.0,W,6,W,21,5.1,,7.0
7/30/2022,1010.0,30.7,24.1,25.8,93.0,98.0,85.0,W,9,W,33,120.5,,8.0
7/31/2022,1009.9,29.3,23.5,26.5,88.0,100.0,78.0,W,12,W,35,54.7,,7.0
8/1/2022,1010.0,29.3,23.2,27.8,83.0,87.0,75.0,SW,10,W,32,7.5,,7.0
8/2/2022,1009.6,30.7,26.8,28.6,81.0,87.0,74.0,WSW,9,WSW,20,0.0,,7.0
8/3/2022,1009.4,30.5,24.1,28.3,84.0,87.0,77.0,WSW,8,WSW,23,8.5,,7.0
8/4/2022,1010.1,29.0,24.4,27.2,86.0,94.0,81.0,SW,10,W,30,3.8,,7.0
8/5/2022,1009.7,30.8,27.4,28.6,78.0,84.0,72.0,WSW,8,SW,18,0.0,,7.0
8/6/2022,1009.0,31.8,27.5,29.0,80.0,88.0,72.0,WSW,6,W,13,0.0,,7.0
8/7/2022,1009.0,32.2,25.5,28.9,82.0,94.0,67.0,W,3,WSW,12,3.5,,7.0
8/8/2022,1009.1,31.8,26.8,28.6,84.0,95.0,75.0,VRB,2,SW,10,0.0,,7.0
8/9/2022,1008.6,31.8,25.0,28.4,82.0,94.0,71.0,VRB,2,WSW,8,0.0,,7.0
8/10/2022,1007.9,31.8,25.6,28.1,85.0,96.0,72.0,VRB,1,W,7,0.05,,7.0
8/11/2022,1009.3,31.8,23.6,28.0,84.0,98.0,73.0,SW,3,WSW,24,39.0,,7.0
8/12/2022,1009.4,30.9,25.6,27.3,86.0,94.0,74.0,VRB,3,ESE,15,0.1,,7.0
8/13/2022,1009.3,31.5,25.5,28.3,82.0,95.0,71.0,VRB,1,W,7,0.0,,6.0
8/14/2022,1010.0,31.6,26.1,28.5,81.0,92.0,73.0,NNW,3,NNW,10,0.0,,4.0
8/15/2022,1010.5,31.4,26.4,28.5,79.0,86.0,70.0,VRB,3,NNE,12,0.0,,2.0
8/16/2022,1010.5,31.0,26.5,28.8,76.0,89.0,70.0,SE,4,E,11,0.0,,2.0
8/17/2022,1010.5,31.1,25.1,28.9,78.0,86.0,71.0,SSE,3,SE,11,0.0,,4.0
8/18/2022,1010.5,31.1,27.1,28.7,81.0,88.0,73.0,SSE,4,S,12,0.05,,6.0
8/19/2022,1010.7,31.0,24.8,27.8,84.0,95.0,73.0,VRB,3,S,13,2.2,,7.0
8/20/2022,1010.8,29.0,25.0,27.0,86.0,96.0,77.0,VRB,2,NNE,12,4.0,,7.0
8/21/2022,1011.4,31.5,27.1,28.5,79.0,91.0,71.0,S,7,S,19,0.0,,6.0
8/22/2022,1011.0,32.0,26.5,28.9,79.0,87.0,70.0,SSW,7,SW,24,0.05,,5.0
8/23/2022,1011.1,31.2,25.8,27.9,82.0,89.0,69.0,SSW,7,SSW,27,0.7,,7.0
8/24/2022,1011.2,31.3,24.0,27.1,86.0,98.0,70.0,S,5,S,13,6.0,,7.0
8/25/2022,1010.3,30.9,23.5,27.0,86.0,99.0,74.0,W,6,WNW,26,64.3,,7.0
8/26/2022,1011.7,28.2,24.6,26.0,85.0,95.0,76.0,SW,6,W,24,0.8,,7.0
8/27/2022,1010.6,30.9,25.2,28.3,79.0,86.0,72.0,SW,6,SW,17,3.1,,7.0
8/28/2022,1010.3,29.9,23.5,26.2,87.0,98.0,80.0,W,8,SW,30,40.4,,7.0
8/29/2022,1010.8,29.9,24.4,27.0,85.0,96.0,75.0,W,11,W,30,22.6,,7.0
8/30/2022,1011.0,28.1,23.0,25.5,91.0,100.0,82.0,WSW,9,W,34,78.3,,7.0
8/31/2022,1010.1,28.0,24.9,26.8,86.0,98.0,79.0,W,9,WSW,25,0.05,,7.0
9/1/2022,1010.3,30.3,25.0,28.1,81.0,87.0,76.0,SW,10,SW,26,4.1,,7.0
9/2/2022,1010.6,30.8,24.7,28.5,80.0,90.0,71.0,WSW,10,SW,30,9.4,,5.0
9/3/2022,1010.8,30.2,23.8,26.9,86.0,98.0,73.0,SW,11,SW,28,46.4,,7.0
9/4/2022,1011.8,28.7,23.2,25.2,92.0,98.0,82.0,W,11,W,31,43.7,,8.0
9/5/2022,1011.3,28.4,26.0,27.2,85.0,94.0,80.0,W,10,W,27,1.2,,7.0
9/6/2022,1011.1,30.3,25.8,28.2,83.0,88.0,76.0,WSW,8,W,22,3.4,,7.0
9/7/2022,1011.0,31.1,27.6,28.7,81.0,89.0,74.0,W,7,WNW,17,0.05,,6.0
9/8/2022,1010.9,31.0,27.2,28.6,81.0,85.0,77.0,W,6,W,14,0.0,,7.0
9/9/2022,1011.1,31.2,27.3,28.7,79.0,83.0,72.0,W,7,W,17,0.0,,7.0
9/10/2022,1011.1,31.7,27.0,29.0,80.0,85.0,72.0,W,6,W,15,0.9,,6.0
9/11/2022,1010.5,31.9,27.3,28.9,80.0,86.0,73.0,W,6,W,13,0.05,,4.0
9/12/2022,1010.1,31.6,27.0,28.9,78.0,83.0,71.0,W,5,W,12,0.0,,3.0
9/13/2022,1011.2,31.4,24.5,28.1,81.0,94.0,70.0,VRB,2,W,8,0.0,,2.0
9/14/2022,1012.9,30.5,26.4,28.2,78.0,95.0,71.0,VRB,2,ESE,8,0.0,,2.0
9/15/2022,1012.7,31.6,24.6,28.2,80.0,89.0,71.0,VRB,1,S,6,0.05,,2.0
9/16/2022,1011.4,31.5,25.9,28.3,76.0,92.0,65.0,VRB,1,SSW,7,0.0,,2.0
9/17/2022,1011.6,31.7,26.1,28.5,75.0,86.0,66.0,VRB,3,SW,9,0.0,,3.0
9/18/2022,1012.0,31.9,26.9,28.7,74.0,81.0,64.0,SW,4,S,9,0.05,,3.0
9/19/2022,1011.7,31.9,26.5,29.1,74.0,81.0,67.0,WSW,5,SW,11,0.0,,6.0
9/20/2022,1011.2,32.7,27.4,29.4,75.0,82.0,68.0,WSW,3,WSW,13,0.05,,5.0
9/21/2022,1011.5,32.2,25.9,29.0,77.0,91.0,66.0,W,4,W,17,3.5,,4.0
9/22/2022,1011.5,32.2,24.1,28.4,81.0,97.0,71.0,VRB,3,WSW,17,32.6,,4.0
9/23/2022,1011.7,30.8,26.0,28.2,80.0,95.0,71.0,W,3,WSW,15,0.0,,7.0
9/24/2022,1010.3,31.2,23.6,28.5,82.0,93.0,73.0,WNW,6,WNW,24,24.6,,7.0
9/25/2022,1010.7,29.8,23.5,26.4,87.0,98.0,79.0,SW,7,WNW,25,32.2,,7.0
9/26/2022,1011.3,31.7,24.2,28.6,80.0,85.0,73.0,W,7,WNW,19,8.0,,7.0
9/27/2022,1011.1,28.9,25.0,26.9,85.0,92.0,79.0,W,10,W,28,10.5,,7.0
9/28/2022,1010.4,28.3,23.5,26.9,85.0,98.0,78.0,WSW,9,WSW,35,23.7,,7.0
9/29/2022,1010.8,29.0,23.6,26.4,88.0,98.0,82.0,W,7,WSW,29,23.2,,7.0
9/30/2022,1011.6,29.8,25.2,26.9,86.0,97.0,78.0,W,8,W,25,14.5,,7.0
10/1/2022,1011.7,31.1,26.7,28.6,81.0,87.0,76.0,WSW,9,W,20,1.0,,7.0
10/2/2022,1011.3,31.0,27.6,28.9,79.0,85.0,74.0,SW,10,SW,20,0.0,,7.0
10/3/2022,1010.6,31.0,25.5,28.5,80.0,89.0,73.0,WSW,8,WSW,18,13.9,,7.0
10/4/2022,1010.6,30.3,25.2,28.0,82.0,88.0,74.0,W,8,W,23,1.5,,7.0
10/5/2022,1010.7,31.7,26.5,28.6,82.0,89.0,74.0,W,7,W,26,0.1,,7.0
10/6/2022,1009.9,31.3,24.4,28.5,83.0,94.0,75.0,W,9,W,29,9.1,,7.0
10/7/2022,1010.4,31.1,24.5,28.7,78.0,82.0,70.0,W,9,W,19,0.05,,7.0
10/8/2022,1010.1,30.9,26.9,28.7,78.0,84.0,73.0,WNW,8,WNW,18,0.0,,6.0
10/9/2022,1010.9,31.7,25.7,28.6,80.0,92.0,73.0,W,6,WSW,21,9.5,,5.0
10/10/2022,1011.8,31.3,25.1,27.6,85.0,95.0,72.0,W,8,W,30,8.3,,7.0
10/11/2022,1011.9,28.9,23.9,26.2,89.0,98.0,83.0,WSW,12,WSW,36,51.4,,7.0
10/12/2022,1011.2,30.5,24.4,27.6,85.0,95.0,77.0,W,10,W,29,6.9,,7.0
10/13/2022,1011.8,28.6,22.8,25.1,94.0,100.0,85.0,W,8,WSW,29,94.9,,8.0
10/14/2022,1010.5,29.9,24.3,27.3,86.0,94.0,81.0,WSW,9,WSW,29,15.7,,7.0
10/15/2022,1010.3,28.3,23.0,26.0,90.0,96.0,84.0,SSW,7,W,26,8.9,,7.0
10/16/2022,1011.3,31.3,26.8,28.3,78.0,90.0,72.0,S,9,SSW,18,0.0,,7.0
10/17/2022,1012.8,30.8,24.6,27.5,79.0,95.0,70.0,S,5,S,14,0.0,,7.0
10/18/2022,1012.9,31.8,26.8,28.3,78.0,85.0,70.0,WSW,5,WSW,12,0.0,,6.0
10/19/2022,1012.7,31.7,26.6,28.5,79.0,84.0,73.0,W,4,W,12,0.0,,7.0
10/20/2022,1012.5,31.6,25.9,28.8,81.0,88.0,73.0,WSW,6,W,15,0.5,,7.0
10/21/2022,1012.8,31.5,25.4,28.2,83.0,92.0,76.0,WSW,6,SSW,22,1.7,,7.0
10/22/2022,1013.1,31.5,27.0,28.6,78.0,82.0,71.0,WSW,6,WSW,15,0.0,,7.0
10/23/2022,1012.9,31.4,27.2,28.8,78.0,84.0,69.0,SW,7,WSW,14,0.0,,6.0
10/24/2022,1011.7,32.0,27.4,29.0,77.0,84.0,68.0,SW,6,SW,13,0.0,,4.0
10/25/2022,1011.7,32.0,26.5,28.9,81.0,87.0,72.0,WSW,6,SW,15,1.3,,4.0
10/26/2022,1012.0,32.8,25.0,28.4,83.0,94.0,71.0,W,5,WSW,21,13.6,,7.0
10/27/2022,1011.0,31.6,25.1,28.3,84.0,93.0,77.0,WSW,6,WSW,26,13.8,,7.0
10/28/2022,1009.8,29.8,23.7,25.9,93.0,99.0,81.0,W,7,W,28,83.9,,7.0
10/29/2022,1009.8,30.4,25.1,27.6,86.0,93.0,79.0,W,7,WSW,23,0.3,,7.0
10/30/2022,1010.4,31.5,24.8,28.2,83.0,94.0,74.0,VRB,2,S,8,0.5,,4.0
10/31/2022,1011.5,29.2,24.8,26.4,89.0,97.0,84.0,SW,8,WSW,26,16.0,,7.0
11/1/2022,1011.7,31.0,25.0,27.6,86.0,95.0,78.0,W,6,W,22,18.7,,7.0
11/2/2022,1011.4,30.2,24.4,26.7,89.0,96.0,78.0,W,7,W,29,17.8,,7.0
11/3/2022,1011.3,29.9,24.3,27.0,88.0,97.0,80.0,SW,8,W,27,32.2,,7.0
11/4/2022,1011.8,31.0,25.2,28.2,83.0,89.0,75.0,SW,7,WSW,21,6.4,,7.0
11/5/2022,1012.8,31.1,27.3,28.3,82.0,89.0,74.0,SW,7,SW,16,0.05,,7.0
11/6/2022,1012.9,31.6,24.6,27.8,84.0,94.0,74.0,W,5,W,24,13.8,,7.0
11/7/2022,1012.4,31.4,26.1,28.2,83.0,91.0,75.0,W,7,WNW,24,0.3,,6.0
11/8/2022,1012.0,31.5,24.6,28.5,82.0,92.0,73.0,WNW,6,W,28,13.4,,6.0
11/9/2022,1011.6,30.8,24.5,27.8,83.0,90.0,75.0,W,8,W,24,15.9,,7.0
11/10/2022,1011.3,30.5,23.8,27.2,85.0,98.0,74.0,W,6,W,21,33.6,,7.0
11/11/2022,1011.6,29.8,24.0,26.5,87.0,98.0,78.0,W,5,WSW,19,5.0,,7.0
11/12/2022,1011.2,31.8,25.6,28.4,82.0,89.0,74.0,W,8,W,23,2.0,,7.0
11/13/2022,1011.3,30.3,23.9,27.1,87.0,96.0,78.0,W,9,W,27,35.9,,7.0
11/14/2022,1011.9,31.7,26.4,28.2,82.0,91.0,73.0,W,7,W,23,1.3,,7.0
11/15/2022,1012.2,31.8,27.3,28.6,79.0,85.0,73.0,W,7,W,16,0.0,,7.0
11/16/2022,1011.4,31.0,27.3,28.5,77.0,85.0,67.0,WSW,6,WSW,14,0.0,,7.0
11/17/2022,1010.9,32.0,27.4,28.7,77.0,82.0,72.0,WSW,8,WSW,16,0.0,,7.0
11/18/2022,1011.0,30.6,27.1,28.2,79.0,84.0,74.0,WSW,9,SW,21,0.05,,7.0
11/19/2022,1010.5,31.5,27.3,28.7,78.0,84.0,71.0,WSW,8,W,18,0.0,,5.0
11/20/2022,1009.8,31.8,24.8,28.7,79.0,94.0,71.0,W,7,WSW,28,0.05,,6.0
11/21/2022,1010.5,30.9,25.2,27.6,83.0,92.0,73.0,W,10,W,32,4.9,,7.0
11/22/2022,1011.2,31.9,27.0,28.6,79.0,83.0,73.0,W,7,W,17,0.0,,3.0
11/23/2022,1011.7,31.6,25.9,28.7,79.0,86.0,71.0,W,7,W,24,3.6,,5.0
11/24/2022,1011.5,32.0,25.5,28.6,81.0,89.0,73.0,W,7,WSW,23,2.7,,6.0
11/25/2022,1011.1,31.9,27.0,28.6,82.0,89.0,75.0,W,6,W,19,0.1,,6.0
11/26/2022,1010.2,32.2,25.6,28.5,80.0,94.0,70.0,W,4,SW,17,2.7,,6.0
11/27/2022,1008.8,31.3,26.6,28.3,78.0,89.0,71.0,SW,5,W,14,0.0,,4.0
11/28/2022,1009.4,32.0,26.9,28.6,78.0,84.0,69.0,VRB,2,W,8,0.0,,3.0
11/29/2022,1010.2,31.5,25.7,28.2,78.0,86.0,70.0,VRB,3,WNW,8,0.0,,3.0
11/30/2022,1010.5,30.7,24.0,27.3,80.0,92.0,70.0,VRB,2,NW,7,0.0,,5.0
12/1/2022,1009.8,31.1,25.1,28.0,81.0,94.0,73.0,VRB,3,NW,11,0.6,,5.0
12/2/2022,1009.8,31.4,24.0,28.1,81.0,98.0,73.0,W,4,W,10,13.1,,7.0
12/3/2022,1010.5,30.9,25.1,27.5,83.0,98.0,73.0,W,5,WSW,19,0.5,,7.0
12/4/2022,1010.8,30.1,24.5,27.0,85.0,92.0,81.0,W,3,W,15,1.5,,7.0
12/5/2022,1011.1,31.0,26.2,27.5,83.0,94.0,73.0,VRB,3,WNW,11,0.2,,7.0
12/6/2022,1010.2,30.5,24.8,28.0,82.0,92.0,73.0,SSW,6,SSW,21,0.8,,6.0
12/7/2022,1010.2,30.2,27.1,28.1,82.0,93.0,76.0,W,6,WSW,18,0.05,,7.0
12/8/2022,1010.1,31.0,24.1,28.2,82.0,92.0,73.0,WSW,10,WSW,29,13.8,,7.0
12/9/2022,1009.5,30.8,27.0,28.3,82.0,89.0,72.0,SW,10,SW,23,0.5,,7.0
12/10/2022,1009.7,29.8,25.2,27.9,83.0,96.0,78.0,WSW,11,WSW,29,10.5,,7.0
12/11/2022,1010.9,30.4,23.3,27.1,85.0,93.0,80.0,W,8,W,31,24.6,,7.0
12/12/2022,1010.6,31.4,25.9,28.4,82.0,92.0,74.0,W,6,W,17,1.9,,7.0
12/13/2022,1010.5,32.0,27.1,28.8,81.0,87.0,75.0,W,5,W,15,0.0,,7.0
12/14/2022,1010.7,32.4,26.9,28.7,81.0,86.0,73.0,W,4,W,11,0.4,,7.0
12/15/2022,1009.6,32.1,26.7,28.4,79.0,87.0,70.0,W,4,W,11,0.05,,6.0
12/16/2022,1009.3,31.2,26.7,28.5,78.0,83.0,74.0,WNW,3,W,8,0.0,,6.0
12/17/2022,1009.7,31.1,25.2,28.0,80.0,88.0,73.0,VRB,3,NNW,11,0.05,,5.0
12/18/2022,1009.2,30.6,23.4,27.1,82.0,96.0,68.0,N,6,N,20,10.4,,7.0
12/19/2022,1008.6,30.7,25.2,27.5,82.0,92.0,75.0,NW,4,N,14,0.0,,7.0
12/20/2022,1008.0,31.0,26.6,28.4,79.0,86.0,73.0,NW,3,NW,10,0.0,,7.0
12/21/2022,1008.6,30.9,23.3,27.8,84.0,98.0,74.0,NW,6,W,18,60.7,,7.0
12/22/2022,1009.8,29.8,24.7,26.8,87.0,99.0,79.0,WNW,5,NW,16,0.05,,7.0
12/23/2022,1009.6,32.3,24.1,28.2,84.0,98.0,74.0,W,7,WSW,27,40.5,,7.0
12/24/2022,1010.2,28.9,25.0,27.0,88.0,96.0,81.0,W,7,W,21,2.5,,7.0
12/25/2022,1010.8,31.1,26.7,28.6,78.0,86.0,72.0,W,7,WNW,21,0.4,,7.0
12/26/2022,1012.0,32.0,27.2,28.9,79.0,85.0,73.0,W,8,W,19,0.05,,7.0
12/27/2022,1012.5,31.1,23.8,28.2,81.0,89.0,73.0,W,5,WSW,26,7.4,,7.0
12/28/2022,1013.6,31.3,25.0,27.6,83.0,95.0,71.0,VRB,2,NE,10,0.0,,7.0
12/29/2022,1014.8,30.9,25.4,27.4,83.0,95.0,73.0,VRB,2,NE,15,6.7,,6.0
12/30/2022,1014.9,31.0,24.0,28.2,80.0,89.0,72.0,ENE,5,ENE,14,2.7,,6.0
12/31/2022,1014.6,30.6,26.0,27.7,81.0,94.0,74.0,NE,8,NE,18,0.0,,6.0
1/1/2023,1014.1,30.6,26.3,28.1,76.0,83.0,71.0,NNE,8,NNE,18,0.2,,5.0
1/2/2023,1014.0,30.3,25.8,27.7,76.0,84.0,67.0,NNE,6,NE,14,0.0,,6.0
1/3/2023,1013.5,30.6,25.9,27.7,77.0,83.0,69.0,NE,7,NE,14,0.0,,3.0
1/4/2023,1012.1,30.4,25.1,27.7,75.0,83.0,65.0,NNE,7,NE,17,0.0,,2.0
1/5/2023,1012.8,30.8,26.4,27.9,75.0,82.0,66.0,NNE,7,NNE,16,0.05,,2.0
1/6/2023,1013.3,30.8,25.0,28.0,80.0,91.0,72.0,NNE,6,NE,14,0.2,,3.0
1/7/2023,1012.5,31.0,24.0,27.6,85.0,96.0,76.0,NNE,7,ENE,23,15.6,,5.0
1/8/2023,1012.0,30.6,23.9,27.7,85.0,95.0,77.0,NNE,8,NE,23,18.7,,7.0
1/9/2023,1013.1,30.2,24.8,27.3,85.0,98.0,77.0,NE,8,NE,25,4.2,,7.0
1/10/2023,1012.8,30.1,25.9,27.8,80.0,89.0,74.0,NNE,7,NNE,18,0.0,,7.0
1/11/2023,1011.7,30.2,24.9,27.5,80.0,90.0,71.0,NNE,5,NNE,13,0.0,,6.0
1/12/2023,1011.0,30.3,24.9,27.4,72.0,85.0,66.0,NNE,6,NNE,15,0.0,,5.0
1/13/2023,1012.0,30.1,24.1,27.2,71.0,80.0,62.0,N,5,N,16,0.0,,7.0
1/14/2023,1011.7,30.1,25.0,27.5,71.0,79.0,65.0,N,5,NW,14,0.0,,7.0
1/15/2023,1010.9,30.6,23.2,26.8,80.0,94.0,68.0,VRB,2,NE,11,0.0,,7.0
1/16/2023,1011.1,30.9,23.4,26.6,82.0,93.0,69.0,VRB,1,S,7,0.0,,7.0
1/17/2023,1011.5,30.9,25.6,27.6,81.0,94.0,71.0,VRB,2,SE,9,0.0,,6.0
1/18/2023,1011.9,31.2,27.3,28.5,79.0,87.0,72.0,NE,5,NE,18,0.0,,6.0
1/19/2023,1011.4,31.2,26.4,28.5,79.0,89.0,73.0,NE,10,NE,20,5.0,,7.0
1/20/2023,1012.2,30.4,26.0,27.6,72.0,78.0,64.0,NE,8,NE,19,0.0,,7.0
1/21/2023,1011.2,30.9,25.6,28.0,77.0,84.0,69.0,NNE,7,NNE,19,0.0,,5.0
1/22/2023,1009.8,31.0,27.1,28.4,79.0,85.0,71.0,NE,9,NNE,19,0.05,,5.0
1/23/2023,1009.8,30.9,23.6,27.9,81.0,95.0,72.0,NE,4,NE,15,19.9,,5.0
1/24/2023,1010.7,29.0,23.5,25.5,91.0,99.0,83.0,NNW,4,NW,20,3.3,,7.0
1/25/2023,1010.4,30.8,24.2,27.2,82.0,91.0,73.0,VRB,2,WNW,7,0.0,,7.0
1/26/2023,1010.4,30.9,26.7,27.7,80.0,92.0,73.0,NE,4,NE,12,0.0,,7.0
1/27/2023,1010.2,30.7,26.0,28.1,81.0,88.0,74.0,NE,5,NE,10,0.0,,7.0
1/28/2023,1009.4,30.4,26.6,28.0,81.0,89.0,75.0,NNE,5,NNE,13,0.0,,7.0
1/29/2023,1009.4,30.9,25.2,27.9,80.0,87.0,72.0,NNE,4,NE,11,0.1,,7.0
1/30/2023,1010.9,31.0,23.5,27.1,83.0,96.0,72.0,VRB,2,NW,17,1.1,,7.0
1/31/2023,1010.6,31.0,26.6,28.0,80.0,94.0,74.0,NW,4,NW,12,0.0,,7.0
2/1/2023,1010.2,31.1,26.6,28.3,79.0,86.0,73.0,WNW,5,NW,12,0.0,,7.0
2/2/2023,1010.6,31.0,26.0,28.0,78.0,85.0,70.0,WNW,6,WNW,12,0.0,,6.0
2/3/2023,1010.6,30.6,26.4,27.9,76.0,81.0,69.0,WNW,6,WNW,15,0.0,,4.0
2/4/2023,1010.2,31.0,25.8,27.9,75.0,83.0,67.0,NW,5,WNW,13,0.0,,4.0
2/5/2023,1009.9,31.0,25.2,27.9,81.0,92.0,73.0,VRB,2,NNE,9,0.0,,6.0
2/6/2023,1010.4,31.6,26.6,28.1,84.0,94.0,77.0,NNE,3,NE,10,0.0,,7.0
2/7/2023,1010.6,30.9,25.2,28.0,80.0,92.0,71.0,NNW,4,NNW,13,0.0,,7.0
2/8/2023,1010.5,31.3,25.0,28.5,79.0,90.0,71.0,NW,5,N,13,4.7,,7.0
2/9/2023,1011.6,30.0,26.3,27.2,84.0,90.0,78.0,N,4,ESE,15,0.0,,7.0
2/10/2023,1012.0,31.0,24.4,28.2,79.0,84.0,70.0,N,6,N,14,0.0,,5.0
2/11/2023,1012.7,31.0,25.0,27.7,77.0,90.0,65.0,N,5,N,15,0.0,,4.0
2/12/2023,1012.3,30.7,25.6,27.6,80.0,82.0,76.0,NNE,7,NNE,16,0.0,,4.0
2/13/2023,1012.1,30.2,25.7,27.6,78.0,84.0,66.0,NE,6,NNE,13,0.0,,4.0
2/14/2023,1011.4,30.6,26.3,28.1,77.0,85.0,69.0,NE,6,NNE,12,0.0,,2.0
2/15/2023,1010.0,30.9,26.0,28.0,79.0,84.0,73.0,NNE,6,NNE,16,0.0,,4.0
2/16/2023,1010.3,31.0,26.1,28.0,80.0,86.0,67.0,NNE,7,NNE,16,0.05,,4.0
2/17/2023,1011.0,30.9,25.6,28.1,84.0,86.0,81.0,NE,6,NE,15,0.7,,6.0
2/18/2023,1011.7,31.1,25.6,28.2,78.0,88.0,69.0,NNE,6,NE,14,0.0,,4.0
2/19/2023,1011.7,31.0,26.0,28.3,79.0,88.0,68.0,NNE,5,NNE,13,0.0,,2.0
2/20/2023,1012.0,31.7,25.1,28.5,80.0,94.0,69.0,N,5,NE,17,9.8,,3.0
2/21/2023,1012.2,31.3,25.0,28.7,78.0,88.0,69.0,NNW,6,NNW,24,0.1,,5.0
2/22/2023,1012.0,30.7,24.9,27.5,82.0,94.0,71.0,NW,5,NW,18,0.05,,7.0
2/23/2023,1011.2,31.1,26.2,28.1,75.0,93.0,69.0,N,4,NNE,9,0.0,,4.0
2/24/2023,1012.3,31.2,26.1,28.4,76.0,83.0,70.0,NE,4,NNW,13,0.0,,4.0
2/25/2023,1013.2,31.6,26.6,28.6,80.0,85.0,73.0,NNE,6,NNE,14,0.0,,3.0
2/26/2023,1013.7,31.3,26.7,28.8,77.0,89.0,68.0,NNE,7,NE,14,0.0,,4.0
2/27/2023,1013.5,31.7,26.2,28.6,75.0,80.0,70.0,NNE,7,NE,16,0.0,,5.0
2/28/2023,1013.3,31.2,24.0,28.4,76.0,88.0,67.0,NNE,7,NE,17,4.2,,3.0
3/1/2023,1013.1,31.9,27.5,28.7,81.0,93.0,72.0,NNE,6,N,15,0.05,,3.0
3/2/2023,1013.8,30.9,27.1,28.7,80.0,85.0,73.0,NE,9,NE,22,0.7,,6.0
3/3/2023,1013.9,31.3,26.8,28.9,79.0,85.0,72.0,ENE,8,ENE,26,0.0,,5.0
3/4/2023,1013.9,31.1,23.4,27.7,85.0,99.0,76.0,ENE,6,ENE,26,38.2,,6.0
3/5/2023,1013.5,31.1,24.6,28.3,82.0,97.0,75.0,E,3,NNE,13,11.6,,6.0
3/6/2023,1012.3,31.3,27.4,28.5,81.0,98.0,73.0,NE,4,NE,15,0.05,,6.0
3/7/2023,1011.3,31.2,27.6,29.2,79.0,88.0,73.0,NE,6,NE,17,0.0,,2.0
3/8/2023,1010.8,31.7,27.3,29.1,78.0,84.0,75.0,ENE,7,NE,20,0.2,,3.0
3/9/2023,1011.0,31.8,23.9,28.0,84.0,99.0,74.0,ENE,8,E,26,48.8,,6.0
3/10/2023,1010.5,30.4,26.2,27.4,85.0,92.0,79.0,SE,5,S,15,3.1,,7.0
3/11/2023,1010.7,31.1,25.0,28.8,79.0,87.0,71.0,NE,5,NNE,18,2.3,,4.0
3/12/2023,1010.1,31.2,25.8,28.8,81.0,88.0,74.0,NE,6,NE,20,1.8,,5.0
3/13/2023,1009.4,31.2,27.3,29.1,82.0,87.0,75.0,ENE,6,ENE,15,0.0,,2.0
3/14/2023,1008.9,31.3,27.3,28.8,82.0,87.0,74.0,E,5,E,12,0.2,,4.0
3/15/2023,1009.1,31.9,26.9,28.1,85.0,89.0,76.0,SSE,4,ESE,16,0.0,,7.0
3/16/2023,1010.0,31.5,25.5,28.1,83.0,92.0,67.0,N,4,NNW,12,0.3,,6.0
3/17/2023,1009.9,31.5,25.4,28.3,82.0,94.0,72.0,VRB,3,NNW,11,0.0,,6.0
3/18/2023,1010.3,31.0,24.0,27.5,83.0,95.0,74.0,SSE,4,ENE,26,6.1,,7.0
3/19/2023,1009.6,31.4,27.2,28.7,82.0,87.0,77.0,S,4,S,10,0.0,,6.0
3/20/2023,1009.1,31.6,26.4,28.3,83.0,87.0,73.0,WSW,4,SSW,12,3.4,,7.0
3/21/2023,1009.7,31.3,24.8,27.3,87.0,97.0,77.0,WNW,5,SSW,17,23.4,,7.0
3/22/2023,1009.8,32.4,25.6,28.9,81.0,87.0,73.0,VRB,3,WNW,10,0.0,,7.0
3/23/2023,1009.7,32.0,25.0,28.4,83.0,96.0,73.0,VRB,2,NW,9,0.0,,7.0
3/24/2023,1010.3,32.0,26.0,28.3,84.0,96.0,70.0,VRB,2,WSW,13,0.3,,7.0
3/25/2023,1010.6,31.0,24.7,27.5,87.0,96.0,78.0,S,4,S,17,6.2,,7.0
3/26/2023,1010.5,31.2,25.0,27.7,85.0,94.0,73.0,VRB,3,SSE,18,0.05,,6.0
3/27/2023,1010.4,32.3,27.9,29.3,80.0,90.0,72.0,NW,4,WNW,16,0.8,,6.0
3/28/2023,1010.8,32.5,27.7,29.6,79.0,85.0,71.0,VRB,3,WNW,12,0.0,,7.0
3/29/2023,1011.1,32.6,28.0,29.5,78.0,84.0,72.0,VRB,2,NW,8,0.0,,5.0
3/30/2023,1010.7,32.2,27.8,29.5,77.0,83.0,71.0,WNW,3,WNW,10,0.0,,3.0
3/31/2023,1009.9,33.0,27.3,29.4,79.0,85.0,71.0,W,3,NW,10,0.0,,7.0
4/1/2023,1010.4,32.5,26.9,29.5,77.0,84.0,69.0,VRB,2,WNW,8,0.0,,5.0
4/2/2023,1009.8,32.3,26.6,29.1,77.0,84.0,67.0,VRB,3,NW,8,0.0,,3.0
4/3/2023,1010.2,32.2,25.5,28.9,77.0,89.0,67.0,VRB,3,W,13,0.0,,3.0
4/4/2023,1010.3,32.1,25.2,28.8,78.0,90.0,70.0,VRB,3,NE,12,0.0,,5.0
4/5/2023,1010.4,32.8,26.0,29.1,77.0,88.0,68.0,VRB,2,NW,7,0.0,,3.0
4/6/2023,1010.3,32.6,24.9,28.4,78.0,91.0,66.0,VRB,1,NW,6,0.0,,2.0
4/7/2023,1011.3,32.0,27.2,29.0,78.0,92.0,69.0,VRB,2,ESE,10,0.0,,4.0
4/8/2023,1012.2,32.1,24.9,29.3,75.0,89.0,67.0,VRB,2,ENE,8,0.0,,4.0
4/9/2023,1011.9,32.3,26.9,29.2,77.0,92.0,67.0,E,3,E,19,1.2,,3.0
4/10/2023,1010.5,32.1,27.4,29.8,77.0,81.0,70.0,ENE,4,E,11,0.0,,2.0
4/11/2023,1011.2,32.1,27.8,29.5,77.0,83.0,70.0,NE,4,NE,12,0.05,,3.0
4/12/2023,1010.7,32.0,25.0,28.7,82.0,96.0,68.0,E,4,NNE,20,24.5,,4.0
4/13/2023,1011.0,32.2,26.1,29.3,80.0,91.0,73.0,VRB,2,SE,9,0.2,,5.0
4/14/2023,1011.7,31.1,25.3,28.2,84.0,93.0,75.0,VRB,2,W,15,0.0,,7.0
4/15/2023,1010.7,32.8,27.6,29.6,79.0,89.0,70.0,SW,4,W,13,0.0,,6.0
4/16/2023,1009.4,32.5,25.4,29.2,80.0,94.0,69.0,VRB,3,SW,13,0.05,,3.0
4/17/2023,1009.8,33.1,25.4,28.9,81.0,95.0,67.0,VRB,1,W,5,0.0,,2.0
4/18/2023,1010.2,33.4,25.4,29.0,83.0,97.0,70.0,VRB,1,W,13,16.0,,3.0
4/19/2023,1008.9,33.3,27.6,29.4,81.0,98.0,70.0,VRB,2,N,10,0.05,,6.0
4/20/2023,1007.5,32.1,26.2,29.4,81.0,88.0,72.0,S,4,SSW,16,0.2,,7.0
4/21/2023,1007.6,32.0,27.2,29.2,81.0,89.0,74.0,SSW,5,SSW,17,0.0,,6.0
4/22/2023,1007.6,34.2,28.6,30.3,78.0,85.0,69.0,VRB,2,W,11,0.2,,3.0
4/23/2023,1007.9,33.8,29.0,30.7,76.0,81.0,71.0,VRB,3,WNW,13,0.05,,4.0
4/24/2023,1008.7,34.2,27.2,30.3,80.0,94.0,71.0,VRB,3,SSE,13,4.1,,7.0
4/25/2023,1008.7,33.8,26.7,29.7,82.0,95.0,73.0,WSW,5,WSW,18,21.9,,7.0
4/26/2023,1008.5,31.2,25.2,28.5,87.0,98.0,78.0,W,3,W,21,5.6,,7.0
4/27/2023,1008.7,33.6,25.2,28.9,86.0,98.0,70.0,CALM,0,W,15,14.8,,7.0
4/28/2023,1009.0,31.6,26.6,28.5,87.0,98.0,80.0,SW,4,S,14,4.0,,7.0
4/29/2023,1008.5,32.0,26.5,28.5,84.0,89.0,75.0,SSW,5,SSW,18,1.5,,7.0
4/30/2023,1007.9,32.0,26.2,28.1,88.0,98.0,76.0,W,5,W,28,5.1,,7.0
5/1/2023,1008.3,31.3,25.1,28.8,82.0,92.0,74.0,WSW,7,WSW,28,5.7,,7.0
5/2/2023,1010.3,29.8,23.9,27.2,88.0,99.0,81.0,W,9,SW,31,70.8,,7.0
5/3/2023,1010.4,32.0,24.5,28.6,83.0,95.0,73.0,W,10,WSW,35,18.1,,7.0
5/4/2023,1011.3,30.5,23.7,26.5,90.0,98.0,76.0,W,10,SW,30,41.7,,8.0
5/5/2023,1009.6,31.2,24.6,28.9,82.0,91.0,76.0,W,9,WSW,23,11.4,,7.0
5/6/2023,1010.3,30.0,24.8,27.4,86.0,97.0,79.0,W,12,SW,42,19.0,,7.0
5/7/2023,1009.5,32.3,28.0,29.5,82.0,86.0,75.0,W,6,W,15,0.0,,6.0
5/8/2023,1009.5,33.8,27.6,29.8,81.0,87.0,73.0,W,5,W,13,0.05,,5.0
5/9/2023,1009.5,32.1,26.2,29.3,81.0,90.0,73.0,WSW,5,SSW,17,4.9,,6.0
5/10/2023,1009.7,32.1,26.7,28.6,85.0,92.0,76.0,SW,8,SSW,21,3.6,,6.0
5/11/2023,1011.0,31.1,25.0,27.8,86.0,95.0,77.0,SW,9,SSW,22,16.4,,7.0
5/12/2023,1011.7,31.5,25.7,28.1,86.0,92.0,78.0,SW,10,WSW,26,0.9,,7.0
5/13/2023,1012.1,30.9,25.5,28.3,86.0,96.0,79.0,SSW,10,WSW,29,5.6,,7.0
5/14/2023,1011.5,32.2,25.9,28.6,87.0,95.0,78.0,SW,10,WSW,29,5.5,,7.0
5/15/2023,1010.8,31.2,28.1,29.3,84.0,89.0,78.0,W,9,WSW,20,0.0,,7.0
5/16/2023,1011.4,32.0,26.0,29.7,81.0,86.0,74.0,W,9,W,19,3.1,,6.0
5/17/2023,1011.7,31.9,26.9,29.4,84.0,92.0,74.0,W,6,W,19,0.0,,6.0
5/18/2023,1012.0,33.3,25.3,29.1,85.0,100.0,73.0,VRB,2,NE,10,26.7,,4.0
5/19/2023,1011.5,31.9,25.6,28.3,88.0,100.0,75.0,VRB,2,S,8,0.0,,4.0
5/20/2023,1011.3,33.0,27.6,29.7,80.0,95.0,73.0,VRB,2,SW,12,0.0,,3.0
5/21/2023,1011.8,33.6,26.8,30.1,80.0,88.0,73.0,W,3,W,9,2.0,,3.0
5/22/2023,1012.1,32.8,25.6,28.6,85.0,96.0,75.0,VRB,1,N,19,0.2,,4.0
5/23/2023,1012.2,33.0,26.3,29.0,83.0,96.0,71.0,VRB,1,WSW,8,2.3,,2.0
5/24/2023,1012.5,31.7,26.2,29.0,82.0,95.0,74.0,S,4,SSW,11,3.7,,3.0
5/25/2023,1013.1,31.9,24.7,29.3,80.0,91.0,72.0,S,3,SSW,17,14.9,,4.0
5/26/2023,1013.4,32.1,26.1,28.7,83.0,98.0,72.0,SW,5,S,25,1.1,,4.0
5/27/2023,1011.7,32.4,27.7,29.8,77.0,83.0,69.0,SW,5,SW,13,0.2,,6.0
5/28/2023,1010.9,33.1,26.8,29.7,80.0,89.0,71.0,W,5,W,18,0.2,,5.0
5/29/2023,1011.1,33.4,26.6,29.9,79.0,90.0,69.0,W,5,W,24,1.0,,5.0
5/30/2023,1011.0,32.3,24.9,28.8,83.0,92.0,73.0,SW,6,SW,23,19.0,,6.0
5/31/2023,1011.0,31.1,25.9,28.2,85.0,94.0,80.0,SW,8,SW,23,2.6,,7.0
6/1/2023,1011.0,30.4,25.8,28.8,83.0,91.0,77.0,WSW,9,WSW,30,1.2,,7.0
6/2/2023,1011.8,30.0,24.9,27.6,86.0,94.0,79.0,WSW,11,WSW,28,3.0,,7.0
6/3/2023,1011.6,30.0,25.0,27.9,86.0,97.0,80.0,SW,9,W,25,15.5,,7.0
6/4/2023,1011.5,30.0,24.6,27.0,90.0,98.0,81.0,SW,5,SW,21,68.6,,7.0
6/5/2023,1010.9,32.1,25.8,29.1,81.0,91.0,74.0,WSW,4,WSW,12,0.0,,7.0
6/6/2023,1010.7,32.2,27.0,29.4,80.0,85.0,73.0,WSW,3,WSW,9,0.0,,6.0
6/7/2023,1010.9,32.6,27.5,29.5,80.0,87.0,72.0,SW,3,SW,8,0.0,,5.0
6/8/2023,1010.9,32.1,27.8,29.7,78.0,83.0,70.0,WSW,5,WSW,11,0.0,,6.0
6/9/2023,1010.0,32.6,25.3,29.0,80.0,94.0,71.0,SW,3,WSW,9,0.0,,6.0
6/10/2023,1009.2,32.1,27.9,29.3,82.0,94.0,76.0,VRB,2,S,10,0.05,,6.0
6/11/2023,1009.0,33.4,28.1,30.0,79.0,87.0,70.0,W,4,WSW,13,0.0,,5.0
6/12/2023,1009.2,32.5,28.1,29.8,81.0,86.0,76.0,WSW,6,WSW,16,0.05,,5.0
6/13/2023,1010.1,32.8,28.5,30.4,78.0,83.0,70.0,W,5,W,14,0.0,,6.0
6/14/2023,1011.0,33.1,26.9,29.7,81.0,92.0,73.0,W,6,WNW,28,4.0,,7.0
6/15/2023,1011.1,32.5,28.4,29.9,81.0,86.0,75.0,W,5,W,12,0.05,,7.0
6/16/2023,1011.1,33.2,28.0,29.8,78.0,85.0,70.0,W,4,W,12,0.0,,7.0
6/17/2023,1011.5,32.9,27.8,29.7,75.0,84.0,68.0,W,3,SW,9,0.0,,7.0
6/18/2023,1010.7,33.2,28.0,29.9,77.0,82.0,70.0,W,5,W,13,0.0,,7.0
6/19/2023,1009.3,33.8,28.6,30.2,77.0,82.0,70.0,W,6,W,15,0.05,,7.0
6/20/2023,1009.0,32.5,28.7,30.0,79.0,85.0,72.0,WSW,6,WSW,15,0.05,,7.0
6/21/2023,1009.7,31.2,25.7,28.5,84.0,92.0,79.0,W,9,W,28,2.5,,7.0
6/22/2023,1010.4,31.6,26.2,28.5,83.0,89.0,75.0,W,6,WNW,27,0.5,,7.0
6/23/2023,1010.5,30.7,24.6,28.1,82.0,97.0,72.0,WSW,6,NW,23,12.4,,7.0
6/24/2023,1010.1,31.5,25.1,28.4,82.0,94.0,75.0,WSW,8,SSW,29,9.7,,7.0
6/25/2023,1010.5,30.6,28.0,28.8,80.0,85.0,76.0,SW,5,SW,20,0.0,,7.0
6/26/2023,1010.2,31.9,27.1,29.3,78.0,84.0,72.0,SSW,6,SW,21,1.3,,7.0
6/27/2023,1011.0,31.7,24.1,28.8,81.0,94.0,74.0,SSW,4,SW,11,0.3,,6.0
6/28/2023,1012.2,31.9,25.6,28.5,79.0,98.0,67.0,VRB,2,SW,7,0.0,,4.0
6/29/2023,1012.6,32.2,24.4,28.3,78.0,88.0,66.0,VRB,2,SW,8,0.0,,5.0
6/30/2023,1012.1,31.4,27.0,28.8,75.0,92.0,68.0,SSE,4,S,9,0.0,,7.0
7/1/2023,1012.3,31.8,28.4,29.6,72.0,77.0,67.0,SE,4,ESE,10,0.0,,4.0
7/2/2023,1011.5,32.2,22.5,29.8,77.0,82.0,71.0,SSE,7,SSE,19,77.7,,6.0
7/3/2023,1011.8,31.3,23.1,27.1,85.0,100.0,75.0,SSW,7,NW,26,6.1,,7.0
7/4/2023,1010.1,31.2,23.0,28.2,82.0,92.0,73.0,S,9,SSW,37,30.3,,7.0
7/5/2023,1009.0,31.0,27.0,28.5,82.0,97.0,75.0,S,6,SSE,18,0.0,,7.0
7/6/2023,1009.9,31.6,25.8,28.6,84.0,95.0,77.0,VRB,2,SSE,8,0.0,,6.0
7/7/2023,1011.6,32.6,25.6,29.6,80.0,87.0,71.0,VRB,2,W,7,0.0,,4.0
7/8/2023,1012.0,32.5,26.4,29.3,76.0,89.0,69.0,VRB,2,NW,8,0.0,,4.0
7/9/2023,1011.4,32.1,27.4,29.3,77.0,83.0,70.0,VRB,3,WNW,8,0.0,,2.0
7/10/2023,1010.9,33.0,26.3,29.2,76.0,82.0,68.0,VRB,2,W,9,0.0,,6.0
7/11/2023,1011.0,32.3,26.4,29.3,77.0,90.0,68.0,VRB,2,NW,10,0.05,,3.0
7/12/2023,1011.1,31.8,26.5,29.1,80.0,89.0,73.0,VRB,2,SSW,10,0.05,,7.0
7/13/2023,1011.5,31.8,27.8,29.4,79.0,85.0,71.0,SE,3,SSE,13,0.0,,4.0
7/14/2023,1011.9,31.9,25.0,28.9,81.0,94.0,74.0,VRB,2,SE,10,0.0,,3.0
7/15/2023,1011.6,32.2,24.9,28.5,82.0,94.0,68.0,VRB,1,ESE,6,0.0,,2.0
7/16/2023,1011.5,32.6,26.9,29.1,82.0,96.0,70.0,VRB,2,W,19,0.4,,5.0
7/17/2023,1011.9,33.6,25.2,28.8,83.0,94.0,71.0,W,3,NNW,17,6.8,,6.0
7/18/2023,1012.0,31.9,24.1,28.7,82.0,94.0,73.0,VRB,3,NW,21,17.7,,7.0
7/19/2023,1010.7,31.2,25.8,28.2,83.0,98.0,74.0,S,4,S,15,0.5,,6.0
7/20/2023,1009.7,31.8,24.1,28.8,80.0,89.0,70.0,S,6,S,21,11.9,,7.0
7/21/2023,1011.6,29.8,24.3,26.0,92.0,98.0,81.0,VRB,3,SSW,29,20.4,,7.0
7/22/2023,1012.3,32.2,26.1,28.7,81.0,98.0,73.0,VRB,2,SE,8,0.0,,5.0
7/23/2023,1011.6,31.1,26.3,28.8,83.0,97.0,75.0,VRB,2,S,13,2.3,,4.0
7/24/2023,1010.7,31.5,28.0,29.4,81.0,87.0,75.0,SSE,4,SSE,11,0.05,,5.0
7/25/2023,1010.9,31.0,28.4,29.6,82.0,85.0,78.0,SE,5,ESE,13,0.05,,7.0
7/26/2023,1011.7,31.8,28.1,29.6,82.0,86.0,77.0,ESE,5,ESE,13,0.0,,7.0
7/27/2023,1012.0,32.2,24.4,29.2,83.0,96.0,75.0,ESE,4,N,15,4.1,,6.0
7/28/2023,1012.2,31.9,24.9,27.8,86.0,98.0,74.0,VRB,2,S,13,5.3,,7.0
7/29/2023,1012.8,31.2,23.6,26.6,89.0,98.0,76.0,W,5,W,29,65.9,,7.0
7/30/2023,1011.8,32.0,26.3,28.4,82.0,95.0,70.0,VRB,2,W,8,0.2,,7.0
7/31/2023,1011.9,32.5,26.6,29.1,81.0,92.0,71.0,VRB,2,W,15,0.0,,6.0
8/1/2023,1012.3,33.0,27.1,29.8,76.0,83.0,71.0,VRB,2,WSW,8,0.0,,7.0
8/2/2023,1012.8,32.0,25.6,28.6,82.0,93.0,71.0,VRB,2,S,9,0.0,,7.0
8/3/2023,1012.6,31.5,26.0,28.5,82.0,97.0,73.0,SSE,3,SSE,11,0.0,,7.0
8/4/2023,1013.4,31.4,23.8,28.4,82.0,100.0,75.0,W,5,WNW,34,17.0,,7.0
8/5/2023,1013.9,31.4,24.1,28.4,83.0,96.0,75.0,NW,7,NNW,32,7.9,,7.0
8/6/2023,1013.2,30.3,23.8,28.0,84.0,98.0,75.0,WNW,6,NW,35,5.9,,7.0
8/7/2023,1011.8,32.9,28.2,29.6,79.0,85.0,72.0,W,5,WNW,15,0.0,,7.0
8/8/2023,1012.0,33.0,25.3,28.9,81.0,95.0,71.0,VRB,2,W,12,2.1,,7.0
8/9/2023,1012.8,33.0,24.2,29.7,79.0,92.0,71.0,WNW,6,W,25,12.0,,7.0
8/10/2023,1012.9,31.1,26.4,28.6,83.0,90.0,73.0,WNW,7,NNW,24,6.0,,7.0
8/11/2023,1012.9,30.8,22.8,27.8,86.0,97.0,77.0,WNW,5,S,25,23.4,,7.0
8/12/2023,1012.3,30.4,26.8,28.8,82.0,88.0,76.0,W,6,W,24,1.3,,7.0
8/13/2023,1012.1,32.9,27.5,29.4,76.0,82.0,71.0,W,5,W,13,0.0,,7.0
8/14/2023,1012.3,32.3,27.5,29.5,76.0,82.0,70.0,W,3,WSW,10,0.0,,4.0
8/15/2023,1012.5,32.2,25.6,29.4,74.0,82.0,67.0,WSW,3,WSW,10,0.0,,4.0
8/16/2023,1012.4,31.2,26.3,28.7,77.0,91.0,70.0,S,4,S,10,0.0,,6.0
8/17/2023,1012.6,31.9,27.4,29.2,75.0,83.0,68.0,SSW,6,S,15,0.0,,7.0
8/18/2023,1012.0,31.9,27.6,29.1,78.0,83.0,71.0,SSW,7,SSW,17,0.0,,6.0
8/19/2023,1010.4,31.9,28.1,29.7,75.0,80.0,70.0,WSW,8,WSW,17,0.0,,2.0
8/20/2023,1010.0,32.6,28.0,29.5,77.0,84.0,70.0,W,7,W,15,0.0,,7.0
8/21/2023,1009.7,32.8,25.1,29.3,81.0,96.0,71.0,W,6,W,22,10.5,,5.0
8/22/2023,1010.4,33.0,27.8,29.4,76.0,91.0,67.0,W,5,W,18,0.0,,5.0
8/23/2023,1010.5,32.3,28.1,29.6,72.0,78.0,65.0,WSW,6,WSW,14,0.0,,4.0
8/24/2023,1010.3,32.0,25.9,29.3,77.0,94.0,71.0,WSW,7,S,17,1.1,,3.0
8/25/2023,1010.3,32.0,27.0,29.0,78.0,89.0,71.0,S,6,S,14,0.0,,3.0
8/26/2023,1010.8,31.8,25.0,28.6,80.0,96.0,69.0,S,3,S,12,0.0,,3.0
8/27/2023,1011.4,32.4,27.0,29.0,78.0,97.0,67.0,VRB,1,SSE,7,0.0,,2.0
8/28/2023,1011.5,32.0,26.9,29.3,77.0,85.0,69.0,SSE,4,WSW,15,0.0,,5.0
8/29/2023,1011.1,32.9,24.7,28.7,82.0,97.0,72.0,W,5,W,23,15.1,,7.0
8/30/2023,1011.6,33.1,25.9,29.4,78.0,89.0,70.0,W,5,W,22,1.9,,7.0
8/31/2023,1011.5,32.0,23.8,27.6,87.0,98.0,73.0,WNW,5,WNW,30,40.6,,7.0
9/1/2023,1012.4,30.5,24.1,27.0,88.0,98.0,72.0,VRB,2,WNW,17,15.3,,7.0
9/2/2023,1012.1,28.8,24.8,26.5,88.0,95.0,77.0,W,6,WSW,24,44.8,,7.0
9/3/2023,1011.1,28.9,23.2,26.7,85.0,96.0,77.0,W,7,WSW,25,27.1,,7.0
9/4/2023,1009.8,32.0,27.6,29.2,77.0,82.0,70.0,S,8,S,15,0.0,,7.0
9/5/2023,1009.6,32.0,28.0,29.2,77.0,82.0,72.0,SSE,8,S,17,0.05,,7.0
9/6/2023,1010.4,31.0,28.1,29.1,77.0,82.0,72.0,SSE,8,SSE,15,0.0,,7.0
9/7/2023,1011.5,31.9,24.9,29.1,78.0,91.0,70.0,SSE,6,SSE,17,1.8,,7.0
9/8/2023,1012.2,31.7,27.9,29.2,78.0,86.0,72.0,SSE,5,S,10,0.0,,7.0
9/9/2023,1011.4,31.9,28.2,29.5,78.0,83.0,73.0,SSE,5,SSE,13,0.0,,7.0
9/10/2023,1010.7,32.0,27.8,29.5,78.0,83.0,74.0,S,8,SSE,16,0.0,,5.0
9/11/2023,1011.0,31.7,26.0,29.2,80.0,94.0,72.0,S,5,S,13,0.0,,7.0
9/12/2023,1011.5,31.7,27.3,28.9,82.0,94.0,76.0,SE,4,ESE,13,0.0,,6.0
9/13/2023,1011.2,32.0,28.2,29.6,79.0,83.0,73.0,SE,6,SE,14,0.0,,6.0
9/14/2023,1010.9,31.8,25.0,28.8,82.0,95.0,73.0,SSE,7,SE,25,26.3,,7.0
9/15/2023,1010.9,31.8,28.0,29.5,78.0,82.0,73.0,SE,6,SE,19,0.0,,7.0
9/16/2023,1010.5,31.0,28.1,29.6,78.0,83.0,74.0,ESE,6,ESE,15,0.0,,3.0
9/17/2023,1009.6,31.3,27.8,29.5,77.0,84.0,73.0,SE,7,SE,17,0.0,,5.0
9/18/2023,1010.3,31.1,26.5,28.8,81.0,92.0,77.0,SE,6,SE,17,0.05,,7.0
9/19/2023,1010.9,30.7,24.1,28.8,81.0,93.0,76.0,ESE,5,SE,21,8.3,,7.0
9/20/2023,1011.0,31.9,27.8,29.3,81.0,87.0,75.0,ESE,5,ESE,11,0.0,,7.0
9/21/2023,1011.4,31.8,25.6,28.8,82.0,91.0,75.0,SE,4,SE,11,0.0,,5.0
9/22/2023,1011.6,30.9,25.0,28.4,82.0,94.0,74.0,S,4,S,19,9.6,,7.0
9/23/2023,1011.7,29.7,25.5,28.1,84.0,91.0,78.0,SSE,5,S,20,0.6,,7.0
9/24/2023,1011.3,31.3,24.5,27.9,86.0,98.0,74.0,VRB,3,SSE,17,8.3,,6.0
9/25/2023,1010.9,31.7,25.9,28.2,84.0,98.0,73.0,VRB,1,SW,8,1.3,,7.0
9/26/2023,1010.9,30.9,26.5,28.6,82.0,94.0,72.0,SSE,4,SSE,14,0.0,,7.0
9/27/2023,1011.4,31.4,27.2,29.1,77.0,85.0,68.0,S,6,S,14,0.0,,7.0
9/28/2023,1011.9,31.9,27.0,28.9,79.0,85.0,72.0,S,7,S,20,0.0,,6.0
9/29/2023,1012.1,31.1,28.0,29.2,77.0,82.0,73.0,SSE,6,SE,14,0.0,,4.0
9/30/2023,1012.0,31.7,27.1,29.1,79.0,88.0,73.0,SE,5,SSE,15,0.5,,7.0
10/1/2023,1012.2,31.5,27.4,29.2,76.0,83.0,72.0,SE,6,SE,14,0.4,,7.0
10/2/2023,1012.5,31.5,28.0,29.1,79.0,84.0,72.0,SE,5,SE,15,0.0,,7.0
10/3/2023,1012.3,31.4,28.0,29.2,78.0,83.0,73.0,SE,5,SSE,16,0.0,,7.0
10/4/2023,1012.1,31.6,27.5,29.1,80.0,86.0,75.0,SE,5,SE,13,0.0,,7.0
10/5/2023,1011.3,31.2,25.4,28.6,82.0,94.0,76.0,SE,4,SSE,16,12.1,,7.0
10/6/2023,1010.9,30.0,24.3,26.8,91.0,98.0,84.0,VRB,2,N,17,33.4,,7.0
10/7/2023,1010.7,30.7,26.9,28.1,85.0,91.0,76.0,S,4,S,14,0.0,,7.0
10/8/2023,1011.6,30.7,25.8,28.0,86.0,92.0,78.0,ESE,5,ESE,18,3.9,,7.0
10/9/2023,1012.3,31.2,26.2,28.6,84.0,89.0,74.0,E,6,ENE,20,1.0,,7.0
10/10/2023,1012.0,31.6,27.8,29.3,79.0,83.0,75.0,E,7,E,15,0.0,,5.0
10/11/2023,1012.4,31.2,27.4,29.0,76.0,80.0,73.0,ESE,7,ESE,17,0.0,,4.0
10/12/2023,1012.9,31.1,27.1,28.9,76.0,82.0,70.0,ESE,6,SE,13,0.0,,5.0
10/13/2023,1013.0,31.0,27.0,28.6,76.0,79.0,68.0,ESE,6,ESE,16,0.0,,3.0
10/14/2023,1013.2,30.6,27.0,28.7,76.0,82.0,70.0,ESE,4,ESE,12,0.0,,3.0
10/15/2023,1011.8,31.2,27.5,28.9,78.0,83.0,73.0,ESE,5,ESE,15,0.0,,5.0
10/16/2023,1011.3,31.1,27.4,29.0,78.0,80.0,73.0,ESE,8,ESE,18,0.0,,3.0
10/17/2023,1012.0,30.8,27.1,28.7,77.0,82.0,71.0,ESE,6,ESE,16,0.0,,3.0
10/18/2023,1012.7,31.2,27.0,28.7,78.0,84.0,72.0,E,5,ESE,11,0.0,,4.0
10/19/2023,1012.7,31.0,27.4,28.7,79.0,83.0,71.0,SSE,5,SSE,13,0.0,,5.0
10/20/2023,1012.3,31.0,24.1,27.9,84.0,97.0,73.0,E,5,S,20,36.9,,6.0
10/21/2023,1012.9,30.7,27.4,28.6,80.0,84.0,75.0,ESE,6,ESE,14,0.0,,5.0
10/22/2023,1013.2,30.9,26.9,28.5,78.0,83.0,73.0,SE,5,SE,15,0.0,,5.0
10/23/2023,1012.6,30.8,27.2,28.4,78.0,87.0,71.0,SE,5,SE,11,0.0,,6.0
10/24/2023,1011.6,31.1,25.8,28.8,78.0,81.0,74.0,SE,6,ESE,14,9.8,,4.0
10/25/2023,1011.8,32.0,25.7,29.0,81.0,91.0,74.0,ESE,6,E,22,9.8,,6.0
10/26/2023,1011.7,30.4,24.8,27.5,87.0,93.0,80.0,E,7,ENE,28,7.8,,7.0
10/27/2023,1011.3,29.3,25.6,27.9,84.0,93.0,81.0,SE,6,SE,16,6.8,,7.0
10/28/2023,1010.5,31.8,24.7,28.3,84.0,98.0,74.0,ESE,7,E,20,56.3,,6.0
10/29/2023,1010.7,29.8,24.0,27.4,85.0,97.0,77.0,E,7,E,27,14.7,,7.0
10/30/2023,1010.8,31.0,26.6,29.0,78.0,85.0,70.0,E,4,E,13,0.05,,5.0
10/31/2023,1011.5,30.0,23.6,26.7,91.0,99.0,82.0,VRB,3,ENE,21,43.9,,7.0
11/1/2023,1011.3,30.0,25.0,27.3,86.0,98.0,77.0,VRB,2,E,13,0.3,,6.0
11/2/2023,1010.3,30.5,26.7,28.3,84.0,90.0,78.0,E,5,E,15,4.1,,6.0
11/3/2023,1009.6,31.5,24.5,27.6,88.0,99.0,74.0,SE,5,ESE,18,62.9,,6.0
11/4/2023,1009.7,29.0,25.0,27.6,86.0,99.0,80.0,ESE,6,E,20,11.5,,8.0
11/5/2023,1010.7,31.2,27.7,28.9,80.0,82.0,75.0,ESE,7,SE,18,0.0,,7.0
11/6/2023,1011.6,31.2,24.8,28.8,81.0,87.0,75.0,ESE,5,SE,13,0.8,,6.0
11/7/2023,1012.1,30.2,25.2,28.2,83.0,93.0,77.0,E,4,E,26,2.1,,7.0
11/8/2023,1011.3,31.1,25.5,28.1,86.0,96.0,77.0,SSE,3,SE,15,26.9,,7.0
11/9/2023,1012.1,30.4,24.5,26.7,91.0,99.0,77.0,VRB,2,E,14,16.7,,7.0
11/10/2023,1012.0,31.2,25.1,28.6,83.0,95.0,75.0,E,4,E,17,10.5,,5.0
11/11/2023,1012.2,30.2,25.5,28.2,86.0,92.0,80.0,ESE,5,E,20,9.3,,7.0
11/12/2023,1012.3,30.8,25.3,28.0,86.0,95.0,75.0,ESE,3,E,16,0.2,,7.0
11/13/2023,1012.6,30.2,24.5,26.6,92.0,98.0,79.0,VRB,2,SSE,13,25.8,,7.0
11/14/2023,1011.7,31.5,24.9,28.0,85.0,99.0,74.0,VRB,2,E,7,0.0,,4.0
11/15/2023,1011.6,31.7,25.8,28.4,83.0,98.0,75.0,VRB,3,SSE,11,0.05,,5.0
11/16/2023,1012.0,31.2,25.0,28.5,83.0,92.0,77.0,E,4,NE,15,12.0,,6.0
11/17/2023,1012.0,29.4,24.4,26.8,90.0,99.0,83.0,E,5,ENE,15,31.1,,7.0
11/18/2023,1011.4,31.2,27.7,29.0,80.0,92.0,76.0,SE,4,SE,12,0.0,,6.0
11/19/2023,1011.2,31.3,27.8,29.2,79.0,83.0,73.0,ESE,4,ESE,10,0.05,,4.0
11/20/2023,1010.9,31.9,25.4,28.2,85.0,93.0,76.0,SE,4,SE,12,14.3,,6.0
11/21/2023,1010.7,30.4,25.3,28.1,86.0,93.0,80.0,SSE,5,SSW,17,4.5,,7.0
11/22/2023,1010.4,31.4,26.4,28.5,83.0,95.0,74.0,SSE,4,SE,13,0.05,,7.0
11/23/2023,1009.6,31.7,25.5,28.6,83.0,95.0,72.0,S,4,S,11,4.2,,7.0
11/24/2023,1009.9,31.8,23.4,26.3,91.0,98.0,75.0,SW,4,WSW,21,88.9,,7.0
11/25/2023,1010.4,31.3,24.8,27.7,86.0,96.0,75.0,VRB,2,ENE,13,12.4,,6.0
11/26/2023,1010.4,31.5,24.8,28.7,81.0,99.0,73.0,VRB,3,N,9,2.2,,4.0
11/27/2023,1009.5,31.1,25.1,28.0,85.0,98.0,73.0,VRB,2,E,9,0.05,,5.0
11/28/2023,1009.3,31.0,26.9,28.3,83.0,94.0,73.0,WNW,3,NW,11,0.05,,7.0
11/29/2023,1010.0,32.3,25.6,28.9,83.0,98.0,72.0,VRB,1,S,11,4.1,,3.0
11/30/2023,1011.0,32.2,23.9,27.6,86.0,96.0,75.0,SSW,5,S,31,12.7,,7.0
12/1/2023,1010.5,31.9,24.7,28.5,83.0,94.0,74.0,SSW,5,SSW,20,2.6,,7.0
12/2/2023,1009.8,30.8,24.8,27.3,88.0,98.0,76.0,SSW,6,SSW,17,35.4,,7.0
12/3/2023,1010.0,30.2,24.1,26.9,90.0,99.0,78.0,S,3,S,16,21.5,,7.0
12/4/2023,1009.7,32.0,24.5,28.6,81.0,97.0,69.0,S,4,W,17,11.9,,5.0
12/5/2023,1009.9,31.0,25.6,27.7,88.0,98.0,77.0,WSW,5,WSW,23,8.2,,7.0
12/6/2023,1010.1,31.1,25.0,27.5,90.0,98.0,77.0,VRB,2,W,13,26.8,,7.0
12/7/2023,1010.9,31.0,24.5,27.1,91.0,98.0,81.0,SW,9,WSW,33,39.3,,7.0
12/8/2023,1011.1,30.2,26.1,28.2,84.0,94.0,76.0,WSW,7,WSW,28,2.3,,7.0
12/9/2023,1010.9,30.9,25.2,27.5,90.0,98.0,78.0,VRB,2,WNW,21,2.3,,7.0
12/10/2023,1010.6,31.9,27.0,28.9,84.0,96.0,75.0,VRB,2,SSW,7,0.0,,7.0
12/11/2023,1010.6,32.1,25.5,29.2,81.0,96.0,73.0,SW,3,S,10,0.9,,7.0
12/12/2023,1010.0,31.9,26.2,28.6,82.0,95.0,73.0,VRB,2,N,13,0.5,,7.0
12/13/2023,1010.0,32.1,25.6,28.0,86.0,95.0,77.0,VRB,2,NW,12,6.1,,7.0
12/14/2023,1011.6,30.4,24.6,27.1,90.0,98.0,77.0,SSW,4,S,19,19.6,,7.0
12/15/2023,1011.6,31.7,26.0,28.3,84.0,99.0,77.0,VRB,2,NW,8,0.0,,7.0
12/16/2023,1011.1,31.2,25.3,28.2,84.0,96.0,71.0,NE,3,NE,9,0.0,,4.0
12/17/2023,1010.4,31.0,25.1,28.5,82.0,96.0,74.0,S,4,S,11,0.2,,3.0
12/18/2023,1010.3,31.8,25.0,28.3,84.0,96.0,70.0,S,3,SSW,16,3.0,,5.0
12/19/2023,1010.5,32.0,26.0,28.0,86.0,98.0,70.0,VRB,1,SSE,9,0.05,,7.0
12/20/2023,1010.9,31.1,24.9,28.9,83.0,92.0,77.0,NE,4,N,14,21.5,,5.0
12/21/2023,1011.7,30.1,24.8,26.4,93.0,98.0,85.0,VRB,3,ENE,16,18.6,,7.0
12/22/2023,1012.0,30.4,25.0,27.5,88.0,98.0,79.0,NNE,4,NNE,18,0.0,,7.0
12/23/2023,1012.7,31.2,26.4,27.8,85.0,97.0,77.0,NW,5,WNW,16,8.2,,7.0
12/24/2023,1012.2,31.6,27.8,29.2,81.0,86.0,77.0,NE,7,NE,21,0.05,,7.0
12/25/2023,1011.6,31.4,25.6,29.3,79.0,92.0,73.0,NE,9,NE,24,3.3,,7.0
12/26/2023,1011.4,31.1,27.0,28.8,82.0,89.0,74.0,NE,10,NE,24,1.2,,7.0
12/27/2023,1011.6,31.8,24.5,27.8,87.0,100.0,75.0,NE,7,NE,21,84.1,,7.0
12/28/2023,1010.1,29.7,24.4,27.0,91.0,98.0,79.0,NE,7,NE,23,53.1,,7.0
12/29/2023,1010.6,28.2,24.4,26.7,90.0,98.0,84.0,VRB,5,ESE,20,8.0,,7.0
12/30/2023,1011.1,30.0,24.0,27.3,89.0,98.0,80.0,VRB,3,E,17,119.0,,7.0
12/31/2023,1011.7,28.6,24.4,26.1,94.0,100.0,87.0,VRB,2,NW,11,4.8,,7.0
1/1/2024,1011.4,30.4,27.3,28.1,85.0,94.0,81.0,NE,5,NE,13,0.05,,7.0
1/2/2024,1011.0,31.2,24.0,28.3,84.0,100.0,74.0,NE,6,W,24,32.2,,7.0
1/3/2024,1011.1,30.2,25.1,26.9,88.0,96.0,75.0,VRB,2,WSW,18,0.05,,7.0
1/4/2024,1011.4,31.9,25.8,27.8,86.0,96.0,75.0,VRB,3,W,18,11.8,,7.0
1/5/2024,1010.9,31.9,24.9,28.6,84.0,95.0,76.0,W,7,W,30,11.6,,7.0
1/6/2024,1011.2,31.9,26.2,29.0,82.0,89.0,75.0,WNW,6,SW,19,1.4,,7.0
1/7/2024,1011.0,31.8,25.0,28.9,82.0,94.0,76.0,NW,5,NW,20,6.5,,7.0
1/8/2024,1011.3,31.0,24.5,28.1,84.0,99.0,74.0,NNW,3,NNE,18,4.7,,7.0
1/9/2024,1010.4,31.1,26.1,28.8,81.0,92.0,76.0,NE,7,NE,17,0.05,,7.0
1/10/2024,1010.2,30.4,25.6,27.9,86.0,97.0,78.0,VRB,3,NE,12,3.8,,7.0
1/11/2024,1009.7,29.8,24.9,27.4,90.0,97.0,82.0,NE,6,SSW,24,27.9,,7.0
1/12/2024,1011.5,28.1,24.1,25.3,96.0,99.0,92.0,SW,3,SW,18,34.6,,8.0
1/13/2024,1011.8,30.3,27.0,27.9,84.0,98.0,76.0,NNE,4,NNE,12,0.05,,7.0
1/14/2024,1011.7,31.2,26.9,28.8,79.0,85.0,75.0,NE,8,NE,17,0.0,,5.0
1/15/2024,1011.9,31.2,25.9,28.6,76.0,84.0,70.0,NNE,8,NNE,16,0.0,,6.0
1/16/2024,1011.4,31.3,26.5,28.4,76.0,82.0,69.0,NNE,5,NE,11,0.0,,4.0
1/17/2024,1010.6,31.0,24.6,27.9,78.0,86.0,71.0,NE,4,NE,13,0.0,,4.0
1/18/2024,1011.3,30.9,24.1,27.2,77.0,91.0,64.0,VRB,3,NE,12,0.0,,1.0
1/19/2024,1010.8,30.8,25.0,27.8,78.0,88.0,70.0,NE,5,NE,14,0.0,,2.0
1/20/2024,1011.7,30.9,27.4,28.5,79.0,84.0,74.0,ENE,7,NE,17,0.0,,4.0
1/21/2024,1011.8,31.0,27.4,29.0,82.0,89.0,75.0,ENE,7,ENE,16,0.0,,2.0
1/22/2024,1012.8,31.0,27.7,28.9,84.0,89.0,78.0,NE,8,NE,15,0.0,,2.0
1/23/2024,1012.6,31.2,26.3,28.7,84.0,88.0,79.0,NNE,6,NE,14,0.0,,2.0
1/24/2024,1012.8,31.1,26.6,28.4,78.0,86.0,72.0,NNE,7,NNE,15,0.0,,2.0
1/25/2024,1013.5,31.2,26.8,28.5,76.0,82.0,69.0,NNE,8,NNE,18,0.0,,1.0
1/26/2024,1013.9,30.9,26.7,28.5,73.0,81.0,68.0,NE,11,NE,21,0.0,,2.0
1/27/2024,1013.9,30.9,26.4,28.6,75.0,81.0,69.0,NE,9,NE,17,0.0,,6.0
1/28/2024,1013.7,31.0,26.6,28.4,77.0,83.0,70.0,NE,7,NNE,15,0.0,,2.0
1/29/2024,1012.9,31.2,26.7,28.7,81.0,87.0,73.0,NE,7,NE,15,1.5,,3.0
1/30/2024,1013.0,31.1,26.3,28.8,85.0,95.0,78.0,NNE,6,NNE,17,0.05,,5.0
1/31/2024,1013.9,30.8,24.7,27.8,85.0,92.0,76.0,NNE,5,NE,15,0.0,,5.0
2/1/2024,1013.6,31.1,27.0,28.4,83.0,94.0,73.0,NNE,5,NNE,13,0.0,,2.0
2/2/2024,1013.0,31.6,26.4,29.0,82.0,87.0,75.0,NNE,6,NE,14,0.0,,2.0
2/3/2024,1013.1,31.8,27.5,29.0,84.0,90.0,77.0,NE,5,NE,17,0.0,,2.0
2/4/2024,1014.1,31.8,26.8,29.2,82.0,88.0,76.0,NE,6,NNE,16,0.0,,5.0
2/5/2024,1013.5,31.2,27.0,28.7,83.0,88.0,75.0,NE,8,NE,18,0.0,,7.0
2/6/2024,1013.2,31.2,27.4,29.2,82.0,89.0,76.0,NE,7,NE,17,0.0,,4.0
2/7/2024,1013.2,32.1,27.0,29.1,79.0,87.0,73.0,NNE,7,NNE,16,0.0,,6.0
2/8/2024,1013.0,31.7,25.6,28.8,77.0,85.0,69.0,NNE,6,NNE,18,0.0,,7.0
2/9/2024,1013.1,31.3,27.4,28.9,76.0,88.0,67.0,NNE,8,NE,18,0.0,,7.0
2/10/2024,1013.2,31.8,28.0,29.3,74.0,79.0,67.0,NE,10,NE,21,0.0,,4.0
2/11/2024,1013.5,30.3,24.0,27.2,87.0,99.0,74.0,NE,9,NE,23,39.8,,7.0
2/12/2024,1013.4,29.4,25.4,26.8,88.0,98.0,79.0,NE,7,E,19,2.2,,7.0
2/13/2024,1012.1,31.5,27.0,29.3,80.0,86.0,73.0,NE,9,NE,21,0.05,,7.0
2/14/2024,1012.1,31.5,26.1,29.0,84.0,92.0,74.0,NNE,4,NNE,15,0.05,,7.0
2/15/2024,1011.4,32.1,24.6,28.8,85.0,97.0,76.0,NE,7,NE,25,10.1,,6.0
2/16/2024,1011.8,32.0,23.8,28.5,88.0,99.0,79.0,NE,5,NE,21,107.4,,5.0
2/17/2024,1011.9,30.6,24.3,25.9,95.0,100.0,89.0,NE,6,NE,19,25.6,,7.0
2/18/2024,1010.2,31.2,28.3,29.2,86.0,89.0,79.0,NE,10,NE,21,0.05,,7.0
2/19/2024,1010.7,31.3,23.5,29.5,86.0,93.0,79.0,NE,8,NE,20,45.3,,7.0
2/20/2024,1011.1,31.2,26.4,28.9,89.0,99.0,83.0,NE,9,ENE,28,5.6,,7.0
2/21/2024,1012.6,30.6,23.6,25.8,94.0,100.0,81.0,WNW,5,WNW,23,112.6,,7.0
2/22/2024,1011.9,30.9,24.5,28.1,86.0,98.0,73.0,NE,4,NE,19,0.05,,7.0
2/23/2024,1011.3,31.9,25.8,28.3,86.0,100.0,72.0,VRB,2,SSE,15,0.0,,4.0
2/24/2024,1010.5,32.1,27.2,28.8,83.0,92.0,74.0,NNE,5,NNE,15,0.0,,2.0
2/25/2024,1009.1,31.9,27.3,29.0,82.0,89.0,74.0,NNE,7,NNE,17,0.05,,2.0
2/26/2024,1009.0,31.8,25.9,29.2,84.0,90.0,76.0,NE,8,NNE,26,3.8,,3.0
2/27/2024,1010.1,32.0,23.6,28.6,88.0,98.0,81.0,NE,8,NE,27,15.9,,7.0
2/28/2024,1010.1,32.0,24.5,28.9,86.0,95.0,79.0,NNE,5,NE,13,6.5,,7.0
2/29/2024,1011.1,29.5,25.4,27.9,87.0,97.0,80.0,NE,6,NE,18,0.2,,7.0
3/1/2024,1011.9,31.6,24.6,27.8,89.0,99.0,79.0,NE,4,NNE,14,31.0,,7.0
3/2/2024,1011.9,31.1,26.4,28.8,84.0,89.0,79.0,ENE,5,ENE,13,0.0,,7.0
3/3/2024,1011.3,31.9,25.9,29.1,83.0,92.0,76.0,NE,4,NNE,14,0.0,,6.0
3/4/2024,1011.8,32.2,24.6,29.1,85.0,96.0,76.0,VRB,2,WSW,12,11.2,,5.0
3/5/2024,1012.2,32.2,26.5,28.9,81.0,92.0,73.0,NNW,3,NNW,9,0.0,,6.0
3/6/2024,1012.2,31.8,28.0,29.3,83.0,88.0,78.0,NNW,5,NNW,12,0.0,,7.0
3/7/2024,1011.8,32.2,26.9,29.6,84.0,93.0,78.0,VRB,3,NW,9,0.05,,5.0
3/8/2024,1012.2,32.0,26.7,29.4,82.0,86.0,77.0,NW,4,NW,11,0.0,,7.0
3/9/2024,1012.1,32.0,26.1,29.1,82.0,90.0,76.0,NW,3,NNW,10,0.0,,4.0
3/10/2024,1013.2,32.3,25.5,28.8,83.0,94.0,73.0,VRB,3,NNW,12,0.0,,3.0
3/11/2024,1014.3,31.9,24.8,28.7,83.0,96.0,75.0,NE,4,NE,12,0.0,,2.0
3/12/2024,1013.8,32.2,24.3,28.3,84.0,96.0,75.0,VRB,2,ENE,10,0.0,,4.0
3/13/2024,1013.4,33.1,26.2,28.6,84.0,96.0,73.0,VRB,1,W,7,0.0,,4.0
3/14/2024,1013.0,32.4,27.8,29.8,83.0,89.0,77.0,WNW,3,WNW,10,0.0,,3.0
3/15/2024,1012.2,32.4,25.6,29.2,81.0,92.0,74.0,VRB,3,WNW,11,0.0,,2.0
3/16/2024,1011.5,32.8,26.2,29.2,81.0,94.0,71.0,NNW,3,NNW,10,0.05,,2.0
3/17/2024,1011.7,32.5,25.5,29.0,82.0,95.0,71.0,VRB,2,E,9,0.0,,4.0
3/18/2024,1011.4,32.9,26.5,29.2,79.0,94.0,69.0,VRB,3,NNW,9,0.0,,2.0
3/19/2024,1010.9,32.7,26.6,29.6,75.0,82.0,68.0,NNE,5,NNE,13,0.0,,2.0
3/20/2024,1010.4,32.4,28.0,29.6,75.0,85.0,67.0,NE,5,NE,12,0.05,,2.0
3/21/2024,1009.6,32.5,25.0,29.2,81.0,99.0,72.0,ENE,4,ESE,15,29.1,,4.0
3/22/2024,1008.8,32.1,25.7,28.2,88.0,100.0,75.0,VRB,3,SSE,14,3.7,,7.0
3/23/2024,1009.4,32.6,25.8,29.6,79.0,87.0,70.0,VRB,2,SSE,10,0.05,,6.0
3/24/2024,1010.2,33.0,26.0,29.8,82.0,92.0,73.0,NE,4,NE,20,4.9,,6.0
3/25/2024,1010.8,32.8,25.3,29.6,84.0,98.0,74.0,ENE,5,ENE,16,36.9,,5.0
3/26/2024,1012.2,32.8,24.6,29.4,84.0,96.0,74.0,VRB,2,NE,17,7.6,,7.0
3/27/2024,1012.7,32.3,23.9,28.4,87.0,98.0,73.0,VRB,2,N,17,32.3,,7.0
3/28/2024,1011.8,31.7,25.1,27.3,91.0,99.0,78.0,VRB,2,N,17,9.4,,7.0
3/29/2024,1011.3,32.2,24.8,28.5,87.0,99.0,73.0,VRB,2,ENE,13,24.2,,7.0
3/30/2024,1012.2,32.4,25.8,29.6,82.0,98.0,73.0,S,4,NNW,14,0.9,,4.0
3/31/2024,1012.2,32.2,26.0,28.8,83.0,93.0,72.0,VRB,2,SSE,10,0.0,,4.0
4/1/2024,1010.4,32.9,25.9,29.3,81.0,95.0,71.0,VRB,2,ENE,7,0.0,,2.0
4/2/2024,1009.5,33.0,25.6,29.1,82.0,95.0,68.0,VRB,2,NE,9,0.0,,3.0
4/3/2024,1009.6,32.6,28.4,30.1,78.0,94.0,69.0,ENE,4,ENE,11,0.0,,3.0
4/4/2024,1010.6,32.2,24.0,27.6,90.0,100.0,77.0,VRB,4,NNE,22,41.7,,6.0
4/5/2024,1009.9,31.8,26.8,28.8,81.0,96.0,72.0,VRB,2,WNW,11,0.0,,6.0
4/6/2024,1009.5,34.2,24.4,29.6,81.0,98.0,68.0,SW,5,SW,21,32.1,,7.0
4/7/2024,1009.1,32.5,26.5,29.1,82.0,98.0,67.0,VRB,2,SW,16,0.05,,5.0
4/8/2024,1009.2,33.1,27.0,29.9,81.0,91.0,70.0,VRB,2,W,10,0.0,,6.0
4/9/2024,1008.9,33.2,26.6,29.8,81.0,95.0,71.0,VRB,2,ENE,9,0.0,,4.0
4/10/2024,1009.0,33.1,29.2,30.6,77.0,91.0,71.0,ENE,4,ENE,13,0.0,,4.0
4/11/2024,1009.6,33.2,27.7,30.5,78.0,91.0,69.0,VRB,3,ENE,9,0.0,,6.0
4/12/2024,1009.5,33.1,26.8,29.9,82.0,90.0,73.0,VRB,4,S,20,1.1,,6.0
4/13/2024,1009.6,33.0,25.0,29.1,85.0,98.0,73.0,SSW,6,WNW,25,27.3,,7.0
4/14/2024,1009.9,32.2,26.4,29.2,82.0,94.0,70.0,VRB,2,WSW,7,0.0,,7.0
4/15/2024,1010.3,33.1,27.8,30.0,81.0,90.0,73.0,S,3,S,9,0.05,,6.0
4/16/2024,1010.1,32.0,24.1,28.2,86.0,99.0,76.0,SSW,6,SSE,18,79.9,,7.0
4/17/2024,1010.3,33.6,26.5,29.9,79.0,94.0,70.0,WSW,4,W,16,1.2,,7.0
4/18/2024,1009.6,32.0,27.2,29.7,82.0,94.0,75.0,WSW,7,WSW,21,3.0,,7.0
4/19/2024,1008.5,32.8,27.5,29.8,80.0,90.0,71.0,SSW,7,SSW,22,0.05,,6.0
4/20/2024,1008.2,33.9,28.4,30.4,80.0,88.0,73.0,W,4,W,11,0.05,,3.0
4/21/2024,1008.7,33.6,27.7,30.3,82.0,90.0,73.0,W,5,W,18,0.05,,6.0
4/22/2024,1009.2,33.3,29.2,30.4,79.0,84.0,74.0,W,5,W,18,0.05,,7.0
4/23/2024,1008.3,34.0,25.0,30.3,82.0,98.0,72.0,W,5,SW,20,40.8,,7.0
4/24/2024,1008.2,31.9,26.1,28.1,88.0,98.0,79.0,SW,6,W,26,1.7,,7.0
4/25/2024,1007.6,33.0,27.4,29.8,83.0,91.0,76.0,SW,5,SSW,17,1.3,,7.0
4/26/2024,1007.3,33.9,27.4,30.4,80.0,85.0,71.0,SW,4,SW,11,0.6,,4.0
4/27/2024,1007.6,33.5,26.8,30.1,84.0,95.0,74.0,W,4,W,20,5.5,,6.0
4/28/2024,1008.6,32.9,24.8,29.9,83.0,95.0,76.0,W,10,WSW,25,58.0,,7.0
4/29/2024,1009.9,30.9,25.9,28.0,89.0,98.0,83.0,SW,7,W,27,13.2,,7.0
4/30/2024,1009.5,31.2,25.9,28.3,86.0,96.0,78.0,W,4,NW,19,1.1,,7.0
5/1/2024,1007.8,33.2,27.1,29.6,84.0,91.0,75.0,W,4,WSW,19,0.05,,7.0
5/2/2024,1008.1,33.9,27.0,29.8,83.0,94.0,71.0,VRB,2,S,10,0.05,,7.0
5/3/2024,1009.0,33.2,28.2,30.6,81.0,90.0,73.0,SW,5,SW,11,0.0,,3.0
5/4/2024,1009.3,33.1,29.0,30.6,82.0,87.0,74.0,WSW,7,WSW,17,1.0,,4.0
5/5/2024,1009.1,33.2,28.8,30.1,83.0,87.0,76.0,SW,6,SW,17,1.1,,7.0
5/6/2024,1009.5,33.2,28.2,30.5,82.0,90.0,76.0,WSW,5,SW,14,0.0,,3.0
5/7/2024,1010.0,32.2,27.6,29.9,84.0,90.0,76.0,WSW,7,W,19,3.3,,7.0
5/8/2024,1009.5,31.8,25.4,27.8,90.0,100.0,80.0,W,8,NW,25,27.4,,7.0
5/9/2024,1008.9,32.9,24.0,28.0,87.0,98.0,76.0,VRB,4,SW,16,23.6,,7.0
5/10/2024,1009.3,33.8,27.5,29.7,83.0,89.0,74.0,VRB,3,WNW,21,0.4,,7.0
5/11/2024,1010.1,34.1,26.3,29.8,84.0,93.0,73.0,W,5,SW,20,5.7,,7.0
5/12/2024,1009.6,33.8,27.0,29.5,86.0,95.0,74.0,W,4,W,19,8.1,,7.0
5/13/2024,1009.1,33.8,24.6,28.5,89.0,100.0,76.0,W,8,W,28,135.7,,7.0
5/14/2024,1009.4,31.8,26.0,29.0,85.0,98.0,78.0,W,8,W,26,5.5,,7.0
5/15/2024,1009.3,33.1,27.2,29.9,84.0,92.0,76.0,W,5,W,21,2.2,,7.0
5/16/2024,1009.5,33.2,26.8,30.3,83.0,89.0,77.0,W,8,WSW,29,2.7,,6.0
5/17/2024,1009.1,31.2,24.9,28.2,87.0,96.0,80.0,W,12,WSW,38,39.7,,7.0
5/18/2024,1007.7,32.5,26.0,29.1,83.0,97.0,74.0,WSW,14,W,36,13.4,,7.0
5/19/2024,1007.7,31.0,24.8,28.1,88.0,96.0,78.0,WSW,13,W,36,43.1,,7.0
5/20/2024,1008.3,31.9,27.5,29.3,82.0,89.0,74.0,SW,11,SW,23,0.5,,7.0
5/21/2024,1008.5,32.1,28.9,30.1,82.0,90.0,76.0,SW,12,SW,27,0.05,,7.0
5/22/2024,1008.4,32.4,25.4,29.8,82.0,93.0,75.0,SW,13,W,37,8.8,,7.0
5/23/2024,1008.0,31.7,25.1,28.8,87.0,98.0,78.0,WSW,10,W,33,82.3,,7.0
5/24/2024,1008.3,32.2,23.9,28.6,87.0,99.0,75.0,S,9,WNW,25,84.3,,7.0
5/25/2024,1009.0,32.0,25.4,28.7,88.0,99.0,80.0,S,7,S,29,2.8,,7.0
5/26/2024,1009.1,32.1,27.6,29.6,85.0,90.0,78.0,SSW,6,SSW,16,0.1,,7.0
5/27/2024,1009.2,31.2,26.0,29.3,86.0,92.0,81.0,W,8,W,28,4.4,,7.0
5/28/2024,1009.6,31.4,24.6,28.1,88.0,98.0,81.0,WSW,10,W,32,62.6,,7.0
5/29/2024,1009.2,30.6,25.5,28.3,85.0,97.0,74.0,W,12,W,37,17.7,,7.0
5/30/2024,1008.6,32.8,27.8,30.1,84.0,92.0,77.0,W,10,W,24,2.2,,7.0
5/31/2024,1009.3,32.3,28.8,30.1,82.0,88.0,76.0,W,9,W,19,0.1,,7.0
6/1/2024,1009.6,32.6,28.4,30.1,82.0,88.0,75.0,W,8,W,19,0.0,,7.0
6/2/2024,1010.1,33.5,25.4,29.6,83.0,93.0,75.0,W,3,W,11,0.0,,7.0
6/3/2024,1010.1,33.2,26.6,29.3,84.0,95.0,75.0,VRB,2,W,9,0.0,,7.0
6/4/2024,1010.7,33.5,27.2,29.9,81.0,88.0,73.0,VRB,2,W,7,0.0,,7.0
6/5/2024,1011.0,32.8,24.7,28.9,81.0,94.0,70.0,VRB,1,WNW,5,0.0,,5.0
6/6/2024,1011.3,32.1,26.4,28.6,79.0,96.0,69.0,VRB,2,S,8,0.0,,7.0
6/7/2024,1010.9,32.1,28.4,29.8,77.0,85.0,71.0,S,7,S,16,0.0,,7.0
6/8/2024,1010.8,32.4,28.2,29.9,78.0,86.0,71.0,SSW,7,S,14,0.0,,6.0
6/9/2024,1011.1,33.1,27.9,30.1,77.0,84.0,67.0,WSW,4,SW,11,0.0,,7.0
6/10/2024,1012.0,32.4,27.9,30.0,77.0,87.0,70.0,WSW,5,WSW,11,0.5,,7.0
6/11/2024,1012.3,33.2,27.9,30.0,78.0,88.0,69.0,SW,5,SW,16,0.3,,7.0
6/12/2024,1012.6,33.3,26.6,30.1,78.0,87.0,71.0,WSW,4,W,12,4.3,,5.0
6/13/2024,1011.8,32.8,28.5,29.8,78.0,88.0,73.0,WSW,4,WSW,11,0.0,,5.0
6/14/2024,1010.7,32.5,27.6,30.2,76.0,85.0,71.0,WSW,6,WSW,13,0.0,,6.0
6/15/2024,1010.0,32.9,25.5,29.7,79.0,97.0,70.0,SW,6,W,18,14.3,,4.0
6/16/2024,1010.1,32.6,26.0,29.6,81.0,96.0,71.0,SW,4,SW,12,0.1,,4.0
6/17/2024,1010.3,32.8,27.4,29.8,77.0,88.0,67.0,VRB,3,S,9,0.0,,5.0
6/18/2024,1010.6,33.0,28.1,30.1,76.0,83.0,70.0,WSW,4,SW,10,0.0,,7.0
6/19/2024,1010.2,33.0,27.7,29.9,78.0,84.0,70.0,WSW,5,WSW,15,0.0,,5.0
6/20/2024,1010.0,32.9,26.3,29.9,79.0,91.0,71.0,WSW,5,SW,22,5.3,,4.0
6/21/2024,1009.9,31.9,27.0,29.4,83.0,90.0,78.0,SSW,6,S,16,1.7,,7.0
6/22/2024,1009.0,32.1,28.0,29.7,80.0,87.0,75.0,S,7,S,15,0.0,,7.0
6/23/2024,1008.5,32.8,28.5,30.0,79.0,86.0,72.0,S,7,S,14,0.05,,7.0
6/24/2024,1008.4,32.5,25.0,29.1,80.0,95.0,71.0,SW,7,W,37,15.8,,6.0
6/25/2024,1007.4,32.9,26.3,29.7,78.0,90.0,71.0,S,6,S,20,1.9,,7.0
6/26/2024,1007.8,32.4,28.5,30.0,80.0,84.0,73.0,SSW,5,SSW,13,0.0,,7.0
6/27/2024,1009.1,32.2,27.4,29.9,78.0,84.0,73.0,WSW,4,SW,9,0.0,,7.0
6/28/2024,1009.2,32.8,25.0,29.1,80.0,95.0,69.0,VRB,2,WSW,6,0.0,,7.0
6/29/2024,1009.6,32.8,26.0,28.8,82.0,96.0,67.0,CALM,1,ENE,7,0.0,,3.0
6/30/2024,1010.6,32.3,28.4,29.9,79.0,92.0,72.0,ESE,3,ESE,9,0.8,,2.0
7/1/2024,1009.7,32.9,27.2,30.1,78.0,90.0,72.0,VRB,3,ESE,10,0.0,,3.0
7/2/2024,1009.2,33.4,26.5,29.4,82.0,91.0,70.0,VRB,1,SSE,7,0.0,,5.0
7/3/2024,1009.8,33.0,26.1,29.8,81.0,92.0,68.0,VRB,3,NNW,13,1.5,,5.0
7/4/2024,1010.0,32.6,26.9,29.2,82.0,95.0,70.0,VRB,2,ESE,9,0.0,,7.0
7/5/2024,1009.6,31.3,25.4,27.8,85.0,95.0,77.0,VRB,5,WSW,27,5.3,,7.0
7/6/2024,1008.7,32.6,25.2,29.1,79.0,94.0,71.0,VRB,2,NNW,10,0.0,,7.0
7/7/2024,1008.4,32.2,25.8,29.0,79.0,95.0,70.0,VRB,2,SE,10,0.0,,7.0
7/8/2024,1008.3,32.7,26.4,29.0,83.0,92.0,72.0,VRB,2,SW,7,0.0,,7.0
7/9/2024,1009.9,32.4,27.0,29.5,80.0,91.0,71.0,S,3,S,7,0.0,,6.0
7/10/2024,1011.2,32.8,25.9,29.2,82.0,95.0,73.0,VRB,2,SSE,9,0.0,,7.0
7/11/2024,1010.4,32.8,27.1,29.5,80.0,93.0,68.0,VRB,2,SSW,8,0.0,,3.0
7/12/2024,1009.8,32.2,26.6,29.6,80.0,95.0,73.0,S,5,S,18,1.9,,6.0
7/13/2024,1009.2,33.0,28.2,30.1,78.0,85.0,71.0,VRB,4,S,14,0.05,,6.0
7/14/2024,1008.7,33.2,28.2,30.1,78.0,84.0,71.0,SW,4,SSW,12,0.0,,5.0
7/15/2024,1008.2,32.9,28.5,30.2,79.0,85.0,72.0,SW,5,SSW,10,0.05,,7.0
7/16/2024,1008.6,32.3,26.9,29.9,80.0,85.0,74.0,S,4,SSW,11,0.0,,7.0
7/17/2024,1009.3,32.5,27.3,29.9,82.0,92.0,74.0,VRB,2,SE,8,0.05,,7.0
7/18/2024,1009.3,32.1,26.3,29.3,85.0,95.0,75.0,VRB,2,S,10,0.05,,7.0
7/19/2024,1008.6,32.8,26.3,29.1,84.0,97.0,72.0,VRB,1,S,8,0.0,,7.0
7/20/2024,1008.9,32.8,25.8,28.6,87.0,96.0,72.0,VRB,2,WSW,22,3.3,,7.0
7/21/2024,1009.8,32.5,28.4,29.7,80.0,97.0,73.0,VRB,3,SE,11,0.0,,5.0
7/22/2024,1010.9,31.9,28.3,30.0,80.0,85.0,75.0,ESE,4,ESE,11,0.1,,7.0
7/23/2024,1010.8,32.9,27.3,30.1,80.0,86.0,73.0,E,5,E,13,2.1,,7.0
7/24/2024,1009.3,32.2,28.5,29.9,81.0,93.0,73.0,E,4,E,14,0.0,,7.0
7/25/2024,1008.6,32.5,25.0,29.4,82.0,98.0,73.0,ESE,5,W,28,14.2,,6.0
7/26/2024,1009.3,31.3,26.4,28.2,86.0,97.0,79.0,SW,3,W,20,2.2,,7.0
7/27/2024,1009.7,32.5,26.8,29.3,83.0,94.0,74.0,VRB,2,S,9,0.0,,7.0
7/28/2024,1008.9,31.8,26.6,28.5,86.0,96.0,75.0,VRB,4,W,24,9.2,,7.0
7/29/2024,1008.1,30.9,26.7,29.0,82.0,87.0,77.0,SSW,5,SSW,13,0.0,,7.0
7/30/2024,1009.8,32.6,27.2,29.5,82.0,89.0,73.0,SSW,5,S,17,0.0,,7.0
7/31/2024,1010.7,32.3,27.9,29.8,80.0,88.0,72.0,SE,4,SSE,11,0.0,,7.0
8/1/2024,1010.8,32.1,28.6,29.8,81.0,87.0,76.0,SE,4,SE,10,0.0,,7.0
8/2/2024,1010.4,32.2,28.4,29.8,81.0,85.0,76.0,SE,4,SSE,12,0.0,,7.0
8/3/2024,1010.9,32.6,27.8,29.8,78.0,83.0,72.0,VRB,2,ESE,8,0.0,,7.0
8/4/2024,1011.4,32.2,23.5,28.7,81.0,100.0,70.0,VRB,5,WNW,42,21.9,,7.0
8/5/2024,1010.7,30.8,24.7,27.2,83.0,97.0,71.0,VRB,2,WNW,20,0.05,,7.0
8/6/2024,1009.8,32.3,25.4,28.6,84.0,97.0,72.0,VRB,1,S,11,1.9,,7.0
8/7/2024,1010.3,32.9,26.0,29.0,83.0,98.0,71.0,W,5,W,23,8.8,,7.0
8/8/2024,1011.5,30.8,24.5,27.5,86.0,98.0,75.0,VRB,2,W,15,0.05,,7.0
8/9/2024,1011.7,32.2,26.9,28.9,81.0,98.0,72.0,VRB,2,WSW,8,0.0,,6.0
8/10/2024,1010.9,32.1,27.3,29.6,78.0,89.0,71.0,W,4,W,22,0.05,,7.0
8/11/2024,1009.3,32.1,24.3,28.2,85.0,100.0,74.0,W,8,WSW,34,27.5,,7.0
8/12/2024,1008.7,31.1,24.0,27.9,86.0,98.0,77.0,W,12,W,33,46.4,,7.0
8/13/2024,1009.3,29.8,24.3,27.3,86.0,98.0,75.0,W,10,W,33,33.8,,8.0
8/14/2024,1008.8,31.2,24.8,28.0,84.0,94.0,71.0,W,10,W,38,20.3,,7.0
8/15/2024,1008.5,30.5,24.4,27.8,85.0,92.0,78.0,W,12,W,37,14.4,,8.0
8/16/2024,1008.1,31.4,25.2,28.4,84.0,90.0,76.0,W,11,W,33,9.7,,7.0
8/17/2024,1008.6,31.1,26.0,28.7,84.0,92.0,75.0,W,8,WNW,35,1.6,,7.0
8/18/2024,1009.3,31.6,24.8,28.0,87.0,96.0,76.0,W,8,WNW,28,34.8,,7.0
8/19/2024,1008.9,30.1,25.2,28.0,87.0,94.0,82.0,W,8,NW,25,1.1,,7.0
8/20/2024,1009.8,30.0,24.7,27.2,88.0,95.0,81.0,W,9,W,33,15.0,,8.0
8/21/2024,1010.4,32.0,27.0,29.1,82.0,93.0,75.0,VRB,3,WNW,11,0.0,,7.0
8/22/2024,1011.2,31.8,26.4,29.1,82.0,89.0,76.0,NW,5,NW,13,0.0,,7.0
8/23/2024,1012.3,31.7,24.8,28.8,81.0,94.0,74.0,VRB,2,E,9,0.0,,7.0
8/24/2024,1012.7,32.1,26.4,28.5,83.0,96.0,72.0,VRB,2,WSW,8,0.0,,4.0
8/25/2024,1012.8,32.1,27.4,29.3,80.0,89.0,72.0,VRB,3,W,9,0.05,,7.0
8/26/2024,1011.7,32.2,26.4,29.1,80.0,92.0,71.0,VRB,3,SW,8,0.0,,3.0
8/27/2024,1011.9,31.4,27.6,29.1,80.0,91.0,75.0,SSE,4,S,10,0.0,,4.0
8/28/2024,1011.9,31.6,25.9,29.0,81.0,92.0,72.0,VRB,3,S,10,0.0,,4.0
8/29/2024,1011.1,31.8,28.4,29.4,79.0,86.0,72.0,SSE,5,S,13,0.0,,6.0
8/30/2024,1010.6,32.1,28.3,29.6,81.0,84.0,76.0,SSE,7,SSE,15,0.0,,7.0
8/31/2024,1010.3,31.9,26.5,29.1,83.0,95.0,73.0,SSE,3,SSE,10,0.0,,7.0
9/1/2024,1010.8,32.3,25.6,28.4,86.0,98.0,73.0,VRB,1,SW,7,1.3,,7.0
9/2/2024,1011.1,32.2,26.6,29.2,83.0,98.0,73.0,S,4,S,11,0.05,,7.0
9/3/2024,1012.1,31.5,24.7,28.2,85.0,100.0,76.0,W,5,W,22,51.2,,7.0
9/4/2024,1011.5,32.3,26.2,29.2,80.0,90.0,73.0,W,5,W,34,0.2,,7.0
9/5/2024,1010.9,32.6,23.9,28.3,85.0,97.0,76.0,W,4,NW,26,21.6,,7.0
9/6/2024,1011.2,32.0,28.0,29.1,82.0,98.0,76.0,WNW,3,WNW,12,0.0,,7.0
9/7/2024,1012.4,33.0,27.5,29.8,77.0,82.0,72.0,SW,4,SW,10,0.0,,7.0
9/8/2024,1012.2,32.2,25.6,28.9,81.0,95.0,70.0,VRB,2,SSW,8,0.0,,6.0
9/9/2024,1010.8,31.9,27.5,29.4,78.0,87.0,72.0,S,4,SW,10,0.0,,6.0
9/10/2024,1010.5,32.2,28.0,29.4,81.0,91.0,73.0,S,5,SSW,13,3.9,,5.0
9/11/2024,1011.3,31.3,25.2,28.5,83.0,95.0,77.0,VRB,3,SW,18,0.05,,7.0
9/12/2024,1011.6,32.8,26.1,28.9,83.0,98.0,72.0,VRB,1,NW,7,0.0,,6.0
9/13/2024,1011.1,32.5,25.9,28.8,84.0,97.0,72.0,VRB,1,SE,7,0.0,,6.0
9/14/2024,1011.0,33.0,26.6,28.8,84.0,96.0,70.0,VRB,2,SW,11,0.2,,6.0
9/15/2024,1011.2,32.7,25.5,29.2,84.0,96.0,74.0,VRB,2,SW,19,1.4,,7.0
9/16/2024,1011.4,33.3,28.0,29.8,80.0,89.0,72.0,WSW,4,WSW,11,0.6,,7.0
9/17/2024,1010.9,33.4,26.1,30.0,81.0,87.0,71.0,W,4,WNW,19,2.8,,7.0
9/18/2024,1010.6,30.2,24.0,26.8,90.0,98.0,83.0,SW,7,W,32,38.5,,7.0
9/19/2024,1010.2,31.7,25.4,28.7,84.0,92.0,73.0,SW,6,W,27,16.3,,7.0
9/20/2024,1010.0,31.2,25.2,28.2,85.0,95.0,78.0,S,7,WSW,23,5.5,,7.0
9/21/2024,1010.2,32.2,25.2,28.4,85.0,96.0,72.0,SSW,7,SW,24,11.2,,7.0
9/22/2024,1010.5,31.0,25.0,27.6,86.0,96.0,79.0,SW,6,SW,27,3.6,,7.0
9/23/2024,1010.1,32.0,26.3,29.4,82.0,90.0,74.0,SW,5,SW,13,0.4,,7.0
9/24/2024,1009.8,32.8,25.3,29.4,81.0,96.0,72.0,W,7,W,34,7.2,,7.0
9/25/2024,1009.6,32.3,24.0,28.0,85.0,96.0,76.0,W,10,SW,30,36.5,,7.0
9/26/2024,1010.2,29.8,25.5,27.5,86.0,93.0,75.0,W,8,W,26,0.9,,7.0
9/27/2024,1009.8,31.8,26.5,28.5,85.0,92.0,77.0,W,7,WSW,28,5.0,,7.0
9/28/2024,1010.0,31.3,26.8,29.0,84.0,91.0,77.0,WNW,6,WNW,21,0.05,,7.0
9/29/2024,1010.2,31.8,24.1,28.7,84.0,98.0,76.0,NW,5,NNE,17,5.8,,7.0
9/30/2024,1009.6,31.2,27.6,28.5,85.0,93.0,77.0,WNW,6,WNW,17,0.1,,7.0
10/1/2024,1009.2,33.0,27.0,29.4,83.0,91.0,74.0,WSW,4,W,15,1.9,,5.0
10/2/2024,1010.3,33.0,25.6,29.5,80.0,95.0,72.0,SW,3,WSW,12,0.0,,7.0
10/3/2024,1010.7,33.0,25.3,29.3,81.0,96.0,71.0,VRB,2,WSW,6,0.0,,7.0
10/4/2024,1010.7,32.5,25.3,29.2,80.0,94.0,72.0,VRB,3,SSW,22,7.5,,6.0
10/5/2024,1011.0,31.2,24.4,27.5,86.0,95.0,75.0,W,8,SSW,26,16.7,,7.0
10/6/2024,1011.5,29.9,24.0,26.3,91.0,98.0,79.0,WSW,10,WSW,33,56.2,,8.0
10/7/2024,1011.5,30.2,25.8,28.0,94.0,76.0,84.0,WSW,11,W,25,1.9,,7.0
10/8/2024,1011.8,29.9,24.4,27.0,89.0,99.0,76.0,WSW,11,W,31,59.9,,7.0
10/9/2024,1010.6,29.3,25.4,27.7,86.0,96.0,79.0,W,12,W,37,7.7,,7.0
10/10/2024,1009.8,31.1,28.2,29.2,80.0,82.0,76.0,SW,10,WSW,24,0.05,,7.0
10/11/2024,1010.5,30.5,24.5,28.2,82.0,92.0,76.0,W,10,W,41,16.3,,7.0
10/12/2024,1010.4,32.0,25.1,28.9,82.0,91.0,76.0,SW,8,SW,24,5.1,,7.0
10/13/2024,1010.5,31.0,24.9,28.5,83.0,94.0,76.0,WSW,8,WSW,25,6.2,,7.0
10/14/2024,1010.5,31.9,25.1,28.7,84.0,93.0,74.0,SW,6,WNW,21,10.9,,7.0
10/15/2024,1010.5,31.7,27.0,28.5,85.0,96.0,76.0,WSW,6,WSW,21,0.8,,7.0
10/16/2024,1010.4,32.5,28.0,29.5,82.0,87.0,76.0,W,6,W,15,0.0,,4.0
10/17/2024,1010.1,32.4,27.8,29.4,79.0,85.0,73.0,W,6,WSW,14,0.0,,4.0
10/18/2024,1010.1,31.8,27.8,29.3,79.0,84.0,73.0,WSW,6,WSW,13,0.05,,2.0
10/19/2024,1011.0,32.6,27.6,29.4,78.0,83.0,72.0,W,4,W,10,0.0,,2.0
10/20/2024,1011.6,32.8,27.5,29.5,78.0,82.0,72.0,W,4,WSW,10,0.0,,2.0
10/21/2024,1010.9,32.5,27.1,29.3,78.0,85.0,70.0,W,3,W,9,0.0,,3.0
10/22/2024,1011.6,32.7,27.6,29.3,79.0,85.0,70.0,WSW,3,SW,12,0.0,,4.0
10/23/2024,1011.7,31.8,27.5,29.3,77.0,84.0,70.0,SW,6,SW,13,0.0,,5.0
10/24/2024,1011.2,32.5,27.6,29.4,78.0,85.0,71.0,S,9,S,16,0.0,,6.0
10/25/2024,1011.4,32.4,25.9,29.1,76.0,84.0,69.0,SSW,7,S,17,0.0,,6.0
10/26/2024,1011.5,31.9,27.2,29.0,77.0,90.0,69.0,WSW,5,WSW,11,0.0,,3.0
10/27/2024,1010.6,32.9,27.5,29.3,76.0,81.0,69.0,WSW,5,WSW,13,0.0,,3.0
10/28/2024,1010.5,32.1,27.9,29.2,77.0,81.0,69.0,WSW,6,W,15,0.0,,4.0
10/29/2024,1010.7,32.5,27.8,29.5,75.0,80.0,68.0,W,6,W,15,0.0,,5.0
10/30/2024,1011.0,33.1,26.7,29.6,76.0,82.0,68.0,WSW,4,WSW,10,0.0,,3.0
10/31/2024,1011.4,31.5,24.6,28.4,81.0,94.0,72.0,S,3,S,10,0.0,,2.0
11/1/2024,1012.1,31.5,24.0,27.7,81.0,92.0,71.0,VRB,2,SSE,9,0.0,,2.0
11/2/2024,1011.9,32.1,27.1,28.7,77.0,94.0,70.0,VRB,2,S,8,0.0,,2.0
11/3/2024,1011.8,32.0,27.6,29.2,75.0,82.0,70.0,SSW,6,SSW,14,0.0,,5.0
11/4/2024,1010.8,32.1,27.9,29.5,74.0,80.0,66.0,WSW,6,SW,14,0.0,,6.0
11/5/2024,1011.1,33.0,23.3,29.3,79.0,95.0,66.0,W,3,W,22,5.7,,3.0
11/6/2024,1011.3,32.9,27.8,29.3,80.0,95.0,73.0,W,4,WSW,16,1.6,,3.0
11/7/2024,1011.5,32.7,24.3,28.9,82.0,95.0,70.0,W,4,WSW,22,29.8,,5.0
11/8/2024,1010.9,32.0,28.1,29.2,80.0,88.0,72.0,W,6,W,14,0.0,,5.0
11/9/2024,1010.8,32.0,26.8,29.2,78.0,87.0,71.0,WSW,6,W,17,0.0,,7.0
11/10/2024,1010.6,31.8,25.0,27.2,89.0,98.0,71.0,W,4,WSW,24,39.9,,7.0
11/11/2024,1010.4,30.8,25.1,27.5,89.0,99.0,76.0,VRB,2,WSW,19,4.6,,7.0
11/12/2024,1009.6,31.2,26.4,28.0,84.0,95.0,76.0,W,6,WSW,27,0.05,,7.0
11/13/2024,1008.6,33.1,27.4,29.5,79.0,88.0,71.0,W,3,WSW,10,0.0,,7.0
11/14/2024,1009.7,32.9,27.6,29.7,79.0,85.0,70.0,W,3,W,9,0.0,,6.0
11/15/2024,1009.5,32.2,26.2,29.1,84.0,97.0,74.0,WNW,3,NW,12,6.5,,5.0
11/16/2024,1009.0,32.6,26.0,28.8,80.0,91.0,72.0,VRB,1,N,6,0.0,,5.0
11/17/2024,1008.6,32.3,24.7,28.2,85.0,99.0,72.0,W,4,W,21,33.4,,5.0
11/18/2024,1010.1,30.1,25.0,27.0,87.0,96.0,80.0,WSW,7,WSW,21,8.0,,7.0
11/19/2024,1010.3,30.6,25.6,27.8,87.0,95.0,80.0,W,6,W,21,17.7,,7.0
11/20/2024,1010.3,31.6,25.0,27.9,87.0,96.0,76.0,W,5,W,17,19.7,,7.0
11/21/2024,1010.1,32.1,26.0,28.5,85.0,95.0,73.0,W,6,S,20,1.9,,7.0
11/22/2024,1010.2,30.1,25.5,27.6,87.0,95.0,81.0,W,7,WSW,21,6.6,,7.0
11/23/2024,1010.8,32.0,25.2,28.7,84.0,95.0,76.0,W,4,W,20,11.1,,7.0
11/24/2024,1010.7,30.3,25.8,27.5,88.0,95.0,80.0,VRB,2,W,12,0.05,,7.0
11/25/2024,1010.0,31.2,25.2,27.9,87.0,96.0,77.0,SW,4,SW,19,17.3,,7.0
11/26/2024,1009.3,31.0,25.0,28.1,86.0,96.0,77.0,W,8,W,27,13.0,,7.0
11/27/2024,1008.5,32.1,26.2,28.4,87.0,95.0,74.0,W,8,W,26,6.3,,7.0
11/28/2024,1008.5,31.6,24.9,27.8,87.0,97.0,78.0,W,12,WSW,33,28.9,,7.0
11/29/2024,1009.3,31.1,26.5,28.5,85.0,96.0,79.0,W,9,WSW,23,1.2,,7.0
11/30/2024,1009.2,31.9,27.9,29.3,82.0,90.0,74.0,W,10,WSW,23,0.0,,7.0
12/1/2024,1008.2,31.8,27.6,29.3,79.0,85.0,71.0,W,9,W,18,0.05,,7.0
12/2/2024,1008.9,31.5,27.8,29.0,80.0,87.0,74.0,W,10,W,27,0.3,,7.0
12/3/2024,1009.6,32.3,26.5,28.9,82.0,89.0,73.0,W,7,W,21,1.9,,7.0
12/4/2024,1010.1,32.3,26.5,29.2,80.0,91.0,72.0,W,4,NW,18,0.05,,6.0
12/5/2024,1010.4,32.1,27.3,29.0,79.0,88.0,73.0,WNW,4,WNW,11,0.0,,5.0
12/6/2024,1010.3,31.8,27.4,28.8,78.0,83.0,74.0,NW,4,NW,10,0.0,,7.0
12/7/2024,1010.7,31.7,27.0,28.8,76.0,81.0,70.0,WNW,4,NW,10,0.0,,7.0
12/8/2024,1010.6,32.0,27.0,29.0,77.0,84.0,71.0,W,3,W,10,0.0,,2.0
12/9/2024,1010.5,32.3,27.2,29.1,78.0,85.0,71.0,W,4,W,11,0.0,,5.0
12/10/2024,1010.1,32.4,26.7,29.0,79.0,87.0,71.0,W,5,WSW,13,0.8,,6.0
12/11/2024,1009.8,32.6,26.9,28.9,81.0,89.0,73.0,W,4,W,12,0.0,,4.0
12/12/2024,1009.2,32.8,27.2,29.1,81.0,89.0,71.0,SW,5,SW,12,0.0,,4.0
12/13/2024,1009.6,31.6,27.5,29.0,81.0,86.0,73.0,WSW,9,SW,17,0.0,,3.0
12/14/2024,1010.2,32.1,27.7,29.1,80.0,85.0,73.0,WSW,8,WSW,18,0.0,,3.0
12/15/2024,1010.9,32.8,25.5,28.9,83.0,94.0,74.0,W,5,W,25,23.8,,5.0
12/16/2024,1010.7,30.2,25.4,27.6,89.0,97.0,85.0,SW,5,SW,19,34.5,,7.0
12/17/2024,1010.4,31.8,27.1,29.0,82.0,88.0,73.0,SW,9,SW,19,0.05,,7.0
12/18/2024,1009.6,31.6,25.5,28.6,84.0,95.0,76.0,SW,9,WSW,22,9.0,,7.0
12/19/2024,1010.0,31.6,28.2,29.3,81.0,85.0,75.0,WSW,11,WSW,23,0.05,,6.0
12/20/2024,1010.6,31.2,24.6,28.3,85.0,97.0,74.0,WSW,13,WSW,30,21.5,,6.0
12/21/2024,1011.4,31.1,25.5,28.3,83.0,92.0,76.0,WSW,10,WSW,28,12.2,,7.0
12/22/2024,1011.0,32.1,25.8,28.6,84.0,94.0,75.0,W,6,W,24,2.6,,7.0
12/23/2024,1011.0,31.8,27.6,28.9,81.0,87.0,74.0,NW,5,W,17,0.05,,6.0
12/24/2024,1011.0,32.3,25.2,29.4,78.0,84.0,72.0,WNW,4,W,14,1.3,,7.0
12/25/2024,1012.1,29.8,25.6,27.7,84.0,96.0,76.0,W,7,W,25,0.4,,7.0
12/26/2024,1012.7,31.2,26.6,28.7,80.0,88.0,73.0,NW,5,NW,16,0.0,,7.0
12/27/2024,1013.0,31.2,25.0,28.2,80.0,88.0,73.0,NW,4,NE,11,0.0,,5.0
12/28/2024,1012.8,31.1,23.0,27.3,82.0,96.0,70.0,VRB,2,NW,8,0.0,,2.0
12/29/2024,1012.7,31.7,24.8,27.9,76.0,95.0,67.0,VRB,1,SSW,7,0.0,,2.0
12/30/2024,1012.2,32.1,26.4,28.8,79.0,92.0,68.0,WSW,4,WSW,11,0.05,,3.0
12/31/2024,1011.3,32.2,26.2,28.9,79.0,93.0,71.0,WSW,5,WSW,14,3.3,,4.0
1/1/2025,1009.9,30.2,24.6,26.9,89.0,98.0,80.0,WSW,9,WSW,24,61.0,,7.0
1/2/2025,1009.8,30.2,24.0,26.9,90.0,100.0,79.0,W,6,W,21,95.5,,7.0
1/3/2025,1010.1,30.2,25.6,27.2,89.0,100.0,81.0,NW,6,WNW,22,14.3,,7.0
1/4/2025,1010.7,30.9,26.2,28.1,85.0,92.0,78.0,VRB,2,NW,8,0.0,,7.0
1/5/2025,1011.0,31.3,25.1,28.2,84.0,98.0,73.0,VRB,2,WNW,11,0.0,,6.0
1/6/2025,1010.9,30.9,24.8,27.1,90.0,98.0,78.0,VRB,2,NE,8,1.8,,3.0
1/7/2025,1010.5,31.0,25.6,28.1,84.0,98.0,72.0,VRB,3,N,11,0.0,,4.0
1/8/2025,1010.2,30.2,27.0,28.2,82.0,91.0,77.0,NE,6,NNE,14,0.0,,5.0
1/9/2025,1010.7,31.3,24.7,28.5,83.0,97.0,73.0,E,5,SSE,20,17.9,,4.0
1/10/2025,1011.8,31.2,24.7,27.5,88.0,98.0,77.0,SE,5,SW,26,12.5,,6.0
1/11/2025,1012.4,28.8,24.6,26.6,89.0,95.0,81.0,VRB,4,SW,22,0.6,,7.0
1/12/2025,1011.4,30.9,24.5,27.6,85.0,97.0,75.0,VRB,2,NNE,10,0.0,,6.0
1/13/2025,1010.6,31.1,23.0,27.6,83.0,98.0,72.0,VRB,4,NNW,20,28.6,,7.0
1/14/2025,1011.4,29.2,25.6,27.0,84.0,92.0,75.0,N,8,W,25,0.05,,7.0
1/15/2025,1011.2,30.8,26.2,28.0,83.0,92.0,75.0,N,6,N,19,0.0,,6.0
1/16/2025,1010.6,31.3,25.1,28.4,82.0,94.0,75.0,NE,7,NE,27,3.4,,6.0
1/17/2025,1009.4,30.2,25.9,28.2,83.0,91.0,78.0,NE,7,ENE,21,2.1,,7.0
1/18/2025,1009.6,30.8,25.4,27.4,87.0,98.0,75.0,VRB,3,ESE,17,0.05,,7.0
1/19/2025,1010.0,30.6,26.0,28.0,84.0,93.0,76.0,N,5,N,18,0.05,,7.0
1/20/2025,1009.7,31.0,27.0,28.5,83.0,88.0,78.0,N,5,N,12,0.0,,7.0
1/21/2025,1009.4,31.2,24.8,28.3,83.0,93.0,73.0,NNE,5,N,18,4.2,,7.0
1/22/2025,1009.7,31.9,24.7,27.5,87.0,98.0,75.0,VRB,4,NW,18,9.3,,7.0
1/23/2025,1009.3,29.9,25.2,27.2,84.0,91.0,78.0,VRB,3,W,17,0.05,,7.0
1/24/2025,1008.4,31.1,24.9,27.7,85.0,96.0,75.0,VRB,2,WSW,6,0.0,,6.0
1/25/2025,1009.0,31.9,25.4,27.9,83.0,96.0,72.0,VRB,1,NE,8,0.0,,5.0
1/26/2025,1008.7,31.0,24.5,27.5,86.0,98.0,77.0,NE,4,SSW,21,6.6,,7.0
1/27/2025,1008.9,30.2,23.3,25.8,92.0,99.0,80.0,W,5,W,28,102.9,,8.0
1/28/2025,1009.6,31.7,26.1,28.0,81.0,90.0,70.0,W,4,NW,13,0.0,,7.0
1/29/2025,1010.3,31.3,25.5,28.5,79.0,86.0,70.0,NNE,5,NNE,15,0.0,,7.0
1/30/2025,1009.8,31.2,27.4,28.8,80.0,90.0,72.0,NNE,5,NNE,12,0.0,,7.0
1/31/2025,1009.8,32.2,27.6,29.0,82.0,87.0,76.0,WNW,5,NW,13,0.0,,7.0
2/1/2025,1010.3,31.1,25.9,28.9,81.0,88.0,76.0,NNW,5,NNW,14,0.0,,7.0
2/2/2025,1010.6,31.7,25.0,28.1,84.0,97.0,73.0,VRB,3,NNE,12,0.0,,4.0
2/3/2025,1011.3,31.1,25.9,28.0,82.0,98.0,74.0,NNE,4,NE,11,0.0,,2.0
2/4/2025,1011.2,31.3,25.3,28.2,77.0,88.0,69.0,NNE,5,NNE,14,0.0,,3.0
2/5/2025,1010.2,31.2,26.4,28.2,74.0,85.0,65.0,N,5,N,15,0.0,,2.0
2/6/2025,1009.7,31.4,26.2,28.2,76.0,85.0,69.0,NNE,4,NNE,13,0.0,,3.0
2/7/2025,1010.5,31.2,25.5,28.4,82.0,92.0,74.0,VRB,3,ENE,16,0.5,,6.0
2/8/2025,1010.1,31.2,27.2,28.6,81.0,92.0,75.0,NNE,8,NNE,16,0.1,,7.0
2/9/2025,1010.2,31.4,26.5,28.8,81.0,89.0,75.0,NE,8,NE,17,0.05,,7.0
2/10/2025,1011.5,31.2,25.6,28.5,80.0,87.0,73.0,NNE,6,NNE,20,3.2,,7.0
2/11/2025,1011.2,31.3,27.4,28.8,81.0,89.0,70.0,NE,7,NNE,15,0.0,,7.0
2/12/2025,1011.5,31.6,27.0,28.9,81.0,85.0,76.0,NE,7,NE,12,0.0,,5.0
2/13/2025,1011.8,31.9,25.7,28.7,83.0,94.0,77.0,NE,4,NE,11,0.0,,7.0
2/14/2025,1011.5,32.0,24.4,28.3,82.0,94.0,75.0,NNE,4,NE,12,0.0,,5.0
2/15/2025,1010.8,31.1,23.8,27.3,81.0,91.0,67.0,N,4,NNW,13,0.0,,4.0
2/16/2025,1011.0,31.8,26.3,28.3,82.0,99.0,67.0,N,5,NNE,14,0.05,,6.0
2/17/2025,1012.0,31.5,27.4,28.8,80.0,98.0,68.0,NE,5,ENE,16,0.0,,7.0
2/18/2025,1011.7,31.4,25.0,28.8,81.0,97.0,73.0,NE,6,NE,17,5.0,,7.0
2/19/2025,1010.7,32.1,24.1,28.6,83.0,99.0,73.0,ENE,4,N,18,40.4,,6.0
2/20/2025,1012.0,30.3,24.2,25.6,95.0,99.0,82.0,VRB,3,NW,14,8.7,,6.0
2/21/2025,1012.6,31.2,25.2,27.6,87.0,98.0,73.0,VRB,2,N,15,0.05,,4.0
2/22/2025,1013.0,31.9,26.4,28.8,80.0,97.0,71.0,N,4,NNE,13,0.05,,4.0
2/23/2025,1012.3,31.9,27.1,28.8,76.0,83.0,70.0,NNE,6,NNE,15,0.0,,4.0
2/24/2025,1012.2,31.9,25.0,29.1,74.0,84.0,68.0,NE,6,ENE,16,3.2,,3.0
2/25/2025,1012.9,31.9,23.5,27.1,85.0,100.0,68.0,NNE,4,NE,22,45.4,,6.0
2/26/2025,1012.2,30.6,25.4,27.7,85.0,98.0,74.0,VRB,3,NW,12,0.8,,6.0
2/27/2025,1011.1,31.8,24.8,27.3,89.0,98.0,73.0,VRB,2,NW,17,17.9,,7.0
2/28/2025,1010.9,29.9,24.8,26.8,88.0,96.0,78.0,WNW,7,W,25,12.8,,7.0
3/1/2025,1010.1,31.2,24.2,27.6,84.0,97.0,73.0,WNW,9,SSW,27,34.1,,7.0
3/2/2025,1009.5,29.9,26.8,27.7,84.0,96.0,79.0,W,10,WSW,31,0.05,,7.0
3/3/2025,1009.9,31.0,26.1,28.1,82.0,92.0,72.0,VRB,3,NNW,13,0.0,,7.0
3/4/2025,1010.4,32.2,25.9,28.6,82.0,92.0,71.0,VRB,1,SW,7,0.0,,6.0
3/5/2025,1011.0,32.2,26.3,29.0,78.0,92.0,68.0,VRB,2,SSE,7,0.0,,6.0
3/6/2025,1011.4,31.9,25.6,28.7,81.0,92.0,72.0,VRB,2,NW,9,0.0,,4.0
3/7/2025,1010.3,31.8,25.8,28.5,80.0,89.0,70.0,VRB,2,SSE,9,0.0,,5.0
3/8/2025,1009.3,31.7,27.4,29.0,77.0,82.0,71.0,WNW,5,NNW,12,0.0,,5.0
3/9/2025,1009.0,31.6,27.9,29.2,76.0,85.0,68.0,NW,5,NNW,13,0.0,,3.0
3/10/2025,1009.4,32.2,25.8,29.5,77.0,89.0,66.0,N,5,N,15,4.0,,3.0
3/11/2025,1009.8,32.2,24.8,28.8,83.0,96.0,73.0,VRB,2,E,12,6.4,,6.0
3/12/2025,1009.6,31.2,24.9,28.3,85.0,98.0,77.0,VRB,3,NE,11,0.0,,5.0
3/13/2025,1009.7,31.9,27.9,29.0,80.0,98.0,73.0,VRB,2,ESE,8,0.0,,2.0
3/14/2025,1010.3,32.0,26.6,29.4,77.0,87.0,70.0,VRB,3,E,9,0.0,,3.0
3/15/2025,1010.7,32.1,25.7,29.6,78.0,86.0,70.0,E,3,E,10,0.0,,3.0
3/16/2025,1011.0,32.0,25.8,29.1,79.0,95.0,69.0,NE,3,NE,10,0.0,,2.0
3/17/2025,1011.2,32.2,25.7,28.7,80.0,92.0,69.0,VRB,3,NNE,11,0.0,,2.0
3/18/2025,1011.7,32.8,26.5,29.5,78.0,93.0,70.0,VRB,2,W,7,0.0,,4.0
3/19/2025,1011.8,31.9,28.4,29.6,75.0,85.0,68.0,VRB,2,SSE,7,0.05,,3.0
3/20/2025,1012.9,32.2,25.7,29.4,78.0,94.0,71.0,E,3,E,12,2.0,,3.0
3/21/2025,1013.0,32.0,26.2,28.8,83.0,94.0,71.0,CALM,2,NNW,10,0.05,,5.0
3/22/2025,1012.5,32.0,26.5,28.8,82.0,91.0,70.0,VRB,2,NNW,10,0.0,,3.0
3/23/2025,1011.4,32.2,28.5,30.0,78.0,90.0,73.0,NE,5,NE,14,0.0,,6.0
3/24/2025,1010.9,32.7,26.2,29.9,78.0,94.0,69.0,ENE,4,E,14,0.0,,3.0
3/25/2025,1009.7,32.1,24.6,29.1,81.0,94.0,73.0,VRB,2,SSE,19,3.3,,5.0
3/26/2025,1009.6,32.8,27.2,29.0,81.0,86.0,72.0,VRB,3,E,13,0.0,,7.0
3/27/2025,1009.1,33.1,26.4,29.3,81.0,96.0,70.0,VRB,2,SSW,18,3.4,,7.0
3/28/2025,1008.9,33.2,25.5,29.7,82.0,98.0,70.0,W,3,SW,15,13.3,,6.0
3/29/2025,1008.9,33.2,28.0,30.1,80.0,87.0,72.0,W,4,W,15,5.3,,5.0
3/30/2025,1009.4,33.5,28.8,30.4,78.0,85.0,72.0,W,4,WSW,13,0.0,,6.0
3/31/2025,1009.2,33.2,27.9,29.9,79.0,89.0,71.0,WSW,3,WSW,12,0.05,,7.0
4/1/2025,1008.5,33.0,25.6,29.1,81.0,94.0,71.0,VRB,2,WNW,8,0.0,,7.0
4/2/2025,1009.2,32.1,26.3,29.3,80.0,93.0,73.0,VRB,3,SE,13,0.05,,5.0
4/3/2025,1010.9,31.8,25.9,27.9,84.0,94.0,71.0,VRB,3,SSE,13,0.3,,7.0
4/4/2025,1011.7,29.6,25.6,27.2,87.0,92.0,79.0,VRB,3,ENE,18,0.05,,7.0
4/5/2025,1011.0,31.8,26.2,29.0,78.0,95.0,68.0,VRB,3,ESE,10,0.0,,3.0
4/6/2025,1010.3,32.8,28.2,29.6,78.0,91.0,68.0,SW,3,S,9,0.0,,2.0
4/7/2025,1010.3,33.8,27.1,30.2,77.0,85.0,68.0,WSW,4,SSW,13,0.9,,5.0
4/8/2025,1011.2,32.9,24.4,27.6,90.0,100.0,74.0,SW,6,SSW,21,159.5,,7.0
4/9/2025,1011.8,28.2,24.0,27.3,86.0,98.0,76.0,SW,9,SW,25,35.2,,7.0
4/10/2025,1010.2,32.1,28.1,29.1,80.0,85.0,74.0,WSW,5,W,15,0.05,,7.0
4/11/2025,1010.1,32.8,28.0,29.9,77.0,83.0,70.0,SSW,7,SW,16,0.0,,3.0
4/12/2025,1010.3,32.4,26.6,29.4,79.0,91.0,71.0,SSW,5,SW,14,0.0,,2.0
4/13/2025,1010.6,32.9,28.5,30.0,76.0,82.0,70.0,WSW,5,WSW,12,0.0,,2.0
4/14/2025,1010.4,32.9,27.9,30.1,78.0,83.0,71.0,WSW,8,WSW,17,1.8,,3.0
4/15/2025,1010.3,33.1,27.6,30.1,78.0,85.0,72.0,W,6,W,18,0.4,,3.0
4/16/2025,1010.2,33.3,28.6,30.4,78.0,84.0,71.0,W,5,W,13,0.0,,5.0
4/17/2025,1010.0,33.4,28.4,30.3,75.0,83.0,68.0,W,5,W,11,0.0,,2.0
4/18/2025,1009.8,33.6,28.8,30.4,75.0,81.0,67.0,WSW,5,WSW,11,0.0,,2.0
4/19/2025,1009.5,33.0,27.5,30.1,77.0,85.0,69.0,WSW,5,WSW,11,0.0,,3.0
4/20/2025,1009.7,33.3,27.9,30.2,76.0,82.0,68.0,SW,4,SW,9,0.05,,2.0
4/21/2025,1010.9,33.7,27.6,30.3,76.0,83.0,67.0,SW,3,WSW,11,0.05,,2.0
4/22/2025,1011.6,33.2,28.4,30.2,76.0,85.0,68.0,SSW,5,SSW,12,0.0,,3.0
4/23/2025,1010.8,33.5,28.3,30.1,74.0,83.0,68.0,SW,4,SW,11,0.0,,2.0
4/24/2025,1009.9,33.0,28.6,30.1,74.0,79.0,67.0,SW,5,SW,10,0.0,,2.0
4/25/2025,1009.5,33.1,26.3,30.2,76.0,90.0,67.0,WSW,5,WSW,23,1.9,,3.0
4/26/2025,1009.7,32.8,24.6,28.6,83.0,99.0,70.0,WSW,6,W,24,63.6,,6.0
4/27/2025,1009.7,33.4,26.0,29.5,81.0,91.0,72.0,W,7,WSW,26,0.8,,5.0
4/28/2025,1008.7,32.9,27.8,29.8,79.0,86.0,70.0,W,5,W,14,0.0,,7.0
4/29/2025,1008.5,32.8,27.0,29.6,81.0,92.0,71.0,VRB,3,WSW,16,1.7,,5.0
4/30/2025,1009.2,32.6,25.2,29.3,83.0,97.0,68.0,VRB,3,SSW,15,14.7,,6.0
5/1/2025,1009.9,32.2,27.6,29.4,81.0,90.0,75.0,VRB,4,S,14,0.05,,6.0
5/2/2025,1010.2,32.5,27.5,30.0,77.0,82.0,71.0,SSE,5,S,12,0.0,,5.0
5/3/2025,1009.6,32.9,26.8,29.5,82.0,95.0,72.0,VRB,2,SSE,12,1.0,,5.0
5/4/2025,1008.9,32.0,27.9,29.7,81.0,96.0,75.0,VRB,2,WNW,14,0.5,,4.0
5/5/2025,1009.4,33.9,28.4,30.8,76.0,84.0,68.0,W,5,WSW,19,0.05,,6.0
5/6/2025,1010.3,32.2,24.5,29.1,81.0,96.0,71.0,WSW,12,SW,34,19.5,,7.0
5/7/2025,1010.5,32.8,24.8,27.9,85.0,98.0,71.0,W,8,W,28,45.3,,7.0
5/8/2025,1009.7,32.0,26.4,29.2,80.0,88.0,73.0,W,7,WSW,25,4.8,,6.0
5/9/2025,1010.9,31.7,24.9,27.4,87.0,97.0,73.0,W,4,W,26,10.9,,7.0
5/10/2025,1010.4,32.2,27.0,29.6,79.0,86.0,75.0,W,5,WSW,18,0.3,,3.0
5/11/2025,1010.1,31.1,25.6,28.4,85.0,95.0,75.0,W,8,W,28,14.8,,7.0
5/12/2025,1009.5,31.8,23.7,28.2,85.0,95.0,74.0,W,10,WSW,34,48.1,,7.0
5/13/2025,1009.6,29.9,25.0,27.6,89.0,100.0,79.0,W,10,W,32,20.7,,7.0
5/14/2025,1010.0,32.2,28.3,29.6,83.0,89.0,76.0,W,8,W,21,0.2,,7.0
5/15/2025,1010.0,32.4,28.8,30.1,80.0,87.0,73.0,WSW,7,W,15,0.0,,6.0
5/16/2025,1009.3,32.4,28.4,29.9,78.0,86.0,70.0,WSW,6,WSW,14,0.0,,6.0
5/17/2025,1009.2,32.3,28.5,30.1,78.0,85.0,73.0,WSW,7,WSW,15,0.5,,6.0
5/18/2025,1008.3,32.2,27.1,30.1,79.0,88.0,72.0,SW,9,SSW,24,2.0,,5.0
5/19/2025,1007.7,32.3,27.1,29.6,81.0,87.0,73.0,SW,10,WSW,25,0.05,,7.0
5/20/2025,1007.8,32.2,27.2,29.7,82.0,92.0,71.0,SW,10,SW,30,0.4,,6.0
5/21/2025,1008.7,32.1,28.8,30.1,79.0,88.0,73.0,WSW,6,SW,17,0.0,,5.0
5/22/2025,1009.0,32.7,28.2,30.0,78.0,83.0,71.0,WSW,5,WSW,12,0.0,,4.0
5/23/2025,1007.8,32.2,28.5,30.0,78.0,83.0,70.0,WSW,5,WSW,12,0.0,,4.0
5/24/2025,1008.5,31.0,25.8,29.0,85.0,94.0,79.0,S,5,SW,21,23.3,,6.0
5/25/2025,1009.8,32.2,27.8,29.7,81.0,86.0,77.0,S,5,S,15,0.0,,7.0
5/26/2025,1010.3,32.2,27.6,29.6,79.0,87.0,72.0,SSW,4,S,11,0.0,,7.0
5/27/2025,1009.9,32.3,28.2,29.5,81.0,87.0,77.0,SSW,4,SSW,11,0.0,,7.0
5/28/2025,1009.8,32.8,25.3,29.7,80.0,92.0,70.0,SW,7,WSW,30,6.2,,7.0
5/29/2025,1009.9,31.1,25.3,28.5,82.0,92.0,76.0,SSW,12,SW,35,3.9,,7.0
5/30/2025,1010.2,32.5,25.2,29.7,78.0,92.0,72.0,SSW,7,W,28,7.1,,7.0
5/31/2025,1011.4,30.3,26.1,27.9,84.0,92.0,77.0,W,5,SW,25,9.9,,7.0
6/1/2025,1011.7,32.5,24.9,28.5,86.0,95.0,74.0,VRB,3,SW,20,12.6,,7.0
6/2/2025,1011.1,31.0,24.2,28.2,86.0,95.0,78.0,SW,6,SSW,26,11.0,,7.0
6/3/2025,1011.1,31.7,24.4,27.7,85.0,98.0,76.0,SSW,4,WSW,34,2.8,,6.0
6/4/2025,1011.1,32.6,28.7,29.5,82.0,96.0,75.0,W,3,W,13,0.0,,5.0
6/5/2025,1011.7,33.8,28.4,30.1,79.0,84.0,67.0,W,5,WSW,12,0.0,,5.0
6/6/2025,1012.2,33.3,28.2,29.9,79.0,85.0,69.0,W,4,WSW,11,0.05,,6.0
6/7/2025,1011.9,33.5,28.6,30.0,78.0,84.0,71.0,W,5,WNW,14,0.0,,7.0
6/8/2025,1011.7,33.2,27.9,29.9,80.0,88.0,73.0,W,6,WNW,14,0.0,,6.0
6/9/2025,1010.3,33.2,27.3,29.8,80.0,86.0,72.0,W,5,W,13,0.05,,7.0
6/10/2025,1009.4,32.6,28.5,29.9,79.0,83.0,73.0,WSW,7,WSW,16,0.05,,7.0
6/11/2025,1008.6,32.3,26.9,29.7,80.0,91.0,73.0,WSW,8,WSW,28,2.4,,7.0
6/12/2025,1008.5,31.9,26.6,29.1,83.0,88.0,76.0,WSW,8,WSW,25,4.9,,7.0
6/13/2025,1009.5,32.2,25.4,29.1,80.0,94.0,69.0,SW,8,SW,30,7.3,,7.0
6/14/2025,1010.1,32.2,26.8,29.2,80.0,87.0,73.0,SSW,6,S,17,0.3,,7.0
6/15/2025,1009.9,32.2,28.8,29.8,75.0,85.0,69.0,WSW,7,S,14,0.0,,7.0
6/16/2025,1010.0,32.2,26.0,29.4,76.0,88.0,69.0,WSW,5,WSW,13,0.0,,7.0
6/17/2025,1010.6,32.0,25.9,28.5,82.0,93.0,71.0,S,3,S,11,0.0,,7.0
6/18/2025,1010.8,32.0,25.1,28.5,83.0,95.0,71.0,VRB,1,ESE,6,0.0,,7.0
6/19/2025,1011.3,32.7,25.0,28.8,81.0,96.0,69.0,VRB,2,S,9,0.0,,7.0
6/20/2025,1011.6,32.0,27.7,29.2,78.0,94.0,70.0,VRB,2,S,7,0.0,,2.0
6/21/2025,1011.5,32.0,25.7,29.0,79.0,90.0,71.0,VRB,2,SSE,8,0.0,,3.0
6/22/2025,1011.2,32.1,25.6,29.3,80.0,93.0,73.0,SSE,4,S,12,0.0,,5.0
6/23/2025,1010.4,32.1,27.6,29.6,80.0,93.0,71.0,S,4,S,13,0.1,,6.0
6/24/2025,1009.9,32.1,27.6,29.7,79.0,85.0,73.0,S,6,S,14,0.05,,7.0
6/25/2025,1009.6,32.3,25.1,29.5,79.0,84.0,73.0,S,7,S,14,14.6,,7.0
6/26/2025,1010.0,32.2,25.1,27.9,86.0,97.0,73.0,VRB,3,SW,27,0.4,,6.0
6/27/2025,1010.4,31.8,28.0,29.3,79.0,94.0,68.0,SSE,3,SSE,10,0.0,,3.0
6/28/2025,1010.1,32.1,26.4,28.9,83.0,95.0,75.0,SE,3,SE,10,0.0,,5.0
6/29/2025,1009.7,31.1,26.8,28.6,86.0,94.0,78.0,VRB,1,SSE,6,0.05,,7.0
6/30/2025,1009.8,33.1,25.0,29.1,81.0,95.0,71.0,VRB,2,WSW,11,0.0,,7.0
7/1/2025,1010.2,32.3,24.9,28.3,83.0,98.0,70.0,VRB,1,E,6,0.0,,7.0
7/2/2025,1010.2,32.2,25.4,28.6,79.0,98.0,68.0,VRB,2,S,9,0.0,,5.0
7/3/2025,1010.7,32.1,25.0,28.5,79.0,91.0,66.0,VRB,2,ESE,8,0.0,,3.0
7/4/2025,1011.3,32.2,26.4,29.3,76.0,91.0,67.0,VRB,2,E,7,0.0,,3.0
7/5/2025,1011.2,32.2,26.5,29.3,76.0,87.0,67.0,VRB,2,S,8,0.0,,4.0
7/6/2025,1010.8,32.2,25.6,29.1,78.0,91.0,67.0,VRB,2,SSE,10,0.0,,3.0
7/7/2025,1010.6,32.4,25.5,28.8,80.0,92.0,68.0,VRB,2,S,12,0.0,,3.0
7/8/2025,1011.1,32.1,26.4,28.9,80.0,94.0,67.0,VRB,3,S,13,1.1,,7.0
7/9/2025,1010.8,30.5,23.7,27.7,85.0,95.0,75.0,W,4,NNW,22,22.0,,7.0
7/10/2025,1010.8,30.3,23.7,26.3,88.0,99.0,78.0,WSW,6,WSW,36,79.5,,7.0
7/11/2025,1010.6,29.2,27.0,28.4,78.0,87.0,71.0,WNW,10,W,30,0.4,,7.0
7/12/2025,1011.3,33.3,27.3,29.8,78.0,85.0,70.0,W,6,W,25,1.6,,7.0
7/13/2025,1011.5,32.6,27.3,29.9,80.0,86.0,73.0,WSW,5,WSW,17,0.9,,7.0
7/14/2025,1011.1,32.9,28.4,29.9,79.0,90.0,71.0,SW,5,SW,12,0.0,,7.0
7/15/2025,1010.0,33.3,28.4,30.1,78.0,83.0,70.0,W,3,W,10,0.0,,7.0
7/16/2025,1009.6,33.6,27.4,30.3,79.0,85.0,71.0,W,4,SW,14,0.05,,7.0
7/17/2025,1009.9,32.8,24.1,29.3,82.0,91.0,72.0,VRB,3,WSW,12,17.7,,7.0
7/18/2025,1009.4,30.9,26.2,29.0,80.0,93.0,67.0,W,11,W,43,0.2,,7.0
7/19/2025,1008.6,31.5,27.9,29.7,80.0,84.0,75.0,WSW,9,WSW,22,0.05,,7.0
7/20/2025,1008.2,31.9,27.4,29.2,80.0,86.0,73.0,SW,6,SW,19,1.0,,7.0
7/21/2025,1009.3,30.9,27.6,28.8,82.0,89.0,74.0,S,3,S,18,0.05,,7.0
7/22/2025,1009.9,32.0,26.2,28.6,83.0,95.0,74.0,VRB,2,SSE,10,0.0,,7.0
7/23/2025,1009.6,31.8,27.8,29.0,81.0,95.0,72.0,VRB,3,S,9,0.0,,7.0
7/24/2025,1008.7,31.9,28.2,29.2,78.0,84.0,72.0,SSE,4,SE,10,0.0,,7.0
7/25/2025,1009.2,31.8,27.8,29.7,77.0,82.0,71.0,ESE,4,SSE,10,0.05,,7.0
7/26/2025,1010.2,31.8,26.1,28.4,82.0,89.0,77.0,NE,4,E,16,4.3,,7.0
7/27/2025,1009.8,32.1,27.6,29.3,81.0,88.0,73.0,NE,5,NE,12,0.05,,7.0
7/28/2025,1010.3,32.0,25.7,28.1,85.0,94.0,73.0,NNE,5,NW,18,10.9,,7.0
7/29/2025,1010.5,31.9,25.6,28.7,84.0,92.0,76.0,WSW,8,WSW,25,4.7,,7.0
7/30/2025,1010.9,31.6,25.9,28.2,85.0,92.0,76.0,W,6,W,26,2.2,,7.0
7/31/2025,1009.6,31.9,24.7,29.1,84.0,98.0,77.0,WNW,9,WNW,19,8.5,,7.0
